term_id,term_text,term_lemma,length_tokens,freq_total,freq_docs,created_at,updated_at
1,Slurm,slurm,1,43,2,2025-11-10T06:41:37Z,2025-11-10T06:41:37Z
2,accounting information,accounting information,2,4,1,2025-11-10T06:41:37Z,2025-11-10T06:41:37Z
3,job,job,1,248,4,2025-11-10T06:41:37Z,2025-11-10T06:41:37Z
4,job step,job step,2,6,2,2025-11-10T06:41:37Z,2025-11-10T06:41:37Z
5,Accounting records,accounting record,2,7,1,2025-11-10T06:41:37Z,2025-11-10T06:41:37Z
6,simple text file,simple text file,3,1,1,2025-11-10T06:41:37Z,2025-11-10T06:41:37Z
7,database,database,1,41,1,2025-11-10T06:41:37Z,2025-11-10T06:41:37Z
8,Information,information,1,37,3,2025-11-10T06:41:37Z,2025-11-10T06:41:37Z
9,sacct command,sacct command,2,1,1,2025-11-10T06:41:37Z,2025-11-10T06:41:37Z
10,resource usage,resource usage,2,3,2,2025-11-10T06:41:37Z,2025-11-10T06:41:37Z
11,individual tasks,individual task,2,1,1,2025-11-10T06:41:37Z,2025-11-10T06:41:37Z
12,load imbalance,load imbalance,2,1,1,2025-11-10T06:41:37Z,2025-11-10T06:41:37Z
13,tasks,task,1,109,4,2025-11-10T06:41:37Z,2025-11-10T06:41:37Z
14,sstat command,sstat command,2,1,1,2025-11-10T06:41:37Z,2025-11-10T06:41:37Z
15,status,status,1,14,2,2025-11-10T06:41:37Z,2025-11-10T06:41:37Z
16,valuable information,valuable information,2,1,1,2025-11-10T06:41:37Z,2025-11-10T06:41:37Z
17,imbalance,imbalance,1,1,1,2025-11-10T06:41:37Z,2025-11-10T06:41:37Z
18,sreport,sreport,1,6,1,2025-11-10T06:41:37Z,2025-11-10T06:41:37Z
19,reports,report,1,2,1,2025-11-10T06:41:37Z,2025-11-10T06:41:37Z
20,particular time interval,particular time interval,3,1,1,2025-11-10T06:41:37Z,2025-11-10T06:41:37Z
21,distinct plugin types,distinct plugin type,3,1,1,2025-11-10T06:41:37Z,2025-11-10T06:41:37Z
22,resource accounting,resource accounting,2,1,1,2025-11-10T06:41:37Z,2025-11-10T06:41:37Z
23,Slurm configuration parameters,slurm configuration parameter,3,1,1,2025-11-10T06:41:37Z,2025-11-10T06:41:37Z
24,slurm.conf,slurm.conf,1,7,2,2025-11-10T06:41:37Z,2025-11-10T06:41:37Z
25,plugins,plugin,1,4,1,2025-11-10T06:41:37Z,2025-11-10T06:41:37Z
26,AccountingStorageType,accountingstoragetype,1,3,1,2025-11-10T06:41:37Z,2025-11-10T06:41:37Z
27,detailed job,detailed job,2,1,1,2025-11-10T06:41:37Z,2025-11-10T06:41:37Z
28,job step information,job step information,3,1,1,2025-11-10T06:41:37Z,2025-11-10T06:41:37Z
29,text file,text file,2,4,1,2025-11-10T06:41:37Z,2025-11-10T06:41:37Z
30,SlurmDBD,slurmdbd,1,46,1,2025-11-10T06:41:37Z,2025-11-10T06:41:37Z
31,JobAcctGatherType,jobacctgathertype,1,2,1,2025-11-10T06:41:37Z,2025-11-10T06:41:37Z
32,mechanism,mechanism,1,1,1,2025-11-10T06:41:37Z,2025-11-10T06:41:37Z
33,Supported values,supported value,2,1,1,2025-11-10T06:41:37Z,2025-11-10T06:41:37Z
34,jobacct_gather,jobacct_gather,1,3,1,2025-11-10T06:41:37Z,2025-11-10T06:41:37Z
35,linux,linux,1,16,3,2025-11-10T06:41:37Z,2025-11-10T06:41:37Z
36,cgroup,cgroup,1,2,2,2025-11-10T06:41:37Z,2025-11-10T06:41:37Z
37,none,none,1,7,2,2025-11-10T06:41:37Z,2025-11-10T06:41:37Z
38,JobCompType,jobcomptype,1,3,1,2025-11-10T06:41:37Z,2025-11-10T06:41:37Z
39,job completion information,job completion information,3,1,1,2025-11-10T06:41:37Z,2025-11-10T06:41:37Z
40,job name,job name,2,1,1,2025-11-10T06:41:37Z,2025-11-10T06:41:37Z
41,user name,user name,2,11,2,2025-11-10T06:41:37Z,2025-11-10T06:41:37Z
42,nodes,node,1,87,2,2025-11-10T06:41:37Z,2025-11-10T06:41:37Z
43,time,time,1,13,2,2025-11-10T06:41:37Z,2025-11-10T06:41:37Z
44,completion time,completion time,2,1,1,2025-11-10T06:41:37Z,2025-11-10T06:41:37Z
45,exit status,exit status,2,1,1,2025-11-10T06:41:37Z,2025-11-10T06:41:37Z
46,preservation,preservation,1,1,1,2025-11-10T06:41:37Z,2025-11-10T06:41:37Z
47,only basic job information,only basic job information,4,1,1,2025-11-10T06:41:37Z,2025-11-10T06:41:37Z
48,needs,need,1,2,2,2025-11-10T06:41:37Z,2025-11-10T06:41:37Z
49,minimal overhead,minimal overhead,2,1,1,2025-11-10T06:41:37Z,2025-11-10T06:41:37Z
50,MariaDB database,mariadb database,2,3,1,2025-11-10T06:41:37Z,2025-11-10T06:41:37Z
51,use,use,1,17,3,2025-11-10T06:41:37Z,2025-11-10T06:41:37Z
52,sacct,sacct,1,6,1,2025-11-10T06:41:37Z,2025-11-10T06:41:37Z
53,appropriate plugin,appropriate plugin,2,1,1,2025-11-10T06:41:37Z,2025-11-10T06:41:37Z
54,jobcomp,jobcomp,1,3,1,2025-11-10T06:41:37Z,2025-11-10T06:41:37Z
55,filetxt,filetxt,1,2,1,2025-11-10T06:41:37Z,2025-11-10T06:41:37Z
56,pathname,pathname,1,4,1,2025-11-10T06:41:37Z,2025-11-10T06:41:37Z
57,file,file,1,15,3,2025-11-10T06:41:37Z,2025-11-10T06:41:37Z
58,JobCompLoc=/var,jobcomploc=/var,1,1,1,2025-11-10T06:41:37Z,2025-11-10T06:41:37Z
59,log,log,1,7,2,2025-11-10T06:41:37Z,2025-11-10T06:41:37Z
60,job_completions,job_completions,1,1,1,2025-11-10T06:41:37Z,2025-11-10T06:41:37Z
61,similar tool,similar tool,2,1,1,2025-11-10T06:41:37Z,2025-11-10T06:41:37Z
62,log files,log file,2,1,1,2025-11-10T06:41:37Z,2025-11-10T06:41:37Z
63,SIGUSR2 signal,sigusr2 signal,2,1,1,2025-11-10T06:41:37Z,2025-11-10T06:41:37Z
64,slurmctld daemon,slurmctld daemon,2,1,1,2025-11-10T06:41:37Z,2025-11-10T06:41:37Z
65,new log files,new log file,3,1,1,2025-11-10T06:41:37Z,2025-11-10T06:41:37Z
66,data,datum,1,18,1,2025-11-10T06:41:37Z,2025-11-10T06:41:37Z
67,availability,availability,1,4,2,2025-11-10T06:41:37Z,2025-11-10T06:41:37Z
68,password data,password datum,2,1,1,2025-11-10T06:41:37Z,2025-11-10T06:41:37Z
69,Slurm control daemon,slurm control daemon,3,1,1,2025-11-10T06:41:37Z,2025-11-10T06:41:37Z
70,user commands,user command,2,1,1,2025-11-10T06:41:37Z,2025-11-10T06:41:37Z
71,sacctmgr,sacctmgr,1,9,1,2025-11-10T06:41:37Z,2025-11-10T06:41:37Z
72,users,user,1,82,3,2025-11-10T06:41:37Z,2025-11-10T06:41:37Z
73,database security,database security,2,1,1,2025-11-10T06:41:37Z,2025-11-10T06:41:37Z
74,intermediate daemon,intermediate daemon,2,1,1,2025-11-10T06:41:37Z,2025-11-10T06:41:37Z
75,better security,well security,2,2,1,2025-11-10T06:41:37Z,2025-11-10T06:41:37Z
76,performance,performance,1,4,2,2025-11-10T06:41:37Z,2025-11-10T06:41:37Z
77,Slurm Database Daemon,slurm database daemon,3,5,1,2025-11-10T06:41:37Z,2025-11-10T06:41:37Z
78,such services,such service,2,1,1,2025-11-10T06:41:37Z,2025-11-10T06:41:37Z
79,configuration,configuration,1,3,3,2025-11-10T06:41:37Z,2025-11-10T06:41:37Z
80,Slurm plugins,slurm plugin,2,2,1,2025-11-10T06:41:37Z,2025-11-10T06:41:37Z
81,authentication,authentication,1,8,2,2025-11-10T06:41:37Z,2025-11-10T06:41:37Z
82,Slurm SQL,slurm sql,2,1,1,2025-11-10T06:41:37Z,2025-11-10T06:41:37Z
83,database use,database use,2,1,1,2025-11-10T06:41:37Z,2025-11-10T06:41:37Z
84,other Slurm commands,other slurm command,3,1,1,2025-11-10T06:41:37Z,2025-11-10T06:41:37Z
85,daemons,daemon,1,16,2,2025-11-10T06:41:37Z,2025-11-10T06:41:37Z
86,host,host,1,164,2,2025-11-10T06:41:37Z,2025-11-10T06:41:37Z
87,slurmdbd RPMs,slurmdbd rpms,2,1,1,2025-11-10T06:41:37Z,2025-11-10T06:41:37Z
88,server,server,1,1,1,2025-11-10T06:41:37Z,2025-11-10T06:41:37Z
89,MySQL plugin,mysql plugin,2,3,1,2025-11-10T06:41:37Z,2025-11-10T06:41:37Z
90,SlurmDBD plugin,slurmdbd plugin,2,1,1,2025-11-10T06:41:37Z,2025-11-10T06:41:37Z
91,cluster,cluster,1,113,4,2025-11-10T06:41:37Z,2025-11-10T06:41:37Z
92,things,thing,1,1,1,2025-11-10T06:41:37Z,2025-11-10T06:41:37Z
93,sacctmgr list cluster,sacctmgr list cluster,3,1,1,2025-11-10T06:41:37Z,2025-11-10T06:41:37Z
94,name,name,1,37,3,2025-11-10T06:41:37Z,2025-11-10T06:41:37Z
95,snowflake,snowflake,1,3,1,2025-11-10T06:41:37Z,2025-11-10T06:41:37Z
96,cluster snowflake,cluster snowflake,2,3,1,2025-11-10T06:41:37Z,2025-11-10T06:41:37Z
97,Failure,failure,1,1,1,2025-11-10T06:41:37Z,2025-11-10T06:41:37Z
98,switch,switch,1,1,1,2025-11-10T06:41:37Z,2025-11-10T06:41:37Z
99,new version,new version,2,1,1,2025-11-10T06:41:37Z,2025-11-10T06:41:37Z
100,same time,same time,2,1,1,2025-11-10T06:41:37Z,2025-11-10T06:41:37Z
101,unexpected results,unexpected result,2,1,1,2025-11-10T06:41:37Z,2025-11-10T06:41:37Z
102,Infrastructure,infrastructure,1,1,1,2025-11-10T06:41:37Z,2025-11-10T06:41:37Z
103,multiple clusters,multiple cluster,2,1,1,2025-11-10T06:41:37Z,2025-11-10T06:41:37Z
104,single location,single location,2,1,1,2025-11-10T06:41:37Z,2025-11-10T06:41:37Z
105,constraints,constraint,1,1,1,2025-11-10T06:41:37Z,2025-11-10T06:41:37Z
106,user naming,user naming,2,1,1,2025-11-10T06:41:37Z,2025-11-10T06:41:37Z
107,Accounting,accounting,1,4,1,2025-11-10T06:41:37Z,2025-11-10T06:41:37Z
108,user ID,user id,2,2,2,2025-11-10T06:41:37Z,2025-11-10T06:41:37Z
109,same person,same person,2,1,1,2025-11-10T06:41:37Z,2025-11-10T06:41:37Z
110,computers,computer,1,6,2,2025-11-10T06:41:37Z,2025-11-10T06:41:37Z
111,user ID numbers,user id number,3,1,1,2025-11-10T06:41:37Z,2025-11-10T06:41:37Z
112,SlurmUser,slurmuser,1,2,1,2025-11-10T06:41:37Z,2025-11-10T06:41:37Z
113,same name,same name,2,3,2,2025-11-10T06:41:37Z,2025-11-10T06:41:37Z
114,administrators,administrator,1,5,2,2025-11-10T06:41:37Z,2025-11-10T06:41:37Z
115,user accounts,user account,2,5,2,2025-11-10T06:41:37Z,2025-11-10T06:41:37Z
116,limits,limit,1,17,3,2025-11-10T06:41:37Z,2025-11-10T06:41:37Z
117,consistent names,consistent name,2,2,1,2025-11-10T06:41:37Z,2025-11-10T06:41:37Z
118,access,access,1,11,3,2025-11-10T06:41:37Z,2025-11-10T06:41:37Z
119,records,record,1,4,1,2025-11-10T06:41:37Z,2025-11-10T06:41:37Z
120,default,default,1,28,2,2025-11-10T06:41:37Z,2025-11-10T06:41:37Z
121,lowercase usernames,lowercase username,2,1,1,2025-11-10T06:41:37Z,2025-11-10T06:41:37Z
122,Parameters = PreserveCaseUser,parameter = preservecaseuser,3,1,1,2025-11-10T06:41:37Z,2025-11-10T06:41:37Z
123,slurmdbd.conf,slurmdbd.conf,1,5,1,2025-11-10T06:41:37Z,2025-11-10T06:41:37Z
124,usernames,username,1,3,2,2025-11-10T06:41:37Z,2025-11-10T06:41:37Z
125,uppercase characters,uppercase character,2,1,1,2025-11-10T06:41:37Z,2025-11-10T06:41:37Z
126,best way,good way,2,1,1,2025-11-10T06:41:37Z,2025-11-10T06:41:37Z
127,security,security,1,1,1,2025-11-10T06:41:37Z,2025-11-10T06:41:37Z
128,data,data,1,2,2,2025-11-10T06:41:37Z,2025-11-10T06:41:37Z
129,communications,communication,1,6,1,2025-11-10T06:41:37Z,2025-11-10T06:41:37Z
130,MUNGE,munge,1,8,1,2025-11-10T06:41:37Z,2025-11-10T06:41:37Z
131,purpose,purpose,1,1,1,2025-11-10T06:41:37Z,2025-11-10T06:41:37Z
132,normal MUNGE configuration,normal munge configuration,3,1,1,2025-11-10T06:41:37Z,2025-11-10T06:41:37Z
133,machine,machine,1,6,3,2025-11-10T06:41:37Z,2025-11-10T06:41:37Z
134,choice,choice,1,2,2,2025-11-10T06:41:37Z,2025-11-10T06:41:37Z
135,single MUNGE key,single munge key,3,1,1,2025-11-10T06:41:37Z,2025-11-10T06:41:37Z
136,unique key,unique key,2,1,1,2025-11-10T06:41:37Z,2025-11-10T06:41:37Z
137,second key,second key,2,1,1,2025-11-10T06:41:37Z,2025-11-10T06:41:37Z
138,MUNGE enhancements,munge enhancement,2,1,1,2025-11-10T06:41:37Z,2025-11-10T06:41:37Z
139,keys,key,1,1,1,2025-11-10T06:41:37Z,2025-11-10T06:41:37Z
140,single configuration file,single configuration file,3,1,1,2025-11-10T06:41:37Z,2025-11-10T06:41:37Z
141,different daemons,different daemon,2,1,1,2025-11-10T06:41:37Z,2025-11-10T06:41:37Z
142,different configurations,different configuration,2,1,1,2025-11-10T06:41:37Z,2025-11-10T06:41:37Z
143,different keys,different key,2,1,1,2025-11-10T06:41:37Z,2025-11-10T06:41:37Z
144,key files,key file,2,1,1,2025-11-10T06:41:37Z,2025-11-10T06:41:37Z
145,file option,file option,2,1,1,2025-11-10T06:41:37Z,2025-11-10T06:41:37Z
146,proper key,proper key,2,1,1,2025-11-10T06:41:37Z,2025-11-10T06:41:37Z
147,--socket option,--socket option,2,1,1,2025-11-10T06:41:37Z,2025-11-10T06:41:37Z
148,distinct local domain sockets,distinct local domain socket,4,1,1,2025-11-10T06:41:37Z,2025-11-10T06:41:37Z
149,local domain socket,local domain socket,3,1,1,2025-11-10T06:41:37Z,2025-11-10T06:41:37Z
150,SlurmDBD configuration files,slurmdbd configuration file,3,1,1,2025-11-10T06:41:37Z,2025-11-10T06:41:37Z
151,more details,more detail,2,2,1,2025-11-10T06:41:37Z,2025-11-10T06:41:37Z
152,authentication module,authentication module,2,1,1,2025-11-10T06:41:37Z,2025-11-10T06:41:37Z
153,way,way,1,6,2,2025-11-10T06:41:37Z,2025-11-10T06:41:37Z
154,UIDs,uid,1,1,1,2025-11-10T06:41:37Z,2025-11-10T06:41:37Z
155,same i d,same i d,3,1,1,2025-11-10T06:41:37Z,2025-11-10T06:41:37Z
156,case,case,1,19,3,2025-11-10T06:41:37Z,2025-11-10T06:41:37Z
157,combination,combination,1,5,3,2025-11-10T06:41:37Z,2025-11-10T06:41:37Z
158,passwd file,passwd file,2,3,1,2025-11-10T06:41:37Z,2025-11-10T06:41:37Z
159,database server,database server,2,1,1,2025-11-10T06:41:37Z,2025-11-10T06:41:37Z
160,DBD,dbd,1,1,1,2025-11-10T06:41:37Z,2025-11-10T06:41:37Z
161,action,action,1,1,1,2025-11-10T06:41:37Z,2025-11-10T06:41:37Z
162,operator,operator,1,3,1,2025-11-10T06:41:37Z,2025-11-10T06:41:37Z
163,accounting tools,accounting tool,2,1,1,2025-11-10T06:41:37Z,2025-11-10T06:41:37Z
164,same UID,same uid,2,3,1,2025-11-10T06:41:37Z,2025-11-10T06:41:37Z
165,LDAP server,ldap server,2,1,1,2025-11-10T06:41:37Z,2025-11-10T06:41:37Z
166,Storage Backup Host,storage backup host,3,1,1,2025-11-10T06:41:37Z,2025-11-10T06:41:37Z
167,backup instance,backup instance,2,1,1,2025-11-10T06:41:37Z,2025-11-10T06:41:37Z
168,AccountingStorageBackupHost,accountingstoragebackuphost,1,1,1,2025-11-10T06:41:37Z,2025-11-10T06:41:37Z
169,DbdBackupHost,dbdbackuphost,1,1,1,2025-11-10T06:41:37Z,2025-11-10T06:41:37Z
170,backup host,backup host,2,1,1,2025-11-10T06:41:37Z,2025-11-10T06:41:37Z
171,different machine,different machine,2,1,1,2025-11-10T06:41:37Z,2025-11-10T06:41:37Z
172,one,one,1,1,1,2025-11-10T06:41:37Z,2025-11-10T06:41:37Z
173,primary instance,primary instance,2,1,1,2025-11-10T06:41:37Z,2025-11-10T06:41:37Z
174,instances,instance,1,5,2,2025-11-10T06:41:37Z,2025-11-10T06:41:37Z
175,same database,same database,2,1,1,2025-11-10T06:41:37Z,2025-11-10T06:41:37Z
176,same munge key(s,same munge key(s,3,1,1,2025-11-10T06:41:37Z,2025-11-10T06:41:37Z
177,same users,same user,2,1,1,2025-11-10T06:41:37Z,2025-11-10T06:41:37Z
178,GIDs,gids,1,1,1,2025-11-10T06:41:37Z,2025-11-10T06:41:37Z
179,network page,network page,2,1,1,2025-11-10T06:41:37Z,2025-11-10T06:41:37Z
180,visual representation,visual representation,2,1,1,2025-11-10T06:41:37Z,2025-11-10T06:41:37Z
181,Slurm JobComp Configuration,slurm jobcomp configuration,3,1,1,2025-11-10T06:41:37Z,2025-11-10T06:41:37Z
182,job completion,job completion,2,2,2,2025-11-10T06:41:37Z,2025-11-10T06:41:37Z
183,script,script,1,7,2,2025-11-10T06:41:37Z,2025-11-10T06:41:37Z
184,flat file,flat file,2,3,1,2025-11-10T06:41:37Z,2025-11-10T06:41:37Z
185,accounting storage plugin,accounting storage plugin,3,1,1,2025-11-10T06:41:37Z,2025-11-10T06:41:37Z
186,job completion plugin,job completion plugin,3,2,1,2025-11-10T06:41:37Z,2025-11-10T06:41:37Z
187,important parameters,important parameter,2,2,1,2025-11-10T06:41:37Z,2025-11-10T06:41:37Z
188,address,address,1,3,2,2025-11-10T06:41:37Z,2025-11-10T06:41:37Z
189,database server executes,database server execute,3,1,1,2025-11-10T06:41:37Z,2025-11-10T06:41:37Z
190,Location,location,1,7,2,2025-11-10T06:41:37Z,2025-11-10T06:41:37Z
191,job completion data,job completion datum,3,1,1,2025-11-10T06:41:37Z,2025-11-10T06:41:37Z
192,Password,password,1,9,2,2025-11-10T06:41:37Z,2025-11-10T06:41:37Z
193,JobCompPort,jobcompport,1,1,1,2025-11-10T06:41:37Z,2025-11-10T06:41:37Z
194,network port,network port,2,2,1,2025-11-10T06:41:37Z,2025-11-10T06:41:37Z
195,Type,type,1,13,2,2025-11-10T06:41:37Z,2025-11-10T06:41:37Z
196,jobcomp plugin,jobcomp plugin,2,1,1,2025-11-10T06:41:37Z,2025-11-10T06:41:37Z
197,mysql,mysql,1,22,1,2025-11-10T06:41:37Z,2025-11-10T06:41:37Z
198,JobCompUser,jobcompuser,1,1,1,2025-11-10T06:41:37Z,2025-11-10T06:41:37Z
199,JobCompParams,jobcompparam,1,1,1,2025-11-10T06:41:37Z,2025-11-10T06:41:37Z
200,arbitrary text string,arbitrary text string,3,1,1,2025-11-10T06:41:37Z,2025-11-10T06:41:37Z
201,Slurm Accounting Configuration,slurm accounting configuration,3,2,1,2025-11-10T06:41:37Z,2025-11-10T06:41:37Z
202,Build,build,1,3,2,2025-11-10T06:41:37Z,2025-11-10T06:41:37Z
203,AccountingStorageType = accounting_storage,accountingstoragetype = accounting_storage,3,1,1,2025-11-10T06:41:37Z,2025-11-10T06:41:37Z
204,creation,creation,1,4,1,2025-11-10T06:41:37Z,2025-11-10T06:41:37Z
205,user entities,user entity,2,1,1,2025-11-10T06:41:37Z,2025-11-10T06:41:37Z
206,associations,association,1,18,1,2025-11-10T06:41:37Z,2025-11-10T06:41:37Z
207,account,account,1,21,2,2025-11-10T06:41:37Z,2025-11-10T06:41:37Z
208,partition,partition,1,6,2,2025-11-10T06:41:37Z,2025-11-10T06:41:37Z
209,preferred database,preferred database,2,1,1,2025-11-10T06:41:37Z,2025-11-10T06:41:37Z
210,Upgrade Guide,upgrade guide,2,1,1,2025-11-10T06:41:37Z,2025-11-10T06:41:37Z
211,place upgrades,place upgrade,2,1,1,2025-11-10T06:41:37Z,2025-11-10T06:41:37Z
212,DB server packages,db server package,3,1,1,2025-11-10T06:41:37Z,2025-11-10T06:41:37Z
213,development package,development package,2,1,1,2025-11-10T06:41:37Z,2025-11-10T06:41:37Z
214,system,system,1,8,2,2025-11-10T06:41:37Z,2025-11-10T06:41:37Z
215,InnoDB storage engine,innodb storage engine,3,1,1,2025-11-10T06:41:37Z,2025-11-10T06:41:37Z
216,MySQL installation,mysql installation,2,1,1,2025-11-10T06:41:37Z,2025-11-10T06:41:37Z
217,rollback,rollback,1,1,1,2025-11-10T06:41:37Z,2025-11-10T06:41:37Z
218,configure script,configure script,2,1,1,2025-11-10T06:41:37Z,2025-11-10T06:41:37Z
219,mysql_config,mysql_config,1,2,1,2025-11-10T06:41:37Z,2025-11-10T06:41:37Z
220,libraries,library,1,2,2,2025-11-10T06:41:37Z,2025-11-10T06:41:37Z
221,headers,header,1,1,1,2025-11-10T06:41:37Z,2025-11-10T06:41:37Z
222,mysql_config script,mysql_config script,2,1,1,2025-11-10T06:41:37Z,2025-11-10T06:41:37Z
223,mysql_conf=/path,mysql_conf=/path,1,1,1,2025-11-10T06:41:37Z,2025-11-10T06:41:37Z
224,mysql_config option,mysql_config option,2,1,1,2025-11-10T06:41:37Z,2025-11-10T06:41:37Z
225,successful configure,successful configure,2,1,1,2025-11-10T06:41:37Z,2025-11-10T06:41:37Z
226,output,output,1,10,3,2025-11-10T06:41:37Z,2025-11-10T06:41:37Z
227,bin / mysql_config,bin / mysql_config,3,1,1,2025-11-10T06:41:37Z,2025-11-10T06:41:37Z
228,MySQL test program,mysql test program,3,1,1,2025-11-10T06:41:37Z,2025-11-10T06:41:37Z
229,NOTE,note,1,7,4,2025-11-10T06:41:37Z,2025-11-10T06:41:37Z
230,first time,first time,2,1,1,2025-11-10T06:41:37Z,2025-11-10T06:41:37Z
231,several MySQL,several mysql,2,1,1,2025-11-10T06:41:37Z,2025-11-10T06:41:37Z
232,MariaDB server settings,mariadb server setting,3,1,1,2025-11-10T06:41:37Z,2025-11-10T06:41:37Z
233,percent,percent,1,3,1,2025-11-10T06:41:37Z,2025-11-10T06:41:37Z
234,available memory,available memory,2,1,1,2025-11-10T06:41:37Z,2025-11-10T06:41:37Z
235,SQL server,sql server,2,1,1,2025-11-10T06:41:37Z,2025-11-10T06:41:37Z
236,GiB.,gib.,1,1,1,2025-11-10T06:41:37Z,2025-11-10T06:41:37Z
237,value,value,1,27,3,2025-11-10T06:41:37Z,2025-11-10T06:41:37Z
238,problems,problem,1,17,2,2025-11-10T06:41:37Z,2025-11-10T06:41:37Z
239,large Slurm databases,large slurm database,3,1,1,2025-11-10T06:41:37Z,2025-11-10T06:41:37Z
240,old records,old record,2,1,1,2025-11-10T06:41:37Z,2025-11-10T06:41:37Z
241,innodb_buffer_pool_size,innodb_buffer_pool_size,1,2,1,2025-11-10T06:41:37Z,2025-11-10T06:41:37Z
242,innodb_log_files_in_group,innodb_log_files_in_group,1,1,1,2025-11-10T06:41:37Z,2025-11-10T06:41:37Z
243,unnecessary small writes,unnecessary small write,3,1,1,2025-11-10T06:41:37Z,2025-11-10T06:41:37Z
244,disk,disk,1,1,1,2025-11-10T06:41:37Z,2025-11-10T06:41:37Z
245,mind,mind,1,1,1,2025-11-10T06:41:37Z,2025-11-10T06:41:37Z
246,recovery times,recovery time,2,1,1,2025-11-10T06:41:37Z,2025-11-10T06:41:37Z
247,SQL server shuts,sql server shut,3,1,1,2025-11-10T06:41:37Z,2025-11-10T06:41:37Z
248,innodb_redo_log_capacity,innodb_redo_log_capacity,1,1,1,2025-11-10T06:41:37Z,2025-11-10T06:41:37Z
249,MySQL 8.0.30 +,mysql 8.0.30 +,3,1,1,2025-11-10T06:41:37Z,2025-11-10T06:41:37Z
250,innodb_lock_wait_timeout,innodb_lock_wait_timeout,1,1,1,2025-11-10T06:41:37Z,2025-11-10T06:41:37Z
251,seconds,second,1,4,2,2025-11-10T06:41:37Z,2025-11-10T06:41:37Z
252,queries,query,1,2,1,2025-11-10T06:41:37Z,2025-11-10T06:41:37Z
253,max_allowed_packet,max_allowed_packet,1,1,1,2025-11-10T06:41:37Z,2025-11-10T06:41:37Z
254,older SQL server versions,old sql server version,4,1,1,2025-11-10T06:41:37Z,2025-11-10T06:41:37Z
255,AccountingStoreFlags = job_env,accountingstoreflag = job_env,3,1,1,2025-11-10T06:41:37Z,2025-11-10T06:41:37Z
256,job_script,job_script,1,1,1,2025-11-10T06:41:37Z,2025-11-10T06:41:37Z
257,SHOW VARIABLES,show variables,2,2,1,2025-11-10T06:41:37Z,2025-11-10T06:41:37Z
258,| Value |,| value |,3,2,1,2025-11-10T06:41:37Z,2025-11-10T06:41:37Z
259,| innodb_buffer_pool_size |,| innodb_buffer_pool_size |,3,1,1,2025-11-10T06:41:37Z,2025-11-10T06:41:37Z
260,row,row,1,9,1,2025-11-10T06:41:37Z,2025-11-10T06:41:37Z
261,set,set,1,7,3,2025-11-10T06:41:37Z,2025-11-10T06:41:37Z
262,sec,sec,1,6,1,2025-11-10T06:41:37Z,2025-11-10T06:41:37Z
263,cat my.cnf,cat my.cnf,2,1,1,2025-11-10T06:41:37Z,2025-11-10T06:41:37Z
264,mysqld,mysqld,1,1,1,2025-11-10T06:41:37Z,2025-11-10T06:41:37Z
265,innodb_buffer_pool_size=4096 M,innodb_buffer_pool_size=4096 m,2,1,1,2025-11-10T06:41:37Z,2025-11-10T06:41:37Z
266,max_allowed_packet=16 M,max_allowed_packet=16 m,2,1,1,2025-11-10T06:41:37Z,2025-11-10T06:41:37Z
267,MySQL versions,mysql version,2,1,1,2025-11-10T06:41:37Z,2025-11-10T06:41:37Z
268,default row format,default row format,3,2,1,2025-11-10T06:41:37Z,2025-11-10T06:41:37Z
269,COMPACT,compact,1,1,1,2025-11-10T06:41:37Z,2025-11-10T06:41:37Z
270,issues,issue,1,2,1,2025-11-10T06:41:37Z,2025-11-10T06:41:37Z
271,upgrade,upgrade,1,2,1,2025-11-10T06:41:37Z,2025-11-10T06:41:37Z
272,recent versions,recent version,2,1,1,2025-11-10T06:41:37Z,2025-11-10T06:41:37Z
273,DYNAMIC,dynamic,1,4,1,2025-11-10T06:41:37Z,2025-11-10T06:41:37Z
274,row format,row format,2,3,1,2025-11-10T06:41:37Z,2025-11-10T06:41:37Z
275,pages,page,1,3,2,2025-11-10T06:41:37Z,2025-11-10T06:41:37Z
276,DML operations,dml operation,2,1,1,2025-11-10T06:41:37Z,2025-11-10T06:41:37Z
277,specific situations,specific situation,2,1,1,2025-11-10T06:41:37Z,2025-11-10T06:41:37Z
278,error,error,1,62,2,2025-11-10T06:41:37Z,2025-11-10T06:41:37Z
279,database tables,database table,2,3,1,2025-11-10T06:41:37Z,2025-11-10T06:41:37Z
280,database version,database version,2,1,1,2025-11-10T06:41:37Z,2025-11-10T06:41:37Z
281,InnoDB error,innodb error,2,1,1,2025-11-10T06:41:37Z,2025-11-10T06:41:37Z
282,order,order,1,6,2,2025-11-10T06:41:37Z,2025-11-10T06:41:37Z
283,conversion,conversion,1,1,1,2025-11-10T06:41:37Z,2025-11-10T06:41:37Z
284,Warning,warning,1,1,1,2025-11-10T06:41:37Z,2025-11-10T06:41:37Z
285,InnoDB,innodb,1,1,1,2025-11-10T06:41:37Z,2025-11-10T06:41:37Z
286,field,field,1,3,1,2025-11-10T06:41:37Z,2025-11-10T06:41:37Z
287,row size,row size,2,1,1,2025-11-10T06:41:37Z,2025-11-10T06:41:37Z
288,size,size,1,1,1,2025-11-10T06:41:37Z,2025-11-10T06:41:37Z
289,index leaf page,index leaf page,3,1,1,2025-11-10T06:41:37Z,2025-11-10T06:41:37Z
290,innodb_default_row_format variable,innodb_default_row_format variable,2,1,1,2025-11-10T06:41:37Z,2025-11-10T06:41:37Z
291,innodb_default_row_format,innodb_default_row_format,1,1,1,2025-11-10T06:41:37Z,2025-11-10T06:41:37Z
292,| innodb_default_row_format | dynamic |,| innodb_default_row_format | dynamic |,5,1,1,2025-11-10T06:41:37Z,2025-11-10T06:41:37Z
293,command,command,1,60,3,2025-11-10T06:41:37Z,2025-11-10T06:41:37Z
294,db_name,db_name,1,4,1,2025-11-10T06:41:37Z,2025-11-10T06:41:37Z
295,Slurm database,slurm database,2,2,1,2025-11-10T06:41:37Z,2025-11-10T06:41:37Z
296,StorageLoc,storageloc,1,3,1,2025-11-10T06:41:37Z,2025-11-10T06:41:37Z
297,SHOW TABLE STATUS,show table status,3,1,1,2025-11-10T06:41:37Z,2025-11-10T06:41:37Z
298,default collation,default collation,2,2,1,2025-11-10T06:41:37Z,2025-11-10T06:41:37Z
299,table columns,table column,2,1,1,2025-11-10T06:41:37Z,2025-11-10T06:41:37Z
300,insensitive one,insensitive one,2,1,1,2025-11-10T06:41:37Z,2025-11-10T06:41:37Z
301,MySQL databases,mysql database,2,1,1,2025-11-10T06:41:37Z,2025-11-10T06:41:37Z
302,collation,collation,1,1,1,2025-11-10T06:41:37Z,2025-11-10T06:41:37Z
303,sensitive one,sensitive one,2,1,1,2025-11-10T06:41:37Z,2025-11-10T06:41:37Z
304,error message,error message,2,12,2,2025-11-10T06:41:37Z,2025-11-10T06:41:37Z
305,_ ci suffix,_ ci suffix,3,1,1,2025-11-10T06:41:37Z,2025-11-10T06:41:37Z
306,insensitive collation,insensitive collation,2,2,1,2025-11-10T06:41:37Z,2025-11-10T06:41:37Z
307,SELECT default_collation_name,select default_collation_name,2,1,1,2025-11-10T06:41:37Z,2025-11-10T06:41:37Z
308,schema_name='db_name,schema_name='db_name,1,1,1,2025-11-10T06:41:37Z,2025-11-10T06:41:37Z
309,columns,column,1,2,2,2025-11-10T06:41:37Z,2025-11-10T06:41:37Z
310,SELECT table_name,select table_name,2,1,1,2025-11-10T06:41:37Z,2025-11-10T06:41:37Z
311,column_name,column_name,1,1,1,2025-11-10T06:41:37Z,2025-11-10T06:41:37Z
312,collation_name,collation_name,1,2,1,2025-11-10T06:41:37Z,2025-11-10T06:41:37Z
313,table_schema='db_name,table_schema='db_name,1,1,1,2025-11-10T06:41:37Z,2025-11-10T06:41:37Z
314,' % _ ci,' % _ ci,4,1,1,2025-11-10T06:41:37Z,2025-11-10T06:41:37Z
315,simplicity,simplicity,1,1,1,2025-11-10T06:41:37Z,2025-11-10T06:41:37Z
316,sake,sake,1,1,1,2025-11-10T06:41:37Z,2025-11-10T06:41:37Z
317,assumption,assumption,1,2,2,2025-11-10T06:41:37Z,2025-11-10T06:41:37Z
318,storage plugin,storage plugin,2,1,1,2025-11-10T06:41:37Z,2025-11-10T06:41:37Z
319,minimal security,minimal security,2,1,1,2025-11-10T06:41:37Z,2025-11-10T06:41:37Z
320,Several Slurm configuration parameters,several slurm configuration parameter,4,1,1,2025-11-10T06:41:37Z,2025-11-10T06:41:37Z
321,archiving information,archiving information,2,1,1,2025-11-10T06:41:37Z,2025-11-10T06:41:37Z
322,separate configuration file,separate configuration file,3,1,1,2025-11-10T06:41:37Z,2025-11-10T06:41:37Z
323,separate section,separate section,2,1,1,2025-11-10T06:41:37Z,2025-11-10T06:41:37Z
324,job completion records,job completion record,3,1,1,2025-11-10T06:41:37Z,2025-11-10T06:41:37Z
325,configuration parameters,configuration parameter,2,2,1,2025-11-10T06:41:37Z,2025-11-10T06:41:37Z
326,AccountingStorage,accountingstorage,1,1,1,2025-11-10T06:41:37Z,2025-11-10T06:41:37Z
327,option,option,1,30,3,2025-11-10T06:41:37Z,2025-11-10T06:41:37Z
328,comma,comma,1,3,1,2025-11-10T06:41:37Z,2025-11-10T06:41:37Z
329,list,list,1,14,3,2025-11-10T06:41:37Z,2025-11-10T06:41:37Z
330,valid options,valid option,2,2,1,2025-11-10T06:41:37Z,2025-11-10T06:41:37Z
331,invalid accounts,invalid account,2,1,1,2025-11-10T06:41:37Z,2025-11-10T06:41:37Z
332,qos,qos,1,6,1,2025-11-10T06:41:37Z,2025-11-10T06:41:37Z
333,qos .,qos .,2,1,1,2025-11-10T06:41:37Z,2025-11-10T06:41:37Z
334,nojobs,nojob,1,2,1,2025-11-10T06:41:37Z,2025-11-10T06:41:37Z
335,job information,job information,2,1,1,2025-11-10T06:41:37Z,2025-11-10T06:41:37Z
336,nosteps,nostep,1,3,1,2025-11-10T06:41:37Z,2025-11-10T06:41:37Z
337,step information,step information,2,1,1,2025-11-10T06:41:37Z,2025-11-10T06:41:37Z
338,environment,environment,1,2,2,2025-11-10T06:41:37Z,2025-11-10T06:41:37Z
339,utilization,utilization,1,1,1,2025-11-10T06:41:37Z,2025-11-10T06:41:37Z
340,valid qos,valid qos,2,1,1,2025-11-10T06:41:37Z,2025-11-10T06:41:37Z
341,Quality,quality,1,1,1,2025-11-10T06:41:37Z,2025-11-10T06:41:37Z
342,Service,service,1,5,2,2025-11-10T06:41:37Z,2025-11-10T06:41:37Z
343,QOS values,qos value,2,1,1,2025-11-10T06:41:37Z,2025-11-10T06:41:37Z
344,QOS limits,qos limit,2,1,1,2025-11-10T06:41:37Z,2025-11-10T06:41:37Z
345,TRES,tres,1,4,1,2025-11-10T06:41:37Z,2025-11-10T06:41:37Z
346,minutes limit,minute limit,2,2,1,2025-11-10T06:41:37Z,2025-11-10T06:41:37Z
347,completion,completion,1,1,1,2025-11-10T06:41:37Z,2025-11-10T06:41:37Z
348,option set,option set,2,2,1,2025-11-10T06:41:37Z,2025-11-10T06:41:37Z
349,usage,usage,1,3,2,2025-11-10T06:41:37Z,2025-11-10T06:41:37Z
350,wckeys,wckeys,1,1,1,2025-11-10T06:41:37Z,2025-11-10T06:41:37Z
351,wckey,wckey,1,6,1,2025-11-10T06:41:37Z,2025-11-10T06:41:37Z
352,optional partition name,optional partition name,3,2,1,2025-11-10T06:41:37Z,2025-11-10T06:41:37Z
353,AccountingStorageEnforce,accountingstorageenforce,1,2,1,2025-11-10T06:41:37Z,2025-11-10T06:41:37Z
354,default behavior,default behavior,2,2,2,2025-11-10T06:41:37Z,2025-11-10T06:41:37Z
355,policies,policy,1,2,2,2025-11-10T06:41:37Z,2025-11-10T06:41:37Z
356,external slurmdbds,external slurmdbds,2,1,1,2025-11-10T06:41:37Z,2025-11-10T06:41:37Z
357,ip>[:port,ip>[:port,1,1,1,2025-11-10T06:41:37Z,2025-11-10T06:41:37Z
358,port,port,1,7,2,2025-11-10T06:41:37Z,2025-11-10T06:41:37Z
359,AccountingStoragePort,accountingstorageport,1,2,1,2025-11-10T06:41:37Z,2025-11-10T06:41:37Z
360,external slurmdbd,external slurmdbd,2,4,1,2025-11-10T06:41:37Z,2025-11-10T06:41:37Z
361,--cluster/-M client command options,--cluster/-m client command option,4,1,1,2025-11-10T06:41:37Z,2025-11-10T06:41:37Z
362,non - external cluster,non - external cluster,4,1,1,2025-11-10T06:41:37Z,2025-11-10T06:41:37Z
363,AccountingStoragePass,accountingstoragepass,1,2,1,2025-11-10T06:41:37Z,2025-11-10T06:41:37Z
364,accounting data,accounting datum,2,3,1,2025-11-10T06:41:37Z,2025-11-10T06:41:37Z
365,database type storage plugins,database type storage plugin,4,1,1,2025-11-10T06:41:37Z,2025-11-10T06:41:37Z
366,Database Daemon,database daemon,2,1,1,2025-11-10T06:41:37Z,2025-11-10T06:41:37Z
367,MUNGE authentication,munge authentication,2,1,1,2025-11-10T06:41:37Z,2025-11-10T06:41:37Z
368,MUNGE daemon,munge daemon,2,1,1,2025-11-10T06:41:37Z,2025-11-10T06:41:37Z
369,default MUNGE daemon,default munge daemon,3,2,1,2025-11-10T06:41:37Z,2025-11-10T06:41:37Z
370,alternate MUNGE daemon,alternate munge daemon,3,1,1,2025-11-10T06:41:37Z,2025-11-10T06:41:37Z
371,/var,/var,1,1,1,2025-11-10T06:41:37Z,2025-11-10T06:41:37Z
372,run,run,1,5,3,2025-11-10T06:41:37Z,2025-11-10T06:41:37Z
373,global.socket.2,global.socket.2,1,1,1,2025-11-10T06:41:37Z,2025-11-10T06:41:37Z
374,default value,default value,2,8,2,2025-11-10T06:41:37Z,2025-11-10T06:41:37Z
375,NULL,null,1,1,1,2025-11-10T06:41:37Z,2025-11-10T06:41:37Z
376,unique name,unique name,2,1,1,2025-11-10T06:41:37Z,2025-11-10T06:41:37Z
377,TrackWCKey,trackwckey,1,1,1,2025-11-10T06:41:37Z,2025-11-10T06:41:37Z
378,Boolean,boolean,1,2,2,2025-11-10T06:41:37Z,2025-11-10T06:41:37Z
379,Workload Characterization Key,workload characterization key,3,1,1,2025-11-10T06:41:37Z,2025-11-10T06:41:37Z
380,orthogonal way,orthogonal way,2,1,1,2025-11-10T06:41:37Z,2025-11-10T06:41:37Z
381,unrelated accounts,unrelated account,2,1,1,2025-11-10T06:41:37Z,2025-11-10T06:41:37Z
382,SlurmDBD Configuration,slurmdbd configuration,2,1,1,2025-11-10T06:41:37Z,2025-11-10T06:41:37Z
383,own configuration file,own configuration file,3,1,1,2025-11-10T06:41:37Z,2025-11-10T06:41:37Z
384,SlurmDBD executes,slurmdbd execute,2,2,1,2025-11-10T06:41:37Z,2025-11-10T06:41:37Z
385,unauthorized access,unauthorized access,2,1,1,2025-11-10T06:41:37Z,2025-11-10T06:41:37Z
386,database login name,database login name,3,1,1,2025-11-10T06:41:37Z,2025-11-10T06:41:37Z
387,slurmdbd.conf(5,slurmdbd.conf(5,1,2,1,2025-11-10T06:41:37Z,2025-11-10T06:41:37Z
388,complete description,complete description,2,1,1,2025-11-10T06:41:37Z,2025-11-10T06:41:37Z
389,AuthInfo,authinfo,1,1,1,2025-11-10T06:41:37Z,2025-11-10T06:41:37Z
390,second MUNGE daemon,second munge daemon,3,1,1,2025-11-10T06:41:37Z,2025-11-10T06:41:37Z
391,socket,socket,1,38,3,2025-11-10T06:41:37Z,2025-11-10T06:41:37Z
392,enterprise,enterprise,1,1,1,2025-11-10T06:41:37Z,2025-11-10T06:41:37Z
393,authentication method,authentication method,2,1,1,2025-11-10T06:41:37Z,2025-11-10T06:41:37Z
394,Slurm components,slurm component,2,1,1,2025-11-10T06:41:37Z,2025-11-10T06:41:37Z
395,auth,auth,1,1,1,2025-11-10T06:41:37Z,2025-11-10T06:41:37Z
396,DbdHost,dbdhost,1,1,1,2025-11-10T06:41:37Z,2025-11-10T06:41:37Z
397,node name,node name,2,1,1,2025-11-10T06:41:37Z,2025-11-10T06:41:37Z
398,full domain name,full domain name,3,1,1,2025-11-10T06:41:37Z,2025-11-10T06:41:37Z
399,lx0001,lx0001,1,1,1,2025-11-10T06:41:37Z,2025-11-10T06:41:37Z
400,localhost,localhost,1,3,1,2025-11-10T06:41:37Z,2025-11-10T06:41:37Z
401,warning message,warning message,2,2,2,2025-11-10T06:41:37Z,2025-11-10T06:41:37Z
402,DbdPort,dbdport,1,1,1,2025-11-10T06:41:37Z,2025-11-10T06:41:37Z
403,port number,port number,2,1,1,2025-11-10T06:41:37Z,2025-11-10T06:41:37Z
404,work,work,1,3,2,2025-11-10T06:41:37Z,2025-11-10T06:41:37Z
405,system build time,system build time,3,1,1,2025-11-10T06:41:37Z,2025-11-10T06:41:37Z
406,AccountingStoragePort parameter,accountingstorageport parameter,2,1,1,2025-11-10T06:41:37Z,2025-11-10T06:41:37Z
407,slurm.conf file,slurm.conf file,2,1,1,2025-11-10T06:41:37Z,2025-11-10T06:41:37Z
408,LogFile,logfile,1,3,2,2025-11-10T06:41:37Z,2025-11-10T06:41:37Z
409,qualified pathname,qualified pathname,2,1,1,2025-11-10T06:41:37Z,2025-11-10T06:41:37Z
410,syslog,syslog,1,1,1,2025-11-10T06:41:37Z,2025-11-10T06:41:37Z
411,PluginDir,plugindir,1,1,1,2025-11-10T06:41:37Z,2025-11-10T06:41:37Z
412,places,place,1,2,2,2025-11-10T06:41:37Z,2025-11-10T06:41:37Z
413,colon,colon,1,1,1,2025-11-10T06:41:37Z,2025-11-10T06:41:37Z
414,directories,directory,1,18,2,2025-11-10T06:41:37Z,2025-11-10T06:41:37Z
415,PATH environment variable,path environment variable,3,1,1,2025-11-10T06:41:37Z,2025-11-10T06:41:37Z
416,prefix,prefix,1,2,2,2025-11-10T06:41:37Z,2025-11-10T06:41:37Z
417,configure time,configure time,2,1,1,2025-11-10T06:41:37Z,2025-11-10T06:41:37Z
418,/lib,/lib,1,1,1,2025-11-10T06:41:37Z,2025-11-10T06:41:37Z
419,slurmdbd daemon,slurmdbd daemon,2,2,1,2025-11-10T06:41:37Z,2025-11-10T06:41:37Z
420,slurmctld execute,slurmctld execute,2,1,1,2025-11-10T06:41:37Z,2025-11-10T06:41:37Z
421,security purposes,security purpose,2,1,1,2025-11-10T06:41:37Z,2025-11-10T06:41:37Z
422,root,root,1,27,2,2025-11-10T06:41:37Z,2025-11-10T06:41:37Z
423,same SlurmUser,same slurmuser,2,1,1,2025-11-10T06:41:37Z,2025-11-10T06:41:37Z
424,one set,one set,2,1,1,2025-11-10T06:41:37Z,2025-11-10T06:41:37Z
425,AdminLevel = Admin,adminlevel = admin,3,1,1,2025-11-10T06:41:37Z,2025-11-10T06:41:37Z
426,larger systems,large system,2,1,1,2025-11-10T06:41:37Z,2025-11-10T06:41:37Z
427,separate machine,separate machine,2,2,2,2025-11-10T06:41:37Z,2025-11-10T06:41:37Z
428,default database,default database,2,1,1,2025-11-10T06:41:37Z,2025-11-10T06:41:37Z
429,slurm_acct_db,slurm_acct_db,1,5,1,2025-11-10T06:41:37Z,2025-11-10T06:41:37Z
430,job accounting data,job accounting datum,3,2,1,2025-11-10T06:41:37Z,2025-11-10T06:41:37Z
431,accounting storage mechanism,accounting storage mechanism,3,1,1,2025-11-10T06:41:37Z,2025-11-10T06:41:37Z
432,only acceptable value,only acceptable value,3,1,1,2025-11-10T06:41:37Z,2025-11-10T06:41:37Z
433,accounting_storage,accounting_storage,1,2,1,2025-11-10T06:41:37Z,2025-11-10T06:41:37Z
434,StorageLoc parameter,storageloc parameter,2,1,1,2025-11-10T06:41:37Z,2025-11-10T06:41:37Z
435,MySQL Configuration,mysql configuration,2,1,1,2025-11-10T06:41:37Z,2025-11-10T06:41:37Z
436,StorageUser,storageuser,1,1,1,2025-11-10T06:41:37Z,2025-11-10T06:41:37Z
437,permissions,permission,1,7,2,2025-11-10T06:41:37Z,2025-11-10T06:41:37Z
438,mysql user grant privileges,mysql user grant privilege,4,1,1,2025-11-10T06:41:37Z,2025-11-10T06:41:37Z
439,ON StorageLoc,on storageloc,2,1,1,2025-11-10T06:41:37Z,2025-11-10T06:41:37Z
440,ticks,tick,1,1,1,2025-11-10T06:41:37Z,2025-11-10T06:41:37Z
441,info,info,1,14,3,2025-11-10T06:41:37Z,2025-11-10T06:41:37Z
442,password usage,password usage,2,1,1,2025-11-10T06:41:37Z,2025-11-10T06:41:37Z
443,line,line,1,16,3,2025-11-10T06:41:37Z,2025-11-10T06:41:37Z
444,continuation prompt,continuation prompt,2,1,1,2025-11-10T06:41:37Z,2025-11-10T06:41:37Z
445,previous mysql statement,previous mysql statement,3,1,1,2025-11-10T06:41:37Z,2025-11-10T06:41:37Z
446,more info,more info,2,1,1,2025-11-10T06:41:37Z,2025-11-10T06:41:37Z
447,future databases,future database,2,1,1,2025-11-10T06:41:37Z,2025-11-10T06:41:37Z
448,grant line,grant line,2,1,1,2025-11-10T06:41:37Z,2025-11-10T06:41:37Z
449,Live example,live example,2,1,1,2025-11-10T06:41:37Z,2025-11-10T06:41:37Z
450,mysql@snowflake:~$ mysql,mysql@snowflake:~$ mysql,2,1,1,2025-11-10T06:41:37Z,2025-11-10T06:41:37Z
451,Welcome,welcome,1,1,1,2025-11-10T06:41:37Z,2025-11-10T06:41:37Z
452,MySQL monitor,mysql monitor,2,1,1,2025-11-10T06:41:37Z,2025-11-10T06:41:37Z
453,MySQL connection i d,mysql connection i d,4,1,1,2025-11-10T06:41:37Z,2025-11-10T06:41:37Z
454,Server version,server version,2,1,1,2025-11-10T06:41:37Z,2025-11-10T06:41:37Z
455,Ubuntu,ubuntu,1,1,1,2025-11-10T06:41:37Z,2025-11-10T06:41:37Z
456,help,help,1,12,2,2025-11-10T06:41:37Z,2025-11-10T06:41:37Z
457,buffer,buffer,1,1,1,2025-11-10T06:41:37Z,2025-11-10T06:41:37Z
458,slurm'@'localhost,slurm'@'localhost,1,1,1,2025-11-10T06:41:37Z,2025-11-10T06:41:37Z
459,Query OK,query ok,2,4,1,2025-11-10T06:41:37Z,2025-11-10T06:41:37Z
460,grant,grant,1,4,1,2025-11-10T06:41:37Z,2025-11-10T06:41:37Z
461,system name,system name,2,2,1,2025-11-10T06:41:37Z,2025-11-10T06:41:37Z
462,slurm'@'system0,slurm'@'system0,1,2,1,2025-11-10T06:41:37Z,2025-11-10T06:41:37Z
463,system0,system0,1,2,1,2025-11-10T06:41:37Z,2025-11-10T06:41:37Z
464,database storage host,database storage host,3,2,1,2025-11-10T06:41:37Z,2025-11-10T06:41:37Z
465,some_pass,some_pass,1,2,1,2025-11-10T06:41:37Z,2025-11-10T06:41:37Z
466,grant option,grant option,2,2,1,2025-11-10T06:41:37Z,2025-11-10T06:41:37Z
467,InnoDB support,innodb support,2,1,1,2025-11-10T06:41:37Z,2025-11-10T06:41:37Z
468,SHOW ENGINES,show engines,2,1,1,2025-11-10T06:41:37Z,2025-11-10T06:41:37Z
469,| Engine | Support | Comment | Transactions,| engine | support | comment | transactions,8,1,1,2025-11-10T06:41:37Z,2025-11-10T06:41:37Z
470,XA | Savepoints |,xa | savepoint |,4,1,1,2025-11-10T06:41:37Z,2025-11-10T06:41:37Z
471,| InnoDB | DEFAULT | Supports transactions,| innodb | default | supports transaction,7,1,1,2025-11-10T06:41:37Z,2025-11-10T06:41:37Z
472,level locking,level locking,2,1,1,2025-11-10T06:41:37Z,2025-11-10T06:41:37Z
473,foreign keys,foreign key,2,1,1,2025-11-10T06:41:37Z,2025-11-10T06:41:37Z
474,database slurm_acct_db,database slurm_acct_db,2,1,1,2025-11-10T06:41:37Z,2025-11-10T06:41:37Z
475,local host,local host,2,4,2,2025-11-10T06:41:37Z,2025-11-10T06:41:37Z
476,storage host system,storage host system,3,1,1,2025-11-10T06:41:37Z,2025-11-10T06:41:37Z
477,other Slurm daemons,other slurm daemon,3,1,1,2025-11-10T06:41:37Z,2025-11-10T06:41:37Z
478,sbin,sbin,1,1,1,2025-11-10T06:41:37Z,2025-11-10T06:41:37Z
479,init.d,init.d,1,1,1,2025-11-10T06:41:37Z,2025-11-10T06:41:37Z
480,slurmdbd start,slurmdbd start,2,1,1,2025-11-10T06:41:37Z,2025-11-10T06:41:37Z
481,ps aux | grep slurmdbd,ps aux | grep slurmdbd,5,1,1,2025-11-10T06:41:37Z,2025-11-10T06:41:37Z
482,-v option,-v option,2,3,2,2025-11-10T06:41:37Z,2025-11-10T06:41:37Z
483,detailed information,detailed information,2,1,1,2025-11-10T06:41:37Z,2025-11-10T06:41:37Z
484,daemon mode,daemon mode,2,1,1,2025-11-10T06:41:37Z,2025-11-10T06:41:37Z
485,SlurmDBD Archive,slurmdbd archive,2,1,1,2025-11-10T06:41:37Z,2025-11-10T06:41:37Z
486,Purge,purge,1,1,1,2025-11-10T06:41:37Z,2025-11-10T06:41:37Z
487,reasonable size,reasonable size,2,1,1,2025-11-10T06:41:37Z,2025-11-10T06:41:37Z
488,age,age,1,1,1,2025-11-10T06:41:37Z,2025-11-10T06:41:37Z
489,Purged data,purged datum,2,1,1,2025-11-10T06:41:37Z,2025-11-10T06:41:37Z
490,plan,plan,1,1,1,2025-11-10T06:41:37Z,2025-11-10T06:41:37Z
491,data retention,data retention,2,1,1,2025-11-10T06:41:37Z,2025-11-10T06:41:37Z
492,purging,purging,1,1,1,2025-11-10T06:41:37Z,2025-11-10T06:41:37Z
493,unwieldy size,unwieldy size,2,1,1,2025-11-10T06:41:37Z,2025-11-10T06:41:37Z
494,purge interval,purge interval,2,1,1,2025-11-10T06:41:37Z,2025-11-10T06:41:37Z
495,Monitor table sizes,monitor table size,3,1,1,2025-11-10T06:41:37Z,2025-11-10T06:41:37Z
496,system utilization,system utilization,2,1,1,2025-11-10T06:41:37Z,2025-11-10T06:41:37Z
497,relevant configuration options,relevant configuration option,3,1,1,2025-11-10T06:41:37Z,2025-11-10T06:41:37Z
498,Purge options,purge option,2,2,1,2025-11-10T06:41:37Z,2025-11-10T06:41:37Z
499,form,form,1,3,2,2025-11-10T06:41:37Z,2025-11-10T06:41:37Z
500,Archive$,archive$,1,1,1,2025-11-10T06:41:37Z,2025-11-10T06:41:37Z
501,available configuration parameters,available configuration parameter,3,1,1,2025-11-10T06:41:37Z,2025-11-10T06:41:37Z
502,units,unit,1,5,3,2025-11-10T06:41:37Z,2025-11-10T06:41:37Z
503,PurgeJobsAfter=12months,purgejobsafter=12month,1,1,1,2025-11-10T06:41:37Z,2025-11-10T06:41:37Z
504,beginning,beginning,1,2,1,2025-11-10T06:41:37Z,2025-11-10T06:41:37Z
505,month,month,1,1,1,2025-11-10T06:41:37Z,2025-11-10T06:41:37Z
506,PurgeJobsAfter=365days,purgejobsafter=365day,1,1,1,2025-11-10T06:41:37Z,2025-11-10T06:41:37Z
507,day,day,1,2,1,2025-11-10T06:41:37Z,2025-11-10T06:41:37Z
508,distinction,distinction,1,1,1,2025-11-10T06:41:37Z,2025-11-10T06:41:37Z
509,active clusters,active cluster,2,1,1,2025-11-10T06:41:37Z,2025-11-10T06:41:37Z
510,amount,amount,1,2,2,2025-11-10T06:41:37Z,2025-11-10T06:41:37Z
511,Archive Server,archive server,2,3,1,2025-11-10T06:41:37Z,2025-11-10T06:41:37Z
512,ongoing access,ongoing access,2,1,1,2025-11-10T06:41:37Z,2025-11-10T06:41:37Z
513,site,site,1,4,2,2025-11-10T06:41:37Z,2025-11-10T06:41:37Z
514,archive instance,archive instance,2,2,1,2025-11-10T06:41:37Z,2025-11-10T06:41:37Z
515,production database,production database,2,2,1,2025-11-10T06:41:37Z,2025-11-10T06:41:37Z
516,manageable size,manageable size,2,1,1,2025-11-10T06:41:37Z,2025-11-10T06:41:37Z
517,sure old records,sure old record,3,1,1,2025-11-10T06:41:37Z,2025-11-10T06:41:37Z
518,production server,production server,2,2,1,2025-11-10T06:41:37Z,2025-11-10T06:41:37Z
519,separate instances,separate instance,2,1,1,2025-11-10T06:41:37Z,2025-11-10T06:41:37Z
520,Slurm controller,slurm controller,2,1,1,2025-11-10T06:41:37Z,2025-11-10T06:41:37Z
521,archive slurmdbd,archive slurmdbd,2,1,1,2025-11-10T06:41:37Z,2025-11-10T06:41:37Z
522,certain database entries,certain database entry,3,1,1,2025-11-10T06:41:37Z,2025-11-10T06:41:37Z
523,archived information,archived information,2,1,1,2025-11-10T06:41:37Z,2025-11-10T06:41:37Z
524,unique identifiers,unique identifier,2,1,1,2025-11-10T06:41:37Z,2025-11-10T06:41:37Z
525,mysqldump,mysqldump,1,3,1,2025-11-10T06:41:37Z,2025-11-10T06:41:37Z
526,TRES information,tres information,2,1,1,2025-11-10T06:41:37Z,2025-11-10T06:41:37Z
527,appropriate values,appropriate value,2,1,1,2025-11-10T06:41:37Z,2025-11-10T06:41:37Z
528,mysqldump -u,mysqldump -u,2,1,1,2025-11-10T06:41:37Z,2025-11-10T06:41:37Z
529,cluster>_assoc_table qos_table,cluster>_assoc_table qos_table,2,1,1,2025-11-10T06:41:37Z,2025-11-10T06:41:37Z
530,Archive,archive,1,1,1,2025-11-10T06:41:37Z,2025-11-10T06:41:37Z
531,Purge process,purge process,2,1,1,2025-11-10T06:41:37Z,2025-11-10T06:41:37Z
532,slight difference,slight difference,2,1,1,2025-11-10T06:41:37Z,2025-11-10T06:41:37Z
533,archive files,archive file,2,2,1,2025-11-10T06:41:37Z,2025-11-10T06:41:37Z
534,gap,gap,1,1,1,2025-11-10T06:41:37Z,2025-11-10T06:41:37Z
535,duplicate records,duplicate record,2,1,1,2025-11-10T06:41:37Z,2025-11-10T06:41:37Z
536,Tools,tool,1,2,1,2025-11-10T06:41:37Z,2025-11-10T06:41:37Z
537,few tools,few tool,2,1,1,2025-11-10T06:41:37Z,2025-11-10T06:41:37Z
538,details,detail,1,9,3,2025-11-10T06:41:37Z,2025-11-10T06:41:37Z
539,entities,entity,1,6,1,2025-11-10T06:41:37Z,2025-11-10T06:41:37Z
540,user associations,user association,2,2,1,2025-11-10T06:41:37Z,2025-11-10T06:41:37Z
541,QOSs,qoss,1,1,1,2025-11-10T06:41:37Z,2025-11-10T06:41:37Z
542,various reports,various report,2,1,1,2025-11-10T06:41:37Z,2025-11-10T06:41:37Z
543,time period,time period,2,1,1,2025-11-10T06:41:37Z,2025-11-10T06:41:37Z
544,man pages,man page,2,7,2,2025-11-10T06:41:37Z,2025-11-10T06:41:37Z
545,more information,more information,2,16,2,2025-11-10T06:41:37Z,2025-11-10T06:41:37Z
546,ability,ability,1,1,1,2025-11-10T06:41:37Z,2025-11-10T06:41:37Z
547,additional control,additional control,2,1,1,2025-11-10T06:41:37Z,2025-11-10T06:41:37Z
548,party tools,party tool,2,1,1,2025-11-10T06:41:37Z,2025-11-10T06:41:37Z
549,dashboards,dashboard,1,2,1,2025-11-10T06:41:37Z,2025-11-10T06:41:37Z
550,graphs,graph,1,1,1,2025-11-10T06:41:37Z,2025-11-10T06:41:37Z
551,relevant information,relevant information,2,1,1,2025-11-10T06:41:37Z,2025-11-10T06:41:37Z
552,SchedMD,schedmd,1,1,1,2025-11-10T06:41:37Z,2025-11-10T06:41:37Z
553,utilities,utility,1,1,1,2025-11-10T06:41:37Z,2025-11-10T06:41:37Z
554,Grafana,grafana,1,1,1,2025-11-10T06:41:37Z,2025-11-10T06:41:37Z
555,various graphs,various graph,2,1,1,2025-11-10T06:41:37Z,2025-11-10T06:41:37Z
556,Prometheus,prometheus,1,2,1,2025-11-10T06:41:37Z,2025-11-10T06:41:37Z
557,InfluxDB,influxdb,1,2,1,2025-11-10T06:41:37Z,2025-11-10T06:41:37Z
558,exporter tool,exporter tool,2,2,1,2025-11-10T06:41:37Z,2025-11-10T06:41:37Z
559,performance metrics,performance metric,2,2,1,2025-11-10T06:41:37Z,2025-11-10T06:41:37Z
560,Database Configuration,database configuration,2,1,1,2025-11-10T06:41:37Z,2025-11-10T06:41:37Z
561,elements,element,1,1,1,2025-11-10T06:41:37Z,2025-11-10T06:41:37Z
562,sacctmgr command,sacctmgr command,2,1,1,2025-11-10T06:41:37Z,2025-11-10T06:41:37Z
563,accounting associations,accounting association,2,1,1,2025-11-10T06:41:37Z,2025-11-10T06:41:37Z
564,start,start,1,4,2,2025-11-10T06:41:37Z,2025-11-10T06:41:37Z
565,addition,addition,1,1,1,2025-11-10T06:41:37Z,2025-11-10T06:41:37Z
566,test,test,1,4,1,2025-11-10T06:41:37Z,2025-11-10T06:41:37Z
567,execute line,execute line,2,2,1,2025-11-10T06:41:37Z,2025-11-10T06:41:37Z
568,sort,sort,1,1,1,2025-11-10T06:41:37Z,2025-11-10T06:41:37Z
569,account none,account none,2,1,1,2025-11-10T06:41:37Z,2025-11-10T06:41:37Z
570,Organization = science,organization = science,3,1,1,2025-11-10T06:41:37Z,2025-11-10T06:41:37Z
571,similar syntax,similar syntax,2,1,1,2025-11-10T06:41:37Z,2025-11-10T06:41:37Z
572,user da,user da,2,2,1,2025-11-10T06:41:37Z,2025-11-10T06:41:37Z
573,default account,default account,2,4,1,2025-11-10T06:41:37Z,2025-11-10T06:41:37Z
574,test execute,test execute,2,1,1,2025-11-10T06:41:37Z,2025-11-10T06:41:37Z
575,user brian Account = physics,user brian account = physics,5,1,1,2025-11-10T06:41:37Z,2025-11-10T06:41:37Z
576,user da DefaultAccount = test,user da defaultaccount = test,5,1,1,2025-11-10T06:41:37Z,2025-11-10T06:41:37Z
577,AccountingStorageEnforce = associations,accountingstorageenforce = association,3,1,1,2025-11-10T06:41:37Z,2025-11-10T06:41:37Z
578,account test,account test,2,2,1,2025-11-10T06:41:37Z,2025-11-10T06:41:37Z
579,other accounts,other account,2,4,1,2025-11-10T06:41:37Z,2025-11-10T06:41:37Z
580,future,future,1,1,1,2025-11-10T06:41:37Z,2025-11-10T06:41:37Z
581,attempt,attempt,1,1,1,2025-11-10T06:41:37Z,2025-11-10T06:41:37Z
582,job submission command,job submission command,3,2,2,2025-11-10T06:41:37Z,2025-11-10T06:41:37Z
583,specific partitions,specific partition,2,1,1,2025-11-10T06:41:37Z,2025-11-10T06:41:37Z
584,Partition=<PartitionName,partition=<partitionname,1,1,1,2025-11-10T06:41:37Z,2025-11-10T06:41:37Z
585,other associations,other association,2,1,1,2025-11-10T06:41:37Z,2025-11-10T06:41:37Z
586,same Account,same account,2,1,1,2025-11-10T06:41:37Z,2025-11-10T06:41:37Z
587,Cluster Options,cluster options,2,1,1,2025-11-10T06:41:37Z,2025-11-10T06:41:37Z
588,Cluster name,cluster name,2,8,2,2025-11-10T06:41:37Z,2025-11-10T06:41:37Z
589,Account Options,account options,2,1,1,2025-11-10T06:41:37Z,2025-11-10T06:41:37Z
590,sacctmgr options,sacctmgr option,2,2,1,2025-11-10T06:41:37Z,2025-11-10T06:41:37Z
591,Cluster=,cluster=,1,2,1,2025-11-10T06:41:37Z,2025-11-10T06:41:37Z
592,Description= Description,description= description,2,1,1,2025-11-10T06:41:37Z,2025-11-10T06:41:37Z
593,account name,account name,2,2,1,2025-11-10T06:41:37Z,2025-11-10T06:41:37Z
594,different bank accounts,different bank account,3,1,1,2025-11-10T06:41:37Z,2025-11-10T06:41:37Z
595,different points,different point,2,1,1,2025-11-10T06:41:37Z,2025-11-10T06:41:37Z
596,account hierarchy,account hierarchy,2,1,1,2025-11-10T06:41:37Z,2025-11-10T06:41:37Z
597,Organization = Organization,organization = organization,3,1,1,2025-11-10T06:41:37Z,2025-11-10T06:41:37Z
598,parent account,parent account,2,2,1,2025-11-10T06:41:37Z,2025-11-10T06:41:37Z
599,organization,organization,1,1,1,2025-11-10T06:41:37Z,2025-11-10T06:41:37Z
600,Parent=,parent=,1,1,1,2025-11-10T06:41:37Z,2025-11-10T06:41:37Z
601,child,child,1,3,2,2025-11-10T06:41:37Z,2025-11-10T06:41:37Z
602,User Options,user options,2,1,1,2025-11-10T06:41:37Z,2025-11-10T06:41:37Z
603,Account= Account(s,account= account(s,2,1,1,2025-11-10T06:41:37Z,2025-11-10T06:41:37Z
604,accounting privileges,accounting privilege,2,1,1,2025-11-10T06:41:37Z,2025-11-10T06:41:37Z
605,database object,database object,2,1,1,2025-11-10T06:41:37Z,2025-11-10T06:41:37Z
606,other operators,other operator,2,1,1,2025-11-10T06:41:37Z,2025-11-10T06:41:37Z
607,regular uses,regular use,2,1,1,2025-11-10T06:41:37Z,2025-11-10T06:41:37Z
608,PrivateData flag,privatedata flag,2,1,1,2025-11-10T06:41:37Z,2025-11-10T06:41:37Z
609,Create,create,1,1,1,2025-11-10T06:41:37Z,2025-11-10T06:41:37Z
610,Alter,alter,1,1,1,2025-11-10T06:41:37Z,2025-11-10T06:41:37Z
611,Delete Reservations,delete reservations,2,1,1,2025-11-10T06:41:37Z,2025-11-10T06:41:37Z
612,Admin,admin,1,1,1,2025-11-10T06:41:37Z,2025-11-10T06:41:37Z
613,same level,same level,2,1,1,2025-11-10T06:41:37Z,2025-11-10T06:41:37Z
614,privileges,privilege,1,1,1,2025-11-10T06:41:37Z,2025-11-10T06:41:37Z
615,DefaultAccount= Default account,defaultaccount= default account,3,1,1,2025-11-10T06:41:37Z,2025-11-10T06:41:37Z
616,Default wckey,default wckey,2,1,1,2025-11-10T06:41:37Z,2025-11-10T06:41:37Z
617,NewName= Use,newname= use,2,1,1,2025-11-10T06:41:37Z,2025-11-10T06:41:37Z
618,accounting database,accounting database,2,1,1,2025-11-10T06:41:37Z,2025-11-10T06:41:37Z
619,Partition= Name,partition= name,2,1,1,2025-11-10T06:41:37Z,2025-11-10T06:41:37Z
620,Slurm partition,slurm partition,2,1,1,2025-11-10T06:41:37Z,2025-11-10T06:41:37Z
621,Limit Enforcement,limit enforcement,2,3,1,2025-11-10T06:41:37Z,2025-11-10T06:41:37Z
622,Various limits,various limit,2,1,1,2025-11-10T06:41:37Z,2025-11-10T06:41:37Z
623,Resource Limits web page,resource limits web page,4,1,1,2025-11-10T06:41:37Z,2025-11-10T06:41:37Z
624,AccountingStorageEnforce = limits,accountingstorageenforce = limit,3,1,1,2025-11-10T06:41:37Z,2025-11-10T06:41:37Z
625,Other options,other option,2,1,1,2025-11-10T06:41:37Z,2025-11-10T06:41:37Z
626,explanation,explanation,1,1,1,2025-11-10T06:41:37Z,2025-11-10T06:41:37Z
627,Resource Limits document,resource limits document,3,1,1,2025-11-10T06:41:37Z,2025-11-10T06:41:37Z
628,Modifying Entities,modifying entities,2,1,1,2025-11-10T06:41:37Z,2025-11-10T06:41:37Z
629,many different options,many different option,3,1,1,2025-11-10T06:41:37Z,2025-11-10T06:41:37Z
630,SQL,sql,1,1,1,2025-11-10T06:41:37Z,2025-11-10T06:41:37Z
631,like fashion,like fashion,2,1,1,2025-11-10T06:41:37Z,2025-11-10T06:41:37Z
632,key words,key word,2,1,1,2025-11-10T06:41:37Z,2025-11-10T06:41:37Z
633,typical execute line,typical execute line,3,1,1,2025-11-10T06:41:37Z,2025-11-10T06:41:37Z
634,< options,< option,2,1,1,2025-11-10T06:41:37Z,2025-11-10T06:41:37Z
635,default = none,default = none,3,1,1,2025-11-10T06:41:37Z,2025-11-10T06:41:37Z
636,default = test,default = test,3,2,1,2025-11-10T06:41:37Z,2025-11-10T06:41:37Z
637,change,change,1,6,2,2025-11-10T06:41:37Z,2025-11-10T06:41:37Z
638,appropriate Slurm daemons,appropriate slurm daemon,3,1,1,2025-11-10T06:41:37Z,2025-11-10T06:41:37Z
639,Entities,entities,1,1,1,2025-11-10T06:41:37Z,2025-11-10T06:41:37Z
640,Removing entities,removing entity,2,1,1,2025-11-10T06:41:37Z,2025-11-10T06:41:37Z
641,modify example,modify example,2,1,1,2025-11-10T06:41:37Z,2025-11-10T06:41:37Z
642,set options,set option,2,1,1,2025-11-10T06:41:37Z,2025-11-10T06:41:37Z
643,user records,user record,2,2,1,2025-11-10T06:41:37Z,2025-11-10T06:41:37Z
644,user brian,user brian,2,1,1,2025-11-10T06:41:37Z,2025-11-10T06:41:37Z
645,account = physics,account = physics,3,1,1,2025-11-10T06:41:37Z,2025-11-10T06:41:37Z
646,brian,brian,1,2,1,2025-11-10T06:41:37Z,2025-11-10T06:41:37Z
647,physics,physics,1,1,1,2025-11-10T06:41:37Z,2025-11-10T06:41:37Z
648,most cases,most case,2,1,1,2025-11-10T06:41:37Z,2025-11-10T06:41:37Z
649,removed entities,removed entity,2,1,1,2025-11-10T06:41:37Z,2025-11-10T06:41:37Z
650,typographical errors,typographical error,2,1,1,2025-11-10T06:41:37Z,2025-11-10T06:41:37Z
651,track,track,1,2,2,2025-11-10T06:41:37Z,2025-11-10T06:41:37Z
652,usage data,usage datum,2,1,1,2025-11-10T06:41:37Z,2025-11-10T06:41:37Z
653,Accounting Interpretation,accounting interpretation,2,1,1,2025-11-10T06:41:37Z,2025-11-10T06:41:37Z
654,Slurm accounting,slurm accounting,2,3,2,2025-11-10T06:41:37Z,2025-11-10T06:41:37Z
655,parallel computing,parallel computing,2,1,1,2025-11-10T06:41:37Z,2025-11-10T06:41:37Z
656,reason,reason,1,5,3,2025-11-10T06:41:37Z,2025-11-10T06:41:37Z
657,statistics,statistic,1,1,1,2025-11-10T06:41:37Z,2025-11-10T06:41:37Z
658,task level,task level,2,1,1,2025-11-10T06:41:37Z,2025-11-10T06:41:37Z
659,user processes,user process,2,2,2,2025-11-10T06:41:37Z,2025-11-10T06:41:37Z
660,step,step,1,38,4,2025-11-10T06:41:37Z,2025-11-10T06:41:37Z
661,part,part,1,3,2,2025-11-10T06:41:37Z,2025-11-10T06:41:37Z
662,many parallel tasks,many parallel task,3,1,1,2025-11-10T06:41:37Z,2025-11-10T06:41:37Z
663,srun,srun,1,10,2,2025-11-10T06:41:37Z,2025-11-10T06:41:37Z
664,JobAcctGather,jobacctgather,1,1,1,2025-11-10T06:41:37Z,2025-11-10T06:41:37Z
665,metrics,metric,1,2,1,2025-11-10T06:41:37Z,2025-11-10T06:41:37Z
666,Trackable Resources,trackable resources,2,1,1,2025-11-10T06:41:37Z,2025-11-10T06:41:37Z
667,cpu,cpu,1,63,2,2025-11-10T06:41:37Z,2025-11-10T06:41:37Z
668,memory,memory,1,5,2,2025-11-10T06:41:37Z,2025-11-10T06:41:37Z
669,energy,energy,1,2,1,2025-11-10T06:41:37Z,2025-11-10T06:41:37Z
670,interval,interval,1,2,2,2025-11-10T06:41:37Z,2025-11-10T06:41:37Z
671,JobAcctGatherFrequency,jobacctgatherfrequency,1,1,1,2025-11-10T06:41:37Z,2025-11-10T06:41:37Z
672,freq option,freq option,2,1,1,2025-11-10T06:41:37Z,2025-11-10T06:41:37Z
673,command line,command line,2,16,2,2025-11-10T06:41:37Z,2025-11-10T06:41:37Z
674,poll,poll,1,1,1,2025-11-10T06:41:37Z,2025-11-10T06:41:37Z
675,end,end,1,8,2,2025-11-10T06:41:37Z,2025-11-10T06:41:37Z
676,nature,nature,1,1,1,2025-11-10T06:41:37Z,2025-11-10T06:41:37Z
677,standalone values,standalone value,2,1,1,2025-11-10T06:41:37Z,2025-11-10T06:41:37Z
678,data structure,data structure,2,1,1,2025-11-10T06:41:37Z,2025-11-10T06:41:37Z
679,TresUsageInTot field,tresusageintot field,2,1,1,2025-11-10T06:41:37Z,2025-11-10T06:41:37Z
680,sstat,sstat,1,1,1,2025-11-10T06:41:37Z,2025-11-10T06:41:37Z
681,job runtime,job runtime,2,1,1,2025-11-10T06:41:37Z,2025-11-10T06:41:37Z
682,sum,sum,1,2,1,2025-11-10T06:41:37Z,2025-11-10T06:41:37Z
683,gathered metrics,gathered metric,2,1,1,2025-11-10T06:41:37Z,2025-11-10T06:41:37Z
684,TresUsageInTot,tresusageintot,1,3,1,2025-11-10T06:41:37Z,2025-11-10T06:41:37Z
685,memory=5 G,memory=5 g,2,1,1,2025-11-10T06:41:37Z,2025-11-10T06:41:37Z
686,same example,same example,2,1,1,2025-11-10T06:41:37Z,2025-11-10T06:41:37Z
687,TresUsageInMax,tresusageinmax,1,2,1,2025-11-10T06:41:37Z,2025-11-10T06:41:37Z
688,maximum memory peak,maximum memory peak,3,1,1,2025-11-10T06:41:37Z,2025-11-10T06:41:37Z
689,TresUsageInMaxNode,tresusageinmaxnode,1,1,1,2025-11-10T06:41:37Z,2025-11-10T06:41:37Z
690,TresUsageInMaxTask,tresusageinmaxtask,1,1,1,2025-11-10T06:41:37Z,2025-11-10T06:41:37Z
691,task i d,task i d,3,10,2,2025-11-10T06:41:37Z,2025-11-10T06:41:37Z
692,largest memory peak,large memory peak,3,1,1,2025-11-10T06:41:37Z,2025-11-10T06:41:37Z
693,event,event,1,1,1,2025-11-10T06:41:37Z,2025-11-10T06:41:37Z
694,dedicated fields MaxRSS,dedicated field maxrss,3,1,1,2025-11-10T06:41:37Z,2025-11-10T06:41:37Z
695,MaxRSSNode,maxrssnode,1,1,1,2025-11-10T06:41:37Z,2025-11-10T06:41:37Z
696,MaxRSSTask,maxrsstask,1,1,1,2025-11-10T06:41:37Z,2025-11-10T06:41:37Z
697,Other considerations,other consideration,2,1,1,2025-11-10T06:41:37Z,2025-11-10T06:41:37Z
698,consumption,consumption,1,2,1,2025-11-10T06:41:37Z,2025-11-10T06:41:37Z
699,other jobs,other job,2,3,2,2025-11-10T06:41:37Z,2025-11-10T06:41:37Z
700,many tasks,many task,2,1,1,2025-11-10T06:41:37Z,2025-11-10T06:41:37Z
701,running,running,1,1,1,2025-11-10T06:41:37Z,2025-11-10T06:41:37Z
702,processes,process,1,10,2,2025-11-10T06:41:37Z,2025-11-10T06:41:37Z
703,other tools,other tool,2,1,1,2025-11-10T06:41:37Z,2025-11-10T06:41:37Z
704,TresUsage,tresusage,1,1,1,2025-11-10T06:41:37Z,2025-11-10T06:41:37Z
705,different meanings,different meaning,2,1,1,2025-11-10T06:41:37Z,2025-11-10T06:41:37Z
706,peaks,peak,1,1,1,2025-11-10T06:41:37Z,2025-11-10T06:41:37Z
707,TresUsageInAve,tresusageinave,1,1,1,2025-11-10T06:41:37Z,2025-11-10T06:41:37Z
708,average memory peaks,average memory peak,3,1,1,2025-11-10T06:41:37Z,2025-11-10T06:41:37Z
709,MaxRSS,maxrss,1,2,1,2025-11-10T06:41:37Z,2025-11-10T06:41:37Z
710,outlier task,outlier task,2,1,1,2025-11-10T06:41:37Z,2025-11-10T06:41:37Z
711,much memory,much memory,2,1,1,2025-11-10T06:41:37Z,2025-11-10T06:41:37Z
712,indication,indication,1,1,1,2025-11-10T06:41:37Z,2025-11-10T06:41:37Z
713,single task processes,single task process,3,1,1,2025-11-10T06:41:37Z,2025-11-10T06:41:37Z
714,maximum memory,maximum memory,2,1,1,2025-11-10T06:41:37Z,2025-11-10T06:41:37Z
715,step memory peak,step memory peak,3,1,1,2025-11-10T06:41:37Z,2025-11-10T06:41:37Z
716,Profiling,profiling,1,1,1,2025-11-10T06:41:37Z,2025-11-10T06:41:37Z
717,HDF5,hdf5,1,1,1,2025-11-10T06:41:37Z,2025-11-10T06:41:37Z
718,other ways,other way,2,1,1,2025-11-10T06:41:37Z,2025-11-10T06:41:37Z
719,administrator overview,administrator overview,2,1,1,2025-11-10T06:41:37Z,2025-11-10T06:41:37Z
720,IBM Spectrum LSF,ibm spectrum lsf,3,5,2,2025-11-10T06:41:37Z,2025-11-10T06:41:37Z
721,various types,various type,2,1,1,2025-11-10T06:41:37Z,2025-11-10T06:41:37Z
722,workload,workload,1,1,1,2025-11-10T06:41:37Z,2025-11-10T06:41:37Z
723,cluster operations,cluster operation,2,1,1,2025-11-10T06:41:37Z,2025-11-10T06:41:37Z
724,LSF cluster overview,lsf cluster overview,3,2,1,2025-11-10T06:41:37Z,2025-11-10T06:41:37Z
725,overview,overview,1,2,1,2025-11-10T06:41:37Z,2025-11-10T06:41:37Z
726,important LSF directories,important lsf directory,3,2,1,2025-11-10T06:41:37Z,2025-11-10T06:41:37Z
727,conﬁguration ﬁles,conﬁguration ﬁle,2,14,1,2025-11-10T06:41:37Z,2025-11-10T06:41:37Z
728,LSF,lsf,1,136,2,2025-11-10T06:41:37Z,2025-11-10T06:41:37Z
729,LSF daemons,lsf daemon,2,32,1,2025-11-10T06:41:37Z,2025-11-10T06:41:37Z
730,cluster properties,cluster property,2,4,1,2025-11-10T06:41:37Z,2025-11-10T06:41:37Z
731,LSF status,lsf status,2,4,1,2025-11-10T06:41:37Z,2025-11-10T06:41:37Z
732,LSF jobs,lsf job,2,8,1,2025-11-10T06:41:37Z,2025-11-10T06:41:37Z
733,LSF problems,lsf problem,2,4,1,2025-11-10T06:41:37Z,2025-11-10T06:41:37Z
734,Troubleshoot common LSF problems,troubleshoot common lsf problem,4,2,1,2025-11-10T06:41:37Z,2025-11-10T06:41:37Z
735,LSF error messages,lsf error message,3,4,1,2025-11-10T06:41:37Z,2025-11-10T06:41:37Z
736,solution,solution,1,2,1,2025-11-10T06:41:37Z,2025-11-10T06:41:37Z
737,contact IBM,contact ibm,2,1,1,2025-11-10T06:41:37Z,2025-11-10T06:41:37Z
738,Support,support,1,3,1,2025-11-10T06:41:37Z,2025-11-10T06:41:37Z
739,LSF terms,lsf term,2,2,1,2025-11-10T06:41:37Z,2025-11-10T06:41:37Z
740,concepts,concept,1,4,1,2025-11-10T06:41:37Z,2025-11-10T06:41:37Z
741,LSF basic terms,lsf basic term,3,2,1,2025-11-10T06:41:37Z,2025-11-10T06:41:37Z
742,Cluster characteristics,cluster characteristic,2,2,1,2025-11-10T06:41:37Z,2025-11-10T06:41:37Z
743,installation,installation,1,5,1,2025-11-10T06:41:37Z,2025-11-10T06:41:37Z
744,cluster administrators,cluster administrator,2,4,2,2025-11-10T06:41:37Z,2025-11-10T06:41:37Z
745,File systems,file system,2,3,1,2025-11-10T06:41:37Z,2025-11-10T06:41:37Z
746,networks,network,1,6,1,2025-11-10T06:41:37Z,2025-11-10T06:41:37Z
747,ﬁle systems,ﬁle system,2,9,1,2025-11-10T06:41:37Z,2025-11-10T06:41:37Z
748,ﬁles,ﬁle,1,50,2,2025-11-10T06:41:37Z,2025-11-10T06:41:37Z
749,Important directories,important directory,2,2,1,2025-11-10T06:41:37Z,2025-11-10T06:41:37Z
750,LSF conﬁguration,lsf conﬁguration,2,6,2,2025-11-10T06:41:37Z,2025-11-10T06:41:37Z
751,several conﬁguration ﬁles,several conﬁguration ﬁle,3,2,1,2025-11-10T06:41:37Z,2025-11-10T06:41:37Z
752,behavior,behavior,1,2,1,2025-11-10T06:41:37Z,2025-11-10T06:41:37Z
753,Job states,job state,2,2,1,2025-11-10T06:41:37Z,2025-11-10T06:41:37Z
754,IBM ® Spectrum LSF jobs,ibm ® spectrum lsf job,5,1,1,2025-11-10T06:41:37Z,2025-11-10T06:41:37Z
755,several states,several state,2,1,1,2025-11-10T06:41:37Z,2025-11-10T06:41:37Z
756,PEND,pend,1,2,1,2025-11-10T06:41:37Z,2025-11-10T06:41:37Z
757,queue,queue,1,50,2,2025-11-10T06:41:37Z,2025-11-10T06:41:37Z
758,scheduling,scheduling,1,2,1,2025-11-10T06:41:37Z,2025-11-10T06:41:37Z
759,dispatch,dispatch,1,1,1,2025-11-10T06:41:37Z,2025-11-10T06:41:37Z
760,exit value,exit value,2,1,1,2025-11-10T06:41:37Z,2025-11-10T06:41:37Z
761,EXIT,exit,1,3,1,2025-11-10T06:41:37Z,2025-11-10T06:41:37Z
762,nonzero exit value,nonzero exit value,3,1,1,2025-11-10T06:41:37Z,2025-11-10T06:41:37Z
763,PSUSP,psusp,1,1,1,2025-11-10T06:41:37Z,2025-11-10T06:41:37Z
764,USUSP,ususp,1,1,1,2025-11-10T06:41:37Z,2025-11-10T06:41:37Z
765,SSUSP,ssusp,1,1,1,2025-11-10T06:41:37Z,2025-11-10T06:41:37Z
766,LSF system,lsf system,2,4,1,2025-11-10T06:41:37Z,2025-11-10T06:41:37Z
767,Post - processing,post - processing,3,2,1,2025-11-10T06:41:37Z,2025-11-10T06:41:37Z
768,POST_ERR,post_err,1,1,1,2025-11-10T06:41:37Z,2025-11-10T06:41:37Z
769,UNKWN,unkwn,1,2,1,2025-11-10T06:41:37Z,2025-11-10T06:41:37Z
770,mbatchd daemon,mbatchd daemon,2,15,1,2025-11-10T06:41:37Z,2025-11-10T06:41:37Z
771,contact,contact,1,2,1,2025-11-10T06:41:37Z,2025-11-10T06:41:37Z
772,sbatchd daemon,sbatchd daemon,2,10,1,2025-11-10T06:41:37Z,2025-11-10T06:41:37Z
773,chunk job queue,chunk job queue,3,1,1,2025-11-10T06:41:37Z,2025-11-10T06:41:37Z
774,members,member,1,1,1,2025-11-10T06:41:37Z,2025-11-10T06:41:37Z
775,chunk job,chunk job,2,1,1,2025-11-10T06:41:37Z,2025-11-10T06:41:37Z
776,ZOMBI,zombi,1,2,1,2025-11-10T06:41:37Z,2025-11-10T06:41:37Z
777,ZOMBI state,zombi state,2,4,1,2025-11-10T06:41:37Z,2025-11-10T06:41:37Z
778,state,state,1,1,1,2025-11-10T06:41:37Z,2025-11-10T06:41:37Z
779,execution host,execution host,2,7,1,2025-11-10T06:41:37Z,2025-11-10T06:41:37Z
780,re - runnable job,re - runnable job,4,3,1,2025-11-10T06:41:37Z,2025-11-10T06:41:37Z
781,UNKWN status,unkwn status,2,1,1,2025-11-10T06:41:37Z,2025-11-10T06:41:37Z
782,kill signal,kill signal,2,1,1,2025-11-10T06:41:37Z,2025-11-10T06:41:37Z
783,bkill command,bkill command,2,5,1,2025-11-10T06:41:37Z,2025-11-10T06:41:37Z
784,UNKWN state,unkwn state,2,1,1,2025-11-10T06:41:37Z,2025-11-10T06:41:37Z
785,UNKWN job,unkwn job,2,1,1,2025-11-10T06:41:37Z,2025-11-10T06:41:37Z
786,REMOVE_HUNG_JOBS_FOR parameter,remove_hung_jobs_for parameter,2,1,1,2025-11-10T06:41:37Z,2025-11-10T06:41:37Z
787,lsb.params ﬁle,lsb.param ﬁle,2,2,1,2025-11-10T06:41:37Z,2025-11-10T06:41:37Z
788,hung jobs,hung job,2,1,1,2025-11-10T06:41:37Z,2025-11-10T06:41:37Z
789,REMOVE_HUNG_JOBS_FOR,remove_hung_jobs_for,1,1,1,2025-11-10T06:41:37Z,2025-11-10T06:41:37Z
790,bkill -r command,bkill -r command,3,1,1,2025-11-10T06:41:37Z,2025-11-10T06:41:37Z
791,running job,running job,2,2,1,2025-11-10T06:41:37Z,2025-11-10T06:41:37Z
792,signal,signal,1,2,1,2025-11-10T06:41:37Z,2025-11-10T06:41:37Z
793,job processes,job process,2,2,1,2025-11-10T06:41:37Z,2025-11-10T06:41:37Z
794,reply,reply,1,1,1,2025-11-10T06:41:37Z,2025-11-10T06:41:37Z
795,mbatchd,mbatchd,1,19,1,2025-11-10T06:41:37Z,2025-11-10T06:41:37Z
796,typical cases,typical case,2,1,1,2025-11-10T06:41:37Z,2025-11-10T06:41:37Z
797,procedure,procedure,1,31,2,2025-11-10T06:41:37Z,2025-11-10T06:41:37Z
798,LSF host,lsf host,2,10,1,2025-11-10T06:41:37Z,2025-11-10T06:41:37Z
799,individual computer,individual computer,2,1,1,2025-11-10T06:41:37Z,2025-11-10T06:41:37Z
800,processor,processor,1,6,2,2025-11-10T06:41:37Z,2025-11-10T06:41:37Z
801,Multiprocessor hosts,multiprocessor host,2,2,1,2025-11-10T06:41:37Z,2025-11-10T06:41:37Z
802,parallel jobs,parallel job,2,1,1,2025-11-10T06:41:37Z,2025-11-10T06:41:37Z
803,single process queue,single process queue,3,1,1,2025-11-10T06:41:37Z,2025-11-10T06:41:37Z
804,single machine,single machine,2,1,1,2025-11-10T06:41:37Z,2025-11-10T06:41:37Z
805,own process queue,own process queue,3,1,1,2025-11-10T06:41:37Z,2025-11-10T06:41:37Z
806,group,group,1,7,2,2025-11-10T06:41:37Z,2025-11-10T06:41:37Z
807,execution,execution,1,1,1,2025-11-10T06:41:37Z,2025-11-10T06:41:37Z
808,bsub command,bsub command,2,7,1,2025-11-10T06:41:37Z,2025-11-10T06:41:37Z
809,LSF schedules,lsf schedule,2,2,1,2025-11-10T06:41:37Z,2025-11-10T06:41:37Z
810,controls,control,1,2,1,2025-11-10T06:41:37Z,2025-11-10T06:41:37Z
811,complex problems,complex problem,2,1,1,2025-11-10T06:41:37Z,2025-11-10T06:41:37Z
812,simulation scenarios,simulation scenario,2,1,1,2025-11-10T06:41:37Z,2025-11-10T06:41:37Z
813,extensive calculations,extensive calculation,2,1,1,2025-11-10T06:41:37Z,2025-11-10T06:41:37Z
814,compute power,compute power,2,1,1,2025-11-10T06:41:37Z,2025-11-10T06:41:37Z
815,Job ﬁles,job ﬁle,2,5,1,2025-11-10T06:41:37Z,2025-11-10T06:41:37Z
816,conditions,condition,1,5,2,2025-11-10T06:41:37Z,2025-11-10T06:41:37Z
817,UNIX,unix,1,13,1,2025-11-10T06:41:37Z,2025-11-10T06:41:37Z
818,Bourne shell script,bourne shell script,3,1,1,2025-11-10T06:41:37Z,2025-11-10T06:41:37Z
819,execution time,execution time,2,2,1,2025-11-10T06:41:37Z,2025-11-10T06:41:37Z
820,Windows,windows,1,3,1,2025-11-10T06:41:37Z,2025-11-10T06:41:37Z
821,batch ﬁle,batch ﬁle,2,1,1,2025-11-10T06:41:37Z,2025-11-10T06:41:37Z
822,Interactive batch job,interactive batch job,3,2,1,2025-11-10T06:41:37Z,2025-11-10T06:41:37Z
823,batch job,batch job,2,4,1,2025-11-10T06:41:37Z,2025-11-10T06:41:37Z
824,application,application,1,15,1,2025-11-10T06:41:37Z,2025-11-10T06:41:37Z
825,advantage,advantage,1,2,1,2025-11-10T06:41:37Z,2025-11-10T06:41:37Z
826,LSF scheduling policies,lsf scheduling policy,3,1,1,2025-11-10T06:41:37Z,2025-11-10T06:41:37Z
827,tolerance,tolerance,1,1,1,2025-11-10T06:41:37Z,2025-11-10T06:41:37Z
828,input,input,1,1,1,2025-11-10T06:41:37Z,2025-11-10T06:41:37Z
829,terminal,terminal,1,1,1,2025-11-10T06:41:37Z,2025-11-10T06:41:37Z
830,interactive job,interactive job,2,2,1,2025-11-10T06:41:37Z,2025-11-10T06:41:37Z
831,message,message,1,20,1,2025-11-10T06:41:37Z,2025-11-10T06:41:37Z
832,new job,new job,2,2,1,2025-11-10T06:41:37Z,2025-11-10T06:41:37Z
833,Interactive task,interactive task,2,5,1,2025-11-10T06:41:37Z,2025-11-10T06:41:37Z
834,batch queue,batch queue,2,1,1,2025-11-10T06:41:37Z,2025-11-10T06:41:37Z
835,resources,resource,1,60,2,2025-11-10T06:41:37Z,2025-11-10T06:41:37Z
836,best host,good host,2,2,1,2025-11-10T06:41:37Z,2025-11-10T06:41:37Z
837,candidate hosts,candidate host,2,3,1,2025-11-10T06:41:37Z,2025-11-10T06:41:37Z
838,single process,single process,2,1,1,2025-11-10T06:41:37Z,2025-11-10T06:41:37Z
839,batch processing features,batch processing feature,3,1,1,2025-11-10T06:41:37Z,2025-11-10T06:41:37Z
840,resource requirements,resource requirement,2,7,1,2025-11-10T06:41:37Z,2025-11-10T06:41:37Z
841,selection,selection,1,2,2,2025-11-10T06:41:37Z,2025-11-10T06:41:37Z
842,load,load,1,7,1,2025-11-10T06:41:37Z,2025-11-10T06:41:37Z
843,Local task,local task,2,2,1,2025-11-10T06:41:37Z,2025-11-10T06:41:37Z
844,sense,sense,1,1,1,2025-11-10T06:41:37Z,2025-11-10T06:41:37Z
845,ls command,ls command,2,3,1,2025-11-10T06:41:37Z,2025-11-10T06:41:37Z
846,Remote task,remote task,2,2,1,2025-11-10T06:41:37Z,2025-11-10T06:41:37Z
847,Host types,host type,2,22,1,2025-11-10T06:41:37Z,2025-11-10T06:41:37Z
848,host models,host model,2,11,1,2025-11-10T06:41:37Z,2025-11-10T06:41:37Z
849,Hosts,hosts,1,4,1,2025-11-10T06:41:37Z,2025-11-10T06:41:37Z
850,type X86_64,type x86_64,2,1,1,2025-11-10T06:41:37Z,2025-11-10T06:41:37Z
851,host models Opteron240,host model opteron240,3,1,1,2025-11-10T06:41:37Z,2025-11-10T06:41:37Z
852,Opteron840,opteron840,1,1,1,2025-11-10T06:41:37Z,2025-11-10T06:41:37Z
853,Intel_EM64 T,intel_em64 t,2,3,1,2025-11-10T06:41:37Z,2025-11-10T06:41:37Z
854,LSF host type,lsf host type,3,1,1,2025-11-10T06:41:37Z,2025-11-10T06:41:37Z
855,operating system,operating system,2,2,1,2025-11-10T06:41:37Z,2025-11-10T06:41:37Z
856,host CPU architecture,host cpu architecture,3,1,1,2025-11-10T06:41:37Z,2025-11-10T06:41:37Z
857,same operating system,same operating system,3,1,1,2025-11-10T06:41:37Z,2025-11-10T06:41:37Z
858,same computer architecture,same computer architecture,3,1,1,2025-11-10T06:41:37Z,2025-11-10T06:41:37Z
859,same type,same type,2,2,1,2025-11-10T06:41:37Z,2025-11-10T06:41:37Z
860,different set,different set,2,1,1,2025-11-10T06:41:37Z,2025-11-10T06:41:37Z
861,LSF binary ﬁles,lsf binary ﬁle,3,2,1,2025-11-10T06:41:37Z,2025-11-10T06:41:37Z
862,LSF host model,lsf host model,3,1,1,2025-11-10T06:41:37Z,2025-11-10T06:41:37Z
863,CPU speed scaling factor,cpu speed scaling factor,4,1,1,2025-11-10T06:41:37Z,2025-11-10T06:41:37Z
864,placement,placement,1,1,1,2025-11-10T06:41:37Z,2025-11-10T06:41:37Z
865,calculations,calculation,1,2,1,2025-11-10T06:41:37Z,2025-11-10T06:41:37Z
866,CPU factor,cpu factor,2,5,1,2025-11-10T06:41:37Z,2025-11-10T06:41:37Z
867,LSF resources,lsf resource,2,2,1,2025-11-10T06:41:37Z,2025-11-10T06:41:37Z
868,objects,object,1,1,1,2025-11-10T06:41:37Z,2025-11-10T06:41:37Z
869,LSF system resources,lsf system resource,3,1,1,2025-11-10T06:41:37Z,2025-11-10T06:41:37Z
870,track job requirements,track job requirement,3,1,1,2025-11-10T06:41:37Z,2025-11-10T06:41:37Z
871,schedule jobs,schedule job,2,1,1,2025-11-10T06:41:37Z,2025-11-10T06:41:37Z
872,individual hosts,individual host,2,2,1,2025-11-10T06:41:37Z,2025-11-10T06:41:37Z
873,resource availability,resource availability,2,1,1,2025-11-10T06:41:37Z,2025-11-10T06:41:37Z
874,resource limits,resource limit,2,2,1,2025-11-10T06:41:37Z,2025-11-10T06:41:37Z
875,load thresholds,load threshold,2,3,1,2025-11-10T06:41:37Z,2025-11-10T06:41:37Z
876,fair share scheduling,fair share scheduling,3,1,1,2025-11-10T06:41:37Z,2025-11-10T06:41:37Z
877,Total CPU time,total cpu time,3,1,1,2025-11-10T06:41:37Z,2025-11-10T06:41:37Z
878,Total resident memory usage,total resident memory usage,4,1,1,2025-11-10T06:41:37Z,2025-11-10T06:41:37Z
879,Total virtual memory usage,total virtual memory usage,4,1,1,2025-11-10T06:41:37Z,2025-11-10T06:41:37Z
880,active process group ID,active process group id,4,1,1,2025-11-10T06:41:37Z,2025-11-10T06:41:37Z
881,active processes,active process,2,1,1,2025-11-10T06:41:37Z,2025-11-10T06:41:37Z
882,level resource usage,level resource usage,3,1,1,2025-11-10T06:41:37Z,2025-11-10T06:41:37Z
883,PIM,pim,1,3,1,2025-11-10T06:41:37Z,2025-11-10T06:41:37Z
884,Load indices,load index,2,8,1,2025-11-10T06:41:37Z,2025-11-10T06:41:37Z
885,non - shared resources,non - shared resource,4,1,1,2025-11-10T06:41:37Z,2025-11-10T06:41:37Z
886,LIM,lim,1,68,1,2025-11-10T06:41:37Z,2025-11-10T06:41:37Z
887,ﬁxed time intervals,ﬁxed time interval,3,1,1,2025-11-10T06:41:37Z,2025-11-10T06:41:37Z
888,External load indices,external load index,3,6,1,2025-11-10T06:41:37Z,2025-11-10T06:41:37Z
889,Deﬁned,deﬁned,1,1,1,2025-11-10T06:41:37Z,2025-11-10T06:41:37Z
890,LSF administrator,lsf administrator,2,18,1,2025-11-10T06:41:37Z,2025-11-10T06:41:37Z
891,External Load Information Manager,external load information manager,4,2,1,2025-11-10T06:41:37Z,2025-11-10T06:41:37Z
892,ELIM,elim,1,23,1,2025-11-10T06:41:37Z,2025-11-10T06:41:37Z
893,program,program,1,3,1,2025-11-10T06:41:37Z,2025-11-10T06:41:37Z
894,new values,new value,2,1,1,2025-11-10T06:41:37Z,2025-11-10T06:41:37Z
895,Static resources,static resource,2,2,1,2025-11-10T06:41:37Z,2025-11-10T06:41:37Z
896,host information,host information,2,4,1,2025-11-10T06:41:37Z,2025-11-10T06:41:37Z
897,number,number,1,42,2,2025-11-10T06:41:37Z,2025-11-10T06:41:37Z
898,Most static resources,most static resource,3,1,1,2025-11-10T06:41:37Z,2025-11-10T06:41:37Z
899,startup time,startup time,2,1,1,2025-11-10T06:41:37Z,2025-11-10T06:41:37Z
900,appropriate hosts,appropriate host,2,1,1,2025-11-10T06:41:37Z,2025-11-10T06:41:37Z
901,particular jobs,particular job,2,1,1,2025-11-10T06:41:37Z,2025-11-10T06:41:37Z
902,binary architecture,binary architecture,2,1,1,2025-11-10T06:41:37Z,2025-11-10T06:41:37Z
903,relative CPU speed,relative cpu speed,3,1,1,2025-11-10T06:41:37Z,2025-11-10T06:41:37Z
904,conﬁguration,conﬁguration,1,9,1,2025-11-10T06:41:37Z,2025-11-10T06:41:37Z
905,load threshold speciﬁes,load threshold speciﬁes,3,1,1,2025-11-10T06:41:37Z,2025-11-10T06:41:37Z
906,load condition,load condition,2,1,1,2025-11-10T06:41:37Z,2025-11-10T06:41:37Z
907,threshold,threshold,1,7,1,2025-11-10T06:41:37Z,2025-11-10T06:41:37Z
908,loadStop load threshold,loadstop load threshold,3,1,1,2025-11-10T06:41:37Z,2025-11-10T06:41:37Z
909,load levels,load level,2,1,1,2025-11-10T06:41:37Z,2025-11-10T06:41:37Z
910,meaning,meaning,1,1,1,2025-11-10T06:41:37Z,2025-11-10T06:41:37Z
911,speciﬁc load index,speciﬁc load index,3,1,1,2025-11-10T06:41:37Z,2025-11-10T06:41:37Z
912,host load conditions,host load condition,3,1,1,2025-11-10T06:41:37Z,2025-11-10T06:41:37Z
913,threshold values,threshold value,2,1,1,2025-11-10T06:41:37Z,2025-11-10T06:41:37Z
914,Runtime resource usage limits,runtime resource usage limit,4,1,1,2025-11-10T06:41:37Z,2025-11-10T06:41:37Z
915,speciﬁed amount,speciﬁed amount,2,1,1,2025-11-10T06:41:37Z,2025-11-10T06:41:37Z
916,soft limits,soft limit,2,2,1,2025-11-10T06:41:37Z,2025-11-10T06:41:37Z
917,queue level,queue level,2,2,1,2025-11-10T06:41:37Z,2025-11-10T06:41:37Z
918,hard limits,hard limit,2,1,1,2025-11-10T06:41:37Z,2025-11-10T06:41:37Z
919,job submission,job submission,2,1,1,2025-11-10T06:41:37Z,2025-11-10T06:41:37Z
920,Resource allocation limits,resource allocation limit,3,2,1,2025-11-10T06:41:37Z,2025-11-10T06:41:37Z
921,job scheduling,job scheduling,2,1,1,2025-11-10T06:41:37Z,2025-11-10T06:41:37Z
922,different classes,different class,2,1,1,2025-11-10T06:41:37Z,2025-11-10T06:41:37Z
923,consumers,consumer,1,1,1,2025-11-10T06:41:37Z,2025-11-10T06:41:37Z
924,more jobs,more job,2,1,1,2025-11-10T06:41:37Z,2025-11-10T06:41:37Z
925,-R command option,-r command option,3,1,1,2025-11-10T06:41:37Z,2025-11-10T06:41:37Z
926,bsub -R option speciﬁes resources requirements,bsub -r option speciﬁes resource requirement,6,1,1,2025-11-10T06:41:37Z,2025-11-10T06:41:37Z
927,load index values,load index value,3,1,1,2025-11-10T06:41:37Z,2025-11-10T06:41:37Z
928,scheduling conditions,scheduling condition,2,1,1,2025-11-10T06:41:37Z,2025-11-10T06:41:37Z
929,load values,load value,2,1,1,2025-11-10T06:41:37Z,2025-11-10T06:41:37Z
930,scheduling thresholds,scheduling threshold,2,1,1,2025-11-10T06:41:37Z,2025-11-10T06:41:37Z
931,installation options,installation option,2,1,1,2025-11-10T06:41:37Z,2025-11-10T06:41:37Z
932,install.conﬁg command,install.conﬁg command,2,1,1,2025-11-10T06:41:37Z,2025-11-10T06:41:37Z
933,install.conﬁg ﬁle,install.conﬁg ﬁle,2,4,1,2025-11-10T06:41:37Z,2025-11-10T06:41:37Z
934,LSF_CONFDIR,lsf_confdir,1,25,1,2025-11-10T06:41:37Z,2025-11-10T06:41:37Z
935,lsf.cluster.cluster_name ﬁle,lsf.cluster.cluster_name ﬁle,2,18,1,2025-11-10T06:41:37Z,2025-11-10T06:41:37Z
936,share,share,1,32,1,2025-11-10T06:41:37Z,2025-11-10T06:41:37Z
937,lsf_10,lsf_10,1,1,1,2025-11-10T06:41:37Z,2025-11-10T06:41:37Z
938,conf,conf,1,15,1,2025-11-10T06:41:37Z,2025-11-10T06:41:37Z
939,lsf.cluster.lsf_10,lsf.cluster.lsf_10,1,1,1,2025-11-10T06:41:37Z,2025-11-10T06:41:37Z
940,ClusterAdmins section,clusteradmins section,2,1,1,2025-11-10T06:41:37Z,2025-11-10T06:41:37Z
941,Hosts section,hosts section,2,5,1,2025-11-10T06:41:37Z,2025-11-10T06:41:37Z
942,LSF management host,lsf management host,3,4,1,2025-11-10T06:41:37Z,2025-11-10T06:41:37Z
943,ﬁrst host,ﬁrst host,2,2,1,2025-11-10T06:41:37Z,2025-11-10T06:41:37Z
944,LSF server hosts,lsf server host,3,10,1,2025-11-10T06:41:37Z,2025-11-10T06:41:37Z
945,server column,server column,2,3,1,2025-11-10T06:41:37Z,2025-11-10T06:41:37Z
946,LSF client,lsf client,2,2,1,2025-11-10T06:41:37Z,2025-11-10T06:41:37Z
947,only hosts,only host,2,3,1,2025-11-10T06:41:37Z,2025-11-10T06:41:37Z
948,user data,user datum,2,1,1,2025-11-10T06:41:37Z,2025-11-10T06:41:37Z
949,batch job runs,batch job run,3,1,1,2025-11-10T06:41:37Z,2025-11-10T06:41:37Z
950,copying results,copying result,2,1,1,2025-11-10T06:41:37Z,2025-11-10T06:41:37Z
951,job runs,job run,2,1,1,2025-11-10T06:41:37Z,2025-11-10T06:41:37Z
952,remote jobs access,remote job access,3,1,1,2025-11-10T06:41:37Z,2025-11-10T06:41:37Z
953,local data,local datum,2,1,1,2025-11-10T06:41:37Z,2025-11-10T06:41:37Z
954,Supported ﬁle systems,supported ﬁle system,3,1,1,2025-11-10T06:41:37Z,2025-11-10T06:41:37Z
955,UNIX systems,unix system,2,1,1,2025-11-10T06:41:37Z,2025-11-10T06:41:37Z
956,Network File System,network file system,3,1,1,2025-11-10T06:41:37Z,2025-11-10T06:41:37Z
957,NFS,nfs,1,3,1,2025-11-10T06:41:37Z,2025-11-10T06:41:37Z
958,NFS ﬁle systems,nfs ﬁle system,3,1,1,2025-11-10T06:41:37Z,2025-11-10T06:41:37Z
959,demand,demand,1,1,1,2025-11-10T06:41:37Z,2025-11-10T06:41:37Z
960,automount command,automount command,2,1,1,2025-11-10T06:41:37Z,2025-11-10T06:41:37Z
961,Andrew File System,andrew file system,3,1,1,2025-11-10T06:41:37Z,2025-11-10T06:41:37Z
962,AFS,afs,1,3,1,2025-11-10T06:41:37Z,2025-11-10T06:41:37Z
963,demand basis,demand basis,2,2,1,2025-11-10T06:41:37Z,2025-11-10T06:41:37Z
964,parameters,parameter,1,10,1,2025-11-10T06:41:37Z,2025-11-10T06:41:37Z
965,integration,integration,1,2,1,2025-11-10T06:41:37Z,2025-11-10T06:41:37Z
966,conﬁguration parameters,conﬁguration parameter,2,5,1,2025-11-10T06:41:37Z,2025-11-10T06:41:37Z
967,parallel user jobs,parallel user job,3,1,1,2025-11-10T06:41:37Z,2025-11-10T06:41:37Z
968,access AFS,access afs,2,1,1,2025-11-10T06:41:37Z,2025-11-10T06:41:37Z
969,JOB_SPOOL_DIR,job_spool_dir,1,1,1,2025-11-10T06:41:37Z,2025-11-10T06:41:37Z
970,job output,job output,2,2,1,2025-11-10T06:41:37Z,2025-11-10T06:41:37Z
971,error ﬁles,error ﬁle,2,1,1,2025-11-10T06:41:37Z,2025-11-10T06:41:37Z
972,DCE,dce,1,1,1,2025-11-10T06:41:37Z,2025-11-10T06:41:37Z
973,DFS,dfs,1,1,1,2025-11-10T06:41:37Z,2025-11-10T06:41:37Z
974,LSF ﬁles,lsf ﬁle,2,2,1,2025-11-10T06:41:37Z,2025-11-10T06:41:37Z
975,Windows server machine,windows server machine,3,1,1,2025-11-10T06:41:37Z,2025-11-10T06:41:37Z
976,ﬁle space,ﬁle space,2,2,1,2025-11-10T06:41:37Z,2025-11-10T06:41:37Z
977,copy,copy,1,1,1,2025-11-10T06:41:37Z,2025-11-10T06:41:37Z
978,submission host,submission host,2,1,1,2025-11-10T06:41:37Z,2025-11-10T06:41:37Z
979,job completes,job complete,2,1,1,2025-11-10T06:41:37Z,2025-11-10T06:41:37Z
980,fault tolerance,fault tolerance,2,1,1,2025-11-10T06:41:37Z,2025-11-10T06:41:37Z
981,Example directory structures,example directory structure,3,2,1,2025-11-10T06:41:37Z,2025-11-10T06:41:37Z
982,following ﬁgures,following ﬁgure,2,2,1,2025-11-10T06:41:37Z,2025-11-10T06:41:37Z
983,typical directory structures,typical directory structure,3,6,1,2025-11-10T06:41:37Z,2025-11-10T06:41:37Z
984,new installation,new installation,2,2,1,2025-11-10T06:41:37Z,2025-11-10T06:41:37Z
985,Microsoft Windows,microsoft windows,2,2,1,2025-11-10T06:41:37Z,2025-11-10T06:41:37Z
986,products,product,1,2,1,2025-11-10T06:41:37Z,2025-11-10T06:41:37Z
987,platforms,platform,1,2,1,2025-11-10T06:41:37Z,2025-11-10T06:41:37Z
988,directory structure,directory structure,2,2,1,2025-11-10T06:41:37Z,2025-11-10T06:41:37Z
989,ﬁgure,ﬁgure,1,4,1,2025-11-10T06:41:37Z,2025-11-10T06:41:37Z
990,new UNIX,new unix,2,2,1,2025-11-10T06:41:37Z,2025-11-10T06:41:37Z
991,Linux installation,linux installation,2,2,1,2025-11-10T06:41:37Z,2025-11-10T06:41:37Z
992,lsﬁnstall command,lsﬁnstall command,2,6,1,2025-11-10T06:41:37Z,2025-11-10T06:41:37Z
993,Microsoft Windows directory structure,microsoft windows directory structure,4,2,1,2025-11-10T06:41:37Z,2025-11-10T06:41:37Z
994,new Windows installation,new windows installation,3,2,1,2025-11-10T06:41:37Z,2025-11-10T06:41:37Z
995,important LSF conﬁguration,important lsf conﬁguration,3,1,1,2025-11-10T06:41:37Z,2025-11-10T06:41:37Z
996,important ﬁles,important ﬁle,2,2,1,2025-11-10T06:41:37Z,2025-11-10T06:41:37Z
997,lsf.conf,lsf.conf,1,9,1,2025-11-10T06:41:37Z,2025-11-10T06:41:37Z
998,lsf.cluster.cluster_name,lsf.cluster.cluster_name,1,4,1,2025-11-10T06:41:37Z,2025-11-10T06:41:37Z
999,LSB_CONFDIR,lsb_confdir,1,8,1,2025-11-10T06:41:37Z,2025-11-10T06:41:37Z
1000,cluster_name,cluster_name,1,7,1,2025-11-10T06:41:37Z,2025-11-10T06:41:37Z
1001,conﬁgdir,conﬁgdir,1,14,1,2025-11-10T06:41:37Z,2025-11-10T06:41:37Z
1002,lsb.queues,lsb.queue,1,3,1,2025-11-10T06:41:37Z,2025-11-10T06:41:37Z
1003,product installation,product installation,2,1,1,2025-11-10T06:41:37Z,2025-11-10T06:41:37Z
1004,primary LSF administrator,primary lsf administrator,3,10,1,2025-11-10T06:41:37Z,2025-11-10T06:41:37Z
1005,cluster users,cluster user,2,2,1,2025-11-10T06:41:37Z,2025-11-10T06:41:37Z
1006,paths,path,1,5,1,2025-11-10T06:41:37Z,2025-11-10T06:41:37Z
1007,conﬁguration directories,conﬁguration directory,2,1,1,2025-11-10T06:41:37Z,2025-11-10T06:41:37Z
1008,log directories,log directory,2,3,1,2025-11-10T06:41:37Z,2025-11-10T06:41:37Z
1009,other global conﬁguration,other global conﬁguration,3,1,1,2025-11-10T06:41:37Z,2025-11-10T06:41:37Z
1010,lsf.conf ﬁle,lsf.conf ﬁle,2,24,1,2025-11-10T06:41:37Z,2025-11-10T06:41:37Z
1011,LSF_ENVDIR variable,lsf_envdir variable,2,1,1,2025-11-10T06:41:37Z,2025-11-10T06:41:37Z
1012,LSF_ENVDIR parameter,lsf_envdir parameter,2,2,1,2025-11-10T06:41:37Z,2025-11-10T06:41:37Z
1013,LSF_ENVDIR,lsf_envdir,1,2,1,2025-11-10T06:41:37Z,2025-11-10T06:41:37Z
1014,/etc directory,/etc directory,2,2,1,2025-11-10T06:41:37Z,2025-11-10T06:41:37Z
1015,Deﬁnes,deﬁne,1,2,1,2025-11-10T06:41:37Z,2025-11-10T06:41:37Z
1016,host names,host name,2,5,1,2025-11-10T06:41:37Z,2025-11-10T06:41:37Z
1017,models,model,1,13,1,2025-11-10T06:41:37Z,2025-11-10T06:41:37Z
1018,dictionary,dictionary,1,1,1,2025-11-10T06:41:37Z,2025-11-10T06:41:37Z
1019,keywords,keyword,1,3,1,2025-11-10T06:41:37Z,2025-11-10T06:41:37Z
1020,own keywords,own keyword,2,1,1,2025-11-10T06:41:37Z,2025-11-10T06:41:37Z
1021,workload queues,workload queue,2,1,1,2025-11-10T06:41:37Z,2025-11-10T06:41:37Z
1022,LSF directories,lsf directory,2,1,1,2025-11-10T06:41:37Z,2025-11-10T06:41:37Z
1023,following directories,following directory,2,1,1,2025-11-10T06:41:37Z,2025-11-10T06:41:37Z
1024,Directory Description Example,directory description example,3,1,1,2025-11-10T06:41:37Z,2025-11-10T06:41:37Z
1025,LSF_CONFDIR LSF conﬁguration directory,lsf_confdir lsf conﬁguration directory,4,1,1,2025-11-10T06:41:37Z,2025-11-10T06:41:37Z
1026,lsf / cluster1,lsf / cluster1,3,14,1,2025-11-10T06:41:37Z,2025-11-10T06:41:37Z
1027,LSB_CONFDIR Batch system conﬁguration directory,lsb_confdir batch system conﬁguration directory,5,1,1,2025-11-10T06:41:37Z,2025-11-10T06:41:37Z
1028,LSB_SHAREDIRJob history directory,lsb_sharedirjob history directory,3,1,1,2025-11-10T06:41:37Z,2025-11-10T06:41:37Z
1029,LSF_LOGDIR Server daemon error logs,lsf_logdir server daemon error log,5,1,1,2025-11-10T06:41:37Z,2025-11-10T06:41:37Z
1030,usr,usr,1,2,1,2025-11-10T06:41:37Z,2025-11-10T06:41:37Z
1031,log/,log/,1,1,1,2025-11-10T06:41:37Z,2025-11-10T06:41:37Z
1032,LSF batch,lsf batch,2,1,1,2025-11-10T06:41:37Z,2025-11-10T06:41:37Z
1033,server hosts./usr,server hosts./usr,2,1,1,2025-11-10T06:41:37Z,2025-11-10T06:41:37Z
1034,lsf / cluste,lsf / cluste,3,7,1,2025-11-10T06:41:37Z,2025-11-10T06:41:37Z
1035,lsbatch,lsbatch,1,9,1,2025-11-10T06:41:37Z,2025-11-10T06:41:37Z
1036,clus,clus,1,7,1,2025-11-10T06:41:37Z,2025-11-10T06:41:37Z
1037,ter1,ter1,1,7,1,2025-11-10T06:41:37Z,2025-11-10T06:41:37Z
1038,lsb.ho,lsb.ho,1,1,1,2025-11-10T06:41:37Z,2025-11-10T06:41:37Z
1039,LSF scheduler,lsf scheduler,2,1,1,2025-11-10T06:41:37Z,2025-11-10T06:41:37Z
1040,resource broker,resource broker,2,1,1,2025-11-10T06:41:37Z,2025-11-10T06:41:37Z
1041,modules,module,1,2,1,2025-11-10T06:41:37Z,2025-11-10T06:41:37Z
1042,scheduler,scheduler,1,1,1,2025-11-10T06:41:37Z,2025-11-10T06:41:37Z
1043,resource broker modules,resource broker module,3,1,1,2025-11-10T06:41:37Z,2025-11-10T06:41:37Z
1044,default scheduler plug,default scheduler plug,3,1,1,2025-11-10T06:41:37Z,2025-11-10T06:41:37Z
1045,schmod_default./usr,schmod_default./usr,1,1,1,2025-11-10T06:41:37Z,2025-11-10T06:41:37Z
1046,lsb.m,lsb.m,1,1,1,2025-11-10T06:41:37Z,2025-11-10T06:41:37Z
1047,odules,odule,1,1,1,2025-11-10T06:41:37Z,2025-11-10T06:41:37Z
1048,File Example,file example,2,3,1,2025-11-10T06:41:37Z,2025-11-10T06:41:37Z
1049,LSF batch system parameter ﬁle,lsf batch system parameter ﬁle,5,1,1,2025-11-10T06:41:37Z,2025-11-10T06:41:37Z
1050,lsb.pa,lsb.pa,1,1,1,2025-11-10T06:41:37Z,2025-11-10T06:41:37Z
1051,rams,ram,1,1,1,2025-11-10T06:41:37Z,2025-11-10T06:41:37Z
1052,Job queue deﬁnitions,job queue deﬁnition,3,1,1,2025-11-10T06:41:37Z,2025-11-10T06:41:37Z
1053,lsb.qu,lsb.qu,1,1,1,2025-11-10T06:41:37Z,2025-11-10T06:41:37Z
1054,eues,eue,1,1,1,2025-11-10T06:41:37Z,2025-11-10T06:41:37Z
1055,exports,export,1,1,1,2025-11-10T06:41:37Z,2025-11-10T06:41:37Z
1056,resource usage limits,resource usage limit,3,2,1,2025-11-10T06:41:37Z,2025-11-10T06:41:37Z
1057,lsb.re,lsb.re,1,1,1,2025-11-10T06:41:37Z,2025-11-10T06:41:37Z
1058,sources,source,1,2,1,2025-11-10T06:41:37Z,2025-11-10T06:41:37Z
1059,LSF user groups,lsf user group,3,1,1,2025-11-10T06:41:37Z,2025-11-10T06:41:37Z
1060,hierarchical fair share,hierarchical fair share,3,1,1,2025-11-10T06:41:37Z,2025-11-10T06:41:37Z
1061,user groups,user group,2,2,1,2025-11-10T06:41:37Z,2025-11-10T06:41:37Z
1062,job slot limits,job slot limit,3,1,1,2025-11-10T06:41:37Z,2025-11-10T06:41:37Z
1063,account mappings,account mapping,2,1,1,2025-11-10T06:41:37Z,2025-11-10T06:41:37Z
1064,LSF multicluster capability./usr,lsf multicluster capability./usr,3,1,1,2025-11-10T06:41:37Z,2025-11-10T06:41:37Z
1065,lsb.us,lsb.us,1,1,1,2025-11-10T06:41:37Z,2025-11-10T06:41:37Z
1066,Application proﬁles,application proﬁle,2,1,1,2025-11-10T06:41:37Z,2025-11-10T06:41:37Z
1067,common parameters,common parameter,2,1,1,2025-11-10T06:41:37Z,2025-11-10T06:41:37Z
1068,execution requirements,execution requirement,2,1,1,2025-11-10T06:41:37Z,2025-11-10T06:41:37Z
1069,default application proﬁle,default application proﬁle,3,1,1,2025-11-10T06:41:37Z,2025-11-10T06:41:37Z
1070,default application proﬁle./usr,default application proﬁle./usr,3,1,1,2025-11-10T06:41:37Z,2025-11-10T06:41:37Z
1071,lsb.ap,lsb.ap,1,1,1,2025-11-10T06:41:37Z,2025-11-10T06:41:37Z
1072,plicatons,plicaton,1,1,1,2025-11-10T06:41:37Z,2025-11-10T06:41:37Z
1073,log ﬁles,log ﬁle,2,2,1,2025-11-10T06:41:37Z,2025-11-10T06:41:37Z
1074,Batch events log,batch event log,3,1,1,2025-11-10T06:41:37Z,2025-11-10T06:41:37Z
1075,cluster1,cluster1,1,4,1,2025-11-10T06:41:37Z,2025-11-10T06:41:37Z
1076,logdir,logdir,1,10,1,2025-11-10T06:41:37Z,2025-11-10T06:41:37Z
1077,lsb.events,lsb.event,1,1,1,2025-11-10T06:41:37Z,2025-11-10T06:41:37Z
1078,accounting log,accounting log,2,1,1,2025-11-10T06:41:37Z,2025-11-10T06:41:37Z
1079,lsb.acct,lsb.acct,1,1,1,2025-11-10T06:41:37Z,2025-11-10T06:41:37Z
1080,Daemon log,daemon log,2,1,1,2025-11-10T06:41:37Z,2025-11-10T06:41:37Z
1081,LSF server daemon log ﬁles,lsf server daemon log ﬁle,5,1,1,2025-11-10T06:41:37Z,2025-11-10T06:41:37Z
1082,LSF_LOGDIR,lsf_logdir,1,5,1,2025-11-10T06:41:37Z,2025-11-10T06:41:37Z
1083,Load information manager,load information manager,3,1,1,2025-11-10T06:41:37Z,2025-11-10T06:41:37Z
1084,lim.log.hosta,lim.log.hosta,1,1,1,2025-11-10T06:41:37Z,2025-11-10T06:41:37Z
1085,Remote execution server,remote execution server,3,1,1,2025-11-10T06:41:37Z,2025-11-10T06:41:37Z
1086,res.log.hosta,res.log.hosta,1,1,1,2025-11-10T06:41:37Z,2025-11-10T06:41:37Z
1087,Management,management,1,2,1,2025-11-10T06:41:37Z,2025-11-10T06:41:37Z
1088,log/ mbatchd.log.hosta,log/ mbatchd.log.hosta,2,1,1,2025-11-10T06:41:37Z,2025-11-10T06:41:37Z
1089,mbschd)/usr,mbschd)/usr,1,1,1,2025-11-10T06:41:37Z,2025-11-10T06:41:37Z
1090,mbschd.log.hosta,mbschd.log.hosta,1,1,1,2025-11-10T06:41:37Z,2025-11-10T06:41:37Z
1091,Server batch daemon,server batch daemon,3,1,1,2025-11-10T06:41:37Z,2025-11-10T06:41:37Z
1092,sbatchd,sbatchd,1,4,1,2025-11-10T06:41:37Z,2025-11-10T06:41:37Z
1093,sbatchd.log.hosta,sbatchd.log.hosta,1,1,1,2025-11-10T06:41:37Z,2025-11-10T06:41:37Z
1094,process information manager,process information manager,3,1,1,2025-11-10T06:41:37Z,2025-11-10T06:41:37Z
1095,log/ pim.log.hosta,log/ pim.log.hosta,2,1,1,2025-11-10T06:41:37Z,2025-11-10T06:41:37Z
1096,LSF log directory,lsf log directory,3,2,1,2025-11-10T06:41:37Z,2025-11-10T06:41:37Z
1097,LSF_LOGDIR parameter,lsf_logdir parameter,2,3,1,2025-11-10T06:41:37Z,2025-11-10T06:41:37Z
1098,LSF server,lsf server,2,3,1,2025-11-10T06:41:37Z,2025-11-10T06:41:37Z
1099,error logs,error log,2,4,1,2025-11-10T06:41:37Z,2025-11-10T06:41:37Z
1100,/tmp,/tmp,1,2,1,2025-11-10T06:41:37Z,2025-11-10T06:41:37Z
1101,new IBM ® Spectrum LSF cluster,new ibm ® spectrum lsf cluster,6,1,1,2025-11-10T06:41:37Z,2025-11-10T06:41:37Z
1102,Use LSF administration,use lsf administration,3,4,1,2025-11-10T06:41:37Z,2025-11-10T06:41:37Z
1103,lsadmin,lsadmin,1,14,1,2025-11-10T06:41:37Z,2025-11-10T06:41:37Z
1104,badmin,badmin,1,9,1,2025-11-10T06:41:37Z,2025-11-10T06:41:37Z
1105,cluster conﬁguration,cluster conﬁguration,2,3,1,2025-11-10T06:41:37Z,2025-11-10T06:41:37Z
1106,cluster status,cluster status,2,4,1,2025-11-10T06:41:37Z,2025-11-10T06:41:37Z
1107,LSF batch workload system conﬁguration,lsf batch workload system conﬁguration,5,2,1,2025-11-10T06:41:37Z,2025-11-10T06:41:37Z
1108,bsub,bsub,1,7,1,2025-11-10T06:41:37Z,2025-11-10T06:41:37Z
1109,lsrun commands,lsrun command,2,5,1,2025-11-10T06:41:37Z,2025-11-10T06:41:37Z
1110,bjobs command,bjobs command,2,6,1,2025-11-10T06:41:37Z,2025-11-10T06:41:37Z
1111,Control job execution,control job execution,3,4,1,2025-11-10T06:41:37Z,2025-11-10T06:41:37Z
1112,bresume,bresume,1,6,1,2025-11-10T06:41:37Z,2025-11-10T06:41:37Z
1113,Conﬁgure LSF,conﬁgure lsf,2,2,1,2025-11-10T06:41:37Z,2025-11-10T06:41:37Z
1114,lsf.sudoers ﬁle,lsf.sudoer ﬁle,2,11,1,2025-11-10T06:41:37Z,2025-11-10T06:41:37Z
1115,software licenses,software license,2,9,1,2025-11-10T06:41:37Z,2025-11-10T06:41:37Z
1116,LSF external LIM,lsf external lim,3,2,1,2025-11-10T06:41:37Z,2025-11-10T06:41:37Z
1117,LSF administration commands,lsf administration command,3,2,1,2025-11-10T06:41:37Z,2025-11-10T06:41:37Z
1118,Only LSF administrators,only lsf administrator,3,1,1,2025-11-10T06:41:37Z,2025-11-10T06:41:37Z
1119,following commands,following command,2,6,1,2025-11-10T06:41:37Z,2025-11-10T06:41:37Z
1120,lsadmin command,lsadmin command,2,5,1,2025-11-10T06:41:37Z,2025-11-10T06:41:37Z
1121,operation,operation,1,8,1,2025-11-10T06:41:37Z,2025-11-10T06:41:37Z
1122,badmin command,badmin command,2,8,1,2025-11-10T06:41:37Z,2025-11-10T06:41:37Z
1123,non - root user,non - root user,4,5,1,2025-11-10T06:41:37Z,2025-11-10T06:41:37Z
1124,multi - user cluster,multi - user cluster,4,1,1,2025-11-10T06:41:37Z,2025-11-10T06:41:37Z
1125,user cluster,user cluster,2,4,1,2025-11-10T06:41:37Z,2025-11-10T06:41:37Z
1126,Multi - user conﬁguration,multi - user conﬁguration,4,1,1,2025-11-10T06:41:37Z,2025-11-10T06:41:37Z
1127,Only root,only root,2,1,1,2025-11-10T06:41:37Z,2025-11-10T06:41:37Z
1128,ownership,ownership,1,1,1,2025-11-10T06:41:37Z,2025-11-10T06:41:37Z
1129,badmincommands,badmincommand,1,1,1,2025-11-10T06:41:37Z,2025-11-10T06:41:37Z
1130,Troubleshooting LSF problems,troubleshooting lsf problem,3,9,1,2025-11-10T06:41:37Z,2025-11-10T06:41:37Z
1131,Conﬁgure LSF Startup,conﬁgure lsf startup,3,1,1,2025-11-10T06:41:37Z,2025-11-10T06:41:37Z
1132,system kernel information,system kernel information,3,1,1,2025-11-10T06:41:37Z,2025-11-10T06:41:37Z
1133,/dev,/dev,1,1,1,2025-11-10T06:41:37Z,2025-11-10T06:41:37Z
1134,kmem,kmem,1,1,1,2025-11-10T06:41:37Z,2025-11-10T06:41:37Z
1135,LSF environment,lsf environment,2,8,1,2025-11-10T06:41:37Z,2025-11-10T06:41:37Z
1136,LSF execution environment,lsf execution environment,3,2,1,2025-11-10T06:41:37Z,2025-11-10T06:41:37Z
1137,cshrc.lsf,cshrc.lsf,1,6,1,2025-11-10T06:41:37Z,2025-11-10T06:41:37Z
1138,LSF Cluster Management,lsf cluster management,3,2,1,2025-11-10T06:41:37Z,2025-11-10T06:41:37Z
1139,Operations,operations,1,4,1,2025-11-10T06:41:37Z,2025-11-10T06:41:37Z
1140,shell environment ﬁles,shell environment ﬁle,3,1,1,2025-11-10T06:41:37Z,2025-11-10T06:41:37Z
1141,csh,csh,1,3,1,2025-11-10T06:41:37Z,2025-11-10T06:41:37Z
1142,tcsh shell,tcsh shell,2,3,1,2025-11-10T06:41:37Z,2025-11-10T06:41:37Z
1143,source command,source command,2,2,1,2025-11-10T06:41:37Z,2025-11-10T06:41:37Z
1144,% source,% source,2,1,1,2025-11-10T06:41:37Z,2025-11-10T06:41:37Z
1145,LSF_TOP>/conf,lsf_top>/conf,1,2,1,2025-11-10T06:41:37Z,2025-11-10T06:41:37Z
1146,ksh,ksh,1,3,1,2025-11-10T06:41:37Z,2025-11-10T06:41:37Z
1147,bash shell,bash shell,2,3,1,2025-11-10T06:41:37Z,2025-11-10T06:41:37Z
1148,profile.lsf,profile.lsf,1,2,1,2025-11-10T06:41:37Z,2025-11-10T06:41:37Z
1149,LSF operating environment,lsf operating environment,3,1,1,2025-11-10T06:41:37Z,2025-11-10T06:41:37Z
1150,LSF cluster,lsf cluster,2,6,1,2025-11-10T06:41:37Z,2025-11-10T06:41:37Z
1151,# bctrld,# bctrld,2,9,1,2025-11-10T06:41:37Z,2025-11-10T06:41:37Z
1152,sbd,sbd,1,3,1,2025-11-10T06:41:37Z,2025-11-10T06:41:37Z
1153,LSF commands,lsf command,2,5,1,2025-11-10T06:41:37Z,2025-11-10T06:41:37Z
1154,few minutes,few minute,2,1,1,2025-11-10T06:41:37Z,2025-11-10T06:41:37Z
1155,lim daemon,lim daemon,2,3,1,2025-11-10T06:41:37Z,2025-11-10T06:41:37Z
1156,management host,management host,2,7,1,2025-11-10T06:41:37Z,2025-11-10T06:41:37Z
1157,Exchange initialization information,exchange initialization information,3,1,1,2025-11-10T06:41:37Z,2025-11-10T06:41:37Z
1158,Reload modiﬁed LSF conﬁguration ﬁles,reload modiﬁed lsf conﬁguration ﬁle,5,1,1,2025-11-10T06:41:37Z,2025-11-10T06:41:37Z
1159,restart lim,restart lim,2,6,1,2025-11-10T06:41:37Z,2025-11-10T06:41:37Z
1160,# lsadmin reconfig,# lsadmin reconfig,3,1,1,2025-11-10T06:41:37Z,2025-11-10T06:41:37Z
1161,Reload modiﬁed LSF batch conﬁguration ﬁles,reload modiﬁed lsf batch conﬁguration ﬁle,6,2,1,2025-11-10T06:41:37Z,2025-11-10T06:41:37Z
1162,restart mbatchd,restart mbatchd,2,1,1,2025-11-10T06:41:37Z,2025-11-10T06:41:37Z
1163,# badmin mbdrestart,# badmin mbdrestart,3,1,1,2025-11-10T06:41:37Z,2025-11-10T06:41:37Z
1164,lsb.events ﬁle,lsb.event ﬁle,2,1,1,2025-11-10T06:41:37Z,2025-11-10T06:41:37Z
1165,lot,lot,1,2,1,2025-11-10T06:41:37Z,2025-11-10T06:41:37Z
1166,Example command output,example command output,3,1,1,2025-11-10T06:41:37Z,2025-11-10T06:41:37Z
1167,typical output,typical output,2,1,1,2025-11-10T06:41:37Z,2025-11-10T06:41:37Z
1168,LSF installation,lsf installation,2,1,1,2025-11-10T06:41:37Z,2025-11-10T06:41:37Z
1169,LSF Command Reference,lsf command reference,3,4,1,2025-11-10T06:41:37Z,2025-11-10T06:41:37Z
1170,LSF man,lsf man,2,1,1,2025-11-10T06:41:37Z,2025-11-10T06:41:37Z
1171,complete usage,complete usage,2,1,1,2025-11-10T06:41:37Z,2025-11-10T06:41:37Z
1172,command options,command option,2,1,1,2025-11-10T06:41:37Z,2025-11-10T06:41:37Z
1173,proper output,proper output,2,1,1,2025-11-10T06:41:37Z,2025-11-10T06:41:37Z
1174,LSF daemons lim,lsf daemon lim,3,2,1,2025-11-10T06:41:37Z,2025-11-10T06:41:37Z
1175,lsload commands,lsload command,2,7,1,2025-11-10T06:41:37Z,2025-11-10T06:41:37Z
1176,lsid command,lsid command,2,6,1,2025-11-10T06:41:37Z,2025-11-10T06:41:37Z
1177,current load levels,current load level,3,2,1,2025-11-10T06:41:37Z,2025-11-10T06:41:37Z
1178,LSF batch system conﬁguration,lsf batch system conﬁguration,4,2,1,2025-11-10T06:41:37Z,2025-11-10T06:41:37Z
1179,badmin command controls,badmin command control,3,2,1,2025-11-10T06:41:37Z,2025-11-10T06:41:37Z
1180,LSF batch workload system,lsf batch workload system,4,4,1,2025-11-10T06:41:37Z,2025-11-10T06:41:37Z
1181,batch system status,batch system status,3,2,1,2025-11-10T06:41:37Z,2025-11-10T06:41:37Z
1182,bhosts,bhost,1,7,1,2025-11-10T06:41:37Z,2025-11-10T06:41:37Z
1183,bqueues command,bqueue command,2,4,1,2025-11-10T06:41:37Z,2025-11-10T06:41:37Z
1184,available queues,available queue,2,2,1,2025-11-10T06:41:37Z,2025-11-10T06:41:37Z
1185,Related concepts,related concept,2,2,1,2025-11-10T06:41:37Z,2025-11-10T06:41:37Z
1186,Check cluster conﬁguration,check cluster conﬁguration,3,1,1,2025-11-10T06:41:37Z,2025-11-10T06:41:37Z
1187,lsadmin ckconﬁg command,lsadmin ckconﬁg command,3,1,1,2025-11-10T06:41:37Z,2025-11-10T06:41:37Z
1188,LSF conﬁguration ﬁles,lsf conﬁguration ﬁle,3,2,1,2025-11-10T06:41:37Z,2025-11-10T06:41:37Z
1189,lsadmin ckconﬁg -v,lsadmin ckconﬁg -v,3,1,1,2025-11-10T06:41:37Z,2025-11-10T06:41:37Z
1190,Other messages,other message,2,2,1,2025-11-10T06:41:37Z,2025-11-10T06:41:37Z
1191,% lsadmin ckconfig -v,% lsadmin ckconfig -v,4,1,1,2025-11-10T06:41:37Z,2025-11-10T06:41:37Z
1192,configuration files,configuration file,2,8,1,2025-11-10T06:41:37Z,2025-11-10T06:41:37Z
1193,EGO,ego,1,6,1,2025-11-10T06:41:37Z,2025-11-10T06:41:37Z
1194,Jul,jul,1,4,1,2025-11-10T06:41:37Z,2025-11-10T06:41:37Z
1195,Copyright International Business Machines Corp.,copyright international business machines corp.,5,1,1,2025-11-10T06:41:37Z,2025-11-10T06:41:37Z
1196,US Government Users,us government users,3,1,1,2025-11-10T06:41:37Z,2025-11-10T06:41:37Z
1197,Rights,rights,1,1,1,2025-11-10T06:41:37Z,2025-11-10T06:41:37Z
1198,duplication,duplication,1,1,1,2025-11-10T06:41:37Z,2025-11-10T06:41:37Z
1199,disclosure,disclosure,1,1,1,2025-11-10T06:41:37Z,2025-11-10T06:41:37Z
1200,GSA ADP Schedule Contract,gsa adp schedule contract,4,1,1,2025-11-10T06:41:37Z,2025-11-10T06:41:37Z
1201,IBM Corp.,ibm corp.,2,1,1,2025-11-10T06:41:37Z,2025-11-10T06:41:37Z
1202,binary type,binary type,2,1,1,2025-11-10T06:41:37Z,2025-11-10T06:41:37Z
1203,- x86_64,- x86_64,2,1,1,2025-11-10T06:41:37Z,2025-11-10T06:41:37Z
1204,/opt,/opt,1,5,1,2025-11-10T06:41:37Z,2025-11-10T06:41:37Z
1205,Aug,aug,1,11,1,2025-11-10T06:41:37Z,2025-11-10T06:41:37Z
1206,advanced workload execution mode,advanced workload execution mode,4,1,1,2025-11-10T06:41:37Z,2025-11-10T06:41:37Z
1207,Master LIM,master lim,2,3,1,2025-11-10T06:41:37Z,2025-11-10T06:41:37Z
1208,EGO_DISABLE_UNRESOLVABLE_HOST mode,ego_disable_unresolvable_host mode,2,1,1,2025-11-10T06:41:37Z,2025-11-10T06:41:37Z
1209,lsf/10.1,lsf/10.1,1,1,1,2025-11-10T06:41:37Z,2025-11-10T06:41:37Z
1210,linux2.6,linux2.6,1,1,1,2025-11-10T06:41:37Z,2025-11-10T06:41:37Z
1211,glibc2.3 - x86_64,glibc2.3 - x86_64,3,1,1,2025-11-10T06:41:37Z,2025-11-10T06:41:37Z
1212,lim -C,lim -c,2,1,1,2025-11-10T06:41:37Z,2025-11-10T06:41:37Z
1213,3.6.0,3.6.0,1,1,1,2025-11-10T06:41:37Z,2025-11-10T06:41:37Z
1214,product entitlement version,product entitlement version,3,1,1,2025-11-10T06:41:37Z,2025-11-10T06:41:37Z
1215,Last message,last message,2,1,1,2025-11-10T06:41:37Z,2025-11-10T06:41:37Z
1216,time(s,time(s,1,1,1,2025-11-10T06:41:37Z,2025-11-10T06:41:37Z
1217,EGO_AUDIT_MAX_SIZE,ego_audit_max_size,1,1,1,2025-11-10T06:41:37Z,2025-11-10T06:41:37Z
1218,EGO_AUDIT_MAX_ROTATE,ego_audit_max_rotate,1,1,1,2025-11-10T06:41:37Z,2025-11-10T06:41:37Z
1219,IBM Spectrum LSF Standard Edition,ibm spectrum lsf standard edition,5,1,1,2025-11-10T06:41:37Z,2025-11-10T06:41:37Z
1220,reCheckClass,recheckclas,1,1,1,2025-11-10T06:41:37Z,2025-11-10T06:41:37Z
1221,exchIntvl,exchintvl,1,1,1,2025-11-10T06:41:37Z,2025-11-10T06:41:37Z
1222,3.6.0 Checking Done,3.6.0 checking done,3,1,1,2025-11-10T06:41:37Z,2025-11-10T06:41:37Z
1223,common conﬁguration errors,common conﬁguration error,3,6,1,2025-11-10T06:41:37Z,2025-11-10T06:41:37Z
1224,current LSF version number,current lsf version number,4,1,1,2025-11-10T06:41:37Z,2025-11-10T06:41:37Z
1225,current LSF management host,current lsf management host,4,1,1,2025-11-10T06:41:37Z,2025-11-10T06:41:37Z
1226,LSF management host name,lsf management host name,4,1,1,2025-11-10T06:41:37Z,2025-11-10T06:41:37Z
1227,master name,master name,2,1,1,2025-11-10T06:41:37Z,2025-11-10T06:41:37Z
1228,lsf.conf file message,lsf.conf file message,3,1,1,2025-11-10T06:41:37Z,2025-11-10T06:41:37Z
1229,LSF_ENVDIR environment variable,lsf_envdir environment variable,3,1,1,2025-11-10T06:41:37Z,2025-11-10T06:41:37Z
1230,more help,more help,2,2,1,2025-11-10T06:41:37Z,2025-11-10T06:41:37Z
1231,Normal status,normal status,2,2,1,2025-11-10T06:41:37Z,2025-11-10T06:41:37Z
1232,% lsload,% lsload,2,1,1,2025-11-10T06:41:37Z,2025-11-10T06:41:37Z
1233,status r15s r1 m r15 m ut,status r15s r1 m r15 m ut,7,1,1,2025-11-10T06:41:37Z,2025-11-10T06:41:37Z
1234,tmp swp mem,tmp swp mem,3,1,1,2025-11-10T06:41:37Z,2025-11-10T06:41:37Z
1235,hosta,hosta,1,5,1,2025-11-10T06:41:37Z,2025-11-10T06:41:37Z
1236,hostc,hostc,1,6,1,2025-11-10T06:41:37Z,2025-11-10T06:41:37Z
1237,hostv,hostv,1,1,1,2025-11-10T06:41:37Z,2025-11-10T06:41:37Z
1238,busy status,busy status,2,1,1,2025-11-10T06:41:37Z,2025-11-10T06:41:37Z
1239,asterisk,asterisk,1,1,1,2025-11-10T06:41:37Z,2025-11-10T06:41:37Z
1240,marks load indexes,mark load index,3,1,1,2025-11-10T06:41:37Z,2025-11-10T06:41:37Z
1241,host status,host status,2,1,1,2025-11-10T06:41:37Z,2025-11-10T06:41:37Z
1242,minus sign,minus sign,2,3,1,2025-11-10T06:41:37Z,2025-11-10T06:41:37Z
1243,front,front,1,2,1,2025-11-10T06:41:37Z,2025-11-10T06:41:37Z
1244,few seconds,few second,2,4,1,2025-11-10T06:41:37Z,2025-11-10T06:41:37Z
1245,hosts time,host time,2,1,1,2025-11-10T06:41:37Z,2025-11-10T06:41:37Z
1246,getentitlementinfo,getentitlementinfo,1,1,1,2025-11-10T06:41:37Z,2025-11-10T06:41:37Z
1247,Other useful commands,other useful command,3,2,1,2025-11-10T06:41:37Z,2025-11-10T06:41:37Z
1248,bparams command,bparam command,2,2,1,2025-11-10T06:41:37Z,2025-11-10T06:41:37Z
1249,LSF batch system conﬁguration parameters,lsf batch system conﬁguration parameter,5,2,1,2025-11-10T06:41:37Z,2025-11-10T06:41:37Z
1250,bhist command,bhist command,2,2,1,2025-11-10T06:41:37Z,2025-11-10T06:41:37Z
1251,historical information,historical information,2,2,1,2025-11-10T06:41:37Z,2025-11-10T06:41:37Z
1252,badmin ckconﬁg command,badmin ckconﬁg command,3,5,1,2025-11-10T06:41:37Z,2025-11-10T06:41:37Z
1253,LSF batch system conﬁguration ﬁles,lsf batch system conﬁguration ﬁle,5,1,1,2025-11-10T06:41:37Z,2025-11-10T06:41:37Z
1254,badmin ckconﬁg -v,badmin ckconﬁg -v,3,1,1,2025-11-10T06:41:37Z,2025-11-10T06:41:37Z
1255,LSF batch workload,lsf batch workload,3,1,1,2025-11-10T06:41:37Z,2025-11-10T06:41:37Z
1256,system conﬁguration,system conﬁguration,2,1,1,2025-11-10T06:41:37Z,2025-11-10T06:41:37Z
1257,% badmin ckconfig -v,% badmin ckconfig -v,4,1,1,2025-11-10T06:41:37Z,2025-11-10T06:41:37Z
1258,Dec,dec,1,3,1,2025-11-10T06:41:37Z,2025-11-10T06:41:37Z
1259,minit,minit,1,1,1,2025-11-10T06:41:37Z,2025-11-10T06:41:37Z
1260,Batch,batch,1,1,1,2025-11-10T06:41:37Z,2025-11-10T06:41:37Z
1261,Checking,checking,1,1,1,2025-11-10T06:41:37Z,2025-11-10T06:41:37Z
1262,LSF batch commands,lsf batch command,3,3,1,2025-11-10T06:41:37Z,2025-11-10T06:41:37Z
1263,LSF batch server hosts,lsf batch server host,4,1,1,2025-11-10T06:41:37Z,2025-11-10T06:41:37Z
1264,other details,other detail,2,1,1,2025-11-10T06:41:37Z,2025-11-10T06:41:37Z
1265,batch hosts,batch host,2,1,1,2025-11-10T06:41:37Z,2025-11-10T06:41:37Z
1266,Maximum number,maximum number,2,5,2,2025-11-10T06:41:37Z,2025-11-10T06:41:37Z
1267,job slots,job slot,2,1,1,2025-11-10T06:41:37Z,2025-11-10T06:41:37Z
1268,single user,single user,2,1,1,2025-11-10T06:41:37Z,2025-11-10T06:41:37Z
1269,Total number,total number,2,3,1,2025-11-10T06:41:37Z,2025-11-10T06:41:37Z
1270,reserved job slots,reserved job slot,3,1,1,2025-11-10T06:41:37Z,2025-11-10T06:41:37Z
1271,STATUS JL,status jl,2,1,1,2025-11-10T06:41:37Z,2025-11-10T06:41:37Z
1272,U MAX NJOBS RUN SSUSP USUSP,u max njobs run ssusp ususp,6,1,1,2025-11-10T06:41:37Z,2025-11-10T06:41:37Z
1273,RSV,rsv,1,2,1,2025-11-10T06:41:37Z,2025-11-10T06:41:37Z
1274,hosta ok,hosta ok,2,1,1,2025-11-10T06:41:37Z,2025-11-10T06:41:37Z
1275,hostb ok,hostb ok,2,1,1,2025-11-10T06:41:37Z,2025-11-10T06:41:37Z
1276,hostc ok,hostc ok,2,1,1,2025-11-10T06:41:37Z,2025-11-10T06:41:37Z
1277,hostd ok,hostd ok,2,1,1,2025-11-10T06:41:37Z,2025-11-10T06:41:37Z
1278,daemon time,daemon time,2,1,1,2025-11-10T06:41:37Z,2025-11-10T06:41:37Z
1279,batch system daemon,batch system daemon,3,1,1,2025-11-10T06:41:37Z,2025-11-10T06:41:37Z
1280,common LSF problems,common lsf problem,3,3,1,2025-11-10T06:41:37Z,2025-11-10T06:41:37Z
1281,bqueues command,bqueues command,2,1,1,2025-11-10T06:41:37Z,2025-11-10T06:41:37Z
1282,LSF queues,lsf queue,2,3,2,2025-11-10T06:41:37Z,2025-11-10T06:41:37Z
1283,different priorities,different priority,2,1,1,2025-11-10T06:41:37Z,2025-11-10T06:41:37Z
1284,different scheduling policies,different scheduling policy,3,1,1,2025-11-10T06:41:37Z,2025-11-10T06:41:37Z
1285,PRIO STATUS MAX JL,prio status max jl,4,1,1,2025-11-10T06:41:37Z,2025-11-10T06:41:37Z
1286,U JL,u jl,2,2,1,2025-11-10T06:41:37Z,2025-11-10T06:41:37Z
1287,P JL,p jl,2,2,1,2025-11-10T06:41:37Z,2025-11-10T06:41:37Z
1288,H NJOBS PEND RUN SUSP,h njobs pend run susp,5,1,1,2025-11-10T06:41:37Z,2025-11-10T06:41:37Z
1289,owners,owner,1,1,1,2025-11-10T06:41:37Z,2025-11-10T06:41:37Z
1290,Active,active,1,8,1,2025-11-10T06:41:37Z,2025-11-10T06:41:37Z
1291,priority,priority,1,3,1,2025-11-10T06:41:37Z,2025-11-10T06:41:37Z
1292,night,night,1,3,1,2025-11-10T06:41:37Z,2025-11-10T06:41:37Z
1293,Inact,inact,1,1,1,2025-11-10T06:41:37Z,2025-11-10T06:41:37Z
1294,license,license,1,12,1,2025-11-10T06:41:37Z,2025-11-10T06:41:37Z
1295,detailed queue information,detailed queue information,3,1,1,2025-11-10T06:41:37Z,2025-11-10T06:41:37Z
1296,bqueues -l command,bqueue -l command,3,2,1,2025-11-10T06:41:37Z,2025-11-10T06:41:37Z
1297,normal low priority jobs,normal low priority job,4,2,1,2025-11-10T06:41:37Z,2025-11-10T06:41:37Z
1298,default queue,default queue,2,3,1,2025-11-10T06:41:37Z,2025-11-10T06:41:37Z
1299,PARAMETERS,parameters,1,1,1,2025-11-10T06:41:37Z,2025-11-10T06:41:37Z
1300,STATISTICS,statistics,1,1,1,2025-11-10T06:41:37Z,2025-11-10T06:41:37Z
1301,PRIO NICE STATUS MAX JL,prio nice status max jl,5,1,1,2025-11-10T06:41:37Z,2025-11-10T06:41:37Z
1302,H NJOBS PEND RUN SSUSP USUSP,h njobs pend run ssusp ususp,6,1,1,2025-11-10T06:41:37Z,2025-11-10T06:41:37Z
1303,SCHEDULING PARAMETERS,scheduling parameter,2,1,1,2025-11-10T06:41:37Z,2025-11-10T06:41:37Z
1304,r15s,r15s,1,1,1,2025-11-10T06:41:37Z,2025-11-10T06:41:37Z
1305,r1 m r15,r1 m r15,3,1,1,2025-11-10T06:41:37Z,2025-11-10T06:41:37Z
1306,ut pg io,ut pg io,3,2,1,2025-11-10T06:41:37Z,2025-11-10T06:41:37Z
1307,swp mem,swp mem,2,1,1,2025-11-10T06:41:37Z,2025-11-10T06:41:37Z
1308,SCHEDULING POLICIES,scheduling policy,2,2,1,2025-11-10T06:41:37Z,2025-11-10T06:41:37Z
1309,FAIRSHARE NO_INTERACTIVE,fairshare no_interactive,2,1,1,2025-11-10T06:41:37Z,2025-11-10T06:41:37Z
1310,kinds,kind,1,2,1,2025-11-10T06:41:37Z,2025-11-10T06:41:37Z
1311,Scheduling threshold values,scheduling threshold value,3,1,1,2025-11-10T06:41:37Z,2025-11-10T06:41:37Z
1312,loadStop,loadstop,1,1,1,2025-11-10T06:41:37Z,2025-11-10T06:41:37Z
1313,lsrun,lsrun,1,6,1,2025-11-10T06:41:37Z,2025-11-10T06:41:37Z
1314,basic commands,basic command,2,1,1,2025-11-10T06:41:37Z,2025-11-10T06:41:37Z
1315,LSF batch scheduler,lsf batch scheduler,3,1,1,2025-11-10T06:41:37Z,2025-11-10T06:41:37Z
1316,available host,available host,2,1,1,2025-11-10T06:41:37Z,2025-11-10T06:41:37Z
1317,best available host,good available host,3,3,1,2025-11-10T06:41:37Z,2025-11-10T06:41:37Z
1318,current system load information,current system load information,4,1,1,2025-11-10T06:41:37Z,2025-11-10T06:41:37Z
1319,most jobs,most job,2,1,1,2025-11-10T06:41:37Z,2025-11-10T06:41:37Z
1320,job commands,job command,2,1,1,2025-11-10T06:41:37Z,2025-11-10T06:41:37Z
1321,executable applications,executable application,2,1,1,2025-11-10T06:41:37Z,2025-11-10T06:41:37Z
1322,execution scripts,execution script,2,1,1,2025-11-10T06:41:37Z,2025-11-10T06:41:37Z
1323,scheduling queues,scheduling queue,2,2,1,2025-11-10T06:41:37Z,2025-11-10T06:41:37Z
1324,job status,job status,2,2,1,2025-11-10T06:41:37Z,2025-11-10T06:41:37Z
1325,bjobs,bjobs,1,2,1,2025-11-10T06:41:37Z,2025-11-10T06:41:37Z
1326,job ID,job id,2,5,1,2025-11-10T06:41:37Z,2025-11-10T06:41:37Z
1327,other information,other information,2,2,1,2025-11-10T06:41:37Z,2025-11-10T06:41:37Z
1328,bkill,bkill,1,4,1,2025-11-10T06:41:37Z,2025-11-10T06:41:37Z
1329,Use LSF commands,use lsf command,3,2,1,2025-11-10T06:41:37Z,2025-11-10T06:41:37Z
1330,bstop,bstop,1,2,1,2025-11-10T06:41:37Z,2025-11-10T06:41:37Z
1331,resume,resume,1,2,1,2025-11-10T06:41:37Z,2025-11-10T06:41:37Z
1332,lsgrun,lsgrun,1,2,1,2025-11-10T06:41:37Z,2025-11-10T06:41:37Z
1333,current local host,current local host,3,2,1,2025-11-10T06:41:37Z,2025-11-10T06:41:37Z
1334,appropriate host type,appropriate host type,3,2,1,2025-11-10T06:41:37Z,2025-11-10T06:41:37Z
1335,lsgrun command,lsgrun command,2,2,1,2025-11-10T06:41:37Z,2025-11-10T06:41:37Z
1336,complete job,complete job,2,1,1,2025-11-10T06:41:37Z,2025-11-10T06:41:37Z
1337,submission options,submission option,2,1,1,2025-11-10T06:41:37Z,2025-11-10T06:41:37Z
1338,LSF Job Execution,lsf job execution,3,1,1,2025-11-10T06:41:37Z,2025-11-10T06:41:37Z
1339,Submit batch jobs,submit batch job,3,1,1,2025-11-10T06:41:37Z,2025-11-10T06:41:37Z
1340,sleep job,sleep job,2,1,1,2025-11-10T06:41:37Z,2025-11-10T06:41:37Z
1341,% bsub sleep,% bsub sleep,3,1,1,2025-11-10T06:41:37Z,2025-11-10T06:41:37Z
1342,unique job ID,unique job id,3,1,1,2025-11-10T06:41:37Z,2025-11-10T06:41:37Z
1343,wide range,wide range,2,1,1,2025-11-10T06:41:37Z,2025-11-10T06:41:37Z
1344,job options,job option,2,2,2,2025-11-10T06:41:37Z,2025-11-10T06:41:37Z
1345,job command sleep,job command sleep,3,1,1,2025-11-10T06:41:37Z,2025-11-10T06:41:37Z
1346,short sleep,short sleep,2,1,1,2025-11-10T06:41:37Z,2025-11-10T06:41:37Z
1347,short,short,1,2,1,2025-11-10T06:41:37Z,2025-11-10T06:41:37Z
1348,email,email,1,3,1,2025-11-10T06:41:37Z,2025-11-10T06:41:37Z
1349,job report,job report,2,1,1,2025-11-10T06:41:37Z,2025-11-10T06:41:37Z
1350,standard output,standard output,2,4,1,2025-11-10T06:41:37Z,2025-11-10T06:41:37Z
1351,standard error,standard error,2,2,1,2025-11-10T06:41:37Z,2025-11-10T06:41:37Z
1352,errors.3640,errors.3640,1,1,1,2025-11-10T06:41:37Z,2025-11-10T06:41:37Z
1353,jobs subdirectory,job subdirectory,2,1,1,2025-11-10T06:41:37Z,2025-11-10T06:41:37Z
1354,home directory,home directory,2,1,1,2025-11-10T06:41:37Z,2025-11-10T06:41:37Z
1355,user1,user1,1,3,1,2025-11-10T06:41:37Z,2025-11-10T06:41:37Z
1356,output.%J,output.%j,1,1,1,2025-11-10T06:41:37Z,2025-11-10T06:41:37Z
1357,errors.%J ls -l,errors.%j ls -l,3,1,1,2025-11-10T06:41:37Z,2025-11-10T06:41:37Z
1358,% J variable,% j variable,3,1,1,2025-11-10T06:41:37Z,2025-11-10T06:41:37Z
1359,% J,% j,2,1,1,2025-11-10T06:41:37Z,2025-11-10T06:41:37Z
1360,ﬁnd job output,ﬁnd job output,3,1,1,2025-11-10T06:41:37Z,2025-11-10T06:41:37Z
1361,bsub -I,bsub -i,2,1,1,2025-11-10T06:41:37Z,2025-11-10T06:41:37Z
1362,-I option,-i option,2,1,1,2025-11-10T06:41:37Z,2025-11-10T06:41:37Z
1363,batch interactive job,batch interactive job,3,3,1,2025-11-10T06:41:37Z,2025-11-10T06:41:37Z
1364,-I ls,-i ls,2,1,1,2025-11-10T06:41:37Z,2025-11-10T06:41:37Z
1365,bsub -Ip option,bsub -ip option,3,1,1,2025-11-10T06:41:37Z,2025-11-10T06:41:37Z
1366,pseudo - terminal,pseudo - terminal,3,1,1,2025-11-10T06:41:37Z,2025-11-10T06:41:37Z
1367,shell mode support,shell mode support,3,1,1,2025-11-10T06:41:37Z,2025-11-10T06:41:37Z
1368,% bjobs,% bjobs,2,3,1,2025-11-10T06:41:37Z,2025-11-10T06:41:37Z
1369,JOBID USER STAT QUEUE,jobid user stat queue,4,4,1,2025-11-10T06:41:37Z,2025-11-10T06:41:37Z
1370,SUBMIT_TIME,submit_time,1,2,1,2025-11-10T06:41:37Z,2025-11-10T06:41:37Z
1371,user1 RUN normal hosta hostb sleep,user1 run normal hosta hostb sleep,6,2,1,2025-11-10T06:41:37Z,2025-11-10T06:41:37Z
1372,Jun,jun,1,3,1,2025-11-10T06:41:37Z,2025-11-10T06:41:37Z
1373,sleep,sleep,1,2,1,2025-11-10T06:41:37Z,2025-11-10T06:41:37Z
1374,speciﬁc job,speciﬁc job,2,1,1,2025-11-10T06:41:37Z,2025-11-10T06:41:37Z
1375,STAT column,stat column,2,1,1,2025-11-10T06:41:37Z,2025-11-10T06:41:37Z
1376,bstop command,bstop command,2,2,1,2025-11-10T06:41:37Z,2025-11-10T06:41:37Z
1377,USUSP status,ususp status,2,1,1,2025-11-10T06:41:37Z,2025-11-10T06:41:37Z
1378,user1 USUSP normal hosta hostb sleep,user1 ususp normal hosta hostb sleep,6,1,1,2025-11-10T06:41:37Z,2025-11-10T06:41:37Z
1379,Job owners,job owner,2,3,1,2025-11-10T06:41:37Z,2025-11-10T06:41:37Z
1380,own jobs,own job,2,2,1,2025-11-10T06:41:37Z,2025-11-10T06:41:37Z
1381,bresume command,bresume command,2,2,1,2025-11-10T06:41:37Z,2025-11-10T06:41:37Z
1382,RUN status,run status,2,1,1,2025-11-10T06:41:37Z,2025-11-10T06:41:37Z
1383,speciﬁed jobs,speciﬁed job,2,1,1,2025-11-10T06:41:37Z,2025-11-10T06:41:37Z
1384,necessary resources,necessary resource,2,1,1,2025-11-10T06:41:37Z,2025-11-10T06:41:37Z
1385,% lsrun ls -l /usr,% lsrun ls -l /usr,5,1,1,2025-11-10T06:41:37Z,2025-11-10T06:41:37Z
1386,r--,r--,1,5,1,2025-11-10T06:41:37Z,2025-11-10T06:41:37Z
1387,root lsf,root lsf,2,4,1,2025-11-10T06:41:37Z,2025-11-10T06:41:37Z
1388,Oct,oct,1,1,1,2025-11-10T06:41:37Z,2025-11-10T06:41:37Z
1389,drwxr,drwxr,1,1,1,2025-11-10T06:41:37Z,2025-11-10T06:41:37Z
1390,lsfadmin lsf,lsfadmin lsf,2,3,1,2025-11-10T06:41:37Z,2025-11-10T06:41:37Z
1391,-rw,-rw,1,2,1,2025-11-10T06:41:37Z,2025-11-10T06:41:37Z
1392,Nov,nov,1,3,1,2025-11-10T06:41:37Z,2025-11-10T06:41:37Z
1393,hostname command,hostname command,2,2,1,2025-11-10T06:41:37Z,2025-11-10T06:41:37Z
1394,host hosta,host hosta,2,1,1,2025-11-10T06:41:37Z,2025-11-10T06:41:37Z
1395,% lsrun,% lsrun,2,1,1,2025-11-10T06:41:37Z,2025-11-10T06:41:37Z
1396,hosta hostname,hosta hostname,2,1,1,2025-11-10T06:41:37Z,2025-11-10T06:41:37Z
1397,hostname,hostname,1,5,1,2025-11-10T06:41:37Z,2025-11-10T06:41:37Z
1398,remote host hosta,remote host hosta,3,1,1,2025-11-10T06:41:37Z,2025-11-10T06:41:37Z
1399,remote hosts,remote host,2,8,1,2025-11-10T06:41:37Z,2025-11-10T06:41:37Z
1400,% lsgrun,% lsgrun,2,1,1,2025-11-10T06:41:37Z,2025-11-10T06:41:37Z
1401,hostb hostc,hostb hostc,2,1,1,2025-11-10T06:41:37Z,2025-11-10T06:41:37Z
1402,hosta >,hosta >,2,1,1,2025-11-10T06:41:37Z,2025-11-10T06:41:37Z
1403,hostb,hostb,1,3,1,2025-11-10T06:41:37Z,2025-11-10T06:41:37Z
1404,complete job submission,complete job submission,3,1,1,2025-11-10T06:41:37Z,2025-11-10T06:41:37Z
1405,Wrapper shell scripts,wrapper shell script,3,3,1,2025-11-10T06:41:37Z,2025-11-10T06:41:37Z
1406,Wrapper binary executables,wrapper binary executable,3,1,1,2025-11-10T06:41:37Z,2025-11-10T06:41:37Z
1407,application source code,application source code,3,2,1,2025-11-10T06:41:37Z,2025-11-10T06:41:37Z
1408,interfaces,interface,1,2,1,2025-11-10T06:41:37Z,2025-11-10T06:41:37Z
1409,easiest integration method,easy integration method,3,1,1,2025-11-10T06:41:37Z,2025-11-10T06:41:37Z
1410,executable ﬁle,executable ﬁle,2,2,1,2025-11-10T06:41:37Z,2025-11-10T06:41:37Z
1411,shell script,shell script,2,3,1,2025-11-10T06:41:37Z,2025-11-10T06:41:37Z
1412,wrapper script,wrapper script,2,2,1,2025-11-10T06:41:37Z,2025-11-10T06:41:37Z
1413,simple interface,simple interface,2,1,1,2025-11-10T06:41:37Z,2025-11-10T06:41:37Z
1414,abc,abc,1,3,1,2025-11-10T06:41:37Z,2025-11-10T06:41:37Z
1415,rename abc,rename abc,2,1,1,2025-11-10T06:41:37Z,2025-11-10T06:41:37Z
1416,rusage[abc_license=1,rusage[abc_license=1,1,1,1,2025-11-10T06:41:37Z,2025-11-10T06:41:37Z
1417,duration=1,duration=1,1,4,1,2025-11-10T06:41:37Z,2025-11-10T06:41:37Z
1418,abc_real,abc_real,1,1,1,2025-11-10T06:41:37Z,2025-11-10T06:41:37Z
1419,job abc_real,job abc_real,2,1,1,2025-11-10T06:41:37Z,2025-11-10T06:41:37Z
1420,abc_license,abc_license,1,1,1,2025-11-10T06:41:37Z,2025-11-10T06:41:37Z
1421,rusage,rusage,1,2,1,2025-11-10T06:41:37Z,2025-11-10T06:41:37Z
1422,string,string,1,3,1,2025-11-10T06:41:37Z,2025-11-10T06:41:37Z
1423,-R option,-r option,2,1,1,2025-11-10T06:41:37Z,2025-11-10T06:41:37Z
1424,appropriate options,appropriate option,2,1,1,2025-11-10T06:41:37Z,2025-11-10T06:41:37Z
1425,Requeue jobs,requeue job,2,1,1,2025-11-10T06:41:37Z,2025-11-10T06:41:37Z
1426,license availability,license availability,2,1,1,2025-11-10T06:41:37Z,2025-11-10T06:41:37Z
1427,Copy input,copy input,2,1,1,2025-11-10T06:41:37Z,2025-11-10T06:41:37Z
1428,output ﬁles,output ﬁle,2,1,1,2025-11-10T06:41:37Z,2025-11-10T06:41:37Z
1429,local directory,local directory,2,1,1,2025-11-10T06:41:37Z,2025-11-10T06:41:37Z
1430,Calculate,calculate,1,1,1,2025-11-10T06:41:37Z,2025-11-10T06:41:37Z
1431,Wrapper binary programs,wrapper binary program,3,2,1,2025-11-10T06:41:37Z,2025-11-10T06:41:37Z
1432,wrapper binary,wrapper binary,2,1,1,2025-11-10T06:41:37Z,2025-11-10T06:41:37Z
1433,wrapper ﬁles,wrapper ﬁle,2,1,1,2025-11-10T06:41:37Z,2025-11-10T06:41:37Z
1434,LSF API,lsf api,2,1,1,2025-11-10T06:41:37Z,2025-11-10T06:41:37Z
1435,LSLIB,lslib,1,1,1,2025-11-10T06:41:37Z,2025-11-10T06:41:37Z
1436,LSBLIB,lsblib,1,1,1,2025-11-10T06:41:37Z,2025-11-10T06:41:37Z
1437,Binary code,binary code,2,1,1,2025-11-10T06:41:37Z,2025-11-10T06:41:37Z
1438,source code,source code,2,1,1,2025-11-10T06:41:37Z,2025-11-10T06:41:37Z
1439,appropriate libraries,appropriate library,2,1,1,2025-11-10T06:41:37Z,2025-11-10T06:41:37Z
1440,more time,more time,2,1,1,2025-11-10T06:41:37Z,2025-11-10T06:41:37Z
1441,wrapper shell,wrapper shell,2,1,1,2025-11-10T06:41:37Z,2025-11-10T06:41:37Z
1442,software products,software product,2,1,1,2025-11-10T06:41:37Z,2025-11-10T06:41:37Z
1443,IBM,ibm,1,2,1,2025-11-10T06:41:37Z,2025-11-10T06:41:37Z
1444,other software application vendors,other software application vendor,4,1,1,2025-11-10T06:41:37Z,2025-11-10T06:41:37Z
1445,facilities,facility,1,1,1,2025-11-10T06:41:37Z,2025-11-10T06:41:37Z
1446,closer integration,close integration,2,1,1,2025-11-10T06:41:37Z,2025-11-10T06:41:37Z
1447,other applications,other application,2,1,1,2025-11-10T06:41:37Z,2025-11-10T06:41:37Z
1448,application user interfaces,application user interface,3,2,1,2025-11-10T06:41:37Z,2025-11-10T06:41:37Z
1449,easy job submission,easy job submission,3,1,1,2025-11-10T06:41:37Z,2025-11-10T06:41:37Z
1450,license maximization,license maximization,2,1,1,2025-11-10T06:41:37Z,2025-11-10T06:41:37Z
1451,parallel execution,parallel execution,2,1,1,2025-11-10T06:41:37Z,2025-11-10T06:41:37Z
1452,other advanced LSF features,other advanced lsf feature,4,1,1,2025-11-10T06:41:37Z,2025-11-10T06:41:37Z
1453,Manage users,manage user,2,1,1,2025-11-10T06:41:37Z,2025-11-10T06:41:37Z
1454,LSF users,lsf user,2,2,1,2025-11-10T06:41:37Z,2025-11-10T06:41:37Z
1455,own .cshrc,own .cshrc,2,2,1,2025-11-10T06:41:37Z,2025-11-10T06:41:37Z
1456,LSF installation script lsﬁnstall,lsf installation script lsﬁnstall,4,2,1,2025-11-10T06:41:37Z,2025-11-10T06:41:37Z
1457,new hosts,new host,2,10,1,2025-11-10T06:41:37Z,2025-11-10T06:41:37Z
1458,additional jobs,additional job,2,2,1,2025-11-10T06:41:37Z,2025-11-10T06:41:37Z
1459,references,reference,1,4,1,2025-11-10T06:41:37Z,2025-11-10T06:41:37Z
1460,other conﬁguration ﬁles,other conﬁguration ﬁle,3,2,1,2025-11-10T06:41:37Z,2025-11-10T06:41:37Z
1461,Edit,edit,1,2,1,2025-11-10T06:41:37Z,2025-11-10T06:41:37Z
1462,lsb.queues ﬁle,lsb.queue ﬁle,2,10,1,2025-11-10T06:41:37Z,2025-11-10T06:41:37Z
1463,new queue deﬁnition,new queue deﬁnition,3,4,1,2025-11-10T06:41:37Z,2025-11-10T06:41:37Z
1464,Edit lsb.queues,edit lsb.queue,2,2,1,2025-11-10T06:41:37Z,2025-11-10T06:41:37Z
1465,queue deﬁnition,queue deﬁnition,2,3,1,2025-11-10T06:41:37Z,2025-11-10T06:41:37Z
1466,shell ﬁles,shell ﬁle,2,1,1,2025-11-10T06:41:37Z,2025-11-10T06:41:37Z
1467,proﬁle.lsf,proﬁle.lsf,1,1,1,2025-11-10T06:41:37Z,2025-11-10T06:41:37Z
1468,.cshrc ﬁle,.cshrc ﬁle,2,4,1,2025-11-10T06:41:37Z,2025-11-10T06:41:37Z
1469,contents,content,1,2,1,2025-11-10T06:41:37Z,2025-11-10T06:41:37Z
1470,LSF_TOP directory,lsf_top directory,2,2,1,2025-11-10T06:41:37Z,2025-11-10T06:41:37Z
1471,following,following,1,1,1,2025-11-10T06:41:37Z,2025-11-10T06:41:37Z
1472,LSF distribution ﬁles,lsf distribution ﬁle,3,1,1,2025-11-10T06:41:37Z,2025-11-10T06:41:37Z
1473,Linux system,linux system,2,1,1,2025-11-10T06:41:37Z,2025-11-10T06:41:37Z
1474,Kernel,kernel,1,2,1,2025-11-10T06:41:37Z,2025-11-10T06:41:37Z
1475,ﬁle lsf10.1.0_linux2.6,ﬁle lsf10.1.0_linux2.6,2,1,1,2025-11-10T06:41:37Z,2025-11-10T06:41:37Z
1476,glibc2.3 - x86_64.tar,glibc2.3 - x86_64.tar,3,1,1,2025-11-10T06:41:37Z,2025-11-10T06:41:37Z
1477,Distribution packages,distribution package,2,1,1,2025-11-10T06:41:37Z,2025-11-10T06:41:37Z
1478,LSF releases,lsf release,2,1,1,2025-11-10T06:41:37Z,2025-11-10T06:41:37Z
1479,download,download,1,2,2,2025-11-10T06:41:37Z,2025-11-10T06:41:37Z
1480,IBM Passport Advantage,ibm passport advantage,3,2,1,2025-11-10T06:41:37Z,2025-11-10T06:41:37Z
1481,LSF System Requirements,lsf system requirements,3,1,1,2025-11-10T06:41:37Z,2025-11-10T06:41:37Z
1482,complete list,complete list,2,1,1,2025-11-10T06:41:37Z,2025-11-10T06:41:37Z
1483,following videos,following video,2,1,1,2025-11-10T06:41:37Z,2025-11-10T06:41:37Z
1484,YouTube,youtube,1,1,1,2025-11-10T06:41:37Z,2025-11-10T06:41:37Z
1485,IBM Education Assistant,ibm education assistant,3,1,1,2025-11-10T06:41:37Z,2025-11-10T06:41:37Z
1486,major steps,major step,2,1,1,2025-11-10T06:41:37Z,2025-11-10T06:41:37Z
1487,Install LSF binary ﬁles,install lsf binary ﬁle,4,1,1,2025-11-10T06:41:37Z,2025-11-10T06:41:37Z
1488,binary ﬁles,binary ﬁle,2,1,1,2025-11-10T06:41:37Z,2025-11-10T06:41:37Z
1489,new host type,new host type,3,4,1,2025-11-10T06:41:37Z,2025-11-10T06:41:37Z
1490,distribution ﬁles,distribution ﬁle,2,1,1,2025-11-10T06:41:37Z,2025-11-10T06:41:37Z
1491,a. Log,a. log,2,3,1,2025-11-10T06:41:37Z,2025-11-10T06:41:37Z
1492,LSF installation script directory,lsf installation script directory,4,2,1,2025-11-10T06:41:37Z,2025-11-10T06:41:37Z
1493,b. Change,b. change,2,2,1,2025-11-10T06:41:37Z,2025-11-10T06:41:37Z
1494,installation script directory,installation script directory,3,2,1,2025-11-10T06:41:37Z,2025-11-10T06:41:37Z
1495,# cd,# cd,2,2,1,2025-11-10T06:41:37Z,2025-11-10T06:41:37Z
1496,cluster1/10.1.0,cluster1/10.1.0,1,7,1,2025-11-10T06:41:37Z,2025-11-10T06:41:37Z
1497,install,install,1,6,2,2025-11-10T06:41:37Z,2025-11-10T06:41:37Z
1498,c. Edit,c. edit,2,1,1,2025-11-10T06:41:37Z,2025-11-10T06:41:37Z
1499,IBM ® Spectrum LSF Conﬁguration Reference,ibm ® spectrum lsf conﬁguration reference,6,1,1,2025-11-10T06:41:37Z,2025-11-10T06:41:37Z
1500,Installing IBM Spectrum LSF,installing ibm spectrum lsf,4,2,1,2025-11-10T06:41:37Z,2025-11-10T06:41:37Z
1501,IBM Spectrum LSF Command Reference,ibm spectrum lsf command reference,5,1,1,2025-11-10T06:41:37Z,2025-11-10T06:41:37Z
1502,install.config command,install.config command,2,1,1,2025-11-10T06:41:37Z,2025-11-10T06:41:37Z
1503,e. Follow,e. follow,2,1,1,2025-11-10T06:41:37Z,2025-11-10T06:41:37Z
1504,host setup,host setup,2,1,1,2025-11-10T06:41:37Z,2025-11-10T06:41:37Z
1505,lsf_getting_started.html ﬁle,lsf_getting_started.html ﬁle,2,1,1,2025-11-10T06:41:37Z,2025-11-10T06:41:37Z
1506,lsﬁnstall script,lsﬁnstall script,2,1,1,2025-11-10T06:41:37Z,2025-11-10T06:41:37Z
1507,Host section,host section,2,7,1,2025-11-10T06:41:37Z,2025-11-10T06:41:37Z
1508,type columns,type column,2,1,1,2025-11-10T06:41:37Z,2025-11-10T06:41:37Z
1509,more experience,more experience,2,1,1,2025-11-10T06:41:37Z,2025-11-10T06:41:37Z
1510,client,client,1,3,1,2025-11-10T06:41:37Z,2025-11-10T06:41:37Z
1511,HOSTNAME model type server r1 m mem RESOURCES REXPRI,hostname model type server r1 m mem resources rexpri,9,1,1,2025-11-10T06:41:37Z,2025-11-10T06:41:37Z
1512,SUNSOL,sunsol,1,1,1,2025-11-10T06:41:37Z,2025-11-10T06:41:37Z
1513,HPPA,hppa,1,1,1,2025-11-10T06:41:37Z,2025-11-10T06:41:37Z
1514,End Host,end host,2,1,1,2025-11-10T06:41:37Z,2025-11-10T06:41:37Z
1515,Reconﬁgure lim,reconﬁgure lim,2,1,1,2025-11-10T06:41:37Z,2025-11-10T06:41:37Z
1516,% lsadmin reconfig,% lsadmin reconfig,3,2,1,2025-11-10T06:41:37Z,2025-11-10T06:41:37Z
1517,hostd,hostd,1,1,1,2025-11-10T06:41:37Z,2025-11-10T06:41:37Z
1518,lsadmin reconﬁg command checks,lsadmin reconﬁg command check,4,2,1,2025-11-10T06:41:37Z,2025-11-10T06:41:37Z
1519,conﬁguration errors,conﬁguration error,2,7,1,2025-11-10T06:41:37Z,2025-11-10T06:41:37Z
1520,unrecoverable errors,unrecoverable error,2,11,1,2025-11-10T06:41:37Z,2025-11-10T06:41:37Z
1521,reconﬁguration exits,reconﬁguration exit,2,6,1,2025-11-10T06:41:37Z,2025-11-10T06:41:37Z
1522,e. Reconﬁgure mbatchd,e. reconﬁgure mbatchd,3,1,1,2025-11-10T06:41:37Z,2025-11-10T06:41:37Z
1523,Reconfiguration,reconfiguration,1,4,1,2025-11-10T06:41:37Z,2025-11-10T06:41:37Z
1524,badmin reconﬁg command checks,badmin reconﬁg command check,4,2,1,2025-11-10T06:41:37Z,2025-11-10T06:41:37Z
1525,conﬁrm,conﬁrm,1,3,1,2025-11-10T06:41:37Z,2025-11-10T06:41:37Z
1526,reconﬁguration,reconﬁguration,1,3,1,2025-11-10T06:41:37Z,2025-11-10T06:41:37Z
1527,Optional,optional,1,1,1,2025-11-10T06:41:37Z,2025-11-10T06:41:37Z
1528,hostsetup command,hostsetup command,2,7,1,2025-11-10T06:41:37Z,2025-11-10T06:41:37Z
1529,"--top=""/usr","--top=""/usr",1,1,1,2025-11-10T06:41:37Z,2025-11-10T06:41:37Z
1530,lsf_62,lsf_62,1,1,1,2025-11-10T06:41:37Z,2025-11-10T06:41:37Z
1531,Command Reference,command reference,2,3,1,2025-11-10T06:41:37Z,2025-11-10T06:41:37Z
1532,lshosts,lshost,1,8,1,2025-11-10T06:41:37Z,2025-11-10T06:41:37Z
1533,UNKNOWN,unknown,1,1,1,2025-11-10T06:41:37Z,2025-11-10T06:41:37Z
1534,Working,working,1,1,1,2025-11-10T06:41:37Z,2025-11-10T06:41:37Z
1535,IBM Spectrum LSF Cluster Management,ibm spectrum lsf cluster management,5,2,1,2025-11-10T06:41:37Z,2025-11-10T06:41:37Z
1536,Results,result,1,4,1,2025-11-10T06:41:37Z,2025-11-10T06:41:37Z
1537,dynamic host conﬁguration,dynamic host conﬁguration,3,1,1,2025-11-10T06:41:37Z,2025-11-10T06:41:37Z
1538,CAUTION,caution,1,1,1,2025-11-10T06:41:37Z,2025-11-10T06:41:37Z
1539,current default management host,current default management host,4,1,1,2025-11-10T06:41:37Z,2025-11-10T06:41:37Z
1540,different default management host,different default management host,4,1,1,2025-11-10T06:41:37Z,2025-11-10T06:41:37Z
1541,other references,other reference,2,1,1,2025-11-10T06:41:37Z,2025-11-10T06:41:37Z
1542,following conﬁguration ﬁles,following conﬁguration ﬁle,3,1,1,2025-11-10T06:41:37Z,2025-11-10T06:41:37Z
1543,lsf.shared,lsf.shared,1,1,1,2025-11-10T06:41:37Z,2025-11-10T06:41:37Z
1544,lsb.hosts,lsb.host,1,1,1,2025-11-10T06:41:37Z,2025-11-10T06:41:37Z
1545,lsb.resources,lsb.resource,1,1,1,2025-11-10T06:41:37Z,2025-11-10T06:41:37Z
1546,other host,other host,2,1,1,2025-11-10T06:41:37Z,2025-11-10T06:41:37Z
1547,lsadmin reconﬁg command,lsadmin reconﬁg command,3,3,1,2025-11-10T06:41:37Z,2025-11-10T06:41:37Z
1548,badmin mbdrestart command,badmin mbdrestart command,3,1,1,2025-11-10T06:41:37Z,2025-11-10T06:41:37Z
1549,badmin mbdrestart command checks,badmin mbdrestart command check,4,1,1,2025-11-10T06:41:37Z,2025-11-10T06:41:37Z
1550,conﬁrm reconﬁguration,conﬁrm reconﬁguration,2,1,1,2025-11-10T06:41:37Z,2025-11-10T06:41:37Z
1551,system startup,system startup,2,1,1,2025-11-10T06:41:37Z,2025-11-10T06:41:37Z
1552,LSF section,lsf section,2,1,1,2025-11-10T06:41:37Z,2025-11-10T06:41:37Z
1553,automatic LSF daemon startup,automatic lsf daemon startup,4,1,1,2025-11-10T06:41:37Z,2025-11-10T06:41:37Z
1554,automatic LSF,automatic lsf,2,3,1,2025-11-10T06:41:37Z,2025-11-10T06:41:37Z
1555,Use dynamic host conﬁguration,use dynamic host conﬁguration,4,1,1,2025-11-10T06:41:37Z,2025-11-10T06:41:37Z
1556,IBM Platform LSF Cluster Management,ibm platform lsf cluster management,5,1,1,2025-11-10T06:41:37Z,2025-11-10T06:41:37Z
1557,chap_troubleshooting_lsf.html#v3523448,chap_troubleshooting_lsf.html#v3523448,1,1,1,2025-11-10T06:41:37Z,2025-11-10T06:41:37Z
1558,starting point,starting point,2,1,1,2025-11-10T06:41:37Z,2025-11-10T06:41:37Z
1559,badmin reconﬁg command,badmin reconﬁg command,3,5,1,2025-11-10T06:41:37Z,2025-11-10T06:41:37Z
1560,Conﬁguration Reference,conﬁguration reference,2,3,1,2025-11-10T06:41:37Z,2025-11-10T06:41:37Z
1561,Begin Queue,begin queue,2,2,1,2025-11-10T06:41:37Z,2025-11-10T06:41:37Z
1562,QUEUE_NAME,queue_name,1,1,1,2025-11-10T06:41:37Z,2025-11-10T06:41:37Z
1563,STACKLIMIT=,stacklimit=,1,1,1,2025-11-10T06:41:37Z,2025-11-10T06:41:37Z
1564,DESCRIPTION =,description =,2,1,1,2025-11-10T06:41:37Z,2025-11-10T06:41:37Z
1565,# job limit,# job limit,3,2,1,2025-11-10T06:41:37Z,2025-11-10T06:41:37Z
1566,io =,io =,2,1,1,2025-11-10T06:41:37Z,2025-11-10T06:41:37Z
1567,USERS =,user =,2,1,1,2025-11-10T06:41:37Z,2025-11-10T06:41:37Z
1568,NICE,nice,1,1,1,2025-11-10T06:41:37Z,2025-11-10T06:41:37Z
1569,End Queue,end queue,2,2,1,2025-11-10T06:41:37Z,2025-11-10T06:41:37Z
1570,lost_and_found queue,lost_and_found queue,2,2,1,2025-11-10T06:41:37Z,2025-11-10T06:41:37Z
1571,original queue,original queue,2,1,1,2025-11-10T06:41:37Z,2025-11-10T06:41:37Z
1572,queue administrator,queue administrator,2,1,1,2025-11-10T06:41:37Z,2025-11-10T06:41:37Z
1573,bswitch,bswitch,1,3,1,2025-11-10T06:41:37Z,2025-11-10T06:41:37Z
1574,regular queue,regular queue,2,1,1,2025-11-10T06:41:37Z,2025-11-10T06:41:37Z
1575,other queues,other queue,2,1,1,2025-11-10T06:41:37Z,2025-11-10T06:41:37Z
1576,primary administrator,primary administrator,2,1,1,2025-11-10T06:41:37Z,2025-11-10T06:41:37Z
1577,badmin qclose night,badmin qclose night,3,1,1,2025-11-10T06:41:37Z,2025-11-10T06:41:37Z
1578,Queue night,queue night,2,1,1,2025-11-10T06:41:37Z,2025-11-10T06:41:37Z
1579,night idle,night idle,2,1,1,2025-11-10T06:41:37Z,2025-11-10T06:41:37Z
1580,night queue,night queue,2,1,1,2025-11-10T06:41:37Z,2025-11-10T06:41:37Z
1581,idle queue,idle queue,2,1,1,2025-11-10T06:41:37Z,2025-11-10T06:41:37Z
1582,job ID number,job id number,3,1,1,2025-11-10T06:41:37Z,2025-11-10T06:41:37Z
1583,bjobs -u,bjobs -u,2,1,1,2025-11-10T06:41:37Z,2025-11-10T06:41:37Z
1584,JOB_NAME,job_name,1,1,1,2025-11-10T06:41:37Z,2025-11-10T06:41:37Z
1585,user5 RUN night hostA hostD job5 Nov,user5 run night hosta hostd job5 nov,7,1,1,2025-11-10T06:41:37Z,2025-11-10T06:41:37Z
1586,user5 PEND night hostA hostC job10 Nov,user5 pend night hosta hostc job10 nov,7,1,1,2025-11-10T06:41:37Z,2025-11-10T06:41:37Z
1587,idle,idle,1,2,1,2025-11-10T06:41:37Z,2025-11-10T06:41:37Z
1588,deﬁnition,deﬁnition,1,1,1,2025-11-10T06:41:37Z,2025-11-10T06:41:37Z
1589,lsf.sudoers,lsf.sudoer,1,5,1,2025-11-10T06:41:37Z,2025-11-10T06:41:37Z
1590,Conﬁgure LSF daemons,conﬁgure lsf daemon,3,2,1,2025-11-10T06:41:37Z,2025-11-10T06:41:37Z
1591,setuid bit,setuid bit,2,1,1,2025-11-10T06:41:37Z,2025-11-10T06:41:37Z
1592,LSF administration,lsf administration,2,1,1,2025-11-10T06:41:37Z,2025-11-10T06:41:37Z
1593,root privileges,root privilege,2,2,1,2025-11-10T06:41:37Z,2025-11-10T06:41:37Z
1594,/etc,/etc,1,4,1,2025-11-10T06:41:37Z,2025-11-10T06:41:37Z
1595,LSF_STARTUP_PATH parameters,lsf_startup_path parameter,2,1,1,2025-11-10T06:41:37Z,2025-11-10T06:41:37Z
1596,"LSF_STARTUP_USERS=""lsfadmin user1","lsf_startup_users=""lsfadmin user1",2,1,1,2025-11-10T06:41:37Z,2025-11-10T06:41:37Z
1597,sparc,sparc,1,6,1,2025-11-10T06:41:37Z,2025-11-10T06:41:37Z
1598,sol2,sol2,1,3,1,2025-11-10T06:41:37Z,2025-11-10T06:41:37Z
1599,LSF_STARTUP_PATH,lsf_startup_path,1,1,1,2025-11-10T06:41:37Z,2025-11-10T06:41:37Z
1600,LSF_SERVERDIR directory,lsf_serverdir directory,2,3,1,2025-11-10T06:41:37Z,2025-11-10T06:41:37Z
1601,LSF server binary ﬁles,lsf server binary ﬁle,4,1,1,2025-11-10T06:41:37Z,2025-11-10T06:41:37Z
1602,ﬁle permission mode -rw-------,ﬁle permission mode -rw-------,4,1,1,2025-11-10T06:41:37Z,2025-11-10T06:41:37Z
1603,# ls -la,# ls -la,3,1,1,2025-11-10T06:41:37Z,2025-11-10T06:41:37Z
1604,"hostsetup --top=""/path","hostsetup --top=""/path",2,1,1,2025-11-10T06:41:37Z,2025-11-10T06:41:37Z
1605,ID mode bit,id mode bit,3,2,1,2025-11-10T06:41:37Z,2025-11-10T06:41:37Z
1606,level installation directory,level installation directory,3,1,1,2025-11-10T06:41:37Z,2025-11-10T06:41:37Z
1607,hostsetup,hostsetup,1,1,1,2025-11-10T06:41:37Z,2025-11-10T06:41:37Z
1608,system PATH,system path,2,1,1,2025-11-10T06:41:37Z,2025-11-10T06:41:37Z
1609,relative path,relative path,2,1,1,2025-11-10T06:41:37Z,2025-11-10T06:41:37Z
1610,install directory,install directory,2,2,1,2025-11-10T06:41:37Z,2025-11-10T06:41:37Z
1611,full path,full path,2,1,1,2025-11-10T06:41:37Z,2025-11-10T06:41:37Z
1612,"hostsetup --top=""/LSF_TOP/10.1","hostsetup --top=""/lsf_top/10.1",2,1,1,2025-11-10T06:41:37Z,2025-11-10T06:41:37Z
1613,./.,./.,1,1,1,2025-11-10T06:41:37Z,2025-11-10T06:41:37Z
1614,"# ./hostsetup --top=""/LSF_TOP/10.1","# ./hostsetup --top=""/lsf_top/10.1",3,1,1,2025-11-10T06:41:37Z,2025-11-10T06:41:37Z
1615,--setuid,--setuid,1,1,1,2025-11-10T06:41:37Z,2025-11-10T06:41:37Z
1616,--setuid setting,--setuid setting,2,1,1,2025-11-10T06:41:37Z,2025-11-10T06:41:37Z
1617,following LSF executable ﬁles,following lsf executable ﬁle,4,1,1,2025-11-10T06:41:37Z,2025-11-10T06:41:37Z
1618,egosh,egosh,1,1,1,2025-11-10T06:41:37Z,2025-11-10T06:41:37Z
1619,utmpreg,utmpreg,1,1,1,2025-11-10T06:41:37Z,2025-11-10T06:41:37Z
1620,swtbl_api,swtbl_api,1,1,1,2025-11-10T06:41:37Z,2025-11-10T06:41:37Z
1621,ntbl_api,ntbl_api,1,1,1,2025-11-10T06:41:37Z,2025-11-10T06:41:37Z
1622,lstbl_nid,lstbl_nid,1,1,1,2025-11-10T06:41:37Z,2025-11-10T06:41:37Z
1623,swtbl_poe,swtbl_poe,1,1,1,2025-11-10T06:41:37Z,2025-11-10T06:41:37Z
1624,lsfrestart command,lsfrestart command,2,1,1,2025-11-10T06:41:37Z,2025-11-10T06:41:37Z
1625,# lsfrestart,# lsfrestart,2,1,1,2025-11-10T06:41:37Z,2025-11-10T06:41:37Z
1626,boot = y option,boot = y option,4,1,1,2025-11-10T06:41:37Z,2025-11-10T06:41:37Z
1627,main types,main type,2,1,1,2025-11-10T06:41:37Z,2025-11-10T06:41:37Z
1628,software,software,1,1,1,2025-11-10T06:41:37Z,2025-11-10T06:41:37Z
1629,host selection,host selection,2,1,1,2025-11-10T06:41:37Z,2025-11-10T06:41:37Z
1630,interactive job execution,interactive job execution,3,1,1,2025-11-10T06:41:37Z,2025-11-10T06:41:37Z
1631,dynamic resources,dynamic resource,2,1,1,2025-11-10T06:41:37Z,2025-11-10T06:41:37Z
1632,common application,common application,2,1,1,2025-11-10T06:41:37Z,2025-11-10T06:41:37Z
1633,software application licenses,software application license,3,1,1,2025-11-10T06:41:37Z,2025-11-10T06:41:37Z
1634,Conﬁguring application licenses,conﬁguring application license,3,1,1,2025-11-10T06:41:37Z,2025-11-10T06:41:37Z
1635,optimal use,optimal use,2,1,1,2025-11-10T06:41:37Z,2025-11-10T06:41:37Z
1636,critical resources,critical resource,2,1,1,2025-11-10T06:41:37Z,2025-11-10T06:41:37Z
1637,Resource section,resource section,2,1,1,2025-11-10T06:41:37Z,2025-11-10T06:41:37Z
1638,lsf.shared ﬁle,lsf.shared ﬁle,2,12,1,2025-11-10T06:41:37Z,2025-11-10T06:41:37Z
1639,binary program,binary program,2,1,1,2025-11-10T06:41:37Z,2025-11-10T06:41:37Z
1640,lsf / lsf,lsf / lsf,3,1,1,2025-11-10T06:41:37Z,2025-11-10T06:41:37Z
1641,cluser1/10.1.0,cluser1/10.1.0,1,1,1,2025-11-10T06:41:37Z,2025-11-10T06:41:37Z
1642,misc,misc,1,1,1,2025-11-10T06:41:37Z,2025-11-10T06:41:37Z
1643,examples directory,example directory,2,1,1,2025-11-10T06:41:37Z,2025-11-10T06:41:37Z
1644,license1,license1,1,9,1,2025-11-10T06:41:37Z,2025-11-10T06:41:37Z
1645,license2,license2,1,10,1,2025-11-10T06:41:37Z,2025-11-10T06:41:37Z
1646,Begin Resource,begin resource,2,1,1,2025-11-10T06:41:37Z,2025-11-10T06:41:37Z
1647,RESOURCENAME TYPE INTERVAL,resourcename type interval,3,1,1,2025-11-10T06:41:37Z,2025-11-10T06:41:37Z
1648,RELEASE DESCRIPTION,release description,2,1,1,2025-11-10T06:41:37Z,2025-11-10T06:41:37Z
1649,Numeric,numeric,1,4,1,2025-11-10T06:41:37Z,2025-11-10T06:41:37Z
1650,N Y,n y,2,2,1,2025-11-10T06:41:37Z,2025-11-10T06:41:37Z
1651,license1 resource,license1 resource,2,3,1,2025-11-10T06:41:37Z,2025-11-10T06:41:37Z
1652,license2 resource,license2 resource,2,1,1,2025-11-10T06:41:37Z,2025-11-10T06:41:37Z
1653,End Resource,end resource,2,1,1,2025-11-10T06:41:37Z,2025-11-10T06:41:37Z
1654,TYPE parameter,type parameter,2,1,1,2025-11-10T06:41:37Z,2025-11-10T06:41:37Z
1655,INTERVAL parameter speciﬁes,interval parameter speciﬁes,3,1,1,2025-11-10T06:41:37Z,2025-11-10T06:41:37Z
1656,resources license1,resource license1,2,3,1,2025-11-10T06:41:37Z,2025-11-10T06:41:37Z
1657,license resources,license resource,2,2,1,2025-11-10T06:41:37Z,2025-11-10T06:41:37Z
1658,more licenses,more license,2,1,1,2025-11-10T06:41:37Z,2025-11-10T06:41:37Z
1659,RELEASE column,release column,2,1,1,2025-11-10T06:41:37Z,2025-11-10T06:41:37Z
1660,ResourceMap section,resourcemap section,2,1,1,2025-11-10T06:41:37Z,2025-11-10T06:41:37Z
1661,mapping,mapping,1,1,1,2025-11-10T06:41:37Z,2025-11-10T06:41:37Z
1662,ResourceMap,resourcemap,1,1,1,2025-11-10T06:41:37Z,2025-11-10T06:41:37Z
1663,RESOURCENAME LOCATION,resourcename location,2,1,1,2025-11-10T06:41:37Z,2025-11-10T06:41:37Z
1664,End ResourceMap,end resourcemap,2,1,1,2025-11-10T06:41:37Z,2025-11-10T06:41:37Z
1665,resource map,resource map,2,1,1,2025-11-10T06:41:37Z,2025-11-10T06:41:37Z
1666,attribute,attribute,1,3,2,2025-11-10T06:41:37Z,2025-11-10T06:41:37Z
1667,LOCATION parameter,location parameter,2,1,1,2025-11-10T06:41:37Z,2025-11-10T06:41:37Z
1668,RESOURCENAME parameter,resourcename parameter,2,1,1,2025-11-10T06:41:37Z,2025-11-10T06:41:37Z
1669,different hosts,different host,2,1,1,2025-11-10T06:41:37Z,2025-11-10T06:41:37Z
1670,different ELIM,different elim,2,1,1,2025-11-10T06:41:37Z,2025-11-10T06:41:37Z
1671,count,count,1,1,1,2025-11-10T06:41:37Z,2025-11-10T06:41:37Z
1672,available resources,available resource,2,1,1,2025-11-10T06:41:37Z,2025-11-10T06:41:37Z
1673,following format,following format,2,1,1,2025-11-10T06:41:37Z,2025-11-10T06:41:37Z
1674,number_indexes,number_indexe,1,1,1,2025-11-10T06:41:37Z,2025-11-10T06:41:37Z
1675,index_value,index_value,1,1,1,2025-11-10T06:41:37Z,2025-11-10T06:41:37Z
1676,ﬁelds,ﬁeld,1,1,1,2025-11-10T06:41:37Z,2025-11-10T06:41:37Z
1677,ﬁrst external load index,ﬁrst external load index,4,1,1,2025-11-10T06:41:37Z,2025-11-10T06:41:37Z
1678,ﬁrst load index,ﬁrst load index,3,1,1,2025-11-10T06:41:37Z,2025-11-10T06:41:37Z
1679,second external load index,second external load index,4,1,1,2025-11-10T06:41:37Z,2025-11-10T06:41:37Z
1680,second load index,second load index,3,1,1,2025-11-10T06:41:37Z,2025-11-10T06:41:37Z
1681,ELIM program,elim program,2,3,1,2025-11-10T06:41:37Z,2025-11-10T06:41:37Z
1682,executable program,executable program,2,1,1,2025-11-10T06:41:37Z,2025-11-10T06:41:37Z
1683,same host,same host,2,1,1,2025-11-10T06:41:37Z,2025-11-10T06:41:37Z
1684,quantiﬁable resource,quantiﬁable resource,2,1,1,2025-11-10T06:41:37Z,2025-11-10T06:41:37Z
1685,example ELIM program,example elim program,3,1,1,2025-11-10T06:41:37Z,2025-11-10T06:41:37Z
1686,FLEXlm license server,flexlm license server,3,1,1,2025-11-10T06:41:37Z,2025-11-10T06:41:37Z
1687,NUMLIC=2 # number,numlic=2 # number,3,1,1,2025-11-10T06:41:37Z,2025-11-10T06:41:37Z
1688,TMPLICS='/usr,tmplics='/usr,1,1,1,2025-11-10T06:41:37Z,2025-11-10T06:41:37Z
1689,etc,etc,1,1,1,2025-11-10T06:41:37Z,2025-11-10T06:41:37Z
1690,lic -c,lic -c,2,1,1,2025-11-10T06:41:37Z,2025-11-10T06:41:37Z
1691,license.dat -f license1,license.dat -f license1,3,1,1,2025-11-10T06:41:37Z,2025-11-10T06:41:37Z
1692,LICS='echo,lics='echo,1,1,1,2025-11-10T06:41:37Z,2025-11-10T06:41:37Z
1693,TMPLICS |,tmplics |,2,1,1,2025-11-10T06:41:37Z,2025-11-10T06:41:37Z
1694,s/-/_/g,s/-/_/g,1,1,1,2025-11-10T06:41:37Z,2025-11-10T06:41:37Z
1695,NUMLIC,numlic,1,2,1,2025-11-10T06:41:37Z,2025-11-10T06:41:37Z
1696,LICS #,lics #,2,1,1,2025-11-10T06:41:37Z,2025-11-10T06:41:37Z
1697,# Resource,# resource,2,1,1,2025-11-10T06:41:37Z,2025-11-10T06:41:37Z
1698,license feature names,license feature name,3,1,1,2025-11-10T06:41:37Z,2025-11-10T06:41:37Z
1699,resource names,resource name,2,5,1,2025-11-10T06:41:37Z,2025-11-10T06:41:37Z
1700,lic utility,lic utility,2,1,1,2025-11-10T06:41:37Z,2025-11-10T06:41:37Z
1701,IBM Support,ibm support,2,2,1,2025-11-10T06:41:37Z,2025-11-10T06:41:37Z
1702,FLEXlm command lmstat,flexlm command lmstat,3,1,1,2025-11-10T06:41:37Z,2025-11-10T06:41:37Z
1703,own ELIM,own elim,2,1,1,2025-11-10T06:41:37Z,2025-11-10T06:41:37Z
1704,restart LSF,restart lsf,2,1,1,2025-11-10T06:41:37Z,2025-11-10T06:41:37Z
1705,lsadmin reconﬁg,lsadmin reconﬁg,2,1,1,2025-11-10T06:41:37Z,2025-11-10T06:41:37Z
1706,badmin reconﬁg,badmin reconﬁg,2,1,1,2025-11-10T06:41:37Z,2025-11-10T06:41:37Z
1707,lsload,lsload,1,2,1,2025-11-10T06:41:37Z,2025-11-10T06:41:37Z
1708,status r15s r1 m r15,status r15s r1 m r15,5,1,1,2025-11-10T06:41:37Z,2025-11-10T06:41:37Z
1709,swp mem license1 license2,swp mem license1 license2,4,1,1,2025-11-10T06:41:37Z,2025-11-10T06:41:37Z
1710,Submit jobs,submit job,2,1,1,2025-11-10T06:41:37Z,2025-11-10T06:41:37Z
1711,bsub -R,bsub -r,2,1,1,2025-11-10T06:41:37Z,2025-11-10T06:41:37Z
1712,rusage[license1=1,rusage[license1=1,1,2,1,2025-11-10T06:41:37Z,2025-11-10T06:41:37Z
1713,myjob,myjob,1,1,1,2025-11-10T06:41:37Z,2025-11-10T06:41:37Z
1714,minute,minute,1,2,1,2025-11-10T06:41:37Z,2025-11-10T06:41:37Z
1715,LSF time,lsf time,2,1,1,2025-11-10T06:41:37Z,2025-11-10T06:41:37Z
1716,FLEXlm,flexlm,1,1,1,2025-11-10T06:41:37Z,2025-11-10T06:41:37Z
1717,resource requirement string,resource requirement string,3,2,1,2025-11-10T06:41:37Z,2025-11-10T06:41:37Z
1718,RES_REQ parameter,res_req parameter,2,1,1,2025-11-10T06:41:37Z,2025-11-10T06:41:37Z
1719,QUEUE_NAME = license1,queue_name = license1,3,1,1,2025-11-10T06:41:37Z,2025-11-10T06:41:37Z
1720,RES_REQ,res_req,1,1,1,2025-11-10T06:41:37Z,2025-11-10T06:41:37Z
1721,license1 myjob,license1 myjob,2,1,1,2025-11-10T06:41:37Z,2025-11-10T06:41:37Z
1722,best advantage,good advantage,2,1,1,2025-11-10T06:41:37Z,2025-11-10T06:41:37Z
1723,external resources,external resource,2,1,1,2025-11-10T06:41:37Z,2025-11-10T06:41:37Z
1724,External load,external load,2,1,1,2025-11-10T06:41:37Z,2025-11-10T06:41:37Z
1725,indices,index,1,2,1,2025-11-10T06:41:37Z,2025-11-10T06:41:37Z
1726,Administering IBM ® Spectrum LSF,administering ibm ® spectrum lsf,5,1,1,2025-11-10T06:41:37Z,2025-11-10T06:41:37Z
1727,contact IBM Support,contact ibm support,3,3,1,2025-11-10T06:41:37Z,2025-11-10T06:41:37Z
1728,Most problems,most problem,2,2,1,2025-11-10T06:41:37Z,2025-11-10T06:41:37Z
1729,incorrect installation,incorrect installation,2,2,1,2025-11-10T06:41:37Z,2025-11-10T06:41:37Z
1730,ﬁles ﬁrst,ﬁle ﬁrst,2,1,1,2025-11-10T06:41:37Z,2025-11-10T06:41:37Z
1731,Log messages,log message,2,2,1,2025-11-10T06:41:37Z,2025-11-10T06:41:37Z
1732,lsadmin ckconﬁg,lsadmin ckconﬁg,2,2,1,2025-11-10T06:41:37Z,2025-11-10T06:41:37Z
1733,error log ﬁles ﬁrst,error log ﬁle ﬁrst,4,1,1,2025-11-10T06:41:37Z,2025-11-10T06:41:37Z
1734,LSF error logs,lsf error log,3,1,1,2025-11-10T06:41:37Z,2025-11-10T06:41:37Z
1735,LSF server daemons,lsf server daemon,3,1,1,2025-11-10T06:41:37Z,2025-11-10T06:41:37Z
1736,speciﬁed,speciﬁed,1,1,1,2025-11-10T06:41:37Z,2025-11-10T06:41:37Z
1737,lim.log.host_name,lim.log.host_name,1,1,1,2025-11-10T06:41:37Z,2025-11-10T06:41:37Z
1738,res.log.host_name,res.log.host_name,1,1,1,2025-11-10T06:41:37Z,2025-11-10T06:41:37Z
1739,pim.log.host_name,pim.log.host_name,1,1,1,2025-11-10T06:41:37Z,2025-11-10T06:41:37Z
1740,sbatchd.log.management_host,sbatchd.log.management_host,1,1,1,2025-11-10T06:41:37Z,2025-11-10T06:41:37Z
1741,vemkd.log.management_host,vemkd.log.management_host,1,1,1,2025-11-10T06:41:37Z,2025-11-10T06:41:37Z
1742,most LSF problems,most lsf problem,3,2,1,2025-11-10T06:41:37Z,2025-11-10T06:41:37Z
1743,General,general,1,1,1,2025-11-10T06:41:37Z,2025-11-10T06:41:37Z
1744,lsadmin ckconﬁg -v command,lsadmin ckconﬁg -v command,4,2,1,2025-11-10T06:41:37Z,2025-11-10T06:41:37Z
1745,command output,command output,2,2,1,2025-11-10T06:41:37Z,2025-11-10T06:41:37Z
1746,troubleshooting steps,troubleshooting step,2,1,1,2025-11-10T06:41:37Z,2025-11-10T06:41:37Z
1747,situation,situation,1,1,1,2025-11-10T06:41:37Z,2025-11-10T06:41:37Z
1748,# bctrld restart lim,# bctrld restart lim,4,1,1,2025-11-10T06:41:37Z,2025-11-10T06:41:37Z
1749,# bctrld restart,# bctrld restart,3,1,1,2025-11-10T06:41:37Z,2025-11-10T06:41:37Z
1750,# bctrld restart sbd,# bctrld restart sbd,4,1,1,2025-11-10T06:41:37Z,2025-11-10T06:41:37Z
1751,ps -ef command,ps -ef command,3,1,1,2025-11-10T06:41:37Z,2025-11-10T06:41:37Z
1752,sol10,sol10,1,3,1,2025-11-10T06:41:37Z,2025-11-10T06:41:37Z
1753,LSF error,lsf error,2,1,1,2025-11-10T06:41:37Z,2025-11-10T06:41:37Z
1754,ﬁrst few hosts,ﬁrst few host,3,2,1,2025-11-10T06:41:37Z,2025-11-10T06:41:37Z
1755,LSF_MASTER_LIST parameter,lsf_master_list parameter,2,1,1,2025-11-10T06:41:37Z,2025-11-10T06:41:37Z
1756,lsid ﬁle,lsid ﬁle,2,1,1,2025-11-10T06:41:37Z,2025-11-10T06:41:37Z
1757,symbolic link,symbolic link,2,3,1,2025-11-10T06:41:37Z,2025-11-10T06:41:37Z
1758,LSF environment variables,lsf environment variable,3,1,1,2025-11-10T06:41:37Z,2025-11-10T06:41:37Z
1759,LSF LIM daemon,lsf lim daemon,3,1,1,2025-11-10T06:41:37Z,2025-11-10T06:41:37Z
1760,LIM conﬁguration ﬁles,lim conﬁguration ﬁle,3,1,1,2025-11-10T06:41:37Z,2025-11-10T06:41:37Z
1761,most conﬁguration errors,most conﬁguration error,3,1,1,2025-11-10T06:41:37Z,2025-11-10T06:41:37Z
1762,LIM error log,lim error log,3,2,1,2025-11-10T06:41:37Z,2025-11-10T06:41:37Z
1763,LIM communication,lim communication,2,1,1,2025-11-10T06:41:37Z,2025-11-10T06:41:37Z
1764,lsload command prints,lsload command print,3,1,1,2025-11-10T06:41:37Z,2025-11-10T06:41:37Z
1765,Communication time,communication time,2,1,1,2025-11-10T06:41:37Z,2025-11-10T06:41:37Z
1766,other instances,other instance,2,1,1,2025-11-10T06:41:37Z,2025-11-10T06:41:37Z
1767,communication timeouts,communication timeout,2,1,1,2025-11-10T06:41:37Z,2025-11-10T06:41:37Z
1768,local LIM,local lim,2,2,1,2025-11-10T06:41:37Z,2025-11-10T06:41:37Z
1769,parameter LSF_SERVER_HOSTS,parameter lsf_server_hosts,2,1,1,2025-11-10T06:41:37Z,2025-11-10T06:41:37Z
1770,client contacts,client contact,2,1,1,2025-11-10T06:41:37Z,2025-11-10T06:41:37Z
1771,LSF_SERVER_HOSTS,lsf_server_hosts,1,1,1,2025-11-10T06:41:37Z,2025-11-10T06:41:37Z
1772,LSF applications,lsf application,2,1,1,2025-11-10T06:41:37Z,2025-11-10T06:41:37Z
1773,LIM error,lim error,2,2,1,2025-11-10T06:41:37Z,2025-11-10T06:41:37Z
1774,LSF_MASTER_LIST,lsf_master_list,1,1,1,2025-11-10T06:41:37Z,2025-11-10T06:41:37Z
1775,Management host LIM,management host lim,3,9,1,2025-11-10T06:41:37Z,2025-11-10T06:41:37Z
1776,hosts ﬁle,host ﬁle,2,1,1,2025-11-10T06:41:37Z,2025-11-10T06:41:37Z
1777,loopback IP,loopback ip,2,1,1,2025-11-10T06:41:37Z,2025-11-10T06:41:37Z
1778,LSF client LIM,lsf client lim,3,1,1,2025-11-10T06:41:37Z,2025-11-10T06:41:37Z
1779,ofﬁcial host,ofﬁcial host,2,1,1,2025-11-10T06:41:37Z,2025-11-10T06:41:37Z
1780,IP address,ip address,2,1,1,2025-11-10T06:41:37Z,2025-11-10T06:41:37Z
1781,loopback address,loopback address,2,3,1,2025-11-10T06:41:37Z,2025-11-10T06:41:37Z
1782,client requests,client request,2,1,1,2025-11-10T06:41:37Z,2025-11-10T06:41:37Z
1783,management host LIM address,management host lim address,4,1,1,2025-11-10T06:41:37Z,2025-11-10T06:41:37Z
1784,fact,fact,1,1,1,2025-11-10T06:41:37Z,2025-11-10T06:41:37Z
1785,IP conﬁguration,ip conﬁguration,2,1,1,2025-11-10T06:41:37Z,2025-11-10T06:41:37Z
1786,management host LIM IP address,management host lim ip address,5,3,1,2025-11-10T06:41:37Z,2025-11-10T06:41:37Z
1787,localhost myhostname,localhost myhostname,2,1,1,2025-11-10T06:41:37Z,2025-11-10T06:41:37Z
1788,IPv6 address,ipv6 address,2,2,1,2025-11-10T06:41:37Z,2025-11-10T06:41:37Z
1789,localhost ipv6,localhost ipv6,2,2,1,2025-11-10T06:41:37Z,2025-11-10T06:41:37Z
1790,loopback,loopback,1,1,1,2025-11-10T06:41:37Z,2025-11-10T06:41:37Z
1791,fe00::0 ipv6,fe00::0 ipv6,2,1,1,2025-11-10T06:41:37Z,2025-11-10T06:41:37Z
1792,localnet,localnet,1,1,1,2025-11-10T06:41:37Z,2025-11-10T06:41:37Z
1793,ff00::0 ipv6,ff00::0 ipv6,2,1,1,2025-11-10T06:41:37Z,2025-11-10T06:41:37Z
1794,mcastprefix,mcastprefix,1,1,1,2025-11-10T06:41:37Z,2025-11-10T06:41:37Z
1795,ipv6,ipv6,1,1,1,2025-11-10T06:41:37Z,2025-11-10T06:41:37Z
1796,ff02::2 ipv6,ff02::2 ipv6,2,1,1,2025-11-10T06:41:37Z,2025-11-10T06:41:37Z
1797,allrouters,allrouters,1,1,1,2025-11-10T06:41:37Z,2025-11-10T06:41:37Z
1798,ff02::3 ipv6,ff02::3 ipv6,2,1,1,2025-11-10T06:41:37Z,2025-11-10T06:41:37Z
1799,allhosts,allhost,1,1,1,2025-11-10T06:41:37Z,2025-11-10T06:41:37Z
1800,User permission,user permission,2,3,1,2025-11-10T06:41:37Z,2025-11-10T06:41:37Z
1801,remote execution,remote execution,2,4,1,2025-11-10T06:41:37Z,2025-11-10T06:41:37Z
1802,RES error log,res error log,3,1,1,2025-11-10T06:41:37Z,2025-11-10T06:41:37Z
1803,detailed error message,detailed error message,3,1,1,2025-11-10T06:41:37Z,2025-11-10T06:41:37Z
1804,identiﬁcation daemon,identiﬁcation daemon,2,3,1,2025-11-10T06:41:37Z,2025-11-10T06:41:37Z
1805,setuid bit set,setuid bit set,3,2,1,2025-11-10T06:41:37Z,2025-11-10T06:41:37Z
1806,chmod,chmod,1,1,1,2025-11-10T06:41:37Z,2025-11-10T06:41:37Z
1807,ﬁlename command,ﬁlename command,2,1,1,2025-11-10T06:41:37Z,2025-11-10T06:41:37Z
1808,application binary ﬁles,application binary ﬁle,3,1,1,2025-11-10T06:41:37Z,2025-11-10T06:41:37Z
1809,nosuid flag,nosuid flag,2,2,1,2025-11-10T06:41:37Z,2025-11-10T06:41:37Z
1810,LSF_AUTH parameter,lsf_auth parameter,2,1,1,2025-11-10T06:41:37Z,2025-11-10T06:41:37Z
1811,inetd daemon,inetd daemon,2,1,1,2025-11-10T06:41:37Z,2025-11-10T06:41:37Z
1812,Inconsistent host names,inconsistent host name,3,1,1,2025-11-10T06:41:37Z,2025-11-10T06:41:37Z
1813,name server,name server,2,1,1,2025-11-10T06:41:37Z,2025-11-10T06:41:37Z
1814,hosts.equiv,hosts.equiv,1,1,1,2025-11-10T06:41:37Z,2025-11-10T06:41:37Z
1815,LSF_USE_HOSTEQUIV,lsf_use_hostequiv,1,1,1,2025-11-10T06:41:37Z,2025-11-10T06:41:37Z
1816,hosts.equiv ﬁle,hosts.equiv ﬁle,2,1,1,2025-11-10T06:41:37Z,2025-11-10T06:41:37Z
1817,HOME/.rhosts ﬁle,home/.rhosts ﬁle,2,1,1,2025-11-10T06:41:37Z,2025-11-10T06:41:37Z
1818,destination host,destination host,2,1,1,2025-11-10T06:41:37Z,2025-11-10T06:41:37Z
1819,client host,client host,2,5,1,2025-11-10T06:41:37Z,2025-11-10T06:41:37Z
1820,Windows hosts,windows host,2,1,1,2025-11-10T06:41:37Z,2025-11-10T06:41:37Z
1821,Windows passwords,windows password,2,1,1,2025-11-10T06:41:37Z,2025-11-10T06:41:37Z
1822,lspasswd command,lspasswd command,2,1,1,2025-11-10T06:41:37Z,2025-11-10T06:41:37Z
1823,characters,character,1,4,1,2025-11-10T06:41:37Z,2025-11-10T06:41:37Z
1824,Windows password authentication,windows password authentication,3,1,1,2025-11-10T06:41:37Z,2025-11-10T06:41:37Z
1825,non - shared ﬁle system environment,non - shared ﬁle system environment,6,1,1,2025-11-10T06:41:37Z,2025-11-10T06:41:37Z
1826,parameter LSF_MASTER_LIST,parameter lsf_master_list,2,1,1,2025-11-10T06:41:37Z,2025-11-10T06:41:37Z
1827,correct permissions,correct permission,2,1,1,2025-11-10T06:41:37Z,2025-11-10T06:41:37Z
1828,system environment,system environment,2,1,1,2025-11-10T06:41:37Z,2025-11-10T06:41:37Z
1829,non - uniform ﬁle name space,non - uniform ﬁle name space,6,2,1,2025-11-10T06:41:37Z,2025-11-10T06:41:37Z
1830,chdir,chdir,1,1,1,2025-11-10T06:41:37Z,2025-11-10T06:41:37Z
1831,such file,such file,2,1,1,2025-11-10T06:41:37Z,2025-11-10T06:41:37Z
1832,directory message,directory message,2,1,1,2025-11-10T06:41:37Z,2025-11-10T06:41:37Z
1833,current working,current working,2,1,1,2025-11-10T06:41:37Z,2025-11-10T06:41:37Z
1834,different name,different name,2,2,1,2025-11-10T06:41:37Z,2025-11-10T06:41:37Z
1835,automount,automount,1,1,1,2025-11-10T06:41:37Z,2025-11-10T06:41:37Z
1836,automount maps,automount map,2,1,1,2025-11-10T06:41:37Z,2025-11-10T06:41:37Z
1837,NIS,nis,1,1,1,2025-11-10T06:41:37Z,2025-11-10T06:41:37Z
1838,Batch daemons,batch daemon,2,1,1,2025-11-10T06:41:37Z,2025-11-10T06:41:37Z
1839,mbatchd exit,mbatchd exit,2,1,1,2025-11-10T06:41:37Z,2025-11-10T06:41:37Z
1840,mbatchd daemon error logs,mbatchd daemon error log,4,1,1,2025-11-10T06:41:37Z,2025-11-10T06:41:37Z
1841,LSF administrator mailbox,lsf administrator mailbox,3,1,1,2025-11-10T06:41:37Z,2025-11-10T06:41:37Z
1842,unknown service error message displays,unknown service error message display,5,1,1,2025-11-10T06:41:37Z,2025-11-10T06:41:37Z
1843,topics,topic,1,1,1,2025-11-10T06:41:37Z,2025-11-10T06:41:37Z
1844,ﬁx LIM problems,ﬁx lim problem,3,1,1,2025-11-10T06:41:37Z,2025-11-10T06:41:37Z
1845,LIM communication times,lim communication time,3,1,1,2025-11-10T06:41:37Z,2025-11-10T06:41:37Z
1846,process groups,process group,2,2,1,2025-11-10T06:41:37Z,2025-11-10T06:41:37Z
1847,new process group,new process group,3,4,1,2025-11-10T06:41:37Z,2025-11-10T06:41:37Z
1848,parent,parent,1,1,1,2025-11-10T06:41:37Z,2025-11-10T06:41:37Z
1849,child process group,child process group,3,1,1,2025-11-10T06:41:37Z,2025-11-10T06:41:37Z
1850,parent process,parent process,2,1,1,2025-11-10T06:41:37Z,2025-11-10T06:41:37Z
1851,Linux cgroups,linux cgroup,2,1,1,2025-11-10T06:41:37Z,2025-11-10T06:41:37Z
1852,enforcement,enforcement,1,1,1,2025-11-10T06:41:37Z,2025-11-10T06:41:37Z
1853,Linux cgroup memory,linux cgroup memory,3,1,1,2025-11-10T06:41:37Z,2025-11-10T06:41:37Z
1854,subsystem,subsystem,1,1,1,2025-11-10T06:41:37Z,2025-11-10T06:41:37Z
1855,job RES,job res,2,1,1,2025-11-10T06:41:37Z,2025-11-10T06:41:37Z
1856,root process group,root process group,3,1,1,2025-11-10T06:41:37Z,2025-11-10T06:41:37Z
1857,parent process ID,parent process id,3,1,1,2025-11-10T06:41:37Z,2025-11-10T06:41:37Z
1858,PPID,ppid,1,1,1,2025-11-10T06:41:37Z,2025-11-10T06:41:37Z
1859,only reliable way,only reliable way,3,1,1,2025-11-10T06:41:37Z,2025-11-10T06:41:37Z
1860,child processes,child process,2,1,1,2025-11-10T06:41:37Z,2025-11-10T06:41:37Z
1861,parent process group,parent process group,3,1,1,2025-11-10T06:41:37Z,2025-11-10T06:41:37Z
1862,lsb.hosts ﬁle,lsb.host ﬁle,2,4,1,2025-11-10T06:41:37Z,2025-11-10T06:41:37Z
1863,unknown host,unknown host,2,4,1,2025-11-10T06:41:37Z,2025-11-10T06:41:37Z
1864,following conﬁgurations,following conﬁguration,2,1,1,2025-11-10T06:41:37Z,2025-11-10T06:41:37Z
1865,HostGroup,hostgroup,1,1,1,2025-11-10T06:41:37Z,2025-11-10T06:41:37Z
1866,HostPartition sections,hostpartition section,2,1,1,2025-11-10T06:41:37Z,2025-11-10T06:41:37Z
1867,HOSTS deﬁnition,hosts deﬁnition,2,1,1,2025-11-10T06:41:37Z,2025-11-10T06:41:37Z
1868,configdir,configdir,1,1,1,2025-11-10T06:41:37Z,2025-11-10T06:41:37Z
1869,file(line,file(line,1,9,1,2025-11-10T06:41:37Z,2025-11-10T06:41:37Z
1870,Host hostname,host hostname,2,1,1,2025-11-10T06:41:37Z,2025-11-10T06:41:37Z
1871,lsbatch system,lsbatch system,2,1,1,2025-11-10T06:41:37Z,2025-11-10T06:41:37Z
1872,lsadmin reconfig,lsadmin reconfig,2,1,1,2025-11-10T06:41:37Z,2025-11-10T06:41:37Z
1873,badmin reconfig,badmin reconfig,2,1,1,2025-11-10T06:41:37Z,2025-11-10T06:41:37Z
1874,Unknown host type,unknown host type,3,2,1,2025-11-10T06:41:37Z,2025-11-10T06:41:37Z
1875,type UNKNOWN,type unknown,2,1,1,2025-11-10T06:41:37Z,2025-11-10T06:41:37Z
1876,immediate action,immediate action,2,1,1,2025-11-10T06:41:37Z,2025-11-10T06:41:37Z
1877,type model cpuf ncpus maxmem maxswp server RESOURCES,type model cpuf ncpus maxmem maxswp server resources,8,2,1,2025-11-10T06:41:37Z,2025-11-10T06:41:37Z
1878,hostA UNKNOWN Ultra2,hosta unknown ultra2,3,1,1,2025-11-10T06:41:37Z,2025-11-10T06:41:37Z
1879,bctrld,bctrld,1,3,1,2025-11-10T06:41:37Z,2025-11-10T06:41:37Z
1880,lim command,lim command,2,1,1,2025-11-10T06:41:37Z,2025-11-10T06:41:37Z
1881,lim hostA,lim hosta,2,1,1,2025-11-10T06:41:37Z,2025-11-10T06:41:37Z
1882,egosh ego start lim hostA,egosh ego start lim hosta,5,1,1,2025-11-10T06:41:37Z,2025-11-10T06:41:37Z
1883,multiple hosts,multiple host,2,1,1,2025-11-10T06:41:37Z,2025-11-10T06:41:37Z
1884,ego.sudoers ﬁle,ego.sudoer ﬁle,2,1,1,2025-11-10T06:41:37Z,2025-11-10T06:41:37Z
1885,rsh command,rsh command,2,1,1,2025-11-10T06:41:37Z,2025-11-10T06:41:37Z
1886,speciﬁc model,speciﬁc model,2,1,1,2025-11-10T06:41:37Z,2025-11-10T06:41:37Z
1887,automatic detection,automatic detection,2,2,1,2025-11-10T06:41:37Z,2025-11-10T06:41:37Z
1888,incorrect CPU factors,incorrect cpu factor,3,2,1,2025-11-10T06:41:37Z,2025-11-10T06:41:37Z
1889,DEFAULT type,default type,2,2,1,2025-11-10T06:41:37Z,2025-11-10T06:41:37Z
1890,binary incompatibility,binary incompatibility,2,3,1,2025-11-10T06:41:37Z,2025-11-10T06:41:37Z
1891,DEFAULT host type,default host type,3,5,1,2025-11-10T06:41:37Z,2025-11-10T06:41:37Z
1892,DEFAULT model,default model,2,1,1,2025-11-10T06:41:37Z,2025-11-10T06:41:37Z
1893,DEFAULT host model,default host model,3,1,1,2025-11-10T06:41:37Z,2025-11-10T06:41:37Z
1894,hostA DEFAULT DEFAULT,hosta default default,3,1,1,2025-11-10T06:41:37Z,2025-11-10T06:41:37Z
1895,lshosts command,lshost command,2,1,1,2025-11-10T06:41:37Z,2025-11-10T06:41:37Z
1896,automatic host model,automatic host model,3,1,1,2025-11-10T06:41:37Z,2025-11-10T06:41:37Z
1897,type detection,type detection,2,1,1,2025-11-10T06:41:37Z,2025-11-10T06:41:37Z
1898,efﬁcient use,efﬁcient use,2,1,1,2025-11-10T06:41:37Z,2025-11-10T06:41:37Z
1899,AIX,aix,1,1,1,2025-11-10T06:41:37Z,2025-11-10T06:41:37Z
1900,Linux host,linux host,2,2,1,2025-11-10T06:41:37Z,2025-11-10T06:41:37Z
1901,AIX host,aix host,2,2,1,2025-11-10T06:41:37Z,2025-11-10T06:41:37Z
1902,NTX64,ntx64,1,3,1,2025-11-10T06:41:37Z,2025-11-10T06:41:37Z
1903,Host Architecture,host architecture,2,2,1,2025-11-10T06:41:37Z,2025-11-10T06:41:37Z
1904,EM64T_1596,em64t_1596,1,2,1,2025-11-10T06:41:37Z,2025-11-10T06:41:37Z
1905,Total NUMA Nodes,total numa nodes,3,1,1,2025-11-10T06:41:37Z,2025-11-10T06:41:37Z
1906,Total Processors,total processors,2,1,1,2025-11-10T06:41:37Z,2025-11-10T06:41:37Z
1907,Total Cores,total cores,2,1,1,2025-11-10T06:41:37Z,2025-11-10T06:41:37Z
1908,Total Threads,total thread,2,1,1,2025-11-10T06:41:37Z,2025-11-10T06:41:37Z
1909,Matched Type,matched type,2,1,1,2025-11-10T06:41:37Z,2025-11-10T06:41:37Z
1910,Matched Architecture,matched architecture,2,1,1,2025-11-10T06:41:37Z,2025-11-10T06:41:37Z
1911,EM64T_3000,em64t_3000,1,1,1,2025-11-10T06:41:37Z,2025-11-10T06:41:37Z
1912,Matched Model,matched model,2,1,1,2025-11-10T06:41:37Z,2025-11-10T06:41:37Z
1913,HostType,hosttype,1,1,1,2025-11-10T06:41:37Z,2025-11-10T06:41:37Z
1914,HostType section,hosttype section,2,1,1,2025-11-10T06:41:37Z,2025-11-10T06:41:37Z
1915,host type name,host type name,3,1,1,2025-11-10T06:41:37Z,2025-11-10T06:41:37Z
1916,Begin HostType,begin hosttype,2,1,1,2025-11-10T06:41:37Z,2025-11-10T06:41:37Z
1917,TYPENAME,typename,1,1,1,2025-11-10T06:41:37Z,2025-11-10T06:41:37Z
1918,CRAYJ,crayj,1,1,1,2025-11-10T06:41:37Z,2025-11-10T06:41:37Z
1919,End HostType,end hosttype,2,1,1,2025-11-10T06:41:37Z,2025-11-10T06:41:37Z
1920,HostModel section,hostmodel section,2,1,1,2025-11-10T06:41:37Z,2025-11-10T06:41:37Z
1921,new host model,new host model,3,1,1,2025-11-10T06:41:37Z,2025-11-10T06:41:37Z
1922,architecture,architecture,1,2,1,2025-11-10T06:41:37Z,2025-11-10T06:41:37Z
1923,host model list,host model list,3,1,1,2025-11-10T06:41:37Z,2025-11-10T06:41:37Z
1924,host model entries,host model entry,3,1,1,2025-11-10T06:41:37Z,2025-11-10T06:41:37Z
1925,line limit,line limit,2,1,1,2025-11-10T06:41:37Z,2025-11-10T06:41:37Z
1926,Begin HostModel,begin hostmodel,2,1,1,2025-11-10T06:41:37Z,2025-11-10T06:41:37Z
1927,MODELNAME CPUFACTOR ARCHITECTURE # keyword,modelname cpufactor architecture # keyword,5,1,1,2025-11-10T06:41:37Z,2025-11-10T06:41:37Z
1928,End HostModel,end hostmodel,2,1,1,2025-11-10T06:41:37Z,2025-11-10T06:41:37Z
1929,clocks,clock,1,2,1,2025-11-10T06:41:37Z,2025-11-10T06:41:37Z
1930,time zones,time zone,2,1,1,2025-11-10T06:41:37Z,2025-11-10T06:41:37Z
1931,sync,sync,1,2,1,2025-11-10T06:41:37Z,2025-11-10T06:41:37Z
1932,eauth,eauth,1,1,1,2025-11-10T06:41:37Z,2025-11-10T06:41:37Z
1933,timestamp,timestamp,1,1,1,2025-11-10T06:41:37Z,2025-11-10T06:41:37Z
1934,command request,command request,2,1,1,2025-11-10T06:41:37Z,2025-11-10T06:41:37Z
1935,NTP,ntp,1,1,1,2025-11-10T06:41:37Z,2025-11-10T06:41:37Z
1936,Network Time Protocol,network time protocol,3,1,1,2025-11-10T06:41:37Z,2025-11-10T06:41:37Z
1937,General errors,general error,2,2,1,2025-11-10T06:41:37Z,2025-11-10T06:41:37Z
1938,open file,open file,2,1,1,2025-11-10T06:41:37Z,2025-11-10T06:41:37Z
1939,incorrect ﬁle permissions,incorrect ﬁle permission,3,1,1,2025-11-10T06:41:37Z,2025-11-10T06:41:37Z
1940,Incorrect path names,incorrect path name,3,1,1,2025-11-10T06:41:37Z,2025-11-10T06:41:37Z
1941,Running LSF daemons,running lsf daemon,3,1,1,2025-11-10T06:41:37Z,2025-11-10T06:41:37Z
1942,malloc,malloc,1,1,1,2025-11-10T06:41:37Z,2025-11-10T06:41:37Z
1943,Memory allocation,memory allocation,2,1,1,2025-11-10T06:41:37Z,2025-11-10T06:41:37Z
1944,enough available memory,enough available memory,3,1,1,2025-11-10T06:41:37Z,2025-11-10T06:41:37Z
1945,swap space,swap space,2,2,1,2025-11-10T06:41:37Z,2025-11-10T06:41:37Z
1946,internal error,internal error,2,1,1,2025-11-10T06:41:37Z,2025-11-10T06:41:37Z
1947,program load,program load,2,1,1,2025-11-10T06:41:37Z,2025-11-10T06:41:37Z
1948,available swap space,available swap space,3,1,1,2025-11-10T06:41:37Z,2025-11-10T06:41:37Z
1949,more swap space,more swap space,3,1,1,2025-11-10T06:41:37Z,2025-11-10T06:41:37Z
1950,auth_user,auth_user,1,4,1,2025-11-10T06:41:37Z,2025-11-10T06:41:37Z
1951,getservbyname(ident,getservbyname(ident,1,1,1,2025-11-10T06:41:37Z,2025-11-10T06:41:37Z
1952,tcp,tcp,1,3,1,2025-11-10T06:41:37Z,2025-11-10T06:41:37Z
1953,ident,ident,1,3,1,2025-11-10T06:41:37Z,2025-11-10T06:41:37Z
1954,LSF_AUTH = ident parameter,lsf_auth = ident parameter,4,6,1,2025-11-10T06:41:37Z,2025-11-10T06:41:37Z
1955,tcp service,tcp service,2,1,1,2025-11-10T06:41:37Z,2025-11-10T06:41:37Z
1956,services database,service database,2,2,1,2025-11-10T06:41:37Z,2025-11-10T06:41:37Z
1957,setuid root command,setuid root command,3,1,1,2025-11-10T06:41:37Z,2025-11-10T06:41:37Z
1958,operation(<host>/<port,operation(<host>/<port,1,1,1,2025-11-10T06:41:37Z,2025-11-10T06:41:37Z
1959,identd daemon,identd daemon,2,3,1,2025-11-10T06:41:37Z,2025-11-10T06:41:37Z
1960,identd,identd,1,1,1,2025-11-10T06:41:37Z,2025-11-10T06:41:37Z
1961,inetd.conf,inetd.conf,1,1,1,2025-11-10T06:41:37Z,2025-11-10T06:41:37Z
1962,Authentication data format error,authentication datum format error,4,1,1,2025-11-10T06:41:37Z,2025-11-10T06:41:37Z
1963,rbuf=<data,rbuf=<data,1,1,1,2025-11-10T06:41:37Z,2025-11-10T06:41:37Z
1964,Authentication port mismatch,authentication port mismatch,3,1,1,2025-11-10T06:41:37Z,2025-11-10T06:41:37Z
1965,protocol error,protocol error,2,4,1,2025-11-10T06:41:37Z,2025-11-10T06:41:37Z
1966,ident daemon,ident daemon,2,1,1,2025-11-10T06:41:37Z,2025-11-10T06:41:37Z
1967,userok,userok,1,3,1,2025-11-10T06:41:37Z,2025-11-10T06:41:37Z
1968,Request,request,1,10,1,2025-11-10T06:41:37Z,2025-11-10T06:41:37Z
1969,bad port,bad port,2,1,1,2025-11-10T06:41:37Z,2025-11-10T06:41:37Z
1970,non - privileged port,non - privileged port,4,1,1,2025-11-10T06:41:37Z,2025-11-10T06:41:37Z
1971,ident server,ident server,2,1,1,2025-11-10T06:41:37Z,2025-11-10T06:41:37Z
1972,Forged username,forged username,2,1,1,2025-11-10T06:41:37Z,2025-11-10T06:41:37Z
1973,claimed_user>/<actual_user,claimed_user>/<actual_user,1,1,1,2025-11-10T06:41:37Z,2025-11-10T06:41:37Z
1974,service request,service request,2,1,1,2025-11-10T06:41:37Z,2025-11-10T06:41:37Z
1975,user claimed_user,user claimed_user,2,1,1,2025-11-10T06:41:37Z,2025-11-10T06:41:37Z
1976,ident authentication,ident authentication,2,1,1,2025-11-10T06:41:37Z,2025-11-10T06:41:37Z
1977,LSF_USE_HOSTEQUIV parameter,lsf_use_hostequiv parameter,2,1,1,2025-11-10T06:41:37Z,2025-11-10T06:41:37Z
1978,equivalent host,equivalent host,2,1,1,2025-11-10T06:41:37Z,2025-11-10T06:41:37Z
1979,host.equiv,host.equiv,1,1,1,2025-11-10T06:41:37Z,2025-11-10T06:41:37Z
1980,user uid,user uid,2,1,1,2025-11-10T06:41:37Z,2025-11-10T06:41:37Z
1981,.rhosts ﬁle,.rhosts ﬁle,2,1,1,2025-11-10T06:41:37Z,2025-11-10T06:41:37Z
1982,init_AcceptSock,init_acceptsock,1,3,1,2025-11-10T06:41:37Z,2025-11-10T06:41:37Z
1983,RES service(res,res service(re,2,1,1,2025-11-10T06:41:37Z,2025-11-10T06:41:37Z
1984,exiting,exiting,1,3,1,2025-11-10T06:41:37Z,2025-11-10T06:41:37Z
1985,res,res,1,6,1,2025-11-10T06:41:37Z,2025-11-10T06:41:37Z
1986,unknown service,unknown service,2,1,1,2025-11-10T06:41:37Z,2025-11-10T06:41:37Z
1987,initSock,initsock,1,2,1,2025-11-10T06:41:37Z,2025-11-10T06:41:37Z
1988,LIM service,lim service,2,1,1,2025-11-10T06:41:37Z,2025-11-10T06:41:37Z
1989,Service lim,service lim,2,1,1,2025-11-10T06:41:37Z,2025-11-10T06:41:37Z
1990,udp,udp,1,1,1,2025-11-10T06:41:37Z,2025-11-10T06:41:37Z
1991,Read LSF Guide,read lsf guide,3,1,1,2025-11-10T06:41:37Z,2025-11-10T06:41:37Z
1992,serv,serv,1,1,1,2025-11-10T06:41:37Z,2025-11-10T06:41:37Z
1993,LSF services,lsf service,2,1,1,2025-11-10T06:41:37Z,2025-11-10T06:41:37Z
1994,daemon socket,daemon socket,2,1,1,2025-11-10T06:41:37Z,2025-11-10T06:41:37Z
1995,init_ServSock,init_servsock,1,1,1,2025-11-10T06:41:37Z,2025-11-10T06:41:37Z
1996,second LSF daemon,second lsf daemon,3,1,1,2025-11-10T06:41:37Z,2025-11-10T06:41:37Z
1997,new daemon,new daemon,2,1,1,2025-11-10T06:41:37Z,2025-11-10T06:41:37Z
1998,following messages,following message,2,1,1,2025-11-10T06:41:37Z,2025-11-10T06:41:37Z
1999,speciﬁc ﬁles,speciﬁc ﬁle,2,1,1,2025-11-10T06:41:37Z,2025-11-10T06:41:37Z
2000,Section name,section name,2,2,1,2025-11-10T06:41:37Z,2025-11-10T06:41:37Z
2001,Begin,begin,1,1,1,2025-11-10T06:41:37Z,2025-11-10T06:41:37Z
2002,Invalid section name name,invalid section name name,4,1,1,2025-11-10T06:41:37Z,2025-11-10T06:41:37Z
2003,keyword Begin,keyword begin,2,1,1,2025-11-10T06:41:37Z,2025-11-10T06:41:37Z
2004,speciﬁed line,speciﬁed line,2,1,1,2025-11-10T06:41:37Z,2025-11-10T06:41:37Z
2005,unrecognized section name,unrecognized section name,3,1,1,2025-11-10T06:41:37Z,2025-11-10T06:41:37Z
2006,Duplicate cluster name name,duplicate cluster name name,4,1,1,2025-11-10T06:41:37Z,2025-11-10T06:41:37Z
2007,section cluster,section cluster,2,1,1,2025-11-10T06:41:37Z,2025-11-10T06:41:37Z
2008,same lsf.shared ﬁle,same lsf.shared ﬁle,3,1,1,2025-11-10T06:41:37Z,2025-11-10T06:41:37Z
2009,second deﬁnition,second deﬁnition,2,1,1,2025-11-10T06:41:37Z,2025-11-10T06:41:37Z
2010,Bad cpuFactor,bad cpufactor,2,1,1,2025-11-10T06:41:37Z,2025-11-10T06:41:37Z
2011,host model model,host model model,3,1,1,2025-11-10T06:41:37Z,2025-11-10T06:41:37Z
2012,valid number,valid number,2,1,1,2025-11-10T06:41:37Z,2025-11-10T06:41:37Z
2013,many host models,many host model,3,1,1,2025-11-10T06:41:37Z,2025-11-10T06:41:37Z
2014,model name,model name,2,1,1,2025-11-10T06:41:37Z,2025-11-10T06:41:37Z
2015,maximum,maximum,1,1,1,2025-11-10T06:41:37Z,2025-11-10T06:41:37Z
2016,Resource name name,resource name name,3,2,1,2025-11-10T06:41:37Z,2025-11-10T06:41:37Z
2017,section resource,section resource,2,2,1,2025-11-10T06:41:37Z,2025-11-10T06:41:37Z
2018,maximum length,maximum length,2,1,1,2025-11-10T06:41:37Z,2025-11-10T06:41:37Z
2019,shorter name,short name,2,1,1,2025-11-10T06:41:37Z,2025-11-10T06:41:37Z
2020,illegal character,illegal character,2,1,1,2025-11-10T06:41:37Z,2025-11-10T06:41:37Z
2021,letter,letter,1,2,1,2025-11-10T06:41:37Z,2025-11-10T06:41:37Z
2022,zA - Z,za - z,3,1,1,2025-11-10T06:41:37Z,2025-11-10T06:41:37Z
2023,digits,digit,1,1,1,2025-11-10T06:41:37Z,2025-11-10T06:41:37Z
2024,zA - Z0,za - z0,3,1,1,2025-11-10T06:41:37Z,2025-11-10T06:41:37Z
2025,LIM messages,lim message,2,1,1,2025-11-10T06:41:37Z,2025-11-10T06:41:37Z
2026,findHostbyAddr/<proc,findhostbyaddr/<proc,1,1,1,2025-11-10T06:41:37Z,2025-11-10T06:41:37Z
2027,host>/<port,host>/<port,1,4,1,2025-11-10T06:41:37Z,2025-11-10T06:41:37Z
2028,function,function,1,2,1,2025-11-10T06:41:37Z,2025-11-10T06:41:37Z
2029,non - LSF host,non - lsf host,4,1,1,2025-11-10T06:41:37Z,2025-11-10T06:41:37Z
2030,new information,new information,2,1,1,2025-11-10T06:41:37Z,2025-11-10T06:41:37Z
2031,rcvLoadVector,rcvloadvector,1,2,1,2025-11-10T06:41:37Z,2025-11-10T06:41:37Z
2032,Sender,sender,1,2,1,2025-11-10T06:41:37Z,2025-11-10T06:41:37Z
2033,config,config,1,2,1,2025-11-10T06:41:37Z,2025-11-10T06:41:37Z
2034,MasterRegister,masterregister,1,1,1,2025-11-10T06:41:37Z,2025-11-10T06:41:37Z
2035,inconsistent conﬁguration information,inconsistent conﬁguration information,3,1,1,2025-11-10T06:41:37Z,2025-11-10T06:41:37Z
2036,same conﬁguration information,same conﬁguration information,3,1,1,2025-11-10T06:41:37Z,2025-11-10T06:41:37Z
2037,Got load,got load,2,1,1,2025-11-10T06:41:37Z,2025-11-10T06:41:37Z
2038,lim host,lim host,2,1,1,2025-11-10T06:41:37Z,2025-11-10T06:41:37Z
2039,Unknown index name,unknown index name,3,1,1,2025-11-10T06:41:37Z,2025-11-10T06:41:37Z
2040,external load index name,external load index name,4,1,1,2025-11-10T06:41:37Z,2025-11-10T06:41:37Z
2041,index names,index name,2,1,1,2025-11-10T06:41:37Z,2025-11-10T06:41:37Z
2042,getusr,getusr,1,2,1,2025-11-10T06:41:37Z,2025-11-10T06:41:37Z
2043,num,num,1,2,1,2025-11-10T06:41:37Z,2025-11-10T06:41:37Z
2044,index number,index number,2,1,1,2025-11-10T06:41:37Z,2025-11-10T06:41:37Z
2045,RES messages,res message,2,1,1,2025-11-10T06:41:37Z,2025-11-10T06:41:37Z
2046,doacceptconn,doacceptconn,1,3,1,2025-11-10T06:41:37Z,2025-11-10T06:41:37Z
2047,getpwnam(<username>@<host>/<port,getpwnam(<username>@<host>/<port,1,1,1,2025-11-10T06:41:37Z,2025-11-10T06:41:37Z
2048,uid1,uid1,1,1,1,2025-11-10T06:41:37Z,2025-11-10T06:41:37Z
2049,uid2,uid2,1,1,1,2025-11-10T06:41:37Z,2025-11-10T06:41:37Z
2050,RES host,res host,2,1,1,2025-11-10T06:41:37Z,2025-11-10T06:41:37Z
2051,bad user,bad user,2,1,1,2025-11-10T06:41:37Z,2025-11-10T06:41:37Z
2052,userName>/<uid>@<host>/<port,username>/<uid>@<host>/<port,1,1,1,2025-11-10T06:41:37Z,2025-11-10T06:41:37Z
2053,Submitter,submitter,1,1,1,2025-11-10T06:41:37Z,2025-11-10T06:41:37Z
2054,lname,lname,1,1,1,2025-11-10T06:41:37Z,2025-11-10T06:41:37Z
2055,same user ID,same user id,3,2,1,2025-11-10T06:41:37Z,2025-11-10T06:41:37Z
2056,interactive remote execution,interactive remote execution,3,1,1,2025-11-10T06:41:37Z,2025-11-10T06:41:37Z
2057,remote execution permission,remote execution permission,3,1,1,2025-11-10T06:41:37Z,2025-11-10T06:41:37Z
2058,authRequest,authrequest,1,1,1,2025-11-10T06:41:37Z,2025-11-10T06:41:37Z
2059,root job submission,root job submission,3,1,1,2025-11-10T06:41:37Z,2025-11-10T06:41:37Z
2060,LSF_ROOT_REX,lsf_root_rex,1,1,1,2025-11-10T06:41:37Z,2025-11-10T06:41:37Z
2061,resControl,rescontrol,1,2,1,2025-11-10T06:41:37Z,2025-11-10T06:41:37Z
2062,operation permission,operation permission,2,1,1,2025-11-10T06:41:37Z,2025-11-10T06:41:37Z
2063,uid =,uid =,2,1,1,2025-11-10T06:41:37Z,2025-11-10T06:41:37Z
2064,user ID uid,user id uid,3,1,1,2025-11-10T06:41:37Z,2025-11-10T06:41:37Z
2065,RES control requests,res control request,3,3,1,2025-11-10T06:41:37Z,2025-11-10T06:41:37Z
2066,LSF_ROOT_REX parameter,lsf_root_rex parameter,2,1,1,2025-11-10T06:41:37Z,2025-11-10T06:41:37Z
2067,lsf.confﬁle,lsf.confﬁle,1,1,1,2025-11-10T06:41:37Z,2025-11-10T06:41:37Z
2068,access(respath,access(respath,1,1,1,2025-11-10T06:41:37Z,2025-11-10T06:41:37Z
2069,X_OK,x_ok,1,1,1,2025-11-10T06:41:37Z,2025-11-10T06:41:37Z
2070,restart request,restart request,2,1,1,2025-11-10T06:41:37Z,2025-11-10T06:41:37Z
2071,ﬁle respath,ﬁle respath,2,1,1,2025-11-10T06:41:37Z,2025-11-10T06:41:37Z
2072,respath,respath,1,1,1,2025-11-10T06:41:37Z,2025-11-10T06:41:37Z
2073,RES binary,res binary,2,1,1,2025-11-10T06:41:37Z,2025-11-10T06:41:37Z
2074,execution permission,execution permission,2,1,1,2025-11-10T06:41:37Z,2025-11-10T06:41:37Z
2075,sbatchd messages,sbatchd message,2,1,1,2025-11-10T06:41:37Z,2025-11-10T06:41:37Z
2076,renewJob,renewjob,1,1,1,2025-11-10T06:41:37Z,2025-11-10T06:41:37Z
2077,jobId,jobid,1,8,1,2025-11-10T06:41:37Z,2025-11-10T06:41:37Z
2078,"rename(<from>,<to","rename(<from>,<to",1,1,1,2025-11-10T06:41:37Z,2025-11-10T06:41:37Z
2079,exists,exist,1,1,1,2025-11-10T06:41:37Z,2025-11-10T06:41:37Z
2080,AFS directory,afs directory,2,1,1,2025-11-10T06:41:37Z,2025-11-10T06:41:37Z
2081,token processing,token processing,2,1,1,2025-11-10T06:41:37Z,2025-11-10T06:41:37Z
2082,setup,setup,1,1,1,2025-11-10T06:41:37Z,2025-11-10T06:41:37Z
2083,logJobInfo,logjobinfo,1,6,1,2025-11-10T06:41:37Z,2025-11-10T06:41:37Z
2084,fopen(<logdir,fopen(<logdir,1,2,1,2025-11-10T06:41:37Z,2025-11-10T06:41:37Z
2085,jobfile,jobfile,1,7,1,2025-11-10T06:41:37Z,2025-11-10T06:41:37Z
2086,xdrpos,xdrpos,1,1,1,2025-11-10T06:41:37Z,2025-11-10T06:41:37Z
2087,pos,pos,1,1,1,2025-11-10T06:41:37Z,2025-11-10T06:41:37Z
2088,xdr buf len,xdr buf len,3,1,1,2025-11-10T06:41:37Z,2025-11-10T06:41:37Z
2089,len,len,1,1,1,2025-11-10T06:41:37Z,2025-11-10T06:41:37Z
2090,close(<logdir,close(<logdir,1,1,1,2025-11-10T06:41:37Z,2025-11-10T06:41:37Z
2091,rmLogJobInfo,rmlogjobinfo,1,2,1,2025-11-10T06:41:37Z,2025-11-10T06:41:37Z
2092,unlink(<logdir,unlink(<logdir,1,1,1,2025-11-10T06:41:37Z,2025-11-10T06:41:37Z
2093,jobfile >,jobfile >,2,3,1,2025-11-10T06:41:37Z,2025-11-10T06:41:37Z
2094,n’t stat(<logdir,n’t stat(<logdir,2,1,1,2025-11-10T06:41:37Z,2025-11-10T06:41:37Z
2095,n’t open(<logdir,n’t open(<logdir,2,1,1,2025-11-10T06:41:37Z,2025-11-10T06:41:37Z
2096,start_job,start_job,1,1,1,2025-11-10T06:41:37Z,2025-11-10T06:41:37Z
2097,readLogJobInfo,readlogjobinfo,1,2,1,2025-11-10T06:41:37Z,2025-11-10T06:41:37Z
2098,n’t,n’t,1,1,1,2025-11-10T06:41:37Z,2025-11-10T06:41:37Z
2099,size size,size size,2,1,1,2025-11-10T06:41:37Z,2025-11-10T06:41:37Z
2100,mkdir(<logdir,mkdir(<logdir,1,1,1,2025-11-10T06:41:37Z,2025-11-10T06:41:37Z
2101,fname,fname,1,1,1,2025-11-10T06:41:37Z,2025-11-10T06:41:37Z
2102,getElogLock,geteloglock,1,2,1,2025-11-10T06:41:37Z,2025-11-10T06:41:37Z
2103,lock file,lock file,2,3,1,2025-11-10T06:41:37Z,2025-11-10T06:41:37Z
2104,releaseElogLock,releaseeloglock,1,1,1,2025-11-10T06:41:37Z,2025-11-10T06:41:37Z
2105,lockfile,lockfile,1,1,1,2025-11-10T06:41:37Z,2025-11-10T06:41:37Z
2106,touchElogLock,toucheloglock,1,2,1,2025-11-10T06:41:37Z,2025-11-10T06:41:37Z
2107,logdir directory,logdir directory,2,1,1,2025-11-10T06:41:37Z,2025-11-10T06:41:37Z
2108,replay_newjob,replay_newjob,1,1,1,2025-11-10T06:41:37Z,2025-11-10T06:41:37Z
2109,lost_and_found,lost_and_found,1,3,1,2025-11-10T06:41:37Z,2025-11-10T06:41:37Z
2110,replay_switchjob,replay_switchjob,1,1,1,2025-11-10T06:41:37Z,2025-11-10T06:41:37Z
2111,Destination queue,destination queue,2,1,1,2025-11-10T06:41:37Z,2025-11-10T06:41:37Z
2112,replay_startjob,replay_startjob,1,1,1,2025-11-10T06:41:37Z,2025-11-10T06:41:37Z
2113,event log,event log,2,1,1,2025-11-10T06:41:37Z,2025-11-10T06:41:37Z
2114,LSF .,lsf .,2,1,1,2025-11-10T06:41:37Z,2025-11-10T06:41:37Z
2115,do_restartReq,do_restartreq,1,1,1,2025-11-10T06:41:37Z,2025-11-10T06:41:37Z
2116,hData,hdata,1,1,1,2025-11-10T06:41:37Z,2025-11-10T06:41:37Z
2117,host_name>/<host_addr,host_name>/<host_addr,1,1,1,2025-11-10T06:41:37Z,2025-11-10T06:41:37Z
2118,host host_name,host host_name,2,1,1,2025-11-10T06:41:37Z,2025-11-10T06:41:37Z
2119,new conﬁguration,new conﬁguration,2,1,1,2025-11-10T06:41:37Z,2025-11-10T06:41:37Z
2120,host_name,host_name,1,2,1,2025-11-10T06:41:37Z,2025-11-10T06:41:37Z
2121,badmin reconﬁgcommand,badmin reconﬁgcommand,2,1,1,2025-11-10T06:41:37Z,2025-11-10T06:41:37Z
2122,LSF command messages,lsf command message,3,1,1,2025-11-10T06:41:37Z,2025-11-10T06:41:37Z
2123,LIM restart,lim restart,2,1,1,2025-11-10T06:41:37Z,2025-11-10T06:41:37Z
2124,User programs,user program,2,1,1,2025-11-10T06:41:37Z,2025-11-10T06:41:37Z
2125,LIM API,lim api,2,2,1,2025-11-10T06:41:37Z,2025-11-10T06:41:37Z
2126,management host list,management host list,3,1,1,2025-11-10T06:41:37Z,2025-11-10T06:41:37Z
2127,server host list,server host list,3,1,1,2025-11-10T06:41:37Z,2025-11-10T06:41:37Z
2128,conﬁguration changes,conﬁguration change,2,1,1,2025-11-10T06:41:37Z,2025-11-10T06:41:37Z
2129,new resources,new resource,2,1,1,2025-11-10T06:41:37Z,2025-11-10T06:41:37Z
2130,binary upgrade,binary upgrade,2,1,1,2025-11-10T06:41:37Z,2025-11-10T06:41:37Z
2131,LSF_LIM_API_NTRIES parameter,lsf_lim_api_ntries parameter,2,2,1,2025-11-10T06:41:37Z,2025-11-10T06:41:37Z
2132,environment variable,environment variable,2,1,1,2025-11-10T06:41:37Z,2025-11-10T06:41:37Z
2133,many times LSF,many time lsf,3,1,1,2025-11-10T06:41:37Z,2025-11-10T06:41:37Z
2134,retry,retry,1,1,1,2025-11-10T06:41:37Z,2025-11-10T06:41:37Z
2135,EGO daemons,ego daemon,2,1,1,2025-11-10T06:41:37Z,2025-11-10T06:41:37Z
2136,LSB_API_VERBOSE = Y parameter,lsb_api_verbose = y parameter,4,1,1,2025-11-10T06:41:37Z,2025-11-10T06:41:37Z
2137,retry error message,retry error message,3,2,1,2025-11-10T06:41:37Z,2025-11-10T06:41:37Z
2138,LSB_API_VERBOSE = N parameter,lsb_api_verbose = n parameter,4,1,1,2025-11-10T06:41:37Z,2025-11-10T06:41:37Z
2139,command client messages,command client message,3,1,1,2025-11-10T06:41:37Z,2025-11-10T06:41:37Z
2140,batch command,batch command,2,1,1,2025-11-10T06:41:37Z,2025-11-10T06:41:37Z
2141,error reasons,error reason,2,1,1,2025-11-10T06:41:37Z,2025-11-10T06:41:37Z
2142,error message output,error message output,3,1,1,2025-11-10T06:41:37Z,2025-11-10T06:41:37Z
2143,Point,point,1,1,1,2025-11-10T06:41:37Z,2025-11-10T06:41:37Z
2144,failure Possible reason Error message output,failure possible reason error message output,6,1,1,2025-11-10T06:41:37Z,2025-11-10T06:41:37Z
2145,connection,connection,1,1,1,2025-11-10T06:41:37Z,2025-11-10T06:41:37Z
2146,mbatchd daemonThe mbatchd daemon,mbatchd daemonthe mbatchd daemon,4,2,1,2025-11-10T06:41:37Z,2025-11-10T06:41:37Z
2147,new connections,new connection,2,1,1,2025-11-10T06:41:37Z,2025-11-10T06:41:37Z
2148,connect,connect,1,1,1,2025-11-10T06:41:37Z,2025-11-10T06:41:37Z
2149,LSB_MBD_PORT,lsb_mbd_port,1,1,1,2025-11-10T06:41:37Z,2025-11-10T06:41:37Z
2150,LSB_QUERY_PORTLSF,lsb_query_portlsf,1,1,1,2025-11-10T06:41:37Z,2025-11-10T06:41:37Z
2151,LSB_QUERY_PORT,lsb_query_port,1,1,1,2025-11-10T06:41:37Z,2025-11-10T06:41:37Z
2152,busy bhosts,busy bhost,2,1,1,2025-11-10T06:41:37Z,2025-11-10T06:41:37Z
2153,bjobs displays,bjobs display,2,1,1,2025-11-10T06:41:37Z,2025-11-10T06:41:37Z
2154,Socket error,socket error,2,1,1,2025-11-10T06:41:37Z,2025-11-10T06:41:37Z
2155,client side,client side,2,1,1,2025-11-10T06:41:37Z,2025-11-10T06:41:37Z
2156,system call,system call,2,1,1,2025-11-10T06:41:37Z,2025-11-10T06:41:37Z
2157,Internal library error,internal library error,3,2,1,2025-11-10T06:41:37Z,2025-11-10T06:41:37Z
2158,handshake message,handshake message,2,1,1,2025-11-10T06:41:37Z,2025-11-10T06:41:37Z
2159,Client times,client time,2,1,1,2025-11-10T06:41:37Z,2025-11-10T06:41:37Z
2160,Socket read()/write,socket read()/write,2,1,1,2025-11-10T06:41:37Z,2025-11-10T06:41:37Z
2161,EGO command messages,ego command message,3,1,1,2025-11-10T06:41:37Z,2025-11-10T06:41:37Z
2162,egosh command,egosh command,2,2,1,2025-11-10T06:41:37Z,2025-11-10T06:41:37Z
2163,LSF_ENABLE_EGO = N.,lsf_enable_ego = n.,3,1,1,2025-11-10T06:41:37Z,2025-11-10T06:41:37Z
2164,ego.conf ﬁle,ego.conf ﬁle,2,1,1,2025-11-10T06:41:37Z,2025-11-10T06:41:37Z
2165,vemkd daemon,vemkd daemon,2,1,1,2025-11-10T06:41:37Z,2025-11-10T06:41:37Z
2166,current ﬁx pack level,current ﬁx pack level,4,2,1,2025-11-10T06:41:37Z,2025-11-10T06:41:37Z
2167,same cluster name,same cluster name,3,1,1,2025-11-10T06:41:37Z,2025-11-10T06:41:37Z
2168,Copying,copying,1,1,1,2025-11-10T06:41:37Z,2025-11-10T06:41:37Z
2169,work ﬁles,work ﬁle,2,2,1,2025-11-10T06:41:37Z,2025-11-10T06:41:37Z
2170,ego.cluster,ego.cluster,1,2,1,2025-11-10T06:41:37Z,2025-11-10T06:41:37Z
2171,LSF Update,lsf update,2,1,1,2025-11-10T06:41:37Z,2025-11-10T06:41:37Z
2172,conﬁguration ﬁle paths,conﬁguration ﬁle path,3,2,1,2025-11-10T06:41:37Z,2025-11-10T06:41:37Z
2173,new refers,new refer,2,1,1,2025-11-10T06:41:37Z,2025-11-10T06:41:37Z
2174,new cluster,new cluster,2,9,1,2025-11-10T06:41:37Z,2025-11-10T06:41:37Z
2175,Migrate values,migrate value,2,1,1,2025-11-10T06:41:37Z,2025-11-10T06:41:37Z
2176,old lsf.conf ﬁle,old lsf.conf ﬁle,3,2,1,2025-11-10T06:41:37Z,2025-11-10T06:41:37Z
2177,new lsf.conf ﬁle,new lsf.conf ﬁle,3,3,1,2025-11-10T06:41:37Z,2025-11-10T06:41:37Z
2178,a. Open,a. open,2,1,1,2025-11-10T06:41:37Z,2025-11-10T06:41:37Z
2179,LSF_ENVDIR_old\,lsf_envdir_old\,1,1,1,2025-11-10T06:41:37Z,2025-11-10T06:41:37Z
2180,LSF_ENVDIR_new\,lsf_envdir_new\,1,1,1,2025-11-10T06:41:37Z,2025-11-10T06:41:37Z
2181,c. Migrate,c. migrate,2,1,1,2025-11-10T06:41:37Z,2025-11-10T06:41:37Z
2182,old ﬁle,old ﬁle,2,1,1,2025-11-10T06:41:37Z,2025-11-10T06:41:37Z
2183,correct conﬁguration path values,correct conﬁguration path value,4,1,1,2025-11-10T06:41:37Z,2025-11-10T06:41:37Z
2184,new directory structure changes,new directory structure change,4,1,1,2025-11-10T06:41:37Z,2025-11-10T06:41:37Z
2185,old passwd.lsfuser ﬁle,old passwd.lsfuser ﬁle,3,1,1,2025-11-10T06:41:37Z,2025-11-10T06:41:37Z
2186,LSF_ENVDIR_old\passwd.lsfuser,lsf_envdir_old\passwd.lsfuser,1,1,1,2025-11-10T06:41:37Z,2025-11-10T06:41:37Z
2187,LSF_ENVDIR_new\passwd.lsfuser,lsf_envdir_new\passwd.lsfuser,1,1,1,2025-11-10T06:41:37Z,2025-11-10T06:41:37Z
2188,old LSF batch conﬁguration ﬁles,old lsf batch conﬁguration ﬁle,5,1,1,2025-11-10T06:41:37Z,2025-11-10T06:41:37Z
2189,Copy LSB_CONFDIR_old\cluster_name\configdir\ *,copy lsb_confdir_old\cluster_name\configdir\ *,3,1,1,2025-11-10T06:41:37Z,2025-11-10T06:41:37Z
2190,old LSF batch work ﬁles,old lsf batch work ﬁle,5,1,1,2025-11-10T06:41:37Z,2025-11-10T06:41:37Z
2191,Copying EGO conﬁguration,copying ego conﬁguration,3,1,1,2025-11-10T06:41:37Z,2025-11-10T06:41:37Z
2192,cluster deﬁne,cluster deﬁne,2,1,1,2025-11-10T06:41:37Z,2025-11-10T06:41:37Z
2193,EGO consumer tree,ego consumer tree,3,1,1,2025-11-10T06:41:37Z,2025-11-10T06:41:37Z
2194,EGO resource group,ego resource group,3,1,1,2025-11-10T06:41:37Z,2025-11-10T06:41:37Z
2195,EGO users,ego user,2,1,1,2025-11-10T06:41:37Z,2025-11-10T06:41:37Z
2196,old EGO XML conﬁguration ﬁles,old ego xml conﬁguration ﬁle,5,1,1,2025-11-10T06:41:37Z,2025-11-10T06:41:37Z
2197,EGO_CONFDIR_old\*.xml,ego_confdir_old\*.xml,1,1,1,2025-11-10T06:41:37Z,2025-11-10T06:41:37Z
2198,old EGO password ﬁle,old ego password ﬁle,4,1,1,2025-11-10T06:41:37Z,2025-11-10T06:41:37Z
2199,EGO_CONFDIR_old\passwd.ego,ego_confdir_old\passwd.ego,1,1,1,2025-11-10T06:41:37Z,2025-11-10T06:41:37Z
2200,EGO_CONFDIR_new\passwd.ego,ego_confdir_new\passwd.ego,1,1,1,2025-11-10T06:41:37Z,2025-11-10T06:41:37Z
2201,old EGO work directory,old ego work directory,4,1,1,2025-11-10T06:41:37Z,2025-11-10T06:41:37Z
2202,EGO_WORKDIR_old\,ego_workdir_old\,1,1,1,2025-11-10T06:41:37Z,2025-11-10T06:41:37Z
2203,new LSF cluster,new lsf cluster,3,1,1,2025-11-10T06:41:37Z,2025-11-10T06:41:37Z
2204,original cluster,original cluster,2,1,1,2025-11-10T06:41:37Z,2025-11-10T06:41:37Z
2205,badmin qact,badmin qact,2,1,1,2025-11-10T06:41:37Z,2025-11-10T06:41:37Z
2206,new work,new work,2,1,1,2025-11-10T06:41:37Z,2025-11-10T06:41:37Z
2207,monitor,monitor,1,1,1,2025-11-10T06:41:37Z,2025-11-10T06:41:37Z
2208,linear,linear,1,2,1,2025-11-10T06:41:37Z,2025-11-10T06:41:37Z
2209,SelectType,selecttype,1,3,1,2025-11-10T06:41:37Z,2025-11-10T06:41:37Z
2210,cons_tres,cons_tre,1,16,1,2025-11-10T06:41:37Z,2025-11-10T06:41:37Z
2211,individual sockets,individual socket,2,2,1,2025-11-10T06:41:37Z,2025-11-10T06:41:37Z
2212,cores,core,1,28,1,2025-11-10T06:41:37Z,2025-11-10T06:41:37Z
2213,threads,thread,1,12,1,2025-11-10T06:41:37Z,2025-11-10T06:41:37Z
2214,consumable resources,consumable resource,2,22,1,2025-11-10T06:41:37Z,2025-11-10T06:41:37Z
2215,consumable resource type,consumable resource type,3,4,1,2025-11-10T06:41:37Z,2025-11-10T06:41:37Z
2216,SelectTypeParameters,selecttypeparameter,1,2,1,2025-11-10T06:41:37Z,2025-11-10T06:41:37Z
2217,select plugin,select plugin,2,4,1,2025-11-10T06:41:37Z,2025-11-10T06:41:37Z
2218,slurm.conf options,slurm.conf option,2,17,1,2025-11-10T06:41:37Z,2025-11-10T06:41:37Z
2219,parameterPossible valuesDescription,parameterpossible valuesdescription,2,3,1,2025-11-10T06:41:37Z,2025-11-10T06:41:37Z
2220,NodeName,nodename,1,3,1,2025-11-10T06:41:37Z,2025-11-10T06:41:37Z
2221,additional parameters,additional parameter,2,4,1,2025-11-10T06:41:37Z,2025-11-10T06:41:37Z
2222,layout,layout,1,3,1,2025-11-10T06:41:37Z,2025-11-10T06:41:37Z
2223,boards,board,1,2,1,2025-11-10T06:41:37Z,2025-11-10T06:41:37Z
2224,logical CPUs,logical cpu,2,3,1,2025-11-10T06:41:37Z,2025-11-10T06:41:37Z
2225,PartitionName,partitionname,1,2,1,2025-11-10T06:41:37Z,2025-11-10T06:41:37Z
2226,Several parameters,several parameter,2,2,1,2025-11-10T06:41:37Z,2025-11-10T06:41:37Z
2227,partition definition,partition definition,2,3,1,2025-11-10T06:41:37Z,2025-11-10T06:41:37Z
2228,Nodes,nodes,1,9,1,2025-11-10T06:41:37Z,2025-11-10T06:41:37Z
2229,OverSubscribe,oversubscribe,1,2,1,2025-11-10T06:41:37Z,2025-11-10T06:41:37Z
2230,MaxNodes,maxnodes,1,2,1,2025-11-10T06:41:37Z,2025-11-10T06:41:37Z
2231,node definition,node definition,2,3,1,2025-11-10T06:41:37Z,2025-11-10T06:41:37Z
2232,SelectTypeselect,selecttypeselect,1,2,1,2025-11-10T06:41:37Z,2025-11-10T06:41:37Z
2233,cons_tresControls,cons_trescontrol,1,2,1,2025-11-10T06:41:37Z,2025-11-10T06:41:37Z
2234,CPU resources,cpu resource,2,5,1,2025-11-10T06:41:37Z,2025-11-10T06:41:37Z
2235,whole nodes,whole node,2,5,1,2025-11-10T06:41:37Z,2025-11-10T06:41:37Z
2236,CR_CPU_Memory | CR_Core | CR_Core_Memory | CR_Socket,cr_cpu_memory | cr_core | cr_core_memory | cr_socket,7,2,1,2025-11-10T06:41:37Z,2025-11-10T06:41:37Z
2237,| CR_Socket_Memory,| cr_socket_memory,2,2,1,2025-11-10T06:41:37Z,2025-11-10T06:41:37Z
2238,additional options,additional option,2,2,1,2025-11-10T06:41:37Z,2025-11-10T06:41:37Z
2239,other aspects,other aspect,2,2,1,2025-11-10T06:41:37Z,2025-11-10T06:41:37Z
2240,CPU resource allocation,cpu resource allocation,3,2,1,2025-11-10T06:41:37Z,2025-11-10T06:41:37Z
2241,salloc,salloc,1,6,1,2025-11-10T06:41:37Z,2025-11-10T06:41:37Z
2242,sbatch command line options,sbatch command line option,4,3,1,2025-11-10T06:41:37Z,2025-11-10T06:41:37Z
2243,Step 1Command line optionPossible valuesDescription,step 1command line optionpossible valuesdescription,5,1,1,2025-11-10T06:41:37Z,2025-11-10T06:41:37Z
2244,node selection,node selection,2,7,1,2025-11-10T06:41:37Z,2025-11-10T06:41:37Z
2245,specified layout,specified layout,2,2,1,2025-11-10T06:41:37Z,2025-11-10T06:41:37Z
2246,--constraint,--constraint,1,2,1,2025-11-10T06:41:37Z,2025-11-10T06:41:37Z
2247,--contiguousN,--contiguousn,1,2,1,2025-11-10T06:41:37Z,2025-11-10T06:41:37Z
2248,ARestricts node selection,arestricts node selection,3,2,1,2025-11-10T06:41:37Z,2025-11-10T06:41:37Z
2249,contiguous nodes,contiguous node,2,2,1,2025-11-10T06:41:37Z,2025-11-10T06:41:37Z
2250,specified number,specified number,2,2,1,2025-11-10T06:41:37Z,2025-11-10T06:41:37Z
2251,--cpus,--cpus,1,8,1,2025-11-10T06:41:37Z,2025-11-10T06:41:37Z
2252,task < ncpus,task < ncpus,3,2,1,2025-11-10T06:41:37Z,2025-11-10T06:41:37Z
2253,--exclusiveN,--exclusiven,1,2,1,2025-11-10T06:41:37Z,2025-11-10T06:41:37Z
2254,APrevents sharing,aprevents sharing,2,2,1,2025-11-10T06:41:37Z,2025-11-10T06:41:37Z
2255,Suballocates CPUs,suballocates cpu,2,1,1,2025-11-10T06:41:37Z,2025-11-10T06:41:37Z
2256,--nodefile,--nodefile,1,2,1,2025-11-10T06:41:37Z,2025-11-10T06:41:37Z
2257,node file,node file,2,2,1,2025-11-10T06:41:37Z,2025-11-10T06:41:37Z
2258,specific nodes,specific node,2,2,1,2025-11-10T06:41:37Z,2025-11-10T06:41:37Z
2259,--hintcompute_bound | memory_bound,--hintcompute_bound | memory_bound,3,2,1,2025-11-10T06:41:37Z,2025-11-10T06:41:37Z
2260,Allocation,allocation,1,19,1,2025-11-10T06:41:37Z,2025-11-10T06:41:37Z
2261,CPUs,cpus,1,4,1,2025-11-10T06:41:37Z,2025-11-10T06:41:37Z
2262,CPU allocation,cpu allocation,2,1,1,2025-11-10T06:41:37Z,2025-11-10T06:41:37Z
2263,command line options,command line option,3,1,1,2025-11-10T06:41:37Z,2025-11-10T06:41:37Z
2264,default allocation method,default allocation method,3,8,1,2025-11-10T06:41:37Z,2025-11-10T06:41:37Z
2265,block allocation,block allocation,2,2,1,2025-11-10T06:41:37Z,2025-11-10T06:41:37Z
2266,available CPUs,available cpu,2,2,1,2025-11-10T06:41:37Z,2025-11-10T06:41:37Z
2267,cyclic allocation,cyclic allocation,2,1,1,2025-11-10T06:41:37Z,2025-11-10T06:41:37Z
2268,robin fashion,robin fashion,2,6,1,2025-11-10T06:41:37Z,2025-11-10T06:41:37Z
2269,appropriate command line options,appropriate command line option,4,1,1,2025-11-10T06:41:37Z,2025-11-10T06:41:37Z
2270,allocation methods,allocation method,2,1,1,2025-11-10T06:41:37Z,2025-11-10T06:41:37Z
2271,specific CPUs,specific cpu,2,1,1,2025-11-10T06:41:37Z,2025-11-10T06:41:37Z
2272,Step 2Command line optionPossible valuesDescription,step 2command line optionpossible valuesdescription,5,1,1,2025-11-10T06:41:37Z,2025-11-10T06:41:37Z
2273,--distribution,--distribution,1,2,1,2025-11-10T06:41:37Z,2025-11-10T06:41:37Z
2274,|arbitrary|plane=<options>[:block|cyclic]The,|arbitrary|plane=<options>[:block|cyclic]the,1,2,1,2025-11-10T06:41:37Z,2025-11-10T06:41:37Z
2275,distribution,distribution,1,19,1,2025-11-10T06:41:37Z,2025-11-10T06:41:37Z
2276,Tasks,tasks,1,15,1,2025-11-10T06:41:37Z,2025-11-10T06:41:37Z
2277,overcommitment,overcommitment,1,16,1,2025-11-10T06:41:37Z,2025-11-10T06:41:37Z
2278,resource sharing,resource sharing,2,2,1,2025-11-10T06:41:37Z,2025-11-10T06:41:37Z
2279,same node,same node,2,2,1,2025-11-10T06:41:37Z,2025-11-10T06:41:37Z
2280,MaxTasksPerNode,maxtaskspernode,1,1,1,2025-11-10T06:41:37Z,2025-11-10T06:41:37Z
2281,single node,single node,2,10,1,2025-11-10T06:41:37Z,2025-11-10T06:41:37Z
2282,Step 3Command line optionPossible valuesDescription,step 3command line optionpossible valuesdescription,5,1,1,2025-11-10T06:41:37Z,2025-11-10T06:41:37Z
2283,sequence,sequence,1,2,1,2025-11-10T06:41:37Z,2025-11-10T06:41:37Z
2284,--ntasks,--ntasks,1,2,1,2025-11-10T06:41:37Z,2025-11-10T06:41:37Z
2285,--relativeN,--relativen,1,1,1,2025-11-10T06:41:37Z,2025-11-10T06:41:37Z
2286,AControls,acontrols,1,1,1,2025-11-10T06:41:37Z,2025-11-10T06:41:37Z
2287,Optional Distribution,optional distribution,2,1,1,2025-11-10T06:41:37Z,2025-11-10T06:41:37Z
2288,Binding,binding,1,9,1,2025-11-10T06:41:37Z,2025-11-10T06:41:37Z
2289,optional Step,optional step,2,1,1,2025-11-10T06:41:37Z,2025-11-10T06:41:37Z
2290,specified subset,specified subset,2,1,1,2025-11-10T06:41:37Z,2025-11-10T06:41:37Z
2291,Different tasks,different task,2,1,1,2025-11-10T06:41:37Z,2025-11-10T06:41:37Z
2292,same subset,same subset,2,1,1,2025-11-10T06:41:37Z,2025-11-10T06:41:37Z
2293,different subsets,different subset,2,1,1,2025-11-10T06:41:37Z,2025-11-10T06:41:37Z
2294,task affinity,task affinity,2,8,1,2025-11-10T06:41:37Z,2025-11-10T06:41:37Z
2295,CPU binding,cpu binding,2,2,1,2025-11-10T06:41:37Z,2025-11-10T06:41:37Z
2296,slurmd,slurmd,1,1,1,2025-11-10T06:41:37Z,2025-11-10T06:41:37Z
2297,task plugin,task plugin,2,1,1,2025-11-10T06:41:37Z,2025-11-10T06:41:37Z
2298,CPU usage,cpu usage,2,4,1,2025-11-10T06:41:37Z,2025-11-10T06:41:37Z
2299,Jobs,jobs,1,1,1,2025-11-10T06:41:37Z,2025-11-10T06:41:37Z
2300,Steps,steps,1,1,1,2025-11-10T06:41:37Z,2025-11-10T06:41:37Z
2301,easy way,easy way,2,1,1,2025-11-10T06:41:37Z,2025-11-10T06:41:37Z
2302,comprehensive set,comprehensive set,2,1,1,2025-11-10T06:41:37Z,2025-11-10T06:41:37Z
2303,CPU management information,cpu management information,3,1,1,2025-11-10T06:41:37Z,2025-11-10T06:41:37Z
2304,several commands,several command,2,1,1,2025-11-10T06:41:37Z,2025-11-10T06:41:37Z
2305,limited information,limited information,2,1,1,2025-11-10T06:41:37Z,2025-11-10T06:41:37Z
2306,OptionInformation,optioninformation,1,1,1,2025-11-10T06:41:37Z,2025-11-10T06:41:37Z
2307,scontrol,scontrol,1,2,1,2025-11-10T06:41:37Z,2025-11-10T06:41:37Z
2308,--detailsThis option,--detailsthis option,2,1,1,2025-11-10T06:41:37Z,2025-11-10T06:41:37Z
2309,CPU ids,cpu id,2,10,1,2025-11-10T06:41:37Z,2025-11-10T06:41:37Z
2310,Slurm abstract CPU ids,slurm abstract cpu id,4,2,1,2025-11-10T06:41:37Z,2025-11-10T06:41:37Z
2311,hardware CPU ids,hardware cpu id,3,2,1,2025-11-10T06:41:37Z,2025-11-10T06:41:37Z
2312,/proc,/proc,1,1,1,2025-11-10T06:41:37Z,2025-11-10T06:41:37Z
2313,cpuinfo,cpuinfo,1,1,1,2025-11-10T06:41:37Z,2025-11-10T06:41:37Z
2314,Linux command,linux command,2,2,1,2025-11-10T06:41:37Z,2025-11-10T06:41:37Z
2315,envMan,envman,1,1,1,2025-11-10T06:41:37Z,2025-11-10T06:41:37Z
2316,Slurm environment variables,slurm environment variable,3,1,1,2025-11-10T06:41:37Z,2025-11-10T06:41:37Z
2317,SLURM_CPUS_PER_TASK,slurm_cpus_per_task,1,1,1,2025-11-10T06:41:37Z,2025-11-10T06:41:37Z
2318,SLURM_CPU_BIND,slurm_cpu_bind,1,1,1,2025-11-10T06:41:37Z,2025-11-10T06:41:37Z
2319,SLURM_JOB_NODELIST,slurm_job_nodelist,1,1,1,2025-11-10T06:41:37Z,2025-11-10T06:41:37Z
2320,SLURM_STEP_NUM_NODES,slurm_step_num_nodes,1,1,1,2025-11-10T06:41:37Z,2025-11-10T06:41:37Z
2321,SLURM_STEP_NUM_TASKS,slurm_step_num_tasks,1,1,1,2025-11-10T06:41:37Z,2025-11-10T06:41:37Z
2322,SLURM_STEP_TASKS_PER_NODE,slurm_step_tasks_per_node,1,1,1,2025-11-10T06:41:37Z,2025-11-10T06:41:37Z
2323,SLURM_JOB_NUM_NODES,slurm_job_num_nodes,1,1,1,2025-11-10T06:41:37Z,2025-11-10T06:41:37Z
2324,SLURM_CPUS_ON_NODE,slurm_cpus_on_node,1,1,1,2025-11-10T06:41:37Z,2025-11-10T06:41:37Z
2325,SLURM_NODEID,slurm_nodeid,1,1,1,2025-11-10T06:41:37Z,2025-11-10T06:41:37Z
2326,srun option,srun option,2,2,1,2025-11-10T06:41:37Z,2025-11-10T06:41:37Z
2327,--cpu,--cpu,1,4,1,2025-11-10T06:41:37Z,2025-11-10T06:41:37Z
2328,bind = verboseThis option,bind = verbosethi option,4,1,1,2025-11-10T06:41:37Z,2025-11-10T06:41:37Z
2329,CPU masks,cpu mask,2,1,1,2025-11-10T06:41:37Z,2025-11-10T06:41:37Z
2330,masks,mask,1,1,1,2025-11-10T06:41:37Z,2025-11-10T06:41:37Z
2331,sbatch option,sbatch option,2,1,1,2025-11-10T06:41:37Z,2025-11-10T06:41:37Z
2332,-lThis option,-lthis option,2,1,1,2025-11-10T06:41:37Z,2025-11-10T06:41:37Z
2333,stderr,stderr,1,1,1,2025-11-10T06:41:37Z,2025-11-10T06:41:37Z
2334,multi - task jobs,multi - task job,4,1,1,2025-11-10T06:41:37Z,2025-11-10T06:41:37Z
2335,cat /proc/<pid>/status | grep,cat /proc/<pid>/status | grep,4,1,1,2025-11-10T06:41:37Z,2025-11-10T06:41:37Z
2336,pid,pid,1,1,1,2025-11-10T06:41:37Z,2025-11-10T06:41:37Z
2337,self,self,1,1,1,2025-11-10T06:41:37Z,2025-11-10T06:41:37Z
2338,same information,same information,2,1,1,2025-11-10T06:41:37Z,2025-11-10T06:41:37Z
2339,bind,bind,1,5,1,2025-11-10T06:41:37Z,2025-11-10T06:41:37Z
2340,readable format,readable format,2,1,1,2025-11-10T06:41:37Z,2025-11-10T06:41:37Z
2341,CPU Numbering,cpu numbering,2,1,1,2025-11-10T06:41:37Z,2025-11-10T06:41:37Z
2342,physical CPU layout,physical cpu layout,3,1,1,2025-11-10T06:41:37Z,2025-11-10T06:41:37Z
2343,actual hardware,actual hardware,2,1,1,2025-11-10T06:41:37Z,2025-11-10T06:41:37Z
2344,CPU numbers,cpu number,2,2,1,2025-11-10T06:41:37Z,2025-11-10T06:41:37Z
2345,CPU Management,cpu management,2,2,1,2025-11-10T06:41:37Z,2025-11-10T06:41:37Z
2346,Slurm users,slurm user,2,1,1,2025-11-10T06:41:37Z,2025-11-10T06:41:37Z
2347,Accounting limits,accounting limit,2,1,1,2025-11-10T06:41:37Z,2025-11-10T06:41:37Z
2348,level,level,1,1,1,2025-11-10T06:41:37Z,2025-11-10T06:41:37Z
2349,sacctmgr man page,sacctmgr man page,3,1,1,2025-11-10T06:41:37Z,2025-11-10T06:41:37Z
2350,CPU Management Examples,cpu management examples,3,1,1,2025-11-10T06:41:37Z,2025-11-10T06:41:37Z
2351,scenarios,scenario,1,1,1,2025-11-10T06:41:37Z,2025-11-10T06:41:37Z
2352,Many additional scenarios,many additional scenario,3,1,1,2025-11-10T06:41:37Z,2025-11-10T06:41:37Z
2353,node2 Sockets=2,node2 sockets=2,2,1,1,2025-11-10T06:41:37Z,2025-11-10T06:41:37Z
2354,ThreadsPerCore=1 Procs=8 State = IDLE,threadspercore=1 procs=8 state = idle,5,1,1,2025-11-10T06:41:37Z,2025-11-10T06:41:37Z
2355,n3 NodeAddr,n3 nodeaddr,2,1,1,2025-11-10T06:41:37Z,2025-11-10T06:41:37Z
2356,node3 Sockets=2,node3 sockets=2,2,1,1,2025-11-10T06:41:37Z,2025-11-10T06:41:37Z
2357,ThreadsPerCore=2,threadspercore=2,1,1,1,2025-11-10T06:41:37Z,2025-11-10T06:41:37Z
2358,State = IDLE,state = idle,3,1,1,2025-11-10T06:41:37Z,2025-11-10T06:41:37Z
2359,"PartitionName = regnodes Nodes = n0,n1,n2 OverSubscribe =","partitionname = regnode nodes = n0,n1,n2 oversubscribe =",8,1,1,2025-11-10T06:41:37Z,2025-11-10T06:41:37Z
2360,Default = YES State = UP,default = yes state = up,6,1,1,2025-11-10T06:41:37Z,2025-11-10T06:41:37Z
2361,PartitionName = hypernode Nodes = n3 State,partitionname = hypernode nodes = n3 state,7,1,1,2025-11-10T06:41:37Z,2025-11-10T06:41:37Z
2362,minimum,minimum,1,1,1,2025-11-10T06:41:37Z,2025-11-10T06:41:37Z
2363,Comments,comment,1,13,1,2025-11-10T06:41:37Z,2025-11-10T06:41:37Z
2364,linear configuration option,linear configuration option,3,1,1,2025-11-10T06:41:37Z,2025-11-10T06:41:37Z
2365,--nodes=2 srun option,--nodes=2 srun option,3,1,1,2025-11-10T06:41:37Z,2025-11-10T06:41:37Z
2366,Simple allocation,simple allocation,2,1,1,2025-11-10T06:41:37Z,2025-11-10T06:41:37Z
2367,default partition,default partition,2,11,1,2025-11-10T06:41:37Z,2025-11-10T06:41:37Z
2368,SelectTypeParameters =,selecttypeparameter =,2,7,1,2025-11-10T06:41:37Z,2025-11-10T06:41:37Z
2369,srun --nodes=1 -,srun --nodes=1 -,3,3,1,2025-11-10T06:41:37Z,2025-11-10T06:41:37Z
2370,task=3,task=3,1,2,1,2025-11-10T06:41:37Z,2025-11-10T06:41:37Z
2371,SelectType configuration options,selecttype configuration option,3,1,1,2025-11-10T06:41:37Z,2025-11-10T06:41:37Z
2372,possible pattern,possible pattern,2,10,1,2025-11-10T06:41:37Z,2025-11-10T06:41:37Z
2373,Allocated CPUs600,allocated cpus600,2,1,1,2025-11-10T06:41:37Z,2025-11-10T06:41:37Z
2374,balanced allocation,balanced allocation,2,1,1,2025-11-10T06:41:37Z,2025-11-10T06:41:37Z
2375,following conditions,following condition,2,3,1,2025-11-10T06:41:37Z,2025-11-10T06:41:37Z
2376,unique CPUs,unique cpu,2,3,1,2025-11-10T06:41:37Z,2025-11-10T06:41:37Z
2377,Tasks111,tasks111,1,1,1,2025-11-10T06:41:37Z,2025-11-10T06:41:37Z
2378,minimization,minimization,1,1,1,2025-11-10T06:41:37Z,2025-11-10T06:41:37Z
2379,resource fragmentation,resource fragmentation,2,1,1,2025-11-10T06:41:37Z,2025-11-10T06:41:37Z
2380,Allocate CPUs,allocate cpu,2,1,1,2025-11-10T06:41:37Z,2025-11-10T06:41:37Z
2381,minimum number,minimum number,2,2,1,2025-11-10T06:41:37Z,2025-11-10T06:41:37Z
2382,fragmentation,fragmentation,1,1,1,2025-11-10T06:41:37Z,2025-11-10T06:41:37Z
2383,unallocated CPUs,unallocated cpu,2,1,1,2025-11-10T06:41:37Z,2025-11-10T06:41:37Z
2384,SelectTypeParameters = CR_Core,selecttypeparameter = cr_core,3,6,1,2025-11-10T06:41:37Z,2025-11-10T06:41:37Z
2385,CR_CORE_DEFAULT_DIST_BLOCK,cr_core_default_dist_block,1,1,1,2025-11-10T06:41:37Z,2025-11-10T06:41:37Z
2386,srun --ntasks=12,srun --ntasks=12,2,1,1,2025-11-10T06:41:37Z,2025-11-10T06:41:37Z
2387,configuration option CR_CORE_DEFAULT_DIST_BLOCK,configuration option cr_core_default_dist_block,3,1,1,2025-11-10T06:41:37Z,2025-11-10T06:41:37Z
2388,methods,method,1,1,1,2025-11-10T06:41:37Z,2025-11-10T06:41:37Z
2389,sockets).The,sockets).the,1,1,1,2025-11-10T06:41:37Z,2025-11-10T06:41:37Z
2390,Nodenamen0n1n2,nodenamen0n1n2,1,3,1,2025-11-10T06:41:37Z,2025-11-10T06:41:37Z
2391,Socket id010101,socket id010101,2,3,1,2025-11-10T06:41:37Z,2025-11-10T06:41:37Z
2392,Allocated CPUs444000,allocated cpus444000,2,1,1,2025-11-10T06:41:37Z,2025-11-10T06:41:37Z
2393,Tasks840,tasks840,1,1,1,2025-11-10T06:41:37Z,2025-11-10T06:41:37Z
2394,cyclic distribution,cyclic distribution,2,2,1,2025-11-10T06:41:37Z,2025-11-10T06:41:37Z
2395,Distribute tasks,distribute task,2,2,1,2025-11-10T06:41:37Z,2025-11-10T06:41:37Z
2396,task=2,task=2,1,2,1,2025-11-10T06:41:37Z,2025-11-10T06:41:37Z
2397,= cyclic option,= cyclic option,3,1,1,2025-11-10T06:41:37Z,2025-11-10T06:41:37Z
2398,Allocated CPUs660,allocated cpus660,2,1,1,2025-11-10T06:41:37Z,2025-11-10T06:41:37Z
2399,Task id0,task id0,2,6,1,2025-11-10T06:41:37Z,2025-11-10T06:41:37Z
2400,default allocation,default allocation,2,1,1,2025-11-10T06:41:37Z,2025-11-10T06:41:37Z
2401,plane distribution,plane distribution,2,1,1,2025-11-10T06:41:37Z,2025-11-10T06:41:37Z
2402,blocks,block,1,3,1,2025-11-10T06:41:37Z,2025-11-10T06:41:37Z
2403,--distribution = plane=2,--distribution = plane=2,3,1,1,2025-11-10T06:41:37Z,2025-11-10T06:41:37Z
2404,first node,first node,2,1,1,2025-11-10T06:41:37Z,2025-11-10T06:41:37Z
2405,second node,second node,2,1,1,2025-11-10T06:41:37Z,2025-11-10T06:41:37Z
2406,third node,third node,2,2,1,2025-11-10T06:41:37Z,2025-11-10T06:41:37Z
2407,= plane=2 option,= plane=2 option,3,1,1,2025-11-10T06:41:37Z,2025-11-10T06:41:37Z
2408,Allocated CPUs862,allocated cpus862,2,1,1,2025-11-10T06:41:37Z,2025-11-10T06:41:37Z
2409,SelectType = select,selecttype = select,3,1,1,2025-11-10T06:41:37Z,2025-11-10T06:41:37Z
2410,srun --nodes=1,srun --nodes=1,2,5,1,2025-11-10T06:41:37Z,2025-11-10T06:41:37Z
2411,--ntasks=20,--ntasks=20,1,1,1,2025-11-10T06:41:37Z,2025-11-10T06:41:37Z
2412,--overcommit option,--overcommit option,2,1,1,2025-11-10T06:41:37Z,2025-11-10T06:41:37Z
2413,Tasks2000,tasks2000,1,1,1,2025-11-10T06:41:37Z,2025-11-10T06:41:37Z
2414,--nodelist = n0,--nodelist = n0,3,2,1,2025-11-10T06:41:37Z,2025-11-10T06:41:37Z
2415,--nodes=1 -,--nodes=1 -,2,1,1,2025-11-10T06:41:37Z,2025-11-10T06:41:37Z
2416,--nodelist = n0 srun options,--nodelist = n0 srun option,5,1,1,2025-11-10T06:41:37Z,2025-11-10T06:41:37Z
2417,node n0,node n0,2,1,1,2025-11-10T06:41:37Z,2025-11-10T06:41:37Z
2418,OverSubscribe = YES option,oversubscribe = yes option,4,1,1,2025-11-10T06:41:37Z,2025-11-10T06:41:37Z
2419,--oversubscribe srun option,--oversubscribe srun option,3,1,1,2025-11-10T06:41:37Z,2025-11-10T06:41:37Z
2420,multithreaded node,multithreaded node,2,1,1,2025-11-10T06:41:37Z,2025-11-10T06:41:37Z
2421,node n3,node n3,2,1,1,2025-11-10T06:41:37Z,2025-11-10T06:41:37Z
2422,--partition = hypernode,--partition = hypernode,3,1,1,2025-11-10T06:41:37Z,2025-11-10T06:41:37Z
2423,= nomultithread,= nomultithread,2,1,1,2025-11-10T06:41:37Z,2025-11-10T06:41:37Z
2424,CR_CPU configuration option,cr_cpu configuration option,3,1,1,2025-11-10T06:41:37Z,2025-11-10T06:41:37Z
2425,= nomultithread srun option,= nomultithread srun option,4,1,1,2025-11-10T06:41:37Z,2025-11-10T06:41:37Z
2426,Socket id01,socket id01,2,6,1,2025-11-10T06:41:37Z,2025-11-10T06:41:37Z
2427,Core id01230123,core id01230123,2,1,1,2025-11-10T06:41:37Z,2025-11-10T06:41:37Z
2428,CPU id0123456789101112131415,cpu id0123456789101112131415,2,1,1,2025-11-10T06:41:37Z,2025-11-10T06:41:37Z
2429,CPUs44,cpus44,1,1,1,2025-11-10T06:41:37Z,2025-11-10T06:41:37Z
2430,Allocated CPU ids0,allocated cpu ids0,3,3,1,2025-11-10T06:41:37Z,2025-11-10T06:41:37Z
2431,TaskPlugin = task,taskplugin = task,3,6,1,2025-11-10T06:41:37Z,2025-11-10T06:41:37Z
2432,affinity,affinity,1,5,1,2025-11-10T06:41:37Z,2025-11-10T06:41:37Z
2433,cyclic,cyclic,1,5,1,2025-11-10T06:41:37Z,2025-11-10T06:41:37Z
2434,default distribution method,default distribution method,3,2,1,2025-11-10T06:41:37Z,2025-11-10T06:41:37Z
2435,i d,i d,2,1,1,2025-11-10T06:41:37Z,2025-11-10T06:41:37Z
2436,Nodenamen0,nodenamen0,1,5,1,2025-11-10T06:41:37Z,2025-11-10T06:41:37Z
2437,Allocated CPUs33,allocated cpus33,2,2,1,2025-11-10T06:41:37Z,2025-11-10T06:41:37Z
2438,CPUsCPU,cpuscpu,1,7,1,2025-11-10T06:41:37Z,2025-11-10T06:41:37Z
2439,Task id024,task id024,2,1,1,2025-11-10T06:41:37Z,2025-11-10T06:41:37Z
2440,task ids,task ids,2,1,1,2025-11-10T06:41:37Z,2025-11-10T06:41:37Z
2441,Task ids0,task ids0,2,2,1,2025-11-10T06:41:37Z,2025-11-10T06:41:37Z
2442,Allocate cores,allocate core,2,2,1,2025-11-10T06:41:37Z,2025-11-10T06:41:37Z
2443,block allocation method,block allocation method,3,3,1,2025-11-10T06:41:37Z,2025-11-10T06:41:37Z
2444,Distribute cores,distribute core,2,2,1,2025-11-10T06:41:37Z,2025-11-10T06:41:37Z
2445,block distribution method,block distribution method,3,2,1,2025-11-10T06:41:37Z,2025-11-10T06:41:37Z
2446,Allocated CPUs42,allocated cpus42,2,3,1,2025-11-10T06:41:37Z,2025-11-10T06:41:37Z
2447,CPU ids0,cpu ids0,2,5,1,2025-11-10T06:41:37Z,2025-11-10T06:41:37Z
2448,Task ids0 11-,task ids0 11-,3,1,1,2025-11-10T06:41:37Z,2025-11-10T06:41:37Z
2449,cyclic distribution method,cyclic distribution method,3,3,1,2025-11-10T06:41:37Z,2025-11-10T06:41:37Z
2450,bind = sockets,bind = socket,3,1,1,2025-11-10T06:41:37Z,2025-11-10T06:41:37Z
2451,= block,= block,2,1,1,2025-11-10T06:41:37Z,2025-11-10T06:41:37Z
2452,other socket,other socket,2,1,1,2025-11-10T06:41:37Z,2025-11-10T06:41:37Z
2453,block allocation method CPU ids,block allocation method cpu id,5,1,1,2025-11-10T06:41:37Z,2025-11-10T06:41:37Z
2454,socket i d,socket i d,3,2,1,2025-11-10T06:41:37Z,2025-11-10T06:41:37Z
2455,--ntasks=18 --ntasks,--ntasks=18 --ntasks,2,1,1,2025-11-10T06:41:37Z,2025-11-10T06:41:37Z
2456,node=6,node=6,1,1,1,2025-11-10T06:41:37Z,2025-11-10T06:41:37Z
2457,--distribution = cyclic,--distribution = cyclic,3,1,1,2025-11-10T06:41:37Z,2025-11-10T06:41:37Z
2458,block --cpu,block --cpu,2,1,1,2025-11-10T06:41:37Z,2025-11-10T06:41:37Z
2459,Allocated CPUs424242,allocated cpus424242,2,1,1,2025-11-10T06:41:37Z,2025-11-10T06:41:37Z
2460,Task id03691215,task id03691215,2,1,1,2025-11-10T06:41:37Z,2025-11-10T06:41:37Z
2461,-147101316,-147101316,1,1,1,2025-11-10T06:41:37Z,2025-11-10T06:41:37Z
2462,-258111417,-258111417,1,1,1,2025-11-10T06:41:37Z,2025-11-10T06:41:37Z
2463,multi - thread job,multi - thread job,4,1,1,2025-11-10T06:41:37Z,2025-11-10T06:41:37Z
2464,task=3 --ntasks,task=3 --ntasks,2,1,1,2025-11-10T06:41:37Z,2025-11-10T06:41:37Z
2465,node=1,node=1,1,1,1,2025-11-10T06:41:37Z,2025-11-10T06:41:37Z
2466,Allocated CPUs303030,allocated cpus303030,2,1,1,2025-11-10T06:41:37Z,2025-11-10T06:41:37Z
2467,Task id012,task id012,2,1,1,2025-11-10T06:41:37Z,2025-11-10T06:41:37Z
2468,task cgroup,task cgroup,2,1,1,2025-11-10T06:41:37Z,2025-11-10T06:41:37Z
2469,ConstrainCores = yes,constraincores = yes,3,1,1,2025-11-10T06:41:37Z,2025-11-10T06:41:37Z
2470,cgroup plugin,cgroup plugin,2,3,1,2025-11-10T06:41:37Z,2025-11-10T06:41:37Z
2471,block method,block method,2,1,1,2025-11-10T06:41:37Z,2025-11-10T06:41:37Z
2472,task distribution options,task distribution option,3,1,1,2025-11-10T06:41:37Z,2025-11-10T06:41:37Z
2473,affinity plugin,affinity plugin,2,1,1,2025-11-10T06:41:37Z,2025-11-10T06:41:37Z
2474,affinityLast,affinitylast,1,1,1,2025-11-10T06:41:37Z,2025-11-10T06:41:37Z
2475,January,january,1,1,1,2025-11-10T06:41:37Z,2025-11-10T06:41:37Z
