term_id,doc_id,chunk_id,term
1,doc_0117,doc_0117_chunk_0001,depth-oblivious fair-share factor
2,doc_0117,doc_0117_chunk_0001,priority/multifactor plugin
3,doc_0117,doc_0117_chunk_0001,effective usage ratio
4,doc_0117,doc_0117_chunk_0001,normalized shares
5,doc_0117,doc_0117_chunk_0001,normalized usage
6,doc_0117,doc_0117_chunk_0001,half-life decay
7,doc_0117,doc_0117_chunk_0001,local usage ratio
8,doc_0117,doc_0117_chunk_0001,siblings
9,doc_0117,doc_0117_chunk_0001,Rparent
10,doc_0117,doc_0117_chunk_0001,k
11,doc_0117,doc_0117_chunk_0001,fair-share factor
12,doc_0117,doc_0117_chunk_0002,Slurm
13,doc_0117,doc_0117_chunk_0002,slurm.conf
14,doc_0117,doc_0117_chunk_0002,slurm.conf(5)
15,doc_0117,doc_0117_chunk_0002,depth-oblivious
16,doc_0117,doc_0117_chunk_0002,PriorityFlags
17,doc_0117,doc_0117_chunk_0002,DEPTH_OBLIVIOUS
18,doc_0117,doc_0117_chunk_0002,PriorityType
19,doc_0117,doc_0117_chunk_0002,priority/multifactor
20,doc_04b1,doc_04b1_chunk_0001,Slurm
21,doc_04b1,doc_04b1_chunk_0001,high throughput computing
22,doc_04b1,doc_04b1_chunk_0001,many short jobs
23,doc_04b1,doc_04b1_chunk_0001,performance tuning
24,doc_04b1,doc_04b1_chunk_0001,Slurm administrator
25,doc_04b1,doc_04b1_chunk_0001,execution
26,doc_04b1,doc_04b1_chunk_0001,500 simple batch jobs
27,doc_04b1,doc_04b1_chunk_0001,sustained basis
28,doc_04b1,doc_04b1_chunk_0001,short bursts
29,doc_04b1,doc_04b1_chunk_0001,actual performance
30,doc_04b1,doc_04b1_chunk_0001,hardware
31,doc_04b1,doc_04b1_chunk_0001,configuration
32,doc_04b1,doc_04b1_chunk_0001,/etc/rc.d/rc.local
33,doc_04b1,doc_04b1_chunk_0001,/etc/sysctl.conf
34,doc_04b1,doc_04b1_chunk_0001,reboot
35,doc_04b1,doc_04b1_chunk_0002,/proc/sys/net/ipv4/tcp_syncookies
36,doc_04b1,doc_04b1_chunk_0002,/proc/sys/net/ipv4/tcp_synack_retries
37,doc_04b1,doc_04b1_chunk_0002,/proc/sys/net/core/somaxconn
38,doc_04b1,doc_04b1_chunk_0002,ip_local_port_range
39,doc_04b1,doc_04b1_chunk_0002,txqueuelen
40,doc_04b1,doc_04b1_chunk_0002,ifconfig
41,doc_04b1,doc_04b1_chunk_0002,/proc/sys/net/ipv4/ip_local_port_range file
42,doc_04b1,doc_04b1_chunk_0002,Munge daemon
43,doc_04b1,doc_04b1_chunk_0002,munged
44,doc_04b1,doc_04b1_chunk_0003,Munge daemon
45,doc_04b1,doc_04b1_chunk_0003,num-threads
46,doc_04b1,doc_04b1_chunk_0003,ulimit
47,doc_04b1,doc_04b1_chunk_0003,slurmctld daemon
48,doc_04b1,doc_04b1_chunk_0003,memory size
49,doc_04b1,doc_04b1_chunk_0003,open file count
50,doc_04b1,doc_04b1_chunk_0003,stack size
51,doc_04b1,doc_04b1_chunk_0003,Slurm Configuration
52,doc_04b1,doc_04b1_chunk_0003,AccountingStorageType
53,doc_04b1,doc_04b1_chunk_0003,SlurmDBD
54,doc_04b1,doc_04b1_chunk_0003,CommitDelay
55,doc_04b1,doc_04b1_chunk_0003,slurmdbd.conf
56,doc_04b1,doc_04b1_chunk_0003,JobAcctGatherType
57,doc_04b1,doc_04b1_chunk_0003,jobacct_gather/none
58,doc_04b1,doc_04b1_chunk_0003,JobSubmitPlugins
59,doc_04b1,doc_04b1_chunk_0004,slurmctld daemon
60,doc_04b1,doc_04b1_chunk_0004,MaxJobCount
61,doc_04b1,doc_04b1_chunk_0004,MessageTimeout
62,doc_04b1,doc_04b1_chunk_0004,MinJobAge
63,doc_04b1,doc_04b1_chunk_0004,squeue command
64,doc_04b1,doc_04b1_chunk_0004,accounting records
65,doc_04b1,doc_04b1_chunk_0004,priority/basic
66,doc_04b1,doc_04b1_chunk_0004,PrologSlurmctld
67,doc_04b1,doc_04b1_chunk_0004,EpilogSlurmctld
68,doc_04b1,doc_04b1_chunk_0004,job write lock
69,doc_04b1,doc_04b1_chunk_0004,scheduler throughput
70,doc_04b1,doc_04b1_chunk_0004,high throughput environment
71,doc_04b1,doc_04b1_chunk_0005,job write lock
72,doc_04b1,doc_04b1_chunk_0005,SchedulerParameters
73,doc_04b1,doc_04b1_chunk_0005,batch_sched_delay
74,doc_04b1,doc_04b1_chunk_0005,defer
75,doc_04b1,doc_04b1_chunk_0005,defer_batch
76,doc_04b1,doc_04b1_chunk_0005,sched_min_interval
77,doc_04b1,doc_04b1_chunk_0005,job submit
78,doc_04b1,doc_04b1_chunk_0005,job termination
79,doc_04b1,doc_04b1_chunk_0005,job state change
80,doc_04b1,doc_04b1_chunk_0006,sched_interval
81,doc_04b1,doc_04b1_chunk_0006,sched_min_interval
82,doc_04b1,doc_04b1_chunk_0006,default_queue_depth
83,doc_04b1,doc_04b1_chunk_0006,sched/backfill plugin
84,doc_04b1,doc_04b1_chunk_0006,bf_max_job_test
85,doc_04b1,doc_04b1_chunk_0006,bf_interval
86,doc_04b1,doc_04b1_chunk_0006,bf_max_job_user
87,doc_04b1,doc_04b1_chunk_0006,bf_resolution
88,doc_04b1,doc_04b1_chunk_0006,bf_window
89,doc_04b1,doc_04b1_chunk_0006,batch_sched_delay
90,doc_04b1,doc_04b1_chunk_0006,bf_continue
91,doc_04b1,doc_04b1_chunk_0006,bf_min_age_reserve
92,doc_04b1,doc_04b1_chunk_0006,partition_job_depth
93,doc_04b1,doc_04b1_chunk_0007,slurmctld
94,doc_04b1,doc_04b1_chunk_0007,kernel scheduler
95,doc_04b1,doc_04b1_chunk_0007,thread starvation
96,doc_04b1,doc_04b1_chunk_0007,global slurmctld locks
97,doc_04b1,doc_04b1_chunk_0007,scheduler threads
98,doc_04b1,doc_04b1_chunk_0007,lock contention
99,doc_04b1,doc_04b1_chunk_0007,conmgr_threads
100,doc_04b1,doc_04b1_chunk_0007,slurmctld daemon
101,doc_04b1,doc_04b1_chunk_0007,Out of Memory event
102,doc_04b1,doc_04b1_chunk_0007,SchedulerType
103,doc_04b1,doc_04b1_chunk_0007,sched/builtin plugin
104,doc_04b1,doc_04b1_chunk_0007,First-In-First-Out (FIFO)
105,doc_04b1,doc_04b1_chunk_0007,SlurmctldDebug
106,doc_04b1,doc_04b1_chunk_0007,SlurmctldPort
107,doc_04b1,doc_04b1_chunk_0008,SlurmctldPort
108,doc_04b1,doc_04b1_chunk_0008,slurmctld daemon
109,doc_04b1,doc_04b1_chunk_0008,SOMAXCONN limit
110,doc_04b1,doc_04b1_chunk_0008,SlurmdDebug
111,doc_04b1,doc_04b1_chunk_0008,logging
112,doc_04b1,doc_04b1_chunk_0008,SlurmdLogFile
113,doc_04b1,doc_04b1_chunk_0008,RPC rate limiting
114,doc_04b1,doc_04b1_chunk_0008,rl_bucket_size
115,doc_04b1,doc_04b1_chunk_0008,rl_refill_rate
116,doc_04b1,doc_04b1_chunk_0008,rl_refill_period
117,doc_04b1,doc_04b1_chunk_0008,rl_table_size
118,doc_04b1,doc_04b1_chunk_0008,rl_enable
119,doc_04b1,doc_04b1_chunk_0008,SlurmDBD
120,doc_04b1,doc_04b1_chunk_0008,SlurmDBD Configuration
121,doc_05b9,doc_05b9_chunk_0001,SLURM
122,doc_05b9,doc_05b9_chunk_0001,v0.0.43
123,doc_05b9,doc_05b9_chunk_0001,send signal to list of jobs
124,doc_05b9,doc_05b9_chunk_0001,slurmV0043DeleteJobs
125,doc_05b9,doc_05b9_chunk_0001,delete node
126,doc_05b9,doc_05b9_chunk_0001,slurmV0043DeleteNode
127,doc_05b9,doc_05b9_chunk_0001,node_name
128,doc_05b9,doc_05b9_chunk_0001,delete a reservation
129,doc_05b9,doc_05b9_chunk_0001,slurmV0043DeleteReservation
130,doc_05b9,doc_05b9_chunk_0001,reservation_name
131,doc_05b9,doc_05b9_chunk_0001,diagnostic results
132,doc_05b9,doc_05b9_chunk_0001,slurmV0043GetJob
133,doc_05b9,doc_05b9_chunk_0002,slurm/v0.0.43
134,doc_05b9,doc_05b9_chunk_0002,slurmV0043GetJobsState
135,doc_05b9,doc_05b9_chunk_0002,slurmV0043GetLicenses
136,doc_05b9,doc_05b9_chunk_0002,slurmV0043GetNode
137,doc_05b9,doc_05b9_chunk_0002,slurmV0043GetNodes
138,doc_05b9,doc_05b9_chunk_0002,slurmV0043GetPartition
139,doc_05b9,doc_05b9_chunk_0002,slurmV0043GetPartitions
140,doc_05b9,doc_05b9_chunk_0002,slurmV0043GetPing
141,doc_05b9,doc_05b9_chunk_0002,job_id
142,doc_05b9,doc_05b9_chunk_0003,SLURM
143,doc_05b9,doc_05b9_chunk_0003,v0.0.43
144,doc_05b9,doc_05b9_chunk_0003,slurmV0043GetPing
145,doc_05b9,doc_05b9_chunk_0003,slurmctld reconfigure
146,doc_05b9,doc_05b9_chunk_0003,slurmV0043GetReconfigure
147,doc_05b9,doc_05b9_chunk_0003,slurmV0043GetReservation
148,doc_05b9,doc_05b9_chunk_0003,reservation_name
149,doc_05b9,doc_05b9_chunk_0003,update_time
150,doc_05b9,doc_05b9_chunk_0003,slurmV0043GetReservations
151,doc_05b9,doc_05b9_chunk_0003,slurmV0043GetShares
152,doc_05b9,doc_05b9_chunk_0004,slurm
153,doc_05b9,doc_05b9_chunk_0004,v0.0.43
154,doc_05b9,doc_05b9_chunk_0004,node_name
155,doc_05b9,doc_05b9_chunk_0004,slurmV0043PostNode
156,doc_05b9,doc_05b9_chunk_0004,update node properties
157,doc_05b9,doc_05b9_chunk_0004,slurmV0043PostNodes
158,doc_05b9,doc_05b9_chunk_0004,batch update node(s)
159,doc_05b9,doc_05b9_chunk_0004,slurmV0043PostReservation
160,doc_05b9,doc_05b9_chunk_0004,create or update a reservation
161,doc_05b9,doc_05b9_chunk_0004,slurmdbV0043DeleteAccount
162,doc_05b9,doc_05b9_chunk_0004,delete account
163,doc_05b9,doc_05b9_chunk_0005,slurmdb
164,doc_05b9,doc_05b9_chunk_0005,v0.0.43
165,doc_05b9,doc_05b9_chunk_0005,Delete association
166,doc_05b9,doc_05b9_chunk_0005,account
167,doc_05b9,doc_05b9_chunk_0005,cluster
168,doc_05b9,doc_05b9_chunk_0005,default_qos
169,doc_05b9,doc_05b9_chunk_0005,Include deleted associations
170,doc_05b9,doc_05b9_chunk_0005,Include usage
171,doc_05b9,doc_05b9_chunk_0005,Filter to only defaults
172,doc_05b9,doc_05b9_chunk_0005,Include the raw QOS or delta_qos
173,doc_05b9,doc_05b9_chunk_0005,Include sub acct information
174,doc_05b9,doc_05b9_chunk_0005,Exclude parent id/name
175,doc_05b9,doc_05b9_chunk_0005,Exclude limits from parents
176,doc_05b9,doc_05b9_chunk_0005,format
177,doc_05b9,doc_05b9_chunk_0005,id
178,doc_05b9,doc_05b9_chunk_0006,slurmdb
179,doc_05b9,doc_05b9_chunk_0006,v0.0.43_openapi_assocs_removed_resp
180,doc_05b9,doc_05b9_chunk_0006,slurmdbV0043DeleteAssociations
181,doc_05b9,doc_05b9_chunk_0006,Query parameters
182,doc_05b9,doc_05b9_chunk_0006,account
183,doc_05b9,doc_05b9_chunk_0006,CSV accounts list
184,doc_05b9,doc_05b9_chunk_0006,cluster
185,doc_05b9,doc_05b9_chunk_0006,CSV clusters list
186,doc_05b9,doc_05b9_chunk_0006,default_qos
187,doc_05b9,doc_05b9_chunk_0006,CSV QOS list
188,doc_05b9,doc_05b9_chunk_0006,Include deleted associations
189,doc_05b9,doc_05b9_chunk_0006,Include usage
190,doc_05b9,doc_05b9_chunk_0006,Filter to only defaults
191,doc_05b9,doc_05b9_chunk_0007,SLURM
192,doc_05b9,doc_05b9_chunk_0007,slurmdb
193,doc_05b9,doc_05b9_chunk_0007,v0.0.43
194,doc_05b9,doc_05b9_chunk_0007,cluster_name
195,doc_05b9,doc_05b9_chunk_0007,API call
196,doc_05b9,doc_05b9_chunk_0007,Content-Type
197,doc_05b9,doc_05b9_chunk_0007,application/json
198,doc_05b9,doc_05b9_chunk_0007,removed_associations
199,doc_05b9,doc_05b9_chunk_0007,error
200,doc_05b9,doc_05b9_chunk_0007,delete
201,doc_05b9,doc_05b9_chunk_0007,Path parameters
202,doc_05b9,doc_05b9_chunk_0007,cluster
203,doc_05b9,doc_05b9_chunk_0007,federation
204,doc_05b9,doc_05b9_chunk_0007,flags
205,doc_05b9,doc_05b9_chunk_0007,format
206,doc_05b9,doc_05b9_chunk_0007,rpc_version
207,doc_05b9,doc_05b9_chunk_0007,usage_end
208,doc_05b9,doc_05b9_chunk_0007,usage_start
209,doc_05b9,doc_05b9_chunk_0008,SLURM
210,doc_05b9,doc_05b9_chunk_0008,slurmdb
211,doc_05b9,doc_05b9_chunk_0008,v0.0.43
212,doc_05b9,doc_05b9_chunk_0008,openapi
213,doc_05b9,doc_05b9_chunk_0008,deleted_clusters
214,doc_05b9,doc_05b9_chunk_0008,with_usage
215,doc_05b9,doc_05b9_chunk_0008,with_assocs
216,doc_05b9,doc_05b9_chunk_0008,with_coords
217,doc_05b9,doc_05b9_chunk_0008,with_deleted
218,doc_05b9,doc_05b9_chunk_0008,Content-Type
219,doc_05b9,doc_05b9_chunk_0008,application/json
220,doc_05b9,doc_05b9_chunk_0008,Result
221,doc_05b9,doc_05b9_chunk_0008,delete cluster request
222,doc_05b9,doc_05b9_chunk_0008,qos
223,doc_05b9,doc_05b9_chunk_0008,user
224,doc_05b9,doc_05b9_chunk_0008,wckey
225,doc_05b9,doc_05b9_chunk_0008,id
226,doc_05b9,doc_05b9_chunk_0009,application/json
227,doc_05b9,doc_05b9_chunk_0009,slurmdb
228,doc_05b9,doc_05b9_chunk_0009,v0.0.43
229,doc_05b9,doc_05b9_chunk_0009,association
230,doc_05b9,doc_05b9_chunk_0009,Get association info
231,doc_05b9,doc_05b9_chunk_0009,account
232,doc_05b9,doc_05b9_chunk_0009,cluster
233,doc_05b9,doc_05b9_chunk_0009,default_qos
234,doc_05b9,doc_05b9_chunk_0009,deleted associations
235,doc_05b9,doc_05b9_chunk_0009,usage
236,doc_05b9,doc_05b9_chunk_0009,filter
237,doc_05b9,doc_05b9_chunk_0009,defaults
238,doc_05b9,doc_05b9_chunk_0009,raw QOS
239,doc_05b9,doc_05b9_chunk_0009,delta_qos
240,doc_05b9,doc_05b9_chunk_0009,sub acct information
241,doc_05b9,doc_05b9_chunk_0009,parent id/name
242,doc_05b9,doc_05b9_chunk_0009,limits
243,doc_05b9,doc_05b9_chunk_0009,format
244,doc_05b9,doc_05b9_chunk_0010,slurmdb
245,doc_05b9,doc_05b9_chunk_0010,v0.0.43
246,doc_05b9,doc_05b9_chunk_0010,slurmdbV0043GetAssociations
247,doc_05b9,doc_05b9_chunk_0010,account
248,doc_05b9,doc_05b9_chunk_0010,clusters
249,doc_05b9,doc_05b9_chunk_0010,default_qos
250,doc_05b9,doc_05b9_chunk_0010,deleted associations
251,doc_05b9,doc_05b9_chunk_0010,usage
252,doc_05b9,doc_05b9_chunk_0010,filter
253,doc_05b9,doc_05b9_chunk_0010,raw QOS
254,doc_05b9,doc_05b9_chunk_0010,delta_qos
255,doc_05b9,doc_05b9_chunk_0010,sub acct information
256,doc_05b9,doc_05b9_chunk_0010,parent id/name
257,doc_05b9,doc_05b9_chunk_0010,limits
258,doc_05b9,doc_05b9_chunk_0010,format
259,doc_05b9,doc_05b9_chunk_0010,id
260,doc_05b9,doc_05b9_chunk_0011,SLURM
261,doc_05b9,doc_05b9_chunk_0011,slurmdb
262,doc_05b9,doc_05b9_chunk_0011,v0.0.43
263,doc_05b9,doc_05b9_chunk_0011,cluster_name
264,doc_05b9,doc_05b9_chunk_0011,classification
265,doc_05b9,doc_05b9_chunk_0011,cluster
266,doc_05b9,doc_05b9_chunk_0011,federation
267,doc_05b9,doc_05b9_chunk_0011,flags
268,doc_05b9,doc_05b9_chunk_0011,format
269,doc_05b9,doc_05b9_chunk_0011,rpc_version
270,doc_05b9,doc_05b9_chunk_0011,usage_end
271,doc_05b9,doc_05b9_chunk_0011,usage_start
272,doc_05b9,doc_05b9_chunk_0011,query parameters
273,doc_05b9,doc_05b9_chunk_0011,CSV ID list
274,doc_05b9,doc_05b9_chunk_0011,parent_account
275,doc_05b9,doc_05b9_chunk_0011,partition
276,doc_05b9,doc_05b9_chunk_0011,qos
277,doc_05b9,doc_05b9_chunk_0011,user
278,doc_05b9,doc_05b9_chunk_0012,slurmdb
279,doc_05b9,doc_05b9_chunk_0012,v0.0.43_openapi_clusters_resp
280,doc_05b9,doc_05b9_chunk_0012,v0.0.43_openapi_slurmdbd_config_resp
281,doc_05b9,doc_05b9_chunk_0012,v0.0.43_openapi_slurmdbd_stats_resp
282,doc_05b9,doc_05b9_chunk_0012,slurmdbV0043GetClusters
283,doc_05b9,doc_05b9_chunk_0012,slurmdbV0043GetConfig
284,doc_05b9,doc_05b9_chunk_0012,slurmdbV0043GetDiag
285,doc_05b9,doc_05b9_chunk_0013,SLURM
286,doc_05b9,doc_05b9_chunk_0013,slurmdb
287,doc_05b9,doc_05b9_chunk_0013,v0.0.43
288,doc_05b9,doc_05b9_chunk_0013,slurmdbV0043GetInstances
289,doc_05b9,doc_05b9_chunk_0013,slurmdbV0043GetJob
290,doc_05b9,doc_05b9_chunk_0013,slurmdbV0043GetJobs
291,doc_05b9,doc_05b9_chunk_0013,job_id
292,doc_05b9,doc_05b9_chunk_0013,cluster
293,doc_05b9,doc_05b9_chunk_0013,CSV
294,doc_05b9,doc_05b9_chunk_0013,node_list
295,doc_05b9,doc_05b9_chunk_0013,time_end
296,doc_05b9,doc_05b9_chunk_0013,time_start
297,doc_05b9,doc_05b9_chunk_0013,instance_id
298,doc_05b9,doc_05b9_chunk_0014,slurmdb
299,doc_05b9,doc_05b9_chunk_0014,v0.0.43
300,doc_05b9,doc_05b9_chunk_0014,slurmdbV0043GetJobs
301,doc_05b9,doc_05b9_chunk_0014,account
302,doc_05b9,doc_05b9_chunk_0014,association
303,doc_05b9,doc_05b9_chunk_0014,cluster
304,doc_05b9,doc_05b9_chunk_0014,constraints
305,doc_05b9,doc_05b9_chunk_0014,scheduler_unset
306,doc_05b9,doc_05b9_chunk_0014,scheduled_on_submit
307,doc_05b9,doc_05b9_chunk_0014,scheduled_by_main
308,doc_05b9,doc_05b9_chunk_0014,scheduled_by_backfill
309,doc_05b9,doc_05b9_chunk_0014,job_started
310,doc_05b9,doc_05b9_chunk_0014,exit_code
311,doc_05b9,doc_05b9_chunk_0015,query parameter
312,doc_05b9,doc_05b9_chunk_0015,job script
313,doc_05b9,doc_05b9_chunk_0015,show_job_environment
314,doc_05b9,doc_05b9_chunk_0015,format
315,doc_05b9,doc_05b9_chunk_0015,groups
316,doc_05b9,doc_05b9_chunk_0015,job_name
317,doc_05b9,doc_05b9_chunk_0015,partition
318,doc_05b9,doc_05b9_chunk_0015,QOS
319,doc_05b9,doc_05b9_chunk_0015,reason
320,doc_05b9,doc_05b9_chunk_0015,reservation
321,doc_05b9,doc_05b9_chunk_0015,reservation_id
322,doc_05b9,doc_05b9_chunk_0015,state
323,doc_05b9,doc_05b9_chunk_0015,step
324,doc_05b9,doc_05b9_chunk_0015,end_time
325,doc_05b9,doc_05b9_chunk_0015,start_time
326,doc_05b9,doc_05b9_chunk_0015,node
327,doc_05b9,doc_05b9_chunk_0015,users
328,doc_05b9,doc_05b9_chunk_0015,wckey
329,doc_05b9,doc_05b9_chunk_0016,slurmdb
330,doc_05b9,doc_05b9_chunk_0016,v0.0.43
331,doc_05b9,doc_05b9_chunk_0016,slurmdbV0043GetPing
332,doc_05b9,doc_05b9_chunk_0016,slurmdbV0043GetQos
333,doc_05b9,doc_05b9_chunk_0016,slurmdbV0043GetSingleQos
334,doc_05b9,doc_05b9_chunk_0016,slurmdbV0043GetTres
335,doc_05b9,doc_05b9_chunk_0016,slurmdbV0043GetUser
336,doc_05b9,doc_05b9_chunk_0016,Content-Type
337,doc_05b9,doc_05b9_chunk_0016,application/json
338,doc_05b9,doc_05b9_chunk_0016,Path parameters
339,doc_05b9,doc_05b9_chunk_0017,SLURM
340,doc_05b9,doc_05b9_chunk_0017,slurmdb
341,doc_05b9,doc_05b9_chunk_0017,v0.0.43
342,doc_05b9,doc_05b9_chunk_0017,slurmdbV0043GetUser
343,doc_05b9,doc_05b9_chunk_0017,slurmdbV0043GetUsers
344,doc_05b9,doc_05b9_chunk_0017,slurmdbV0043GetWckey
345,doc_05b9,doc_05b9_chunk_0017,v0.0.43_openapi_users_resp
346,doc_05b9,doc_05b9_chunk_0017,v0.0.43_openapi_wckey_resp
347,doc_05b9,doc_05b9_chunk_0017,Path parameters
348,doc_05b9,doc_05b9_chunk_0018,slurmdb
349,doc_05b9,doc_05b9_chunk_0018,v0.0.43
350,doc_05b9,doc_05b9_chunk_0018,slurmdbV0043GetWckeys
351,doc_05b9,doc_05b9_chunk_0018,slurmdbV0043PostAccounts
352,doc_05b9,doc_05b9_chunk_0018,query parameters
353,doc_05b9,doc_05b9_chunk_0018,cluster
354,doc_05b9,doc_05b9_chunk_0018,format
355,doc_05b9,doc_05b9_chunk_0018,id
356,doc_05b9,doc_05b9_chunk_0018,name
357,doc_05b9,doc_05b9_chunk_0018,only_defaults
358,doc_05b9,doc_05b9_chunk_0018,usage_end
359,doc_05b9,doc_05b9_chunk_0018,usage_start
360,doc_05b9,doc_05b9_chunk_0018,user
361,doc_05b9,doc_05b9_chunk_0018,with_usage
362,doc_05b9,doc_05b9_chunk_0018,with_deleted
363,doc_05b9,doc_05b9_chunk_0019,slurmdb
364,doc_05b9,doc_05b9_chunk_0019,v0.0.43
365,doc_05b9,doc_05b9_chunk_0019,API
366,doc_05b9,doc_05b9_chunk_0019,application/json
367,doc_05b9,doc_05b9_chunk_0019,slurmdbV0043PostAccounts
368,doc_05b9,doc_05b9_chunk_0019,slurmdbV0043PostAccountsAssociation
369,doc_05b9,doc_05b9_chunk_0019,slurmdbV0043PostAssociations
370,doc_05b9,doc_05b9_chunk_0019,slurmdbV0043PostClusters
371,doc_05b9,doc_05b9_chunk_0019,slurmdbV0043PostConfig
372,doc_05b9,doc_05b9_chunk_0019,Content-Type
373,doc_05b9,doc_05b9_chunk_0020,SLURM
374,doc_05b9,doc_05b9_chunk_0020,slurmdb
375,doc_05b9,doc_05b9_chunk_0020,v0.0.43
376,doc_05b9,doc_05b9_chunk_0020,slurmdbV0043PostConfig
377,doc_05b9,doc_05b9_chunk_0020,slurmdbV0043PostQos
378,doc_05b9,doc_05b9_chunk_0020,slurmdbV0043PostTres
379,doc_05b9,doc_05b9_chunk_0020,application/json
380,doc_05b9,doc_05b9_chunk_0020,Content-Type
381,doc_05b9,doc_05b9_chunk_0020,request body
382,doc_05b9,doc_05b9_chunk_0020,API call
383,doc_05b9,doc_05b9_chunk_0020,media types
384,doc_05b9,doc_05b9_chunk_0020,slurmdbd_config_resp
385,doc_05b9,doc_05b9_chunk_0021,application/json
386,doc_05b9,doc_05b9_chunk_0021,Request body
387,doc_05b9,doc_05b9_chunk_0021,v0.0.43_openapi_resp
388,doc_05b9,doc_05b9_chunk_0021,v0.0.43_openapi_users_resp
389,doc_05b9,doc_05b9_chunk_0021,v0.0.43_openapi_users_add_cond_resp
390,doc_05b9,doc_05b9_chunk_0021,v0.0.43_openapi_wckey_resp
391,doc_05b9,doc_05b9_chunk_0021,slurmdbV0043PostUsers
392,doc_05b9,doc_05b9_chunk_0021,slurmdbV0043PostUsersAssociation
393,doc_05b9,doc_05b9_chunk_0022,Slurm
394,doc_05b9,doc_05b9_chunk_0022,UNIX timestamp
395,doc_05b9,doc_05b9_chunk_0022,TRES
396,doc_05b9,doc_05b9_chunk_0022,v0.0.43_openapi_resp
397,doc_05b9,doc_05b9_chunk_0022,accounts
398,doc_05b9,doc_05b9_chunk_0022,association
399,doc_05b9,doc_05b9_chunk_0022,clusters
400,doc_05b9,doc_05b9_chunk_0022,v0.0.43_acct_gather_energy
401,doc_05b9,doc_05b9_chunk_0022,average_watts
402,doc_05b9,doc_05b9_chunk_0022,base_consumed_energy
403,doc_05b9,doc_05b9_chunk_0022,consumed_energy
404,doc_05b9,doc_05b9_chunk_0022,current_watts
405,doc_05b9,doc_05b9_chunk_0022,previous_consumed_energy
406,doc_05b9,doc_05b9_chunk_0023,association
407,doc_05b9,doc_05b9_chunk_0023,Flags
408,doc_05b9,doc_05b9_chunk_0023,max
409,doc_05b9,doc_05b9_chunk_0023,id
410,doc_05b9,doc_05b9_chunk_0023,is_default
411,doc_05b9,doc_05b9_chunk_0023,lineage
412,doc_05b9,doc_05b9_chunk_0023,min
413,doc_05b9,doc_05b9_chunk_0023,parent_account
414,doc_05b9,doc_05b9_chunk_0023,partition
415,doc_05b9,doc_05b9_chunk_0023,priority
416,doc_05b9,doc_05b9_chunk_0023,qos
417,doc_05b9,doc_05b9_chunk_0023,fairshare
418,doc_05b9,doc_05b9_chunk_0023,v0.0.43_assoc_shares_obj_wrap
419,doc_05b9,doc_05b9_chunk_0023,cluster
420,doc_05b9,doc_05b9_chunk_0023,name
421,doc_05b9,doc_05b9_chunk_0023,parent
422,doc_05b9,doc_05b9_chunk_0024,slurmctld
423,doc_05b9,doc_05b9_chunk_0024,primary
424,doc_05b9,doc_05b9_chunk_0024,user name
425,doc_05b9,doc_05b9_chunk_0024,direct
426,doc_05b9,doc_05b9_chunk_0024,coordinator
427,doc_05b9,doc_05b9_chunk_0024,cluster name
428,doc_05b9,doc_05b9_chunk_0024,extra
429,doc_05b9,doc_05b9_chunk_0024,instance_id
430,doc_05b9,doc_05b9_chunk_0024,instance_type
431,doc_05b9,doc_05b9_chunk_0024,node_name
432,doc_05b9,doc_05b9_chunk_0024,time
433,doc_05b9,doc_05b9_chunk_0024,job
434,doc_05b9,doc_05b9_chunk_0024,account
435,doc_05b9,doc_05b9_chunk_0024,comment
436,doc_05b9,doc_05b9_chunk_0024,allocation_nodes
437,doc_05b9,doc_05b9_chunk_0024,array
438,doc_05b9,doc_05b9_chunk_0024,association
439,doc_05b9,doc_05b9_chunk_0024,block
440,doc_05b9,doc_05b9_chunk_0024,constraints
441,doc_05b9,doc_05b9_chunk_0024,container
442,doc_05b9,doc_05b9_chunk_0025,int32
443,doc_05b9,doc_05b9_chunk_0025,argv
444,doc_05b9,doc_05b9_chunk_0025,String
445,doc_05b9,doc_05b9_chunk_0025,array
446,doc_05b9,doc_05b9_chunk_0025,Job array index value specification
447,doc_05b9,doc_05b9_chunk_0025,batch_features
448,doc_05b9,doc_05b9_chunk_0025,features
449,doc_05b9,doc_05b9_chunk_0025,begin_time
450,doc_05b9,doc_05b9_chunk_0025,v0.0.43_uint64_no_val_struct
451,doc_05b9,doc_05b9_chunk_0025,flags
452,doc_05b9,doc_05b9_chunk_0025,Job flags
453,doc_05b9,doc_05b9_chunk_0025,burst_buffer
454,doc_05b9,doc_05b9_chunk_0025,Burst buffer specifications
455,doc_05b9,doc_05b9_chunk_0026,SLURM
456,doc_05b9,doc_05b9_chunk_0026,immediate
457,doc_05b9,doc_05b9_chunk_0026,Boolean
458,doc_05b9,doc_05b9_chunk_0026,job_id
459,doc_05b9,doc_05b9_chunk_0026,Integer
460,doc_05b9,doc_05b9_chunk_0026,kill_on_node_fail
461,doc_05b9,doc_05b9_chunk_0026,licenses
462,doc_05b9,doc_05b9_chunk_0026,String
463,doc_05b9,doc_05b9_chunk_0026,mail_type
464,doc_05b9,doc_05b9_chunk_0026,mail_user
465,doc_05b9,doc_05b9_chunk_0026,mcs_label
466,doc_05b9,doc_05b9_chunk_0026,memory_binding
467,doc_05b9,doc_05b9_chunk_0026,memory_binding_type
468,doc_05b9,doc_05b9_chunk_0026,memory_per_tres
469,doc_05b9,doc_05b9_chunk_0026,name
470,doc_05b9,doc_05b9_chunk_0026,network
471,doc_05b9,doc_05b9_chunk_0026,nice
472,doc_05b9,doc_05b9_chunk_0027,Slurm
473,doc_05b9,doc_05b9_chunk_0027,sbcast
474,doc_05b9,doc_05b9_chunk_0027,sbatch
475,doc_05b9,doc_05b9_chunk_0027,srun
476,doc_05b9,doc_05b9_chunk_0027,bsub
477,doc_05b9,doc_05b9_chunk_0027,--partition
478,doc_05b9,doc_05b9_chunk_0027,-q
479,doc_05b9,doc_05b9_chunk_0027,-n
480,doc_05b9,doc_05b9_chunk_0027,nodes
481,doc_05b9,doc_05b9_chunk_0027,CPUs
482,doc_05b9,doc_05b9_chunk_0027,memory
483,doc_05b9,doc_05b9_chunk_0027,cores
484,doc_05b9,doc_05b9_chunk_0027,GPU
485,doc_05b9,doc_05b9_chunk_0027,gres
486,doc_05b9,doc_05b9_chunk_0027,squeue
487,doc_05b9,doc_05b9_chunk_0027,sacct
488,doc_05b9,doc_05b9_chunk_0027,sreport
489,doc_05b9,doc_05b9_chunk_0027,job_id
490,doc_05b9,doc_05b9_chunk_0027,job_resources
491,doc_05b9,doc_05b9_chunk_0028,Slurmd
492,doc_05b9,doc_05b9_chunk_0028,NodeAddr
493,doc_05b9,doc_05b9_chunk_0028,NodeHostname
494,doc_05b9,doc_05b9_chunk_0028,Node state
495,doc_05b9,doc_05b9_chunk_0028,operating_system
496,doc_05b9,doc_05b9_chunk_0028,user
497,doc_05b9,doc_05b9_chunk_0028,partitions
498,doc_05b9,doc_05b9_chunk_0028,port
499,doc_05b9,doc_05b9_chunk_0028,real_memory
500,doc_05b9,doc_05b9_chunk_0028,res_cores_per_gpu
501,doc_05b9,doc_05b9_chunk_0028,comment
502,doc_05b9,doc_05b9_chunk_0028,reason
503,doc_05b9,doc_05b9_chunk_0028,reason_changed_at
504,doc_05b9,doc_05b9_chunk_0028,reason_set_by_user
505,doc_05b9,doc_05b9_chunk_0028,resume_after
506,doc_05b9,doc_05b9_chunk_0028,reservation
507,doc_05b9,doc_05b9_chunk_0028,alloc_memory
508,doc_05b9,doc_05b9_chunk_0029,SLURM
509,doc_05b9,doc_05b9_chunk_0029,v0.0.43_openapi_meta
510,doc_05b9,doc_05b9_chunk_0029,v0.0.43_openapi_error
511,doc_05b9,doc_05b9_chunk_0029,v0.0.43_openapi_warning
512,doc_05b9,doc_05b9_chunk_0029,v0.0.43_kill_jobs_resp
513,doc_05b9,doc_05b9_chunk_0029,v0.0.43_kill_jobs_resp_job
514,doc_05b9,doc_05b9_chunk_0029,v0.0.43_openapi_licenses_resp
515,doc_05b9,doc_05b9_chunk_0030,reservation
516,doc_05b9,doc_05b9_chunk_0030,groups
517,doc_05b9,doc_05b9_chunk_0030,licenses
518,doc_05b9,doc_05b9_chunk_0030,max_start_delay
519,doc_05b9,doc_05b9_chunk_0030,hourly
520,doc_05b9,doc_05b9_chunk_0030,daily
521,doc_05b9,doc_05b9_chunk_0030,monthly
522,doc_05b9,doc_05b9_chunk_0030,v0.0.43_schedule_exit_fields
523,doc_05b9,doc_05b9_chunk_0030,end_job_queue
524,doc_05b9,doc_05b9_chunk_0030,default_queue_depth
525,doc_05b9,doc_05b9_chunk_0030,max_job_start
526,doc_05b9,doc_05b9_chunk_0030,max_rpc_cnt
527,doc_05b9,doc_05b9_chunk_0030,max_sched_time
528,doc_05b9,doc_05b9_chunk_0030,licenses (optional)
529,doc_05b9,doc_05b9_chunk_0031,scheduler cycle
530,doc_05b9,doc_05b9_chunk_0031,int32
531,doc_05b9,doc_05b9_chunk_0031,schedule_cycle_last
532,doc_05b9,doc_05b9_chunk_0031,schedule_cycle_sum
533,doc_05b9,doc_05b9_chunk_0031,schedule_cycle_total
534,doc_05b9,doc_05b9_chunk_0031,schedule_cycle_mean
535,doc_05b9,doc_05b9_chunk_0031,schedule_cycle_mean_depth
536,doc_05b9,doc_05b9_chunk_0031,schedule_cycle_per_minute
537,doc_05b9,doc_05b9_chunk_0031,schedule_cycle_depth
538,doc_05b9,doc_05b9_chunk_0031,bf_depth_mean
539,doc_05b9,doc_05b9_chunk_0031,bf_depth_mean_try
540,doc_05b9,doc_05b9_chunk_0031,bf_cycle_sum
541,doc_05b9,doc_05b9_chunk_0031,bf_table_size
542,doc_05b9,doc_05b9_chunk_0032,v0_0_43_stats_rpc_time
543,doc_05b9,doc_05b9_chunk_0032,v0.0.43_step
544,doc_05b9,doc_05b9_chunk_0032,user
545,doc_05b9,doc_05b9_chunk_0032,String User ID
546,doc_05b9,doc_05b9_chunk_0032,count
547,doc_05b9,doc_05b9_chunk_0032,Integer Number of RPCs processed
548,doc_05b9,doc_05b9_chunk_0032,time
549,doc_05b9,doc_05b9_chunk_0032,v0_0.43_step_time
550,doc_05b9,doc_05b9_chunk_0032,exit_code
551,doc_05b9,doc_05b9_chunk_0032,v0.0.43_process_exit_code_verbose
552,doc_05b9,doc_05b9_chunk_0032,nodes
553,doc_05b9,doc_05b9_chunk_0033,AdminLevel
554,doc_05b9,doc_05b9_chunk_0033,defaultaccount
555,doc_05b9,doc_05b9_chunk_0033,String Default account
556,doc_05b9,doc_05b9_chunk_0033,defaultwckey
557,doc_05b9,doc_05b9_chunk_0033,String Default WCKey
558,doc_05b9,doc_05b9_chunk_0033,v0.0.43_users_add_cond
559,doc_05b9,doc_05b9_chunk_0033,accounts
560,doc_05b9,doc_05b9_chunk_0033,array[String]
561,doc_05b9,doc_05b9_chunk_0033,association
562,doc_05b9,doc_05b9_chunk_0033,v0.0.43_assoc_rec_set
563,doc_05b9,doc_05b9_chunk_0033,clusters
564,doc_05b9,doc_05b9_chunk_0033,partitions
565,doc_05b9,doc_05b9_chunk_0033,users
566,doc_05b9,doc_05b9_chunk_0034,int32
567,doc_05b9,doc_05b9_chunk_0034,Total number of CPUs
568,doc_05b9,doc_05b9_chunk_0034,used
569,doc_05b9,doc_05b9_chunk_0034,Long Total memory (MiB)
570,doc_05b9,doc_05b9_chunk_0034,allocated
571,doc_05b9,doc_05b9_chunk_0034,Integer Number of allocated nodes
572,doc_05b9,doc_05b9_chunk_0034,select_type
573,doc_05b9,doc_05b9_chunk_0034,Enum
574,doc_05b9,doc_05b9_chunk_0034,list
575,doc_05b9,doc_05b9_chunk_0034,String Node(s)
576,doc_05b9,doc_05b9_chunk_0034,whole
577,doc_05b9,doc_05b9_chunk_0034,Boolean
578,doc_05b9,doc_05b9_chunk_0034,allocation
579,doc_05b9,doc_05b9_chunk_0034,v0_0_43_job_reservation
580,doc_05b9,doc_05b9_chunk_0034,id
581,doc_05b9,doc_05b9_chunk_0034,Integer Unique identifier
582,doc_05b9,doc_05b9_chunk_0035,Integer PriorityTier
583,doc_05b9,doc_05b9_chunk_0035,v0_0_43_partition_info_qos
584,doc_05b9,doc_05b9_chunk_0035,allowed
585,doc_05b9,doc_05b9_chunk_0035,DenyQOS
586,doc_05b9,doc_05b9_chunk_0035,QOS
587,doc_05b9,doc_05b9_chunk_0035,v0_0_43_partition_info_timeouts
588,doc_05b9,doc_05b9_chunk_0035,resume
589,doc_05b9,doc_05b9_chunk_0035,suspend
590,doc_05b9,doc_05b9_chunk_0035,v0.0.43_uint16_no_val_struct
591,doc_05b9,doc_05b9_chunk_0035,v0_0_43_partition_info_tres
592,doc_05b9,doc_05b9_chunk_0035,billing_weights
593,doc_05b9,doc_05b9_chunk_0036,Slurm
594,doc_05b9,doc_05b9_chunk_0036,UNIX timestamp
595,doc_05b9,doc_05b9_chunk_0036,duration
596,doc_05b9,doc_05b9_chunk_0036,v0_0_43_rollup_stats_monthly_duration
597,doc_05b9,doc_05b9_chunk_0036,v0_0_43_step_tasks
598,doc_05b9,doc_05b9_chunk_0036,v0_0_43_step_time
599,doc_05b9,doc_05b9_chunk_0036,elapsed
600,doc_05b9,doc_05b9_chunk_0036,int32
601,doc_05b9,doc_05b9_chunk_0036,int64
602,doc_05b9,doc_05b9_chunk_0036,v0.0.43_uint64_no_val_struct
603,doc_05b9,doc_05b9_chunk_0036,suspended
604,doc_05be,doc_05be_chunk_0001,Slurm
605,doc_05be,doc_05be_chunk_0001,cli_filter
606,doc_05be,doc_05be_chunk_0001,API
607,doc_05be,doc_05be_chunk_0001,salloc
608,doc_05be,doc_05be_chunk_0001,sbatch
609,doc_05be,doc_05be_chunk_0001,srun
610,doc_05be,doc_05be_chunk_0001,cli_filter_p_setup_defaults
611,doc_05be,doc_05be_chunk_0001,cli_filter_p_pre_submit
612,doc_05be,doc_05be_chunk_0001,cli_filter_p_post_submit
613,doc_05be,doc_05be_chunk_0001,slurm controller
614,doc_05be,doc_05be_chunk_0001,slurmctld
615,doc_05be,doc_05be_chunk_0001,job_submit
616,doc_05be,doc_05be_chunk_0001,Slurm Plugin API
617,doc_05be,doc_05be_chunk_0001,plugin_name
618,doc_05be,doc_05be_chunk_0002,Slurm
619,doc_05be,doc_05be_chunk_0002,cli_filter
620,doc_05be,doc_05be_chunk_0002,Slurm Plugin API
621,doc_05be,doc_05be_chunk_0002,plugin_name
622,doc_05be,doc_05be_chunk_0002,plugin_type
623,doc_05be,doc_05be_chunk_0002,plugin_version
624,doc_05be,doc_05be_chunk_0002,salloc
625,doc_05be,doc_05be_chunk_0002,sbatch
626,doc_05be,doc_05be_chunk_0002,srun
627,doc_05be,doc_05be_chunk_0002,slurm_opt_t
628,doc_05be,doc_05be_chunk_0002,cli_filter_p_setup_defaults
629,doc_05be,doc_05be_chunk_0002,init
630,doc_05be,doc_05be_chunk_0002,fini
631,doc_05be,doc_05be_chunk_0002,dlopen (3)
632,doc_05be,doc_05be_chunk_0002,salloc command line interface
633,doc_05be,doc_05be_chunk_0003,salloc
634,doc_05be,doc_05be_chunk_0003,sbatch
635,doc_05be,doc_05be_chunk_0003,srun
636,doc_05be,doc_05be_chunk_0003,slurm_opt_t
637,doc_05be,doc_05be_chunk_0003,slurm_option_set
638,doc_05be,doc_05be_chunk_0003,slurmctld
639,doc_05be,doc_05be_chunk_0003,cli_filter_p_setup_defaults
640,doc_05be,doc_05be_chunk_0003,cli_filter_p_pre_submit
641,doc_05be,doc_05be_chunk_0003,cli_filter_p_post_submit
642,doc_05be,doc_05be_chunk_0003,slurm_option_API
643,doc_05be,doc_05be_chunk_0003,src/common/slurm_opt.h
644,doc_05be,doc_05be_chunk_0003,slurmctld communication
645,doc_05be,doc_05be_chunk_0004,SLURM
646,doc_05be,doc_05be_chunk_0004,slurm.conf
647,doc_05be,doc_05be_chunk_0004,cli_filter/lua
648,doc_05be,doc_05be_chunk_0004,cli_filter.lua
649,doc_05be,doc_05be_chunk_0004,slurm.json_cli_options
650,doc_05be,doc_05be_chunk_0004,slurm_opt_t
651,doc_05be,doc_05be_chunk_0004,salloc
652,doc_05be,doc_05be_chunk_0004,job id
653,doc_05be,doc_05be_chunk_0004,step id
654,doc_05be,doc_05be_chunk_0004,hetjob offset
655,doc_05be,doc_05be_chunk_0004,CLI
656,doc_05be,doc_05be_chunk_0004,CLI Interface
657,doc_05be,doc_05be_chunk_0004,options
658,doc_05be,doc_05be_chunk_0004,job allocation request specifications
659,doc_05be,doc_05be_chunk_0005,salloc
660,doc_05be,doc_05be_chunk_0005,sbatch
661,doc_05be,doc_05be_chunk_0005,srun
662,doc_05be,doc_05be_chunk_0005,command
663,doc_05be,doc_05be_chunk_0005,cluster
664,doc_05be,doc_05be_chunk_0005,component
665,doc_05be,doc_05be_chunk_0005,interactive
666,doc_05be,doc_05be_chunk_0005,member
667,doc_05be,doc_05be_chunk_0005,high
668,doc_05be,doc_05be_chunk_0005,short
669,doc_05be,doc_05be_chunk_0005,job submission options
670,doc_05be,doc_05be_chunk_0005,default partitions
671,doc_05be,doc_05be_chunk_0005,any defined cluster
672,doc_05be,doc_05be_chunk_0005,job submitted with any submission command
673,doc_0605,doc_0605_chunk_0001,Slurm
674,doc_0605,doc_0605_chunk_0001,Job Completion Plugins
675,doc_0605,doc_0605_chunk_0001,slurmdbd
676,doc_0605,doc_0605_chunk_0001,jobcomp/elasticsearch
677,doc_0605,doc_0605_chunk_0001,Kibana
678,doc_0605,doc_0605_chunk_0001,libcurl development files
679,doc_0605,doc_0605_chunk_0001,JSON-C
680,doc_0605,doc_0605_chunk_0001,Elasticsearch instance
681,doc_0605,doc_0605_chunk_0001,SlurmctldHost
682,doc_0605,doc_0605_chunk_0001,JobCompType
683,doc_0605,doc_0605_chunk_0001,JobCompLoc
684,doc_0605,doc_0605_chunk_0001,Elasticsearch server URL
685,doc_0605,doc_0605_chunk_0001,slurm.conf
686,doc_0605,doc_0605_chunk_0001,Slurm elasticsearch plugin
687,doc_0605,doc_0605_chunk_0002,Slurm 20.11
688,doc_0605,doc_0605_chunk_0002,URL
689,doc_0605,doc_0605_chunk_0002,libcurl library
690,doc_0605,doc_0605_chunk_0002,Elasticsearch
691,doc_0605,doc_0605_chunk_0002,indexing
692,doc_0605,doc_0605_chunk_0002,Elasticsearch official documentation
693,doc_0605,doc_0605_chunk_0002,type to typeless deprecation
694,doc_0605,doc_0605_chunk_0002,reindex API
695,doc_0605,doc_0605_chunk_0002,DebugFlags
696,doc_0605,doc_0605_chunk_0002,Elasticsearch flag
697,doc_0605,doc_0605_chunk_0002,Kibana
698,doc_0605,doc_0605_chunk_0002,data visualization
699,doc_0605,doc_0605_chunk_0002,web visualization layer
700,doc_0605,doc_0605_chunk_0002,curl command
701,doc_0605,doc_0605_chunk_0002,REST requests
702,doc_0605,doc_0605_chunk_0003,curl
703,doc_0605,doc_0605_chunk_0003,HTTP
704,doc_0605,doc_0605_chunk_0003,localhost
705,doc_0605,doc_0605_chunk_0003,_cat
706,doc_0605,doc_0605_chunk_0003,indices
707,doc_0605,doc_0605_chunk_0003,slurm
708,doc_0605,doc_0605_chunk_0003,v
709,doc_0605,doc_0605_chunk_0003,q
710,doc_0605,doc_0605_chunk_0003,pretty
711,doc_0605,doc_0605_chunk_0003,Elasticsearch
712,doc_0605,doc_0605_chunk_0003,Elasticsearch plugin
713,doc_0605,doc_0605_chunk_0003,Alejandro Sanchez
714,doc_0605,doc_0605_chunk_0003,Master's Thesis
715,doc_0605,doc_0605_chunk_0003,elasticsearch_state
716,doc_0605,doc_0605_chunk_0003,StateSaveLocation
717,doc_0605,doc_0605_chunk_0003,slurmctld
718,doc_0605,doc_0605_chunk_0003,primary slurmctld
719,doc_0ac6,doc_0ac6_chunk_0001,OCI Runtimes
720,doc_0ac6,doc_0ac6_chunk_0001,Slurm
721,doc_0ac6,doc_0ac6_chunk_0001,container jobs
722,doc_0ac6,doc_0ac6_chunk_0001,steps
723,doc_0ac6,doc_0ac6_chunk_0001,Rootless Docker
724,doc_0ac6,doc_0ac6_chunk_0001,Podman
725,doc_0ac6,doc_0ac6_chunk_0001,OCI Container bundle
726,doc_0ac6,doc_0ac6_chunk_0001,OpenMPI v5
727,doc_0ac6,doc_0ac6_chunk_0001,PMIx v4
728,doc_0ac6,doc_0ac6_chunk_0001,Plugin
729,doc_0ac6,doc_0ac6_chunk_0001,Shifter
730,doc_0ac6,doc_0ac6_chunk_0001,ENROOT
731,doc_0ac6,doc_0ac6_chunk_0001,Pyxis
732,doc_0ac6,doc_0ac6_chunk_0001,Sarus
733,doc_0ac6,doc_0ac6_chunk_0001,kernel
734,doc_0ac6,doc_0ac6_chunk_0001,oci.conf
735,doc_0ac6,doc_0ac6_chunk_0001,slurmd
736,doc_0ac6,doc_0ac6_chunk_0002,Slurm
737,doc_0ac6,doc_0ac6_chunk_0002,unprivileged
738,doc_0ac6,doc_0ac6_chunk_0002,rootless
739,doc_0ac6,doc_0ac6_chunk_0002,OCI
740,doc_0ac6,doc_0ac6_chunk_0002,container networks
741,doc_0ac6,doc_0ac6_chunk_0002,host network
742,doc_0ac6,doc_0ac6_chunk_0002,oci.conf
743,doc_0ac6,doc_0ac6_chunk_0002,kernel.unprivileged_userns_clone
744,doc_0ac6,doc_0ac6_chunk_0002,kernel.apparmor_restrict_unprivileged_unconfined
745,doc_0ac6,doc_0ac6_chunk_0002,kernel.apparmor_restrict_unprivileged_userns
746,doc_0ac6,doc_0ac6_chunk_0002,dockerd-rootless-setuptool.sh
747,doc_0ac6,doc_0ac6_chunk_0003,Slurm
748,doc_0ac6,doc_0ac6_chunk_0003,OCI
749,doc_0ac6,doc_0ac6_chunk_0003,OCI Container
750,doc_0ac6,doc_0ac6_chunk_0003,oci.conf
751,doc_0ac6,doc_0ac6_chunk_0003,runc
752,doc_0ac6,doc_0ac6_chunk_0003,crun
753,doc_0ac6,doc_0ac6_chunk_0003,EnvExclude
754,doc_0ac6,doc_0ac6_chunk_0003,RunTimeEnvExclude
755,doc_0ac6,doc_0ac6_chunk_0003,RunTimeQuery
756,doc_0ac6,doc_0ac6_chunk_0003,RunTimeCreate
757,doc_0ac6,doc_0ac6_chunk_0003,RunTimeStart
758,doc_0ac6,doc_0ac6_chunk_0003,RunTimeKill
759,doc_0ac6,doc_0ac6_chunk_0003,SLURM_CONF
760,doc_0ac6,doc_0ac6_chunk_0003,SLURM_CONF_SERVER
761,doc_0ac6,doc_0ac6_chunk_0003,systemd
762,doc_0ac6,doc_0ac6_chunk_0003,/run/user/%U
763,doc_0ac6,doc_0ac6_chunk_0004,runc
764,doc_0ac6,doc_0ac6_chunk_0004,crun
765,doc_0ac6,doc_0ac6_chunk_0004,nvidia-container-runtime
766,doc_0ac6,doc_0ac6_chunk_0004,SLURM_CONF
767,doc_0ac6,doc_0ac6_chunk_0004,SLURM_CONF_SERVER
768,doc_0ac6,doc_0ac6_chunk_0004,RunTimeStart
769,doc_0ac6,doc_0ac6_chunk_0004,RunTimeKill
770,doc_0ac6,doc_0ac6_chunk_0004,RunTimeDelete
771,doc_0ac6,doc_0ac6_chunk_0004,RunTimeQuery
772,doc_0ac6,doc_0ac6_chunk_0004,RunTimeEnvExclude
773,doc_0ac6,doc_0ac6_chunk_0004,oci.conf
774,doc_0ac6,doc_0ac6_chunk_0004,--rootless
775,doc_0ac6,doc_0ac6_chunk_0004,/run/user/%U
776,doc_0ac6,doc_0ac6_chunk_0004,%n.%u.%j.%s.%t
777,doc_0ac6,doc_0ac6_chunk_0005,nvidia-container-runtime
778,doc_0ac6,doc_0ac6_chunk_0005,rootless
779,doc_0ac6,doc_0ac6_chunk_0005,--root
780,doc_0ac6,doc_0ac6_chunk_0005,%U
781,doc_0ac6,doc_0ac6_chunk_0005,SLURM_CONF
782,doc_0ac6,doc_0ac6_chunk_0005,SLURM_CONF_SERVER
783,doc_0ac6,doc_0ac6_chunk_0005,oci.conf
784,doc_0ac6,doc_0ac6_chunk_0005,EnvExclude
785,doc_0ac6,doc_0ac6_chunk_0005,RunTimeEnvExclude
786,doc_0ac6,doc_0ac6_chunk_0005,RunTimeQuery
787,doc_0ac6,doc_0ac6_chunk_0005,RunTimeKill
788,doc_0ac6,doc_0ac6_chunk_0005,RunTimeDelete
789,doc_0ac6,doc_0ac6_chunk_0005,RunTimeRun
790,doc_0ac6,doc_0ac6_chunk_0005,singularity
791,doc_0ac6,doc_0ac6_chunk_0005,v4.1.3
792,doc_0ac6,doc_0ac6_chunk_0006,oci.conf
793,doc_0ac6,doc_0ac6_chunk_0006,hpcng Singularity v3.8.0
794,doc_0ac6,doc_0ac6_chunk_0006,Charliecloud v0.30
795,doc_0ac6,doc_0ac6_chunk_0006,Enroot 3.3.0
796,doc_0ac6,doc_0ac6_chunk_0006,EnvExclude
797,doc_0ac6,doc_0ac6_chunk_0006,RunTimeEnvExclude
798,doc_0ac6,doc_0ac6_chunk_0006,RunTimeQuery
799,doc_0ac6,doc_0ac6_chunk_0006,RunTimeCreate
800,doc_0ac6,doc_0ac6_chunk_0006,RunTimeStart
801,doc_0ac6,doc_0ac6_chunk_0006,RunTimeKill
802,doc_0ac6,doc_0ac6_chunk_0006,RunTimeDelete
803,doc_0ac6,doc_0ac6_chunk_0006,sudo
804,doc_0ac6,doc_0ac6_chunk_0006,singularity oci
805,doc_0ac6,doc_0ac6_chunk_0007,Slurm
806,doc_0ac6,doc_0ac6_chunk_0007,salloc
807,doc_0ac6,doc_0ac6_chunk_0007,srun
808,doc_0ac6,doc_0ac6_chunk_0007,sbatch
809,doc_0ac6,doc_0ac6_chunk_0007,Slurm 21.08+
810,doc_0ac6,doc_0ac6_chunk_0007,--container
811,doc_0ac6,doc_0ac6_chunk_0007,OCI Container runtime
812,doc_0ac6,doc_0ac6_chunk_0007,oci.conf
813,doc_0ac6,doc_0ac6_chunk_0007,RunTimeRun
814,doc_0ac6,doc_0ac6_chunk_0007,RunTimeKill
815,doc_0ac6,doc_0ac6_chunk_0007,RunTimeDelete
816,doc_0ac6,doc_0ac6_chunk_0007,wrapper script
817,doc_0ac6,doc_0ac6_chunk_0007,user-specific run configuration
818,doc_0ac6,doc_0ac6_chunk_0007,~/.slurm-oci-run
819,doc_0ac6,doc_0ac6_chunk_0008,salloc
820,doc_0ac6,doc_0ac6_chunk_0008,srun
821,doc_0ac6,doc_0ac6_chunk_0008,sbatch
822,doc_0ac6,doc_0ac6_chunk_0008,--container
823,doc_0ac6,doc_0ac6_chunk_0008,ABS_PATH_TO_BUNDLE
824,doc_0ac6,doc_0ac6_chunk_0008,Slurm 21.08+
825,doc_0ac6,doc_0ac6_chunk_0008,batch step
826,doc_0ac6,doc_0ac6_chunk_0008,interactive step
827,doc_0ac6,doc_0ac6_chunk_0008,job step
828,doc_0ac6,doc_0ac6_chunk_0008,scrun
829,doc_0ac6,doc_0ac6_chunk_0008,Rootless Docker
830,doc_0ac6,doc_0ac6_chunk_0008,Docker Engine v20.10+
831,doc_0ac6,doc_0ac6_chunk_0008,Slurm-23.02+
832,doc_0ac6,doc_0ac6_chunk_0008,Munge authentication
833,doc_0ac6,doc_0ac6_chunk_0009,oci.conf
834,doc_0ac6,doc_0ac6_chunk_0009,Slurm
835,doc_0ac6,doc_0ac6_chunk_0009,Docker
836,doc_0ac6,doc_0ac6_chunk_0009,JWT authentication
837,doc_0ac6,doc_0ac6_chunk_0009,Docker container building
838,doc_0ac6,doc_0ac6_chunk_0009,docker pull request
839,doc_0ac6,doc_0ac6_chunk_0009,--security-opt
840,doc_0ac6,doc_0ac6_chunk_0009,seccomp
841,doc_0ac6,doc_0ac6_chunk_0009,apparmor
842,doc_0ac6,doc_0ac6_chunk_0009,net=none
843,doc_0ac6,doc_0ac6_chunk_0009,none networking driver
844,doc_0ac6,doc_0ac6_chunk_0009,bridge networking
845,doc_0ac6,doc_0ac6_chunk_0009,overlay networking
846,doc_0ac6,doc_0ac6_chunk_0009,host networking
847,doc_0ac6,doc_0ac6_chunk_0009,ipvlan networking
848,doc_0ac6,doc_0ac6_chunk_0009,macvlan networking
849,doc_0ac6,doc_0ac6_chunk_0009,scrun
850,doc_0ac6,doc_0ac6_chunk_0010,Rootless Docker
851,doc_0ac6,doc_0ac6_chunk_0010,docker.sock
852,doc_0ac6,doc_0ac6_chunk_0010,DOCKER_HOST
853,doc_0ac6,doc_0ac6_chunk_0010,scrun
854,doc_0ac6,doc_0ac6_chunk_0010,daemon.json
855,doc_0ac6,doc_0ac6_chunk_0010,experimental
856,doc_0ac6,doc_0ac6_chunk_0010,iptables
857,doc_0ac6,doc_0ac6_chunk_0010,no-new-privileges
858,doc_0ac6,doc_0ac6_chunk_0010,rootless
859,doc_0ac6,doc_0ac6_chunk_0010,selinux-enabled
860,doc_0ac6,doc_0ac6_chunk_0010,default-runtime
861,doc_0ac6,doc_0ac6_chunk_0010,slurm
862,doc_0ac6,doc_0ac6_chunk_0010,runtimes
863,doc_0ac6,doc_0ac6_chunk_0010,data-root
864,doc_0ac6,doc_0ac6_chunk_0010,exec-root
865,doc_0ac6,doc_0ac6_chunk_0010,shared filesystems
866,doc_0ac6,doc_0ac6_chunk_0011,Docker
867,doc_0ac6,doc_0ac6_chunk_0011,inter-node shared filesystems
868,doc_0ac6,doc_0ac6_chunk_0011,scrun.lua
869,doc_0ac6,doc_0ac6_chunk_0011,data-root
870,doc_0ac6,doc_0ac6_chunk_0011,exec-root
871,doc_0ac6,doc_0ac6_chunk_0011,storage-driver
872,doc_0ac6,doc_0ac6_chunk_0011,vfs
873,doc_0ac6,doc_0ac6_chunk_0011,systemd
874,doc_0ac6,doc_0ac6_chunk_0011,/etc/systemd/user/docker.service.d/override.conf
875,doc_0ac6,doc_0ac6_chunk_0011,~/.config/systemd/user/docker.service.d/override.conf
876,doc_0ac6,doc_0ac6_chunk_0012,scrun.lua
877,doc_0ac6,doc_0ac6_chunk_0012,oci.conf
878,doc_0ac6,doc_0ac6_chunk_0012,node
879,doc_0ac6,doc_0ac6_chunk_0012,scrun
880,doc_0ac6,doc_0ac6_chunk_0012,JWT authentication
881,doc_0ac6,doc_0ac6_chunk_0012,podman exec command
882,doc_0ac6,doc_0ac6_chunk_0012,podman-compose command
883,doc_0ac6,doc_0ac6_chunk_0012,network_mode: host device
884,doc_0ac6,doc_0ac6_chunk_0012,podman kube command
885,doc_0ac6,doc_0ac6_chunk_0012,podman pod command
886,doc_0ac6,doc_0ac6_chunk_0012,podman farm command
887,doc_0ac6,doc_0ac6_chunk_0013,podman farm
888,doc_0ac6,doc_0ac6_chunk_0013,podman commands
889,doc_0ac6,doc_0ac6_chunk_0013,Podman REST API
890,doc_0ac6,doc_0ac6_chunk_0013,install Podman
891,doc_0ac6,doc_0ac6_chunk_0013,rootless Podman
892,doc_0ac6,doc_0ac6_chunk_0013,podman info
893,doc_0ac6,doc_0ac6_chunk_0013,scrun
894,doc_0ac6,doc_0ac6_chunk_0013,containers.conf
895,doc_0ac6,doc_0ac6_chunk_0013,/etc/containers/containers.conf
896,doc_0ac6,doc_0ac6_chunk_0013,$XDG_CONFIG_HOME/containers/containers.conf
897,doc_0ac6,doc_0ac6_chunk_0013,~/.config/containers/containers.conf
898,doc_0ac6,doc_0ac6_chunk_0013,apparmor_profile
899,doc_0ac6,doc_0ac6_chunk_0014,Podman
900,doc_0ac6,doc_0ac6_chunk_0014,/etc/containers/storage.conf
901,doc_0ac6,doc_0ac6_chunk_0014,$XDG_CONFIG_HOME/containers/storage.conf
902,doc_0ac6,doc_0ac6_chunk_0014,vfs storage driver
903,doc_0ac6,doc_0ac6_chunk_0014,runroot
904,doc_0ac6,doc_0ac6_chunk_0014,graphroot
905,doc_0ac6,doc_0ac6_chunk_0014,pull_options
906,doc_0ac6,doc_0ac6_chunk_0014,use_hard_links
907,doc_0ac6,doc_0ac6_chunk_0014,enable_partial_images
908,doc_0ac6,doc_0ac6_chunk_0014,ignore_chown_errors
909,doc_0ac6,doc_0ac6_chunk_0014,scrun
910,doc_0ac6,doc_0ac6_chunk_0014,srun
911,doc_0ac6,doc_0ac6_chunk_0014,SLURM_JOB_ID
912,doc_0ac6,doc_0ac6_chunk_0014,hostname
913,doc_0ac6,doc_0ac6_chunk_0015,Dockerfile
914,doc_0ac6,doc_0ac6_chunk_0015,almalinux
915,doc_0ac6,doc_0ac6_chunk_0015,openpmix
916,doc_0ac6,doc_0ac6_chunk_0015,pmix-5.0.7
917,doc_0ac6,doc_0ac6_chunk_0015,open-mpi
918,doc_0ac6,doc_0ac6_chunk_0015,openmpi-5.0.7
919,doc_0ac6,doc_0ac6_chunk_0015,configure
920,doc_0ac6,doc_0ac6_chunk_0015,make
921,doc_0ac6,doc_0ac6_chunk_0015,install
922,doc_0ac6,doc_0ac6_chunk_0015,Slurm
923,doc_0ac6,doc_0ac6_chunk_0015,SPANK Plugins
924,doc_0ac6,doc_0ac6_chunk_0015,oci.conf
925,doc_0ac6,doc_0ac6_chunk_0015,Shifter
926,doc_0ac6,doc_0ac6_chunk_0015,NERSC
927,doc_0e42,doc_0e42_chunk_0001,Slurm
928,doc_0e42,doc_0e42_chunk_0001,slurmrestd
929,doc_0e42,doc_0e42_chunk_0001,slurmrestd daemon
930,doc_0e42,doc_0e42_chunk_0001,JSON Web Tokens
931,doc_0e42,doc_0e42_chunk_0001,REST API Details
932,doc_0e42,doc_0e42_chunk_0001,REST API Methods and Models
933,doc_0e42,doc_0e42_chunk_0001,slurmrestd man page
934,doc_0e42,doc_0e42_chunk_0001,HTTP Parser
935,doc_0e42,doc_0e42_chunk_0001,LibYAML
936,doc_0e42,doc_0e42_chunk_0001,JSON-C
937,doc_0e42,doc_0e42_chunk_0001,JWT Authentication
938,doc_0e42,doc_0e42_chunk_0001,slurmdbd
939,doc_0e42,doc_0e42_chunk_0001,slurm.conf
940,doc_0e42,doc_0e42_chunk_0001,Quick Start
941,doc_0e42,doc_0e42_chunk_0001,systemd
942,doc_0e42,doc_0e42_chunk_0002,slurmrestd
943,doc_0e42,doc_0e42_chunk_0002,DEB/RPM
944,doc_0e42,doc_0e42_chunk_0002,slurmrestd daemon
945,doc_0e42,doc_0e42_chunk_0002,sudo useradd
946,doc_0e42,doc_0e42_chunk_0002,slurmrestd user
947,doc_0e42,doc_0e42_chunk_0002,slurmrestd group
948,doc_0e42,doc_0e42_chunk_0002,systemctl edit slurmrestd
949,doc_0e42,doc_0e42_chunk_0002,User=slurmrestd
950,doc_0e42,doc_0e42_chunk_0002,Group=slurmrestd
951,doc_0e42,doc_0e42_chunk_0002,SLURMRESTD_LISTEN
952,doc_0e42,doc_0e42_chunk_0002,TCP port 6820
953,doc_0e42,doc_0e42_chunk_0002,Customizing slurmrestd.service
954,doc_0e42,doc_0e42_chunk_0003,Slurm 24.05
955,doc_0e42,doc_0e42_chunk_0003,ExecStart
956,doc_0e42,doc_0e42_chunk_0003,slurmrestd.service
957,doc_0e42,doc_0e42_chunk_0003,slurmrestd
958,doc_0e42,doc_0e42_chunk_0003,SLURMRESTD_OPTIONS
959,doc_0e42,doc_0e42_chunk_0003,SLURMRESTD_LISTEN
960,doc_0e42,doc_0e42_chunk_0003,systemctl edit
961,doc_0e42,doc_0e42_chunk_0003,/etc/systemd/
962,doc_0e42,doc_0e42_chunk_0003,Environment=NAME=value
963,doc_0e42,doc_0e42_chunk_0003,systemd documentation
964,doc_0e42,doc_0e42_chunk_0003,TCP/UNIX sockets
965,doc_0e42,doc_0e42_chunk_0003,SLURMRESTD_LISTEN duplication
966,doc_0e42,doc_0e42_chunk_0004,SLURMrestd
967,doc_0e42,doc_0e42_chunk_0004,systemd
968,doc_0e42,doc_0e42_chunk_0004,systemctl
969,doc_0e42,doc_0e42_chunk_0004,slurmrestd -d
970,doc_0e42,doc_0e42_chunk_0004,listGet
971,doc_0e42,doc_0e42_chunk_0004,scontrol token
972,doc_0e42,doc_0e42_chunk_0004,SLURM_JWT
973,doc_0e42,doc_0e42_chunk_0004,X-SLURM-USER-TOKEN
974,doc_0e42,doc_0e42_chunk_0004,curl
975,doc_0e42,doc_0e42_chunk_0004,/tmp/curl.log
976,doc_0e42,doc_0e42_chunk_0004,TCP host:port
977,doc_0e42,doc_0e42_chunk_0004,UNIX socket
978,doc_0e42,doc_0e42_chunk_0004,slurmrestd.socket
979,doc_0e42,doc_0e42_chunk_0004,API Methods and Models
980,doc_0e42,doc_0e42_chunk_0005,slurmrestd
981,doc_0e42,doc_0e42_chunk_0005,log output
982,doc_0e42,doc_0e42_chunk_0005,socket
983,doc_0e42,doc_0e42_chunk_0005,permissions issue
984,doc_0e42,doc_0e42_chunk_0005,SLURM_JWT
985,doc_0e42,doc_0e42_chunk_0005,scontrol token
986,doc_0e42,doc_0e42_chunk_0005,slurmctld
987,doc_0e42,doc_0e42_chunk_0005,slurmdbd
988,doc_0e42,doc_0e42_chunk_0005,API Methods and Models
989,doc_0e42,doc_0e42_chunk_0005,URL
990,doc_0e42,doc_0e42_chunk_0005,HTTP 404
991,doc_0e42,doc_0e42_chunk_0005,auth/jwt plugin
992,doc_0e42,doc_0e42_chunk_0005,slurmrestd logs
993,doc_0e42,doc_0e42_chunk_0005,unexpected URL character
994,doc_0e42,doc_0e42_chunk_0005,HTTP 400
995,doc_0e42,doc_0e42_chunk_0006,Slurmdb
996,doc_0e42,doc_0e42_chunk_0006,localhost:8080
997,doc_0e42,doc_0e42_chunk_0006,slurmdb/v0.0.40
998,doc_0e42,doc_0e42_chunk_0006,jobs
999,doc_0e42,doc_0e42_chunk_0006,submit_time
1000,doc_0e42,doc_0e42_chunk_0006,SLURM_JWT
1001,doc_0e42,doc_0e42_chunk_0006,JWT authentication
1002,doc_0e42,doc_0e42_chunk_0006,unset
1003,doc_0e42,doc_0e42_chunk_0006,SLURM_JWTLast
1004,doc_10c5,doc_10c5_chunk_0001,Locality domain
1005,doc_10c5,doc_10c5_chunk_0001,NUMA domain
1006,doc_10c5,doc_10c5_chunk_0001,BaseBoard
1007,doc_10c5,doc_10c5_chunk_0001,Socket
1008,doc_10c5,doc_10c5_chunk_0001,Core
1009,doc_10c5,doc_10c5_chunk_0001,Thread
1010,doc_10c5,doc_10c5_chunk_0001,Affinity
1011,doc_10c5,doc_10c5_chunk_0001,Affinity Mask
1012,doc_10c5,doc_10c5_chunk_0001,least significant bit
1013,doc_10c5,doc_10c5_chunk_0001,most significant bit
1014,doc_10c5,doc_10c5_chunk_0001,logical processor
1015,doc_10c5,doc_10c5_chunk_0001,Fat Masks
1016,doc_10c5,doc_10c5_chunk_0001,srun flags
1017,doc_10c5,doc_10c5_chunk_0001,--cpu-bind
1018,doc_10c5,doc_10c5_chunk_0001,low-level
1019,doc_10c5,doc_10c5_chunk_0001,explicit binding
1020,doc_10c5,doc_10c5_chunk_0001,--sockets-per-node
1021,doc_10c5,doc_10c5_chunk_0002,SLURM
1022,doc_10c5,doc_10c5_chunk_0002,srun
1023,doc_10c5,doc_10c5_chunk_0002,--sockets-per-node
1024,doc_10c5,doc_10c5_chunk_0002,SNumber
1025,doc_10c5,doc_10c5_chunk_0002,--cores-per-socket
1026,doc_10c5,doc_10c5_chunk_0002,C
1027,doc_10c5,doc_10c5_chunk_0002,--threads-per-core
1028,doc_10c5,doc_10c5_chunk_0002,T
1029,doc_10c5,doc_10c5_chunk_0002,--mem
1030,doc_10c5,doc_10c5_chunk_0002,--mem-per-cpu
1031,doc_10c5,doc_10c5_chunk_0002,TaskPlugin
1032,doc_10c5,doc_10c5_chunk_0002,slurm.conf
1033,doc_10c5,doc_10c5_chunk_0002,--cpu-bind
1034,doc_10c5,doc_10c5_chunk_0002,mask_cpu
1035,doc_10c5,doc_10c5_chunk_0002,--extra-node-info
1036,doc_10c5,doc_10c5_chunk_0002,Total cpus requested
1037,doc_10c5,doc_10c5_chunk_0003,srun
1038,doc_10c5,doc_10c5_chunk_0003,-n
1039,doc_10c5,doc_10c5_chunk_0003,-B
1040,doc_10c5,doc_10c5_chunk_0003,--cpu-bind
1041,doc_10c5,doc_10c5_chunk_0003,a.out
1042,doc_10c5,doc_10c5_chunk_0003,arbitrary
1043,doc_10c5,doc_10c5_chunk_0003,block
1044,doc_10c5,doc_10c5_chunk_0003,cyclic
1045,doc_10c5,doc_10c5_chunk_0003,plane
1046,doc_10c5,doc_10c5_chunk_0003,fcyclic
1047,doc_10c5,doc_10c5_chunk_0003,task distribution
1048,doc_10c5,doc_10c5_chunk_0003,--distribution
1049,doc_10c5,doc_10c5_chunk_0003,sockets
1050,doc_10c5,doc_10c5_chunk_0003,cores
1051,doc_10c5,doc_10c5_chunk_0003,threads
1052,doc_10c5,doc_10c5_chunk_0003,man srun
1053,doc_10c5,doc_10c5_chunk_0003,--cpu-bind=no
1054,doc_10c5,doc_10c5_chunk_0003,--cpu-bind=verbose
1055,doc_10c5,doc_10c5_chunk_0004,-N
1056,doc_10c5,doc_10c5_chunk_0004,-B
1057,doc_10c5,doc_10c5_chunk_0004,2:*:1
1058,doc_10c5,doc_10c5_chunk_0004,-m
1059,doc_10c5,doc_10c5_chunk_0004,block:cyclic
1060,doc_10c5,doc_10c5_chunk_0004,--cpu-bind=socket
1061,doc_10c5,doc_10c5_chunk_0004,a.out
1062,doc_10c5,doc_10c5_chunk_0004,srun
1063,doc_10c5,doc_10c5_chunk_0004,--cpu-bind=core
1064,doc_10c5,doc_10c5_chunk_0004,--mem
1065,doc_10c5,doc_10c5_chunk_0005,srun
1066,doc_10c5,doc_10c5_chunk_0005,--ntasks-per-node
1067,doc_10c5,doc_10c5_chunk_0005,--ntasks-per-socket
1068,doc_10c5,doc_10c5_chunk_0005,--ntasks-per-core
1069,doc_10c5,doc_10c5_chunk_0005,hostname
1070,doc_10c5,doc_10c5_chunk_0005,cluster
1071,doc_10c5,doc_10c5_chunk_0005,compute_bound
1072,doc_10c5,doc_10c5_chunk_0005,memory_bound
1073,doc_10c5,doc_10c5_chunk_0005,--hint
1074,doc_10c5,doc_10c5_chunk_0005,in-core multi-threading
1075,doc_10c5,doc_10c5_chunk_0005,hyperthreading
1076,doc_10c5,doc_10c5_chunk_0005,SMT
1077,doc_10c5,doc_10c5_chunk_0005,TMT
1078,doc_10c5,doc_10c5_chunk_0005,--cpu-bind
1079,doc_10c5,doc_10c5_chunk_0005,verbose
1080,doc_10c5,doc_10c5_chunk_0005,Slurm multi-core support
1081,doc_10c5,doc_10c5_chunk_0006,srun
1082,doc_10c5,doc_10c5_chunk_0006,--cpu-bind
1083,doc_10c5,doc_10c5_chunk_0006,affinity mask
1084,doc_10c5,doc_10c5_chunk_0006,hydra12
1085,doc_10c5,doc_10c5_chunk_0006,hydra13
1086,doc_10c5,doc_10c5_chunk_0006,task
1087,doc_10c5,doc_10c5_chunk_0006,man srun
1088,doc_10c5,doc_10c5_chunk_0006,high-level flags
1089,doc_10c5,doc_10c5_chunk_0006,Slurm
1090,doc_10c5,doc_10c5_chunk_0006,--distribution
1091,doc_10c5,doc_10c5_chunk_0006,block:cyclic
1092,doc_10c5,doc_10c5_chunk_0006,a.out
1093,doc_10c5,doc_10c5_chunk_0006,c0
1094,doc_10c5,doc_10c5_chunk_0006,c1
1095,doc_10c5,doc_10c5_chunk_0006,p0
1096,doc_10c5,doc_10c5_chunk_0006,p1
1097,doc_10c5,doc_10c5_chunk_0006,p2
1098,doc_10c5,doc_10c5_chunk_0007,CPU affinity
1099,doc_10c5,doc_10c5_chunk_0007,Slurm
1100,doc_10c5,doc_10c5_chunk_0007,--cpu-bind
1101,doc_10c5,doc_10c5_chunk_0007,core numbering
1102,doc_10c5,doc_10c5_chunk_0007,c0
1103,doc_10c5,doc_10c5_chunk_0007,c1
1104,doc_10c5,doc_10c5_chunk_0007,p0
1105,doc_10c5,doc_10c5_chunk_0007,p1
1106,doc_10c5,doc_10c5_chunk_0007,p2
1107,doc_10c5,doc_10c5_chunk_0007,p3
1108,doc_10c5,doc_10c5_chunk_0007,srun
1109,doc_10c5,doc_10c5_chunk_0007,-n
1110,doc_10c5,doc_10c5_chunk_0007,map_cpu
1111,doc_10c5,doc_10c5_chunk_0007,cyclic core numbering
1112,doc_10c5,doc_10c5_chunk_0007,/proc/cpuinfo
1113,doc_10c5,doc_10c5_chunk_0007,task IDs
1114,doc_10c5,doc_10c5_chunk_0007,a.out
1115,doc_10c5,doc_10c5_chunk_0008,srun
1116,doc_10c5,doc_10c5_chunk_0008,--cpu-bind
1117,doc_10c5,doc_10c5_chunk_0008,a.out
1118,doc_10c5,doc_10c5_chunk_0008,c0c1
1119,doc_10c5,doc_10c5_chunk_0008,p00
1120,doc_10c5,doc_10c5_chunk_0008,p21
1121,doc_10c5,doc_10c5_chunk_0008,p14
1122,doc_10c5,doc_10c5_chunk_0008,p35
1123,doc_10c5,doc_10c5_chunk_0008,sinfo
1124,doc_10c5,doc_10c5_chunk_0008,-l
1125,doc_10c5,doc_10c5_chunk_0008,-N
1126,doc_10c5,doc_10c5_chunk_0008,hydra
1127,doc_10c5,doc_10c5_chunk_0008,parts*
1128,doc_10c5,doc_10c5_chunk_0008,CPUs
1129,doc_10c5,doc_10c5_chunk_0008,sockets
1130,doc_10c5,doc_10c5_chunk_0008,cores
1131,doc_10c5,doc_10c5_chunk_0008,threads
1132,doc_10c5,doc_10c5_chunk_0008,%X
1133,doc_10c5,doc_10c5_chunk_0008,%Y
1134,doc_10c5,doc_10c5_chunk_0009,squeue
1135,doc_10c5,doc_10c5_chunk_0009,sbatch
1136,doc_10c5,doc_10c5_chunk_0009,JOBID
1137,doc_10c5,doc_10c5_chunk_0009,ST
1138,doc_10c5,doc_10c5_chunk_0009,TIME
1139,doc_10c5,doc_10c5_chunk_0009,NODES
1140,doc_10c5,doc_10c5_chunk_0009,SOCKETS
1141,doc_10c5,doc_10c5_chunk_0009,CORES
1142,doc_10c5,doc_10c5_chunk_0009,THREADS
1143,doc_10c5,doc_10c5_chunk_0009,NODELIST
1144,doc_10c5,doc_10c5_chunk_0009,scontrol
1145,doc_10c5,doc_10c5_chunk_0009,ReqSockets
1146,doc_10c5,doc_10c5_chunk_0009,ReqCores
1147,doc_10c5,doc_10c5_chunk_0009,ReqThreads
1148,doc_10c5,doc_10c5_chunk_0009,scontrol update
1149,doc_10c5,doc_10c5_chunk_0009,squeue -o
1150,doc_10c5,doc_10c5_chunk_0009,scontrol show job
1151,doc_10c5,doc_10c5_chunk_0010,Sid
1152,doc_10c5,doc_10c5_chunk_0010,hydra16
1153,doc_10c5,doc_10c5_chunk_0010,TimeLimit
1154,doc_10c5,doc_10c5_chunk_0010,RUNNING
1155,doc_10c5,doc_10c5_chunk_0010,StartTime
1156,doc_10c5,doc_10c5_chunk_0010,EndTime
1157,doc_10c5,doc_10c5_chunk_0010,NodeList
1158,doc_10c5,doc_10c5_chunk_0010,hydra[12-14]
1159,doc_10c5,doc_10c5_chunk_0010,NodeListIndices
1160,doc_10c5,doc_10c5_chunk_0010,AllocCPUs
1161,doc_10c5,doc_10c5_chunk_0010,NumCPUs
1162,doc_10c5,doc_10c5_chunk_0010,ReqNodes
1163,doc_10c5,doc_10c5_chunk_0010,ReqS:C: T
1164,doc_10c5,doc_10c5_chunk_0010,OverSubscribe
1165,doc_10c5,doc_10c5_chunk_0010,Contiguous
1166,doc_10c5,doc_10c5_chunk_0010,CPUs/task
1167,doc_16b3,doc_16b3_chunk_0001,GRES
1168,doc_16b3,doc_16b3_chunk_0001,Slurm
1169,doc_16b3,doc_16b3_chunk_0001,scontrol show job
1170,doc_16b3,doc_16b3_chunk_0001,gres_list
1171,doc_16b3,doc_16b3_chunk_0001,gpu
1172,doc_16b3,doc_16b3_chunk_0001,nic
1173,doc_16b3,doc_16b3_chunk_0001,gres_node_state_t
1174,doc_16b3,doc_16b3_chunk_0001,gres_job_state_t
1175,doc_16b3,doc_16b3_chunk_0001,gres_step_state_t
1176,doc_16b3,doc_16b3_chunk_0001,src/common/gres.h
1177,doc_16b3,doc_16b3_chunk_0001,ID number
1178,doc_16b3,doc_16b3_chunk_0001,string variable named gres
1179,doc_16b3,doc_16b3_chunk_0001,program use only
1180,doc_16b3,doc_16b3_chunk_0002,GRES
1181,doc_16b3,doc_16b3_chunk_0002,gres_list
1182,doc_16b3,doc_16b3_chunk_0002,gres_data
1183,doc_16b3,doc_16b3_chunk_0002,gres_job_state_t
1184,doc_16b3,doc_16b3_chunk_0002,gres_count
1185,doc_16b3,doc_16b3_chunk_0002,node_count
1186,doc_16b3,doc_16b3_chunk_0002,gres_bitmap
1187,doc_16b3,doc_16b3_chunk_0002,gres_count_allocated_to_steps
1188,doc_16b3,doc_16b3_chunk_0002,gres_bitmap_allocated_to_steps
1189,doc_16b3,doc_16b3_chunk_0002,slurmd
1190,doc_16b3,doc_16b3_chunk_0002,slurmctld
1191,doc_16b3,doc_16b3_chunk_0002,node_config_load
1192,doc_16b3,doc_16b3_chunk_0002,node_registration
1193,doc_16b3,doc_16b3_chunk_0003,GRES
1194,doc_16b3,doc_16b3_chunk_0003,job allocation
1195,doc_16b3,doc_16b3_chunk_0003,job step
1196,doc_16b3,doc_16b3_chunk_0003,array
1197,doc_16b3,doc_16b3_chunk_0003,node index
1198,doc_16b3,doc_16b3_chunk_0003,slurmd daemon
1199,doc_16b3,doc_16b3_chunk_0003,Linux cgroups
1200,doc_16b3,doc_16b3_chunk_0003,job_set_env()
1201,doc_16b3,doc_16b3_chunk_0003,step_set_env()
1202,doc_16b3,doc_16b3_chunk_0003,CUDA libraries
1203,doc_16b3,doc_16b3_chunk_0003,DebugFlags
1204,doc_16b3,doc_16b3_chunk_0003,GRES state changes
1205,doc_16b3,doc_16b3_chunk_0003,larger clusters
1206,doc_193a,doc_193a_chunk_0001,Configless Slurm
1207,doc_193a,doc_193a_chunk_0001,slurmd process
1208,doc_193a,doc_193a_chunk_0001,slurmctld
1209,doc_193a,doc_193a_chunk_0001,Slurm controllers
1210,doc_193a,doc_193a_chunk_0001,DNS SRV records
1211,doc_193a,doc_193a_chunk_0001,login nodes
1212,doc_193a,doc_193a_chunk_0001,slurmd startup
1213,doc_193a,doc_193a_chunk_0001,slurmctld identification
1214,doc_193a,doc_193a_chunk_0001,sackd
1215,doc_193a,doc_193a_chunk_0001,Slurm 20.02
1216,doc_193a,doc_193a_chunk_0001,slurm.conf
1217,doc_193a,doc_193a_chunk_0001,SlurmctldParameters
1218,doc_193a,doc_193a_chunk_0001,enable_configless
1219,doc_193a,doc_193a_chunk_0001,slurmctld configuration
1220,doc_193a,doc_193a_chunk_0002,slurmd
1221,doc_193a,doc_193a_chunk_0002,--conf-server
1222,doc_193a,doc_193a_chunk_0002,slurmctld
1223,doc_193a,doc_193a_chunk_0002,slurmctl-primary
1224,doc_193a,doc_193a_chunk_0002,slurmctl-secondary
1225,doc_193a,doc_193a_chunk_0002,DNS SRV record
1226,doc_193a,doc_193a_chunk_0002,_slurmctld._tcp
1227,doc_193a,doc_193a_chunk_0002,SlurmdSpoolDir
1228,doc_193a,doc_193a_chunk_0002,/conf-cache/
1229,doc_193a,doc_193a_chunk_0002,/run/slurm/conf
1230,doc_193a,doc_193a_chunk_0002,scontrol reconfig
1231,doc_193a,doc_193a_chunk_0002,slurm.conf
1232,doc_193a,doc_193a_chunk_0002,slurmctld node
1233,doc_193a,doc_193a_chunk_0002,%n
1234,doc_193a,doc_193a_chunk_0003,slurmd
1235,doc_193a,doc_193a_chunk_0003,systemd
1236,doc_193a,doc_193a_chunk_0003,ConditionPathExists
1237,doc_193a,doc_193a_chunk_0003,slurmd.service
1238,doc_193a,doc_193a_chunk_0003,slurm 20.02
1239,doc_193a,doc_193a_chunk_0003,Include
1240,doc_193a,doc_193a_chunk_0003,slurm.conf
1241,doc_193a,doc_193a_chunk_0003,Prolog
1242,doc_193a,doc_193a_chunk_0003,Epilog
1243,doc_193a,doc_193a_chunk_0003,slurm.conf order
1244,doc_193a,doc_193a_chunk_0003,slurmd --conf-server
1245,doc_193a,doc_193a_chunk_0003,-f $config_file
1246,doc_193a,doc_193a_chunk_0003,SLURM_CONF
1247,doc_193a,doc_193a_chunk_0003,SLURM_CONF_environment variable
1248,doc_1988,doc_1988_chunk_0001,Slurm
1249,doc_1988,doc_1988_chunk_0001,timesliced gang scheduling
1250,doc_1988,doc_1988_chunk_0001,preemptive job scheduling
1251,doc_1988,doc_1988_chunk_0001,PriorityTier
1252,doc_1988,doc_1988_chunk_0001,PreemptionModes
1253,doc_1988,doc_1988_chunk_0001,SUSPEND
1254,doc_1988,doc_1988_chunk_0001,Gang scheduler
1255,doc_1988,doc_1988_chunk_0001,SchedulerTimeslice
1256,doc_1988,doc_1988_chunk_0001,partition
1257,doc_1988,doc_1988_chunk_0001,local backfilling
1258,doc_1988,doc_1988_chunk_0001,heterogeneous jobs
1259,doc_1988,doc_1988_chunk_0001,workload manager
1260,doc_1988,doc_1988_chunk_0001,throughput
1261,doc_1988,doc_1988_chunk_0001,resources overcommitment
1262,doc_1988,doc_1988_chunk_0001,SchedulerTimeslice interval
1263,doc_1988,doc_1988_chunk_0002,Heterogeneous jobs
1264,doc_1988,doc_1988_chunk_0002,SelectType
1265,doc_1988,doc_1988_chunk_0002,Slurm gang scheduler
1266,doc_1988,doc_1988_chunk_0002,select/linear plugin
1267,doc_1988,doc_1988_chunk_0002,socket/core/CPU resources
1268,doc_1988,doc_1988_chunk_0002,select/cons_tres plugin
1269,doc_1988,doc_1988_chunk_0002,resource selection plugin
1270,doc_1988,doc_1988_chunk_0002,CR_Memory
1271,doc_1988,doc_1988_chunk_0002,DefMemPerCPU
1272,doc_1988,doc_1988_chunk_0002,DefMemPerNode
1273,doc_1988,doc_1988_chunk_0002,MaxMemPerCPU
1274,doc_1988,doc_1988_chunk_0002,MaxMemPerNode
1275,doc_1988,doc_1988_chunk_0002,--mem
1276,doc_1988,doc_1988_chunk_0002,--mem-per-cpu
1277,doc_1988,doc_1988_chunk_0003,Slurm
1278,doc_1988,doc_1988_chunk_0003,slurm.conf
1279,doc_1988,doc_1988_chunk_0003,PreemptMode
1280,doc_1988,doc_1988_chunk_0003,GANG
1281,doc_1988,doc_1988_chunk_0003,Gang scheduling
1282,doc_1988,doc_1988_chunk_0003,partition level
1283,doc_1988,doc_1988_chunk_0003,PreemptType
1284,doc_1988,doc_1988_chunk_0003,Suspend
1285,doc_1988,doc_1988_chunk_0003,PriorityTier
1286,doc_1988,doc_1988_chunk_0003,SchedulerTimeSlice
1287,doc_1988,doc_1988_chunk_0003,SchedulerTimeSlice interval
1288,doc_1988,doc_1988_chunk_0003,OverSubscribe
1289,doc_1988,doc_1988_chunk_0003,FORCE
1290,doc_1988,doc_1988_chunk_0003,max_share
1291,doc_1988,doc_1988_chunk_0003,compute resource
1292,doc_1988,doc_1988_chunk_0003,timeslicing
1293,doc_1988,doc_1988_chunk_0004,OverSubscribe
1294,doc_1988,doc_1988_chunk_0004,FORCE:2
1295,doc_1988,doc_1988_chunk_0004,Slurm
1296,doc_1988,doc_1988_chunk_0004,scontrol reconfig
1297,doc_1988,doc_1988_chunk_0004,gang scheduler
1298,doc_1988,doc_1988_chunk_0004,active bitmap
1299,doc_1988,doc_1988_chunk_0004,partition
1300,doc_1988,doc_1988_chunk_0004,Slurm cluster
1301,doc_1988,doc_1988_chunk_0004,SchedulerTimeSlice
1302,doc_1988,doc_1988_chunk_0004,timeslicer thread
1303,doc_1988,doc_1988_chunk_0004,job queue
1304,doc_1988,doc_1988_chunk_0004,suspended jobs
1305,doc_1988,doc_1988_chunk_0004,run queue
1306,doc_1988,doc_1988_chunk_0005,active bitmap
1307,doc_1988,doc_1988_chunk_0005,suspended job
1308,doc_1988,doc_1988_chunk_0005,run queue
1309,doc_1988,doc_1988_chunk_0005,squeue
1310,doc_1988,doc_1988_chunk_0005,scontrol
1311,doc_1988,doc_1988_chunk_0005,scontrol suspend
1312,doc_1988,doc_1988_chunk_0005,scontrol resume
1313,doc_1988,doc_1988_chunk_0005,timeslicer thread
1314,doc_1988,doc_1988_chunk_0005,SchedulerTimeSlice
1315,doc_1988,doc_1988_chunk_0005,SchedulerType
1316,doc_1988,doc_1988_chunk_0005,select/linear
1317,doc_1988,doc_1988_chunk_0005,OverSubscribe
1318,doc_1988,doc_1988_chunk_0005,FORCE
1319,doc_1988,doc_1988_chunk_0005,sinfo
1320,doc_1988,doc_1988_chunk_0005,PARTITION
1321,doc_1988,doc_1988_chunk_0005,scontrol show config
1322,doc_1988,doc_1988_chunk_0005,PreemptMode
1323,doc_1988,doc_1988_chunk_0006,sbatch
1324,doc_1988,doc_1988_chunk_0006,srun
1325,doc_1988,doc_1988_chunk_0006,myload
1326,doc_1988,doc_1988_chunk_0006,PARTITION
1327,doc_1988,doc_1988_chunk_0006,NODES
1328,doc_1988,doc_1988_chunk_0006,NODELIST
1329,doc_1988,doc_1988_chunk_0006,n
1330,doc_1988,doc_1988_chunk_0006,timeslicer algorithm
1331,doc_1988,doc_1988_chunk_0006,jobstep
1332,doc_1988,doc_1988_chunk_0006,allocation
1333,doc_1988,doc_1988_chunk_0006,slurm-4.out
1334,doc_1988,doc_1988_chunk_0006,R
1335,doc_1988,doc_1988_chunk_0006,S
1336,doc_1988,doc_1988_chunk_0006,job 10
1337,doc_1988,doc_1988_chunk_0006,job 9
1338,doc_1988,doc_1988_chunk_0006,job 11
1339,doc_1988,doc_1988_chunk_0007,sbatch
1340,doc_1988,doc_1988_chunk_0007,JOBID
1341,doc_1988,doc_1988_chunk_0007,PARTITION
1342,doc_1988,doc_1988_chunk_0007,NAME
1343,doc_1988,doc_1988_chunk_0007,USER
1344,doc_1988,doc_1988_chunk_0007,ST
1345,doc_1988,doc_1988_chunk_0007,TIME
1346,doc_1988,doc_1988_chunk_0007,NODES
1347,doc_1988,doc_1988_chunk_0007,NODELIST
1348,doc_1988,doc_1988_chunk_0007,myload
1349,doc_1988,doc_1988_chunk_0007,sbatch -N
1350,doc_1988,doc_1988_chunk_0007,overcommit
1351,doc_1988,doc_1988_chunk_0007,OverSubscribe
1352,doc_1988,doc_1988_chunk_0007,CR_CPU
1353,doc_1988,doc_1988_chunk_0007,CR_Core
1354,doc_1988,doc_1988_chunk_0007,task affinity
1355,doc_1988,doc_1988_chunk_0007,timeslicer
1356,doc_1988,doc_1988_chunk_0007,SelectTypeParameters
1357,doc_1988,doc_1988_chunk_0008,2 CPUs
1358,doc_1988,doc_1988_chunk_0008,quad-core processors
1359,doc_1988,doc_1988_chunk_0008,timeslicer
1360,doc_1988,doc_1988_chunk_0008,SelectTypeParameters
1361,doc_1988,doc_1988_chunk_0008,CR_Core_Memory
1362,doc_1988,doc_1988_chunk_0008,CR_CPU_Memory
1363,doc_1988,doc_1988_chunk_0008,sinfo
1364,doc_1988,doc_1988_chunk_0008,scontrol show config
1365,doc_1988,doc_1988_chunk_0008,select/cons_tres
1366,doc_1988,doc_1988_chunk_0008,idle
1367,doc_1988,doc_1988_chunk_0008,n[12-16]
1368,doc_1988,doc_1988_chunk_0008,countable resources
1369,doc_1988,doc_1988_chunk_0009,sinfo
1370,doc_1988,doc_1988_chunk_0009,Slurm
1371,doc_1988,doc_1988_chunk_0009,Linux kernel
1372,doc_1988,doc_1988_chunk_0009,CR_Core_Memory
1373,doc_1988,doc_1988_chunk_0009,CPU binding
1374,doc_1988,doc_1988_chunk_0009,CR_CPU_Memory
1375,doc_1988,doc_1988_chunk_0009,scontrol suspend
1376,doc_1988,doc_1988_chunk_0009,scontrol
1377,doc_1988,doc_1988_chunk_0009,scancel
1378,doc_1988,doc_1988_chunk_0009,SIGSTOP
1379,doc_1988,doc_1988_chunk_0009,SIGCONT
1380,doc_1988,doc_1988_chunk_0009,gang scheduling
1381,doc_1988,doc_1988_chunk_0009,job allocation
1382,doc_1988,doc_1988_chunk_0009,manually suspending a job
1383,doc_2247,doc_2247_chunk_0001,Slurm
1384,doc_2247,doc_2247_chunk_0001,SchedMD
1385,doc_2247,doc_2247_chunk_0001,slurm-announce@schedmd.com
1386,doc_2247,doc_2247_chunk_0001,slurm-users@schedmd.com
1387,doc_2247,doc_2247_chunk_0001,slurm-dev@schedmd.com
1388,doc_2247,doc_2247_chunk_0001,Mailman interface
1389,doc_2247,doc_2247_chunk_0001,slurm-users archive
1390,doc_2247,doc_2247_chunk_0001,groups.google.com
1391,doc_2329,doc_2329_chunk_0001,Slurm
1392,doc_2329,doc_2329_chunk_0001,PMI-1
1393,doc_2329,doc_2329_chunk_0001,PMI-2
1394,doc_2329,doc_2329_chunk_0001,PMIx
1395,doc_2329,doc_2329_chunk_0001,srun
1396,doc_2329,doc_2329_chunk_0001,mpirun
1397,doc_2329,doc_2329_chunk_0001,Slurm's infrastructure
1398,doc_2329,doc_2329_chunk_0001,SSH
1399,doc_2329,doc_2329_chunk_0001,RSH
1400,doc_2329,doc_2329_chunk_0001,epilog
1401,doc_2329,doc_2329_chunk_0001,pam_slurm_adopt
1402,doc_2329,doc_2329_chunk_0001,Slurm's monitoring
1403,doc_2329,doc_2329_chunk_0001,slurm.conf
1404,doc_2329,doc_2329_chunk_0001,MpiDefault
1405,doc_2329,doc_2329_chunk_0001,SLURM_MPI_TYPE
1406,doc_2329,doc_2329_chunk_0002,mpi.conf
1407,doc_2329,doc_2329_chunk_0002,Slurm plugin
1408,doc_2329,doc_2329_chunk_0002,PMI plugins
1409,doc_2329,doc_2329_chunk_0002,slurm-libpmi
1410,doc_2329,doc_2329_chunk_0002,pmix-libpmi
1411,doc_2329,doc_2329_chunk_0002,hwloc
1412,doc_2329,doc_2329_chunk_0002,versions 2.5.0 through 2.7.0
1413,doc_2329,doc_2329_chunk_0002,hwloc version 2.7.1
1414,doc_2329,doc_2329_chunk_0002,PMIx
1415,doc_2329,doc_2329_chunk_0002,Open MPI
1416,doc_2329,doc_2329_chunk_0002,Intel-MPI
1417,doc_2329,doc_2329_chunk_0002,MPICH
1418,doc_2329,doc_2329_chunk_0002,MVAPICH2
1419,doc_2329,doc_2329_chunk_0003,Slurm
1420,doc_2329,doc_2329_chunk_0003,Slurm 16.05
1421,doc_2329,doc_2329_chunk_0003,Slurm 20.11+
1422,doc_2329,doc_2329_chunk_0003,Slurm 22.05+
1423,doc_2329,doc_2329_chunk_0003,PMIx
1424,doc_2329,doc_2329_chunk_0003,PMIx v1.2
1425,doc_2329,doc_2329_chunk_0003,PMIx v2.x
1426,doc_2329,doc_2329_chunk_0003,PMIx v3.x
1427,doc_2329,doc_2329_chunk_0003,PMIx v4.x
1428,doc_2329,doc_2329_chunk_0003,PMIx v5.x
1429,doc_2329,doc_2329_chunk_0003,--with-pmix
1430,doc_2329,doc_2329_chunk_0003,/usr
1431,doc_2329,doc_2329_chunk_0004,Slurm
1432,doc_2329,doc_2329_chunk_0004,PMIx
1433,doc_2329,doc_2329_chunk_0004,srun
1434,doc_2329,doc_2329_chunk_0004,--mpi
1435,doc_2329,doc_2329_chunk_0004,pmi2
1436,doc_2329,doc_2329_chunk_0004,pmix_v3
1437,doc_2329,doc_2329_chunk_0004,pmix_v4
1438,doc_2329,doc_2329_chunk_0004,OpenMPI
1439,doc_2329,doc_2329_chunk_0004,libpmi.so
1440,doc_2329,doc_2329_chunk_0004,libpmi2.so
1441,doc_2329,doc_2329_chunk_0004,slurm.conf
1442,doc_2329,doc_2329_chunk_0004,TmpFS
1443,doc_2329,doc_2329_chunk_0004,/usr/lib64
1444,doc_2329,doc_2329_chunk_0004,package manager
1445,doc_2329,doc_2329_chunk_0004,authentication issues
1446,doc_2329,doc_2329_chunk_0005,Open MPI
1447,doc_2329,doc_2329_chunk_0005,PMIx
1448,doc_2329,doc_2329_chunk_0005,srun
1449,doc_2329,doc_2329_chunk_0005,--mpi=pmix
1450,doc_2329,doc_2329_chunk_0005,slurm.conf
1451,doc_2329,doc_2329_chunk_0005,MpiDefault
1452,doc_2329,doc_2329_chunk_0005,slurm PMIx plugin
1453,doc_2329,doc_2329_chunk_0005,mpi.conf
1454,doc_2329,doc_2329_chunk_0005,MPI_Comm_spawn
1455,doc_2329,doc_2329_chunk_0005,another MPI implementation
1456,doc_2329,doc_2329_chunk_0005,PMI-2
1457,doc_2329,doc_2329_chunk_0005,segmentation fault
1458,doc_2329,doc_2329_chunk_0005,LimitMEMLOCK
1459,doc_2329,doc_2329_chunk_0005,slurmd daemon
1460,doc_2329,doc_2329_chunk_0006,mpirun
1461,doc_2329,doc_2329_chunk_0006,Hydra PM
1462,doc_2329,doc_2329_chunk_0006,srun
1463,doc_2329,doc_2329_chunk_0006,Slurm
1464,doc_2329,doc_2329_chunk_0006,Intel MPI Library
1465,doc_2329,doc_2329_chunk_0006,PMI-1
1466,doc_2329,doc_2329_chunk_0006,PMI-2
1467,doc_2329,doc_2329_chunk_0006,PMIx
1468,doc_2329,doc_2329_chunk_0006,salloc
1469,doc_2329,doc_2329_chunk_0006,--exclusive
1470,doc_2329,doc_2329_chunk_0006,slurm.conf
1471,doc_2329,doc_2329_chunk_0006,I_MPI_PMI_LIBRARY
1472,doc_2329,doc_2329_chunk_0006,I_MPI_HYDRA_BOOTSTRAP
1473,doc_2329,doc_2329_chunk_0006,sbatch
1474,doc_2329,doc_2329_chunk_0007,Slurm
1475,doc_2329,doc_2329_chunk_0007,PMI-2
1476,doc_2329,doc_2329_chunk_0007,libpmi2.so
1477,doc_2329,doc_2329_chunk_0007,salloc
1478,doc_2329,doc_2329_chunk_0007,--exclusive
1479,doc_2329,doc_2329_chunk_0007,sbatch
1480,doc_2329,doc_2329_chunk_0007,srun
1481,doc_2329,doc_2329_chunk_0007,user_app.bin
1482,doc_2329,doc_2329_chunk_0007,I_MPI_PMI_LIBRARY
1483,doc_2329,doc_2329_chunk_0007,MPI
1484,doc_2329,doc_2329_chunk_0007,IMPI
1485,doc_2329,doc_2329_chunk_0007,Intel
1486,doc_2329,doc_2329_chunk_0007,OMPI
1487,doc_2329,doc_2329_chunk_0007,MPICH
1488,doc_2329,doc_2329_chunk_0007,MPICH2
1489,doc_2329,doc_2329_chunk_0007,PMI-1
1490,doc_2329,doc_2329_chunk_0008,Slurm
1491,doc_2329,doc_2329_chunk_0008,srun
1492,doc_2329,doc_2329_chunk_0008,sbatch
1493,doc_2329,doc_2329_chunk_0008,salloc
1494,doc_2329,doc_2329_chunk_0008,slurm.conf
1495,doc_2329,doc_2329_chunk_0008,MpiParams
1496,doc_2329,doc_2329_chunk_0008,mpirun
1497,doc_2329,doc_2329_chunk_0008,mpiexec
1498,doc_2329,doc_2329_chunk_0008,Hydra
1499,doc_2329,doc_2329_chunk_0008,HYDRA_BOOTSTRAP
1500,doc_2329,doc_2329_chunk_0008,ssh
1501,doc_2329,doc_2329_chunk_0008,LD_LIBRARY_PATH
1502,doc_2329,doc_2329_chunk_0008,PMI-1
1503,doc_2329,doc_2329_chunk_0008,PMI-2
1504,doc_2329,doc_2329_chunk_0008,configure
1505,doc_2329,doc_2329_chunk_0008,hello_world
1506,doc_2329,doc_2329_chunk_0009,Slurm
1507,doc_2329,doc_2329_chunk_0009,RELEASE_NOTES
1508,doc_2329,doc_2329_chunk_0009,PMI-1
1509,doc_2329,doc_2329_chunk_0009,srun
1510,doc_2329,doc_2329_chunk_0009,mpiexec.hydra
1511,doc_2329,doc_2329_chunk_0009,mpich-4.0.2
1512,doc_2329,doc_2329_chunk_0009,/home/user/bin/mpich/
1513,doc_2329,doc_2329_chunk_0009,--prefix
1514,doc_2329,doc_2329_chunk_0009,--with-slurm
1515,doc_2329,doc_2329_chunk_0009,/home/user/slurm/22.05/inst
1516,doc_2329,doc_2329_chunk_0009,mpiexec
1517,doc_2329,doc_2329_chunk_0009,hello_world
1518,doc_2329,doc_2329_chunk_0010,Slurm
1519,doc_2329,doc_2329_chunk_0010,srun
1520,doc_2329,doc_2329_chunk_0010,sbatch
1521,doc_2329,doc_2329_chunk_0010,salloc
1522,doc_2329,doc_2329_chunk_0010,MVAPICH2
1523,doc_2329,doc_2329_chunk_0010,mpirun
1524,doc_2329,doc_2329_chunk_0010,mpiexec
1525,doc_2329,doc_2329_chunk_0010,PMI-1
1526,doc_2329,doc_2329_chunk_0010,PMI-2
1527,doc_2329,doc_2329_chunk_0010,PMIx
1528,doc_2329,doc_2329_chunk_0010,pmi2
1529,doc_2329,doc_2329_chunk_0010,pmi1
1530,doc_2329,doc_2329_chunk_0010,configure
1531,doc_2329,doc_2329_chunk_0010,slurm.conf
1532,doc_2329,doc_2329_chunk_0010,--mpi
1533,doc_2329,doc_2329_chunk_0010,hello_world
1534,doc_2329,doc_2329_chunk_0011,MVAPICH2
1535,doc_2329,doc_2329_chunk_0011,--with-slurm
1536,doc_2329,doc_2329_chunk_0011,Slurm
1537,doc_2329,doc_2329_chunk_0011,PMI-1
1538,doc_2329,doc_2329_chunk_0011,PMI-2
1539,doc_2329,doc_2329_chunk_0011,HPE Cray PMI
1540,doc_2329,doc_2329_chunk_0011,cray_shasta
1541,doc_2329,doc_2329_chunk_0011,srun
1542,doc_2329,doc_2329_chunk_0011,--mpi=list
1543,doc_2329,doc_2329_chunk_0011,MPI plugin types
1544,doc_2329,doc_2329_chunk_0011,--resv-ports
1545,doc_2329,doc_2329_chunk_0011,slurm.conf
1546,doc_2329,doc_2329_chunk_0011,MpiParams
1547,doc_2329,doc_2329_chunk_0011,port_range
1548,doc_2329,doc_2329_chunk_0011,PMI control port
1549,doc_236f,doc_236f_chunk_0001,Slurm
1550,doc_236f,doc_236f_chunk_0001,Operator
1551,doc_236f,doc_236f_chunk_0001,user permissions
1552,doc_236f,doc_236f_chunk_0001,database object
1553,doc_236f,doc_236f_chunk_0001,PrivateData flag
1554,doc_236f,doc_236f_chunk_0001,Reservations
1555,doc_236f,doc_236f_chunk_0001,AdminLevel
1556,doc_236f,doc_236f_chunk_0001,Admin
1557,doc_236f,doc_236f_chunk_0001,slurmctld
1558,doc_236f,doc_236f_chunk_0001,SlurmUser
1559,doc_236f,doc_236f_chunk_0001,root
1560,doc_236f,doc_236f_chunk_0001,Coordinator
1561,doc_236f,doc_236f_chunk_0001,account manager
1562,doc_236f,doc_236f_chunk_0001,sacctmgr
1563,doc_236f,doc_236f_chunk_0001,sacctmgr man page
1564,doc_236f,doc_236f_chunk_0001,account realm
1565,doc_236f,doc_236f_chunk_0001,job limits
1566,doc_236f,doc_236f_chunk_0001,Slurm's database
1567,doc_2660,doc_2660_chunk_0001,Slurm
1568,doc_2660,doc_2660_chunk_0001,version 21.08
1569,doc_2660,doc_2660_chunk_0001,SELinux context
1570,doc_2660,doc_2660_chunk_0001,salloc
1571,doc_2660,doc_2660_chunk_0001,sbatch
1572,doc_2660,doc_2660_chunk_0001,srun
1573,doc_2660,doc_2660_chunk_0001,--context
1574,doc_2660,doc_2660_chunk_0001,job_submit plugin
1575,doc_2660,doc_2660_chunk_0001,slurmctld
1576,doc_2660,doc_2660_chunk_0001,MUNGE
1577,doc_2660,doc_2660_chunk_0001,configure
1578,doc_2660,doc_2660_chunk_0001,libselinux1
1579,doc_2660,doc_2660_chunk_0001,development headers
1580,doc_2660,doc_2660_chunk_0001,job_desc.req_context
1581,doc_2660,doc_2660_chunk_0001,job_desc.selinux_context
1582,doc_2660,doc_2660_chunk_0002,SLURM
1583,doc_2660,doc_2660_chunk_0002,job_desc
1584,doc_2660,doc_2660_chunk_0002,selinux_context
1585,doc_2660,doc_2660_chunk_0002,req_context
1586,doc_2660,doc_2660_chunk_0002,id
1587,doc_2660,doc_2660_chunk_0002,srun
1588,doc_2660,doc_2660_chunk_0002,unconfined_u
1589,doc_2660,doc_2660_chunk_0002,unconfined_r
1590,doc_2660,doc_2660_chunk_0002,unconfined_t
1591,doc_2660,doc_2660_chunk_0002,slurm_t
1592,doc_2660,doc_2660_chunk_0002,admin_comment
1593,doc_2660,doc_2660_chunk_0002,SELinuxContext
1594,doc_2660,doc_2660_chunk_0002,pam_slurm_adopt
1595,doc_2660,doc_2660_chunk_0002,pam_slurm_adopt documentation
1596,doc_2770,doc_2770_chunk_0001,Slurm
1597,doc_2770,doc_2770_chunk_0001,default_queue_depth
1598,doc_2770,doc_2770_chunk_0001,sched_interval
1599,doc_2770,doc_2770_chunk_0001,partition_job_depth
1600,doc_2770,doc_2770_chunk_0001,priority order
1601,doc_2770,doc_2770_chunk_0001,backfill scheduling plugin
1602,doc_2770,doc_2770_chunk_0001,SchedulerType
1603,doc_2770,doc_2770_chunk_0001,sched/backfill
1604,doc_2770,doc_2770_chunk_0001,sched/builtin
1605,doc_2770,doc_2770_chunk_0001,SchedulerParameters
1606,doc_2770,doc_2770_chunk_0001,slurm.conf(5)
1607,doc_2770,doc_2770_chunk_0001,default_queue_depth=#
1608,doc_2770,doc_2770_chunk_0001,100 jobs
1609,doc_2770,doc_2770_chunk_0002,defer
1610,doc_2770,doc_2770_chunk_0002,max_switch_wait
1611,doc_2770,doc_2770_chunk_0002,partition_job_depth
1612,doc_2770,doc_2770_chunk_0002,sched_interval
1613,doc_2770,doc_2770_chunk_0002,backfill Scheduling
1614,doc_2770,doc_2770_chunk_0002,backfill scheduling plugin
1615,doc_2770,doc_2770_chunk_0002,priority order
1616,doc_2770,doc_2770_chunk_0002,system utilization
1617,doc_2770,doc_2770_chunk_0002,responsiveness
1618,doc_2770,doc_2770_chunk_0002,Slurm's backfill scheduler
1619,doc_2770,doc_2770_chunk_0002,running jobs
1620,doc_2770,doc_2770_chunk_0002,time limits
1621,doc_2770,doc_2770_chunk_0002,Slurm
1622,doc_2770,doc_2770_chunk_0003,Slurm
1623,doc_2770,doc_2770_chunk_0003,backfill scheduler
1624,doc_2770,doc_2770_chunk_0003,squeue
1625,doc_2770,doc_2770_chunk_0003,--start
1626,doc_2770,doc_2770_chunk_0003,job preemption
1627,doc_2770,doc_2770_chunk_0003,gang scheduling
1628,doc_2770,doc_2770_chunk_0003,generic resource
1629,doc_2770,doc_2770_chunk_0003,GRES
1630,doc_2770,doc_2770_chunk_0003,memory requirements
1631,doc_2770,doc_2770_chunk_0003,Planned state
1632,doc_2770,doc_2770_chunk_0003,squeue --start command
1633,doc_2770,doc_2770_chunk_0003,whole nodes
1634,doc_2770,doc_2770_chunk_0003,job-partition pairs
1635,doc_2770,doc_2770_chunk_0003,DefaultTime
1636,doc_2770,doc_2770_chunk_0003,MaxTime
1637,doc_2770,doc_2770_chunk_0003,OverTimeLimit
1638,doc_2770,doc_2770_chunk_0003,SchedulerParameters
1639,doc_2770,doc_2770_chunk_0004,Slurm
1640,doc_2770,doc_2770_chunk_0004,backfill scheduling
1641,doc_2770,doc_2770_chunk_0004,SchedulerParameters
1642,doc_2770,doc_2770_chunk_0004,bf_continue
1643,doc_2770,doc_2770_chunk_0004,bf_interval
1644,doc_2770,doc_2770_chunk_0004,bf_max_job_part
1645,doc_2770,doc_2770_chunk_0004,bf_max_job_start
1646,doc_2770,doc_2770_chunk_0004,bf_max_job_test
1647,doc_2770,doc_2770_chunk_0004,slurm.conf(5)
1648,doc_2770,doc_2770_chunk_0005,bf_max_job_test
1649,doc_2770,doc_2770_chunk_0005,bf_max_job_user
1650,doc_2770,doc_2770_chunk_0005,bf_max_time
1651,doc_2770,doc_2770_chunk_0005,bf_one_resv_per_job
1652,doc_2770,doc_2770_chunk_0005,backfill scheduler
1653,doc_2770,doc_2770_chunk_0005,backfill reservation
1654,doc_2770,doc_2770_chunk_0005,job-partition pair
1655,doc_2770,doc_2770_chunk_0005,bf_resolution
1656,doc_2770,doc_2770_chunk_0006,bf_resolution
1657,doc_2770,doc_2770_chunk_0006,backfill scheduling
1658,doc_2770,doc_2770_chunk_0006,60 seconds
1659,doc_2770,doc_2770_chunk_0006,bf_window
1660,doc_2770,doc_2770_chunk_0006,minutes
1661,doc_2770,doc_2770_chunk_0006,1440 minutes
1662,doc_2770,doc_2770_chunk_0006,one day
1663,doc_2770,doc_2770_chunk_0006,bf_yield_interval
1664,doc_2770,doc_2770_chunk_0006,"2,000,000 microseconds"
1665,doc_2770,doc_2770_chunk_0006,2 seconds
1666,doc_2770,doc_2770_chunk_0006,bf_yield_sleep
1667,doc_2770,doc_2770_chunk_0006,microseconds
1668,doc_2770,doc_2770_chunk_0007,locks
1669,doc_2770,doc_2770_chunk_0007,microseconds
1670,doc_2770,doc_2770_chunk_0007,time
1671,doc_2770,doc_2770_chunk_0007,default value
1672,doc_2770,doc_2770_chunk_0007,0.5 seconds
1673,doc_289e,doc_289e_chunk_0001,Slurm
1674,doc_289e,doc_289e_chunk_0001,sacctmgr
1675,doc_289e,doc_289e_chunk_0001,--qos=
1676,doc_289e,doc_289e_chunk_0001,sbatch
1677,doc_289e,doc_289e_chunk_0001,salloc
1678,doc_289e,doc_289e_chunk_0001,srun
1679,doc_289e,doc_289e_chunk_0001,scheduling priority
1680,doc_289e,doc_289e_chunk_0001,priority/multifactor plugin
1681,doc_289e,doc_289e_chunk_0001,PriorityWeightQOS
1682,doc_289e,doc_289e_chunk_0001,slurm.conf
1683,doc_289e,doc_289e_chunk_0001,PreemptType
1684,doc_289e,doc_289e_chunk_0001,Preemption
1685,doc_289e,doc_289e_chunk_0001,Partition QOS
1686,doc_289e,doc_289e_chunk_0001,Relative QOS
1687,doc_289e,doc_289e_chunk_0001,Job Preemption
1688,doc_289e,doc_289e_chunk_0001,PreemptionType
1689,doc_289e,doc_289e_chunk_0002,QOS
1690,doc_289e,doc_289e_chunk_0002,sacctmgr
1691,doc_289e,doc_289e_chunk_0002,PreemptExemptTime
1692,doc_289e,doc_289e_chunk_0002,job QOS
1693,doc_289e,doc_289e_chunk_0002,Partition QOS
1694,doc_289e,doc_289e_chunk_0002,Resource Limits
1695,doc_289e,doc_289e_chunk_0002,Slurm database
1696,doc_289e,doc_289e_chunk_0002,OverPartQOS
1697,doc_289e,doc_289e_chunk_0002,floating partition
1698,doc_289e,doc_289e_chunk_0002,Flags
1699,doc_289e,doc_289e_chunk_0002,scheduler preemption
1700,doc_289e,doc_289e_chunk_0002,job eligibility
1701,doc_289e,doc_289e_chunk_0002,partition QOS limits
1702,doc_289e,doc_289e_chunk_0002,job QOS limits
1703,doc_289e,doc_289e_chunk_0003,floating partition
1704,doc_289e,doc_289e_chunk_0003,Partition QOS
1705,doc_289e,doc_289e_chunk_0003,GrpTRES
1706,doc_289e,doc_289e_chunk_0003,sacctmgr
1707,doc_289e,doc_289e_chunk_0003,slurm.conf
1708,doc_289e,doc_289e_chunk_0003,QOS
1709,doc_289e,doc_289e_chunk_0003,slurmctld
1710,doc_289e,doc_289e_chunk_0003,Slurm 23.11
1711,doc_289e,doc_289e_chunk_0003,Relative
1712,doc_289e,doc_289e_chunk_0003,resource limits
1713,doc_289e,doc_289e_chunk_0003,Flags
1714,doc_289e,doc_289e_chunk_0003,memory limits
1715,doc_289e,doc_289e_chunk_0003,slurmctld restart
1716,doc_289e,doc_289e_chunk_0003,reconfiguration
1717,doc_289e,doc_289e_chunk_0004,Slurm
1718,doc_289e,doc_289e_chunk_0004,slurmctld
1719,doc_289e,doc_289e_chunk_0004,QOS
1720,doc_289e,doc_289e_chunk_0004,Relative
1721,doc_289e,doc_289e_chunk_0004,cpu
1722,doc_289e,doc_289e_chunk_0004,cluster resources
1723,doc_289e,doc_289e_chunk_0004,partition resources
1724,doc_289e,doc_289e_chunk_0004,partition QOS
1725,doc_289e,doc_289e_chunk_0004,Max
1726,doc_289e,doc_289e_chunk_0004,DenyOnLimit
1727,doc_289e,doc_289e_chunk_0004,MaxTRESPerNode
1728,doc_289e,doc_289e_chunk_0004,GrpTRES
1729,doc_289e,doc_289e_chunk_0004,modify command
1730,doc_289e,doc_289e_chunk_0004,slurmctld flags
1731,doc_289e,doc_289e_chunk_0004,-1
1732,doc_289e,doc_289e_chunk_0005,GrpTRES
1733,doc_289e,doc_289e_chunk_0005,MaxTRESPerNode
1734,doc_289e,doc_289e_chunk_0005,QOS
1735,doc_289e,doc_289e_chunk_0005,Association limits
1736,doc_289e,doc_289e_chunk_0005,EnforceUsageThreshold
1737,doc_289e,doc_289e_chunk_0005,UsageThreshold
1738,doc_289e,doc_289e_chunk_0005,NoDecay
1739,doc_289e,doc_289e_chunk_0005,GrpTRESMins
1740,doc_289e,doc_289e_chunk_0005,GrpWall
1741,doc_289e,doc_289e_chunk_0005,UsageRaw
1742,doc_289e,doc_289e_chunk_0005,PriorityDecayHalfLife
1743,doc_289e,doc_289e_chunk_0005,PriorityUsageResetPeriod
1744,doc_289e,doc_289e_chunk_0005,QOS GrpTRESMins
1745,doc_289e,doc_289e_chunk_0005,QOS GrpWall
1746,doc_289e,doc_289e_chunk_0005,RawUsage
1747,doc_289e,doc_289e_chunk_0006,QOS
1748,doc_289e,doc_289e_chunk_0006,Relative
1749,doc_289e,doc_289e_chunk_0006,Limits
1750,doc_289e,doc_289e_chunk_0006,cluster or partition
1751,doc_289e,doc_289e_chunk_0006,partition's resources
1752,doc_289e,doc_289e_chunk_0006,partition QOS
1753,doc_289e,doc_289e_chunk_0006,normal QOS
1754,doc_289e,doc_289e_chunk_0006,reservation
1755,doc_289e,doc_289e_chunk_0006,job submission
1756,doc_289e,doc_289e_chunk_0006,preemptive capability
1757,doc_289e,doc_289e_chunk_0006,AccountingStorageEnforce
1758,doc_289e,doc_289e_chunk_0006,Safe
1759,doc_289e,doc_289e_chunk_0006,GraceTime
1760,doc_289e,doc_289e_chunk_0006,Preemption
1761,doc_289e,doc_289e_chunk_0006,UsageFactor
1762,doc_289e,doc_289e_chunk_0006,TRES usage
1763,doc_289e,doc_289e_chunk_0006,TRESBillingUnit
1764,doc_289e,doc_289e_chunk_0007,UsageFactor
1765,doc_289e,doc_289e_chunk_0007,QOS
1766,doc_289e,doc_289e_chunk_0007,sacctmgr
1767,doc_289e,doc_289e_chunk_0007,slurm.conf
1768,doc_289e,doc_289e_chunk_0007,UsageFactorSafe
1769,doc_289e,doc_289e_chunk_0007,AccountingStorageEnforce
1770,doc_289e,doc_289e_chunk_0007,multi-factor priority plugin
1771,doc_289e,doc_289e_chunk_0007,PriorityWeightQOS
1772,doc_289e,doc_289e_chunk_0007,sshare
1773,doc_289e,doc_289e_chunk_0007,slurm database
1774,doc_289e,doc_289e_chunk_0007,sacct
1775,doc_289e,doc_289e_chunk_0007,job scheduling priority
1776,doc_289e,doc_289e_chunk_0007,UsageThreshold
1777,doc_289e,doc_289e_chunk_0007,modify command
1778,doc_289e,doc_289e_chunk_0008,QOS
1779,doc_289e,doc_289e_chunk_0008,slurm.conf
1780,doc_289e,doc_289e_chunk_0008,multi-factor priority plugin
1781,doc_289e,doc_289e_chunk_0008,PriorityWeightQOS
1782,doc_289e,doc_289e_chunk_0008,PreemptType
1783,doc_289e,doc_289e_chunk_0008,sacctmgr
1784,doc_289e,doc_289e_chunk_0008,sacctmgr add qos
1785,doc_289e,doc_289e_chunk_0008,sacctmgr modify qos
1786,doc_289e,doc_289e_chunk_0008,sacctmgr show qos
1787,doc_289e,doc_289e_chunk_0008,sacctmgr show assoc
1788,doc_289e,doc_289e_chunk_0008,sacctmgr delete qos
1789,doc_289e,doc_289e_chunk_0008,zebra
1790,doc_289e,doc_289e_chunk_0008,alligator
1791,doc_2cc9,doc_2cc9_chunk_0001,Slurm
1792,doc_2cc9,doc_2cc9_chunk_0001,Slurm configuration file
1793,doc_2cc9,doc_2cc9_chunk_0001,slurm.conf
1794,doc_2cc9,doc_2cc9_chunk_0001,configuration parameters
1795,doc_2cc9,doc_2cc9_chunk_0001,Slurm version
1796,doc_2cc9,doc_2cc9_chunk_0001,configurator.easy.html
1797,doc_2cc9,doc_2cc9_chunk_0001,configurator.html
1798,doc_2cc9,doc_2cc9_chunk_0001,man slurm.conf
1799,doc_2cc9,doc_2cc9_chunk_0001,ClusterName
1800,doc_2cc9,doc_2cc9_chunk_0001,ClusterName parameter
1801,doc_2cc9,doc_2cc9_chunk_0001,different names
1802,doc_2cc9,doc_2cc9_chunk_0001,single database
1803,doc_2cc9,doc_2cc9_chunk_0001,multiple Slurm-managed clusters
1804,doc_2cc9,doc_2cc9_chunk_0001,Slurm daemons
1805,doc_2cc9,doc_2cc9_chunk_0001,log files
1806,doc_2cc9,doc_2cc9_chunk_0002,Slurm
1807,doc_2cc9,doc_2cc9_chunk_0002,slurm.conf
1808,doc_2cc9,doc_2cc9_chunk_0002,Control Machines
1809,doc_2cc9,doc_2cc9_chunk_0002,Compute Machines
1810,doc_2cc9,doc_2cc9_chunk_0002,hostname
1811,doc_2cc9,doc_2cc9_chunk_0002,tux
1812,doc_2cc9,doc_2cc9_chunk_0002,Backup Controller Hostname
1813,doc_2cc9,doc_2cc9_chunk_0002,slurmd
1814,doc_2cc9,doc_2cc9_chunk_0002,slurmd -C
1815,doc_2cc9,doc_2cc9_chunk_0002,sockets
1816,doc_2cc9,doc_2cc9_chunk_0002,cores
1817,doc_2cc9,doc_2cc9_chunk_0002,real memory size
1818,doc_2cc9,doc_2cc9_chunk_0002,partition (or queue)
1819,doc_2cc9,doc_2cc9_chunk_0002,NodeAddr
1820,doc_2cc9,doc_2cc9_chunk_0002,PartitionName
1821,doc_2cc9,doc_2cc9_chunk_0002,MaxTime
1822,doc_2cc9,doc_2cc9_chunk_0002,CPUs
1823,doc_2cc9,doc_2cc9_chunk_0003,Sockets
1824,doc_2cc9,doc_2cc9_chunk_0003,CPUs
1825,doc_2cc9,doc_2cc9_chunk_0003,CoresPerSocket
1826,doc_2cc9,doc_2cc9_chunk_0003,ThreadsPerCore
1827,doc_2cc9,doc_2cc9_chunk_0003,RealMemory
1828,doc_2cc9,doc_2cc9_chunk_0003,select/cons_tres plug-in
1829,doc_2cc9,doc_2cc9_chunk_0003,Slurm controller
1830,doc_2cc9,doc_2cc9_chunk_0003,slurmctld
1831,doc_2cc9,doc_2cc9_chunk_0003,slurm user
1832,doc_2cc9,doc_2cc9_chunk_0003,slurm
1833,doc_2cc9,doc_2cc9_chunk_0003,Slurm Port Numbers
1834,doc_2cc9,doc_2cc9_chunk_0003,SlurmctldPort
1835,doc_2cc9,doc_2cc9_chunk_0003,SlurmdPort
1836,doc_2cc9,doc_2cc9_chunk_0003,State Preservation
1837,doc_2cc9,doc_2cc9_chunk_0003,slurmctld daemon
1838,doc_2cc9,doc_2cc9_chunk_0004,RAID
1839,doc_2cc9,doc_2cc9_chunk_0004,Slurmctld state save directory
1840,doc_2cc9,doc_2cc9_chunk_0004,SlurmdSpoolDir
1841,doc_2cc9,doc_2cc9_chunk_0004,ReturnToService
1842,doc_2cc9,doc_2cc9_chunk_0004,Scheduling
1843,doc_2cc9,doc_2cc9_chunk_0004,SchedulerType
1844,doc_2cc9,doc_2cc9_chunk_0004,Backfill
1845,doc_2cc9,doc_2cc9_chunk_0004,Builtin
1846,doc_2cc9,doc_2cc9_chunk_0004,FIFO
1847,doc_2cc9,doc_2cc9_chunk_0004,Interconnect
1848,doc_2cc9,doc_2cc9_chunk_0004,SwitchType
1849,doc_2cc9,doc_2cc9_chunk_0004,HPE Slingshot
1850,doc_2cc9,doc_2cc9_chunk_0004,None
1851,doc_2cc9,doc_2cc9_chunk_0004,Default MPI Type
1852,doc_2cc9,doc_2cc9_chunk_0005,srun
1853,doc_2cc9,doc_2cc9_chunk_0005,MPI-PMI2
1854,doc_2cc9,doc_2cc9_chunk_0005,MPI-PMIx
1855,doc_2cc9,doc_2cc9_chunk_0005,None
1856,doc_2cc9,doc_2cc9_chunk_0005,Process Tracking
1857,doc_2cc9,doc_2cc9_chunk_0005,Cgroup
1858,doc_2cc9,doc_2cc9_chunk_0005,cgroup.conf
1859,doc_2cc9,doc_2cc9_chunk_0005,LinuxProc
1860,doc_2cc9,doc_2cc9_chunk_0005,Pgid
1861,doc_2cc9,doc_2cc9_chunk_0005,SelectType
1862,doc_2cc9,doc_2cc9_chunk_0005,cons_tres
1863,doc_2cc9,doc_2cc9_chunk_0005,Linear
1864,doc_2cc9,doc_2cc9_chunk_0005,Task Launch
1865,doc_2cc9,doc_2cc9_chunk_0005,TaskPlugin
1866,doc_2cc9,doc_2cc9_chunk_0005,Affinity
1867,doc_2cc9,doc_2cc9_chunk_0005,CPU affinity support
1868,doc_2cc9,doc_2cc9_chunk_0006,Prolog
1869,doc_2cc9,doc_2cc9_chunk_0006,Epilog
1870,doc_2cc9,doc_2cc9_chunk_0006,SrunProlog
1871,doc_2cc9,doc_2cc9_chunk_0006,SrunEpilog
1872,doc_2cc9,doc_2cc9_chunk_0006,TaskProlog
1873,doc_2cc9,doc_2cc9_chunk_0006,TaskEpilog
1874,doc_2cc9,doc_2cc9_chunk_0006,SlurmctldDebug
1875,doc_2cc9,doc_2cc9_chunk_0006,SlurmctldLogFile
1876,doc_2cc9,doc_2cc9_chunk_0006,SlurmdDebug
1877,doc_2cc9,doc_2cc9_chunk_0006,SlurmdLogFile
1878,doc_2cc9,doc_2cc9_chunk_0006,JobCompletionLogging
1879,doc_2cc9,doc_2cc9_chunk_0006,Elasticsearch
1880,doc_2cc9,doc_2cc9_chunk_0006,FileTxt
1881,doc_2cc9,doc_2cc9_chunk_0006,Kafka
1882,doc_2cc9,doc_2cc9_chunk_0006,Lua
1883,doc_2cc9,doc_2cc9_chunk_0007,Elasticsearch
1884,doc_2cc9,doc_2cc9_chunk_0007,FileTxt
1885,doc_2cc9,doc_2cc9_chunk_0007,Kafka
1886,doc_2cc9,doc_2cc9_chunk_0007,Lua
1887,doc_2cc9,doc_2cc9_chunk_0007,Script
1888,doc_2cc9,doc_2cc9_chunk_0007,MySQL
1889,doc_2cc9,doc_2cc9_chunk_0007,JobCompLoc
1890,doc_2cc9,doc_2cc9_chunk_0007,JobCompHost
1891,doc_2cc9,doc_2cc9_chunk_0007,JobCompPort
1892,doc_2cc9,doc_2cc9_chunk_0007,JobCompUser
1893,doc_2cc9,doc_2cc9_chunk_0007,JobCompParams
1894,doc_2cc9,doc_2cc9_chunk_0007,JobAcctGatherType
1895,doc_2cc9,doc_2cc9_chunk_0007,Linux
1896,doc_2cc9,doc_2cc9_chunk_0007,JobAcctGatherFrequency
1897,doc_2cc9,doc_2cc9_chunk_0007,AccountingStorageType
1898,doc_2cc9,doc_2cc9_chunk_0007,SlurmDBD
1899,doc_2cc9,doc_2cc9_chunk_0008,Job Accounting
1900,doc_2cc9,doc_2cc9_chunk_0008,AccountingStorageUser
1901,doc_2cc9,doc_2cc9_chunk_0008,AccountingStoragePass
1902,doc_2cc9,doc_2cc9_chunk_0008,Munge daemon
1903,doc_2cc9,doc_2cc9_chunk_0008,AccountingStoreFlags
1904,doc_2cc9,doc_2cc9_chunk_0008,job_comment
1905,doc_2cc9,doc_2cc9_chunk_0008,job_env
1906,doc_2cc9,doc_2cc9_chunk_0008,job_extra
1907,doc_2cc9,doc_2cc9_chunk_0008,job_script
1908,doc_2cc9,doc_2cc9_chunk_0008,Process ID Logging
1909,doc_2cc9,doc_2cc9_chunk_0008,SlurmctldPidFile
1910,doc_2cc9,doc_2cc9_chunk_0008,SlurmdPidFile
1911,doc_2cc9,doc_2cc9_chunk_0008,Timers
1912,doc_2cc9,doc_2cc9_chunk_0008,SlurmctldTimeout
1913,doc_2cc9,doc_2cc9_chunk_0008,SlurmdTimeout
1914,doc_2ec1,doc_2ec1_chunk_0001,Slurm
1915,doc_2ec1,doc_2ec1_chunk_0001,support.schedmd.com
1916,doc_2ec1,doc_2ec1_chunk_0001,Pull Requests
1917,doc_2ec1,doc_2ec1_chunk_0001,C - Contributions
1918,doc_2ec1,doc_2ec1_chunk_0001,TARGET RELEASES
1919,doc_2ec1,doc_2ec1_chunk_0001,master branch
1920,doc_2ec1,doc_2ec1_chunk_0001,next stable Slurm release
1921,doc_2ec1,doc_2ec1_chunk_0001,bug fixes
1922,doc_2ec1,doc_2ec1_chunk_0001,Linux Kernel style guidelines
1923,doc_2ec1,doc_2ec1_chunk_0001,coding-style.html
1924,doc_2ec1,doc_2ec1_chunk_0001,80-characters
1925,doc_2ec1,doc_2ec1_chunk_0001,error message
1926,doc_2ec1,doc_2ec1_chunk_0001,log messages
1927,doc_2ec1,doc_2ec1_chunk_0001,K&R style
1928,doc_2ec1,doc_2ec1_chunk_0001,typedef's
1929,doc_2ec1,doc_2ec1_chunk_0002,Slurm
1930,doc_2ec1,doc_2ec1_chunk_0002,typedef's
1931,doc_2ec1,doc_2ec1_chunk_0002,Chapter 5
1932,doc_2ec1,doc_2ec1_chunk_0002,kernel guidelines
1933,doc_2ec1,doc_2ec1_chunk_0002,C-style
1934,doc_2ec1,doc_2ec1_chunk_0002,C++ style
1935,doc_2ec1,doc_2ec1_chunk_0002,Chapter 8
1936,doc_2ec1,doc_2ec1_chunk_0002,BUILD SYSTEM CHANGES
1937,doc_2ec1,doc_2ec1_chunk_0002,Makefile.am
1938,doc_2ec1,doc_2ec1_chunk_0002,Makefile.in
1939,doc_2ec1,doc_2ec1_chunk_0002,libtool installations
1940,doc_2ec1,doc_2ec1_chunk_0002,configure.ac
1941,doc_2ec1,doc_2ec1_chunk_0002,auxdir/*
1942,doc_2ec1,doc_2ec1_chunk_0002,PATCH SUBMISSION
1943,doc_2ec1,doc_2ec1_chunk_0002,Changelog:
1944,doc_2ec1,doc_2ec1_chunk_0003,git
1945,doc_2ec1,doc_2ec1_chunk_0003,format-patch
1946,doc_2ec1,doc_2ec1_chunk_0003,commit message
1947,doc_2ec1,doc_2ec1_chunk_0003,author line
1948,doc_2ec1,doc_2ec1_chunk_0003,function name
1949,doc_2ec1,doc_2ec1_chunk_0003,pervasive spelling mistake
1950,doc_2ec1,doc_2ec1_chunk_0003,patch
1951,doc_32e0,doc_32e0_chunk_0001,Slurm
1952,doc_32e0,doc_32e0_chunk_0001,jobcomp/kafka
1953,doc_32e0,doc_32e0_chunk_0001,slurm.conf
1954,doc_32e0,doc_32e0_chunk_0001,JobCompType
1955,doc_32e0,doc_32e0_chunk_0001,JobCompLoc
1956,doc_32e0,doc_32e0_chunk_0001,librdkafka
1957,doc_32e0,doc_32e0_chunk_0001,libjson-c
1958,doc_32e0,doc_32e0_chunk_0001,bootstrap.servers
1959,doc_32e0,doc_32e0_chunk_0001,rdkafka.conf
1960,doc_32e0,doc_32e0_chunk_0001,rd_kafka_conf_set
1961,doc_32e0,doc_32e0_chunk_0001,JobCompParams
1962,doc_32e0,doc_32e0_chunk_0001,kafkahost1
1963,doc_32e0,doc_32e0_chunk_0001,debug
1964,doc_32e0,doc_32e0_chunk_0001,broker
1965,doc_32e0,doc_32e0_chunk_0002,kafkahost1
1966,doc_32e0,doc_32e0_chunk_0002,debug
1967,doc_32e0,doc_32e0_chunk_0002,broker
1968,doc_32e0,doc_32e0_chunk_0002,topic
1969,doc_32e0,doc_32e0_chunk_0002,msg
1970,doc_32e0,doc_32e0_chunk_0002,linger.ms
1971,doc_32e0,doc_32e0_chunk_0002,log_level
1972,doc_32e0,doc_32e0_chunk_0002,JobCompParams
1973,doc_32e0,doc_32e0_chunk_0002,slurm.conf
1974,doc_32e0,doc_32e0_chunk_0002,flush_timeout
1975,doc_32e0,doc_32e0_chunk_0002,poll_interval
1976,doc_32e0,doc_32e0_chunk_0002,requeue_on_msg_timeout
1977,doc_32e0,doc_32e0_chunk_0002,mycluster
1978,doc_32e0,doc_32e0_chunk_0002,SIGHUP
1979,doc_32e0,doc_32e0_chunk_0002,DebugFlags
1980,doc_32e0,doc_32e0_chunk_0003,produce response
1981,doc_32e0,doc_32e0_chunk_0003,retriable error
1982,doc_32e0,doc_32e0_chunk_0003,permanent error
1983,doc_32e0,doc_32e0_chunk_0003,success
1984,doc_32e0,doc_32e0_chunk_0003,library out queue
1985,doc_32e0,doc_32e0_chunk_0003,library delivery report queue
1986,doc_32e0,doc_32e0_chunk_0003,jobcomp/kafka plugin
1987,doc_32e0,doc_32e0_chunk_0003,librdkafka API
1988,doc_32e0,doc_32e0_chunk_0003,rd_kafka_poll()
1989,doc_32e0,doc_32e0_chunk_0003,poll_interval
1990,doc_32e0,doc_32e0_chunk_0003,delivery report callback
1991,doc_32e0,doc_32e0_chunk_0003,error message
1992,doc_32e0,doc_32e0_chunk_0003,DebugFlags
1993,doc_32e0,doc_32e0_chunk_0003,JobCompParams
1994,doc_32e0,doc_32e0_chunk_0003,flush_timeout
1995,doc_32e0,doc_32e0_chunk_0004,jobcomp/kafka plugin
1996,doc_32e0,doc_32e0_chunk_0004,JobComp DebugFlag
1997,doc_32e0,doc_32e0_chunk_0004,librdkafka
1998,doc_32e0,doc_32e0_chunk_0004,application stderr
1999,doc_32e0,doc_32e0_chunk_0004,syslog
2000,doc_32e0,doc_32e0_chunk_0004,JobCompLoc
2001,doc_32e0,doc_32e0_chunk_0004,library logging level
2002,doc_32e0,doc_32e0_chunk_0004,debug contexts
2003,doc_32e0,doc_32e0_chunk_0004,library configuration parameters
2004,doc_33d3,doc_33d3_chunk_0001,salloc
2005,doc_33d3,doc_33d3_chunk_0001,sbatch
2006,doc_33d3,doc_33d3_chunk_0001,srun
2007,doc_33d3,doc_33d3_chunk_0001,slurmctld daemon
2008,doc_33d3,doc_33d3_chunk_0001,job allocation
2009,doc_33d3,doc_33d3_chunk_0001,resource allocation
2010,doc_33d3,doc_33d3_chunk_0001,UID
2011,doc_33d3,doc_33d3_chunk_0001,GID
2012,doc_33d3,doc_33d3_chunk_0001,credential
2013,doc_33d3,doc_33d3_chunk_0001,slurmctld
2014,doc_33d3,doc_33d3_chunk_0001,job_submit plugins
2015,doc_33d3,doc_33d3_chunk_0001,validate
2016,doc_33d3,doc_33d3_chunk_0001,job request
2017,doc_33d3,doc_33d3_chunk_0001,options
2018,doc_33d3,doc_33d3_chunk_0001,partition name
2019,doc_33d3,doc_33d3_chunk_0001,valid limits
2020,doc_33d3,doc_33d3_chunk_0002,job_submit plugins
2021,doc_33d3,doc_33d3_chunk_0002,slurmctld daemon
2022,doc_33d3,doc_33d3_chunk_0002,slurmd daemon
2023,doc_33d3,doc_33d3_chunk_0002,credential
2024,doc_33d3,doc_33d3_chunk_0002,srun command
2025,doc_33d3,doc_33d3_chunk_0002,slurmd daemon on node zero
2026,doc_33d3,doc_33d3_chunk_0002,TreeWidth parameter
2027,doc_33d3,doc_33d3_chunk_0002,slurmstepd program
2028,doc_33d3,doc_33d3_chunk_0002,task launch
2029,doc_33d3,doc_33d3_chunk_0002,executable name
2030,doc_33d3,doc_33d3_chunk_0002,file names
2031,doc_33d3,doc_33d3_chunk_0002,cred plugin
2032,doc_33d3,doc_33d3_chunk_0002,job step allocation
2033,doc_33d3,doc_33d3_chunk_0002,digitally signed credential
2034,doc_33d3,doc_33d3_chunk_0003,slurmd
2035,doc_33d3,doc_33d3_chunk_0003,slurmstepd
2036,doc_33d3,doc_33d3_chunk_0003,slurmctld
2037,doc_33d3,doc_33d3_chunk_0003,MPI setup
2038,doc_33d3,doc_33d3_chunk_0003,switch plugin
2039,doc_33d3,doc_33d3_chunk_0003,network configuration
2040,doc_33d3,doc_33d3_chunk_0003,proctrack plugin
2041,doc_33d3,doc_33d3_chunk_0003,user ID
2042,doc_33d3,doc_33d3_chunk_0003,I/O
2043,doc_33d3,doc_33d3_chunk_0003,srun
2044,doc_33d3,doc_33d3_chunk_0003,SIGCONT
2045,doc_33d3,doc_33d3_chunk_0003,SIGTERM
2046,doc_33d3,doc_33d3_chunk_0003,SIGKILL
2047,doc_33d3,doc_33d3_chunk_0003,Epilog program
2048,doc_33d3,doc_33d3_chunk_0003,Epilog complete RPC
2049,doc_33d3,doc_33d3_chunk_0003,SlurmDBD
2050,doc_33d3,doc_33d3_chunk_0004,batch step
2051,doc_33d3,doc_33d3_chunk_0004,slurmstepd
2052,doc_33d3,doc_33d3_chunk_0004,sbatch
2053,doc_33d3,doc_33d3_chunk_0004,interactive step
2054,doc_33d3,doc_33d3_chunk_0004,salloc
2055,doc_33d3,doc_33d3_chunk_0004,LaunchParameters
2056,doc_33d3,doc_33d3_chunk_0004,slurm.conf
2057,doc_33d3,doc_33d3_chunk_0004,normal step
2058,doc_33d3,doc_33d3_chunk_0004,sacct
2059,doc_33d3,doc_33d3_chunk_0004,srun
2060,doc_33d3,doc_33d3_chunk_0004,job_id
2061,doc_33d3,doc_33d3_chunk_0004,step_id
2062,doc_33d3,doc_33d3_chunk_0004,slurmstepd instance
2063,doc_33d3,doc_33d3_chunk_0004,node
2064,doc_33d3,doc_33d3_chunk_0004,task
2065,doc_3583,doc_3583_chunk_0001,Slurm
2066,doc_3583,doc_3583_chunk_0001,APIs
2067,doc_3583,doc_3583_chunk_0001,slurm.h
2068,doc_3583,doc_3583_chunk_0001,slurmdb.h
2069,doc_3583,doc_3583_chunk_0001,Slurm's REST API
2070,doc_3583,doc_3583_chunk_0001,cross-version compatibility
2071,doc_3740,doc_3740_chunk_0001,Core specialization
2072,doc_3740,doc_3740_chunk_0001,system overhead
2073,doc_3740,doc_3740_chunk_0001,salloc
2074,doc_3740,doc_3740_chunk_0001,sbatch
2075,doc_3740,doc_3740_chunk_0001,srun
2076,doc_3740,doc_3740_chunk_0001,-S
2077,doc_3740,doc_3740_chunk_0001,--core-spec
2078,doc_3740,doc_3740_chunk_0001,slurm.conf
2079,doc_3740,doc_3740_chunk_0001,AllowSpecResourcesUsage
2080,doc_3740,doc_3740_chunk_0001,scontrol
2081,doc_3740,doc_3740_chunk_0001,sview
2082,doc_3740,doc_3740_chunk_0001,squeue
2083,doc_3740,doc_3740_chunk_0001,%X
2084,doc_3740,doc_3740_chunk_0001,scontrol command
2085,doc_3740,doc_3740_chunk_0001,sview command
2086,doc_3740,doc_3740_chunk_0001,sacct
2087,doc_3740,doc_3740_chunk_0001,implicit --exclusive
2088,doc_3740,doc_3740_chunk_0001,sacct accounting
2089,doc_3740,doc_3740_chunk_0002,sacct
2090,doc_3740,doc_3740_chunk_0002,AllocCPUS
2091,doc_3740,doc_3740_chunk_0002,CoresPerSocket
2092,doc_3740,doc_3740_chunk_0002,ThreadsPerCore
2093,doc_3740,doc_3740_chunk_0002,CpuSpecList
2094,doc_3740,doc_3740_chunk_0002,CoreSelection
2095,doc_3740,doc_3740_chunk_0002,slurm.conf
2096,doc_3740,doc_3740_chunk_0002,AllowSpecResourcesUsage
2097,doc_3740,doc_3740_chunk_0002,Nodename
2098,doc_3740,doc_3740_chunk_0002,Port
2099,doc_3740,doc_3740_chunk_0002,srun
2100,doc_3740,doc_3740_chunk_0002,bash
2101,doc_3740,doc_3740_chunk_0002,cat
2102,doc_3740,doc_3740_chunk_0002,grep
2103,doc_3740,doc_3740_chunk_0002,Cpus_allowed
2104,doc_3740,doc_3740_chunk_0002,Cpus_allowed_list
2105,doc_3740,doc_3740_chunk_0002,job allocation
2106,doc_3740,doc_3740_chunk_0003,SelectType
2107,doc_3740,doc_3740_chunk_0003,cons_tres
2108,doc_3740,doc_3740_chunk_0003,slurm.conf
2109,doc_3740,doc_3740_chunk_0003,node specification line
2110,doc_3740,doc_3740_chunk_0003,CoreSpecCount
2111,doc_3740,doc_3740_chunk_0003,CPUSpecList
2112,doc_3740,doc_3740_chunk_0003,MemSpecLimit
2113,doc_3740,doc_3740_chunk_0003,Linux cgroups
2114,doc_3740,doc_3740_chunk_0003,slurmd
2115,doc_3740,doc_3740_chunk_0003,slurmd OffSpec
2116,doc_3740,doc_3740_chunk_0003,cgroup/v1
2117,doc_3740,doc_3740_chunk_0003,slurmstepd
2118,doc_3740,doc_3740_chunk_0003,--core-spec
2119,doc_3740,doc_3740_chunk_0003,job's core specialization option
2120,doc_3740,doc_3740_chunk_0004,core specialization option
2121,doc_3740,doc_3740_chunk_0004,compute node
2122,doc_3740,doc_3740_chunk_0004,core count
2123,doc_3740,doc_3740_chunk_0004,CPUs count
2124,doc_3740,doc_3740_chunk_0004,hyperthreads
2125,doc_3740,doc_3740_chunk_0004,AllowSpecResourcesUsage
2126,doc_3773,doc_3773_chunk_0001,Slurm
2127,doc_3773,doc_3773_chunk_0001,site_factor
2128,doc_3773,doc_3773_chunk_0001,Slurm site_factor plugins
2129,doc_3773,doc_3773_chunk_0001,API
2130,doc_3773,doc_3773_chunk_0001,plugin
2131,doc_3773,doc_3773_chunk_0001,plugin API
2132,doc_3773,doc_3773_chunk_0001,const char plugin_type[]
2133,doc_3773,doc_3773_chunk_0001,const char plugin_name[]
2134,doc_3773,doc_3773_chunk_0001,const uint32_t plugin_version
2135,doc_3773,doc_3773_chunk_0001,init
2136,doc_3773,doc_3773_chunk_0001,SLURM_SUCCESS
2137,doc_3773,doc_3773_chunk_0001,SLURM_ERROR
2138,doc_3773,doc_3773_chunk_0001,global initialization
2139,doc_3773,doc_3773_chunk_0002,SLURM_SUCCESS
2140,doc_3773,doc_3773_chunk_0002,SLURM_ERROR
2141,doc_3773,doc_3773_chunk_0002,void
2142,doc_3773,doc_3773_chunk_0002,fini
2143,doc_3773,doc_3773_chunk_0002,init
2144,doc_3773,doc_3773_chunk_0002,dlopen
2145,doc_3773,doc_3773_chunk_0002,slurmctld
2146,doc_3773,doc_3773_chunk_0002,job_record_t
2147,doc_3773,doc_3773_chunk_0002,job_ptr
2148,doc_3773,doc_3773_chunk_0002,site_priority
2149,doc_3773,doc_3773_chunk_0002,site_factor_p_reconfig
2150,doc_3773,doc_3773_chunk_0002,site_factor_p_set
2151,doc_3773,doc_3773_chunk_0002,site_factor_p_update
2152,doc_3773,doc_3773_chunk_0002,slurm.conf
2153,doc_3773,doc_3773_chunk_0003,PrioritySiteFactorPlugin
2154,doc_3773,doc_3773_chunk_0003,PriorityCalcPeriod
2155,doc_3773,doc_3773_chunk_0003,site_factor_p_update
2156,doc_37f2,doc_37f2_chunk_0001,Fair Tree
2157,doc_37f2,doc_37f2_chunk_0001,sshare
2158,doc_37f2,doc_37f2_chunk_0001,-l
2159,doc_37f2,doc_37f2_chunk_0001,FairShare
2160,doc_37f2,doc_37f2_chunk_0001,Level FS
2161,doc_37f2,doc_37f2_chunk_0001,account priority
2162,doc_37f2,doc_37f2_chunk_0001,user priority
2163,doc_37f2,doc_37f2_chunk_0001,sibling users
2164,doc_37f2,doc_37f2_chunk_0001,sibling accounts
2165,doc_37f2,doc_37f2_chunk_0001,fairshare factor
2166,doc_37f2,doc_37f2_chunk_0001,precision loss
2167,doc_37f2,doc_37f2_chunk_0001,ties
2168,doc_37f2,doc_37f2_chunk_0001,account coordinators
2169,doc_37f2,doc_37f2_chunk_0001,new jobs
2170,doc_37f2,doc_37f2_chunk_0001,immediate priority
2171,doc_37f2,doc_37f2_chunk_0001,overview for End Users
2172,doc_37f2,doc_37f2_chunk_0001,user associations
2173,doc_37f2,doc_37f2_chunk_0002,FairShare
2174,doc_37f2,doc_37f2_chunk_0002,user's rank
2175,doc_37f2,doc_37f2_chunk_0002,total number of user associations
2176,doc_37f2,doc_37f2_chunk_0002,first common ancestor account
2177,doc_37f2,doc_37f2_chunk_0002,Level FS value
2178,doc_37f2,doc_37f2_chunk_0002,association tree
2179,doc_37f2,doc_37f2_chunk_0002,Level FS equation
2180,doc_37f2,doc_37f2_chunk_0002,Acct1
2181,doc_37f2,doc_37f2_chunk_0002,Acct12
2182,doc_37f2,doc_37f2_chunk_0002,Acct16
2183,doc_37f2,doc_37f2_chunk_0002,algorithm
2184,doc_37f2,doc_37f2_chunk_0002,rooted plane tree
2185,doc_37f2,doc_37f2_chunk_0002,rooted ordered tree
2186,doc_37f2,doc_37f2_chunk_0002,depth-first traversal
2187,doc_37f2,doc_37f2_chunk_0003,depth-first traversal
2188,doc_37f2,doc_37f2_chunk_0003,pre-order
2189,doc_37f2,doc_37f2_chunk_0003,fairshare factor
2190,doc_37f2,doc_37f2_chunk_0003,Level Fairshare
2191,doc_37f2,doc_37f2_chunk_0003,Shares Norm
2192,doc_37f2,doc_37f2_chunk_0003,Effective Usage
2193,doc_37f2,doc_37f2_chunk_0003,sibling associations
2194,doc_37f2,doc_37f2_chunk_0003,LF
2195,doc_37f2,doc_37f2_chunk_0003,S
2196,doc_37f2,doc_37f2_chunk_0003,U
2197,doc_37f2,doc_37f2_chunk_0003,ties
2198,doc_37f2,doc_37f2_chunk_0003,sibling users
2199,doc_37f2,doc_37f2_chunk_0003,sibling accounts
2200,doc_37f2,doc_37f2_chunk_0003,children lists
2201,doc_37f2,doc_37f2_chunk_0003,sshare
2202,doc_37f2,doc_37f2_chunk_0003,-l parameter
2203,doc_37f2,doc_37f2_chunk_0003,long parameter
2204,doc_37f2,doc_37f2_chunk_0004,Fair Tree algorithm
2205,doc_37f2,doc_37f2_chunk_0004,slurm.conf
2206,doc_37f2,doc_37f2_chunk_0004,slurm.conf(5)
2207,doc_37f2,doc_37f2_chunk_0004,PriorityType
2208,doc_37f2,doc_37f2_chunk_0004,priority/multifactor
2209,doc_37f2,doc_37f2_chunk_0004,PriorityCalcPeriod
2210,doc_37f2,doc_37f2_chunk_0004,job half-life decay
2211,doc_37f2,doc_37f2_chunk_0004,Fair Tree calculations
2212,doc_37f2,doc_37f2_chunk_0004,Slurm Accounting Database
2213,doc_37f2,doc_37f2_chunk_0004,scontrol reconfigure
2214,doc_37f2,doc_37f2_chunk_0004,PriorityWeightFairshare
2215,doc_37f2,doc_37f2_chunk_0004,scontrol
2216,doc_385e,doc_385e_chunk_0001,Slurm
2217,doc_385e,doc_385e_chunk_0001,default node allocation plug-in
2218,doc_385e,doc_385e_chunk_0001,exclusive mode
2219,doc_385e,doc_385e_chunk_0001,nodes
2220,doc_385e,doc_385e_chunk_0001,processors
2221,doc_385e,doc_385e_chunk_0001,memory
2222,doc_385e,doc_385e_chunk_0001,swap
2223,doc_385e,doc_385e_chunk_0001,local disk
2224,doc_385e,doc_385e_chunk_0001,Slurm's cons_tres plugin
2225,doc_385e,doc_385e_chunk_0001,Consumable Trackable Resource Plugin
2226,doc_385e,doc_385e_chunk_0001,select/cons_tres
2227,doc_385e,doc_385e_chunk_0001,CPU (CR_CPU)
2228,doc_385e,doc_385e_chunk_0001,Board (CR_Board)
2229,doc_385e,doc_385e_chunk_0001,Socket (CR_Socket)
2230,doc_385e,doc_385e_chunk_0001,Core (CR_Core)
2231,doc_385e,doc_385e_chunk_0002,Socket
2232,doc_385e,doc_385e_chunk_0002,Memory
2233,doc_385e,doc_385e_chunk_0002,CR_Socket_Memory
2234,doc_385e,doc_385e_chunk_0002,Core
2235,doc_385e,doc_385e_chunk_0002,CR_Core_Memory
2236,doc_385e,doc_385e_chunk_0002,CPU
2237,doc_385e,doc_385e_chunk_0002,CR_CPU_Memory
2238,doc_385e,doc_385e_chunk_0002,OverSubscribe
2239,doc_385e,doc_385e_chunk_0002,cons_tres plugin
2240,doc_385e,doc_385e_chunk_0002,--cpus-per-gpu
2241,doc_385e,doc_385e_chunk_0002,Count
2242,doc_385e,doc_385e_chunk_0002,--gpu-bind
2243,doc_385e,doc_385e_chunk_0002,--gpu-freq
2244,doc_385e,doc_385e_chunk_0002,--gpus-per-node
2245,doc_385e,doc_385e_chunk_0002,DefMemPerGPU
2246,doc_385e,doc_385e_chunk_0003,SLURM
2247,doc_385e,doc_385e_chunk_0003,srun
2248,doc_385e,doc_385e_chunk_0003,-B
2249,doc_385e,doc_385e_chunk_0003,CR_CPU
2250,doc_385e,doc_385e_chunk_0003,CR_CPU_MEMORY
2251,doc_385e,doc_385e_chunk_0003,--gpus-per-node
2252,doc_385e,doc_385e_chunk_0003,--gpus-per-socket
2253,doc_385e,doc_385e_chunk_0003,--gpus-per-task
2254,doc_385e,doc_385e_chunk_0003,--mem-per-gpu
2255,doc_385e,doc_385e_chunk_0003,slurm.conf
2256,doc_385e,doc_385e_chunk_0003,DefMemPerNode
2257,doc_385e,doc_385e_chunk_0003,--mem
2258,doc_385e,doc_385e_chunk_0003,--mem-per-cpu
2259,doc_385e,doc_385e_chunk_0003,salloc
2260,doc_385e,doc_385e_chunk_0003,sbatch
2261,doc_385e,doc_385e_chunk_0004,select/cons_tres plugin
2262,doc_385e,doc_385e_chunk_0004,Slurm
2263,doc_385e,doc_385e_chunk_0004,srun
2264,doc_385e,doc_385e_chunk_0004,--exclusive
2265,doc_385e,doc_385e_chunk_0004,CR_Socket_Memory
2266,doc_385e,doc_385e_chunk_0004,CR_CPU_Memory
2267,doc_385e,doc_385e_chunk_0004,NODELIST
2268,doc_385e,doc_385e_chunk_0004,NODES
2269,doc_385e,doc_385e_chunk_0004,PARTITION
2270,doc_385e,doc_385e_chunk_0004,STATE
2271,doc_385e,doc_385e_chunk_0004,CPUS
2272,doc_385e,doc_385e_chunk_0004,MEMORY
2273,doc_385e,doc_385e_chunk_0004,allNodes*
2274,doc_385e,doc_385e_chunk_0004,srun(1)
2275,doc_385e,doc_385e_chunk_0004,job submission
2276,doc_385e,doc_385e_chunk_0004,mutually exclusive
2277,doc_385e,doc_385e_chunk_0005,srun
2278,doc_385e,doc_385e_chunk_0005,allNodes
2279,doc_385e,doc_385e_chunk_0005,sleep
2280,doc_385e,doc_385e_chunk_0005,sballe
2281,doc_385e,doc_385e_chunk_0005,PD
2282,doc_385e,doc_385e_chunk_0005,R
2283,doc_385e,doc_385e_chunk_0005,ST
2284,doc_385e,doc_385e_chunk_0005,TIME
2285,doc_385e,doc_385e_chunk_0005,NODES
2286,doc_385e,doc_385e_chunk_0005,NODELIST
2287,doc_385e,doc_385e_chunk_0005,REASON
2288,doc_385e,doc_385e_chunk_0005,select/cons_tres
2289,doc_385e,doc_385e_chunk_0005,CR_CPU_Memory
2290,doc_385e,doc_385e_chunk_0005,JOBID
2291,doc_385e,doc_385e_chunk_0005,PARTITION
2292,doc_385e,doc_385e_chunk_0005,mem
2293,doc_385e,doc_385e_chunk_0005,n
2294,doc_385e,doc_385e_chunk_0005,&
2295,doc_385e,doc_385e_chunk_0006,allNodes
2296,doc_385e,doc_385e_chunk_0006,sballe
2297,doc_385e,doc_385e_chunk_0006,PD
2298,doc_385e,doc_385e_chunk_0006,Slurm
2299,doc_385e,doc_385e_chunk_0006,exclusive mode
2300,doc_385e,doc_385e_chunk_0006,processor
2301,doc_385e,doc_385e_chunk_0006,consumable resource
2302,doc_385e,doc_385e_chunk_0006,job
2303,doc_385e,doc_385e_chunk_0006,srun
2304,doc_385e,doc_385e_chunk_0006,-n
2305,doc_385e,doc_385e_chunk_0006,sleep
2306,doc_385e,doc_385e_chunk_0006,hydra
2307,doc_385e,doc_385e_chunk_0006,linus01
2308,doc_385e,doc_385e_chunk_0006,linus02
2309,doc_385e,doc_385e_chunk_0006,linus03
2310,doc_385e,doc_385e_chunk_0006,linus04
2311,doc_385e,doc_385e_chunk_0006,kernel
2312,doc_385e,doc_385e_chunk_0006,daemons
2313,doc_385e,doc_385e_chunk_0007,Slurm
2314,doc_385e,doc_385e_chunk_0007,Default Node Allocation
2315,doc_385e,doc_385e_chunk_0007,Non-shared Mode
2316,doc_385e,doc_385e_chunk_0007,JOBID
2317,doc_385e,doc_385e_chunk_0007,PARTITION NAME
2318,doc_385e,doc_385e_chunk_0007,USER
2319,doc_385e,doc_385e_chunk_0007,ST
2320,doc_385e,doc_385e_chunk_0007,TIME
2321,doc_385e,doc_385e_chunk_0007,NODES
2322,doc_385e,doc_385e_chunk_0007,NODELIST(REASON)
2323,doc_385e,doc_385e_chunk_0007,linux
2324,doc_385e,doc_385e_chunk_0007,lsf
2325,doc_385e,doc_385e_chunk_0007,sleep
2326,doc_385e,doc_385e_chunk_0007,constrained_reservation
2327,doc_385e,doc_385e_chunk_0007,consumable resource
2328,doc_385e,doc_385e_chunk_0007,squeue
2329,doc_385e,doc_385e_chunk_0007,cpus
2330,doc_385e,doc_385e_chunk_0007,processors
2331,doc_385e,doc_385e_chunk_0008,squeue
2332,doc_385e,doc_385e_chunk_0008,Slurm
2333,doc_385e,doc_385e_chunk_0008,lsf
2334,doc_385e,doc_385e_chunk_0008,sleep
2335,doc_385e,doc_385e_chunk_0008,root
2336,doc_385e,doc_385e_chunk_0008,JOBID
2337,doc_385e,doc_385e_chunk_0008,PARTITION
2338,doc_385e,doc_385e_chunk_0008,NODES
2339,doc_385e,doc_385e_chunk_0008,NODELIST
2340,doc_385e,doc_385e_chunk_0008,REASON
2341,doc_385e,doc_385e_chunk_0008,allocated
2342,doc_385e,doc_385e_chunk_0008,idle
2343,doc_385e,doc_385e_chunk_0008,consumable resource approach
2344,doc_385e,doc_385e_chunk_0008,oversubscription
2345,doc_385e,doc_385e_chunk_0008,CPUs
2346,doc_385e,doc_385e_chunk_0008,MEMORY
2347,doc_385e,doc_385e_chunk_0008,TMP_DISK
2348,doc_385e,doc_385e_chunk_0008,WEIGHT
2349,doc_385e,doc_385e_chunk_0008,FEATURES
2350,doc_385e,doc_385e_chunk_0009,LSF
2351,doc_385e,doc_385e_chunk_0009,JOBID
2352,doc_385e,doc_385e_chunk_0009,PARTITION
2353,doc_385e,doc_385e_chunk_0009,NAME
2354,doc_385e,doc_385e_chunk_0009,USER
2355,doc_385e,doc_385e_chunk_0009,ST
2356,doc_385e,doc_385e_chunk_0009,TIME
2357,doc_385e,doc_385e_chunk_0009,NODES
2358,doc_385e,doc_385e_chunk_0009,NODELIST
2359,doc_385e,doc_385e_chunk_0009,REASON
2360,doc_385e,doc_385e_chunk_0009,consumable resource scheduling policy
2361,doc_385e,doc_385e_chunk_0009,job throughput
2362,doc_385e,doc_385e_chunk_0009,productivity
2363,doc_385e,doc_385e_chunk_0009,cluster
2364,doc_385e,doc_385e_chunk_0009,--exclusive
2365,doc_385e,doc_385e_chunk_0009,srun
2366,doc_385e,doc_385e_chunk_0009,srun(1)
2367,doc_3bdd,doc_3bdd_chunk_0001,Slurm
2368,doc_3bdd,doc_3bdd_chunk_0001,fault-tolerant
2369,doc_3bdd,doc_3bdd_chunk_0001,highly scalable
2370,doc_3bdd,doc_3bdd_chunk_0001,Linux clusters
2371,doc_3bdd,doc_3bdd_chunk_0001,machine status
2372,doc_3bdd,doc_3bdd_chunk_0001,partition management
2373,doc_3bdd,doc_3bdd_chunk_0001,job management
2374,doc_3bdd,doc_3bdd_chunk_0001,scheduling
2375,doc_3bdd,doc_3bdd_chunk_0001,stream copy modules
2376,doc_3bdd,doc_3bdd_chunk_0001,GNU autoconf configuration engine
2377,doc_3bdd,doc_3bdd_chunk_0001,C language
2378,doc_3bdd,doc_3bdd_chunk_0001,Linux kernel coding style
2379,doc_3bdd,doc_3bdd_chunk_0001,plugins
2380,doc_3bdd,doc_3bdd_chunk_0001,dynamically linked code object
2381,doc_3bdd,doc_3bdd_chunk_0001,run time
2382,doc_3bdd,doc_3bdd_chunk_0001,Slurm libraries
2383,doc_3bdd,doc_3bdd_chunk_0002,Slurm
2384,doc_3bdd,doc_3bdd_chunk_0002,acinclude.m4
2385,doc_3bdd,doc_3bdd_chunk_0002,configure.ac
2386,doc_3bdd,doc_3bdd_chunk_0002,Makefile.am
2387,doc_3bdd,doc_3bdd_chunk_0002,Make-rpm.mk
2388,doc_3bdd,doc_3bdd_chunk_0002,META
2389,doc_3bdd,doc_3bdd_chunk_0002,README
2390,doc_3bdd,doc_3bdd_chunk_0002,slurm.spec.in
2391,doc_3bdd,doc_3bdd_chunk_0002,auxdir
2392,doc_3bdd,doc_3bdd_chunk_0002,autoconf
2393,doc_3bdd,doc_3bdd_chunk_0002,make
2394,doc_3bdd,doc_3bdd_chunk_0002,autoconf -V
2395,doc_3bdd,doc_3bdd_chunk_0002,build process
2396,doc_3bdd,doc_3bdd_chunk_0002,copyright
2397,doc_3bdd,doc_3bdd_chunk_0002,disclaimer
2398,doc_3bdd,doc_3bdd_chunk_0002,contribs
2399,doc_3bdd,doc_3bdd_chunk_0002,docs
2400,doc_3bdd,doc_3bdd_chunk_0003,doc
2401,doc_3bdd,doc_3bdd_chunk_0003,man pages
2402,doc_3bdd,doc_3bdd_chunk_0003,etc
2403,doc_3bdd,doc_3bdd_chunk_0003,configuration files
2404,doc_3bdd,doc_3bdd_chunk_0003,slurm
2405,doc_3bdd,doc_3bdd_chunk_0003,API
2406,doc_3bdd,doc_3bdd_chunk_0003,header files
2407,doc_3bdd,doc_3bdd_chunk_0003,src
2408,doc_3bdd,doc_3bdd_chunk_0003,testsuite
2409,doc_3bdd,doc_3bdd_chunk_0003,Check
2410,doc_3bdd,doc_3bdd_chunk_0003,Expect
2411,doc_3bdd,doc_3bdd_chunk_0003,Pytest
2412,doc_3bdd,doc_3bdd_chunk_0003,doc/html
2413,doc_3bdd,doc_3bdd_chunk_0003,Application Program Interfaces
2414,doc_3bdd,doc_3bdd_chunk_0003,Slurm code
2415,doc_3bdd,doc_3bdd_chunk_0003,central manager
2416,doc_3bdd,doc_3bdd_chunk_0004,Slurm
2417,doc_3bdd,doc_3bdd_chunk_0004,common
2418,doc_3bdd,doc_3bdd_chunk_0004,database
2419,doc_3bdd,doc_3bdd_chunk_0004,plugins
2420,doc_3bdd,doc_3bdd_chunk_0004,accounting_storage
2421,doc_3bdd,doc_3bdd_chunk_0004,auth
2422,doc_3bdd,doc_3bdd_chunk_0004,cred
2423,doc_3bdd,doc_3bdd_chunk_0004,jobacct_gather
2424,doc_3bdd,doc_3bdd_chunk_0004,jobcomp
2425,doc_3bdd,doc_3bdd_chunk_0004,mpi
2426,doc_3bdd,doc_3bdd_chunk_0004,priority
2427,doc_3bdd,doc_3bdd_chunk_0004,proctrack
2428,doc_3bdd,doc_3bdd_chunk_0004,sched
2429,doc_3bdd,doc_3bdd_chunk_0004,select
2430,doc_3bdd,doc_3bdd_chunk_0004,switch
2431,doc_3bdd,doc_3bdd_chunk_0004,task
2432,doc_3bdd,doc_3bdd_chunk_0004,topology
2433,doc_3bdd,doc_3bdd_chunk_0004,sacct
2434,doc_3bdd,doc_3bdd_chunk_0004,sacctmgr
2435,doc_3bdd,doc_3bdd_chunk_0004,salloc
2436,doc_3bdd,doc_3bdd_chunk_0005,scontrol
2437,doc_3bdd,doc_3bdd_chunk_0005,sinfo
2438,doc_3bdd,doc_3bdd_chunk_0005,slurmctld
2439,doc_3bdd,doc_3bdd_chunk_0005,slurmd
2440,doc_3bdd,doc_3bdd_chunk_0005,slurmdbd
2441,doc_3bdd,doc_3bdd_chunk_0005,sprio
2442,doc_3bdd,doc_3bdd_chunk_0005,squeue
2443,doc_3bdd,doc_3bdd_chunk_0005,sreport
2444,doc_3bdd,doc_3bdd_chunk_0005,srun
2445,doc_3bdd,doc_3bdd_chunk_0005,sstat
2446,doc_3bdd,doc_3bdd_chunk_0005,strigger
2447,doc_3bdd,doc_3bdd_chunk_0005,sview
2448,doc_3bdd,doc_3bdd_chunk_0005,Github
2449,doc_3bdd,doc_3bdd_chunk_0005,slurm source code
2450,doc_3bdd,doc_3bdd_chunk_0005,branch
2451,doc_3bdd,doc_3bdd_chunk_0006,Slurm
2452,doc_3bdd,doc_3bdd_chunk_0006,Makefile.am
2453,doc_3bdd,doc_3bdd_chunk_0006,autoreconf
2454,doc_3bdd,doc_3bdd_chunk_0006,autoconf
2455,doc_3bdd,doc_3bdd_chunk_0006,slurm.spec
2456,doc_3bdd,doc_3bdd_chunk_0006,configure.ac
2457,doc_3bdd,doc_3bdd_chunk_0006,slurm.conf
2458,doc_3bdd,doc_3bdd_chunk_0006,etc subdirectory
2459,doc_3bdd,doc_3bdd_chunk_0006,init.d.slurm
2460,doc_3bdd,doc_3bdd_chunk_0006,check
2461,doc_3bdd,doc_3bdd_chunk_0006,Expect
2462,doc_3bdd,doc_3bdd_chunk_0006,Pytest
2463,doc_3bdd,doc_3bdd_chunk_0006,testsuite
2464,doc_3bdd,doc_3bdd_chunk_0006,slurm_dir
2465,doc_3bdd,doc_3bdd_chunk_0007,slurm_dir
2466,doc_3bdd,doc_3bdd_chunk_0007,testsuite/expect/globals.local
2467,doc_3bdd,doc_3bdd_chunk_0007,regression.py
2468,doc_3bdd,doc_3bdd_chunk_0007,testsuite/expect/README
2469,doc_3bdd,doc_3bdd_chunk_0007,Pytest environment
2470,doc_3bdd,doc_3bdd_chunk_0007,external QA framework
2471,doc_3bdd,doc_3bdd_chunk_0007,Slurm
2472,doc_3bdd,doc_3bdd_chunk_0007,Makefile.am
2473,doc_3bdd,doc_3bdd_chunk_0007,autoreconf
2474,doc_3bdd,doc_3bdd_chunk_0007,multiple slurmd support
2475,doc_3bdd,doc_3bdd_chunk_0007,--enable-multiple-slurmd
2476,doc_3bdd,doc_3bdd_chunk_0007,slurmd daemons
2477,doc_3bdd,doc_3bdd_chunk_0007,NodeName alias
2478,doc_3bdd,doc_3bdd_chunk_0007,port number
2479,doc_3bdd,doc_3bdd_chunk_0008,--enable-multiple-slurmd
2480,doc_3bdd,doc_3bdd_chunk_0008,slurm.conf
2481,doc_3bdd,doc_3bdd_chunk_0008,NodeName
2482,doc_3bdd,doc_3bdd_chunk_0008,Port
2483,doc_3bdd,doc_3bdd_chunk_0008,-N
2484,doc_3bdd,doc_3bdd_chunk_0008,slurmd
2485,doc_3bdd,doc_3bdd_chunk_0008,SlurmdLogFile
2486,doc_3bdd,doc_3bdd_chunk_0008,SlurmdPidFile
2487,doc_3bdd,doc_3bdd_chunk_0008,SlurmdSpoolDir
2488,doc_3bdd,doc_3bdd_chunk_0008,systemd
2489,doc_3bdd,doc_3bdd_chunk_0008,slurmd.service
2490,doc_3bdd,doc_3bdd_chunk_0008,ExecStart
2491,doc_3bdd,doc_3bdd_chunk_0008,SLURMD_OPTIONS
2492,doc_3bdd,doc_3bdd_chunk_0008,systemctl
2493,doc_3bdd,doc_3bdd_chunk_0008,enable
2494,doc_3bdd,doc_3bdd_chunk_0008,start
2495,doc_405b,doc_405b_chunk_0001,Scheduler
2496,doc_405b,doc_405b_chunk_0001,Reason codes
2497,doc_405b,doc_405b_chunk_0001,AssocGrp
2498,doc_405b,doc_405b_chunk_0001,AssocMax
2499,doc_405b,doc_405b_chunk_0001,BeginTime
2500,doc_405b,doc_405b_chunk_0001,Dependency
2501,doc_405b,doc_405b_chunk_0001,MaxPerAccount
2502,doc_405b,doc_405b_chunk_0001,Priority
2503,doc_405b,doc_405b_chunk_0001,QOSGrp
2504,doc_405b,doc_405b_chunk_0001,QOSMax
2505,doc_405b,doc_405b_chunk_0001,Resources
2506,doc_405b,doc_405b_chunk_0001,AccountingPolicy
2507,doc_405b,doc_405b_chunk_0001,AccountNotAllowed
2508,doc_405b,doc_405b_chunk_0001,AssocGrpBB
2509,doc_405b,doc_405b_chunk_0001,Burst Buffer
2510,doc_405b,doc_405b_chunk_0001,Scheduling Configuration Guide
2511,doc_405b,doc_405b_chunk_0002,AssocGrpBB
2512,doc_405b,doc_405b_chunk_0002,AssocGrpBBMinutes
2513,doc_405b,doc_405b_chunk_0002,AssocGrpBBRunMinutes
2514,doc_405b,doc_405b_chunk_0002,AssocGrpBilling
2515,doc_405b,doc_405b_chunk_0002,AssocGrpBillingMinutes
2516,doc_405b,doc_405b_chunk_0002,AssocGrpBillingRunMinutes
2517,doc_405b,doc_405b_chunk_0002,AssocGrpCpuLimit
2518,doc_405b,doc_405b_chunk_0002,AssocGrpCPUMinutesLimit
2519,doc_405b,doc_405b_chunk_0002,AssocGrpCPURunMinutesLimit
2520,doc_405b,doc_405b_chunk_0002,AssocGrpEnergy
2521,doc_405b,doc_405b_chunk_0003,AssocGrpGRES
2522,doc_405b,doc_405b_chunk_0003,AssocGrpGRESMinutes
2523,doc_405b,doc_405b_chunk_0003,AssocGrpGRESRunMinutes
2524,doc_405b,doc_405b_chunk_0003,AssocGrpJobsLimit
2525,doc_405b,doc_405b_chunk_0003,AssocGrpLicense
2526,doc_405b,doc_405b_chunk_0003,AssocGrpLicenseMinutes
2527,doc_405b,doc_405b_chunk_0003,AssocGrpLicenseRunMinutes
2528,doc_405b,doc_405b_chunk_0003,AssocGrpMemLimit
2529,doc_405b,doc_405b_chunk_0003,AssocGrpMemMinutes
2530,doc_405b,doc_405b_chunk_0003,AssocGrpMemRunMinutes
2531,doc_405b,doc_405b_chunk_0004,AssocGrpSubmitJobsLimit
2532,doc_405b,doc_405b_chunk_0004,AssocGrpUnknown
2533,doc_405b,doc_405b_chunk_0004,AssocGrpUnknownMinutes
2534,doc_405b,doc_405b_chunk_0004,AssocGrpUnknownRunMinutes
2535,doc_405b,doc_405b_chunk_0004,AssocGrpWallLimit
2536,doc_405b,doc_405b_chunk_0004,AssocMaxBBMinutesPerJob
2537,doc_405b,doc_405b_chunk_0004,AssocMaxBBPerJob
2538,doc_405b,doc_405b_chunk_0004,AssocMaxBBPerNode
2539,doc_405b,doc_405b_chunk_0004,AssocMaxBillingMinutesPerJob
2540,doc_405b,doc_405b_chunk_0004,AssocMaxBillingPerJob
2541,doc_405b,doc_405b_chunk_0005,AssocMaxCpuMinutesPerJobLimit
2542,doc_405b,doc_405b_chunk_0005,AssocMaxCpuPerJobLimit
2543,doc_405b,doc_405b_chunk_0005,AssocMaxCpuPerNode
2544,doc_405b,doc_405b_chunk_0005,AssocMaxEnergyMinutesPerJob
2545,doc_405b,doc_405b_chunk_0005,AssocMaxEnergyPerJob
2546,doc_405b,doc_405b_chunk_0005,AssocMaxEnergyPerNode
2547,doc_405b,doc_405b_chunk_0005,AssocMaxGRESMinutesPerJob
2548,doc_405b,doc_405b_chunk_0005,AssocMaxGRESPerJob
2549,doc_405b,doc_405b_chunk_0005,AssocMaxGRESPerNode
2550,doc_405b,doc_405b_chunk_0005,AssocMaxJobsLimit
2551,doc_405b,doc_405b_chunk_0006,AssocMaxLicenseMinutesPerJob
2552,doc_405b,doc_405b_chunk_0006,AssocMaxLicensePerJob
2553,doc_405b,doc_405b_chunk_0006,AssocMaxMemMinutesPerJob
2554,doc_405b,doc_405b_chunk_0006,AssocMaxMemPerJob
2555,doc_405b,doc_405b_chunk_0006,AssocMaxMemPerNode
2556,doc_405b,doc_405b_chunk_0006,AssocMaxNodeMinutesPerJob
2557,doc_405b,doc_405b_chunk_0006,AssocMaxNodePerJobLimit
2558,doc_405b,doc_405b_chunk_0006,AssocMaxSubmitJobLimit
2559,doc_405b,doc_405b_chunk_0006,AssocMaxUnknownMinutesPerJob
2560,doc_405b,doc_405b_chunk_0006,AssocMaxUnknownPerJob
2561,doc_405b,doc_405b_chunk_0006,AssocMaxUnknownPerNode
2562,doc_405b,doc_405b_chunk_0007,AssocMaxUnknownPerNode
2563,doc_405b,doc_405b_chunk_0007,AssocMaxWallDurationPerJobLimit
2564,doc_405b,doc_405b_chunk_0007,AssociationJobLimit
2565,doc_405b,doc_405b_chunk_0007,AssociationResourceLimit
2566,doc_405b,doc_405b_chunk_0007,AssociationTimeLimit
2567,doc_405b,doc_405b_chunk_0007,BadConstraints
2568,doc_405b,doc_405b_chunk_0007,BeginTime
2569,doc_405b,doc_405b_chunk_0007,BurstBufferOperation
2570,doc_405b,doc_405b_chunk_0007,BurstBufferResources
2571,doc_405b,doc_405b_chunk_0007,BurstBufferStageIn
2572,doc_405b,doc_405b_chunk_0008,BurstBufferStageIn
2573,doc_405b,doc_405b_chunk_0008,Cleaning
2574,doc_405b,doc_405b_chunk_0008,DeadLine
2575,doc_405b,doc_405b_chunk_0008,Dependency
2576,doc_405b,doc_405b_chunk_0008,DependencyNeverSatisfied
2577,doc_405b,doc_405b_chunk_0008,FedJobLock
2578,doc_405b,doc_405b_chunk_0008,InactiveLimit
2579,doc_405b,doc_405b_chunk_0008,InvalidAccount
2580,doc_405b,doc_405b_chunk_0008,InvalidQOS
2581,doc_405b,doc_405b_chunk_0008,JobArrayTaskLimit
2582,doc_405b,doc_405b_chunk_0008,JobHeldAdmin
2583,doc_405b,doc_405b_chunk_0009,JobHeldAdmin
2584,doc_405b,doc_405b_chunk_0009,JobHeldUser
2585,doc_405b,doc_405b_chunk_0009,JobHoldMaxRequeue
2586,doc_405b,doc_405b_chunk_0009,JobLaunchFailure
2587,doc_405b,doc_405b_chunk_0009,Licenses
2588,doc_405b,doc_405b_chunk_0009,MaxBBPerAccount
2589,doc_405b,doc_405b_chunk_0009,MaxBillingPerAccount
2590,doc_405b,doc_405b_chunk_0009,MaxCpuPerAccount
2591,doc_405b,doc_405b_chunk_0009,MaxEnergyPerAccount
2592,doc_405b,doc_405b_chunk_0009,MaxGRESPerAccount
2593,doc_405b,doc_405b_chunk_0009,MaxJobsPerAccount
2594,doc_405b,doc_405b_chunk_0009,MaxLicensePerAccount
2595,doc_405b,doc_405b_chunk_0009,MaxMemoryPerAccount
2596,doc_405b,doc_405b_chunk_0009,MaxMemPerLimit
2597,doc_405b,doc_405b_chunk_0010,MaxNodePerAccount
2598,doc_405b,doc_405b_chunk_0010,MaxSubmitJobsPerAccount
2599,doc_405b,doc_405b_chunk_0010,MaxUnknownPerAccount
2600,doc_405b,doc_405b_chunk_0010,NodeDown
2601,doc_405b,doc_405b_chunk_0010,NonZeroExitCode
2602,doc_405b,doc_405b_chunk_0010,None
2603,doc_405b,doc_405b_chunk_0010,OutOfMemory
2604,doc_405b,doc_405b_chunk_0010,PartitionConfig
2605,doc_405b,doc_405b_chunk_0010,PartitionDown
2606,doc_405b,doc_405b_chunk_0010,PartitionInactive
2607,doc_405b,doc_405b_chunk_0010,PartitionNodeLimit
2608,doc_405b,doc_405b_chunk_0011,PartitionNodeLimit
2609,doc_405b,doc_405b_chunk_0011,PartitionTimeLimit
2610,doc_405b,doc_405b_chunk_0011,Priority
2611,doc_405b,doc_405b_chunk_0011,Prolog
2612,doc_405b,doc_405b_chunk_0011,QOSGrpBB
2613,doc_405b,doc_405b_chunk_0011,QOSGrpBBMinutes
2614,doc_405b,doc_405b_chunk_0011,QOSGrpBBRunMinutes
2615,doc_405b,doc_405b_chunk_0011,QOSGrpBilling
2616,doc_405b,doc_405b_chunk_0011,QOSGrpBillingMinutes
2617,doc_405b,doc_405b_chunk_0011,QOSGrpBillingRunMinutes
2618,doc_405b,doc_405b_chunk_0011,QOSGrpCpuLimit
2619,doc_405b,doc_405b_chunk_0011,QOSGrpCPUMinutesLimit
2620,doc_405b,doc_405b_chunk_0012,QOSGrpCPUMinutesLimit
2621,doc_405b,doc_405b_chunk_0012,QOSGrpCPURunMinutesLimit
2622,doc_405b,doc_405b_chunk_0012,QOSGrpEnergy
2623,doc_405b,doc_405b_chunk_0012,QOSGrpEnergyMinutes
2624,doc_405b,doc_405b_chunk_0012,QOSGrpEnergyRunMinutes
2625,doc_405b,doc_405b_chunk_0012,QOSGrpGRES
2626,doc_405b,doc_405b_chunk_0012,QOSGrpGRESMinutes
2627,doc_405b,doc_405b_chunk_0012,QOSGrpGRESRunMinutes
2628,doc_405b,doc_405b_chunk_0012,QOSGrpJobsLimit
2629,doc_405b,doc_405b_chunk_0012,QOSGrpLicense
2630,doc_405b,doc_405b_chunk_0013,QOSGrpNodeLimit
2631,doc_405b,doc_405b_chunk_0013,QOSGrpNodeMinutes
2632,doc_405b,doc_405b_chunk_0013,QOSGrpNodeRunMinutes
2633,doc_405b,doc_405b_chunk_0013,QOSGrpSubmitJobsLimit
2634,doc_405b,doc_405b_chunk_0013,QOSGrpUnknown
2635,doc_405b,doc_405b_chunk_0013,QOSGrpUnknownMinutes
2636,doc_405b,doc_405b_chunk_0013,QOSGrpUnknownRunMinutes
2637,doc_405b,doc_405b_chunk_0013,QOSGrpWallLimit
2638,doc_405b,doc_405b_chunk_0013,QOSJobLimit
2639,doc_405b,doc_405b_chunk_0013,QOSMaxBBMinutesPerJob
2640,doc_405b,doc_405b_chunk_0013,QOSMaxBBPerJob
2641,doc_405b,doc_405b_chunk_0014,QOSMaxBBPerNode
2642,doc_405b,doc_405b_chunk_0014,QOSMaxBBPerUser
2643,doc_405b,doc_405b_chunk_0014,QOSMaxBillingMinutesPerJob
2644,doc_405b,doc_405b_chunk_0014,QOSMaxBillingPerJob
2645,doc_405b,doc_405b_chunk_0014,QOSMaxBillingPerNode
2646,doc_405b,doc_405b_chunk_0014,QOSMaxBillingPerUser
2647,doc_405b,doc_405b_chunk_0014,QOSMaxCpuMinutesPerJobLimit
2648,doc_405b,doc_405b_chunk_0014,QOSMaxCpuPerJobLimit
2649,doc_405b,doc_405b_chunk_0014,QOSMaxCpuPerNode
2650,doc_405b,doc_405b_chunk_0014,QOSMaxCpuPerUserLimit
2651,doc_405b,doc_405b_chunk_0015,QOSMaxEnergyPerJob
2652,doc_405b,doc_405b_chunk_0015,QOSMaxEnergyPerNode
2653,doc_405b,doc_405b_chunk_0015,QOSMaxEnergyPerUser
2654,doc_405b,doc_405b_chunk_0015,QOSMaxGRESMinutesPerJob
2655,doc_405b,doc_405b_chunk_0015,QOSMaxGRESPerJob
2656,doc_405b,doc_405b_chunk_0015,QOSMaxGRESPerNode
2657,doc_405b,doc_405b_chunk_0015,QOSMaxGRESPerUser
2658,doc_405b,doc_405b_chunk_0015,QOSMaxJobsPerUserLimit
2659,doc_405b,doc_405b_chunk_0015,QOSMaxLicenseMinutesPerJob
2660,doc_405b,doc_405b_chunk_0015,QOSMaxLicensePerJob
2661,doc_405b,doc_405b_chunk_0016,QOSMaxMemoryMinutesPerJob
2662,doc_405b,doc_405b_chunk_0016,QOSMaxMemoryPerJob
2663,doc_405b,doc_405b_chunk_0016,QOSMaxMemoryPerNode
2664,doc_405b,doc_405b_chunk_0016,QOSMaxMemoryPerUser
2665,doc_405b,doc_405b_chunk_0016,QOSMaxNodeMinutesPerJob
2666,doc_405b,doc_405b_chunk_0016,QOSMaxNodePerJobLimit
2667,doc_405b,doc_405b_chunk_0016,QOSMaxNodePerUserLimit
2668,doc_405b,doc_405b_chunk_0016,QOSMaxSubmitJobPerUserLimit
2669,doc_405b,doc_405b_chunk_0016,QOSMaxUnknownMinutesPerJob
2670,doc_405b,doc_405b_chunk_0016,QOSMaxUnknownPerJob
2671,doc_405b,doc_405b_chunk_0016,QOSMaxUnknownPerNode
2672,doc_405b,doc_405b_chunk_0017,QOSMaxUnknownPerNode
2673,doc_405b,doc_405b_chunk_0017,QOSMaxUnknownPerUser
2674,doc_405b,doc_405b_chunk_0017,QOSMaxWallDurationPerJobLimit
2675,doc_405b,doc_405b_chunk_0017,QOSMinBB
2676,doc_405b,doc_405b_chunk_0017,QOSMinBilling
2677,doc_405b,doc_405b_chunk_0017,QOSMinCpuNotSatisfied
2678,doc_405b,doc_405b_chunk_0017,QOSMinEnergy
2679,doc_405b,doc_405b_chunk_0017,QOSMinGRES
2680,doc_405b,doc_405b_chunk_0017,QOSMinLicense
2681,doc_405b,doc_405b_chunk_0017,QOSMinMemory
2682,doc_405b,doc_405b_chunk_0018,QOSMinMemory
2683,doc_405b,doc_405b_chunk_0018,QOSMinNode
2684,doc_405b,doc_405b_chunk_0018,QOSMinUnknown
2685,doc_405b,doc_405b_chunk_0018,QOSNotAllowed
2686,doc_405b,doc_405b_chunk_0018,QOSResourceLimit
2687,doc_405b,doc_405b_chunk_0018,QOSTimeLimit
2688,doc_405b,doc_405b_chunk_0018,QOSUsageThreshold
2689,doc_405b,doc_405b_chunk_0018,ReqNodeNotAvail
2690,doc_405b,doc_405b_chunk_0018,UnavailableNodes
2691,doc_405b,doc_405b_chunk_0018,DOWN
2692,doc_405b,doc_405b_chunk_0018,DRAINED
2693,doc_405b,doc_405b_chunk_0018,scheduler states
2694,doc_405b,doc_405b_chunk_0018,job states
2695,doc_405b,doc_405b_chunk_0018,reason field
2696,doc_405b,doc_405b_chunk_0019,UnavailableNodes
2697,doc_405b,doc_405b_chunk_0019,job's reason
2698,doc_405b,doc_405b_chunk_0019,Reservation
2699,doc_405b,doc_405b_chunk_0019,advanced reservation
2700,doc_405b,doc_405b_chunk_0019,ReservationDeleted
2701,doc_405b,doc_405b_chunk_0019,resources
2702,doc_405b,doc_405b_chunk_0019,SchedDefer
2703,doc_405b,doc_405b_chunk_0019,SchedulerParameters
2704,doc_405b,doc_405b_chunk_0019,slurm.conf
2705,doc_405b,doc_405b_chunk_0019,SystemFailure
2706,doc_405b,doc_405b_chunk_0019,Slurm system
2707,doc_405b,doc_405b_chunk_0019,file system
2708,doc_405b,doc_405b_chunk_0019,network
2709,doc_405b,doc_405b_chunk_0019,TimeLimit
2710,doc_4387,doc_4387_chunk_0001,Slurm
2711,doc_4387,doc_4387_chunk_0001,sacct
2712,doc_4387,doc_4387_chunk_0001,sstat
2713,doc_4387,doc_4387_chunk_0001,sreport
2714,doc_4387,doc_4387_chunk_0001,AccountingStorageType
2715,doc_4387,doc_4387_chunk_0001,SlurmDBD
2716,doc_4387,doc_4387_chunk_0001,JobAcctGatherType
2717,doc_4387,doc_4387_chunk_0001,jobacct_gather/linux
2718,doc_4387,doc_4387_chunk_0001,jobacct_gather/cgroup
2719,doc_4387,doc_4387_chunk_0001,jobacct_gather/none
2720,doc_4387,doc_4387_chunk_0001,JobCompType
2721,doc_4387,doc_4387_chunk_0001,job completion information
2722,doc_4387,doc_4387_chunk_0001,text file
2723,doc_4387,doc_4387_chunk_0001,job and job step information
2724,doc_4387,doc_4387_chunk_0001,resource usage
2725,doc_4387,doc_4387_chunk_0002,JobCompType
2726,doc_4387,doc_4387_chunk_0002,sacct
2727,doc_4387,doc_4387_chunk_0002,sreport
2728,doc_4387,doc_4387_chunk_0002,sacctmgr
2729,doc_4387,doc_4387_chunk_0002,AccountingStorageType
2730,doc_4387,doc_4387_chunk_0002,JobAcctGatherType
2731,doc_4387,doc_4387_chunk_0002,slurmctld
2732,doc_4387,doc_4387_chunk_0002,slurm.conf
2733,doc_4387,doc_4387_chunk_0002,JobCompLoc
2734,doc_4387,doc_4387_chunk_0002,logrotate
2735,doc_4387,doc_4387_chunk_0002,SIGUSR2
2736,doc_4387,doc_4387_chunk_0002,SlurmDBD
2737,doc_4387,doc_4387_chunk_0002,Slurm Database Daemon
2738,doc_4387,doc_4387_chunk_0002,user name and password data
2739,doc_4387,doc_4387_chunk_0002,database security
2740,doc_4387,doc_4387_chunk_0003,SlurmDBD
2741,doc_4387,doc_4387_chunk_0003,Slurm Database Daemon
2742,doc_4387,doc_4387_chunk_0003,sacctmgr
2743,doc_4387,doc_4387_chunk_0003,slurmctld
2744,doc_4387,doc_4387_chunk_0003,slurm
2745,doc_4387,doc_4387_chunk_0003,slurm-slurmdbd
2746,doc_4387,doc_4387_chunk_0003,RPMs
2747,doc_4387,doc_4387_chunk_0003,MySQL plugin
2748,doc_4387,doc_4387_chunk_0003,SlurmSQL
2749,doc_4387,doc_4387_chunk_0003,sacctmgr list cluster
2750,doc_4387,doc_4387_chunk_0003,sacctmgr add cluster
2751,doc_4387,doc_4387_chunk_0003,internal cache
2752,doc_4387,doc_4387_chunk_0003,local storage
2753,doc_4387,doc_4387_chunk_0004,SlurmDBD
2754,doc_4387,doc_4387_chunk_0004,user naming
2755,doc_4387,doc_4387_chunk_0004,ID
2756,doc_4387,doc_4387_chunk_0004,accounting
2757,doc_4387,doc_4387_chunk_0004,user name
2758,doc_4387,doc_4387_chunk_0004,user ID numbers
2759,doc_4387,doc_4387_chunk_0004,SlurmUser
2760,doc_4387,doc_4387_chunk_0004,administrators
2761,doc_4387,doc_4387_chunk_0004,limits
2762,doc_4387,doc_4387_chunk_0004,PreserveCaseUser
2763,doc_4387,doc_4387_chunk_0004,slurmdbd.conf
2764,doc_4387,doc_4387_chunk_0004,MUNGE
2765,doc_4387,doc_4387_chunk_0004,authentication
2766,doc_4387,doc_4387_chunk_0004,local domain socket
2767,doc_4387,doc_4387_chunk_0004,slurm.conf
2768,doc_4387,doc_4387_chunk_0004,UID
2769,doc_4387,doc_4387_chunk_0005,MUNGE
2770,doc_4387,doc_4387_chunk_0005,passwd file
2771,doc_4387,doc_4387_chunk_0005,sacctmgr
2772,doc_4387,doc_4387_chunk_0005,LDAP server
2773,doc_4387,doc_4387_chunk_0005,Storage Backup Host
2774,doc_4387,doc_4387_chunk_0005,AccountingStorageBackupHost
2775,doc_4387,doc_4387_chunk_0005,slurmdbd.conf
2776,doc_4387,doc_4387_chunk_0005,DbdBackupHost
2777,doc_4387,doc_4387_chunk_0005,slurm.conf
2778,doc_4387,doc_4387_chunk_0005,slurmdbd
2779,doc_4387,doc_4387_chunk_0005,database
2780,doc_4387,doc_4387_chunk_0005,JobComp Configuration
2781,doc_4387,doc_4387_chunk_0005,JobCompHost
2782,doc_4387,doc_4387_chunk_0005,JobCompLoc
2783,doc_4387,doc_4387_chunk_0006,JobCompPort
2784,doc_4387,doc_4387_chunk_0006,database
2785,doc_4387,doc_4387_chunk_0006,JobCompType
2786,doc_4387,doc_4387_chunk_0006,jobcomp/mysql
2787,doc_4387,doc_4387_chunk_0006,jobcomp/filetxt
2788,doc_4387,doc_4387_chunk_0006,JobCompUser
2789,doc_4387,doc_4387_chunk_0006,JobCompParams
2790,doc_4387,doc_4387_chunk_0006,Slurm Accounting Configuration
2791,doc_4387,doc_4387_chunk_0006,AccountingStorageType
2792,doc_4387,doc_4387_chunk_0006,accounting_storage/slurmdbd
2793,doc_4387,doc_4387_chunk_0006,associations
2794,doc_4387,doc_4387_chunk_0006,cluster
2795,doc_4387,doc_4387_chunk_0006,user
2796,doc_4387,doc_4387_chunk_0006,account
2797,doc_4387,doc_4387_chunk_0006,partition
2798,doc_4387,doc_4387_chunk_0006,MySQL
2799,doc_4387,doc_4387_chunk_0006,MariaDB
2800,doc_4387,doc_4387_chunk_0007,Slurm
2801,doc_4387,doc_4387_chunk_0007,InnoDB
2802,doc_4387,doc_4387_chunk_0007,MySQL
2803,doc_4387,doc_4387_chunk_0007,MariaDB
2804,doc_4387,doc_4387_chunk_0007,mysql_config
2805,doc_4387,doc_4387_chunk_0007,--with-mysql_conf
2806,doc_4387,doc_4387_chunk_0007,innodb_buffer_pool_size
2807,doc_4387,doc_4387_chunk_0007,available memory
2808,doc_4387,doc_4387_chunk_0007,4 GiB
2809,doc_4387,doc_4387_chunk_0007,innodb_log_file_size
2810,doc_4387,doc_4387_chunk_0007,innodb_log_files_in_group
2811,doc_4387,doc_4387_chunk_0007,innodb_redo_log_capacity
2812,doc_4387,doc_4387_chunk_0008,innodb_buffer_pool_size
2813,doc_4387,doc_4387_chunk_0008,4096M
2814,doc_4387,doc_4387_chunk_0008,innodb_log_file_size
2815,doc_4387,doc_4387_chunk_0008,1024M
2816,doc_4387,doc_4387_chunk_0008,innodb_lock_wait_timeout
2817,doc_4387,doc_4387_chunk_0008,max_allowed_packet
2818,doc_4387,doc_4387_chunk_0008,16M
2819,doc_4387,doc_4387_chunk_0008,COMPACT
2820,doc_4387,doc_4387_chunk_0008,DYNAMIC
2821,doc_4387,doc_4387_chunk_0008,row format
2822,doc_4387,doc_4387_chunk_0009,SlurmDBD
2823,doc_4387,doc_4387_chunk_0009,slurmdbd.conf
2824,doc_4387,doc_4387_chunk_0009,innodb_default_row_format
2825,doc_4387,doc_4387_chunk_0009,dynamic
2826,doc_4387,doc_4387_chunk_0009,SHOW TABLE STATUS
2827,doc_4387,doc_4387_chunk_0009,db_name
2828,doc_4387,doc_4387_chunk_0009,MySQL databases
2829,doc_4387,doc_4387_chunk_0009,case-insensitive collation
2830,doc_4387,doc_4387_chunk_0009,information_schema.schemata
2831,doc_4387,doc_4387_chunk_0009,SELECT default_collation_name
2832,doc_4387,doc_4387_chunk_0009,information_schema.columns
2833,doc_4387,doc_4387_chunk_0009,AccountingStorageEnforce
2834,doc_4387,doc_4387_chunk_0009,associations
2835,doc_4387,doc_4387_chunk_0010,qos
2836,doc_4387,doc_4387_chunk_0010,nojobs
2837,doc_4387,doc_4387_chunk_0010,nosteps
2838,doc_4387,doc_4387_chunk_0010,Quality of Service
2839,doc_4387,doc_4387_chunk_0010,QOS values
2840,doc_4387,doc_4387_chunk_0010,associations
2841,doc_4387,doc_4387_chunk_0010,limits
2842,doc_4387,doc_4387_chunk_0010,safe
2843,doc_4387,doc_4387_chunk_0010,TRES-minutes
2844,doc_4387,doc_4387_chunk_0010,wckeys
2845,doc_4387,doc_4387_chunk_0011,wckeys
2846,doc_4387,doc_4387_chunk_0011,associations
2847,doc_4387,doc_4387_chunk_0011,TrackWCKey
2848,doc_4387,doc_4387_chunk_0011,cluster
2849,doc_4387,doc_4387_chunk_0011,account
2850,doc_4387,doc_4387_chunk_0011,user names
2851,doc_4387,doc_4387_chunk_0011,partition name
2852,doc_4387,doc_4387_chunk_0011,AccountingStorageEnforce
2853,doc_4387,doc_4387_chunk_0011,Slurm
2854,doc_4387,doc_4387_chunk_0011,AccountingStorageExternalHost
2855,doc_4387,doc_4387_chunk_0011,AccountingStoragePort
2856,doc_4387,doc_4387_chunk_0011,AccountingStorageDBD
2857,doc_4387,doc_4387_chunk_0011,MUNGE authentication
2858,doc_4387,doc_4387_chunk_0011,AccountingStoragePass
2859,doc_4387,doc_4387_chunk_0011,munge daemon
2860,doc_4387,doc_4387_chunk_0011,global.socket.2
2861,doc_4387,doc_4387_chunk_0012,SlurmDBD
2862,doc_4387,doc_4387_chunk_0012,AccountingStoragePort
2863,doc_4387,doc_4387_chunk_0012,AccountingStorageType
2864,doc_4387,doc_4387_chunk_0012,ClusterName
2865,doc_4387,doc_4387_chunk_0012,TrackWCKey
2866,doc_4387,doc_4387_chunk_0012,wckey
2867,doc_4387,doc_4387_chunk_0012,slurmdbd.conf
2868,doc_4387,doc_4387_chunk_0012,slurmdbd.conf(5)
2869,doc_4387,doc_4387_chunk_0012,AuthInfo
2870,doc_4387,doc_4387_chunk_0012,MUNGE
2871,doc_4387,doc_4387_chunk_0012,named socket
2872,doc_4387,doc_4387_chunk_0012,enterprise-wide
2873,doc_4387,doc_4387_chunk_0013,SlurmDBD
2874,doc_4387,doc_4387_chunk_0013,MUNGE daemon
2875,doc_4387,doc_4387_chunk_0013,AuthInfo
2876,doc_4387,doc_4387_chunk_0013,AuthType
2877,doc_4387,doc_4387_chunk_0013,communications
2878,doc_4387,doc_4387_chunk_0013,auth/munge
2879,doc_4387,doc_4387_chunk_0013,machine
2880,doc_4387,doc_4387_chunk_0013,lx0001
2881,doc_4387,doc_4387_chunk_0013,SLURMDBD_PORT
2882,doc_4387,doc_4387_chunk_0013,AccountingStoragePort
2883,doc_4387,doc_4387_chunk_0013,slurm.conf
2884,doc_4387,doc_4387_chunk_0013,LogFile
2885,doc_4387,doc_4387_chunk_0013,syslog
2886,doc_4387,doc_4387_chunk_0013,slurm plugins
2887,doc_4387,doc_4387_chunk_0013,directories
2888,doc_4387,doc_4387_chunk_0014,Slurmdbd daemon
2889,doc_4387,doc_4387_chunk_0014,SlurmUser
2890,doc_4387,doc_4387_chunk_0014,root
2891,doc_4387,doc_4387_chunk_0014,slurmdbd
2892,doc_4387,doc_4387_chunk_0014,slurmctld
2893,doc_4387,doc_4387_chunk_0014,accounting
2894,doc_4387,doc_4387_chunk_0014,StorageHost
2895,doc_4387,doc_4387_chunk_0014,StorageLoc
2896,doc_4387,doc_4387_chunk_0014,slurm_acct_db
2897,doc_4387,doc_4387_chunk_0014,StoragePass
2898,doc_4387,doc_4387_chunk_0014,StoragePort
2899,doc_4387,doc_4387_chunk_0014,accounting storage mechanism
2900,doc_4387,doc_4387_chunk_0015,accounting_storage/mysql
2901,doc_4387,doc_4387_chunk_0015,Slurm
2902,doc_4387,doc_4387_chunk_0015,StorageLoc
2903,doc_4387,doc_4387_chunk_0015,StorageUser
2904,doc_4387,doc_4387_chunk_0015,MySQL
2905,doc_4387,doc_4387_chunk_0015,MariaDB
2906,doc_4387,doc_4387_chunk_0015,GRANT
2907,doc_4387,doc_4387_chunk_0015,StorageHost
2908,doc_4387,doc_4387_chunk_0015,mysql user
2909,doc_4387,doc_4387_chunk_0015,database permissions
2910,doc_4387,doc_4387_chunk_0015,MySQL configuration
2911,doc_4387,doc_4387_chunk_0015,*.*
2912,doc_4387,doc_4387_chunk_0015,StorageLoc.*
2913,doc_4387,doc_4387_chunk_0016,MySQL
2914,doc_4387,doc_4387_chunk_0016,snowflake
2915,doc_4387,doc_4387_chunk_0016,slurm
2916,doc_4387,doc_4387_chunk_0016,slurm_acct_db
2917,doc_4387,doc_4387_chunk_0016,localhost
2918,doc_4387,doc_4387_chunk_0016,system0
2919,doc_4387,doc_4387_chunk_0016,password
2920,doc_4387,doc_4387_chunk_0016,grant
2921,doc_4387,doc_4387_chunk_0016,create user
2922,doc_4387,doc_4387_chunk_0017,SlurmDBD
2923,doc_4387,doc_4387_chunk_0017,slurm_acct_db
2924,doc_4387,doc_4387_chunk_0017,mysql
2925,doc_4387,doc_4387_chunk_0017,grant
2926,doc_4387,doc_4387_chunk_0017,slurm
2927,doc_4387,doc_4387_chunk_0017,system0
2928,doc_4387,doc_4387_chunk_0017,some_pass
2929,doc_4387,doc_4387_chunk_0017,InnoDB
2930,doc_4387,doc_4387_chunk_0017,SHOW ENGINES
2931,doc_4387,doc_4387_chunk_0017,create database
2932,doc_4387,doc_4387_chunk_0017,/usr/sbin/slurmdbd
2933,doc_4387,doc_4387_chunk_0017,/etc/init.d/slurmdbd
2934,doc_4387,doc_4387_chunk_0017,ps aux
2935,doc_4387,doc_4387_chunk_0017,grep slurmdbd
2936,doc_4387,doc_4387_chunk_0017,-v
2937,doc_4387,doc_4387_chunk_0018,SlurmDBD
2938,doc_4387,doc_4387_chunk_0018,-v
2939,doc_4387,doc_4387_chunk_0018,-D
2940,doc_4387,doc_4387_chunk_0018,SlurmDBD Archive
2941,doc_4387,doc_4387_chunk_0018,Purge
2942,doc_4387,doc_4387_chunk_0018,sacctmgr
2943,doc_4387,doc_4387_chunk_0018,Archive${*}
2944,doc_4387,doc_4387_chunk_0018,Purge${*}After
2945,doc_4387,doc_4387_chunk_0018,slurmdbd.conf(5)
2946,doc_4387,doc_4387_chunk_0018,PurgeJobsAfter
2947,doc_4387,doc_4387_chunk_0018,units
2948,doc_4387,doc_4387_chunk_0018,Archive Server
2949,doc_4387,doc_4387_chunk_0018,archive instance
2950,doc_4387,doc_4387_chunk_0018,MySQL/MariaDB
2951,doc_4387,doc_4387_chunk_0019,mysqldump
2952,doc_4387,doc_4387_chunk_0019,<slurm_user>
2953,doc_4387,doc_4387_chunk_0019,<db_name>
2954,doc_4387,doc_4387_chunk_0019,<cluster>
2955,doc_4387,doc_4387_chunk_0019,_assoc_table
2956,doc_4387,doc_4387_chunk_0019,tres_table
2957,doc_4387,doc_4387_chunk_0019,slurm.sql
2958,doc_4387,doc_4387_chunk_0019,sacct
2959,doc_4387,doc_4387_chunk_0019,sacctmgr
2960,doc_4387,doc_4387_chunk_0019,sreport
2961,doc_4387,doc_4387_chunk_0019,SlurmDBD daemon
2962,doc_4387,doc_4387_chunk_0019,running and completed jobs
2963,doc_4387,doc_4387_chunk_0019,man pages
2964,doc_4387,doc_4387_chunk_0019,sites
2965,doc_4387,doc_4387_chunk_0019,additional control
2966,doc_4387,doc_4387_chunk_0019,usage reports
2967,doc_4387,doc_4387_chunk_0020,sreport
2968,doc_4387,doc_4387_chunk_0020,Grafana
2969,doc_4387,doc_4387_chunk_0020,InfluxDB
2970,doc_4387,doc_4387_chunk_0020,Prometheus
2971,doc_4387,doc_4387_chunk_0020,sacctmgr
2972,doc_4387,doc_4387_chunk_0020,Association
2973,doc_4387,doc_4387_chunk_0020,cluster
2974,doc_4387,doc_4387_chunk_0020,account
2975,doc_4387,doc_4387_chunk_0020,user names
2976,doc_4387,doc_4387_chunk_0020,partition name
2977,doc_4387,doc_4387_chunk_0020,snowflake
2978,doc_4387,doc_4387_chunk_0020,none
2979,doc_4387,doc_4387_chunk_0020,test
2980,doc_4387,doc_4387_chunk_0020,slurmctld
2981,doc_4387,doc_4387_chunk_0020,sacctmgr add cluster
2982,doc_4387,doc_4387_chunk_0020,sacctmgr add account
2983,doc_4387,doc_4387_chunk_0020,Description
2984,doc_4387,doc_4387_chunk_0021,sacctmgr
2985,doc_4387,doc_4387_chunk_0021,add account
2986,doc_4387,doc_4387_chunk_0021,science
2987,doc_4387,doc_4387_chunk_0021,chemistry
2988,doc_4387,doc_4387_chunk_0021,physics
2989,doc_4387,doc_4387_chunk_0021,Description
2990,doc_4387,doc_4387_chunk_0021,Organization
2991,doc_4387,doc_4387_chunk_0021,parent=
2992,doc_4387,doc_4387_chunk_0021,sacctmgr add user
2993,doc_4387,doc_4387_chunk_0021,brian
2994,doc_4387,doc_4387_chunk_0021,Account
2995,doc_4387,doc_4387_chunk_0021,DefaultAccount
2996,doc_4387,doc_4387_chunk_0021,Cluster name
2997,doc_4387,doc_4387_chunk_0021,Cluster=
2998,doc_4387,doc_4387_chunk_0021,Description=
2999,doc_4387,doc_4387_chunk_0021,Name=
3000,doc_4387,doc_4387_chunk_0021,Organization=
3001,doc_4387,doc_4387_chunk_0021,AdminLevel
3002,doc_4387,doc_4387_chunk_0022,sacctmgr
3003,doc_4387,doc_4387_chunk_0022,Account
3004,doc_4387,doc_4387_chunk_0022,AdminLevel
3005,doc_4387,doc_4387_chunk_0022,Operator
3006,doc_4387,doc_4387_chunk_0022,SlurmDBD
3007,doc_4387,doc_4387_chunk_0022,PrivateData
3008,doc_4387,doc_4387_chunk_0022,Reservations
3009,doc_4387,doc_4387_chunk_0022,Admin
3010,doc_4387,doc_4387_chunk_0022,Cluster
3011,doc_4387,doc_4387_chunk_0022,DefaultAccount
3012,doc_4387,doc_4387_chunk_0022,DefaultWCKey
3013,doc_4387,doc_4387_chunk_0022,Name
3014,doc_4387,doc_4387_chunk_0022,NewName
3015,doc_4387,doc_4387_chunk_0022,Partition
3016,doc_4387,doc_4387_chunk_0022,Resource Limits
3017,doc_4387,doc_4387_chunk_0022,AccountingStorageEnforce
3018,doc_4387,doc_4387_chunk_0022,slurm.conf
3019,doc_4387,doc_4387_chunk_0022,modify
3020,doc_4387,doc_4387_chunk_0022,set
3021,doc_4387,doc_4387_chunk_0023,sacctmgr
3022,doc_4387,doc_4387_chunk_0023,modify
3023,doc_4387,doc_4387_chunk_0023,entity
3024,doc_4387,doc_4387_chunk_0023,options
3025,doc_4387,doc_4387_chunk_0023,user
3026,doc_4387,doc_4387_chunk_0023,default
3027,doc_4387,doc_4387_chunk_0023,slurm daemons
3028,doc_4387,doc_4387_chunk_0023,remove
3029,doc_4387,doc_4387_chunk_0023,entities
3030,doc_4387,doc_4387_chunk_0023,slurm database
3031,doc_4387,doc_4387_chunk_0023,slurmctld
3032,doc_4387,doc_4387_chunk_0023,accounting
3033,doc_4387,doc_4387_chunk_0023,parallel computing
3034,doc_4387,doc_4387_chunk_0023,task level
3035,doc_4387,doc_4387_chunk_0023,slurm accounting
3036,doc_4387,doc_4387_chunk_0024,task level
3037,doc_4387,doc_4387_chunk_0024,JobAcctGather plugin
3038,doc_4387,doc_4387_chunk_0024,srun
3039,doc_4387,doc_4387_chunk_0024,JobAcctGatherFrequency
3040,doc_4387,doc_4387_chunk_0024,slurm.conf
3041,doc_4387,doc_4387_chunk_0024,--acct-freq
3042,doc_4387,doc_4387_chunk_0024,Trackable Resources (TRES)
3043,doc_4387,doc_4387_chunk_0024,cpu
3044,doc_4387,doc_4387_chunk_0024,memory
3045,doc_4387,doc_4387_chunk_0024,energy
3046,doc_4387,doc_4387_chunk_0024,sstat
3047,doc_4387,doc_4387_chunk_0024,TresUsageInTot
3048,doc_4387,doc_4387_chunk_0024,TresUsageInMax
3049,doc_4387,doc_4387_chunk_0024,TresUsageInMaxNode
3050,doc_4387,doc_4387_chunk_0024,TresUsageInMaxTask
3051,doc_4387,doc_4387_chunk_0025,sacct
3052,doc_4387,doc_4387_chunk_0025,TresUsage*
3053,doc_4387,doc_4387_chunk_0025,TresUsageInTot
3054,doc_4387,doc_4387_chunk_0025,memory
3055,doc_4387,doc_4387_chunk_0025,TresUsageInAve
3056,doc_4387,doc_4387_chunk_0025,TresUsageInMax
3057,doc_4387,doc_4387_chunk_0025,MaxRSS
3058,doc_4387,doc_4387_chunk_0025,outlier task
3059,doc_4387,doc_4387_chunk_0025,issue
3060,doc_4387,doc_4387_chunk_0025,profiling
3061,doc_4387,doc_4387_chunk_0025,HDF5
3062,doc_4387,doc_4387_chunk_0025,InfluxDB
3063,doc_4387,doc_4387_chunk_0025,accounting data
3064,doc_4387,doc_4387_chunk_0025,visualize
3065,doc_4600,doc_4600_chunk_0001,job_container/tmpfs
3066,doc_4600,doc_4600_chunk_0001,job-specific
3067,doc_4600,doc_4600_chunk_0001,private temporary file system space
3068,doc_4600,doc_4600_chunk_0001,job termination
3069,doc_4600,doc_4600_chunk_0001,job_container.conf
3070,doc_4600,doc_4600_chunk_0001,Dirs=
3071,doc_4600,doc_4600_chunk_0001,slurm.conf
3072,doc_4600,doc_4600_chunk_0001,JobContainerType
3073,doc_4600,doc_4600_chunk_0001,PrologFlags
3074,doc_4600,doc_4600_chunk_0001,contain
3075,doc_4600,doc_4600_chunk_0001,all nodes
3076,doc_4600,doc_4600_chunk_0001,AutoBasePath
3077,doc_4600,doc_4600_chunk_0001,BasePath
3078,doc_4600,doc_4600_chunk_0001,Initial Testing
3079,doc_4600,doc_4600_chunk_0001,srun
3080,doc_4600,doc_4600_chunk_0001,ls -al
3081,doc_4600,doc_4600_chunk_0002,/tmp
3082,doc_4600,doc_4600_chunk_0002,$BasePath
3083,doc_4600,doc_4600_chunk_0002,$JobID
3084,doc_4600,doc_4600_chunk_0002,job
3085,doc_4600,doc_4600_chunk_0002,root
3086,doc_4600,doc_4600_chunk_0002,SPANK api
3087,doc_4600,doc_4600_chunk_0002,spank_task_init_privileged()
3088,doc_4600,doc_4600_chunk_0002,spank_task_init()
3089,doc_4600,doc_4600_chunk_0002,TaskProlog
3090,doc_4657,doc_4657_chunk_0001,Slurm
3091,doc_4657,doc_4657_chunk_0001,Slurm version 25.05
3092,doc_4657,doc_4657_chunk_0001,Slurm Users Quick Start User Guide
3093,doc_4657,doc_4657_chunk_0001,Command/option Summary
3094,doc_4657,doc_4657_chunk_0001,Slurm documentation
3095,doc_4657,doc_4657_chunk_0001,older versions of Slurm
3096,doc_4657,doc_4657_chunk_0001,source
3097,doc_4657,doc_4657_chunk_0001,archive
3098,doc_48b2,doc_48b2_chunk_0001,Slurm
3099,doc_48b2,doc_48b2_chunk_0001,sacct
3100,doc_48b2,doc_48b2_chunk_0001,sacctmgr
3101,doc_48b2,doc_48b2_chunk_0001,salloc
3102,doc_48b2,doc_48b2_chunk_0001,sattach
3103,doc_48b2,doc_48b2_chunk_0001,sbatch
3104,doc_48b2,doc_48b2_chunk_0001,sbcast
3105,doc_48b2,doc_48b2_chunk_0001,scancel
3106,doc_48b2,doc_48b2_chunk_0001,scontrol
3107,doc_48b2,doc_48b2_chunk_0001,scrontab
3108,doc_48b2,doc_48b2_chunk_0001,sdiag
3109,doc_48b2,doc_48b2_chunk_0001,sinfo
3110,doc_48b2,doc_48b2_chunk_0001,sprio
3111,doc_48b2,doc_48b2_chunk_0001,squeue
3112,doc_48b2,doc_48b2_chunk_0001,sreport
3113,doc_48b2,doc_48b2_chunk_0001,srun
3114,doc_48b2,doc_48b2_chunk_0001,sshare
3115,doc_48b2,doc_48b2_chunk_0001,sstat
3116,doc_48b2,doc_48b2_chunk_0001,strigger
3117,doc_48b2,doc_48b2_chunk_0002,Slurm
3118,doc_48b2,doc_48b2_chunk_0002,sacct
3119,doc_48b2,doc_48b2_chunk_0002,salloc
3120,doc_48b2,doc_48b2_chunk_0002,shell
3121,doc_48b2,doc_48b2_chunk_0002,srun
3122,doc_48b2,doc_48b2_chunk_0002,sattach
3123,doc_48b2,doc_48b2_chunk_0002,sbatch
3124,doc_48b2,doc_48b2_chunk_0002,sbcast
3125,doc_48b2,doc_48b2_chunk_0002,job script
3126,doc_48b2,doc_48b2_chunk_0002,parallel tasks
3127,doc_48b2,doc_48b2_chunk_0002,local disk
3128,doc_48b2,doc_48b2_chunk_0002,diskless compute nodes
3129,doc_48b2,doc_48b2_chunk_0002,shared file system
3130,doc_48b2,doc_48b2_chunk_0002,command option --help
3131,doc_48b2,doc_48b2_chunk_0002,case sensitive
3132,doc_48b2,doc_48b2_chunk_0002,Slurm daemons
3133,doc_48b2,doc_48b2_chunk_0002,API functions
3134,doc_48b2,doc_48b2_chunk_0003,scancel
3135,doc_48b2,doc_48b2_chunk_0003,scontrol
3136,doc_48b2,doc_48b2_chunk_0003,sinfo
3137,doc_48b2,doc_48b2_chunk_0003,sprio
3138,doc_48b2,doc_48b2_chunk_0003,squeue
3139,doc_48b2,doc_48b2_chunk_0003,srun
3140,doc_48b2,doc_48b2_chunk_0003,Slurm
3141,doc_48b2,doc_48b2_chunk_0003,pending jobs
3142,doc_48b2,doc_48b2_chunk_0003,running jobs
3143,doc_48b2,doc_48b2_chunk_0003,resource requirements
3144,doc_48b2,doc_48b2_chunk_0003,minimum node count
3145,doc_48b2,doc_48b2_chunk_0003,maximum node count
3146,doc_48b2,doc_48b2_chunk_0003,processor count
3147,doc_48b2,doc_48b2_chunk_0003,specific nodes
3148,doc_48b2,doc_48b2_chunk_0003,node characteristics
3149,doc_48b2,doc_48b2_chunk_0003,memory
3150,doc_48b2,doc_48b2_chunk_0003,disk space
3151,doc_48b2,doc_48b2_chunk_0003,required features
3152,doc_48b2,doc_48b2_chunk_0004,srun
3153,doc_48b2,doc_48b2_chunk_0004,minimum
3154,doc_48b2,doc_48b2_chunk_0004,maximum
3155,doc_48b2,doc_48b2_chunk_0004,node count
3156,doc_48b2,doc_48b2_chunk_0004,processor count
3157,doc_48b2,doc_48b2_chunk_0004,specific nodes
3158,doc_48b2,doc_48b2_chunk_0004,sshare
3159,doc_48b2,doc_48b2_chunk_0004,priority/multifactor plugin
3160,doc_48b2,doc_48b2_chunk_0004,sstat
3161,doc_48b2,doc_48b2_chunk_0004,strigger
3162,doc_48b2,doc_48b2_chunk_0004,event triggers
3163,doc_48b2,doc_48b2_chunk_0004,sview
3164,doc_48b2,doc_48b2_chunk_0004,sinfo
3165,doc_48b2,doc_48b2_chunk_0004,partitions
3166,doc_48b2,doc_48b2_chunk_0004,debug partition
3167,doc_48b2,doc_48b2_chunk_0004,batch partition
3168,doc_48b2,doc_48b2_chunk_0004,UP state
3169,doc_48b2,doc_48b2_chunk_0004,sinfo command
3170,doc_48b2,doc_48b2_chunk_0005,sinfo
3171,doc_48b2,doc_48b2_chunk_0005,partition
3172,doc_48b2,doc_48b2_chunk_0005,avail
3173,doc_48b2,doc_48b2_chunk_0005,timelimit
3174,doc_48b2,doc_48b2_chunk_0005,nodes
3175,doc_48b2,doc_48b2_chunk_0005,state
3176,doc_48b2,doc_48b2_chunk_0005,nodelist
3177,doc_48b2,doc_48b2_chunk_0005,debug
3178,doc_48b2,doc_48b2_chunk_0005,down
3179,doc_48b2,doc_48b2_chunk_0005,idle
3180,doc_48b2,doc_48b2_chunk_0005,alloc
3181,doc_48b2,doc_48b2_chunk_0005,squeue
3182,doc_48b2,doc_48b2_chunk_0005,ST
3183,doc_48b2,doc_48b2_chunk_0005,R
3184,doc_48b2,doc_48b2_chunk_0005,PD
3185,doc_48b2,doc_48b2_chunk_0005,TIME
3186,doc_48b2,doc_48b2_chunk_0005,NODELIST(REASON)
3187,doc_48b2,doc_48b2_chunk_0005,scontrol
3188,doc_48b2,doc_48b2_chunk_0005,partitions
3189,doc_48b2,doc_48b2_chunk_0005,jobs
3190,doc_48b2,doc_48b2_chunk_0006,scontrol
3191,doc_48b2,doc_48b2_chunk_0006,PartitionName
3192,doc_48b2,doc_48b2_chunk_0006,TotalNodes
3193,doc_48b2,doc_48b2_chunk_0006,TotalCPUs
3194,doc_48b2,doc_48b2_chunk_0006,RootOnly
3195,doc_48b2,doc_48b2_chunk_0006,Default
3196,doc_48b2,doc_48b2_chunk_0006,OverSubscribe
3197,doc_48b2,doc_48b2_chunk_0006,PriorityTier
3198,doc_48b2,doc_48b2_chunk_0006,State
3199,doc_48b2,doc_48b2_chunk_0006,MaxTime
3200,doc_48b2,doc_48b2_chunk_0006,Hidden
3201,doc_48b2,doc_48b2_chunk_0006,MinNodes
3202,doc_48b2,doc_48b2_chunk_0006,MaxNodes
3203,doc_48b2,doc_48b2_chunk_0006,DisableRootJobs
3204,doc_48b2,doc_48b2_chunk_0006,AllowGroups
3205,doc_48b2,doc_48b2_chunk_0006,Nodes
3206,doc_48b2,doc_48b2_chunk_0006,NodeIndices
3207,doc_48b2,doc_48b2_chunk_0006,scontrol show node
3208,doc_48b2,doc_48b2_chunk_0006,NodeName
3209,doc_48b2,doc_48b2_chunk_0007,srun
3210,doc_48b2,doc_48b2_chunk_0007,-N
3211,doc_48b2,doc_48b2_chunk_0007,-l
3212,doc_48b2,doc_48b2_chunk_0007,/bin/hostname
3213,doc_48b2,doc_48b2_chunk_0007,adev0
3214,doc_48b2,doc_48b2_chunk_0007,adev9
3215,doc_48b2,doc_48b2_chunk_0007,adev10
3216,doc_48b2,doc_48b2_chunk_0007,-w
3217,doc_48b2,doc_48b2_chunk_0007,adev[9-10]
3218,doc_48b2,doc_48b2_chunk_0007,-o
3219,doc_48b2,doc_48b2_chunk_0007,my.stdout
3220,doc_48b2,doc_48b2_chunk_0007,#SBATCH
3221,doc_48b2,doc_48b2_chunk_0007,job timelimit
3222,doc_48b2,doc_48b2_chunk_0007,one processor per task
3223,doc_48b2,doc_48b2_chunk_0008,SLURM
3224,doc_48b2,doc_48b2_chunk_0008,--time
3225,doc_48b2,doc_48b2_chunk_0008,/bin/hostname
3226,doc_48b2,doc_48b2_chunk_0008,srun
3227,doc_48b2,doc_48b2_chunk_0008,-l
3228,doc_48b2,doc_48b2_chunk_0008,/bin/pwd
3229,doc_48b2,doc_48b2_chunk_0008,sbatch
3230,doc_48b2,doc_48b2_chunk_0008,my.stdout
3231,doc_48b2,doc_48b2_chunk_0008,sbcast
3232,doc_48b2,doc_48b2_chunk_0008,a.out
3233,doc_48b2,doc_48b2_chunk_0008,/tmp/joe.a.out
3234,doc_48b2,doc_48b2_chunk_0008,salloc
3235,doc_48b2,doc_48b2_chunk_0008,exit
3236,doc_48b2,doc_48b2_chunk_0008,sbatch test
3237,doc_48b2,doc_48b2_chunk_0008,srun jobid
3238,doc_48b2,doc_48b2_chunk_0008,squeue
3239,doc_48b2,doc_48b2_chunk_0008,scancel
3240,doc_48b2,doc_48b2_chunk_0008,job array
3241,doc_48b2,doc_48b2_chunk_0009,Slurm
3242,doc_48b2,doc_48b2_chunk_0009,job arrays
3243,doc_48b2,doc_48b2_chunk_0009,MPI
3244,doc_48b2,doc_48b2_chunk_0009,PMI2
3245,doc_48b2,doc_48b2_chunk_0009,PMIx
3246,doc_48b2,doc_48b2_chunk_0009,mpirun
3247,doc_48b2,doc_48b2_chunk_0009,OpenMPI
3248,doc_48b2,doc_48b2_chunk_0009,SSH
3249,doc_48b2,doc_48b2_chunk_0009,RSH
3250,doc_48b2,doc_48b2_chunk_0009,epilog
3251,doc_48b2,doc_48b2_chunk_0009,pam_slurm_adopt
3252,doc_48b2,doc_48b2_chunk_0009,Intel MPI
3253,doc_48b2,doc_48b2_chunk_0009,MPICH2
3254,doc_48b2,doc_48b2_chunk_0009,MVAPICH2
3255,doc_4d9f,doc_4d9f_chunk_0001,job arrays
3256,doc_4d9f,doc_4d9f_chunk_0001,sbatch
3257,doc_4d9f,doc_4d9f_chunk_0001,--array
3258,doc_4d9f,doc_4d9f_chunk_0001,-a
3259,doc_4d9f,doc_4d9f_chunk_0001,scontrol
3260,doc_4d9f,doc_4d9f_chunk_0001,JobID
3261,doc_4d9f,doc_4d9f_chunk_0001,ArrayJobID
3262,doc_4d9f,doc_4d9f_chunk_0001,SLURM_ARRAY_TASK_ID
3263,doc_4d9f,doc_4d9f_chunk_0001,SLURM_ARRAY_JOB_ID
3264,doc_4d9f,doc_4d9f_chunk_0001,SLURM_ARRAY_TASK_COUNT
3265,doc_4d9f,doc_4d9f_chunk_0001,MaxArraySize
3266,doc_4d9f,doc_4d9f_chunk_0001,%
3267,doc_4d9f,doc_4d9f_chunk_0002,SLURM_ARRAY_TASK_COUNT
3268,doc_4d9f,doc_4d9f_chunk_0002,SLURM_ARRAY_TASK_MAX
3269,doc_4d9f,doc_4d9f_chunk_0002,SLURM_ARRAY_TASK_MIN
3270,doc_4d9f,doc_4d9f_chunk_0002,array jobs
3271,doc_4d9f,doc_4d9f_chunk_0002,sbatch
3272,doc_4d9f,doc_4d9f_chunk_0002,SLURM_JOB_ID
3273,doc_4d9f,doc_4d9f_chunk_0002,SLURM_ARRAY_JOB_ID
3274,doc_4d9f,doc_4d9f_chunk_0002,SLURM_ARRAY_TASK_ID
3275,doc_4d9f,doc_4d9f_chunk_0002,job array
3276,doc_4d9f,doc_4d9f_chunk_0002,Slurm commands
3277,doc_4d9f,doc_4d9f_chunk_0002,APIs
3278,doc_4d9f,doc_4d9f_chunk_0003,job array
3279,doc_4d9f,doc_4d9f_chunk_0003,job_resume2()
3280,doc_4d9f,doc_4d9f_chunk_0003,SLURM_ARRAY_JOB_ID
3281,doc_4d9f,doc_4d9f_chunk_0003,SLURM_ARRAY_TASK_ID
3282,doc_4d9f,doc_4d9f_chunk_0003,%A
3283,doc_4d9f,doc_4d9f_chunk_0003,slurm-%A_%a.out
3284,doc_4d9f,doc_4d9f_chunk_0003,sbatch
3285,doc_4d9f,doc_4d9f_chunk_0003,--array
3286,doc_4d9f,doc_4d9f_chunk_0003,scancel
3287,doc_4d9f,doc_4d9f_chunk_0003,job ID
3288,doc_4d9f,doc_4d9f_chunk_0003,array ID
3289,doc_4d9f,doc_4d9f_chunk_0003,regular expressions
3290,doc_4d9f,doc_4d9f_chunk_0003,squeue
3291,doc_4d9f,doc_4d9f_chunk_0003,Slurm
3292,doc_4d9f,doc_4d9f_chunk_0003,single job record
3293,doc_4d9f,doc_4d9f_chunk_0004,SLURM
3294,doc_4d9f,doc_4d9f_chunk_0004,scancel
3295,doc_4d9f,doc_4d9f_chunk_0004,Squeue Command
3296,doc_4d9f,doc_4d9f_chunk_0004,--array
3297,doc_4d9f,doc_4d9f_chunk_0004,-r
3298,doc_4d9f,doc_4d9f_chunk_0004,squeue --step
3299,doc_4d9f,doc_4d9f_chunk_0004,--job
3300,doc_4d9f,doc_4d9f_chunk_0004,%F
3301,doc_4d9f,doc_4d9f_chunk_0004,%K
3302,doc_4d9f,doc_4d9f_chunk_0004,scontrol show job
3303,doc_4d9f,doc_4d9f_chunk_0004,JobID
3304,doc_4d9f,doc_4d9f_chunk_0004,ArrayJobID
3305,doc_4d9f,doc_4d9f_chunk_0004,ArrayTaskID
3306,doc_4d9f,doc_4d9f_chunk_0005,ArrayTaskID
3307,doc_4d9f,doc_4d9f_chunk_0005,scontrol
3308,doc_4d9f,doc_4d9f_chunk_0005,sbatch
3309,doc_4d9f,doc_4d9f_chunk_0005,JobID
3310,doc_4d9f,doc_4d9f_chunk_0005,canopo
3311,doc_4d9f,doc_4d9f_chunk_0005,david
3312,doc_4d9f,doc_4d9f_chunk_0005,ArrayJobId
3313,doc_4d9f,doc_4d9f_chunk_0005,scontrol show job
3314,doc_4d9f,doc_4d9f_chunk_0005,scontrol show step
3315,doc_4d9f,doc_4d9f_chunk_0005,scontrol hold
3316,doc_4d9f,doc_4d9f_chunk_0005,scontrol holdu
3317,doc_4d9f,doc_4d9f_chunk_0005,scontrol release
3318,doc_4d9f,doc_4d9f_chunk_0005,scontrol requeue
3319,doc_4d9f,doc_4d9f_chunk_0005,scontrol requeuehold
3320,doc_4d9f,doc_4d9f_chunk_0005,scontrol suspend
3321,doc_4d9f,doc_4d9f_chunk_0006,afterok
3322,doc_4d9f,doc_4d9f_chunk_0006,afternotok
3323,doc_4d9f,doc_4d9f_chunk_0006,sview
3324,doc_4d9f,doc_4d9f_chunk_0006,ArrayJobId
3325,doc_4d9f,doc_4d9f_chunk_0006,ArrayTaskId
3326,doc_4d9f,doc_4d9f_chunk_0006,MaxArraySize
3327,doc_4d9f,doc_4d9f_chunk_0006,Minimum user index
3328,doc_4d9f,doc_4d9f_chunk_0006,Maximum user index
3329,doc_4d9f,doc_4d9f_chunk_0006,default value of MaxArraySize
3330,doc_4d9f,doc_4d9f_chunk_0006,job arrays
3331,doc_4d9f,doc_4d9f_chunk_0006,sched/backfill plugin
3332,doc_4d9f,doc_4d9f_chunk_0006,job scheduling performance
3333,doc_4d9f,doc_4d9f_chunk_0006,single job record
3334,doc_4d9f,doc_4d9f_chunk_0006,job records creation
3335,doc_4d9f,doc_4d9f_chunk_0007,job array
3336,doc_4d9f,doc_4d9f_chunk_0007,ArrayJobId
3337,doc_4d9f,doc_4d9f_chunk_0007,ArrayTaskId
3338,doc_4d9f,doc_4d9f_chunk_0007,unique JobId
3339,doc_4d9f,doc_4d9f_chunk_0007,task
3340,doc_4d9f,doc_4d9f_chunk_0007,job count
3341,doc_4d9f,doc_4d9f_chunk_0007,scalable mechanism
3342,doc_4ff0,doc_4ff0_chunk_0001,Slurm
3343,doc_4ff0,doc_4ff0_chunk_0001,git branch
3344,doc_4ff0,doc_4ff0_chunk_0001,Makefile.am
3345,doc_4ff0,doc_4ff0_chunk_0001,autoreconf
3346,doc_4ff0,doc_4ff0_chunk_0001,Slurm's top level directory
3347,doc_4ff0,doc_4ff0_chunk_0001,autoconf
3348,doc_4ff0,doc_4ff0_chunk_0001,automake
3349,doc_4ff0,doc_4ff0_chunk_0001,libtool
3350,doc_4ff0,doc_4ff0_chunk_0001,aclocal
3351,doc_4ff0,doc_4ff0_chunk_0001,src/plugins/topology/4d_torus
3352,doc_4ff0,doc_4ff0_chunk_0001,src/plugins/topology/Makefile.am
3353,doc_4ff0,doc_4ff0_chunk_0002,Slurm
3354,doc_4ff0,doc_4ff0_chunk_0002,Makefile.am
3355,doc_4ff0,doc_4ff0_chunk_0002,src
3356,doc_4ff0,doc_4ff0_chunk_0002,plugins
3357,doc_4ff0,doc_4ff0_chunk_0002,topology
3358,doc_4ff0,doc_4ff0_chunk_0002,4d_torus
3359,doc_4ff0,doc_4ff0_chunk_0002,topology_4d_torus.c
3360,doc_4ff0,doc_4ff0_chunk_0002,autoreconf
3361,doc_4ff0,doc_4ff0_chunk_0002,configure.ac
3362,doc_4ff0,doc_4ff0_chunk_0002,slurm.spec
3363,doc_4ff0,doc_4ff0_chunk_0002,RPM
3364,doc_4ff0,doc_4ff0_chunk_0002,git repository
3365,doc_4ff0,doc_4ff0_chunk_0002,Makefile.in
3366,doc_50f7,doc_50f7_chunk_0001,MCS Plugin
3367,doc_50f7,doc_50f7_chunk_0001,Slurm
3368,doc_50f7,doc_50f7_chunk_0001,OverSubscribe
3369,doc_50f7,doc_50f7_chunk_0001,--exclusive
3370,doc_50f7,doc_50f7_chunk_0001,--oversubscribe
3371,doc_50f7,doc_50f7_chunk_0001,ExclusiveUser
3372,doc_50f7,doc_50f7_chunk_0001,slurm.conf
3373,doc_50f7,doc_50f7_chunk_0001,job node exclusivity
3374,doc_50f7,doc_50f7_chunk_0001,job/node information display privacy
3375,doc_50f7,doc_50f7_chunk_0001,MCS_label
3376,doc_50f7,doc_50f7_chunk_0001,PrivateData
3377,doc_50f7,doc_50f7_chunk_0001,Preemption
3378,doc_50f7,doc_50f7_chunk_0001,MCSParameters
3379,doc_50f7,doc_50f7_chunk_0001,"enforced,select"
3380,doc_50f7,doc_50f7_chunk_0002,MCS
3381,doc_50f7,doc_50f7_chunk_0002,job preemption
3382,doc_50f7,doc_50f7_chunk_0002,node exclusivity
3383,doc_50f7,doc_50f7_chunk_0002,MCS label
3384,doc_50f7,doc_50f7_chunk_0002,MCSPlugin
3385,doc_50f7,doc_50f7_chunk_0002,mcs/none
3386,doc_50f7,doc_50f7_chunk_0002,mcs/account
3387,doc_50f7,doc_50f7_chunk_0002,mcs/group
3388,doc_50f7,doc_50f7_chunk_0002,mcs/user
3389,doc_50f7,doc_50f7_chunk_0002,mcs/label
3390,doc_50f7,doc_50f7_chunk_0002,job_submit plugin
3391,doc_50f7,doc_50f7_chunk_0002,squeue
3392,doc_50f7,doc_50f7_chunk_0002,scontrol show job
3393,doc_50f7,doc_50f7_chunk_0002,scontrol
3394,doc_50f7,doc_50f7_chunk_0002,job accounting
3395,doc_50f7,doc_50f7_chunk_0002,accounting
3396,doc_50f7,doc_50f7_chunk_0003,squeue
3397,doc_50f7,doc_50f7_chunk_0003,scontrol
3398,doc_50f7,doc_50f7_chunk_0003,sview
3399,doc_50f7,doc_50f7_chunk_0003,MCS_labels
3400,doc_50f7,doc_50f7_chunk_0003,mcslabel
3401,doc_50f7,doc_50f7_chunk_0003,scontrol show job
3402,doc_50f7,doc_50f7_chunk_0003,scontrol show nodes
3403,doc_50f7,doc_50f7_chunk_0003,scontrol update job
3404,doc_50f7,doc_50f7_chunk_0003,PENDING jobs
3405,doc_50f7,doc_50f7_chunk_0003,--mcs-label
3406,doc_50f7,doc_50f7_chunk_0003,default value
3407,doc_50f7,doc_50f7_chunk_0003,MCS Plugin
3408,doc_50f7,doc_50f7_chunk_0003,enforced
3409,doc_50f7,doc_50f7_chunk_0003,ondemand
3410,doc_50f7,doc_50f7_chunk_0003,select
3411,doc_50f7,doc_50f7_chunk_0003,noselect
3412,doc_50f7,doc_50f7_chunk_0003,--exclusive=mcs
3413,doc_50f7,doc_50f7_chunk_0004,MCSParameters
3414,doc_50f7,doc_50f7_chunk_0004,ondemand
3415,doc_50f7,doc_50f7_chunk_0004,enforced
3416,doc_50f7,doc_50f7_chunk_0004,noselect
3417,doc_50f7,doc_50f7_chunk_0004,select
3418,doc_50f7,doc_50f7_chunk_0004,ondemandselect
3419,doc_50f7,doc_50f7_chunk_0004,privatedata
3420,doc_50f7,doc_50f7_chunk_0004,mcs_plugin_parameters
3421,doc_50f7,doc_50f7_chunk_0004,mcs_plugin
3422,doc_50f7,doc_50f7_chunk_0004,mcs/group
3423,doc_50f7,doc_50f7_chunk_0004,mcs/account
3424,doc_50f7,doc_50f7_chunk_0004,jobs
3425,doc_50f7,doc_50f7_chunk_0004,nodes
3426,doc_50f7,doc_50f7_chunk_0004,Account
3427,doc_50f7,doc_50f7_chunk_0004,Partition
3428,doc_50f7,doc_50f7_chunk_0005,Node filtering
3429,doc_50f7,doc_50f7_chunk_0005,Label enforcement
3430,doc_50f7,doc_50f7_chunk_0005,ondemand
3431,doc_50f7,doc_50f7_chunk_0005,enforced
3432,doc_50f7,doc_50f7_chunk_0005,noselect
3433,doc_50f7,doc_50f7_chunk_0005,select
3434,doc_50f7,doc_50f7_chunk_0005,privatedata
3435,doc_50f7,doc_50f7_chunk_0005,slurm.conf
3436,doc_50f7,doc_50f7_chunk_0005,MCSPlugin
3437,doc_50f7,doc_50f7_chunk_0005,MCSParameters
3438,doc_50f7,doc_50f7_chunk_0005,scontrol
3439,doc_50f7,doc_50f7_chunk_0005,scontrol show config
3440,doc_50f7,doc_50f7_chunk_0005,mcs/account
3441,doc_50f7,doc_50f7_chunk_0005,mcs/group
3442,doc_50f7,doc_50f7_chunk_0005,mcs/user
3443,doc_50f7,doc_50f7_chunk_0005,mcs/label
3444,doc_50f7,doc_50f7_chunk_0005,srun
3445,doc_50f7,doc_50f7_chunk_0006,scontrol
3446,doc_50f7,doc_50f7_chunk_0006,scontrol show nodes
3447,doc_50f7,doc_50f7_chunk_0006,NodeName
3448,doc_50f7,doc_50f7_chunk_0006,Arch
3449,doc_50f7,doc_50f7_chunk_0006,CoresPerSocket
3450,doc_50f7,doc_50f7_chunk_0006,CPUAlloc
3451,doc_50f7,doc_50f7_chunk_0006,CPUTot
3452,doc_50f7,doc_50f7_chunk_0006,CPULoad
3453,doc_50f7,doc_50f7_chunk_0006,Features
3454,doc_50f7,doc_50f7_chunk_0006,Gres
3455,doc_50f7,doc_50f7_chunk_0006,NodeAddr
3456,doc_50f7,doc_50f7_chunk_0006,NodeHostName
3457,doc_50f7,doc_50f7_chunk_0006,Version
3458,doc_50f7,doc_50f7_chunk_0006,OS
3459,doc_50f7,doc_50f7_chunk_0006,RealMemory
3460,doc_50f7,doc_50f7_chunk_0006,AllocMem
3461,doc_50f7,doc_50f7_chunk_0006,Sockets
3462,doc_50f7,doc_50f7_chunk_0006,Boards
3463,doc_50f7,doc_50f7_chunk_0006,State
3464,doc_5755,doc_5755_chunk_0001,Slurm
3465,doc_5755,doc_5755_chunk_0001,CPUs
3466,doc_5755,doc_5755_chunk_0001,cores
3467,doc_5755,doc_5755_chunk_0001,threads
3468,doc_5755,doc_5755_chunk_0001,job allocation
3469,doc_5755,doc_5755_chunk_0001,script
3470,doc_5755,doc_5755_chunk_0001,batch job
3471,doc_5755,doc_5755_chunk_0001,task ID
3472,doc_5755,doc_5755_chunk_0001,output file name
3473,doc_5755,doc_5755_chunk_0001,error file name
3474,doc_5755,doc_5755_chunk_0001,environment
3475,doc_5755,doc_5755_chunk_0001,make command
3476,doc_5755,doc_5755_chunk_0001,Ansys program
3477,doc_5755,doc_5755_chunk_0001,srun
3478,doc_5755,doc_5755_chunk_0001,srun options
3479,doc_5755,doc_5755_chunk_0001,overcommit
3480,doc_5755,doc_5755_chunk_0001,srun --overcommit
3481,doc_5755,doc_5755_chunk_0002,srun
3482,doc_5755,doc_5755_chunk_0002,--overcommit
3483,doc_5755,doc_5755_chunk_0002,srun --u/--unbuffered
3484,doc_5755,doc_5755_chunk_0002,sbatch
3485,doc_5755,doc_5755_chunk_0002,tasks
3486,doc_5755,doc_5755_chunk_0002,remote terminal
3487,doc_5755,doc_5755_chunk_0002,shell prompts
3488,doc_5755,doc_5755_chunk_0002,X11 display
3489,doc_5755,doc_5755_chunk_0002,job not running
3490,doc_5755,doc_5755_chunk_0002,Slurm backfill scheduler
3491,doc_5755,doc_5755_chunk_0002,killed jobs
3492,doc_5755,doc_5755_chunk_0002,prematurely killed
3493,doc_5755,doc_5755_chunk_0002,batch job
3494,doc_5755,doc_5755_chunk_0002,srun: Force Terminated job
3495,doc_5755,doc_5755_chunk_0003,squeue
3496,doc_5755,doc_5755_chunk_0003,scontrol
3497,doc_5755,doc_5755_chunk_0003,jobid
3498,doc_5755,doc_5755_chunk_0003,estimated start time
3499,doc_5755,doc_5755_chunk_0003,color coded
3500,doc_5755,doc_5755_chunk_0003,COMPLETING state
3501,doc_5755,doc_5755_chunk_0003,requeue
3502,doc_5755,doc_5755_chunk_0003,complete state
3503,doc_5755,doc_5755_chunk_0003,failed state
3504,doc_5755,doc_5755_chunk_0003,sview
3505,doc_5755,doc_5755_chunk_0003,MPICH2
3506,doc_5755,doc_5755_chunk_0003,MVAPICH2
3507,doc_5755,doc_5755_chunk_0003,DAKOTA program
3508,doc_5755,doc_5755_chunk_0003,resource limits
3509,doc_5755,doc_5755_chunk_0003,memory limit
3510,doc_5755,doc_5755_chunk_0003,memlock limit
3511,doc_5755,doc_5755_chunk_0003,Slurm systems
3512,doc_5755,doc_5755_chunk_0004,Slurm
3513,doc_5755,doc_5755_chunk_0004,commit
3514,doc_5755,doc_5755_chunk_0004,GitHub
3515,doc_5755,doc_5755_chunk_0004,patch file
3516,doc_5755,doc_5755_chunk_0004,Slurm source
3517,doc_5755,doc_5755_chunk_0004,automatic update
3518,doc_5755,doc_5755_chunk_0004,primary controller
3519,doc_5755,doc_5755_chunk_0004,backup controller
3520,doc_5755,doc_5755_chunk_0004,clock synchronization
3521,doc_5755,doc_5755_chunk_0004,Slurm daemon
3522,doc_5755,doc_5755_chunk_0004,maintenance period
3523,doc_5755,doc_5755_chunk_0004,workload
3524,doc_5755,doc_5755_chunk_0004,Slurm upgrade
3525,doc_5755,doc_5755_chunk_0004,database server
3526,doc_5755,doc_5755_chunk_0004,Slurm cluster configuration
3527,doc_5755,doc_5755_chunk_0004,new cluster
3528,doc_5755,doc_5755_chunk_0004,slurmctld daemon
3529,doc_5755,doc_5755_chunk_0005,Slurmd
3530,doc_5755,doc_5755_chunk_0005,Slurmctld
3531,doc_5755,doc_5755_chunk_0005,partitions
3532,doc_5755,doc_5755_chunk_0005,routing queue
3533,doc_5755,doc_5755_chunk_0005,none plugins
3534,doc_5755,doc_5755_chunk_0005,Accounting Database
3535,doc_5755,doc_5755_chunk_0005,slurmdbd
3536,doc_5755,doc_5755_chunk_0005,database hierarchy
3537,doc_5755,doc_5755_chunk_0005,high availability
3538,doc_5755,doc_5755_chunk_0005,MySQL queries
3539,doc_5755,doc_5755_chunk_0005,Compute Nodes
3540,doc_5755,doc_5755_chunk_0005,DOWN state
3541,doc_5755,doc_5755_chunk_0005,node crash
3542,doc_5755,doc_5755_chunk_0005,multiple jobs per node
3543,doc_5755,doc_5755_chunk_0005,job allocation
3544,doc_5755,doc_5755_chunk_0005,node registration
3545,doc_5755,doc_5755_chunk_0005,slurmctld log
3546,doc_5755,doc_5755_chunk_0006,slurmd
3547,doc_5755,doc_5755_chunk_0006,slurmstepd
3548,doc_5755,doc_5755_chunk_0006,IP address
3549,doc_5755,doc_5755_chunk_0006,add nodes to Slurm
3550,doc_5755,doc_5755_chunk_0006,remove nodes from Slurm
3551,doc_5755,doc_5755_chunk_0006,Node unexpectedly rebooted
3552,doc_5755,doc_5755_chunk_0006,cgroup v2
3553,doc_5755,doc_5755_chunk_0006,Amazon's EC2
3554,doc_5755,doc_5755_chunk_0006,PAM
3555,doc_5755,doc_5755_chunk_0006,pam_slurm
3556,doc_5755,doc_5755_chunk_0006,user's account
3557,doc_5755,doc_5755_chunk_0006,UID
3558,doc_5755,doc_5755_chunk_0006,SSSD
3559,doc_5755,doc_5755_chunk_0007,scontrol
3560,doc_5755,doc_5755_chunk_0007,Slurm job ID
3561,doc_5755,doc_5755_chunk_0007,user stdout
3562,doc_5755,doc_5755_chunk_0007,srun
3563,doc_5755,doc_5755_chunk_0007,requeue
3564,doc_5755,doc_5755_chunk_0007,CPU frequency
3565,doc_5755,doc_5755_chunk_0007,salloc
3566,doc_5755,doc_5755_chunk_0007,/tmp
3567,doc_5755,doc_5755_chunk_0007,/dev/shm
3568,doc_5755,doc_5755_chunk_0007,System V IPC
3569,doc_5755,doc_5755_chunk_0007,SlurmdDebug
3570,doc_5755,doc_5755_chunk_0007,SlurmdLogFile
3571,doc_5755,doc_5755_chunk_0007,Credential replayed
3572,doc_5755,doc_5755_chunk_0007,Invalid job credential
3573,doc_5755,doc_5755_chunk_0007,Too many open files
3574,doc_5755,doc_5755_chunk_0007,Batch JobId
3575,doc_5755,doc_5755_chunk_0008,SlurmdDebug
3576,doc_5755,doc_5755_chunk_0008,Batch JobId
3577,doc_5755,doc_5755_chunk_0008,node
3578,doc_5755,doc_5755_chunk_0008,Multi-Instance GPU
3579,doc_5755,doc_5755_chunk_0008,srun
3580,doc_5755,doc_5755_chunk_0008,Resources temporarily unavailable
3581,doc_5755,doc_5755_chunk_0008,SlurmctldLogFile
3582,doc_5755,doc_5755_chunk_0008,duplicate entry
3583,doc_5755,doc_5755_chunk_0008,slurmdbd
3584,doc_5755,doc_5755_chunk_0008,serializer/json
3585,doc_5755,doc_5755_chunk_0008,Globus
3586,doc_5755,doc_5755_chunk_0008,TotalView
3587,doc_5755,doc_5755_chunk_0008,Slurm is free
3588,doc_5755,doc_5755_chunk_0008,Free Software Foundation
3589,doc_5755,doc_5755_chunk_0008,GNU GPL v2
3590,doc_5755,doc_5755_chunk_0009,SLURM
3591,doc_5755,doc_5755_chunk_0009,Simple Linux Utility for Resource Management
3592,doc_5755,doc_5755_chunk_0009,Jette
3593,doc_5755,doc_5755_chunk_0009,Wickberg
3594,doc_5755,doc_5755_chunk_0009,Architecture of the Slurm Workload Manager
3595,doc_5755,doc_5755_chunk_0009,JSSPP 2023
3596,doc_5755,doc_5755_chunk_0009,Lecture Notes in Computer Science
3597,doc_5755,doc_5755_chunk_0009,vol 14283
3598,doc_5755,doc_5755_chunk_0009,Springer
3599,doc_5755,doc_5755_chunk_0009,Cham
3600,doc_5755,doc_5755_chunk_0009,DOI
3601,doc_5755,doc_5755_chunk_0009,job steps
3602,doc_5755,doc_5755_chunk_0009,resource allocation
3603,doc_5755,doc_5755_chunk_0010,srun
3604,doc_5755,doc_5755_chunk_0010,--jobid
3605,doc_5755,doc_5755_chunk_0010,SLURM_JOB_ID
3606,doc_5755,doc_5755_chunk_0010,job steps
3607,doc_5755,doc_5755_chunk_0010,resource management
3608,doc_5755,doc_5755_chunk_0010,batch job
3609,doc_5755,doc_5755_chunk_0010,existing job allocation
3610,doc_5755,doc_5755_chunk_0010,scontrol show node
3611,doc_5755,doc_5755_chunk_0010,ThreadsPerCore
3612,doc_5755,doc_5755_chunk_0010,CPUs
3613,doc_5755,doc_5755_chunk_0010,cores
3614,doc_5755,doc_5755_chunk_0010,threads
3615,doc_5755,doc_5755_chunk_0011,scontrol show node
3616,doc_5755,doc_5755_chunk_0011,ThreadsPerCore
3617,doc_5755,doc_5755_chunk_0011,hyperthreading
3618,doc_5755,doc_5755_chunk_0011,partition OverSubscribe
3619,doc_5755,doc_5755_chunk_0011,base boards
3620,doc_5755,doc_5755_chunk_0011,sockets
3621,doc_5755,doc_5755_chunk_0011,cores
3622,doc_5755,doc_5755_chunk_0011,threads
3623,doc_5755,doc_5755_chunk_0011,SelectTypeParameters
3624,doc_5755,doc_5755_chunk_0011,CR_CPU
3625,doc_5755,doc_5755_chunk_0011,srun
3626,doc_5755,doc_5755_chunk_0011,-m
3627,doc_5755,doc_5755_chunk_0011,--distribution
3628,doc_5755,doc_5755_chunk_0011,arbitrary
3629,doc_5755,doc_5755_chunk_0011,slurm_job_nodelist
3630,doc_5755,doc_5755_chunk_0012,SLURM_JOB_NODELIST
3631,doc_5755,doc_5755_chunk_0012,scontrol
3632,doc_5755,doc_5755_chunk_0012,arbitrary.pl
3633,doc_5755,doc_5755_chunk_0012,srun
3634,doc_5755,doc_5755_chunk_0012,-m
3635,doc_5755,doc_5755_chunk_0012,-w
3636,doc_5755,doc_5755_chunk_0012,hostname
3637,doc_5755,doc_5755_chunk_0012,-n
3638,doc_5755,doc_5755_chunk_0012,-o
3639,doc_5755,doc_5755_chunk_0012,out_%j
3640,doc_5755,doc_5755_chunk_0012,out_%j_%t
3641,doc_5755,doc_5755_chunk_0012,sbatch
3642,doc_5755,doc_5755_chunk_0012,job ID
3643,doc_5755,doc_5755_chunk_0012,sbatch: Submitted batch job
3644,doc_5755,doc_5755_chunk_0012,ls
3645,doc_5755,doc_5755_chunk_0012,jette
3646,doc_5755,doc_5755_chunk_0013,sbatch
3647,doc_5755,doc_5755_chunk_0013,out_%j
3648,doc_5755,doc_5755_chunk_0013,slurmd
3649,doc_5755,doc_5755_chunk_0013,srun
3650,doc_5755,doc_5755_chunk_0013,slurmd daemon
3651,doc_5755,doc_5755_chunk_0013,~/.profile
3652,doc_5755,doc_5755_chunk_0013,~/.bashrc
3653,doc_5755,doc_5755_chunk_0013,--export
3654,doc_5755,doc_5755_chunk_0013,man pages
3655,doc_5755,doc_5755_chunk_0013,GNU make
3656,doc_5755,doc_5755_chunk_0013,contribs/make-3.81.slurm.patch
3657,doc_5755,doc_5755_chunk_0013,contribs/make-4.0.slurm.patch
3658,doc_5755,doc_5755_chunk_0013,Slurm distribution
3659,doc_5755,doc_5755_chunk_0013,Slurm allocation
3660,doc_5755,doc_5755_chunk_0014,$HOSTSFILE
3661,doc_5755,doc_5755_chunk_0014,slurm_ntasks
3662,doc_5755,doc_5755_chunk_0014,fluent
3663,doc_5755,doc_5755_chunk_0014,srun
3664,doc_5755,doc_5755_chunk_0014,-n
3665,doc_5755,doc_5755_chunk_0014,tasks
3666,doc_5755,doc_5755_chunk_0014,srun-frun.sh
3667,doc_5755,doc_5755_chunk_0014,srun options ignored
3668,doc_5755,doc_5755_chunk_0014,srun command
3669,doc_5755,doc_5755_chunk_0014,srun -N
3670,doc_5755,doc_5755_chunk_0014,uptime
3671,doc_5755,doc_5755_chunk_0014,-pdebug
3672,doc_5755,doc_5755_chunk_0014,srun processes
3673,doc_5755,doc_5755_chunk_0014,srun -N2 -pdebug uptime
3674,doc_5755,doc_5755_chunk_0014,srun --overcommit
3675,doc_5755,doc_5755_chunk_0015,srun
3676,doc_5755,doc_5755_chunk_0015,--u
3677,doc_5755,doc_5755_chunk_0015,--unbuffered
3678,doc_5755,doc_5755_chunk_0015,libc library
3679,doc_5755,doc_5755_chunk_0015,PTY
3680,doc_5755,doc_5755_chunk_0015,Slurm
3681,doc_5755,doc_5755_chunk_0015,sbatch
3682,doc_5755,doc_5755_chunk_0015,salloc
3683,doc_5755,doc_5755_chunk_0015,interactive use
3684,doc_5755,doc_5755_chunk_0015,job arrays
3685,doc_5755,doc_5755_chunk_0015,fault tolerance
3686,doc_5755,doc_5755_chunk_0015,srun command
3687,doc_5755,doc_5755_chunk_0015,sbatch command
3688,doc_5755,doc_5755_chunk_0015,job allocation
3689,doc_5755,doc_5755_chunk_0015,application
3690,doc_5755,doc_5755_chunk_0015,output file
3691,doc_5755,doc_5755_chunk_0016,srun
3692,doc_5755,doc_5755_chunk_0016,sbatch
3693,doc_5755,doc_5755_chunk_0016,salloc
3694,doc_5755,doc_5755_chunk_0016,slurm.conf
3695,doc_5755,doc_5755_chunk_0016,LaunchParameters
3696,doc_5755,doc_5755_chunk_0016,use_interactive_step
3697,doc_5755,doc_5755_chunk_0016,srun command
3698,doc_5755,doc_5755_chunk_0016,job array
3699,doc_5755,doc_5755_chunk_0016,fault tolerance
3700,doc_5755,doc_5755_chunk_0016,sbatch job
3701,doc_5755,doc_5755_chunk_0016,output file
3702,doc_5755,doc_5755_chunk_0016,interactive use
3703,doc_5755,doc_5755_chunk_0016,srun command output
3704,doc_5755,doc_5755_chunk_0016,shell prompts
3705,doc_5755,doc_5755_chunk_0016,srun --pty
3706,doc_5755,doc_5755_chunk_0017,Bash
3707,doc_5755,doc_5755_chunk_0017,-i
3708,doc_5755,doc_5755_chunk_0017,interactive mode
3709,doc_5755,doc_5755_chunk_0017,resources
3710,doc_5755,doc_5755_chunk_0017,job
3711,doc_5755,doc_5755_chunk_0017,--overlap
3712,doc_5755,doc_5755_chunk_0017,salloc
3713,doc_5755,doc_5755_chunk_0017,X11
3714,doc_5755,doc_5755_chunk_0017,slurm.conf
3715,doc_5755,doc_5755_chunk_0017,PrologFlags
3716,doc_5755,doc_5755_chunk_0017,ssh
3717,doc_5755,doc_5755_chunk_0017,user@login1
3718,doc_5755,doc_5755_chunk_0017,srun
3719,doc_5755,doc_5755_chunk_0017,--pty
3720,doc_5755,doc_5755_chunk_0017,--x11
3721,doc_5755,doc_5755_chunk_0017,xclock
3722,doc_5755,doc_5755_chunk_0017,spank plugin
3723,doc_5755,doc_5755_chunk_0017,slurm-spank-x11
3724,doc_5755,doc_5755_chunk_0018,ssh
3725,doc_5755,doc_5755_chunk_0018,-X
3726,doc_5755,doc_5755_chunk_0018,alex@testserver.com
3727,doc_5755,doc_5755_chunk_0018,git
3728,doc_5755,doc_5755_chunk_0018,slurm-spank-x11
3729,doc_5755,doc_5755_chunk_0018,slurm-spank-x11.c
3730,doc_5755,doc_5755_chunk_0018,slurm-spank-x11-plug.c
3731,doc_5755,doc_5755_chunk_0018,/opt/slurm/17.02
3732,doc_5755,doc_5755_chunk_0018,gcc
3733,doc_5755,doc_5755_chunk_0018,install
3734,doc_5755,doc_5755_chunk_0018,plugstack.conf
3735,doc_5755,doc_5755_chunk_0018,x11.so
3736,doc_5755,doc_5755_chunk_0018,scontrol
3737,doc_5755,doc_5755_chunk_0019,scontrol
3738,doc_5755,doc_5755_chunk_0019,scontrol show job
3739,doc_5755,doc_5755_chunk_0019,State
3740,doc_5755,doc_5755_chunk_0019,Reason
3741,doc_5755,doc_5755_chunk_0019,resource limits
3742,doc_5755,doc_5755_chunk_0019,backfill scheduler
3743,doc_5755,doc_5755_chunk_0019,job time limits
3744,doc_5755,doc_5755_chunk_0019,partition's time limit
3745,doc_5755,doc_5755_chunk_0019,default time limit
3746,doc_5755,doc_5755_chunk_0019,maximum time limit
3747,doc_5755,doc_5755_chunk_0019,SchedulerParameters
3748,doc_5755,doc_5755_chunk_0019,InactiveLimit
3749,doc_5755,doc_5755_chunk_0019,scontrol show config
3750,doc_5755,doc_5755_chunk_0019,srun command
3751,doc_5755,doc_5755_chunk_0019,InactiveLimit (seconds)
3752,doc_5755,doc_5755_chunk_0019,zero value
3753,doc_5755,doc_5755_chunk_0020,srun
3754,doc_5755,doc_5755_chunk_0020,standard output
3755,doc_5755,doc_5755_chunk_0020,standard error I/O
3756,doc_5755,doc_5755_chunk_0020,spawned tasks
3757,doc_5755,doc_5755_chunk_0020,job step
3758,doc_5755,doc_5755_chunk_0020,time limit
3759,doc_5755,doc_5755_chunk_0020,explicitly killed
3760,doc_5755,doc_5755_chunk_0020,srun: Force Terminated job
3761,doc_5755,doc_5755_chunk_0020,pending I/O
3762,doc_5755,doc_5755_chunk_0020,srun Job Failed
3763,doc_5755,doc_5755_chunk_0020,srun: First task exited 30s ago
3764,doc_5755,doc_5755_chunk_0020,srun's --wait=<time> option
3765,doc_5755,doc_5755_chunk_0020,scontrol update
3766,doc_5755,doc_5755_chunk_0021,Slurm
3767,doc_5755,doc_5755_chunk_0021,scontrol
3768,doc_5755,doc_5755_chunk_0021,NumNodes
3769,doc_5755,doc_5755_chunk_0021,NodeList
3770,doc_5755,doc_5755_chunk_0021,srun
3771,doc_5755,doc_5755_chunk_0021,SLURM_JOB_NUM_NODES
3772,doc_5755,doc_5755_chunk_0021,SLURM_JOB_NODELIST
3773,doc_5755,doc_5755_chunk_0021,SLURM_NTASKS
3774,doc_5755,doc_5755_chunk_0021,slurm_job_${SLURM_JOB_ID}_resize.sh
3775,doc_5755,doc_5755_chunk_0021,backfill scheduler
3776,doc_5755,doc_5755_chunk_0021,squeue
3777,doc_5755,doc_5755_chunk_0021,scontrol show jobid
3778,doc_5755,doc_5755_chunk_0022,Slurm
3779,doc_5755,doc_5755_chunk_0022,squeue
3780,doc_5755,doc_5755_chunk_0022,pending jobs
3781,doc_5755,doc_5755_chunk_0022,dependencies
3782,doc_5755,doc_5755_chunk_0022,estimate
3783,doc_5755,doc_5755_chunk_0022,backfill
3784,doc_5755,doc_5755_chunk_0022,ColorWrapper
3785,doc_5755,doc_5755_chunk_0022,scontrol
3786,doc_5755,doc_5755_chunk_0022,COMPLETING state
3787,doc_5755,doc_5755_chunk_0022,job termination
3788,doc_5755,doc_5755_chunk_0022,nodes
3789,doc_5755,doc_5755_chunk_0022,SIGKILL signal
3790,doc_5755,doc_5755_chunk_0022,I/O
3791,doc_5755,doc_5755_chunk_0022,core file
3792,doc_5755,doc_5755_chunk_0022,operating system failure
3793,doc_5755,doc_5755_chunk_0022,scontrol command
3794,doc_5755,doc_5755_chunk_0022,NodeName
3795,doc_5755,doc_5755_chunk_0022,State
3796,doc_5755,doc_5755_chunk_0022,Reason
3797,doc_5755,doc_5755_chunk_0023,scontrol
3798,doc_5755,doc_5755_chunk_0023,scontrol update
3799,doc_5755,doc_5755_chunk_0023,NodeName
3800,doc_5755,doc_5755_chunk_0023,State
3801,doc_5755,doc_5755_chunk_0023,DOWN
3802,doc_5755,doc_5755_chunk_0023,RESUME
3803,doc_5755,doc_5755_chunk_0023,hung_completing
3804,doc_5755,doc_5755_chunk_0023,scontrol command
3805,doc_5755,doc_5755_chunk_0023,scontrol requeue
3806,doc_5755,doc_5755_chunk_0023,job_id
3807,doc_5755,doc_5755_chunk_0023,PENDING state
3808,doc_5755,doc_5755_chunk_0023,complete state
3809,doc_5755,doc_5755_chunk_0023,failed state
3810,doc_5755,doc_5755_chunk_0023,slurm.conf
3811,doc_5755,doc_5755_chunk_0023,UnkillableStepProgram
3812,doc_5755,doc_5755_chunk_0023,UnkillableStepTimeout
3813,doc_5755,doc_5755_chunk_0024,SLURM
3814,doc_5755,doc_5755_chunk_0024,scontrol
3815,doc_5755,doc_5755_chunk_0024,requeue
3816,doc_5755,doc_5755_chunk_0024,FAILED
3817,doc_5755,doc_5755_chunk_0024,PENDING
3818,doc_5755,doc_5755_chunk_0024,sview
3819,doc_5755,doc_5755_chunk_0024,GTK theme
3820,doc_5755,doc_5755_chunk_0024,MPICH2
3821,doc_5755,doc_5755_chunk_0024,MVAPICH2
3822,doc_5755,doc_5755_chunk_0024,DAKOTA
3823,doc_5755,doc_5755_chunk_0024,regcomp
3824,doc_5755,doc_5755_chunk_0024,resource limits
3825,doc_5755,doc_5755_chunk_0024,srun
3826,doc_5755,doc_5755_chunk_0024,job propagation
3827,doc_5755,doc_5755_chunk_0025,Slurm
3828,doc_5755,doc_5755_chunk_0025,slurmd daemon
3829,doc_5755,doc_5755_chunk_0025,init daemon
3830,doc_5755,doc_5755_chunk_0025,/etc/sysconfig/slurm
3831,doc_5755,doc_5755_chunk_0025,PAM
3832,doc_5755,doc_5755_chunk_0025,ulimit command
3833,doc_5755,doc_5755_chunk_0025,slurm.conf
3834,doc_5755,doc_5755_chunk_0025,PropagateResourceLimits
3835,doc_5755,doc_5755_chunk_0025,PropagateResourceLimitsExcept
3836,doc_5755,doc_5755_chunk_0025,RLIMIT_...
3837,doc_5755,doc_5755_chunk_0025,srun command
3838,doc_5755,doc_5755_chunk_0025,srun -d6
3839,doc_5755,doc_5755_chunk_0025,memory limit
3840,doc_5755,doc_5755_chunk_0026,Slurm
3841,doc_5755,doc_5755_chunk_0026,AS
3842,doc_5755,doc_5755_chunk_0026,RSS
3843,doc_5755,doc_5755_chunk_0026,memlock
3844,doc_5755,doc_5755_chunk_0026,slurm.conf
3845,doc_5755,doc_5755_chunk_0026,PropagateResourceLimitsExcept
3846,doc_5755,doc_5755_chunk_0026,ulimit
3847,doc_5755,doc_5755_chunk_0026,limits.conf
3848,doc_5755,doc_5755_chunk_0026,slurmd daemon
3849,doc_5755,doc_5755_chunk_0026,slurmd.service
3850,doc_5755,doc_5755_chunk_0026,systemd
3851,doc_5755,doc_5755_chunk_0026,LimitMEMLOCK
3852,doc_5755,doc_5755_chunk_0026,infinity
3853,doc_5755,doc_5755_chunk_0026,compute nodes
3854,doc_5755,doc_5755_chunk_0026,slurmd
3855,doc_5755,doc_5755_chunk_0026,/etc/sysconfig/slurm
3856,doc_5755,doc_5755_chunk_0027,SLURMD_OPTIONS
3857,doc_5755,doc_5755_chunk_0027,slurmd process
3858,doc_5755,doc_5755_chunk_0027,Memlock
3859,doc_5755,doc_5755_chunk_0027,test environments
3860,doc_5755,doc_5755_chunk_0027,multiple Slurm systems
3861,doc_5755,doc_5755_chunk_0027,slurm.conf
3862,doc_5755,doc_5755_chunk_0027,different location
3863,doc_5755,doc_5755_chunk_0027,different port numbers
3864,doc_5755,doc_5755_chunk_0027,burst_buffer/* plugins
3865,doc_5755,doc_5755_chunk_0027,external system APIs
3866,doc_5755,doc_5755_chunk_0027,burst_buffer/none
3867,doc_5755,doc_5755_chunk_0027,emulate a larger cluster
3868,doc_5755,doc_5755_chunk_0027,fat nodes
3869,doc_5755,doc_5755_chunk_0027,slurmd daemon
3870,doc_5755,doc_5755_chunk_0028,Slurm
3871,doc_5755,doc_5755_chunk_0028,slurmd daemon
3872,doc_5755,doc_5755_chunk_0028,--enable-multiple-slurmd
3873,doc_5755,doc_5755_chunk_0028,slurm.conf
3874,doc_5755,doc_5755_chunk_0028,NodeName
3875,doc_5755,doc_5755_chunk_0028,NodeHostName
3876,doc_5755,doc_5755_chunk_0028,Port
3877,doc_5755,doc_5755_chunk_0028,NodeAddr
3878,doc_5755,doc_5755_chunk_0028,CPUs
3879,doc_5755,doc_5755_chunk_0028,RealMemory
3880,doc_5755,doc_5755_chunk_0028,PartitionName
3881,doc_5755,doc_5755_chunk_0028,Default
3882,doc_5755,doc_5755_chunk_0028,Nodes
3883,doc_5755,doc_5755_chunk_0028,slurmdParameters
3884,doc_5755,doc_5755_chunk_0028,config_overrides
3885,doc_5755,doc_5755_chunk_0028,Sockets
3886,doc_5755,doc_5755_chunk_0029,Slurm
3887,doc_5755,doc_5755_chunk_0029,slurm.conf
3888,doc_5755,doc_5755_chunk_0029,TaskPlugin
3889,doc_5755,doc_5755_chunk_0029,task/none
3890,doc_5755,doc_5755_chunk_0029,pam_slurm.so
3891,doc_5755,doc_5755_chunk_0029,auth_none.so
3892,doc_5755,doc_5755_chunk_0029,rpmbuild
3893,doc_5755,doc_5755_chunk_0029,pam-devel
3894,doc_5755,doc_5755_chunk_0029,slurm.spec
3895,doc_5755,doc_5755_chunk_0029,rpmmacros file
3896,doc_5755,doc_5755_chunk_0029,--with auth_none
3897,doc_5755,doc_5755_chunk_0029,auth_none plugin
3898,doc_5755,doc_5755_chunk_0029,--enable-developer
3899,doc_5755,doc_5755_chunk_0029,--enable-debug
3900,doc_5755,doc_5755_chunk_0029,--enable-debug flags
3901,doc_5755,doc_5755_chunk_0030,Slurm
3902,doc_5755,doc_5755_chunk_0030,GitHub
3903,doc_5755,doc_5755_chunk_0030,.patch
3904,doc_5755,doc_5755_chunk_0030,commit
3905,doc_5755,doc_5755_chunk_0030,patch command
3906,doc_5755,doc_5755_chunk_0030,tar
3907,doc_5755,doc_5755_chunk_0030,bz2
3908,doc_5755,doc_5755_chunk_0030,slurmctld
3909,doc_5755,doc_5755_chunk_0030,step_mgr.c
3910,doc_5755,doc_5755_chunk_0030,rpmbuild
3911,doc_5755,doc_5755_chunk_0030,make
3912,doc_5755,doc_5755_chunk_0030,tarball
3913,doc_5755,doc_5755_chunk_0031,Slurm
3914,doc_5755,doc_5755_chunk_0031,EPEL
3915,doc_5755,doc_5755_chunk_0031,slurm.conf
3916,doc_5755,doc_5755_chunk_0031,SlurmctldHost
3917,doc_5755,doc_5755_chunk_0031,rpmbuild
3918,doc_5755,doc_5755_chunk_0031,slurm-23.11.1
3919,doc_5755,doc_5755_chunk_0031,slurm-24.11.0
3920,doc_5755,doc_5755_chunk_0031,patch
3921,doc_5755,doc_5755_chunk_0031,Slurm packages
3922,doc_5755,doc_5755_chunk_0031,exclude
3923,doc_5755,doc_5755_chunk_0031,Slurmctld
3924,doc_5755,doc_5755_chunk_0031,drain
3925,doc_5755,doc_5755_chunk_0031,Slurm daemons
3926,doc_5755,doc_5755_chunk_0031,SlurmUser
3927,doc_5755,doc_5755_chunk_0031,StateSaveLocation
3928,doc_5755,doc_5755_chunk_0032,scontrol
3929,doc_5755,doc_5755_chunk_0032,PartitionName
3930,doc_5755,doc_5755_chunk_0032,Slurm
3931,doc_5755,doc_5755_chunk_0032,Munge decode failed
3932,doc_5755,doc_5755_chunk_0032,Expired credential
3933,doc_5755,doc_5755_chunk_0032,ENCODED
3934,doc_5755,doc_5755_chunk_0032,DECODED
3935,doc_5755,doc_5755_chunk_0032,resource reservation
3936,doc_5755,doc_5755_chunk_0032,Slurm's Resource Reservation Guide
3937,doc_5755,doc_5755_chunk_0032,Upgrade Guide
3938,doc_5755,doc_5755_chunk_0032,Database server
3939,doc_5755,doc_5755_chunk_0032,Slurm cluster configuration
3940,doc_5755,doc_5755_chunk_0032,existing cluster
3941,doc_5755,doc_5755_chunk_0032,new cluster
3942,doc_5755,doc_5755_chunk_0033,Slurm cluster configuration
3943,doc_5755,doc_5755_chunk_0033,sacctmgr
3944,doc_5755,doc_5755_chunk_0033,accounts
3945,doc_5755,doc_5755_chunk_0033,slurmctld daemon
3946,doc_5755,doc_5755_chunk_0033,hardware
3947,doc_5755,doc_5755_chunk_0033,sacctmgr man page
3948,doc_5755,doc_5755_chunk_0033,lost state
3949,doc_5755,doc_5755_chunk_0033,state information
3950,doc_5755,doc_5755_chunk_0033,slurmctld writes state
3951,doc_5755,doc_5755_chunk_0033,SAVE_MAX_WAIT
3952,doc_5755,doc_5755_chunk_0033,homogeneous cluster
3953,doc_5755,doc_5755_chunk_0033,resource limit propagation
3954,doc_5755,doc_5755_chunk_0033,PropagateResourceLimits
3955,doc_5755,doc_5755_chunk_0033,PropagateResourceLimitsExcept
3956,doc_5755,doc_5755_chunk_0034,srun
3957,doc_5755,doc_5755_chunk_0034,slurm.conf
3958,doc_5755,doc_5755_chunk_0034,man slurm.conf
3959,doc_5755,doc_5755_chunk_0034,man srun
3960,doc_5755,doc_5755_chunk_0034,AccountingStorageEnforce
3961,doc_5755,doc_5755_chunk_0034,Resource Limits
3962,doc_5755,doc_5755_chunk_0034,Licenses
3963,doc_5755,doc_5755_chunk_0034,slurm.conf configuration file
3964,doc_5755,doc_5755_chunk_0034,sbatch
3965,doc_5755,doc_5755_chunk_0034,sbatch --licenses
3966,doc_5755,doc_5755_chunk_0034,slurmctld daemon
3967,doc_5755,doc_5755_chunk_0034,scontrol update reservation
3968,doc_5755,doc_5755_chunk_0034,PBS
3969,doc_5755,doc_5755_chunk_0034,Torque
3970,doc_5755,doc_5755_chunk_0034,mpiexec
3971,doc_5755,doc_5755_chunk_0035,slurm_showq
3972,doc_5755,doc_5755_chunk_0035,showq
3973,doc_5755,doc_5755_chunk_0035,#PBS
3974,doc_5755,doc_5755_chunk_0035,Slurm
3975,doc_5755,doc_5755_chunk_0035,SPANK
3976,doc_5755,doc_5755_chunk_0035,PBS_JOBID
3977,doc_5755,doc_5755_chunk_0035,PBS_JOBNAME
3978,doc_5755,doc_5755_chunk_0035,PBS_WORKDIR
3979,doc_5755,doc_5755_chunk_0035,ulimit
3980,doc_5755,doc_5755_chunk_0035,slurmd
3981,doc_5755,doc_5755_chunk_0035,scontrol
3982,doc_5755,doc_5755_chunk_0035,PartitionName
3983,doc_5755,doc_5755_chunk_0035,scontrol delete
3984,doc_5755,doc_5755_chunk_0035,JobId
3985,doc_5755,doc_5755_chunk_0035,scontrol update
3986,doc_5755,doc_5755_chunk_0035,routing queue
3987,doc_5755,doc_5755_chunk_0036,routing queue
3988,doc_5755,doc_5755_chunk_0036,job submit plugin
3989,doc_5755,doc_5755_chunk_0036,C plugin
3990,doc_5755,doc_5755_chunk_0036,LUA script
3991,doc_5755,doc_5755_chunk_0036,Job Submit Plugin API
3992,doc_5755,doc_5755_chunk_0036,src/plugins/job_submit
3993,doc_5755,doc_5755_chunk_0036,AccountingStorageType
3994,doc_5755,doc_5755_chunk_0036,AcctGatherEnergyType
3995,doc_5755,doc_5755_chunk_0036,AcctGatherInterconnectType
3996,doc_5755,doc_5755_chunk_0036,AcctGatherFilesystemType
3997,doc_5755,doc_5755_chunk_0036,AcctGatherProfileType
3998,doc_5755,doc_5755_chunk_0036,CliFilterPlugins
3999,doc_5755,doc_5755_chunk_0036,CoreSpecPlugin
4000,doc_5755,doc_5755_chunk_0037,slurmdbd
4001,doc_5755,doc_5755_chunk_0037,authenticated connection
4002,doc_5755,doc_5755_chunk_0037,offloading processing
4003,doc_5755,doc_5755_chunk_0037,slowdown controller
4004,doc_5755,doc_5755_chunk_0037,enterprise wide accounting
4005,doc_5755,doc_5755_chunk_0037,slurmdbd daemon
4006,doc_5755,doc_5755_chunk_0037,-R option
4007,doc_5755,doc_5755_chunk_0037,database plugins
4008,doc_5755,doc_5755_chunk_0037,sacct accounting stats
4009,doc_5755,doc_5755_chunk_0037,query any cluster
4010,doc_5755,doc_5755_chunk_0037,slurmdbd log file
4011,doc_5755,doc_5755_chunk_0037,slurmctld log file
4012,doc_5755,doc_5755_chunk_0037,error: Can't find parent id
4013,doc_5755,doc_5755_chunk_0037,database hierarchy
4014,doc_5755,doc_5755_chunk_0038,slurmdbd
4015,doc_5755,doc_5755_chunk_0038,slurmctld
4016,doc_5755,doc_5755_chunk_0038,MySQL
4017,doc_5755,doc_5755_chunk_0038,NDB
4018,doc_5755,doc_5755_chunk_0038,heartbeat
4019,doc_5755,doc_5755_chunk_0038,corosync
4020,doc_5755,doc_5755_chunk_0038,replication
4021,doc_5755,doc_5755_chunk_0038,sql_mode
4022,doc_5755,doc_5755_chunk_0038,ANSI_QUOTES
4023,doc_5755,doc_5755_chunk_0038,tux_assoc_table
4024,doc_5755,doc_5755_chunk_0038,Field
4025,doc_5755,doc_5755_chunk_0038,slurmd
4026,doc_5755,doc_5755_chunk_0038,slurm.conf
4027,doc_5755,doc_5755_chunk_0038,ReturnToService
4028,doc_5755,doc_5755_chunk_0038,scontrol
4029,doc_5755,doc_5755_chunk_0038,scontrol update
4030,doc_5755,doc_5755_chunk_0039,slurm.conf
4031,doc_5755,doc_5755_chunk_0039,srun
4032,doc_5755,doc_5755_chunk_0039,SelectType
4033,doc_5755,doc_5755_chunk_0039,cons_tres
4034,doc_5755,doc_5755_chunk_0039,linear
4035,doc_5755,doc_5755_chunk_0039,OverSubscribe
4036,doc_5755,doc_5755_chunk_0039,SlurmdLogFile
4037,doc_5755,doc_5755_chunk_0039,slurmctld daemon
4038,doc_5755,doc_5755_chunk_0039,slurmd daemon
4039,doc_5755,doc_5755_chunk_0039,job credential
4040,doc_5755,doc_5755_chunk_0039,time stamp
4041,doc_5755,doc_5755_chunk_0039,Invalid job credential
4042,doc_5755,doc_5755_chunk_0039,node consistency
4043,doc_5755,doc_5755_chunk_0039,SlurmdLogFile on the nodes
4044,doc_5755,doc_5755_chunk_0040,SlurmdTimeout
4045,doc_5755,doc_5755_chunk_0040,slurm.conf
4046,doc_5755,doc_5755_chunk_0040,slurmctld
4047,doc_5755,doc_5755_chunk_0040,slurmd
4048,doc_5755,doc_5755_chunk_0040,sinfo
4049,doc_5755,doc_5755_chunk_0040,DRAIN state
4050,doc_5755,doc_5755_chunk_0040,Node Health Check
4051,doc_5755,doc_5755_chunk_0040,HealthCheckProgram
4052,doc_5755,doc_5755_chunk_0040,Hierarchical communications
4053,doc_5755,doc_5755_chunk_0040,CRON
4054,doc_5755,doc_5755_chunk_0040,node startup scripts
4055,doc_5755,doc_5755_chunk_0040,slurmd daemon
4056,doc_5755,doc_5755_chunk_0040,slurmstepd daemon
4057,doc_5755,doc_5755_chunk_0040,memory exhaustion
4058,doc_5755,doc_5755_chunk_0040,scontrol update
4059,doc_5755,doc_5755_chunk_0041,slurmd
4060,doc_5755,doc_5755_chunk_0041,slurmstepd
4061,doc_5755,doc_5755_chunk_0041,/proc/self/oom_adj
4062,doc_5755,doc_5755_chunk_0041,SLURMD_OOM_ADJ
4063,doc_5755,doc_5755_chunk_0041,SLURMSTEPD_OOM_ADJ
4064,doc_5755,doc_5755_chunk_0041,/etc/hosts
4065,doc_5755,doc_5755_chunk_0041,snowflake.llnl.gov
4066,doc_5755,doc_5755_chunk_0041,NodeAddr
4067,doc_5755,doc_5755_chunk_0041,CommunicationParameters
4068,doc_5755,doc_5755_chunk_0041,NoInAddrAny
4069,doc_5755,doc_5755_chunk_0041,slurmctld
4070,doc_5755,doc_5755_chunk_0042,Slurm
4071,doc_5755,doc_5755_chunk_0042,slurmctld
4072,doc_5755,doc_5755_chunk_0042,slurmd
4073,doc_5755,doc_5755_chunk_0042,systemctl
4074,doc_5755,doc_5755_chunk_0042,head node
4075,doc_5755,doc_5755_chunk_0042,slurm.conf
4076,doc_5755,doc_5755_chunk_0042,scontrol
4077,doc_5755,doc_5755_chunk_0042,scontrol reconfigure
4078,doc_5755,doc_5755_chunk_0042,drain node
4079,doc_5755,doc_5755_chunk_0042,scontrol update
4080,doc_5755,doc_5755_chunk_0042,job processes
4081,doc_5755,doc_5755_chunk_0042,running job
4082,doc_5755,doc_5755_chunk_0042,removing nodes
4083,doc_5755,doc_5755_chunk_0042,Slurm 24.05
4084,doc_5755,doc_5755_chunk_0042,Slurm 24.11
4085,doc_5755,doc_5755_chunk_0043,slurmctld
4086,doc_5755,doc_5755_chunk_0043,systemctl
4087,doc_5755,doc_5755_chunk_0043,scontrol
4088,doc_5755,doc_5755_chunk_0043,update
4089,doc_5755,doc_5755_chunk_0043,nodename
4090,doc_5755,doc_5755_chunk_0043,slurm.conf
4091,doc_5755,doc_5755_chunk_0043,scontrol reconfigure
4092,doc_5755,doc_5755_chunk_0043,logs
4093,doc_5755,doc_5755_chunk_0043,Node unexpectedly rebooted
4094,doc_5755,doc_5755_chunk_0043,ReturnToService
4095,doc_5755,doc_5755_chunk_0043,slurm.conf man page
4096,doc_5755,doc_5755_chunk_0043,man page
4097,doc_5755,doc_5755_chunk_0043,sview
4098,doc_5755,doc_5755_chunk_0043,cgroup v2
4099,doc_5755,doc_5755_chunk_0043,Amazon's EC2
4100,doc_5755,doc_5755_chunk_0044,Slurm
4101,doc_5755,doc_5755_chunk_0044,Amazon's EC2
4102,doc_5755,doc_5755_chunk_0044,ec2-describe-instances
4103,doc_5755,doc_5755_chunk_0044,/etc/hosts
4104,doc_5755,doc_5755_chunk_0044,rsync
4105,doc_5755,doc_5755_chunk_0044,slurm.conf
4106,doc_5755,doc_5755_chunk_0044,cloud
4107,doc_5755,doc_5755_chunk_0044,AMIs
4108,doc_5755,doc_5755_chunk_0044,EBS storage
4109,doc_5755,doc_5755_chunk_0044,pdsh
4110,doc_5755,doc_5755_chunk_0044,MPI
4111,doc_5755,doc_5755_chunk_0044,PAM
4112,doc_5755,doc_5755_chunk_0044,UsePAM
4113,doc_5755,doc_5755_chunk_0044,/etc/pam.conf
4114,doc_5755,doc_5755_chunk_0045,slurm.conf
4115,doc_5755,doc_5755_chunk_0045,PropagateResourceLimitsExcept
4116,doc_5755,doc_5755_chunk_0045,MEMLOCK
4117,doc_5755,doc_5755_chunk_0045,pam_slurm_adopt
4118,doc_5755,doc_5755_chunk_0045,pam_slurm
4119,doc_5755,doc_5755_chunk_0045,Slurm distribution
4120,doc_5755,doc_5755_chunk_0045,pam_slurm_adopt module
4121,doc_5755,doc_5755_chunk_0045,pam_slurm module
4122,doc_5755,doc_5755_chunk_0045,RPM packages
4123,doc_5755,doc_5755_chunk_0045,.rpmmacros
4124,doc_5755,doc_5755_chunk_0045,--without pam
4125,doc_5755,doc_5755_chunk_0045,configure program
4126,doc_5755,doc_5755_chunk_0045,contribs/pam
4127,doc_5755,doc_5755_chunk_0046,ls
4128,doc_5755,doc_5755_chunk_0046,/lib64/security/pam_listfile.so
4129,doc_5755,doc_5755_chunk_0046,/etc/ssh/allowed_users
4130,doc_5755,doc_5755_chunk_0046,chmod
4131,doc_5755,doc_5755_chunk_0046,root
4132,doc_5755,doc_5755_chunk_0046,myadmin
4133,doc_5755,doc_5755_chunk_0046,/etc/pam.d/sshd
4134,doc_5755,doc_5755_chunk_0046,pam_sepermit.so
4135,doc_5755,doc_5755_chunk_0046,pam_listfile.so
4136,doc_5755,doc_5755_chunk_0046,pam_slurm.so
4137,doc_5755,doc_5755_chunk_0046,pam_nologin.so
4138,doc_5755,doc_5755_chunk_0046,sacctmgr
4139,doc_5755,doc_5755_chunk_0047,Slurm
4140,doc_5755,doc_5755_chunk_0047,slurmctld
4141,doc_5755,doc_5755_chunk_0047,SSSD
4142,doc_5755,doc_5755_chunk_0047,System Security Services Daemon
4143,doc_5755,doc_5755_chunk_0047,enumerate
4144,doc_5755,doc_5755_chunk_0047,case_sensitive
4145,doc_5755,doc_5755_chunk_0047,/etc/sssd/sssd.conf
4146,doc_5755,doc_5755_chunk_0047,head node
4147,doc_5755,doc_5755_chunk_0047,job suspend/resume
4148,doc_5755,doc_5755_chunk_0047,full-system job
4149,doc_5755,doc_5755_chunk_0047,special queue
4150,doc_5755,doc_5755_chunk_0047,script
4151,doc_5755,doc_5755_chunk_0047,partition
4152,doc_5755,doc_5755_chunk_0047,gang schedule
4153,doc_5755,doc_5755_chunk_0047,time-slice
4154,doc_5755,doc_5755_chunk_0048,scontrol
4155,doc_5755,doc_5755_chunk_0048,squeue
4156,doc_5755,doc_5755_chunk_0048,SIGSTOP
4157,doc_5755,doc_5755_chunk_0048,SIGCONT
4158,doc_5755,doc_5755_chunk_0048,scontrol hold
4159,doc_5755,doc_5755_chunk_0048,scontrol release
4160,doc_5755,doc_5755_chunk_0048,job priority
4161,doc_5755,doc_5755_chunk_0048,priority/multifactor plugin
4162,doc_5755,doc_5755_chunk_0048,TaskProlog
4163,doc_5755,doc_5755_chunk_0048,print
4164,doc_5755,doc_5755_chunk_0048,Slurm job ID
4165,doc_5755,doc_5755_chunk_0048,scontrol update
4166,doc_5755,doc_5755_chunk_0048,script
4167,doc_5755,doc_5755_chunk_0048,filtering
4168,doc_5755,doc_5755_chunk_0048,formatting options
4169,doc_5755,doc_5755_chunk_0049,Slurm
4170,doc_5755,doc_5755_chunk_0049,print
4171,doc_5755,doc_5755_chunk_0049,SLURM_STEP_ID
4172,doc_5755,doc_5755_chunk_0049,SLURM_PROCID
4173,doc_5755,doc_5755_chunk_0049,SLURM_JOB_ID
4174,doc_5755,doc_5755_chunk_0049,SLURM_JOB_NODELIST
4175,doc_5755,doc_5755_chunk_0049,TaskProlog
4176,doc_5755,doc_5755_chunk_0049,user stdout
4177,doc_5755,doc_5755_chunk_0049,execve
4178,doc_5755,doc_5755_chunk_0049,SlurmUser
4179,doc_5755,doc_5755_chunk_0049,EpilogSlurmctld
4180,doc_5755,doc_5755_chunk_0049,srun
4181,doc_5755,doc_5755_chunk_0049,filename pattern
4182,doc_5755,doc_5755_chunk_0049,job completion
4183,doc_5755,doc_5755_chunk_0050,Slurm
4184,doc_5755,doc_5755_chunk_0050,ProctrackType
4185,doc_5755,doc_5755_chunk_0050,slurm.conf
4186,doc_5755,doc_5755_chunk_0050,cgroup plugin
4187,doc_5755,doc_5755_chunk_0050,scontrol requeuehold
4188,doc_5755,doc_5755_chunk_0050,SpecialExit
4189,doc_5755,doc_5755_chunk_0050,job_id
4190,doc_5755,doc_5755_chunk_0050,scontrol(1)
4191,doc_5755,doc_5755_chunk_0050,EpilogSlurmctld
4192,doc_5755,doc_5755_chunk_0050,SLURM_JOB_EXIT2
4193,doc_5755,doc_5755_chunk_0050,exitme
4194,doc_5755,doc_5755_chunk_0050,exit code
4195,doc_5755,doc_5755_chunk_0050,job requeuing
4196,doc_5755,doc_5755_chunk_0050,JobHeldUser
4197,doc_5755,doc_5755_chunk_0051,EpilogSlurmctld
4198,doc_5755,doc_5755_chunk_0051,SLURM_JOB_EXIT2
4199,doc_5755,doc_5755_chunk_0051,SLURM_JOB_ID
4200,doc_5755,doc_5755_chunk_0051,SLURM_JOB_EXIT_CODE2
4201,doc_5755,doc_5755_chunk_0051,awk
4202,doc_5755,doc_5755_chunk_0051,scontrol
4203,doc_5755,doc_5755_chunk_0051,scontrol requeuehold
4204,doc_5755,doc_5755_chunk_0051,SpecialExit
4205,doc_5755,doc_5755_chunk_0051,exitme
4206,doc_5755,doc_5755_chunk_0051,REQUEUE_EXIT_CODE
4207,doc_5755,doc_5755_chunk_0051,/tmp/myfile
4208,doc_5755,doc_5755_chunk_0051,COMPLETE
4209,doc_5755,doc_5755_chunk_0051,TaskPlugin
4210,doc_5755,doc_5755_chunk_0052,salloc
4211,doc_5755,doc_5755_chunk_0052,use_interactive_step
4212,doc_5755,doc_5755_chunk_0052,LaunchParameters
4213,doc_5755,doc_5755_chunk_0052,slurm.conf
4214,doc_5755,doc_5755_chunk_0052,Tmpfs
4215,doc_5755,doc_5755_chunk_0052,JobContainerType
4216,doc_5755,doc_5755_chunk_0052,job_container/tmpfs
4217,doc_5755,doc_5755_chunk_0052,job_container.conf
4218,doc_5755,doc_5755_chunk_0052,/tmp
4219,doc_5755,doc_5755_chunk_0052,mount path
4220,doc_5755,doc_5755_chunk_0052,basepath
4221,doc_5755,doc_5755_chunk_0052,job specific directory
4222,doc_5755,doc_5755_chunk_0052,private /tmp
4223,doc_5755,doc_5755_chunk_0052,shared nodes
4224,doc_5755,doc_5755_chunk_0052,/dev/shm
4225,doc_5755,doc_5755_chunk_0052,private /dev/shm
4226,doc_5755,doc_5755_chunk_0053,plugin
4227,doc_5755,doc_5755_chunk_0053,SLURM_JOB_ID
4228,doc_5755,doc_5755_chunk_0053,findmnt
4229,doc_5755,doc_5755_chunk_0053,BasePath
4230,doc_5755,doc_5755_chunk_0053,/tmp
4231,doc_5755,doc_5755_chunk_0053,/dev/sda1
4232,doc_5755,doc_5755_chunk_0053,ext4
4233,doc_5755,doc_5755_chunk_0053,rw
4234,doc_5755,doc_5755_chunk_0053,relatime
4235,doc_5755,doc_5755_chunk_0053,errors=remount-ro
4236,doc_5755,doc_5755_chunk_0053,data=ordered
4237,doc_5755,doc_5755_chunk_0053,private
4238,doc_5755,doc_5755_chunk_0053,/storage
4239,doc_5755,doc_5755_chunk_0053,pam_slurm_adopt
4240,doc_5755,doc_5755_chunk_0053,pam_slurm_adopt.so
4241,doc_5755,doc_5755_chunk_0054,pam_slurm_adopt
4242,doc_5755,doc_5755_chunk_0054,join_container
4243,doc_5755,doc_5755_chunk_0054,System V IPC
4244,doc_5755,doc_5755_chunk_0054,sysv ipc
4245,doc_5755,doc_5755_chunk_0054,shm_rmid_forced
4246,doc_5755,doc_5755_chunk_0054,slurm.conf
4247,doc_5755,doc_5755_chunk_0054,kernel.shmmax
4248,doc_5755,doc_5755_chunk_0054,Slurm daemon
4249,doc_5755,doc_5755_chunk_0054,core file
4250,doc_5755,doc_5755_chunk_0054,Slurm job epilog script
4251,doc_5755,doc_5755_chunk_0054,OOM killer
4252,doc_5755,doc_5755_chunk_0055,Slurm daemon
4253,doc_5755,doc_5755_chunk_0055,core file
4254,doc_5755,doc_5755_chunk_0055,-D option
4255,doc_5755,doc_5755_chunk_0055,SlurmctldLogFile
4256,doc_5755,doc_5755_chunk_0055,StateSaveLocation
4257,doc_5755,doc_5755_chunk_0055,/var/tmp/
4258,doc_5755,doc_5755_chunk_0055,SlurmUser
4259,doc_5755,doc_5755_chunk_0055,SlurmdLogFile
4260,doc_5755,doc_5755_chunk_0055,SlurmdSpoolDir
4261,doc_5755,doc_5755_chunk_0055,slurmd
4262,doc_5755,doc_5755_chunk_0055,slurmstepd
4263,doc_5755,doc_5755_chunk_0055,privileged phase
4264,doc_5755,doc_5755_chunk_0056,slurmd daemon
4265,doc_5755,doc_5755_chunk_0056,spawned job's working directory
4266,doc_5755,doc_5755_chunk_0056,RHEL
4267,doc_5755,doc_5755_chunk_0056,abrt daemon
4268,doc_5755,doc_5755_chunk_0056,abrt configured dump location
4269,doc_5755,doc_5755_chunk_0056,setuid() function
4270,doc_5755,doc_5755_chunk_0056,suid_dumpable kernel parameter
4271,doc_5755,doc_5755_chunk_0056,/proc/sys/fs/suid_dumpable
4272,doc_5755,doc_5755_chunk_0056,sysctl fs.suid_dumpable
4273,doc_5755,doc_5755_chunk_0056,sysctl.conf
4274,doc_5755,doc_5755_chunk_0056,fs.suid_dumpable = 2
4275,doc_5755,doc_5755_chunk_0057,core file
4276,doc_5755,doc_5755_chunk_0057,limits.conf
4277,doc_5755,doc_5755_chunk_0057,soft core
4278,doc_5755,doc_5755_chunk_0057,hard core
4279,doc_5755,doc_5755_chunk_0057,slurm.conf
4280,doc_5755,doc_5755_chunk_0057,PropagateResourceLimits
4281,doc_5755,doc_5755_chunk_0057,SlurmUser
4282,doc_5755,doc_5755_chunk_0057,core location directories
4283,doc_5755,doc_5755_chunk_0057,diskless node
4284,doc_5755,doc_5755_chunk_0057,core_pattern
4285,doc_5755,doc_5755_chunk_0057,/var/spool/abrt
4286,doc_5755,doc_5755_chunk_0057,tmpfs
4287,doc_5755,doc_5755_chunk_0057,persistent storage
4288,doc_5755,doc_5755_chunk_0057,shared filesystem
4289,doc_5755,doc_5755_chunk_0057,centos 6
4290,doc_5755,doc_5755_chunk_0057,ProcessUnpackaged
4291,doc_5755,doc_5755_chunk_0058,gdb
4292,doc_5755,doc_5755_chunk_0058,slurm* binary
4293,doc_5755,doc_5755_chunk_0058,core_file
4294,doc_5755,doc_5755_chunk_0058,slurmctld
4295,doc_5755,doc_5755_chunk_0058,t a a bt full
4296,doc_5755,doc_5755_chunk_0058,gdb -batch
4297,doc_5755,doc_5755_chunk_0058,set print pretty
4298,doc_5755,doc_5755_chunk_0058,r -d
4299,doc_5755,doc_5755_chunk_0058,pidof slurmctld
4300,doc_5755,doc_5755_chunk_0058,slurmd daemon
4301,doc_5755,doc_5755_chunk_0058,slurmdLogFile
4302,doc_5755,doc_5755_chunk_0058,Cannot resolve X plugin operations
4303,doc_5755,doc_5755_chunk_0058,Credential replayed
4304,doc_5755,doc_5755_chunk_0058,slurmctld -Dvvvvv
4305,doc_5755,doc_5755_chunk_0059,SlurmdLogFile
4306,doc_5755,doc_5755_chunk_0059,SlurmctldLogFile
4307,doc_5755,doc_5755_chunk_0059,srun
4308,doc_5755,doc_5755_chunk_0059,slurmd daemon
4309,doc_5755,doc_5755_chunk_0059,MessageTimeout
4310,doc_5755,doc_5755_chunk_0059,slurm.conf
4311,doc_5755,doc_5755_chunk_0059,diskless nodes
4312,doc_5755,doc_5755_chunk_0059,Network Information Service (NIS)
4313,doc_5755,doc_5755_chunk_0059,Prolog script
4314,doc_5755,doc_5755_chunk_0059,credential replayed
4315,doc_5755,doc_5755_chunk_0059,Invalid job credential
4316,doc_5755,doc_5755_chunk_0059,JobCredPrivateKey
4317,doc_5755,doc_5755_chunk_0059,JobCredPublicKey
4318,doc_5755,doc_5755_chunk_0059,cold-start
4319,doc_5755,doc_5755_chunk_0060,SlurmdLogFile
4320,doc_5755,doc_5755_chunk_0060,Batch JobId
4321,doc_5755,doc_5755_chunk_0060,node
4322,doc_5755,doc_5755_chunk_0060,slurmd daemon
4323,doc_5755,doc_5755_chunk_0060,slurmctld
4324,doc_5755,doc_5755_chunk_0060,PMIx
4325,doc_5755,doc_5755_chunk_0060,hwloc API
4326,doc_5755,doc_5755_chunk_0060,/sys/class/net
4327,doc_5755,doc_5755_chunk_0060,/sys/class/infiniband
4328,doc_5755,doc_5755_chunk_0060,Infiniband HCAs
4329,doc_5755,doc_5755_chunk_0060,nvidia-smi
4330,doc_5755,doc_5755_chunk_0060,Multi-Instance GPU
4331,doc_5755,doc_5755_chunk_0060,HWLOC_COMPONENTS
4332,doc_5755,doc_5755_chunk_0061,MariaDB
4333,doc_5755,doc_5755_chunk_0061,slurmdbd
4334,doc_5755,doc_5755_chunk_0061,mysqldump
4335,doc_5755,doc_5755_chunk_0061,slurm_acct_db
4336,doc_5755,doc_5755_chunk_0061,cray_job_table
4337,doc_5755,doc_5755_chunk_0061,id_job
4338,doc_5755,doc_5755_chunk_0061,slurm_db_backup.sql
4339,doc_5755,doc_5755_chunk_0061,mysql
4340,doc_5755,doc_5755_chunk_0061,delete
4341,doc_5755,doc_5755_chunk_0061,drop database
4342,doc_5755,doc_5755_chunk_0061,create database
4343,doc_5755,doc_5755_chunk_0061,serializer/json
4344,doc_5755,doc_5755_chunk_0061,slurmctld
4345,doc_5755,doc_5755_chunk_0061,configure
4346,doc_5755,doc_5755_chunk_0061,libjson
4347,doc_5755,doc_5755_chunk_0061,libyaml
4348,doc_5755,doc_5755_chunk_0062,Slurm
4349,doc_5755,doc_5755_chunk_0062,Torque/PBS
4350,doc_5755,doc_5755_chunk_0062,Perl APIs
4351,doc_5755,doc_5755_chunk_0062,contribs directory
4352,doc_5755,doc_5755_chunk_0062,Globus
4353,doc_5755,doc_5755_chunk_0062,.tvdrc file
4354,doc_5755,doc_5755_chunk_0062,TotalView
4355,doc_5755,doc_5755_chunk_0062,TV::bulk_launch_enabled
4356,doc_5755,doc_5755_chunk_0062,srun
4357,doc_5755,doc_5755_chunk_0062,--mem-per-cpu
4358,doc_5755,doc_5755_chunk_0062,%J
4359,doc_5755,doc_5755_chunk_0062,TV 7X.1
4360,doc_5755,doc_5755_chunk_0062,Slurm and %J
4361,doc_5755,doc_5755_chunk_0062,Slurm NodeNames
4362,doc_5755,doc_5755_chunk_0063,%R
4363,doc_5755,doc_5755_chunk_0063,fully qualified hostnames
4364,doc_5755,doc_5755_chunk_0063,dset
4365,doc_5755,doc_5755_chunk_0063,TV::bulk_launch_tmpfile1_host_lines
4366,doc_5755,doc_5755_chunk_0063,awk
4367,doc_5755,doc_5755_chunk_0063,domain name suffixes
4368,doc_582b,doc_582b_chunk_0001,Slurm
4369,doc_582b,doc_582b_chunk_0001,"1,024 nodes"
4370,doc_582b,doc_582b_chunk_0001,Frontier
4371,doc_582b,doc_582b_chunk_0001,Oak Ridge National Laboratory
4372,doc_582b,doc_582b_chunk_0001,ORNL
4373,doc_582b,doc_582b_chunk_0001,Tianhe-2
4374,doc_582b,doc_582b_chunk_0001,National University of Defense Technology
4375,doc_582b,doc_582b_chunk_0001,China
4376,doc_582b,doc_582b_chunk_0001,Perlmutter
4377,doc_582b,doc_582b_chunk_0001,National Energy Research Scientific Computing
4378,doc_582b,doc_582b_chunk_0001,NERSC
4379,doc_582b,doc_582b_chunk_0001,MPI program
4380,doc_582b,doc_582b_chunk_0001,Hello world
4381,doc_582b,doc_582b_chunk_0001,"3,000 tasks"
4382,doc_582b,doc_582b_chunk_0002,/proc/sys/fs/file-max
4383,doc_582b,doc_582b_chunk_0002,concurrently open files
4384,doc_582b,doc_582b_chunk_0002,/proc/sys/net/ipv4/tcp_max_syn_backlog
4385,doc_582b,doc_582b_chunk_0002,connection requests
4386,doc_582b,doc_582b_chunk_0002,/proc/sys/net/core/somaxconn
4387,doc_582b,doc_582b_chunk_0002,SOMAXCONN
4388,doc_582b,doc_582b_chunk_0002,bursts of request
4389,doc_582b,doc_582b_chunk_0002,ifconfig command
4390,doc_582b,doc_582b_chunk_0003,systemd
4391,doc_582b,doc_582b_chunk_0003,slurmctld
4392,doc_582b,doc_582b_chunk_0003,slurmd
4393,doc_582b,doc_582b_chunk_0003,TasksMax
4394,doc_582b,doc_582b_chunk_0003,N
4395,doc_582b,doc_582b_chunk_0003,infinity
4396,doc_582b,doc_582b_chunk_0003,/etc/systemd/system
4397,doc_582b,doc_582b_chunk_0003,init script
4398,doc_582b,doc_582b_chunk_0003,ulimit
4399,doc_582b,doc_582b_chunk_0003,memory size
4400,doc_582b,doc_582b_chunk_0003,open file count
4401,doc_582b,doc_582b_chunk_0003,stack size
4402,doc_582b,doc_582b_chunk_0003,select/linear
4403,doc_582b,doc_582b_chunk_0003,select/cons_tres
4404,doc_582b,doc_582b_chunk_0003,Node Selection Plugin
4405,doc_582b,doc_582b_chunk_0003,SelectType
4406,doc_582b,doc_582b_chunk_0003,Job Accounting Gather Plugin
4407,doc_582b,doc_582b_chunk_0004,Slurm
4408,doc_582b,doc_582b_chunk_0004,RealMemory
4409,doc_582b,doc_582b_chunk_0004,CPUs
4410,doc_582b,doc_582b_chunk_0004,TmpDisk
4411,doc_582b,doc_582b_chunk_0004,DOWN
4412,doc_582b,doc_582b_chunk_0004,EioTimeout
4413,doc_582b,doc_582b_chunk_0004,srun
4414,doc_582b,doc_582b_chunk_0004,slurmstepd
4415,doc_582b,doc_582b_chunk_0004,slurmctld
4416,doc_582b,doc_582b_chunk_0004,slurmd
4417,doc_582b,doc_582b_chunk_0004,slurm.conf
4418,doc_582b,doc_582b_chunk_0004,MinJobAge
4419,doc_582b,doc_582b_chunk_0004,SlurmdTimeout
4420,doc_582b,doc_582b_chunk_0004,large systems
4421,doc_582b,doc_582b_chunk_0004,slower networks
4422,doc_582b,doc_582b_chunk_0004,high throughput
4423,doc_582b,doc_582b_chunk_0004,accounting records
4424,doc_582b,doc_582b_chunk_0005,SlurmdTimeout
4425,doc_582b,doc_582b_chunk_0005,MPICH-2
4426,doc_582b,doc_582b_chunk_0005,srun
4427,doc_582b,doc_582b_chunk_0005,PMI_TIME
4428,doc_582b,doc_582b_chunk_0005,epilog
4429,doc_582b,doc_582b_chunk_0005,slurmd
4430,doc_582b,doc_582b_chunk_0005,slurmctld
4431,doc_582b,doc_582b_chunk_0005,EpilogMsgTime
4432,doc_582b,doc_582b_chunk_0005,TreeWidth
4433,doc_582b,doc_582b_chunk_0005,hierarchical communications
4434,doc_582b,doc_582b_chunk_0005,open file limit
4435,doc_582b,doc_582b_chunk_0005,srun command
4436,doc_582b,doc_582b_chunk_0005,hard limit
4437,doc_582b,doc_582b_chunk_0005,standard input and output
4438,doc_5d35,doc_5d35_chunk_0001,Slurm version 17.11
4439,doc_5d35,doc_5d35_chunk_0001,heterogeneous jobs
4440,doc_5d35,doc_5d35_chunk_0001,salloc
4441,doc_5d35,doc_5d35_chunk_0001,sbatch
4442,doc_5d35,doc_5d35_chunk_0001,srun
4443,doc_5d35,doc_5d35_chunk_0001,--cpus-per-task
4444,doc_5d35,doc_5d35_chunk_0001,--mem-per-cpu
4445,doc_5d35,doc_5d35_chunk_0001,--ntasks
4446,doc_5d35,doc_5d35_chunk_0001,partition
4447,doc_5d35,doc_5d35_chunk_0001,account
4448,doc_5d35,doc_5d35_chunk_0001,QOS
4449,doc_5d35,doc_5d35_chunk_0001,resource specifications
4450,doc_5d35,doc_5d35_chunk_0001,:
4451,doc_5d35,doc_5d35_chunk_0001,","
4452,doc_5d35,doc_5d35_chunk_0002,job component
4453,doc_5d35,doc_5d35_chunk_0002,CPUs
4454,doc_5d35,doc_5d35_chunk_0002,node
4455,doc_5d35,doc_5d35_chunk_0002,nid00003
4456,doc_5d35,doc_5d35_chunk_0002,nid00004
4457,doc_5d35,doc_5d35_chunk_0002,cyclic
4458,doc_5d35,doc_5d35_chunk_0002,task distribution
4459,doc_5d35,doc_5d35_chunk_0002,hetjob
4460,doc_5d35,doc_5d35_chunk_0002,SBATCH
4461,doc_5d35,doc_5d35_chunk_0002,--cpus-per-task
4462,doc_5d35,doc_5d35_chunk_0002,--mem-per-cpu
4463,doc_5d35,doc_5d35_chunk_0002,--ntasks
4464,doc_5d35,doc_5d35_chunk_0002,srun
4465,doc_5d35,doc_5d35_chunk_0002,run.app
4466,doc_5d35,doc_5d35_chunk_0002,batch job output file
4467,doc_5d35,doc_5d35_chunk_0003,heterogeneous job
4468,doc_5d35,doc_5d35_chunk_0003,sbatch
4469,doc_5d35,doc_5d35_chunk_0003,--cluster
4470,doc_5d35,doc_5d35_chunk_0003,alpha
4471,doc_5d35,doc_5d35_chunk_0003,beta
4472,doc_5d35,doc_5d35_chunk_0003,resource limit test
4473,doc_5d35,doc_5d35_chunk_0003,QOS limits
4474,doc_5d35,doc_5d35_chunk_0003,burst buffer
4475,doc_5d35,doc_5d35_chunk_0003,persistent burst buffer
4476,doc_5d35,doc_5d35_chunk_0003,job-specific burst buffer
4477,doc_5d35,doc_5d35_chunk_0003,datawarp plugin
4478,doc_5d35,doc_5d35_chunk_0003,#SBATCH
4479,doc_5d35,doc_5d35_chunk_0003,--nodes
4480,doc_5d35,doc_5d35_chunk_0003,--constraint
4481,doc_5d35,doc_5d35_chunk_0003,haswell
4482,doc_5d35,doc_5d35_chunk_0003,knl
4483,doc_5d35,doc_5d35_chunk_0003,BB create_persistent
4484,doc_5d35,doc_5d35_chunk_0003,name
4485,doc_5d35,doc_5d35_chunk_0004,Slurm
4486,doc_5d35,doc_5d35_chunk_0004,#SBATCH
4487,doc_5d35,doc_5d35_chunk_0004,--nodes
4488,doc_5d35,doc_5d35_chunk_0004,constraint
4489,doc_5d35,doc_5d35_chunk_0004,haswell
4490,doc_5d35,doc_5d35_chunk_0004,knl
4491,doc_5d35,doc_5d35_chunk_0004,hetjob
4492,doc_5d35,doc_5d35_chunk_0004,BB
4493,doc_5d35,doc_5d35_chunk_0004,DW
4494,doc_5d35,doc_5d35_chunk_0004,datawarp plugin
4495,doc_5d35,doc_5d35_chunk_0004,lua plugin
4496,doc_5d35,doc_5d35_chunk_0004,job_id
4497,doc_5d35,doc_5d35_chunk_0004,het_job_id
4498,doc_5d35,doc_5d35_chunk_0004,het_job_offset
4499,doc_5d35,doc_5d35_chunk_0004,het_job_id_set
4500,doc_5d35,doc_5d35_chunk_0004,squeue
4501,doc_5d35,doc_5d35_chunk_0004,sview
4502,doc_5d35,doc_5d35_chunk_0005,heterogeneous job
4503,doc_5d35,doc_5d35_chunk_0005,het_job_offset
4504,doc_5d35,doc_5d35_chunk_0005,JOBID
4505,doc_5d35,doc_5d35_chunk_0005,PARTITION
4506,doc_5d35,doc_5d35_chunk_0005,NAME
4507,doc_5d35,doc_5d35_chunk_0005,USER
4508,doc_5d35,doc_5d35_chunk_0005,ST
4509,doc_5d35,doc_5d35_chunk_0005,TIME
4510,doc_5d35,doc_5d35_chunk_0005,NODES
4511,doc_5d35,doc_5d35_chunk_0005,NODELIST
4512,doc_5d35,doc_5d35_chunk_0005,--mail-type
4513,doc_5d35,doc_5d35_chunk_0005,scontrol
4514,doc_5d35,doc_5d35_chunk_0005,#+#
4515,doc_5d35,doc_5d35_chunk_0005,account
4516,doc_5d35,doc_5d35_chunk_0005,timelimit
4517,doc_5d35,doc_5d35_chunk_0006,heterogeneous
4518,doc_5d35,doc_5d35_chunk_0006,reqeuue
4519,doc_5d35,doc_5d35_chunk_0006,resume
4520,doc_5d35,doc_5d35_chunk_0006,suspend
4521,doc_5d35,doc_5d35_chunk_0006,sbcast
4522,doc_5d35,doc_5d35_chunk_0006,--jobid
4523,doc_5d35,doc_5d35_chunk_0006,data
4524,doc_5d35,doc_5d35_chunk_0006,app0
4525,doc_5d35,doc_5d35_chunk_0006,app1
4526,doc_5d35,doc_5d35_chunk_0006,srun
4527,doc_5d35,doc_5d35_chunk_0006,--bcast
4528,doc_5d35,doc_5d35_chunk_0006,SchedulerParameters
4529,doc_5d35,doc_5d35_chunk_0006,whole_hetjob
4530,doc_5d35,doc_5d35_chunk_0006,scancel
4531,doc_5d35,doc_5d35_chunk_0006,JOBID
4532,doc_5d35,doc_5d35_chunk_0006,PARTITION
4533,doc_5d35,doc_5d35_chunk_0006,NAME
4534,doc_5d35,doc_5d35_chunk_0006,USER
4535,doc_5d35,doc_5d35_chunk_0006,ST
4536,doc_5d35,doc_5d35_chunk_0006,TIME
4537,doc_5d35,doc_5d35_chunk_0007,Slurm
4538,doc_5d35,doc_5d35_chunk_0007,SchedulerParameters
4539,doc_5d35,doc_5d35_chunk_0007,disable_hetjob_steps
4540,doc_5d35,doc_5d35_chunk_0007,srun
4541,doc_5d35,doc_5d35_chunk_0007,mpirun
4542,doc_5d35,doc_5d35_chunk_0007,component index values
4543,doc_5d35,doc_5d35_chunk_0007,range of index values
4544,doc_5d35,doc_5d35_chunk_0007,MPI implementations
4545,doc_5d35,doc_5d35_chunk_0007,Slurm MPI plugins
4546,doc_5d35,doc_5d35_chunk_0007,MPI_COMM_WORLD
4547,doc_5d35,doc_5d35_chunk_0007,task IDs
4548,doc_5d35,doc_5d35_chunk_0007,salloc
4549,doc_5d35,doc_5d35_chunk_0007,sbatch
4550,doc_5d35,doc_5d35_chunk_0007,colon character
4551,doc_5d35,doc_5d35_chunk_0007,heterogeneous job
4552,doc_5d35,doc_5d35_chunk_0007,label
4553,doc_5d35,doc_5d35_chunk_0008,srun
4554,doc_5d35,doc_5d35_chunk_0008,--het-group
4555,doc_5d35,doc_5d35_chunk_0008,resource contention
4556,doc_5d35,doc_5d35_chunk_0008,memory limits
4557,doc_5d35,doc_5d35_chunk_0008,job steps
4558,doc_5d35,doc_5d35_chunk_0008,heterogeneous job
4559,doc_5d35,doc_5d35_chunk_0008,salloc
4560,doc_5d35,doc_5d35_chunk_0008,SLURM_JOB_ID
4561,doc_5d35,doc_5d35_chunk_0008,SLURM_HET_SIZE
4562,doc_5d35,doc_5d35_chunk_0008,SLURM_JOB_ID_HET_GROUP_
4563,doc_5d35,doc_5d35_chunk_0008,SLURM_JOB_NODES_HET_GROUP_
4564,doc_5d35,doc_5d35_chunk_0009,SLURM
4565,doc_5d35,doc_5d35_chunk_0009,salloc
4566,doc_5d35,doc_5d35_chunk_0009,srun
4567,doc_5d35,doc_5d35_chunk_0009,SLURM_JOB_ID
4568,doc_5d35,doc_5d35_chunk_0009,SLURM_HET_SIZE
4569,doc_5d35,doc_5d35_chunk_0009,SLURM_JOB_ID_HET_GROUP_0
4570,doc_5d35,doc_5d35_chunk_0009,SLURM_JOB_ID_HET_GROUP_1
4571,doc_5d35,doc_5d35_chunk_0009,SLURM_JOB_NODES_HET_GROUP_0
4572,doc_5d35,doc_5d35_chunk_0010,backfill scheduler
4573,doc_5d35,doc_5d35_chunk_0010,heterogeneous job
4574,doc_5d35,doc_5d35_chunk_0010,federation of clusters
4575,doc_5d35,doc_5d35_chunk_0010,job submission
4576,doc_5d35,doc_5d35_chunk_0010,job migration
4577,doc_5d35,doc_5d35_chunk_0010,cluster execution
4578,doc_5d35,doc_5d35_chunk_0010,multiple overlapping partitions
4579,doc_5d35,doc_5d35_chunk_0010,resource allocation
4580,doc_5d35,doc_5d35_chunk_0010,scheduler
4581,doc_5d35,doc_5d35_chunk_0010,magnetic reservations
4582,doc_5d35,doc_5d35_chunk_0010,job arrays
4583,doc_5d35,doc_5d35_chunk_0010,--no-allocate
4584,doc_5d35,doc_5d35_chunk_0010,srun command
4585,doc_5d35,doc_5d35_chunk_0010,--het-group
4586,doc_5d35,doc_5d35_chunk_0010,sattach command
4587,doc_5d35,doc_5d35_chunk_0010,license requests
4588,doc_5d35,doc_5d35_chunk_0010,first component job
4589,doc_5d35,doc_5d35_chunk_0011,Heterogeneous jobs
4590,doc_5d35,doc_5d35_chunk_0011,backfill scheduler plugin
4591,doc_5d35,doc_5d35_chunk_0011,FIFO
4592,doc_5d35,doc_5d35_chunk_0011,Slurm
4593,doc_5d35,doc_5d35_chunk_0011,srun
4594,doc_5d35,doc_5d35_chunk_0011,--multi-prog
4595,doc_5d35,doc_5d35_chunk_0011,--open-mode
4596,doc_5d35,doc_5d35_chunk_0011,OpenMPI
4597,doc_5d35,doc_5d35_chunk_0011,Cray MPI
4598,doc_5d35,doc_5d35_chunk_0011,communication ports
4599,doc_5d35,doc_5d35_chunk_0011,Slurm version 20.11
4600,doc_5d35,doc_5d35_chunk_0011,heterogeneous job steps
4601,doc_5d35,doc_5d35_chunk_0011,non-homogeneous job allocation
4602,doc_5d35,doc_5d35_chunk_0011,unique nodes
4603,doc_5d35,doc_5d35_chunk_0012,salloc
4604,doc_5d35,doc_5d35_chunk_0012,--exclusive
4605,doc_5d35,doc_5d35_chunk_0012,Granted job allocation
4606,doc_5d35,doc_5d35_chunk_0012,srun
4607,doc_5d35,doc_5d35_chunk_0012,-N
4608,doc_5d35,doc_5d35_chunk_0012,--gpus
4609,doc_5d35,doc_5d35_chunk_0012,SLURMD_NODENAME
4610,doc_5d35,doc_5d35_chunk_0012,node02
4611,doc_5d35,doc_5d35_chunk_0012,node01
4612,doc_5d35,doc_5d35_chunk_0012,job submit plugin
4613,doc_5d35,doc_5d35_chunk_0012,spank_init_post_opt()
4614,doc_5d35,doc_5d35_chunk_0012,sched/backfill plugin
4615,doc_5d35,doc_5d35_chunk_0012,heterogeneous job components
4616,doc_5d35,doc_5d35_chunk_0012,backfill scheduler
4617,doc_5d35,doc_5d35_chunk_0013,heterogeneous job
4618,doc_5d35,doc_5d35_chunk_0013,backfill scheduler
4619,doc_5d35,doc_5d35_chunk_0013,job component
4620,doc_5d35,doc_5d35_chunk_0013,independent jobs
4621,doc_5d35,doc_5d35_chunk_0013,expected start time
4622,doc_5d35,doc_5d35_chunk_0013,first mode
4623,doc_5d35,doc_5d35_chunk_0013,second mode
4624,doc_5d35,doc_5d35_chunk_0013,resource limit test
4625,doc_5d35,doc_5d35_chunk_0013,resource limits
4626,doc_5d35,doc_5d35_chunk_0013,association
4627,doc_5d35,doc_5d35_chunk_0013,job QOS
4628,doc_5d35,doc_5d35_chunk_0013,partition QOS
4629,doc_5d35,doc_5d35_chunk_0013,quality of service (QOS)
4630,doc_5d35,doc_5d35_chunk_0013,CPU limit test
4631,doc_5d35,doc_5d35_chunk_0013,whole core
4632,doc_5d35,doc_5d35_chunk_0013,socket
4633,doc_5d35,doc_5d35_chunk_0013,node
4634,doc_5d35,doc_5d35_chunk_0014,CPU limit
4635,doc_5d35,doc_5d35_chunk_0014,whole core
4636,doc_5d35,doc_5d35_chunk_0014,socket
4637,doc_5d35,doc_5d35_chunk_0014,node
4638,doc_5d35,doc_5d35_chunk_0014,heterogeneous job
4639,doc_5d35,doc_5d35_chunk_0014,resource limits
4640,doc_5d35,doc_5d35_chunk_0014,concurrent running jobs
4641,doc_5d35,doc_5d35_chunk_0014,job component
4642,doc_61ca,doc_61ca_chunk_0001,Slurm PrEp
4643,doc_61ca,doc_61ca_chunk_0001,Prolog
4644,doc_61ca,doc_61ca_chunk_0001,Epilog
4645,doc_61ca,doc_61ca_chunk_0001,PrologSlurmctld
4646,doc_61ca,doc_61ca_chunk_0001,EpilogSlurmctld
4647,doc_61ca,doc_61ca_chunk_0001,prep/script plugin
4648,doc_61ca,doc_61ca_chunk_0001,plugin_name
4649,doc_61ca,doc_61ca_chunk_0001,plugin_type
4650,doc_61ca,doc_61ca_chunk_0001,plugin_version
4651,doc_61ca,doc_61ca_chunk_0001,Slurm Plugin API
4652,doc_61ca,doc_61ca_chunk_0001,PrEpPlugins
4653,doc_61ca,doc_61ca_chunk_0001,configuration option
4654,doc_61ca,doc_61ca_chunk_0001,prep plugins
4655,doc_61ca,doc_61ca_chunk_0002,prep_p_prolog_slurmctld
4656,doc_61ca,doc_61ca_chunk_0002,prep_p_epilog_slurmctld
4657,doc_61ca,doc_61ca_chunk_0002,slurmctld
4658,doc_61ca,doc_61ca_chunk_0002,slurmctld locks
4659,doc_61ca,doc_61ca_chunk_0002,async
4660,doc_61ca,doc_61ca_chunk_0002,slurmctld responsiveness
4661,doc_61ca,doc_61ca_chunk_0002,system throughput
4662,doc_61ca,doc_61ca_chunk_0002,job record details
4663,doc_61ca,doc_61ca_chunk_0002,separate processing thread
4664,doc_61ca,doc_61ca_chunk_0002,prolog_slurmctld_callback
4665,doc_61ca,doc_61ca_chunk_0002,epilog_slurmctld_callback
4666,doc_61ca,doc_61ca_chunk_0003,slurmd
4667,doc_61ca,doc_61ca_chunk_0003,slurmctld
4668,doc_61ca,doc_61ca_chunk_0003,job_env_t
4669,doc_61ca,doc_61ca_chunk_0003,slurm_cred_t
4670,doc_61ca,doc_61ca_chunk_0003,job_record_t
4671,doc_61ca,doc_61ca_chunk_0003,prep_p_prolog
4672,doc_61ca,doc_61ca_chunk_0003,prep_p_epilog
4673,doc_61ca,doc_61ca_chunk_0003,slurm_success
4674,doc_61ca,doc_61ca_chunk_0003,slurm_error
4675,doc_61ca,doc_61ca_chunk_0003,job failure
4676,doc_61ca,doc_61ca_chunk_0003,async
4677,doc_61ca,doc_61ca_chunk_0003,step launch request
4678,doc_61ca,doc_61ca_chunk_0003,launch credential
4679,doc_62ff,doc_62ff_chunk_0001,PBS/Torque
4680,doc_62ff,doc_62ff_chunk_0001,Slurm
4681,doc_62ff,doc_62ff_chunk_0001,LSF
4682,doc_62ff,doc_62ff_chunk_0001,SGE
4683,doc_62ff,doc_62ff_chunk_0001,LoadLeveler
4684,doc_62ff,doc_62ff_chunk_0001,command
4685,doc_62ff,doc_62ff_chunk_0001,environment variables
4686,doc_62ff,doc_62ff_chunk_0001,job specification options
4687,doc_6722,doc_6722_chunk_0001,Slurm burst buffer plugins
4688,doc_6722,doc_6722_chunk_0001,persistent Burst Buffer
4689,doc_6722,doc_6722_chunk_0001,heterogeneous Job Support
4690,doc_6722,doc_6722_chunk_0001,Command-line Job Options
4691,doc_6722,doc_6722_chunk_0001,Datawarp
4692,doc_6722,doc_6722_chunk_0001,Lua
4693,doc_6722,doc_6722_chunk_0001,Symbol Replacement
4694,doc_6722,doc_6722_chunk_0001,Status Commands
4695,doc_6722,doc_6722_chunk_0001,Advanced Reservations
4696,doc_6722,doc_6722_chunk_0001,Job Dependencies
4697,doc_6722,doc_6722_chunk_0001,Burst Buffer States
4698,doc_6722,doc_6722_chunk_0001,Job States
4699,doc_6722,doc_6722_chunk_0001,slurmctld node
4700,doc_6722,doc_6722_chunk_0001,datawarp plugin
4701,doc_6722,doc_6722_chunk_0001,Datawarp APIs
4702,doc_6722,doc_6722_chunk_0002,Slurm
4703,doc_6722,doc_6722_chunk_0002,burst buffer
4704,doc_6722,doc_6722_chunk_0002,staging files
4705,doc_6722,doc_6722_chunk_0002,job states
4706,doc_6722,doc_6722_chunk_0002,Lua
4707,doc_6722,doc_6722_chunk_0002,slurm.conf
4708,doc_6722,doc_6722_chunk_0002,BurstBufferType
4709,doc_6722,doc_6722_chunk_0002,DebugFlags
4710,doc_6722,doc_6722_chunk_0002,Job Submission Commands
4711,doc_6722,doc_6722_chunk_0002,burst buffer plugin
4712,doc_6722,doc_6722_chunk_0002,only one burst buffer plugin
4713,doc_6722,doc_6722_chunk_0002,detailed logging
4714,doc_6722,doc_6722_chunk_0003,Slurm
4715,doc_6722,doc_6722_chunk_0003,slurm.conf
4716,doc_6722,doc_6722_chunk_0003,DebugFlags
4717,doc_6722,doc_6722_chunk_0003,BurstBuffer
4718,doc_6722,doc_6722_chunk_0003,burst buffer plugin
4719,doc_6722,doc_6722_chunk_0003,TRES
4720,doc_6722,doc_6722_chunk_0003,AccountingStorageTres
4721,doc_6722,doc_6722_chunk_0003,burst_buffer.conf
4722,doc_6722,doc_6722_chunk_0003,bb/datawarp
4723,doc_6722,doc_6722_chunk_0003,lua plugin
4724,doc_6722,doc_6722_chunk_0003,burst buffer resources
4725,doc_6722,doc_6722_chunk_0003,burst_buffer.conf manual
4726,doc_6722,doc_6722_chunk_0003,JSON-C library
4727,doc_6722,doc_6722_chunk_0004,Slurm
4728,doc_6722,doc_6722_chunk_0004,burst_buffer
4729,doc_6722,doc_6722_chunk_0004,datawarp
4730,doc_6722,doc_6722_chunk_0004,dw_wlm_cli
4731,doc_6722,doc_6722_chunk_0004,dwstat
4732,doc_6722,doc_6722_chunk_0004,GetSysStatus
4733,doc_6722,doc_6722_chunk_0004,burst_buffer.conf
4734,doc_6722,doc_6722_chunk_0004,BurstBufferType
4735,doc_6722,doc_6722_chunk_0004,lua plugin
4736,doc_6722,doc_6722_chunk_0004,burst_buffer.lua
4737,doc_6722,doc_6722_chunk_0004,slurm.conf
4738,doc_6722,doc_6722_chunk_0004,slurm_bb_job_process
4739,doc_6722,doc_6722_chunk_0004,slurm_bb_pools
4740,doc_6722,doc_6722_chunk_0005,burst_buffer.lua
4741,doc_6722,doc_6722_chunk_0005,slurmctld
4742,doc_6722,doc_6722_chunk_0005,slurm_bb_job_process
4743,doc_6722,doc_6722_chunk_0005,slurm_bb_pools
4744,doc_6722,doc_6722_chunk_0005,slurm_bb_paths
4745,doc_6722,doc_6722_chunk_0005,slurmscriptd
4746,doc_6722,doc_6722_chunk_0005,slurmscriptd daemon
4747,doc_6722,doc_6722_chunk_0005,fork()
4748,doc_6722,doc_6722_chunk_0005,mutexes
4749,doc_6722,doc_6722_chunk_0005,slurmctld performance
4750,doc_6722,doc_6722_chunk_0005,slurmctld responsiveness
4751,doc_6722,doc_6722_chunk_0005,timeout value
4752,doc_6722,doc_6722_chunk_0006,burst_buffer
4753,doc_6722,doc_6722_chunk_0006,burst_buffer.conf
4754,doc_6722,doc_6722_chunk_0006,timeout value
4755,doc_6722,doc_6722_chunk_0006,burst_buffer.lua
4756,doc_6722,doc_6722_chunk_0006,signal handler
4757,doc_6722,doc_6722_chunk_0006,slurmctld
4758,doc_6722,doc_6722_chunk_0006,burst buffer API
4759,doc_6722,doc_6722_chunk_0006,burst buffer resource
4760,doc_6722,doc_6722_chunk_0006,pool space
4761,doc_6722,doc_6722_chunk_0006,Job Submission Commands
4762,doc_6722,doc_6722_chunk_0006,dw_wlm_cli
4763,doc_6722,doc_6722_chunk_0006,DefaultPool
4764,doc_6722,doc_6722_chunk_0006,Lua
4765,doc_6722,doc_6722_chunk_0006,pools
4766,doc_6722,doc_6722_chunk_0006,dw_wlm_cli script
4767,doc_6722,doc_6722_chunk_0007,burst_buffer.conf
4768,doc_6722,doc_6722_chunk_0007,DefaultPool
4769,doc_6722,doc_6722_chunk_0007,burst_buffer.lua
4770,doc_6722,doc_6722_chunk_0007,slurm_bb_pools
4771,doc_6722,doc_6722_chunk_0007,pools
4772,doc_6722,doc_6722_chunk_0007,SUCCESS
4773,doc_6722,doc_6722_chunk_0007,JSON-formatted string
4774,doc_6722,doc_6722_chunk_0007,id
4775,doc_6722,doc_6722_chunk_0007,quantity
4776,doc_6722,doc_6722_chunk_0007,granularity
4777,doc_6722,doc_6722_chunk_0007,burst_buffer.lua.example
4778,doc_6722,doc_6722_chunk_0007,current valid fields
4779,doc_6722,doc_6722_chunk_0007,job requests
4780,doc_6722,doc_6722_chunk_0008,Slurm
4781,doc_6722,doc_6722_chunk_0008,batch script
4782,doc_6722,doc_6722_chunk_0008,#SBATCH directives
4783,doc_6722,doc_6722_chunk_0008,--bb
4784,doc_6722,doc_6722_chunk_0008,--bbf
4785,doc_6722,doc_6722_chunk_0008,burst buffer requirements
4786,doc_6722,doc_6722_chunk_0008,burst buffer stages
4787,doc_6722,doc_6722_chunk_0008,datawarp plugin
4788,doc_6722,doc_6722_chunk_0008,persistent burst buffer
4789,doc_6722,doc_6722_chunk_0008,stage-in
4790,doc_6722,doc_6722_chunk_0008,stage-out
4791,doc_6722,doc_6722_chunk_0008,job's life cycle
4792,doc_6722,doc_6722_chunk_0008,resource pool
4793,doc_6722,doc_6722_chunk_0008,Command-line Job Options
4794,doc_6722,doc_6722_chunk_0008,Overview section
4795,doc_6722,doc_6722_chunk_0009,Slurm
4796,doc_6722,doc_6722_chunk_0009,burst buffer
4797,doc_6722,doc_6722_chunk_0009,resource pool
4798,doc_6722,doc_6722_chunk_0009,pool
4799,doc_6722,doc_6722_chunk_0009,pool1
4800,doc_6722,doc_6722_chunk_0009,capacity specification
4801,doc_6722,doc_6722_chunk_0009,size specification
4802,doc_6722,doc_6722_chunk_0009,units
4803,doc_6722,doc_6722_chunk_0009,K|KiB
4804,doc_6722,doc_6722_chunk_0009,M|MiB
4805,doc_6722,doc_6722_chunk_0009,G|GiB
4806,doc_6722,doc_6722_chunk_0009,T|TiB
4807,doc_6722,doc_6722_chunk_0009,P|PiB
4808,doc_6722,doc_6722_chunk_0009,KB
4809,doc_6722,doc_6722_chunk_0009,MB
4810,doc_6722,doc_6722_chunk_0009,GB
4811,doc_6722,doc_6722_chunk_0009,TB
4812,doc_6722,doc_6722_chunk_0009,PB
4813,doc_6722,doc_6722_chunk_0010,DataWarp
4814,doc_6722,doc_6722_chunk_0010,burst_buffer/datawarp plugin
4815,doc_6722,doc_6722_chunk_0010,#DW
4816,doc_6722,doc_6722_chunk_0010,burst buffer directives
4817,doc_6722,doc_6722_chunk_0010,Cray documentation
4818,doc_6722,doc_6722_chunk_0010,Persistent Burst Buffer
4819,doc_6722,doc_6722_chunk_0010,#BB
4820,doc_6722,doc_6722_chunk_0010,job-specific burst buffers
4821,doc_6722,doc_6722_chunk_0010,burst buffer capacity
4822,doc_6722,doc_6722_chunk_0010,DefaultPool
4823,doc_6722,doc_6722_chunk_0010,burst_buffer.conf
4824,doc_6722,doc_6722_chunk_0010,job script
4825,doc_6722,doc_6722_chunk_0010,scratch
4826,doc_6722,doc_6722_chunk_0010,capacity=1GB
4827,doc_6722,doc_6722_chunk_0010,access_mode
4828,doc_6722,doc_6722_chunk_0011,burst_buffer.conf
4829,doc_6722,doc_6722_chunk_0011,Directive
4830,doc_6722,doc_6722_chunk_0011,#BB_EXAMPLE
4831,doc_6722,doc_6722_chunk_0011,#BB_LUA
4832,doc_6722,doc_6722_chunk_0011,srun
4833,doc_6722,doc_6722_chunk_0011,application.sh
4834,doc_6722,doc_6722_chunk_0011,burst buffer pools
4835,doc_6722,doc_6722_chunk_0011,Burst Buffer Resources
4836,doc_6722,doc_6722_chunk_0011,pool=pool1
4837,doc_6722,doc_6722_chunk_0011,capacity=1K
4838,doc_6722,doc_6722_chunk_0011,slurm_bb_job_process
4839,doc_6722,doc_6722_chunk_0011,burst_buffer.lua
4840,doc_6722,doc_6722_chunk_0011,persistent Burst Buffer Creation
4841,doc_6722,doc_6722_chunk_0011,delete Directives
4842,doc_6722,doc_6722_chunk_0012,access
4843,doc_6722,doc_6722_chunk_0012,pool
4844,doc_6722,doc_6722_chunk_0012,type
4845,doc_6722,doc_6722_chunk_0012,BB
4846,doc_6722,doc_6722_chunk_0012,create_persistent
4847,doc_6722,doc_6722_chunk_0012,destroy_persistent
4848,doc_6722,doc_6722_chunk_0012,name
4849,doc_6722,doc_6722_chunk_0012,capacity
4850,doc_6722,doc_6722_chunk_0012,striped
4851,doc_6722,doc_6722_chunk_0012,private
4852,doc_6722,doc_6722_chunk_0012,ldbalance
4853,doc_6722,doc_6722_chunk_0012,cache
4854,doc_6722,doc_6722_chunk_0012,scratch
4855,doc_6722,doc_6722_chunk_0012,srun
4856,doc_6722,doc_6722_chunk_0012,application.sh
4857,doc_6722,doc_6722_chunk_0012,sbatch
4858,doc_6722,doc_6722_chunk_0012,N0
4859,doc_6722,doc_6722_chunk_0012,setup_buffers.bash
4860,doc_6722,doc_6722_chunk_0012,job array
4861,doc_6722,doc_6722_chunk_0013,Slurm
4862,doc_6722,doc_6722_chunk_0013,zero size job
4863,doc_6722,doc_6722_chunk_0013,burst buffer directives
4864,doc_6722,doc_6722_chunk_0013,burst_buffer.conf
4865,doc_6722,doc_6722_chunk_0013,Flags
4866,doc_6722,doc_6722_chunk_0013,heterogeneous job
4867,doc_6722,doc_6722_chunk_0013,burst buffer hooks
4868,doc_6722,doc_6722_chunk_0013,heterogeneous jobs page
4869,doc_6722,doc_6722_chunk_0013,--bb
4870,doc_6722,doc_6722_chunk_0013,--bbf
4871,doc_6722,doc_6722_chunk_0013,salloc
4872,doc_6722,doc_6722_chunk_0013,sbatch
4873,doc_6722,doc_6722_chunk_0013,srun
4874,doc_6722,doc_6722_chunk_0013,persistent burst buffers
4875,doc_6722,doc_6722_chunk_0013,burst buffer plugins
4876,doc_6722,doc_6722_chunk_0013,Datawarp
4877,doc_6722,doc_6722_chunk_0013,batch script
4878,doc_6722,doc_6722_chunk_0014,Datawarp
4879,doc_6722,doc_6722_chunk_0014,--bb
4880,doc_6722,doc_6722_chunk_0014,access
4881,doc_6722,doc_6722_chunk_0014,capacity
4882,doc_6722,doc_6722_chunk_0014,type
4883,doc_6722,doc_6722_chunk_0014,pool
4884,doc_6722,doc_6722_chunk_0014,srun
4885,doc_6722,doc_6722_chunk_0014,scontrol
4886,doc_6722,doc_6722_chunk_0014,show burst
4887,doc_6722,doc_6722_chunk_0014,sview
4888,doc_6722,doc_6722_chunk_0014,Burst buffer
4889,doc_6722,doc_6722_chunk_0014,Slurm
4890,doc_6722,doc_6722_chunk_0014,Symbol Replacement
4891,doc_6722,doc_6722_chunk_0014,% AArray Master Job Id
4892,doc_6722,doc_6722_chunk_0014,%aArray Task Id
4893,doc_6722,doc_6722_chunk_0014,%dWorkdir
4894,doc_6722,doc_6722_chunk_0014,%jJob Id
4895,doc_6722,doc_6722_chunk_0014,%uUser Name
4896,doc_6722,doc_6722_chunk_0015,scontrol
4897,doc_6722,doc_6722_chunk_0015,show
4898,doc_6722,doc_6722_chunk_0015,burst
4899,doc_6722,doc_6722_chunk_0015,Datawarp
4900,doc_6722,doc_6722_chunk_0015,lua
4901,doc_6722,doc_6722_chunk_0015,DefaultPool
4902,doc_6722,doc_6722_chunk_0015,Granularity
4903,doc_6722,doc_6722_chunk_0015,TotalSpace
4904,doc_6722,doc_6722_chunk_0015,FreeSpace
4905,doc_6722,doc_6722_chunk_0015,UsedSpace
4906,doc_6722,doc_6722_chunk_0015,Allocated Buffers
4907,doc_6722,doc_6722_chunk_0015,JobID
4908,doc_6722,doc_6722_chunk_0015,CreateTime
4909,doc_6722,doc_6722_chunk_0015,Pool
4910,doc_6722,doc_6722_chunk_0015,Size
4911,doc_6722,doc_6722_chunk_0015,State
4912,doc_6722,doc_6722_chunk_0015,UserID
4913,doc_6722,doc_6722_chunk_0015,Per User Buffer Use
4914,doc_6722,doc_6722_chunk_0015,dwstat
4915,doc_6722,doc_6722_chunk_0016,scontrol
4916,doc_6722,doc_6722_chunk_0016,create reservation
4917,doc_6722,doc_6722_chunk_0016,starttime
4918,doc_6722,doc_6722_chunk_0016,duration
4919,doc_6722,doc_6722_chunk_0016,users
4920,doc_6722,doc_6722_chunk_0016,flags
4921,doc_6722,doc_6722_chunk_0016,any_nodes
4922,doc_6722,doc_6722_chunk_0016,burstbuffer
4923,doc_6722,doc_6722_chunk_0016,datawarp
4924,doc_6722,doc_6722_chunk_0016,units
4925,doc_6722,doc_6722_chunk_0016,Job Dependencies
4926,doc_6722,doc_6722_chunk_0016,sbatch
4927,doc_6722,doc_6722_chunk_0016,--dependency
4928,doc_6722,doc_6722_chunk_0016,afterok
4929,doc_6722,doc_6722_chunk_0016,afterburstbuffer
4930,doc_6722,doc_6722_chunk_0016,BurstBufferState
4931,doc_6722,doc_6722_chunk_0016,pending
4932,doc_6722,doc_6722_chunk_0016,allocating
4933,doc_6722,doc_6722_chunk_0016,allocated
4934,doc_6722,doc_6722_chunk_0017,Slurm
4935,doc_6722,doc_6722_chunk_0017,alloc-revoke
4936,doc_6722,doc_6722_chunk_0017,select plugin
4937,doc_6722,doc_6722_chunk_0017,job
4938,doc_6722,doc_6722_chunk_0017,burst buffer
4939,doc_6722,doc_6722_chunk_0017,pending
4940,doc_6722,doc_6722_chunk_0017,burstBufferStageIn
4941,doc_6722,doc_6722_chunk_0017,staging-in
4942,doc_6722,doc_6722_chunk_0017,staged-in
4943,doc_6722,doc_6722_chunk_0017,pre-run
4944,doc_6722,doc_6722_chunk_0017,running+configuring
4945,doc_6722,doc_6722_chunk_0017,job state
4946,doc_6722,doc_6722_chunk_0017,burst buffer state
4947,doc_6722,doc_6722_chunk_0018,pre-run
4948,doc_6722,doc_6722_chunk_0018,configuring flag
4949,doc_6722,doc_6722_chunk_0018,job state
4950,doc_6722,doc_6722_chunk_0018,burst buffer state
4951,doc_6722,doc_6722_chunk_0018,stage-out
4952,doc_6722,doc_6722_chunk_0018,complete
4953,doc_6722,doc_6722_chunk_0018,teardown
4954,doc_6722,doc_6722_chunk_0018,teardown-fail
4955,doc_6722,doc_6722_chunk_0018,burst_buffer/lua plugin
4956,doc_6722,doc_6722_chunk_0018,teardown-run
4957,doc_6722,doc_6722_chunk_0018,burst_buffer.conf
4958,doc_6722,doc_6722_chunk_0018,scancel --hurry
4959,doc_6722,doc_6722_chunk_0018,slurmctld
4960,doc_6722,doc_6722_chunk_0018,slurmctld stop
4961,doc_6722,doc_6722_chunk_0019,slurmctld
4962,doc_6722,doc_6722_chunk_0019,Slurm
4963,doc_6722,doc_6722_chunk_0019,burst buffer scripts
4964,doc_6722,doc_6722_chunk_0019,job state
4965,doc_6722,doc_6722_chunk_0019,Pending
4966,doc_6722,doc_6722_chunk_0019,Staging-in
4967,doc_6722,doc_6722_chunk_0019,staged-in
4968,doc_6722,doc_6722_chunk_0019,teardown
4969,doc_6722,doc_6722_chunk_0019,wait
4970,doc_6722,doc_6722_chunk_0019,short time
4971,doc_6722,doc_6722_chunk_0019,restart
4972,doc_6722,doc_6722_chunk_0019,Pre-run
4973,doc_6722,doc_6722_chunk_0019,Running
4974,doc_6722,doc_6722_chunk_0019,Post-run
4975,doc_6722,doc_6722_chunk_0019,staging-out
4976,doc_6722,doc_6722_chunk_0019,teardown-fail
4977,doc_6b88,doc_6b88_chunk_0001,Slurm
4978,doc_6b88,doc_6b88_chunk_0001,RFC7519
4979,doc_6b88,doc_6b88_chunk_0001,JSON Web Tokens (JWT)
4980,doc_6b88,doc_6b88_chunk_0001,AuthAltType
4981,doc_6b88,doc_6b88_chunk_0001,auth/munge
4982,doc_6b88,doc_6b88_chunk_0001,slurmctld
4983,doc_6b88,doc_6b88_chunk_0001,slurmdbd
4984,doc_6b88,doc_6b88_chunk_0001,interactive jobs
4985,doc_6b88,doc_6b88_chunk_0001,srun
4986,doc_6b88,doc_6b88_chunk_0001,libjwt
4987,doc_6b88,doc_6b88_chunk_0001,prerequisites
4988,doc_6b88,doc_6b88_chunk_0001,root trust
4989,doc_6b88,doc_6b88_chunk_0001,slurmrestd
4990,doc_6b88,doc_6b88_chunk_0001,slurmrestd communication
4991,doc_6b88,doc_6b88_chunk_0001,authenticating proxy
4992,doc_6b88,doc_6b88_chunk_0002,Slurm JWT plugin
4993,doc_6b88,doc_6b88_chunk_0002,JWT authentication
4994,doc_6b88,doc_6b88_chunk_0002,proxied authentication
4995,doc_6b88,doc_6b88_chunk_0002,Linux/POSIX's ACLs and trusts
4996,doc_6b88,doc_6b88_chunk_0002,models of trust
4997,doc_6b88,doc_6b88_chunk_0002,slurmrestd
4998,doc_6b88,doc_6b88_chunk_0002,slurmuser/root token
4999,doc_6b88,doc_6b88_chunk_0002,Nginx
5000,doc_6b88,doc_6b88_chunk_0002,Apache
5001,doc_6b88,doc_6b88_chunk_0002,X-SLURM-USER-TOKEN
5002,doc_6b88,doc_6b88_chunk_0002,X-SLURM-USER-NAME
5003,doc_6b88,doc_6b88_chunk_0002,authenticating proxy
5004,doc_6b88,doc_6b88_chunk_0003,Slurm
5005,doc_6b88,doc_6b88_chunk_0003,authentication proxy
5006,doc_6b88,doc_6b88_chunk_0003,signed public keys
5007,doc_6b88,doc_6b88_chunk_0003,Amazon Cognito
5008,doc_6b88,doc_6b88_chunk_0003,Keycloak
5009,doc_6b88,doc_6b88_chunk_0003,Keycloak - Standalone Use
5010,doc_6b88,doc_6b88_chunk_0003,JWT support
5011,doc_6b88,doc_6b88_chunk_0003,slurmdbd
5012,doc_6b88,doc_6b88_chunk_0003,/var/spool/slurm/statesave/jwt_hs256.key
5013,doc_6b88,doc_6b88_chunk_0003,dd
5014,doc_6b88,doc_6b88_chunk_0003,chown
5015,doc_6b88,doc_6b88_chunk_0003,chmod
5016,doc_6b88,doc_6b88_chunk_0003,slurm.conf
5017,doc_6b88,doc_6b88_chunk_0004,Slurm
5018,doc_6b88,doc_6b88_chunk_0004,RS256 token
5019,doc_6b88,doc_6b88_chunk_0004,AuthAltTypes
5020,doc_6b88,doc_6b88_chunk_0004,AuthAltParameters
5021,doc_6b88,doc_6b88_chunk_0004,jwks.json
5022,doc_6b88,doc_6b88_chunk_0004,SlurmUser
5023,doc_6b88,doc_6b88_chunk_0004,root
5024,doc_6b88,doc_6b88_chunk_0004,jwks
5025,doc_6b88,doc_6b88_chunk_0004,jwt_key=
5026,doc_6b88,doc_6b88_chunk_0004,x5c
5027,doc_6b88,doc_6b88_chunk_0004,x5t
5028,doc_6b88,doc_6b88_chunk_0004,RSA 256 bit keys
5029,doc_6b88,doc_6b88_chunk_0004,e and n fields
5030,doc_6b88,doc_6b88_chunk_0005,KeyCloak
5031,doc_6b88,doc_6b88_chunk_0005,startup.sh
5032,doc_6b88,doc_6b88_chunk_0005,secret
5033,doc_6b88,doc_6b88_chunk_0005,KC_BOOTSTRAP_ADMIN_USERNAME
5034,doc_6b88,doc_6b88_chunk_0005,KC_BOOTSTRAP_ADMIN_PASSWORD
5035,doc_6b88,doc_6b88_chunk_0005,Dockerfile
5036,doc_6b88,doc_6b88_chunk_0005,kc.sh
5037,doc_6b88,doc_6b88_chunk_0005,bootstrap-admin
5038,doc_6b88,doc_6b88_chunk_0005,service
5039,doc_6b88,doc_6b88_chunk_0005,client-id
5040,doc_6b88,doc_6b88_chunk_0005,client-secret
5041,doc_6b88,doc_6b88_chunk_0005,log
5042,doc_6b88,doc_6b88_chunk_0005,console
5043,doc_6b88,doc_6b88_chunk_0005,debug
5044,doc_6b88,doc_6b88_chunk_0005,http-enabled
5045,doc_6b88,doc_6b88_chunk_0006,KeyCloak
5046,doc_6b88,doc_6b88_chunk_0006,Clients
5047,doc_6b88,doc_6b88_chunk_0006,Client details
5048,doc_6b88,doc_6b88_chunk_0006,Dedicated scopes
5049,doc_6b88,doc_6b88_chunk_0006,Mapper details
5050,doc_6b88,doc_6b88_chunk_0006,sun field
5051,doc_6b88,doc_6b88_chunk_0006,libjwt
5052,doc_6b88,doc_6b88_chunk_0006,RFC7519
5053,doc_6b88,doc_6b88_chunk_0006,JWT tokens
5054,doc_6b88,doc_6b88_chunk_0006,iat
5055,doc_6b88,doc_6b88_chunk_0006,Unix timestamp
5056,doc_6b88,doc_6b88_chunk_0006,Slurm UserName
5057,doc_6b88,doc_6b88_chunk_0006,POSIX.1-2017 User Name
5058,doc_6b88,doc_6b88_chunk_0006,HS256 algorithm
5059,doc_6b88,doc_6b88_chunk_0006,RFC7518
5060,doc_6b88,doc_6b88_chunk_0007,SLURM_JWT
5061,doc_6b88,doc_6b88_chunk_0007,jwt
5062,doc_6b88,doc_6b88_chunk_0007,HS256
5063,doc_6b88,doc_6b88_chunk_0007,priv_key
5064,doc_6b88,doc_6b88_chunk_0007,signing_key
5065,doc_6b88,doc_6b88_chunk_0007,message
5066,doc_6b88,doc_6b88_chunk_0007,exp
5067,doc_6b88,doc_6b88_chunk_0007,iat
5068,doc_6b88,doc_6b88_chunk_0007,sun
5069,doc_6b88,doc_6b88_chunk_0007,time
5070,doc_6b88,doc_6b88_chunk_0007,sys.argv
5071,doc_6b88,doc_6b88_chunk_0007,b64encode
5072,doc_6b88,doc_6b88_chunk_0007,jwk_from_dict
5073,doc_6b88,doc_6b88_chunk_0007,decode
5074,doc_6b88,doc_6b88_chunk_0007,algorithms
5075,doc_732b,doc_732b_chunk_0001,Slurm
5076,doc_732b,doc_732b_chunk_0001,ssh
5077,doc_732b,doc_732b_chunk_0001,pam_slurm_adopt
5078,doc_732b,doc_732b_chunk_0001,slurm.conf
5079,doc_732b,doc_732b_chunk_0001,PrologFlags
5080,doc_732b,doc_732b_chunk_0001,contain
5081,doc_732b,doc_732b_chunk_0001,task/cgroup plugin
5082,doc_732b,doc_732b_chunk_0001,slurm.spec
5083,doc_732b,doc_732b_chunk_0001,RPM
5084,doc_732b,doc_732b_chunk_0001,slurm-pam_slurm
5085,doc_732b,doc_732b_chunk_0001,Debian systems
5086,doc_732b,doc_732b_chunk_0001,RedHat/SuSE systems
5087,doc_732b,doc_732b_chunk_0001,slurm-smd-libpam-slurm-adopt
5088,doc_732b,doc_732b_chunk_0002,LaunchParameters
5089,doc_732b,doc_732b_chunk_0002,ulimit_pam_adopt
5090,doc_732b,doc_732b_chunk_0002,RLIMIT_RSS
5091,doc_732b,doc_732b_chunk_0002,UsePAM
5092,doc_732b,doc_732b_chunk_0002,/etc/ssh/sshd_config
5093,doc_732b,doc_732b_chunk_0002,SSH Configuration
5094,doc_732b,doc_732b_chunk_0002,authentication methods
5095,doc_732b,doc_732b_chunk_0002,publickey
5096,doc_732b,doc_732b_chunk_0002,password
5097,doc_732b,doc_732b_chunk_0002,keyboard-interactive
5098,doc_732b,doc_732b_chunk_0002,AuthenticationMethods
5099,doc_732b,doc_732b_chunk_0002,pam_slurm_adopt
5100,doc_732b,doc_732b_chunk_0002,PAM Configuration
5101,doc_732b,doc_732b_chunk_0002,account required
5102,doc_732b,doc_732b_chunk_0003,PAM Configuration
5103,doc_732b,doc_732b_chunk_0003,account required pam_slurm_adopt.so
5104,doc_732b,doc_732b_chunk_0003,system-auth
5105,doc_732b,doc_732b_chunk_0003,sshd
5106,doc_732b,doc_732b_chunk_0003,pam_nologin.so
5107,doc_732b,doc_732b_chunk_0003,password-auth
5108,doc_732b,doc_732b_chunk_0003,-account required pam_slurm_adopt.so
5109,doc_732b,doc_732b_chunk_0003,-
5110,doc_732b,doc_732b_chunk_0003,pam_systemd
5111,doc_732b,doc_732b_chunk_0003,loginctl
5112,doc_732b,doc_732b_chunk_0003,SLURM_JOB_USER
5113,doc_732b,doc_732b_chunk_0003,proctrack/cgroup
5114,doc_732b,doc_732b_chunk_0003,prolog script
5115,doc_732b,doc_732b_chunk_0004,PAM module
5116,doc_732b,doc_732b_chunk_0004,pam_slurm_adopt
5117,doc_732b,doc_732b_chunk_0004,root user
5118,doc_732b,doc_732b_chunk_0004,administrative access
5119,doc_732b,doc_732b_chunk_0004,pam_access
5120,doc_732b,doc_732b_chunk_0004,access.conf
5121,doc_732b,doc_732b_chunk_0004,/etc/security/access.conf
5122,doc_732b,doc_732b_chunk_0004,wheel group
5123,doc_732b,doc_732b_chunk_0004,sshd file
5124,doc_732b,doc_732b_chunk_0004,/etc/pam.d/sshd
5125,doc_732b,doc_732b_chunk_0004,pam_listfile
5126,doc_732b,doc_732b_chunk_0004,user file
5127,doc_732b,doc_732b_chunk_0005,pam_slurm_adopt
5128,doc_732b,doc_732b_chunk_0005,pam_listfile
5129,doc_732b,doc_732b_chunk_0005,account
5130,doc_732b,doc_732b_chunk_0005,session
5131,doc_732b,doc_732b_chunk_0005,/path/to/allowed_users_file
5132,doc_732b,doc_732b_chunk_0005,/etc/groupfile
5133,doc_732b,doc_732b_chunk_0005,pam_systemd
5134,doc_732b,doc_732b_chunk_0005,pam_access
5135,doc_732b,doc_732b_chunk_0005,sshd
5136,doc_732b,doc_732b_chunk_0005,system-auth
5137,doc_732b,doc_732b_chunk_0005,/etc/pam.d/
5138,doc_732b,doc_732b_chunk_0005,optionname
5139,doc_732b,doc_732b_chunk_0005,optionvalue
5140,doc_732b,doc_732b_chunk_0005,action_no_jobs
5141,doc_732b,doc_732b_chunk_0006,Slurm
5142,doc_732b,doc_732b_chunk_0006,RPC
5143,doc_732b,doc_732b_chunk_0006,action_unknown
5144,doc_732b,doc_732b_chunk_0006,deny
5145,doc_732b,doc_732b_chunk_0006,newest
5146,doc_732b,doc_732b_chunk_0006,cgroup/v1
5147,doc_732b,doc_732b_chunk_0006,mtime
5148,doc_732b,doc_732b_chunk_0006,job's step_extern cgroup
5149,doc_732b,doc_732b_chunk_0006,ssh
5150,doc_732b,doc_732b_chunk_0006,login node
5151,doc_732b,doc_732b_chunk_0006,cgroup/v2
5152,doc_732b,doc_732b_chunk_0006,job id
5153,doc_732b,doc_732b_chunk_0007,cgroup/v2
5154,doc_732b,doc_732b_chunk_0007,connection
5155,doc_732b,doc_732b_chunk_0007,action_adopt_failure
5156,doc_732b,doc_732b_chunk_0007,action_unknown
5157,doc_732b,doc_732b_chunk_0007,callerid RPC
5158,doc_732b,doc_732b_chunk_0007,slurmd
5159,doc_732b,doc_732b_chunk_0007,pam module
5160,doc_732b,doc_732b_chunk_0007,action_generic_failure
5161,doc_732b,doc_732b_chunk_0007,ignore
5162,doc_732b,doc_732b_chunk_0007,deny
5163,doc_732b,doc_732b_chunk_0007,insecure
5164,doc_732b,doc_732b_chunk_0007,testing purposes
5165,doc_732b,doc_732b_chunk_0007,kernel facilities
5166,doc_732b,doc_732b_chunk_0008,Slurm
5167,doc_732b,doc_732b_chunk_0008,deny
5168,doc_732b,doc_732b_chunk_0008,allow
5169,doc_732b,doc_732b_chunk_0008,connection
5170,doc_732b,doc_732b_chunk_0008,disable_x11
5171,doc_732b,doc_732b_chunk_0008,Slurm built-in X11 forwarding
5172,doc_732b,doc_732b_chunk_0008,DISPLAY variable
5173,doc_732b,doc_732b_chunk_0008,join_container
5174,doc_732b,doc_732b_chunk_0008,job_container/tmpfs plugin
5175,doc_732b,doc_732b_chunk_0008,log_level
5176,doc_732b,doc_732b_chunk_0008,SlurmdDebug
5177,doc_732b,doc_732b_chunk_0008,slurm.conf
5178,doc_732b,doc_732b_chunk_0009,SlurmdDebug
5179,doc_732b,doc_732b_chunk_0009,slurm.conf
5180,doc_732b,doc_732b_chunk_0009,log_level
5181,doc_732b,doc_732b_chunk_0009,NodeName
5182,doc_732b,doc_732b_chunk_0009,hostname
5183,doc_732b,doc_732b_chunk_0009,pam service name
5184,doc_732b,doc_732b_chunk_0009,sshd
5185,doc_732b,doc_732b_chunk_0009,login
5186,doc_732b,doc_732b_chunk_0009,service
5187,doc_732b,doc_732b_chunk_0009,Firewalls
5188,doc_732b,doc_732b_chunk_0009,IP Addresses
5189,doc_732b,doc_732b_chunk_0009,slurmd
5190,doc_732b,doc_732b_chunk_0009,slurmd port
5191,doc_732b,doc_732b_chunk_0009,RPC
5192,doc_732b,doc_732b_chunk_0009,source job
5193,doc_732b,doc_732b_chunk_0009,login node
5194,doc_732b,doc_732b_chunk_0010,SELinux
5195,doc_732b,doc_732b_chunk_0010,pam_slurm_adopt
5196,doc_732b,doc_732b_chunk_0010,sshd_t
5197,doc_732b,doc_732b_chunk_0010,var_spool_t
5198,doc_732b,doc_732b_chunk_0010,unconfined_t
5199,doc_732b,doc_732b_chunk_0010,initrc_var_run_t
5200,doc_732b,doc_732b_chunk_0010,sock_file
5201,doc_732b,doc_732b_chunk_0010,dir
5202,doc_732b,doc_732b_chunk_0010,unix_stream_socket
5203,doc_732b,doc_732b_chunk_0010,Slurm
5204,doc_732b,doc_732b_chunk_0010,PAM modules
5205,doc_732b,doc_732b_chunk_0010,process adoption
5206,doc_732b,doc_732b_chunk_0010,session context
5207,doc_732b,doc_732b_chunk_0010,job context
5208,doc_7425,doc_7425_chunk_0001,OpenAPI
5209,doc_7425,doc_7425_chunk_0001,slurmrestd
5210,doc_7425,doc_7425_chunk_0001,jq
5211,doc_7425,doc_7425_chunk_0001,GET
5212,doc_7425,doc_7425_chunk_0001,v3
5213,doc_7425,doc_7425_chunk_0001,components
5214,doc_7425,doc_7425_chunk_0001,schemas
5215,doc_7425,doc_7425_chunk_0001,account_flags
5216,doc_7425,doc_7425_chunk_0001,accounting
5217,doc_7425,doc_7425_chunk_0001,acct_gather_energy
5218,doc_7425,doc_7425_chunk_0001,acct_gather_profile
5219,doc_7425,doc_7425_chunk_0001,UNIX timestamp
5220,doc_7425,doc_7425_chunk_0001,Slurm
5221,doc_7425,doc_7425_chunk_0001,power consumption
5222,doc_7425,doc_7425_chunk_0001,watts
5223,doc_7425,doc_7425_chunk_0002,acct_gather_profile
5224,doc_7425,doc_7425_chunk_0002,admin_lvl
5225,doc_7425,doc_7425_chunk_0002,assoc_shares_obj_wrap
5226,doc_7425,doc_7425_chunk_0002,assoc_shares_obj_wrap_type
5227,doc_7425,doc_7425_chunk_0002,cluster_rec
5228,doc_7425,doc_7425_chunk_0002,cron_entry
5229,doc_7425,doc_7425_chunk_0002,cron_entry_flags
5230,doc_7425,doc_7425_chunk_0002,job
5231,doc_7425,doc_7425_chunk_0002,flags
5232,doc_7425,doc_7425_chunk_0002,segment_size
5233,doc_7425,doc_7425_chunk_0002,state
5234,doc_7425,doc_7425_chunk_0003,Slurm
5235,doc_7425,doc_7425_chunk_0003,UNIX timestamp
5236,doc_7425,doc_7425_chunk_0003,time string
5237,doc_7425,doc_7425_chunk_0003,integer
5238,doc_7425,doc_7425_chunk_0003,cpu_binding_flags
5239,doc_7425,doc_7425_chunk_0003,flags
5240,doc_7425,doc_7425_chunk_0003,ENERGY
5241,doc_7425,doc_7425_chunk_0003,LUSTRE
5242,doc_7425,doc_7425_chunk_0003,NETWORK
5243,doc_7425,doc_7425_chunk_0003,TASK
5244,doc_7425,doc_7425_chunk_0003,required_nodes
5245,doc_7425,doc_7425_chunk_0003,required_switches
5246,doc_7425,doc_7425_chunk_0003,rlimits
5247,doc_7425,doc_7425_chunk_0003,as
5248,doc_7425,doc_7425_chunk_0003,core
5249,doc_7425,doc_7425_chunk_0003,cpu
5250,doc_7425,doc_7425_chunk_0003,data
5251,doc_7425,doc_7425_chunk_0003,fsize
5252,doc_7425,doc_7425_chunk_0003,memlock
5253,doc_7425,doc_7425_chunk_0004,rlimits
5254,doc_7425,doc_7425_chunk_0004,memlock
5255,doc_7425,doc_7425_chunk_0004,nofile
5256,doc_7425,doc_7425_chunk_0004,nproc
5257,doc_7425,doc_7425_chunk_0004,rss
5258,doc_7425,doc_7425_chunk_0004,stack
5259,doc_7425,doc_7425_chunk_0004,segment_size
5260,doc_7425,doc_7425_chunk_0004,shared
5261,doc_7425,doc_7425_chunk_0004,oversubscribe
5262,doc_7425,doc_7425_chunk_0004,user
5263,doc_7425,doc_7425_chunk_0004,mcs
5264,doc_7425,doc_7425_chunk_0004,x11
5265,doc_7425,doc_7425_chunk_0004,FORWARD_ALL_NODES
5266,doc_7425,doc_7425_chunk_0004,BATCH_NODE
5267,doc_7425,doc_7425_chunk_0004,FIRST_NODE
5268,doc_7425,doc_7425_chunk_0004,LAST_NODE
5269,doc_7425,doc_7425_chunk_0004,het_job_id
5270,doc_7425,doc_7425_chunk_0005,UNIX timestamp
5271,doc_7425,doc_7425_chunk_0005,Slurm
5272,doc_7425,doc_7425_chunk_0005,64 bit integer number
5273,doc_7425,doc_7425_chunk_0005,flags
5274,doc_7425,doc_7425_chunk_0005,job_info
5275,doc_7425,doc_7425_chunk_0005,licenses_allocated
5276,doc_7425,doc_7425_chunk_0005,mail_type
5277,doc_7425,doc_7425_chunk_0005,BEGIN
5278,doc_7425,doc_7425_chunk_0005,END
5279,doc_7425,doc_7425_chunk_0005,FAIL
5280,doc_7425,doc_7425_chunk_0005,REQUEUE
5281,doc_7425,doc_7425_chunk_0005,TIME
5282,doc_7425,doc_7425_chunk_0005,STAGE_OUT
5283,doc_7425,doc_7425_chunk_0005,ARRAY_TASKS
5284,doc_7425,doc_7425_chunk_0005,INVALID_DEPENDENCY
5285,doc_7425,doc_7425_chunk_0005,NOT_SET
5286,doc_7425,doc_7425_chunk_0005,NONE
5287,doc_7425,doc_7425_chunk_0006,CPU
5288,doc_7425,doc_7425_chunk_0006,SOCKET
5289,doc_7425,doc_7425_chunk_0006,CORE
5290,doc_7425,doc_7425_chunk_0006,BOARD
5291,doc_7425,doc_7425_chunk_0006,MEMORY
5292,doc_7425,doc_7425_chunk_0006,UNIX Timestamp
5293,doc_7425,doc_7425_chunk_0006,job resources for a node
5294,doc_7425,doc_7425_chunk_0006,oversubscribe
5295,doc_7425,doc_7425_chunk_0006,user
5296,doc_7425,doc_7425_chunk_0006,mcs
5297,doc_7425,doc_7425_chunk_0006,topo
5298,doc_7425,doc_7425_chunk_0006,kill jobs msg
5299,doc_7425,doc_7425_chunk_0006,cert_flags
5300,doc_7425,doc_7425_chunk_0006,TOKEN_SET
5301,doc_7425,doc_7425_chunk_0006,free_mem
5302,doc_7425,doc_7425_chunk_0006,last_busy
5303,doc_7425,doc_7425_chunk_0006,next_state_after_reboot
5304,doc_7425,doc_7425_chunk_0007,v0.0.43_node
5305,doc_7425,doc_7425_chunk_0007,cert_flags
5306,doc_7425,doc_7425_chunk_0007,free_mem
5307,doc_7425,doc_7425_chunk_0007,last_busy
5308,doc_7425,doc_7425_chunk_0007,next_state_after_reboot
5309,doc_7425,doc_7425_chunk_0007,POWERING_UP
5310,doc_7425,doc_7425_chunk_0007,MAINTENANCE
5311,doc_7425,doc_7425_chunk_0007,REBOOT_REQUESTED
5312,doc_7425,doc_7425_chunk_0007,REBOOT_CANCELED
5313,doc_7425,doc_7425_chunk_0007,POWERING_DOWN
5314,doc_7425,doc_7425_chunk_0007,DYNAMIC_FUTURE
5315,doc_7425,doc_7425_chunk_0007,REBOOT_ISSUED
5316,doc_7425,doc_7425_chunk_0008,Slurm
5317,doc_7425,doc_7425_chunk_0008,UNIX timestamp
5318,doc_7425,doc_7425_chunk_0008,job update results
5319,doc_7425,doc_7425_chunk_0008,signal request
5320,doc_7425,doc_7425_chunk_0008,List of jobs signal responses
5321,doc_7425,doc_7425_chunk_0008,licenses change
5322,doc_7425,doc_7425_chunk_0008,node change
5323,doc_7425,doc_7425_chunk_0008,partition change
5324,doc_7425,doc_7425_chunk_0008,reservation_mod_resp
5325,doc_7425,doc_7425_chunk_0008,reservation_desc_msg_list
5326,doc_7425,doc_7425_chunk_0008,query errors
5327,doc_7425,doc_7425_chunk_0008,Slurm meta values
5328,doc_7425,doc_7425_chunk_0008,reservation descriptions
5329,doc_7425,doc_7425_chunk_0008,query warnings
5330,doc_7425,doc_7425_chunk_0008,reservations
5331,doc_7425,doc_7425_chunk_0009,Slurm
5332,doc_7425,doc_7425_chunk_0009,UNIX timestamp
5333,doc_7425,doc_7425_chunk_0009,"Slurm (e.g.,)"
5334,doc_7425,doc_7425_chunk_0009,reservations
5335,doc_7425,doc_7425_chunk_0009,slurmdbd_config_resp
5336,doc_7425,doc_7425_chunk_0009,oversubscribe_flags
5337,doc_7425,doc_7425_chunk_0009,partition_info
5338,doc_7425,doc_7425_chunk_0009,select_type
5339,doc_7425,doc_7425_chunk_0009,CPU
5340,doc_7425,doc_7425_chunk_0009,SOCKET
5341,doc_7425,doc_7425_chunk_0009,CORE
5342,doc_7425,doc_7425_chunk_0009,BOARD
5343,doc_7425,doc_7425_chunk_0009,MEMORY
5344,doc_7425,doc_7425_chunk_0009,ONE_TASK_PER_CORE
5345,doc_7425,doc_7425_chunk_0009,PACK_NODES
5346,doc_7425,doc_7425_chunk_0010,v0.0.43_qos
5347,doc_7425,doc_7425_chunk_0010,flags
5348,doc_7425,doc_7425_chunk_0010,ADD
5349,doc_7425,doc_7425_chunk_0010,REMOVE
5350,doc_7425,doc_7425_chunk_0010,DELETED
5351,doc_7425,doc_7425_chunk_0010,PARTITION_MINIMUM_NODE
5352,doc_7425,doc_7425_chunk_0010,PARTITION_MAXIMUM_NODE
5353,doc_7425,doc_7425_chunk_0010,preempt
5354,doc_7425,doc_7425_chunk_0010,PreemptMode
5355,doc_7425,doc_7425_chunk_0010,reservation_desc_msg
5356,doc_7425,doc_7425_chunk_0010,core_count
5357,doc_7425,doc_7425_chunk_0010,duration
5358,doc_7425,doc_7425_chunk_0010,end_time
5359,doc_7425,doc_7425_chunk_0010,features
5360,doc_7425,doc_7425_chunk_0010,groups
5361,doc_7425,doc_7425_chunk_0010,licenses
5362,doc_7425,doc_7425_chunk_0011,Slurm
5363,doc_7425,doc_7425_chunk_0011,UNIX timestamp
5364,doc_7425,doc_7425_chunk_0011,TRES
5365,doc_7425,doc_7425_chunk_0011,reservation_desc_msg
5366,doc_7425,doc_7425_chunk_0011,reservation_info
5367,doc_7425,doc_7425_chunk_0011,reservation_mod_req
5368,doc_7425,doc_7425_chunk_0011,slurmdb_job_flags
5369,doc_7425,doc_7425_chunk_0011,slurmdbd_ping
5370,doc_7425,doc_7425_chunk_0011,stats_msg
5371,doc_7425,doc_7425_chunk_0011,step
5372,doc_7425,doc_7425_chunk_0011,CPU frequency
5373,doc_7425,doc_7425_chunk_0011,exit_code
5374,doc_7425,doc_7425_chunk_0011,state
5375,doc_7425,doc_7425_chunk_0012,UNIX timestamp
5376,doc_7425,doc_7425_chunk_0012,Slurm
5377,doc_7425,doc_7425_chunk_0012,CPU frequency
5378,doc_7425,doc_7425_chunk_0012,exit code
5379,doc_7425,doc_7425_chunk_0012,state
5380,doc_7425,doc_7425_chunk_0012,resume_after
5381,doc_7425,doc_7425_chunk_0012,DOWN
5382,doc_7425,doc_7425_chunk_0012,DRAINED
5383,doc_7425,doc_7425_chunk_0012,node
5384,doc_7425,doc_7425_chunk_0012,scheduling
5385,doc_7425,doc_7425_chunk_0012,weight
5386,doc_7425,doc_7425_chunk_0012,administrator_level
5387,doc_7425,doc_7425_chunk_0012,Operator
5388,doc_7425,doc_7425_chunk_0012,Administrator
5389,doc_7425,doc_7425_chunk_0012,flags
5390,doc_7425,doc_7425_chunk_0012,DELETED
5391,doc_7425,doc_7425_chunk_0012,wckey
5392,doc_7425,doc_7425_chunk_0012,ASSIGNED_DEFAULT
5393,doc_7425,doc_7425_chunk_0012,x11
5394,doc_7425,doc_7425_chunk_0013,Slurm-25.05.0
5395,doc_7425,doc_7425_chunk_0013,v0.0.43
5396,doc_7425,doc_7425_chunk_0013,v0.0.42
5397,doc_7425,doc_7425_chunk_0013,v0.0.41
5398,doc_7425,doc_7425_chunk_0013,reservation
5399,doc_7425,doc_7425_chunk_0013,slurm
5400,doc_7425,doc_7425_chunk_0013,openapi
5401,doc_7425,doc_7425_chunk_0013,data_parsers
5402,doc_7425,doc_7425_chunk_0013,plugin
5403,doc_7425,doc_7425_chunk_0013,FEDERATION
5404,doc_7425,doc_7425_chunk_0013,EXTERNAL
5405,doc_7425,doc_7425_chunk_0013,FRONT_END
5406,doc_7425,doc_7425_chunk_0014,Slurm
5407,doc_7425,doc_7425_chunk_0014,Slurm-25.05.0
5408,doc_7425,doc_7425_chunk_0014,Slurm-24.11.1
5409,doc_7425,doc_7425_chunk_0014,openapi/slurmdbd
5410,doc_7425,doc_7425_chunk_0014,openapi/slurmctld
5411,doc_7425,doc_7425_chunk_0014,data_parser
5412,doc_7425,doc_7425_chunk_0014,v0.0.41
5413,doc_7425,doc_7425_chunk_0014,v0.0.42
5414,doc_7425,doc_7425_chunk_0014,job info
5415,doc_7425,doc_7425_chunk_0014,priority_by_partition
5416,doc_7425,doc_7425_chunk_0014,qos
5417,doc_7425,doc_7425_chunk_0014,preempt_mode
5418,doc_7425,doc_7425_chunk_0015,slurmdb
5419,doc_7425,doc_7425_chunk_0015,v0.0.42
5420,doc_7425,doc_7425_chunk_0015,users
5421,doc_7425,doc_7425_chunk_0015,wckeys
5422,doc_7425,doc_7425_chunk_0015,openapi_resp
5423,doc_7425,doc_7425_chunk_0015,exclusive
5424,doc_7425,doc_7425_chunk_0015,job_desc_msg
5425,doc_7425,doc_7425_chunk_0015,openapi_job_info_resp
5426,doc_7425,doc_7425_chunk_0015,jobs
5427,doc_7425,doc_7425_chunk_0015,nodes
5428,doc_7425,doc_7425_chunk_0015,slurm
5429,doc_7425,doc_7425_chunk_0015,job_id
5430,doc_7425,doc_7425_chunk_0015,delete
5431,doc_7425,doc_7425_chunk_0015,application/json
5432,doc_7425,doc_7425_chunk_0015,warnings
5433,doc_7425,doc_7425_chunk_0015,complex numbers
5434,doc_7425,doc_7425_chunk_0016,slurmdb
5435,doc_7425,doc_7425_chunk_0016,v0.0.41
5436,doc_7425,doc_7425_chunk_0016,v0.0.40
5437,doc_7425,doc_7425_chunk_0016,clusters
5438,doc_7425,doc_7425_chunk_0016,nodes
5439,doc_7425,doc_7425_chunk_0016,node_name
5440,doc_7425,doc_7425_chunk_0016,application/json
5441,doc_7425,doc_7425_chunk_0016,application/x-yaml
5442,doc_7425,doc_7425_chunk_0016,text/yaml
5443,doc_7425,doc_7425_chunk_0016,openapi
5444,doc_7425,doc_7425_chunk_0016,responses
5445,doc_7425,doc_7425_chunk_0016,default
5446,doc_7425,doc_7425_chunk_0016,post
5447,doc_7425,doc_7425_chunk_0016,get
5448,doc_7425,doc_7425_chunk_0016,schema
5449,doc_7425,doc_7425_chunk_0016,content
5450,doc_7425,doc_7425_chunk_0017,Slurm
5451,doc_7425,doc_7425_chunk_0017,Slurm 24.05.3
5452,doc_7425,doc_7425_chunk_0017,v0.0.41
5453,doc_7425,doc_7425_chunk_0017,openapi
5454,doc_7425,doc_7425_chunk_0017,jsonrequest
5455,doc_7425,doc_7425_chunk_0017,components.schemas
5456,doc_7425,doc_7425_chunk_0017,paths
5457,doc_7425,doc_7425_chunk_0017,delete
5458,doc_7425,doc_7425_chunk_0017,post
5459,doc_7425,doc_7425_chunk_0017,responses
5460,doc_7425,doc_7425_chunk_0017,default
5461,doc_7425,doc_7425_chunk_0017,content
5462,doc_7425,doc_7425_chunk_0017,text/yaml
5463,doc_7425,doc_7425_chunk_0017,application/json
5464,doc_7425,doc_7425_chunk_0017,get
5465,doc_7425,doc_7425_chunk_0017,cluster
5466,doc_7425,doc_7425_chunk_0017,cluster_name
5467,doc_7425,doc_7425_chunk_0018,Slurmdb
5468,doc_7425,doc_7425_chunk_0018,v0.0.41
5469,doc_7425,doc_7425_chunk_0018,v0.0.40
5470,doc_7425,doc_7425_chunk_0018,cluster
5471,doc_7425,doc_7425_chunk_0018,cluster_name
5472,doc_7425,doc_7425_chunk_0018,openapi
5473,doc_7425,doc_7425_chunk_0018,responses
5474,doc_7425,doc_7425_chunk_0018,text/yaml
5475,doc_7425,doc_7425_chunk_0018,application/jsonrequest
5476,doc_7425,doc_7425_chunk_0018,schema
5477,doc_7425,doc_7425_chunk_0018,wckey
5478,doc_7425,doc_7425_chunk_0018,id
5479,doc_7425,doc_7425_chunk_0019,slurmdb
5480,doc_7425,doc_7425_chunk_0019,v0.0.40
5481,doc_7425,doc_7425_chunk_0019,openapi_clusters_resp
5482,doc_7425,doc_7425_chunk_0019,text/yaml
5483,doc_7425,doc_7425_chunk_0019,application/jsonrequest
5484,doc_7425,doc_7425_chunk_0019,v0.0.40_openapi_clusters_removed_resp
5485,doc_7425,doc_7425_chunk_0019,v0.0.40_openapi_clusters_resp
5486,doc_7425,doc_7425_chunk_0019,v0.0.40_openapi_wckey_resp
5487,doc_7425,doc_7425_chunk_0020,Slurm
5488,doc_7425,doc_7425_chunk_0020,Slurm 23.11.7
5489,doc_7425,doc_7425_chunk_0020,Slurm 23.11.6
5490,doc_7425,doc_7425_chunk_0020,Slurm 23.11.0
5491,doc_7425,doc_7425_chunk_0020,openapi
5492,doc_7425,doc_7425_chunk_0020,slurmdbd
5493,doc_7425,doc_7425_chunk_0020,slurmctld
5494,doc_7425,doc_7425_chunk_0020,dbv0.0.38
5495,doc_7425,doc_7425_chunk_0020,dbv0.0.39
5496,doc_7425,doc_7425_chunk_0020,data_parser
5497,doc_7425,doc_7425_chunk_0020,v0.0.40
5498,doc_7425,doc_7425_chunk_0020,job states query
5499,doc_7425,doc_7425_chunk_0021,openapi
5500,doc_7425,doc_7425_chunk_0021,v0.0.40
5501,doc_7425,doc_7425_chunk_0021,job
5502,doc_7425,doc_7425_chunk_0021,memory
5503,doc_7425,doc_7425_chunk_0021,timestamps
5504,doc_7425,doc_7425_chunk_0021,last_backfill
5505,doc_7425,doc_7425_chunk_0021,last_update
5506,doc_7425,doc_7425_chunk_0021,last_update (multiple)
5507,doc_7425,doc_7425_chunk_0021,openapi_nodes_resp
5508,doc_7425,doc_7425_chunk_0021,openapi_partition_resp
5509,doc_7425,doc_7425_chunk_0021,openapi_reservation_resp
5510,doc_7425,doc_7425_chunk_0021,openapi_licenses_resp
5511,doc_7425,doc_7425_chunk_0021,openapi_slurmdbd
5512,doc_7425,doc_7425_chunk_0021,deprecation notice
5513,doc_7425,doc_7425_chunk_0022,slurmdb
5514,doc_7425,doc_7425_chunk_0022,users_association
5515,doc_7425,doc_7425_chunk_0022,openapi
5516,doc_7425,doc_7425_chunk_0022,dbv0.0.38
5517,doc_7425,doc_7425_chunk_0022,dbv0.0.37
5518,doc_7425,doc_7425_chunk_0022,Slurm 23.02.6
5519,doc_7425,doc_7425_chunk_0022,openapi/v0.0.39
5520,doc_7425,doc_7425_chunk_0022,job_id
5521,doc_7425,doc_7425_chunk_0022,max
5522,doc_7425,doc_7425_chunk_0022,qos
5523,doc_7425,doc_7425_chunk_0022,grace_time
5524,doc_7425,doc_7425_chunk_0022,active_jobs
5525,doc_7425,doc_7425_chunk_0022,wall_clock
5526,doc_7425,doc_7425_chunk_0022,job
5527,doc_7425,doc_7425_chunk_0023,Slurm
5528,doc_7425,doc_7425_chunk_0023,v0.0.39_qos
5529,doc_7425,doc_7425_chunk_0023,wall_clock
5530,doc_7425,doc_7425_chunk_0023,jobs
5531,doc_7425,doc_7425_chunk_0023,active_jobs
5532,doc_7425,doc_7425_chunk_0023,account
5533,doc_7425,doc_7425_chunk_0023,user
5534,doc_7425,doc_7425_chunk_0023,max
5535,doc_7425,doc_7425_chunk_0023,min
5536,doc_7425,doc_7425_chunk_0023,priority_threshold
5537,doc_7425,doc_7425_chunk_0023,job_desc_msg
5538,doc_7425,doc_7425_chunk_0023,hold
5539,doc_7425,doc_7425_chunk_0023,priority
5540,doc_7425,doc_7425_chunk_0023,required
5541,doc_7425,doc_7425_chunk_0023,cron_entry
5542,doc_7425,doc_7425_chunk_0023,partition_info
5543,doc_7425,doc_7425_chunk_0023,nodes
5544,doc_7425,doc_7425_chunk_0023,allowed_allocation
5545,doc_7425,doc_7425_chunk_0024,v0.0.39_partition_info
5546,doc_7425,doc_7425_chunk_0024,cpus_per_node
5547,doc_7425,doc_7425_chunk_0024,cpus_per_socket
5548,doc_7425,doc_7425_chunk_0024,memory_per_cpu
5549,doc_7425,doc_7425_chunk_0024,nodes
5550,doc_7425,doc_7425_chunk_0024,shares
5551,doc_7425,doc_7425_chunk_0024,time
5552,doc_7425,doc_7425_chunk_0024,job_factor
5553,doc_7425,doc_7425_chunk_0024,resume
5554,doc_7425,doc_7425_chunk_0024,v0.0.39_job_info
5555,doc_7425,doc_7425_chunk_0024,required/memory_per_cpu
5556,doc_7425,doc_7425_chunk_0024,required/memory_per_node
5557,doc_7425,doc_7425_chunk_0025,v0.0.39_user
5558,doc_7425,doc_7425_chunk_0025,v0.0.39_assoc
5559,doc_7425,doc_7425_chunk_0025,v0.0.39_qos
5560,doc_7425,doc_7425_chunk_0025,v0.0.39_job
5561,doc_7425,doc_7425_chunk_0025,account
5562,doc_7425,doc_7425_chunk_0025,tres
5563,doc_7425,doc_7425_chunk_0025,active
5564,doc_7425,doc_7425_chunk_0025,accruing
5565,doc_7425,doc_7425_chunk_0025,total
5566,doc_7425,doc_7425_chunk_0025,per
5567,doc_7425,doc_7425_chunk_0025,count
5568,doc_7425,doc_7425_chunk_0025,submitted
5569,doc_7425,doc_7425_chunk_0025,grace_time
5570,doc_7425,doc_7425_chunk_0025,max
5571,doc_7425,doc_7425_chunk_0026,v0.0.39_job
5572,doc_7425,doc_7425_chunk_0026,elapsed
5573,doc_7425,doc_7425_chunk_0026,eligible
5574,doc_7425,doc_7425_chunk_0026,end
5575,doc_7425,doc_7425_chunk_0026,start
5576,doc_7425,doc_7425_chunk_0026,submission
5577,doc_7425,doc_7425_chunk_0026,suspended
5578,doc_7425,doc_7425_chunk_0026,system
5579,doc_7425,doc_7425_chunk_0026,limit
5580,doc_7425,doc_7425_chunk_0026,total
5581,doc_7425,doc_7425_chunk_0026,user
5582,doc_7425,doc_7425_chunk_0026,seconds
5583,doc_7425,doc_7425_chunk_0026,job_id
5584,doc_7425,doc_7425_chunk_0026,CPUs
5585,doc_7425,doc_7425_chunk_0026,reservation
5586,doc_7425,doc_7425_chunk_0026,id
5587,doc_7425,doc_7425_chunk_0026,state
5588,doc_7425,doc_7425_chunk_0026,allocated
5589,doc_7425,doc_7425_chunk_0026,v0.0.39_step
5590,doc_7425,doc_7425_chunk_0027,Slurm
5591,doc_7425,doc_7425_chunk_0027,v0.0.39
5592,doc_7425,doc_7425_chunk_0027,job description environment
5593,doc_7425,doc_7425_chunk_0027,required
5594,doc_7425,doc_7425_chunk_0027,job_desc_msg
5595,doc_7425,doc_7425_chunk_0027,status schema
5596,doc_7425,doc_7425_chunk_0027,default
5597,doc_7425,doc_7425_chunk_0027,licenses
5598,doc_7425,doc_7425_chunk_0027,job_id
5599,doc_7425,doc_7425_chunk_0027,openapi
5600,doc_7425,doc_7425_chunk_0027,data_parser
5601,doc_7425,doc_7425_chunk_0027,v0.0.39 plugin
5602,doc_7425,doc_7425_chunk_0027,data_parser/v0.0.39 plugin
5603,doc_7425,doc_7425_chunk_0027,parsing
5604,doc_7425,doc_7425_chunk_0027,dumping
5605,doc_7425,doc_7425_chunk_0027,data structures
5606,doc_7425,doc_7425_chunk_0028,Slurm
5607,doc_7425,doc_7425_chunk_0028,v0.0.39
5608,doc_7425,doc_7425_chunk_0028,DELETE
5609,doc_7425,doc_7425_chunk_0028,POST
5610,doc_7425,doc_7425_chunk_0028,node_id
5611,doc_7425,doc_7425_chunk_0028,openapi
5612,doc_7425,doc_7425_chunk_0028,/slurm/v0.0.39/node/{node_id}
5613,doc_7425,doc_7425_chunk_0028,dbv0.0.38
5614,doc_7425,doc_7425_chunk_0028,dbv0.0.39
5615,doc_7425,doc_7425_chunk_0028,data_parser/v0.0.39
5616,doc_7425,doc_7425_chunk_0028,new data_parser/v0.0.39
5617,doc_7425,doc_7425_chunk_0029,Slurm
5618,doc_7425,doc_7425_chunk_0029,openapi
5619,doc_7425,doc_7425_chunk_0029,v0.0.38
5620,doc_7425,doc_7425_chunk_0029,requestBody
5621,doc_7425,doc_7425_chunk_0029,paths
5622,doc_7425,doc_7425_chunk_0029,post
5623,doc_7425,doc_7425_chunk_0029,associations
5624,doc_7425,doc_7425_chunk_0029,wckeys
5625,doc_7425,doc_7425_chunk_0029,config
5626,doc_7425,doc_7425_chunk_0029,GRES
5627,doc_7425,doc_7425_chunk_0029,gres.conf
5628,doc_7425,doc_7425_chunk_0029,NodeName
5629,doc_7425,doc_7425_chunk_0029,QOS
5630,doc_7425,doc_7425_chunk_0030,jobs
5631,doc_7425,doc_7425_chunk_0030,qos
5632,doc_7425,doc_7425_chunk_0030,qos_name
5633,doc_7425,doc_7425_chunk_0030,user_name
5634,doc_7425,doc_7425_chunk_0030,tres
5635,doc_7425,doc_7425_chunk_0030,users
5636,doc_7425,doc_7425_chunk_0030,user
5637,doc_7425,doc_7425_chunk_0030,dbv0.0.38_user
5638,doc_7425,doc_7425_chunk_0030,dbv0.0.38_qos
5639,doc_7425,doc_7425_chunk_0030,config_info
5640,doc_7425,doc_7425_chunk_0030,job_id
5641,doc_7425,doc_7425_chunk_0030,job_offset
5642,doc_7425,doc_7425_chunk_0030,diag
5643,doc_7425,doc_7425_chunk_0030,JobIds
5644,doc_7425,doc_7425_chunk_0030,with_deleted
5645,doc_7425,doc_7425_chunk_0030,deleted flag
5646,doc_7425,doc_7425_chunk_0031,/user
5647,doc_7425,doc_7425_chunk_0031,/users
5648,doc_7425,doc_7425_chunk_0031,dbv0.0.38_user
5649,doc_7425,doc_7425_chunk_0031,properties.flags
5650,doc_7425,doc_7425_chunk_0031,with_deleted
5651,doc_7425,doc_7425_chunk_0031,GET /qos
5652,doc_7425,doc_7425_chunk_0031,qos
5653,doc_7425,doc_7425_chunk_0031,parameters
5654,doc_7425,doc_7425_chunk_0031,/qos/{qos_name}
5655,doc_7425,doc_7425_chunk_0031,/account
5656,doc_7425,doc_7425_chunk_0031,/accounts
5657,doc_7425,doc_7425_chunk_0031,account_name
5658,doc_7425,doc_7425_chunk_0031,container
5659,doc_7425,doc_7425_chunk_0031,components.schemas.dbv0.0.38_job
5660,doc_7425,doc_7425_chunk_0031,association
5661,doc_7425,doc_7425_chunk_0032,job_response_properties
5662,doc_7425,doc_7425_chunk_0032,licenses
5663,doc_7425,doc_7425_chunk_0032,/licenses
5664,doc_7425,doc_7425_chunk_0032,lsb.queues
5665,doc_7425,doc_7425_chunk_0032,-q
5666,doc_7425,doc_7425_chunk_0032,normal queue
5667,doc_7425,doc_7425_chunk_0032,gpu queue
5668,doc_7425,doc_7425_chunk_0032,bjobs
5669,doc_7425,doc_7425_chunk_0032,meta
5670,doc_7425,doc_7425_chunk_0032,diag
5671,doc_7425,doc_7425_chunk_0032,pings
5672,doc_7425,doc_7425_chunk_0032,partitions_response
5673,doc_7425,doc_7425_chunk_0032,reservations_response
5674,doc_7425,doc_7425_chunk_0032,job_submission_response
5675,doc_7425,doc_7425_chunk_0032,jobs_response
5676,doc_7425,doc_7425_chunk_0032,nodes_response
5677,doc_7425,doc_7425_chunk_0032,errors
5678,doc_7425,doc_7425_chunk_0033,Slurm
5679,doc_7425,doc_7425_chunk_0033,Slurm 21.08.8
5680,doc_7425,doc_7425_chunk_0033,Slurm 21.08.7
5681,doc_7425,doc_7425_chunk_0033,Slurm 21.08.6
5682,doc_7425,doc_7425_chunk_0033,Slurm 21.08.3
5683,doc_7425,doc_7425_chunk_0033,Slurm 21.08.0
5684,doc_7425,doc_7425_chunk_0033,Slurm 21.08.0 (move)
5685,doc_7425,doc_7425_chunk_0033,Slurm 21.08.3 (strings)
5686,doc_7425,doc_7425_chunk_0034,Slurm 21.08.0
5687,doc_7425,doc_7425_chunk_0034,openapi
5688,doc_7425,doc_7425_chunk_0034,src/plugins/openapi/
5689,doc_7425,doc_7425_chunk_0034,v0.0.35
5690,doc_7425,doc_7425_chunk_0034,v0.0.37_job_response_properties
5691,doc_7425,doc_7425_chunk_0034,update_time
5692,doc_7425,doc_7425_chunk_0034,Jobs query
5693,doc_7425,doc_7425_chunk_0034,reservations
5694,doc_7425,doc_7425_chunk_0034,path.paths.
5695,doc_7425,doc_7425_chunk_0034,preemption_mode
5696,doc_7425,doc_7425_chunk_0034,UNIX timestamps
5697,doc_7425,doc_7425_chunk_0034,int64
5698,doc_7425,doc_7425_chunk_0035,Slurm
5699,doc_7425,doc_7425_chunk_0035,openapi
5700,doc_7425,doc_7425_chunk_0035,v0.0.37
5701,doc_7425,doc_7425_chunk_0035,v0.0.36
5702,doc_7425,doc_7425_chunk_0035,dbv0.0.36
5703,doc_7425,doc_7425_chunk_0035,dbv0.0.37
5704,doc_7425,doc_7425_chunk_0035,tres_weighted
5705,doc_7425,doc_7425_chunk_0035,alloc_cpus
5706,doc_7425,doc_7425_chunk_0035,alloc_memory
5707,doc_7425,doc_7425_chunk_0035,partitions
5708,doc_7940,doc_7940_chunk_0001,Slurm
5709,doc_7940,doc_7940_chunk_0001,federation
5710,doc_7940,doc_7940_chunk_0001,sacctmgr
5711,doc_7940,doc_7940_chunk_0001,job ID
5712,doc_7940,doc_7940_chunk_0001,peer-to-peer
5713,doc_7940,doc_7940_chunk_0001,clusters
5714,doc_7940,doc_7940_chunk_0001,slurm.conf
5715,doc_7940,doc_7940_chunk_0001,sacctmgr add federation
5716,doc_7940,doc_7940_chunk_0001,sacctmgr modify federation
5717,doc_7940,doc_7940_chunk_0001,sacctmgr modify cluster
5718,doc_7940,doc_7940_chunk_0001,federation_name
5719,doc_7940,doc_7940_chunk_0001,cluster_name
5720,doc_7940,doc_7940_chunk_0001,list_of_clusters
5721,doc_7940,doc_7940_chunk_0001,cluster constraint
5722,doc_7940,doc_7940_chunk_0002,sacctmgr
5723,doc_7940,doc_7940_chunk_0002,federation_name
5724,doc_7940,doc_7940_chunk_0002,list_of_clusters
5725,doc_7940,doc_7940_chunk_0002,cluster_name
5726,doc_7940,doc_7940_chunk_0002,clusters
5727,doc_7940,doc_7940_chunk_0002,federation
5728,doc_7940,doc_7940_chunk_0002,running jobs
5729,doc_7940,doc_7940_chunk_0002,--cluster-constraint
5730,doc_7940,doc_7940_chunk_0002,feature_list
5731,doc_7940,doc_7940_chunk_0002,sacct
5732,doc_7940,doc_7940_chunk_0002,scontrol
5733,doc_7940,doc_7940_chunk_0002,scontrol show federation
5734,doc_7940,doc_7940_chunk_0002,FederationParameters
5735,doc_7940,doc_7940_chunk_0002,federated job id
5736,doc_7940,doc_7940_chunk_0002,unsigned 32 bit integer
5737,doc_7940,doc_7940_chunk_0003,federated job ID
5738,doc_7940,doc_7940_chunk_0003,unsigned 32 bit integer
5739,doc_7940,doc_7940_chunk_0003,Local Job ID
5740,doc_7940,doc_7940_chunk_0003,Cluster Origin ID
5741,doc_7940,doc_7940_chunk_0003,sbatch
5742,doc_7940,doc_7940_chunk_0003,salloc
5743,doc_7940,doc_7940_chunk_0003,srun
5744,doc_7940,doc_7940_chunk_0003,-M
5745,doc_7940,doc_7940_chunk_0003,--clusters
5746,doc_7940,doc_7940_chunk_0003,cluster_list
5747,doc_7940,doc_7940_chunk_0003,cluster
5748,doc_7940,doc_7940_chunk_0003,sibling jobs
5749,doc_7940,doc_7940_chunk_0003,--cluster-constraint
5750,doc_7940,doc_7940_chunk_0003,constraint_list
5751,doc_7940,doc_7940_chunk_0003,sacctmgr modify cluster
5752,doc_7940,doc_7940_chunk_0003,cluster feature
5753,doc_7940,doc_7940_chunk_0003,sacctmgr
5754,doc_7940,doc_7940_chunk_0004,federation
5755,doc_7940,doc_7940_chunk_0004,--cluster-constraint=
5756,doc_7940,doc_7940_chunk_0004,--clusters=
5757,doc_7940,doc_7940_chunk_0004,origin cluster
5758,doc_7940,doc_7940_chunk_0004,sibling jobs
5759,doc_7940,doc_7940_chunk_0004,held jobs
5760,doc_7940,doc_7940_chunk_0004,dependent jobs
5761,doc_7940,doc_7940_chunk_0004,Job Scheduling
5762,doc_7940,doc_7940_chunk_0004,cluster communication
5763,doc_7940,doc_7940_chunk_0004,resource allocation
5764,doc_7940,doc_7940_chunk_0004,srun
5765,doc_7940,doc_7940_chunk_0004,salloc
5766,doc_7940,doc_7940_chunk_0004,SLURM_WORKING_CLUSTER
5767,doc_7940,doc_7940_chunk_0004,SLurmdSpooldir
5768,doc_7940,doc_7940_chunk_0004,MPI interfaces
5769,doc_7940,doc_7940_chunk_0004,slurm.conf
5770,doc_7940,doc_7940_chunk_0005,Slurm
5771,doc_7940,doc_7940_chunk_0005,srun
5772,doc_7940,doc_7940_chunk_0005,SlurmdSpooldir
5773,doc_7940,doc_7940_chunk_0005,salloc
5774,doc_7940,doc_7940_chunk_0005,cancel requests
5775,doc_7940,doc_7940_chunk_0005,federation
5776,doc_7940,doc_7940_chunk_0005,scancel
5777,doc_7940,doc_7940_chunk_0005,cluster_name
5778,doc_7940,doc_7940_chunk_0005,job modifications
5779,doc_7940,doc_7940_chunk_0005,origin cluster
5780,doc_7940,doc_7940_chunk_0005,job arrays
5781,doc_7940,doc_7940_chunk_0005,squeue
5782,doc_7940,doc_7940_chunk_0005,sinfo
5783,doc_7940,doc_7940_chunk_0005,sprio
5784,doc_7940,doc_7940_chunk_0005,sacct
5785,doc_7940,doc_7940_chunk_0005,sreport
5786,doc_7940,doc_7940_chunk_0005,--federation
5787,doc_7940,doc_7940_chunk_0005,FederationParameters
5788,doc_7940,doc_7940_chunk_0006,FederationParameters
5789,doc_7940,doc_7940_chunk_0006,fed_display
5790,doc_7940,doc_7940_chunk_0006,slurm.conf
5791,doc_7940,doc_7940_chunk_0006,--federation
5792,doc_7940,doc_7940_chunk_0006,--local
5793,doc_7940,doc_7940_chunk_0006,--clusters
5794,doc_7940,doc_7940_chunk_0006,--M
5795,doc_7940,doc_7940_chunk_0006,squeue
5796,doc_7940,doc_7940_chunk_0006,--sibling
5797,doc_7940,doc_7940_chunk_0006,cluster: Name
5798,doc_7940,doc_7940_chunk_0006,Cluster names
5799,doc_7940,doc_7940_chunk_0006,siblingsactiveraw: Cluster IDs
5800,doc_7940,doc_7940_chunk_0006,siblingsviable
5801,doc_7940,doc_7940_chunk_0006,siblingsviableraw: Cluster names
5802,doc_7940,doc_7940_chunk_0006,-S cluster
5803,doc_7940,doc_7940_chunk_0007,squeue
5804,doc_7940,doc_7940_chunk_0007,-S
5805,doc_7940,doc_7940_chunk_0007,cluster
5806,doc_7940,doc_7940_chunk_0007,sinfo
5807,doc_7940,doc_7940_chunk_0007,partitions
5808,doc_7940,doc_7940_chunk_0007,federated view
5809,doc_7940,doc_7940_chunk_0007,%V
5810,doc_7940,doc_7940_chunk_0007,long format
5811,doc_7940,doc_7940_chunk_0007,cluster options
5812,doc_7940,doc_7940_chunk_0007,sprio
5813,doc_7940,doc_7940_chunk_0007,job information
5814,doc_7940,doc_7940_chunk_0007,--sibling
5815,doc_7940,doc_7940_chunk_0007,sacct
5816,doc_7940,doc_7940_chunk_0007,revoked jobs
5817,doc_7940,doc_7940_chunk_0007,--duplicate/-D
5818,doc_7940,doc_7940_chunk_0007,sreport
5819,doc_7940,doc_7940_chunk_0007,scontrol
5820,doc_7940,doc_7940_chunk_0007,show
5821,doc_7940,doc_7940_chunk_0007,--federation
5822,doc_7940,doc_7940_chunk_0008,Origin Cluster ID
5823,doc_7940,doc_7940_chunk_0008,Local Job ID
5824,doc_7940,doc_7940_chunk_0008,Sibling Job
5825,doc_7940,doc_7940_chunk_0008,slurm.conf
5826,doc_7940,doc_7940_chunk_0008,Origin Cluster
5827,doc_7940,doc_7940_chunk_0008,federated job
5828,doc_7940,doc_7940_chunk_0008,Revoked (RV) State
5829,doc_7940,doc_7940_chunk_0008,Viable Sibling
5830,doc_7940,doc_7940_chunk_0008,Active Sibling
5831,doc_7940,doc_7940_chunk_0008,cluster features
5832,doc_7940,doc_7940_chunk_0008,cluster state
5833,doc_7940,doc_7940_chunk_0008,Active
5834,doc_7940,doc_7940_chunk_0008,draining
5835,doc_7940,doc_7940_chunk_0008,federation
5836,doc_7940,doc_7940_chunk_0008,resources
5837,doc_7940,doc_7940_chunk_0008,partition
5838,doc_7940,doc_7940_chunk_0008,node counts
5839,doc_7940,doc_7940_chunk_0009,federated job
5840,doc_7940,doc_7940_chunk_0009,local cluster
5841,doc_7940,doc_7940_chunk_0009,sibling clusters
5842,doc_7940,doc_7940_chunk_0009,partition
5843,doc_7940,doc_7940_chunk_0009,node counts
5844,doc_7940,doc_7940_chunk_0009,job arrays
5845,doc_7940,doc_7940_chunk_0009,job modification
5846,doc_7940,doc_7940_chunk_0009,origin cluster
5847,doc_7940,doc_7940_chunk_0009,remote clusters
5848,doc_7940,doc_7940_chunk_0009,sview
5849,doc_7940,doc_7940_chunk_0009,sview grid
5850,doc_7940,doc_7940_chunk_0009,job submission
5851,doc_7940,doc_7940_chunk_0009,sview federated view
5852,doc_795e,doc_795e_chunk_0001,slurmctld
5853,doc_795e,doc_795e_chunk_0001,squeue
5854,doc_795e,doc_795e_chunk_0001,-M
5855,doc_795e,doc_795e_chunk_0001,--clusters=
5856,doc_795e,doc_795e_chunk_0001,dawn
5857,doc_795e,doc_795e_chunk_0001,dusk
5858,doc_795e,doc_795e_chunk_0001,juser
5859,doc_795e,doc_795e_chunk_0001,pdebug
5860,doc_795e,doc_795e_chunk_0001,sbatch
5861,doc_795e,doc_795e_chunk_0001,salloc
5862,doc_795e,doc_795e_chunk_0001,srun
5863,doc_795e,doc_795e_chunk_0001,slurmDBD
5864,doc_795e,doc_795e_chunk_0001,AccountingStorageType
5865,doc_795e,doc_795e_chunk_0001,slurm.conf
5866,doc_795e,doc_795e_chunk_0001,MUNGE
5867,doc_795e,doc_795e_chunk_0001,authentication keys
5868,doc_795e,doc_795e_chunk_0001,sacctmgr
5869,doc_8186,doc_8186_chunk_0001,Slurmrestd
5870,doc_8186,doc_8186_chunk_0001,REST API
5871,doc_8186,doc_8186_chunk_0001,slurmctld
5872,doc_8186,doc_8186_chunk_0001,slurmdbd
5873,doc_8186,doc_8186_chunk_0001,Inet Service Mode
5874,doc_8186,doc_8186_chunk_0001,Listening Mode
5875,doc_8186,doc_8186_chunk_0001,inetd
5876,doc_8186,doc_8186_chunk_0001,xinetd
5877,doc_8186,doc_8186_chunk_0001,systemd
5878,doc_8186,doc_8186_chunk_0001,socket activated services
5879,doc_8186,doc_8186_chunk_0001,slurmrestd.8
5880,doc_8186,doc_8186_chunk_0001,REST API Quick Start Guide
5881,doc_8186,doc_8186_chunk_0001,slurmrestd configuration
5882,doc_8186,doc_8186_chunk_0002,Slurm 20.11
5883,doc_8186,doc_8186_chunk_0002,REST API
5884,doc_8186,doc_8186_chunk_0002,plugins
5885,doc_8186,doc_8186_chunk_0002,OpenAPI
5886,doc_8186,doc_8186_chunk_0002,slurmrestd daemon
5887,doc_8186,doc_8186_chunk_0002,slurm commands
5888,doc_8186,doc_8186_chunk_0002,slurmrestd documentation
5889,doc_8186,doc_8186_chunk_0002,plugin life cycle
5890,doc_8186,doc_8186_chunk_0002,SchedMD
5891,doc_8186,doc_8186_chunk_0002,Deprecated
5892,doc_8186,doc_8186_chunk_0002,plugin version
5893,doc_8186,doc_8186_chunk_0002,Slurm Major release
5894,doc_8186,doc_8186_chunk_0002,plugin mark deprecated
5895,doc_8186,doc_8186_chunk_0002,plugin removal
5896,doc_8186,doc_8186_chunk_0002,latest stable plugin version
5897,doc_8186,doc_8186_chunk_0002,plugin compatibility
5898,doc_8186,doc_8186_chunk_0003,Slurm API
5899,doc_8186,doc_8186_chunk_0003,plugins
5900,doc_8186,doc_8186_chunk_0003,Slurmrestd
5901,doc_8186,doc_8186_chunk_0003,high availability
5902,doc_8186,doc_8186_chunk_0003,load balancer
5903,doc_8186,doc_8186_chunk_0003,slurmdbd
5904,doc_8186,doc_8186_chunk_0003,slurm-20.11
5905,doc_8186,doc_8186_chunk_0003,openapi/dbv0.0.36
5906,doc_8186,doc_8186_chunk_0003,bugzilla
5907,doc_8186,doc_8186_chunk_0003,plugin API
5908,doc_8186,doc_8186_chunk_0003,Slurm REST API
5909,doc_8186,doc_8186_chunk_0003,HTTP communications
5910,doc_8186,doc_8186_chunk_0003,unencrypted
5911,doc_8186,doc_8186_chunk_0003,uncompressed
5912,doc_8186,doc_8186_chunk_0003,-t
5913,doc_8186,doc_8186_chunk_0004,Slurmrestd
5914,doc_8186,doc_8186_chunk_0004,unencrypted
5915,doc_8186,doc_8186_chunk_0004,uncompressed HTTP
5916,doc_8186,doc_8186_chunk_0004,man in the middle
5917,doc_8186,doc_8186_chunk_0004,replay attacks
5918,doc_8186,doc_8186_chunk_0004,trusted network
5919,doc_8186,doc_8186_chunk_0004,TLS v1.3
5920,doc_8186,doc_8186_chunk_0004,proxy
5921,doc_8186,doc_8186_chunk_0004,monitoring
5922,doc_8186,doc_8186_chunk_0004,invalid logins
5923,doc_8186,doc_8186_chunk_0004,network perimeter firewall
5924,doc_8186,doc_8186_chunk_0004,TLS proxy
5925,doc_8186,doc_8186_chunk_0004,internet crawlers
5926,doc_8186,doc_8186_chunk_0004,shorter lived JWT tokens
5927,doc_8186,doc_8186_chunk_0004,JWT tokens
5928,doc_8186,doc_8186_chunk_0005,JWT
5929,doc_8186,doc_8186_chunk_0005,REST protocol
5930,doc_8186,doc_8186_chunk_0005,X-SLURM-USER-NAME
5931,doc_8186,doc_8186_chunk_0005,X-SLURM-USER-TOKEN
5932,doc_8186,doc_8186_chunk_0005,SlurmUser
5933,doc_8186,doc_8186_chunk_0005,root
5934,doc_8186,doc_8186_chunk_0005,slurmrestd
5935,doc_8186,doc_8186_chunk_0005,slurm.conf
5936,doc_8186,doc_8186_chunk_0005,slurmdbd.conf
5937,doc_8186,doc_8186_chunk_0005,AuthAltTypes
5938,doc_8186,doc_8186_chunk_0005,slurmrestd start
5939,doc_8186,doc_8186_chunk_0005,SLURM_JWT
5940,doc_8186,doc_8186_chunk_0005,UNIX domain sockets
5941,doc_8186,doc_8186_chunk_0005,Munge security domain
5942,doc_8186,doc_8186_chunk_0006,SlurmUser
5943,doc_8186,doc_8186_chunk_0006,root users
5944,doc_8186,doc_8186_chunk_0006,third-party authenticating proxy
5945,doc_8186,doc_8186_chunk_0006,X-SLURM-USER-NAME
5946,doc_8186,doc_8186_chunk_0006,X-SLURM-USER-TOKEN
5947,doc_8186,doc_8186_chunk_0006,slurmrestd
5948,doc_8186,doc_8186_chunk_0006,Slurm
5949,doc_8186,doc_8186_chunk_0006,authenticated proxy
5950,doc_8186,doc_8186_chunk_0006,HTTP headers
5951,doc_8186,doc_8186_chunk_0006,HTTP 1.1 compliant
5952,doc_8186,doc_8186_chunk_0006,site's security policies
5953,doc_8186,doc_8186_chunk_0006,authenticating proxy requirements
5954,doc_8186,doc_8186_chunk_0006,internal tool
5955,doc_8186,doc_8186_chunk_0006,PHP
5956,doc_85cb,doc_85cb_chunk_0001,Slurm
5957,doc_85cb,doc_85cb_chunk_0001,scontrol
5958,doc_85cb,doc_85cb_chunk_0001,slurm.conf
5959,doc_85cb,doc_85cb_chunk_0001,Licenses
5960,doc_85cb,doc_85cb_chunk_0001,fluent
5961,doc_85cb,doc_85cb_chunk_0001,ansys
5962,doc_85cb,doc_85cb_chunk_0001,-L
5963,doc_85cb,doc_85cb_chunk_0001,--licenses
5964,doc_85cb,doc_85cb_chunk_0001,sbatch
5965,doc_85cb,doc_85cb_chunk_0001,script.sh
5966,doc_85cb,doc_85cb_chunk_0001,sacctmgr
5967,doc_85cb,doc_85cb_chunk_0001,remote licenses
5968,doc_85cb,doc_85cb_chunk_0001,slurmdbd
5969,doc_85cb,doc_85cb_chunk_0001,Local Licenses
5970,doc_85cb,doc_85cb_chunk_0002,Remote
5971,doc_85cb,doc_85cb_chunk_0002,LicenseName
5972,doc_85cb,doc_85cb_chunk_0002,fluent
5973,doc_85cb,doc_85cb_chunk_0002,Total
5974,doc_85cb,doc_85cb_chunk_0002,Used
5975,doc_85cb,doc_85cb_chunk_0002,Free
5976,doc_85cb,doc_85cb_chunk_0002,--tres-per-task
5977,doc_85cb,doc_85cb_chunk_0002,slurm.conf
5978,doc_85cb,doc_85cb_chunk_0002,AccountingStorageTRES
5979,doc_85cb,doc_85cb_chunk_0002,sbatch
5980,doc_85cb,doc_85cb_chunk_0002,script.sh
5981,doc_85cb,doc_85cb_chunk_0002,Submitted batch job
5982,doc_85cb,doc_85cb_chunk_0002,Remote Licenses
5983,doc_85cb,doc_85cb_chunk_0002,Server
5984,doc_85cb,doc_85cb_chunk_0002,ServerType
5985,doc_85cb,doc_85cb_chunk_0002,FlexNet
5986,doc_85cb,doc_85cb_chunk_0002,Reprise License Management
5987,doc_85cb,doc_85cb_chunk_0002,Nastran licenses
5988,doc_85cb,doc_85cb_chunk_0003,Slurm
5989,doc_85cb,doc_85cb_chunk_0003,sacctmgr
5990,doc_85cb,doc_85cb_chunk_0003,clusters
5991,doc_85cb,doc_85cb_chunk_0003,controlhost
5992,doc_85cb,doc_85cb_chunk_0003,fluid
5993,doc_85cb,doc_85cb_chunk_0003,pdf
5994,doc_85cb,doc_85cb_chunk_0003,Nastran
5995,doc_85cb,doc_85cb_chunk_0003,Matlab
5996,doc_85cb,doc_85cb_chunk_0003,rlm_host
5997,doc_85cb,doc_85cb_chunk_0003,flex_host
5998,doc_85cb,doc_85cb_chunk_0003,flexlm
5999,doc_85cb,doc_85cb_chunk_0003,scontrol
6000,doc_85cb,doc_85cb_chunk_0003,License
6001,doc_85cb,doc_85cb_chunk_0003,sacctmgr add resource
6002,doc_85cb,doc_85cb_chunk_0003,Name
6003,doc_85cb,doc_85cb_chunk_0003,server
6004,doc_85cb,doc_85cb_chunk_0003,Type
6005,doc_85cb,doc_85cb_chunk_0003,Count
6006,doc_85cb,doc_85cb_chunk_0003,LastConsumed
6007,doc_85cb,doc_85cb_chunk_0004,matlab
6008,doc_85cb,doc_85cb_chunk_0004,nastran
6009,doc_85cb,doc_85cb_chunk_0004,rlm_host
6010,doc_85cb,doc_85cb_chunk_0004,flex_host
6011,doc_85cb,doc_85cb_chunk_0004,pdf
6012,doc_85cb,doc_85cb_chunk_0004,fluid
6013,doc_85cb,doc_85cb_chunk_0004,sbatch
6014,doc_85cb,doc_85cb_chunk_0004,sacctmgr
6015,doc_85cb,doc_85cb_chunk_0004,resource
6016,doc_85cb,doc_85cb_chunk_0004,name
6017,doc_85cb,doc_85cb_chunk_0004,server
6018,doc_85cb,doc_85cb_chunk_0004,cluster
6019,doc_85cb,doc_85cb_chunk_0004,count
6020,doc_85cb,doc_85cb_chunk_0004,allowed
6021,doc_85cb,doc_85cb_chunk_0004,Absolute
6022,doc_85cb,doc_85cb_chunk_0004,slurmdbd.conf
6023,doc_85cb,doc_85cb_chunk_0004,Dynamic Licenses
6024,doc_85cb,doc_85cb_chunk_0004,FlexLM
6025,doc_85cb,doc_85cb_chunk_0004,lmstat
6026,doc_85cb,doc_85cb_chunk_0005,SLURM
6027,doc_85cb,doc_85cb_chunk_0005,sacctmgr
6028,doc_85cb,doc_85cb_chunk_0005,lmstat
6029,doc_85cb,doc_85cb_chunk_0005,foobar
6030,doc_85cb,doc_85cb_chunk_0005,License
6031,doc_85cb,doc_85cb_chunk_0005,consumed
6032,doc_85cb,doc_85cb_chunk_0005,scontrol
6033,doc_85cb,doc_85cb_chunk_0005,show license
6034,doc_85cb,doc_85cb_chunk_0005,LastConsumed
6035,doc_85cb,doc_85cb_chunk_0005,LastDeficit
6036,doc_85cb,doc_85cb_chunk_0005,LastUpdate
6037,doc_85cb,doc_85cb_chunk_0005,Total
6038,doc_85cb,doc_85cb_chunk_0005,Used
6039,doc_85cb,doc_85cb_chunk_0005,Free
6040,doc_85cb,doc_85cb_chunk_0005,Reserved
6041,doc_85cb,doc_85cb_chunk_0005,Remote
6042,doc_85cb,doc_85cb_chunk_0005,sacctmgr update
6043,doc_85cb,doc_85cb_chunk_0005,resource
6044,doc_85cb,doc_85cb_chunk_0005,foobar count
6045,doc_868e,doc_868e_chunk_0001,Slurm version 25.05
6046,doc_868e,doc_868e_chunk_0001,sacct
6047,doc_868e,doc_868e_chunk_0001,sacctmgr
6048,doc_868e,doc_868e_chunk_0001,salloc
6049,doc_868e,doc_868e_chunk_0001,sattach
6050,doc_868e,doc_868e_chunk_0001,sbatch
6051,doc_868e,doc_868e_chunk_0001,sbcast
6052,doc_868e,doc_868e_chunk_0001,scancel
6053,doc_868e,doc_868e_chunk_0001,scontrol
6054,doc_868e,doc_868e_chunk_0001,scrun
6055,doc_868e,doc_868e_chunk_0001,sdiag
6056,doc_868e,doc_868e_chunk_0001,sh5util
6057,doc_868e,doc_868e_chunk_0001,sinfo
6058,doc_868e,doc_868e_chunk_0001,sprio
6059,doc_868e,doc_868e_chunk_0001,squeue
6060,doc_868e,doc_868e_chunk_0001,sreport
6061,doc_868e,doc_868e_chunk_0001,srun
6062,doc_868e,doc_868e_chunk_0002,srun
6063,doc_868e,doc_868e_chunk_0002,sshare
6064,doc_868e,doc_868e_chunk_0002,sstat
6065,doc_868e,doc_868e_chunk_0002,strigger
6066,doc_868e,doc_868e_chunk_0002,sview
6067,doc_868e,doc_868e_chunk_0002,acct_gather.conf
6068,doc_868e,doc_868e_chunk_0002,burst_buffer.conf
6069,doc_868e,doc_868e_chunk_0002,cgroup.conf
6070,doc_868e,doc_868e_chunk_0002,gres.conf
6071,doc_868e,doc_868e_chunk_0002,helpers.conf
6072,doc_868e,doc_868e_chunk_0002,job_container.conf
6073,doc_868e,doc_868e_chunk_0002,knl.conf
6074,doc_868e,doc_868e_chunk_0002,Slurm
6075,doc_868e,doc_868e_chunk_0003,knl.conf
6076,doc_868e,doc_868e_chunk_0003,mpi.conf
6077,doc_868e,doc_868e_chunk_0003,oci.conf
6078,doc_868e,doc_868e_chunk_0003,plugstack.conf
6079,doc_868e,doc_868e_chunk_0003,slurm.conf
6080,doc_868e,doc_868e_chunk_0003,slurmdbd.conf
6081,doc_868e,doc_868e_chunk_0003,topology.conf
6082,doc_868e,doc_868e_chunk_0003,topology.yaml
6083,doc_868e,doc_868e_chunk_0003,sackd
6084,doc_868e,doc_868e_chunk_0003,slurmctld
6085,doc_868e,doc_868e_chunk_0003,slurmd
6086,doc_868e,doc_868e_chunk_0003,slurmdbd
6087,doc_868e,doc_868e_chunk_0003,slurmrestd
6088,doc_868e,doc_868e_chunk_0004,slurmrestd
6089,doc_868e,doc_868e_chunk_0004,Slurm REST API daemon
6090,doc_868e,doc_868e_chunk_0004,slurmstepd
6091,doc_868e,doc_868e_chunk_0004,job step manager for Slurm
6092,doc_868e,doc_868e_chunk_0004,SPANK
6093,doc_868e,doc_868e_chunk_0004,Slurm Plug-in Architecture for Node and job (K)control
6094,doc_8a75,doc_8a75_chunk_0001,Slurm
6095,doc_8a75,doc_8a75_chunk_0001,slurm.conf
6096,doc_8a75,doc_8a75_chunk_0001,Prolog
6097,doc_8a75,doc_8a75_chunk_0001,Epilog
6098,doc_8a75,doc_8a75_chunk_0001,slurmd daemon
6099,doc_8a75,doc_8a75_chunk_0001,slurmctld daemon
6100,doc_8a75,doc_8a75_chunk_0001,SlurmdUser
6101,doc_8a75,doc_8a75_chunk_0001,slurmctldUser
6102,doc_8a75,doc_8a75_chunk_0001,srun
6103,doc_8a75,doc_8a75_chunk_0001,slurmstepd daemon
6104,doc_8a75,doc_8a75_chunk_0001,PrologFlags
6105,doc_8a75,doc_8a75_chunk_0001,squeue
6106,doc_8a75,doc_8a75_chunk_0001,scontrol
6107,doc_8a75,doc_8a75_chunk_0001,sacctmgr
6108,doc_8a75,doc_8a75_chunk_0002,Slurm
6109,doc_8a75,doc_8a75_chunk_0002,TaskProlog
6110,doc_8a75,doc_8a75_chunk_0002,Epilog
6111,doc_8a75,doc_8a75_chunk_0002,EpilogSlurmctld
6112,doc_8a75,doc_8a75_chunk_0002,PrologSlurmctld
6113,doc_8a75,doc_8a75_chunk_0002,DRAIN state
6114,doc_8a75,doc_8a75_chunk_0002,salloc
6115,doc_8a75,doc_8a75_chunk_0002,srun
6116,doc_8a75,doc_8a75_chunk_0002,SchedulerParameters
6117,doc_8a75,doc_8a75_chunk_0002,export
6118,doc_8a75,doc_8a75_chunk_0002,unset
6119,doc_8a75,doc_8a75_chunk_0002,print
6120,doc_8a75,doc_8a75_chunk_0002,VARIABLE_1
6121,doc_8a75,doc_8a75_chunk_0002,MANPATH
6122,doc_8a75,doc_8a75_chunk_0002,bash script
6123,doc_8a75,doc_8a75_chunk_0002,sbatch
6124,doc_8a75,doc_8a75_chunk_0002,squeue
6125,doc_8a75,doc_8a75_chunk_0003,srun
6126,doc_8a75,doc_8a75_chunk_0003,task prolog
6127,doc_8a75,doc_8a75_chunk_0003,CUDA_MPS_ACTIVE_THREAD_PERCENTAGE
6128,doc_8a75,doc_8a75_chunk_0003,gres/mps plugin
6129,doc_8a75,doc_8a75_chunk_0003,Prolog
6130,doc_8a75,doc_8a75_chunk_0003,Epilog
6131,doc_8a75,doc_8a75_chunk_0003,CUDA_VISIBLE_DEVICES
6132,doc_8a75,doc_8a75_chunk_0003,gres/gpu plugin
6133,doc_8a75,doc_8a75_chunk_0003,Linux cgroup
6134,doc_8a75,doc_8a75_chunk_0003,SLURM_JOB_GPUS
6135,doc_8a75,doc_8a75_chunk_0003,Flags
6136,doc_8a75,doc_8a75_chunk_0003,AutoDetect options
6137,doc_8a75,doc_8a75_chunk_0003,gres.conf
6138,doc_8a75,doc_8a75_chunk_0004,SLURM_JOB_GPUS
6139,doc_8a75,doc_8a75_chunk_0004,Prolog
6140,doc_8a75,doc_8a75_chunk_0004,Epilog
6141,doc_8a75,doc_8a75_chunk_0004,GPU_DEVICE_ORDINAL
6142,doc_8a75,doc_8a75_chunk_0004,CUDA_VISIBLE_DEVICES
6143,doc_8a75,doc_8a75_chunk_0004,ROCR_VISIBLE_DEVICES
6144,doc_8a75,doc_8a75_chunk_0004,SLURM_ARRAY_JOB_ID
6145,doc_8a75,doc_8a75_chunk_0004,SLURM_ARRAY_TASK_ID
6146,doc_8a75,doc_8a75_chunk_0004,scontrol update
6147,doc_8a75,doc_8a75_chunk_0004,SLURM_ARRAY_TASK_COUNT
6148,doc_8a75,doc_8a75_chunk_0005,SLURM
6149,doc_8a75,doc_8a75_chunk_0005,SLURM_ARRAY_TASK_ID
6150,doc_8a75,doc_8a75_chunk_0005,SLURM_ARRAY_JOB_ID
6151,doc_8a75,doc_8a75_chunk_0005,SLURM_ARRAY_TASK_MAX
6152,doc_8a75,doc_8a75_chunk_0005,SLURM_ARRAY_TASK_MIN
6153,doc_8a75,doc_8a75_chunk_0005,SLURM_ARRAY_TASK_STEP
6154,doc_8a75,doc_8a75_chunk_0005,PrologSlurmctld
6155,doc_8a75,doc_8a75_chunk_0005,SrunProlog
6156,doc_8a75,doc_8a75_chunk_0005,TaskProlog
6157,doc_8a75,doc_8a75_chunk_0005,EpilogSlurmctld
6158,doc_8a75,doc_8a75_chunk_0006,SLURM_CLUSTER_NAME
6159,doc_8a75,doc_8a75_chunk_0006,PrologSlurmctld
6160,doc_8a75,doc_8a75_chunk_0006,SrunProlog
6161,doc_8a75,doc_8a75_chunk_0006,TaskProlog
6162,doc_8a75,doc_8a75_chunk_0006,EpilogSlurmctld
6163,doc_8a75,doc_8a75_chunk_0006,SrunEpilog
6164,doc_8a75,doc_8a75_chunk_0006,TaskEpilog
6165,doc_8a75,doc_8a75_chunk_0006,SLURM_CONF
6166,doc_8a75,doc_8a75_chunk_0006,slurm.conf
6167,doc_8a75,doc_8a75_chunk_0006,SLURM_CPUS_ON_NODE
6168,doc_8a75,doc_8a75_chunk_0006,SLURM_DISTRIBUTION
6169,doc_8a75,doc_8a75_chunk_0007,SLURM_JOB_END_TIME
6170,doc_8a75,doc_8a75_chunk_0007,SLURM_JOB_EXIT_CODE
6171,doc_8a75,doc_8a75_chunk_0007,SLURM_JOB_EXIT_CODE2
6172,doc_8a75,doc_8a75_chunk_0007,SLURM_JOB_EXIT_CODE2:exit:sig
6173,doc_8a75,doc_8a75_chunk_0007,SLURM_JOB_EXTRA
6174,doc_8a75,doc_8a75_chunk_0007,SLURM_JOB_GID
6175,doc_8a75,doc_8a75_chunk_0007,Epilog
6176,doc_8a75,doc_8a75_chunk_0007,EpilogSlurmctld
6177,doc_8a75,doc_8a75_chunk_0007,Prolog
6178,doc_8a75,doc_8a75_chunk_0008,SLURM_JOB_GID
6179,doc_8a75,doc_8a75_chunk_0008,SLURM_JOB_GPUS
6180,doc_8a75,doc_8a75_chunk_0008,SLURM_JOB_GROUP
6181,doc_8a75,doc_8a75_chunk_0008,SLURM_JOB_ID
6182,doc_8a75,doc_8a75_chunk_0008,SLURM_JOBID
6183,doc_8a75,doc_8a75_chunk_0008,SLURM_JOB_LICENSES
6184,doc_8a75,doc_8a75_chunk_0008,SLURM_JOB_NAME
6185,doc_8a75,doc_8a75_chunk_0008,SLURM_JOB_NODELIST
6186,doc_8a75,doc_8a75_chunk_0008,Slurm hostlist expression
6187,doc_8a75,doc_8a75_chunk_0008,scontrol show hostnames
6188,doc_8a75,doc_8a75_chunk_0009,SLURM
6189,doc_8a75,doc_8a75_chunk_0009,SLURM_JOB_PARTITION
6190,doc_8a75,doc_8a75_chunk_0009,SLURM_JOB_QOS
6191,doc_8a75,doc_8a75_chunk_0009,SLURM_JOB_RESERVATION
6192,doc_8a75,doc_8a75_chunk_0009,SLURM_JOB_RESTART_COUNT
6193,doc_8a75,doc_8a75_chunk_0009,SLURM_JOB_START_TIME
6194,doc_8a75,doc_8a75_chunk_0009,SLURM_JOB_STDERR
6195,doc_8a75,doc_8a75_chunk_0009,SLURM_JOB_STDIN
6196,doc_8a75,doc_8a75_chunk_0009,SLURM_JOB_STDOUT
6197,doc_8a75,doc_8a75_chunk_0010,SLURM_LOCAL_GLOBALS_FILE
6198,doc_8a75,doc_8a75_chunk_0010,SrunProlog
6199,doc_8a75,doc_8a75_chunk_0010,TaskProlog
6200,doc_8a75,doc_8a75_chunk_0010,SrunEpilog
6201,doc_8a75,doc_8a75_chunk_0010,TaskEpilog
6202,doc_8a75,doc_8a75_chunk_0010,SLURM_LOCALID
6203,doc_8a75,doc_8a75_chunk_0010,SLURM_NNODES
6204,doc_8a75,doc_8a75_chunk_0010,SLURM_NODEID
6205,doc_8a75,doc_8a75_chunk_0010,SLURM_NTASKS
6206,doc_8a75,doc_8a75_chunk_0010,SLURM_PRIO_PROCESS
6207,doc_8a75,doc_8a75_chunk_0010,SLURM_PROCID
6208,doc_8a75,doc_8a75_chunk_0011,SLURM_RLIMIT_AS
6209,doc_8a75,doc_8a75_chunk_0011,SLURM_RLIMIT_CORE
6210,doc_8a75,doc_8a75_chunk_0011,SLURM_RLIMIT_CPU
6211,doc_8a75,doc_8a75_chunk_0011,SLURM_RLIMIT_DATA
6212,doc_8a75,doc_8a75_chunk_0011,SLURM_RLIMIT_FSIZE
6213,doc_8a75,doc_8a75_chunk_0011,SLURM_RLIMIT_MEMLOCK
6214,doc_8a75,doc_8a75_chunk_0011,SLURM_RLIMIT_NOFILE
6215,doc_8a75,doc_8a75_chunk_0011,SLURM_RLIMIT_NPROC
6216,doc_8a75,doc_8a75_chunk_0011,SrunProlog
6217,doc_8a75,doc_8a75_chunk_0011,TaskProlog
6218,doc_8a75,doc_8a75_chunk_0012,SLURM_RLIMIT_NPROC
6219,doc_8a75,doc_8a75_chunk_0012,SLURM_RLIMIT_RSS
6220,doc_8a75,doc_8a75_chunk_0012,SLURM_RLIMIT_STACK
6221,doc_8a75,doc_8a75_chunk_0012,SLURM_SCRIPT_CONTEXT
6222,doc_8a75,doc_8a75_chunk_0012,prolog_slurmctld
6223,doc_8a75,doc_8a75_chunk_0012,epilog_slurmctld
6224,doc_8a75,doc_8a75_chunk_0012,prolog_slurmd
6225,doc_8a75,doc_8a75_chunk_0012,epilog_slurmd
6226,doc_8a75,doc_8a75_chunk_0012,prolog_task
6227,doc_8a75,doc_8a75_chunk_0012,epilog_task
6228,doc_8a75,doc_8a75_chunk_0013,SLURM_TASKS_PER_NODE
6229,doc_8a75,doc_8a75_chunk_0013,SrunProlog
6230,doc_8a75,doc_8a75_chunk_0013,TaskProlog
6231,doc_8a75,doc_8a75_chunk_0013,SrunEpilog
6232,doc_8a75,doc_8a75_chunk_0013,TaskEpilog
6233,doc_8a75,doc_8a75_chunk_0013,SLURM_TOPOLOGY_ADDR
6234,doc_8a75,doc_8a75_chunk_0013,network switches
6235,doc_8a75,doc_8a75_chunk_0013,nodes
6236,doc_8a75,doc_8a75_chunk_0013,job's communications
6237,doc_8a75,doc_8a75_chunk_0013,SLURM_TOPOLOGY_ADDR_PATTERN
6238,doc_8a75,doc_8a75_chunk_0013,network component types
6239,doc_8a75,doc_8a75_chunk_0013,switch
6240,doc_8a75,doc_8a75_chunk_0013,node
6241,doc_8a75,doc_8a75_chunk_0014,Prolog
6242,doc_8a75,doc_8a75_chunk_0014,SrunProlog
6243,doc_8a75,doc_8a75_chunk_0014,TaskProlog
6244,doc_8a75,doc_8a75_chunk_0014,Epilog
6245,doc_8a75,doc_8a75_chunk_0014,SrunEpilog
6246,doc_8a75,doc_8a75_chunk_0014,TaskEpilog
6247,doc_8a75,doc_8a75_chunk_0014,Plugin functions
6248,doc_8a75,doc_8a75_chunk_0014,SPANK
6249,doc_8a75,doc_8a75_chunk_0014,slurmd daemon
6250,doc_8a75,doc_8a75_chunk_0014,slurmstepd daemon
6251,doc_8a75,doc_8a75_chunk_0014,node running the task
6252,doc_8a75,doc_8a75_chunk_0014,parallel job
6253,doc_8a75,doc_8a75_chunk_0014,multiple compute nodes
6254,doc_8a75,doc_8a75_chunk_0014,environment variable
6255,doc_8a75,doc_8a75_chunk_0014,Cray Inc.
6256,doc_8b12,doc_8b12_chunk_0001,Slurm
6257,doc_8b12,doc_8b12_chunk_0001,schedmd.com
6258,doc_8b12,doc_8b12_chunk_0001,auth/munge
6259,doc_8b12,doc_8b12_chunk_0001,MUNGE
6260,doc_8b12,doc_8b12_chunk_0001,Debian
6261,doc_8b12,doc_8b12_chunk_0001,Fedora
6262,doc_8b12,doc_8b12_chunk_0001,Ubuntu
6263,doc_8b12,doc_8b12_chunk_0001,AUKS
6264,doc_8b12,doc_8b12_chunk_0001,Kerberos V
6265,doc_8b12,doc_8b12_chunk_0001,batch systems
6266,doc_8b12,doc_8b12_chunk_0001,Slurm workload manager
6267,doc_8b12,doc_8b12_chunk_0001,MySQL
6268,doc_8b12,doc_8b12_chunk_0001,MariaDB
6269,doc_8b12,doc_8b12_chunk_0001,DRMAA
6270,doc_8b12,doc_8b12_chunk_0001,DRMAA for Slurm
6271,doc_8b12,doc_8b12_chunk_0002,PSNC DRMAA
6272,doc_8b12,doc_8b12_chunk_0002,Open Grid Forum DRMAA 1.0
6273,doc_8b12,doc_8b12_chunk_0002,Slurm
6274,doc_8b12,doc_8b12_chunk_0002,--cluster
6275,doc_8b12,doc_8b12_chunk_0002,slurm-drmaa
6276,doc_8b12,doc_8b12_chunk_0002,Perl 6 DRMAA bindings
6277,doc_8b12,doc_8b12_chunk_0002,hwloc
6278,doc_8b12,doc_8b12_chunk_0002,versions 2.5.0 through 2.7.0
6279,doc_8b12,doc_8b12_chunk_0002,hwloc version 2.7.1
6280,doc_8b12,doc_8b12_chunk_0002,slurmd
6281,doc_8b12,doc_8b12_chunk_0002,PMIx
6282,doc_8b12,doc_8b12_chunk_0002,hostlist
6283,doc_8b12,doc_8b12_chunk_0003,PySlurm
6284,doc_8b12,doc_8b12_chunk_0003,Cython
6285,doc_8b12,doc_8b12_chunk_0003,SPANK
6286,doc_8b12,doc_8b12_chunk_0003,job launch code
6287,doc_8b12,doc_8b12_chunk_0003,spank.h
6288,doc_8b12,doc_8b12_chunk_0003,plugstack.conf
6289,doc_8b12,doc_8b12_chunk_0003,Slurm health check
6290,doc_8b12,doc_8b12_chunk_0003,LBNL Node Health Check
6291,doc_8b12,doc_8b12_chunk_0003,Torque resource managers
6292,doc_8b12,doc_8b12_chunk_0003,UBMoD
6293,doc_8b12,doc_8b12_chunk_0003,sacct
6294,doc_8b12,doc_8b12_chunk_0003,MySQL data warehouse
6295,doc_8b12,doc_8b12_chunk_0003,XDMoD
6296,doc_8b12,doc_8b12_chunk_0003,XSEDE cyberinfrastructure
6297,doc_8b12,doc_8b12_chunk_0003,resource utilization
6298,doc_8b12,doc_8b12_chunk_0004,sdiag
6299,doc_8b12,doc_8b12_chunk_0004,Slurm
6300,doc_8b12,doc_8b12_chunk_0004,sdiag utility
6301,doc_8b12,doc_8b12_chunk_0004,scheduling performance
6302,doc_8b12,doc_8b12_chunk_0004,time-series database
6303,doc_8b12,doc_8b12_chunk_0004,custom diamond collectors
6304,doc_8b12,doc_8b12_chunk_0004,Collectd
6305,doc_8b12,doc_8b12_chunk_0004,jobmetrics
6306,doc_8b12,doc_8b12_chunk_0004,JSON
6307,doc_8b12,doc_8b12_chunk_0004,slurmrestd
6308,doc_8b12,doc_8b12_chunk_0004,burst_buffer/datawarp
6309,doc_8b12,doc_8b12_chunk_0004,burst_buffer/lua
6310,doc_8b12,doc_8b12_chunk_0004,jobcomp/elasticsearch
6311,doc_8b12,doc_8b12_chunk_0004,jobcomp/kafka
6312,doc_8b12,doc_8b12_chunk_0004,JSON-C library
6313,doc_8ca0,doc_8ca0_chunk_0001,Slurm
6314,doc_8ca0,doc_8ca0_chunk_0001,scontrol
6315,doc_8ca0,doc_8ca0_chunk_0001,suspend
6316,doc_8ca0,doc_8ca0_chunk_0001,power down
6317,doc_8ca0,doc_8ca0_chunk_0001,power saving mode
6318,doc_8ca0,doc_8ca0_chunk_0001,resume
6319,doc_8ca0,doc_8ca0_chunk_0001,power up
6320,doc_8ca0,doc_8ca0_chunk_0001,SuspendTime
6321,doc_8ca0,doc_8ca0_chunk_0001,SuspendTimeout
6322,doc_8ca0,doc_8ca0_chunk_0001,ResumeProgram
6323,doc_8ca0,doc_8ca0_chunk_0001,SuspendProgram
6324,doc_8ca0,doc_8ca0_chunk_0001,ResumeTimeout
6325,doc_8ca0,doc_8ca0_chunk_0001,cloud provider
6326,doc_8ca0,doc_8ca0_chunk_0001,Amazon Web Services
6327,doc_8ca0,doc_8ca0_chunk_0001,Google Cloud Platform
6328,doc_8ca0,doc_8ca0_chunk_0001,Microsoft Azure
6329,doc_8ca0,doc_8ca0_chunk_0001,cloud bursting
6330,doc_8ca0,doc_8ca0_chunk_0001,ResumeRate
6331,doc_8ca0,doc_8ca0_chunk_0002,ResumeRate
6332,doc_8ca0,doc_8ca0_chunk_0002,SuspendRate
6333,doc_8ca0,doc_8ca0_chunk_0002,slurmctld
6334,doc_8ca0,doc_8ca0_chunk_0002,Power Saving operation
6335,doc_8ca0,doc_8ca0_chunk_0002,slurm.conf
6336,doc_8ca0,doc_8ca0_chunk_0002,scontrol reconfigure
6337,doc_8ca0,doc_8ca0_chunk_0002,DebugFlags
6338,doc_8ca0,doc_8ca0_chunk_0002,Power
6339,doc_8ca0,doc_8ca0_chunk_0002,ReconfigFlags
6340,doc_8ca0,doc_8ca0_chunk_0002,KeepPowerSaveSettings
6341,doc_8ca0,doc_8ca0_chunk_0002,ResumeFailProgram
6342,doc_8ca0,doc_8ca0_chunk_0002,ResumeTimeout
6343,doc_8ca0,doc_8ca0_chunk_0002,ResumeProgram
6344,doc_8ca0,doc_8ca0_chunk_0002,SlurmUser
6345,doc_8ca0,doc_8ca0_chunk_0002,hostlist expression format
6346,doc_8ca0,doc_8ca0_chunk_0003,Slurm
6347,doc_8ca0,doc_8ca0_chunk_0003,hostlist expression format
6348,doc_8ca0,doc_8ca0_chunk_0003,ResumeTimeout
6349,doc_8ca0,doc_8ca0_chunk_0003,DOWN state
6350,doc_8ca0,doc_8ca0_chunk_0003,scontrol show nodename
6351,doc_8ca0,doc_8ca0_chunk_0003,SLURM_RESUME_FILE
6352,doc_8ca0,doc_8ca0_chunk_0003,squeue
6353,doc_8ca0,doc_8ca0_chunk_0003,oversubscribe
6354,doc_8ca0,doc_8ca0_chunk_0003,partition
6355,doc_8ca0,doc_8ca0_chunk_0003,cloud
6356,doc_8ca0,doc_8ca0_chunk_0003,cloud_exclusive
6357,doc_8ca0,doc_8ca0_chunk_0003,ResumeRate
6358,doc_8ca0,doc_8ca0_chunk_0003,Maximum number of nodes
6359,doc_8ca0,doc_8ca0_chunk_0003,power saving mode
6360,doc_8ca0,doc_8ca0_chunk_0003,power consumption
6361,doc_8ca0,doc_8ca0_chunk_0004,ResumeTimeout
6362,doc_8ca0,doc_8ca0_chunk_0004,Maximum time permitted
6363,doc_8ca0,doc_8ca0_chunk_0004,SchedulerParameters
6364,doc_8ca0,doc_8ca0_chunk_0004,salloc_wait_nodes
6365,doc_8ca0,doc_8ca0_chunk_0004,salloc command
6366,doc_8ca0,doc_8ca0_chunk_0004,salloc will wait
6367,doc_8ca0,doc_8ca0_chunk_0004,sbatch_wait_nodes
6368,doc_8ca0,doc_8ca0_chunk_0004,sbatch script
6369,doc_8ca0,doc_8ca0_chunk_0004,sbatch will wait
6370,doc_8ca0,doc_8ca0_chunk_0004,SlurmctldParameters
6371,doc_8ca0,doc_8ca0_chunk_0004,cloud_dns
6372,doc_8ca0,doc_8ca0_chunk_0004,Slurm communications
6373,doc_8ca0,doc_8ca0_chunk_0004,node configuration
6374,doc_8ca0,doc_8ca0_chunk_0004,slurm.conf
6375,doc_8ca0,doc_8ca0_chunk_0005,idle_on_node_suspend
6376,doc_8ca0,doc_8ca0_chunk_0005,SuspendProgram
6377,doc_8ca0,doc_8ca0_chunk_0005,node_reg_mem_percent
6378,doc_8ca0,doc_8ca0_chunk_0005,power_save_interval
6379,doc_8ca0,doc_8ca0_chunk_0005,power_save_min_interval
6380,doc_8ca0,doc_8ca0_chunk_0005,Slurm's hostlist expression
6381,doc_8ca0,doc_8ca0_chunk_0005,nid
6382,doc_8ca0,doc_8ca0_chunk_0005,power_down
6383,doc_8ca0,doc_8ca0_chunk_0006,nid
6384,doc_8ca0,doc_8ca0_chunk_0006,usable nodes
6385,doc_8ca0,doc_8ca0_chunk_0006,IDLE
6386,doc_8ca0,doc_8ca0_chunk_0006,DOWN
6387,doc_8ca0,doc_8ca0_chunk_0006,DRAINING
6388,doc_8ca0,doc_8ca0_chunk_0006,scontrol
6389,doc_8ca0,doc_8ca0_chunk_0006,scontrol.KeepPowerSaveSettings
6390,doc_8ca0,doc_8ca0_chunk_0006,SuspendExcParts
6391,doc_8ca0,doc_8ca0_chunk_0006,partitions
6392,doc_8ca0,doc_8ca0_chunk_0006,SuspendTime
6393,doc_8ca0,doc_8ca0_chunk_0006,CLOUD
6394,doc_8ca0,doc_8ca0_chunk_0006,DRAIN
6395,doc_8ca0,doc_8ca0_chunk_0006,DYNAMIC_FUTURE
6396,doc_8ca0,doc_8ca0_chunk_0006,DYNAMIC_NORM
6397,doc_8ca0,doc_8ca0_chunk_0006,FAIL
6398,doc_8ca0,doc_8ca0_chunk_0007,scontrol
6399,doc_8ca0,doc_8ca0_chunk_0007,ReconfigFlags
6400,doc_8ca0,doc_8ca0_chunk_0007,KeepPowerSaveSettings
6401,doc_8ca0,doc_8ca0_chunk_0007,SuspendProgram
6402,doc_8ca0,doc_8ca0_chunk_0007,SlurmUser
6403,doc_8ca0,doc_8ca0_chunk_0007,slurm.conf
6404,doc_8ca0,doc_8ca0_chunk_0007,hostlist expression format
6405,doc_8ca0,doc_8ca0_chunk_0007,SuspendRate
6406,doc_8ca0,doc_8ca0_chunk_0007,maximum number of nodes
6407,doc_8ca0,doc_8ca0_chunk_0007,SuspendTime
6408,doc_8ca0,doc_8ca0_chunk_0007,idle or down
6409,doc_8ca0,doc_8ca0_chunk_0007,SuspendTimeout
6410,doc_8ca0,doc_8ca0_chunk_0007,NodeConfiguration
6411,doc_8ca0,doc_8ca0_chunk_0007,Feature
6412,doc_8ca0,doc_8ca0_chunk_0007,node feature
6413,doc_8ca0,doc_8ca0_chunk_0007,cloud resources
6414,doc_8ca0,doc_8ca0_chunk_0007,--constraint
6415,doc_8ca0,doc_8ca0_chunk_0008,Slurm
6416,doc_8ca0,doc_8ca0_chunk_0008,node name
6417,doc_8ca0,doc_8ca0_chunk_0008,numeric suffix
6418,doc_8ca0,doc_8ca0_chunk_0008,CLOUD
6419,doc_8ca0,doc_8ca0_chunk_0008,weight
6420,doc_8ca0,doc_8ca0_chunk_0008,default value
6421,doc_8ca0,doc_8ca0_chunk_0008,power up
6422,doc_8ca0,doc_8ca0_chunk_0008,power down
6423,doc_8ca0,doc_8ca0_chunk_0008,PowerDownOnIdle
6424,doc_8ca0,doc_8ca0_chunk_0008,power saving
6425,doc_8ca0,doc_8ca0_chunk_0008,partition
6426,doc_8ca0,doc_8ca0_chunk_0008,PowerDownOnIdle YES
6427,doc_8ca0,doc_8ca0_chunk_0008,Completing
6428,doc_8ca0,doc_8ca0_chunk_0008,IDLE
6429,doc_8ca0,doc_8ca0_chunk_0008,ExclusiveUser
6430,doc_8ca0,doc_8ca0_chunk_0008,partition parameters
6431,doc_8ca0,doc_8ca0_chunk_0009,ExclusiveUser
6432,doc_8ca0,doc_8ca0_chunk_0009,OverSubscribe
6433,doc_8ca0,doc_8ca0_chunk_0009,EXCLUSIVE
6434,doc_8ca0,doc_8ca0_chunk_0009,ResumeTimeout
6435,doc_8ca0,doc_8ca0_chunk_0009,Maximum
6436,doc_8ca0,doc_8ca0_chunk_0009,seconds
6437,doc_8ca0,doc_8ca0_chunk_0009,Node
6438,doc_8ca0,doc_8ca0_chunk_0009,DOWN
6439,doc_8ca0,doc_8ca0_chunk_0009,requeued
6440,doc_8ca0,doc_8ca0_chunk_0009,unexpectedly rebooted
6441,doc_8ca0,doc_8ca0_chunk_0009,default value
6442,doc_8ca0,doc_8ca0_chunk_0009,60 seconds
6443,doc_8ca0,doc_8ca0_chunk_0009,SuspendTime
6444,doc_8ca0,doc_8ca0_chunk_0009,Nodes
6445,doc_8ca0,doc_8ca0_chunk_0009,idle
6446,doc_8ca0,doc_8ca0_chunk_0009,power saving mode
6447,doc_8ca0,doc_8ca0_chunk_0009,SuspendProgram
6448,doc_8ca0,doc_8ca0_chunk_0010,SuspendTimeout
6449,doc_8ca0,doc_8ca0_chunk_0010,Slurm
6450,doc_8ca0,doc_8ca0_chunk_0010,Power Saving
6451,doc_8ca0,doc_8ca0_chunk_0010,sinfo
6452,doc_8ca0,doc_8ca0_chunk_0010,POWER_DOWN
6453,doc_8ca0,doc_8ca0_chunk_0010,POWER_UP
6454,doc_8ca0,doc_8ca0_chunk_0010,POWERED_DOWN
6455,doc_8ca0,doc_8ca0_chunk_0010,POWERING_DOWN
6456,doc_8ca0,doc_8ca0_chunk_0010,POWERING_UP
6457,doc_8ca0,doc_8ca0_chunk_0010,scontrol
6458,doc_8ca0,doc_8ca0_chunk_0010,nodename
6459,doc_8ca0,doc_8ca0_chunk_0010,manual Power Saving
6460,doc_8ca0,doc_8ca0_chunk_0010,power_down_asap
6461,doc_8ca0,doc_8ca0_chunk_0010,power_down_force
6462,doc_8ca0,doc_8ca0_chunk_0010,up
6463,doc_8ca0,doc_8ca0_chunk_0011,scontrol
6464,doc_8ca0,doc_8ca0_chunk_0011,update
6465,doc_8ca0,doc_8ca0_chunk_0011,nodename
6466,doc_8ca0,doc_8ca0_chunk_0011,power_down
6467,doc_8ca0,doc_8ca0_chunk_0011,power_down_asap
6468,doc_8ca0,doc_8ca0_chunk_0011,power_down_force
6469,doc_8ca0,doc_8ca0_chunk_0011,power_up
6470,doc_8ca0,doc_8ca0_chunk_0011,RESUME
6471,doc_8ca0,doc_8ca0_chunk_0011,DRAIN
6472,doc_8ca0,doc_8ca0_chunk_0011,DRAINING
6473,doc_8ca0,doc_8ca0_chunk_0011,DOWN
6474,doc_8ca0,doc_8ca0_chunk_0011,REBOOT
6475,doc_8ca0,doc_8ca0_chunk_0011,IDLE
6476,doc_8ca0,doc_8ca0_chunk_0011,NoResp
6477,doc_8ca0,doc_8ca0_chunk_0011,slurmctld
6478,doc_8ca0,doc_8ca0_chunk_0011,slurmd
6479,doc_8ca0,doc_8ca0_chunk_0011,ResumeProgram
6480,doc_8ca0,doc_8ca0_chunk_0012,ResumeProgram
6481,doc_8ca0,doc_8ca0_chunk_0012,SuspendProgram
6482,doc_8ca0,doc_8ca0_chunk_0012,slurmctld
6483,doc_8ca0,doc_8ca0_chunk_0012,slurmctld daemon
6484,doc_8ca0,doc_8ca0_chunk_0012,primary and backup server nodes
6485,doc_8ca0,doc_8ca0_chunk_0012,sudo
6486,doc_8ca0,doc_8ca0_chunk_0012,scontrol show hostnames
6487,doc_8ca0,doc_8ca0_chunk_0012,scontrol
6488,doc_8ca0,doc_8ca0_chunk_0012,node_startup
6489,doc_8ca0,doc_8ca0_chunk_0012,node_shutdown
6490,doc_8ca0,doc_8ca0_chunk_0012,logfile
6491,doc_8ca0,doc_8ca0_chunk_0012,/var/log/power_save.log
6492,doc_8ca0,doc_8ca0_chunk_0012,Fault Tolerance
6493,doc_8ca0,doc_8ca0_chunk_0012,SuspendTimeout
6494,doc_8ca0,doc_8ca0_chunk_0012,ResumeTimeout
6495,doc_8ca0,doc_8ca0_chunk_0013,slurmctld
6496,doc_8ca0,doc_8ca0_chunk_0013,SuspendTimeout
6497,doc_8ca0,doc_8ca0_chunk_0013,ResumeTimeout
6498,doc_8ca0,doc_8ca0_chunk_0013,SuspendProgram
6499,doc_8ca0,doc_8ca0_chunk_0013,ResumeProgram
6500,doc_8ca0,doc_8ca0_chunk_0013,SLURM_RESUME_FILE
6501,doc_8ca0,doc_8ca0_chunk_0013,booting
6502,doc_8ca0,doc_8ca0_chunk_0013,ResumeProgram boot
6503,doc_8ca0,doc_8ca0_chunk_0013,SLURM_RESUME_FILE within ten seconds
6504,doc_8ca0,doc_8ca0_chunk_0013,job specifications
6505,doc_8ca0,doc_8ca0_chunk_0013,NodeFeaturesPlugins
6506,doc_8ca0,doc_8ca0_chunk_0013,Allocations
6507,doc_8ca0,doc_8ca0_chunk_0013,resource allocation request
6508,doc_8ca0,doc_8ca0_chunk_0013,nodes availability
6509,doc_8ca0,doc_8ca0_chunk_0013,job steps
6510,doc_8ca0,doc_8ca0_chunk_0014,SLURM
6511,doc_8ca0,doc_8ca0_chunk_0014,sbatch
6512,doc_8ca0,doc_8ca0_chunk_0014,srun
6513,doc_8ca0,doc_8ca0_chunk_0014,salloc
6514,doc_8ca0,doc_8ca0_chunk_0014,SchedulerParameters
6515,doc_8ca0,doc_8ca0_chunk_0014,sbatch_wait_nodes
6516,doc_8ca0,doc_8ca0_chunk_0014,salloc_wait_nodes
6517,doc_8ca0,doc_8ca0_chunk_0014,wait-all-nodes
6518,doc_8ca0,doc_8ca0_chunk_0014,NodeFeaturesPlugins
6519,doc_8ca0,doc_8ca0_chunk_0014,node_features/helpers
6520,doc_8ca0,doc_8ca0_chunk_0014,cloud nodes
6521,doc_8ca0,doc_8ca0_chunk_0014,NodeName
6522,doc_8ca0,doc_8ca0_chunk_0014,slurm.conf
6523,doc_8ca0,doc_8ca0_chunk_0014,available features
6524,doc_8ca0,doc_8ca0_chunk_0014,active features
6525,doc_8ca0,doc_8ca0_chunk_0014,power down
6526,doc_8ca0,doc_8ca0_chunk_0015,slurm.conf
6527,doc_8ca0,doc_8ca0_chunk_0015,helpers.conf
6528,doc_8ca0,doc_8ca0_chunk_0015,NodeFeaturesPlugins
6529,doc_8ca0,doc_8ca0_chunk_0015,NodeName
6530,doc_8ca0,doc_8ca0_chunk_0015,State
6531,doc_8ca0,doc_8ca0_chunk_0015,Feature
6532,doc_8ca0,doc_8ca0_chunk_0015,f1
6533,doc_8ca0,doc_8ca0_chunk_0015,f2
6534,doc_8ca0,doc_8ca0_chunk_0015,f3
6535,doc_8ca0,doc_8ca0_chunk_0015,f4
6536,doc_8ca0,doc_8ca0_chunk_0015,l1
6537,doc_8ca0,doc_8ca0_chunk_0015,l2
6538,doc_8ca0,doc_8ca0_chunk_0015,SelectType
6539,doc_8ca0,doc_8ca0_chunk_0015,SelectTypeParameters
6540,doc_8ca0,doc_8ca0_chunk_0015,CR_CORE_Memory
6541,doc_8ca0,doc_8ca0_chunk_0015,SuspendProgram
6542,doc_8ca0,doc_8ca0_chunk_0015,ResumeProgram
6543,doc_8ca0,doc_8ca0_chunk_0015,SuspendTime
6544,doc_8ca0,doc_8ca0_chunk_0016,slurm.conf
6545,doc_8ca0,doc_8ca0_chunk_0016,SelectType
6546,doc_8ca0,doc_8ca0_chunk_0016,SelectTypeParameters
6547,doc_8ca0,doc_8ca0_chunk_0016,CR_CORE_Memory
6548,doc_8ca0,doc_8ca0_chunk_0016,SuspendProgram
6549,doc_8ca0,doc_8ca0_chunk_0016,ResumeProgram
6550,doc_8ca0,doc_8ca0_chunk_0016,TreeWidth
6551,doc_8ca0,doc_8ca0_chunk_0016,NodeName
6552,doc_8ca0,doc_8ca0_chunk_0016,SuspendTime
6553,doc_8ca0,doc_8ca0_chunk_0016,INFINITE
6554,doc_8ca0,doc_8ca0_chunk_0016,tux
6555,doc_8ca0,doc_8ca0_chunk_0016,ec
6556,doc_8ca0,doc_8ca0_chunk_0016,PartitionName
6557,doc_8ca0,doc_8ca0_chunk_0016,MaxTime
6558,doc_8ca0,doc_8ca0_chunk_0016,debug partition
6559,doc_8ca0,doc_8ca0_chunk_0016,batch partition
6560,doc_8ca0,doc_8ca0_chunk_0016,cloud partition
6561,doc_8ca0,doc_8ca0_chunk_0016,scontrol
6562,doc_8ca0,doc_8ca0_chunk_0017,sacctmgr
6563,doc_8ca0,doc_8ca0_chunk_0017,slurmrestd
6564,doc_8ca0,doc_8ca0_chunk_0017,/instance
6565,doc_8ca0,doc_8ca0_chunk_0017,/instances
6566,doc_8ca0,doc_8ca0_chunk_0017,scontrol
6567,doc_8ca0,doc_8ca0_chunk_0017,scontrol show nodes
6568,doc_8ca0,doc_8ca0_chunk_0017,grep
6569,doc_8ca0,doc_8ca0_chunk_0017,NodeName
6570,doc_8ca0,doc_8ca0_chunk_0017,Arch
6571,doc_8ca0,doc_8ca0_chunk_0017,CoresPerSocket
6572,doc_8ca0,doc_8ca0_chunk_0017,Extra
6573,doc_8ca0,doc_8ca0_chunk_0017,InstanceId
6574,doc_8ca0,doc_8ca0_chunk_0017,InstanceType
6575,doc_8ca0,doc_8ca0_chunk_0017,curl
6576,doc_8ca0,doc_8ca0_chunk_0017,-k
6577,doc_8ca0,doc_8ca0_chunk_0017,-s
6578,doc_8ca0,doc_8ca0_chunk_0017,--request
6579,doc_8ca0,doc_8ca0_chunk_0017,-H
6580,doc_8e0f,doc_8e0f_chunk_0001,Slurm
6581,doc_8e0f,doc_8e0f_chunk_0001,open source
6582,doc_8e0f,doc_8e0f_chunk_0001,fault-tolerant
6583,doc_8e0f,doc_8e0f_chunk_0001,highly scalable
6584,doc_8e0f,doc_8e0f_chunk_0001,cluster management
6585,doc_8e0f,doc_8e0f_chunk_0001,job scheduling
6586,doc_8e0f,doc_8e0f_chunk_0001,Linux clusters
6587,doc_8e0f,doc_8e0f_chunk_0001,kernel modifications
6588,doc_8e0f,doc_8e0f_chunk_0001,slurmctld
6589,doc_8e0f,doc_8e0f_chunk_0001,backup manager
6590,doc_8e0f,doc_8e0f_chunk_0001,slurmd daemon
6591,doc_8e0f,doc_8e0f_chunk_0001,slurmdbd
6592,doc_8e0f,doc_8e0f_chunk_0001,Slurm DataBase Daemon
6593,doc_8e0f,doc_8e0f_chunk_0001,slurmrestd
6594,doc_8e0f,doc_8e0f_chunk_0001,Slurm REST API Daemon
6595,doc_8e0f,doc_8e0f_chunk_0002,srun
6596,doc_8e0f,doc_8e0f_chunk_0002,scancel
6597,doc_8e0f,doc_8e0f_chunk_0002,sinfo
6598,doc_8e0f,doc_8e0f_chunk_0002,squeue
6599,doc_8e0f,doc_8e0f_chunk_0002,sacct
6600,doc_8e0f,doc_8e0f_chunk_0002,sview
6601,doc_8e0f,doc_8e0f_chunk_0002,scontrol
6602,doc_8e0f,doc_8e0f_chunk_0002,sacctmgr
6603,doc_8e0f,doc_8e0f_chunk_0002,SlurmDBD
6604,doc_8e0f,doc_8e0f_chunk_0002,Accounting Storage
6605,doc_8e0f,doc_8e0f_chunk_0002,Account Gather Energy
6606,doc_8e0f,doc_8e0f_chunk_0002,Authentication
6607,doc_8e0f,doc_8e0f_chunk_0002,Containers
6608,doc_8e0f,doc_8e0f_chunk_0002,Credential
6609,doc_8e0f,doc_8e0f_chunk_0002,Digital Signature Generation
6610,doc_8e0f,doc_8e0f_chunk_0002,Graphical Processing Units (GPUs)
6611,doc_8e0f,doc_8e0f_chunk_0002,Slurm components
6612,doc_8e0f,doc_8e0f_chunk_0003,Slurm
6613,doc_8e0f,doc_8e0f_chunk_0003,job submit
6614,doc_8e0f,doc_8e0f_chunk_0003,custom plugin
6615,doc_8e0f,doc_8e0f_chunk_0003,site specific control
6616,doc_8e0f,doc_8e0f_chunk_0003,job requirements
6617,doc_8e0f,doc_8e0f_chunk_0003,Job Accounting Gather
6618,doc_8e0f,doc_8e0f_chunk_0003,job step resource utilization data
6619,doc_8e0f,doc_8e0f_chunk_0003,Job Completion Logging
6620,doc_8e0f,doc_8e0f_chunk_0003,termination data
6621,doc_8e0f,doc_8e0f_chunk_0003,Accounting Storage Plugin
6622,doc_8e0f,doc_8e0f_chunk_0003,Launchers
6623,doc_8e0f,doc_8e0f_chunk_0003,srun command
6624,doc_8e0f,doc_8e0f_chunk_0003,MPI
6625,doc_8e0f,doc_8e0f_chunk_0003,MPI implementations
6626,doc_8e0f,doc_8e0f_chunk_0003,MPI specific environment variables
6627,doc_8e0f,doc_8e0f_chunk_0003,Preempt
6628,doc_8e0f,doc_8e0f_chunk_0004,Slurm
6629,doc_8e0f,doc_8e0f_chunk_0004,Plugin
6630,doc_8e0f,doc_8e0f_chunk_0004,node selection
6631,doc_8e0f,doc_8e0f_chunk_0004,site_factor
6632,doc_8e0f,doc_8e0f_chunk_0004,switch or interconnect
6633,doc_8e0f,doc_8e0f_chunk_0004,Task Affinity
6634,doc_8e0f,doc_8e0f_chunk_0004,Network Topology
6635,doc_8e0f,doc_8e0f_chunk_0004,nodes
6636,doc_8e0f,doc_8e0f_chunk_0004,compute resource
6637,doc_8e0f,doc_8e0f_chunk_0004,partitions
6638,doc_8e0f,doc_8e0f_chunk_0004,job steps
6639,doc_8e0f,doc_8e0f_chunk_0004,job queues
6640,doc_8e0f,doc_8e0f_chunk_0004,job size limit
6641,doc_8e0f,doc_8e0f_chunk_0004,job time limit
6642,doc_8e0f,doc_8e0f_chunk_0004,users permitted
6643,doc_8e0f,doc_8e0f_chunk_0004,priority-ordered jobs
6644,doc_8e0f,doc_8e0f_chunk_0004,resource management
6645,doc_8e0f,doc_8e0f_chunk_0004,processors
6646,doc_8e0f,doc_8e0f_chunk_0005,Slurm
6647,doc_8e0f,doc_8e0f_chunk_0005,SlurmctldHost
6648,doc_8e0f,doc_8e0f_chunk_0005,AuthType
6649,doc_8e0f,doc_8e0f_chunk_0005,Epilog
6650,doc_8e0f,doc_8e0f_chunk_0005,PluginDir
6651,doc_8e0f,doc_8e0f_chunk_0005,Prolog
6652,doc_8e0f,doc_8e0f_chunk_0005,SlurmctldPort
6653,doc_8e0f,doc_8e0f_chunk_0005,SlurmdPort
6654,doc_8e0f,doc_8e0f_chunk_0005,SlurmdSpoolDir
6655,doc_8e0f,doc_8e0f_chunk_0005,SlurmdTimeout
6656,doc_8e0f,doc_8e0f_chunk_0005,StateSaveLocation
6657,doc_8e0f,doc_8e0f_chunk_0005,TmpFS
6658,doc_8e0f,doc_8e0f_chunk_0005,NodeName
6659,doc_8e0f,doc_8e0f_chunk_0005,CPUs
6660,doc_8e0f,doc_8e0f_chunk_0005,TmpDisk
6661,doc_8e0f,doc_8e0f_chunk_0005,State
6662,doc_8e0f,doc_8e0f_chunk_0005,RealMemory
6663,doc_8f5e,doc_8f5e_chunk_0001,Slurm
6664,doc_8f5e,doc_8f5e_chunk_0001,6-month cycle
6665,doc_8f5e,doc_8f5e_chunk_0001,9-month cycle
6666,doc_8f5e,doc_8f5e_chunk_0001,Compatibility Window
6667,doc_8f5e,doc_8f5e_chunk_0001,slurmdbd
6668,doc_8f5e,doc_8f5e_chunk_0001,slurmctld
6669,doc_8f5e,doc_8f5e_chunk_0001,slurmd
6670,doc_8f5e,doc_8f5e_chunk_0002,Slurm
6671,doc_8f5e,doc_8f5e_chunk_0002,upgrades
6672,doc_8f5e,doc_8f5e_chunk_0002,incompatible prior versions
6673,doc_8f5e,doc_8f5e_chunk_0002,EPEL Repository
6674,doc_8f5e,doc_8f5e_chunk_0002,Slurm 20.11
6675,doc_8f5e,doc_8f5e_chunk_0002,Slurm 22.05
6676,doc_8f5e,doc_8f5e_chunk_0002,Slurm 23.11
6677,doc_8f5e,doc_8f5e_chunk_0002,SchedMD
6678,doc_8f5e,doc_8f5e_chunk_0002,compatibility requirements
6679,doc_8f5e,doc_8f5e_chunk_0002,job accounting
6680,doc_8f5e,doc_8f5e_chunk_0002,yum.repos.d/epel.repo
6681,doc_8f5e,doc_8f5e_chunk_0002,[epel]
6682,doc_8f5e,doc_8f5e_chunk_0003,Slurm
6683,doc_8f5e,doc_8f5e_chunk_0003,slurmctld
6684,doc_8f5e,doc_8f5e_chunk_0003,slurmdbd
6685,doc_8f5e,doc_8f5e_chunk_0003,slurmd
6686,doc_8f5e,doc_8f5e_chunk_0003,slurmstepd
6687,doc_8f5e,doc_8f5e_chunk_0003,slurm.conf
6688,doc_8f5e,doc_8f5e_chunk_0003,StateSaveLocation
6689,doc_8f5e,doc_8f5e_chunk_0003,upgrade procedure
6690,doc_8f5e,doc_8f5e_chunk_0003,minor Upgrades
6691,doc_8f5e,doc_8f5e_chunk_0003,major releases
6692,doc_8f5e,doc_8f5e_chunk_0003,pre-release versions
6693,doc_8f5e,doc_8f5e_chunk_0003,reverting an upgrade
6694,doc_8f5e,doc_8f5e_chunk_0003,downgrading
6695,doc_8f5e,doc_8f5e_chunk_0003,recovery tools
6696,doc_8f5e,doc_8f5e_chunk_0003,comprehensive file backups
6697,doc_8f5e,doc_8f5e_chunk_0004,slurmd
6698,doc_8f5e,doc_8f5e_chunk_0004,slurmstepd
6699,doc_8f5e,doc_8f5e_chunk_0004,RPM/DEB packages
6700,doc_8f5e,doc_8f5e_chunk_0004,all packages
6701,doc_8f5e,doc_8f5e_chunk_0004,Slurm daemons
6702,doc_8f5e,doc_8f5e_chunk_0004,client commands
6703,doc_8f5e,doc_8f5e_chunk_0004,general slurm package
6704,doc_8f5e,doc_8f5e_chunk_0004,low-level package managers
6705,doc_8f5e,doc_8f5e_chunk_0004,rpm
6706,doc_8f5e,doc_8f5e_chunk_0004,dpkg
6707,doc_8f5e,doc_8f5e_chunk_0004,daemons
6708,doc_8f5e,doc_8f5e_chunk_0004,starting order
6709,doc_8f5e,doc_8f5e_chunk_0004,RELEASE_NOTES
6710,doc_8f5e,doc_8f5e_chunk_0004,CHANGELOG
6711,doc_8f5e,doc_8f5e_chunk_0004,RELEASE_NOTES.md
6712,doc_8f5e,doc_8f5e_chunk_0005,Slurm
6713,doc_8f5e,doc_8f5e_chunk_0005,slurm.conf
6714,doc_8f5e,doc_8f5e_chunk_0005,release notes
6715,doc_8f5e,doc_8f5e_chunk_0005,man pages
6716,doc_8f5e,doc_8f5e_chunk_0005,slurmdbd
6717,doc_8f5e,doc_8f5e_chunk_0005,SchedMD's support hours
6718,doc_8f5e,doc_8f5e_chunk_0005,--json
6719,doc_8f5e,doc_8f5e_chunk_0005,--yaml
6720,doc_8f5e,doc_8f5e_chunk_0005,CLI commands
6721,doc_8f5e,doc_8f5e_chunk_0005,slurmrestd
6722,doc_8f5e,doc_8f5e_chunk_0005,data_parser plugin
6723,doc_8f5e,doc_8f5e_chunk_0005,OpenAPI release notes
6724,doc_8f5e,doc_8f5e_chunk_0005,openapi/slurmctld
6725,doc_8f5e,doc_8f5e_chunk_0005,openapi/slurmdbd
6726,doc_8f5e,doc_8f5e_chunk_0005,script or clients
6727,doc_8f5e,doc_8f5e_chunk_0006,CLI_COMMAND
6728,doc_8f5e,doc_8f5e_chunk_0006,--json
6729,doc_8f5e,doc_8f5e_chunk_0006,--yaml
6730,doc_8f5e,doc_8f5e_chunk_0006,data_parser
6731,doc_8f5e,doc_8f5e_chunk_0006,v0.0.40
6732,doc_8f5e,doc_8f5e_chunk_0006,v0.0.41
6733,doc_8f5e,doc_8f5e_chunk_0006,slurmrestd
6734,doc_8f5e,doc_8f5e_chunk_0006,slurmdb
6735,doc_8f5e,doc_8f5e_chunk_0006,HOST
6736,doc_8f5e,doc_8f5e_chunk_0006,scontrol
6737,doc_8f5e,doc_8f5e_chunk_0006,slurm.conf
6738,doc_8f5e,doc_8f5e_chunk_0006,StateSaveLocation
6739,doc_8f5e,doc_8f5e_chunk_0006,configure
6740,doc_8f5e,doc_8f5e_chunk_0006,MySQL
6741,doc_8f5e,doc_8f5e_chunk_0006,slurm_acct_db
6742,doc_8f5e,doc_8f5e_chunk_0006,mysqldump
6743,doc_8f5e,doc_8f5e_chunk_0007,slurmdbd
6744,doc_8f5e,doc_8f5e_chunk_0007,--single-transaction
6745,doc_8f5e,doc_8f5e_chunk_0007,slurmdbd (Accounting)
6746,doc_8f5e,doc_8f5e_chunk_0007,slurmctld daemon(s)
6747,doc_8f5e,doc_8f5e_chunk_0007,slurm.conf
6748,doc_8f5e,doc_8f5e_chunk_0007,MaxDBDMsgs
6749,doc_8f5e,doc_8f5e_chunk_0007,sacct
6750,doc_8f5e,doc_8f5e_chunk_0007,sacctmgr
6751,doc_8f5e,doc_8f5e_chunk_0007,slurmrestd
6752,doc_8f5e,doc_8f5e_chunk_0007,slurmdb
6753,doc_8f5e,doc_8f5e_chunk_0007,mysqldump
6754,doc_8f5e,doc_8f5e_chunk_0007,shutdown
6755,doc_8f5e,doc_8f5e_chunk_0007,sacctmgr shutdownor
6756,doc_8f5e,doc_8f5e_chunk_0007,systemd
6757,doc_8f5e,doc_8f5e_chunk_0008,sacctmgr
6758,doc_8f5e,doc_8f5e_chunk_0008,systemd
6759,doc_8f5e,doc_8f5e_chunk_0008,slurmdbd
6760,doc_8f5e,doc_8f5e_chunk_0008,innodb_buffer_pool_size
6761,doc_8f5e,doc_8f5e_chunk_0008,my.cnf
6762,doc_8f5e,doc_8f5e_chunk_0008,slurmdbd daemon
6763,doc_8f5e,doc_8f5e_chunk_0008,slurmdbd binaries
6764,doc_8f5e,doc_8f5e_chunk_0008,libraries
6765,doc_8f5e,doc_8f5e_chunk_0008,systemd unit file
6766,doc_8f5e,doc_8f5e_chunk_0008,RPM/DEB packages
6767,doc_8f5e,doc_8f5e_chunk_0008,SlurmUser
6768,doc_8f5e,doc_8f5e_chunk_0008,sudo
6769,doc_8f5e,doc_8f5e_chunk_0008,slurmdbd -D
6770,doc_8f5e,doc_8f5e_chunk_0008,Ctrl+C
6771,doc_8f5e,doc_8f5e_chunk_0009,slurmdbd
6772,doc_8f5e,doc_8f5e_chunk_0009,MySQL
6773,doc_8f5e,doc_8f5e_chunk_0009,MariaDB
6774,doc_8f5e,doc_8f5e_chunk_0009,slurmctld
6775,doc_8f5e,doc_8f5e_chunk_0009,slurmd
6776,doc_8f5e,doc_8f5e_chunk_0009,Slurm commands
6777,doc_8f5e,doc_8f5e_chunk_0009,login nodes
6778,doc_8f5e,doc_8f5e_chunk_0009,slurmctld timeout
6779,doc_8f5e,doc_8f5e_chunk_0009,SlurmdTimeout
6780,doc_8f5e,doc_8f5e_chunk_0009,scontrol reconfig
6781,doc_8f5e,doc_8f5e_chunk_0009,upgrade procedure
6782,doc_8f5e,doc_8f5e_chunk_0010,Slurm
6783,doc_8f5e,doc_8f5e_chunk_0010,slurmctld
6784,doc_8f5e,doc_8f5e_chunk_0010,slurmd
6785,doc_8f5e,doc_8f5e_chunk_0010,timeout
6786,doc_8f5e,doc_8f5e_chunk_0010,StateSaveLocation
6787,doc_8f5e,doc_8f5e_chunk_0010,slurmctld daemon
6788,doc_8f5e,doc_8f5e_chunk_0010,slurmd daemon
6789,doc_8f5e,doc_8f5e_chunk_0010,slurmd (Compute Nodes)
6790,doc_8f5e,doc_8f5e_chunk_0010,rolling upgrade
6791,doc_8f5e,doc_8f5e_chunk_0010,scontrol reconfig
6792,doc_8f5e,doc_8f5e_chunk_0010,SlurmdTimeout
6793,doc_8f5e,doc_8f5e_chunk_0010,SlurmctldTimeout
6794,doc_8f5e,doc_8f5e_chunk_0010,job
6795,doc_8f5e,doc_8f5e_chunk_0010,scontrol
6796,doc_8f5e,doc_8f5e_chunk_0011,rolling upgrade
6797,doc_8f5e,doc_8f5e_chunk_0011,slurmd nodes
6798,doc_8f5e,doc_8f5e_chunk_0011,SlurmdTimeout
6799,doc_8f5e,doc_8f5e_chunk_0011,scontrol reconfig
6800,doc_8f5e,doc_8f5e_chunk_0011,scontrol
6801,doc_8f5e,doc_8f5e_chunk_0011,Slurmd
6802,doc_8f5e,doc_8f5e_chunk_0011,compute nodes
6803,doc_8f5e,doc_8f5e_chunk_0011,StateSaveLocation
6804,doc_8f5e,doc_8f5e_chunk_0011,upgrade method
6805,doc_8f5e,doc_8f5e_chunk_0011,shutdown
6806,doc_8f5e,doc_8f5e_chunk_0011,slurmd daemons
6807,doc_8f5e,doc_8f5e_chunk_0011,systemd unit files
6808,doc_8f5e,doc_8f5e_chunk_0011,job's ability
6809,doc_8f5e,doc_8f5e_chunk_0011,controller
6810,doc_8f5e,doc_8f5e_chunk_0011,DOWN
6811,doc_8f5e,doc_8f5e_chunk_0011,job killing
6812,doc_8f5e,doc_8f5e_chunk_0012,SlurmdTimeout
6813,doc_8f5e,doc_8f5e_chunk_0012,scontrol reconfig
6814,doc_8f5e,doc_8f5e_chunk_0012,Slurm Commands
6815,doc_8f5e,doc_8f5e_chunk_0012,libslurm.so
6816,doc_8f5e,doc_8f5e_chunk_0012,libpmi.so
6817,doc_8f5e,doc_8f5e_chunk_0012,libpmi2.so
6818,doc_8f5e,doc_8f5e_chunk_0012,PMI-1
6819,doc_8f5e,doc_8f5e_chunk_0012,PMI-2
6820,doc_8f5e,doc_8f5e_chunk_0012,OpenMPI
6821,doc_8f5e,doc_8f5e_chunk_0012,MVAPICH2
6822,doc_8f5e,doc_8f5e_chunk_0012,MPICH
6823,doc_8f5e,doc_8f5e_chunk_0012,Hydra Process Manager
6824,doc_8f5e,doc_8f5e_chunk_0012,RELEASE_NOTES
6825,doc_8f5e,doc_8f5e_chunk_0012,customized Slurm Plugins
6826,doc_8f5e,doc_8f5e_chunk_0013,Slurm upgrade
6827,doc_8f5e,doc_8f5e_chunk_0013,MPICH
6828,doc_8f5e,doc_8f5e_chunk_0013,Hydra Process Manager
6829,doc_8f5e,doc_8f5e_chunk_0013,Slurm API
6830,doc_8f5e,doc_8f5e_chunk_0013,libslurm.so
6831,doc_8f5e,doc_8f5e_chunk_0013,ldd
6832,doc_8f5e,doc_8f5e_chunk_0013,seamless upgrades
6833,doc_8f5e,doc_8f5e_chunk_0013,Slurm build process
6834,doc_8f5e,doc_8f5e_chunk_0013,symbolic link
6835,doc_8f5e,doc_8f5e_chunk_0013,PATH
6836,doc_8f5e,doc_8f5e_chunk_0013,install new version
6837,doc_8f5e,doc_8f5e_chunk_0013,maintenance period
6838,doc_8f5e,doc_8f5e_chunk_0013,roll back
6839,doc_8f5e,doc_8f5e_chunk_0013,library conflicts
6840,doc_915b,doc_915b_chunk_0001,Slurm
6841,doc_915b,doc_915b_chunk_0001,RPCs
6842,doc_915b,doc_915b_chunk_0001,trusted sources
6843,doc_915b,doc_915b_chunk_0001,MUNGE
6844,doc_915b,doc_915b_chunk_0001,credentials
6845,doc_915b,doc_915b_chunk_0001,UID
6846,doc_915b,doc_915b_chunk_0001,GID
6847,doc_915b,doc_915b_chunk_0001,slurmctld
6848,doc_915b,doc_915b_chunk_0001,slurmdbd
6849,doc_915b,doc_915b_chunk_0001,slurmd
6850,doc_915b,doc_915b_chunk_0001,submit hosts
6851,doc_915b,doc_915b_chunk_0001,dd
6852,doc_915b,doc_915b_chunk_0001,/dev/random
6853,doc_915b,doc_915b_chunk_0001,/etc/munge/munge.key
6854,doc_915b,doc_915b_chunk_0001,munge user
6855,doc_915b,doc_915b_chunk_0001,chown
6856,doc_915b,doc_915b_chunk_0001,chmod
6857,doc_915b,doc_915b_chunk_0002,munge
6858,doc_915b,doc_915b_chunk_0002,systemctl
6859,doc_915b,doc_915b_chunk_0002,Slurm daemons
6860,doc_915b,doc_915b_chunk_0002,slurm.conf
6861,doc_915b,doc_915b_chunk_0002,slurmdbd.conf
6862,doc_915b,doc_915b_chunk_0002,AuthType
6863,doc_915b,doc_915b_chunk_0002,auth/munge
6864,doc_915b,doc_915b_chunk_0002,CredType
6865,doc_915b,doc_915b_chunk_0002,cred/slurm
6866,doc_915b,doc_915b_chunk_0002,slurm.key
6867,doc_915b,doc_915b_chunk_0002,slurm.jwks
6868,doc_915b,doc_915b_chunk_0002,SlurmUser
6869,doc_915b,doc_915b_chunk_0002,dd
6870,doc_915b,doc_915b_chunk_0002,chown
6871,doc_915b,doc_915b_chunk_0002,chmod
6872,doc_915b,doc_915b_chunk_0002,slurmctld
6873,doc_915b,doc_915b_chunk_0003,Slurm
6874,doc_915b,doc_915b_chunk_0003,slurm.conf
6875,doc_915b,doc_915b_chunk_0003,slurmdbd.conf
6876,doc_915b,doc_915b_chunk_0003,AuthType
6877,doc_915b,doc_915b_chunk_0003,CredType
6878,doc_915b,doc_915b_chunk_0003,slurm.jwks
6879,doc_915b,doc_915b_chunk_0003,slurm.key
6880,doc_915b,doc_915b_chunk_0003,scontrol reconfigure
6881,doc_915b,doc_915b_chunk_0003,slurm.jwks file
6882,doc_915b,doc_915b_chunk_0003,keys
6883,doc_915b,doc_915b_chunk_0003,kid
6884,doc_915b,doc_915b_chunk_0003,k
6885,doc_915b,doc_915b_chunk_0003,VGhlIGtleSBiZWxvdyBtZSBuZXZlciBsaWVz
6886,doc_915b,doc_915b_chunk_0004,auth/slurm
6887,doc_915b,doc_915b_chunk_0004,HS256
6888,doc_915b,doc_915b_chunk_0004,oct
6889,doc_915b,doc_915b_chunk_0004,kid-identifier
6890,doc_915b,doc_915b_chunk_0004,kid-identifier-2
6891,doc_915b,doc_915b_chunk_0004,k
6892,doc_915b,doc_915b_chunk_0004,Base64
6893,doc_915b,doc_915b_chunk_0004,Base64url
6894,doc_915b,doc_915b_chunk_0004,binary blob
6895,doc_915b,doc_915b_chunk_0004,use
6896,doc_915b,doc_915b_chunk_0004,default
6897,doc_915b,doc_915b_chunk_0004,Unix timestamp
6898,doc_915b,doc_915b_chunk_0004,expiration date
6899,doc_915b,doc_915b_chunk_0005,slurm.jwks
6900,doc_915b,doc_915b_chunk_0005,slurm.key
6901,doc_915b,doc_915b_chunk_0005,auth/slurm
6902,doc_915b,doc_915b_chunk_0005,cred/slurm
6903,doc_915b,doc_915b_chunk_0005,Slurm Auth and Cred Kiosk (SACK)
6904,doc_915b,doc_915b_chunk_0005,slurmctld
6905,doc_915b,doc_915b_chunk_0005,slurmdbd
6906,doc_915b,doc_915b_chunk_0005,slurmd
6907,doc_915b,doc_915b_chunk_0005,sackd
6908,doc_915b,doc_915b_chunk_0005,login nodes
6909,doc_915b,doc_915b_chunk_0005,use_client_ids
6910,doc_915b,doc_915b_chunk_0005,Slurm authentication mechanism
6911,doc_915b,doc_915b_chunk_0005,Slurm AuthAltType
6912,doc_96c0,doc_96c0_chunk_0001,Intel Knights Landing
6913,doc_96c0,doc_96c0_chunk_0001,Slurm
6914,doc_96c0,doc_96c0_chunk_0001,salloc
6915,doc_96c0,doc_96c0_chunk_0001,sbatch
6916,doc_96c0,doc_96c0_chunk_0001,srun
6917,doc_96c0,doc_96c0_chunk_0001,-C
6918,doc_96c0,doc_96c0_chunk_0001,--constraint
6919,doc_96c0,doc_96c0_chunk_0001,NUMA
6920,doc_96c0,doc_96c0_chunk_0001,MCDRAM
6921,doc_96c0,doc_96c0_chunk_0001,scontrol
6922,doc_96c0,doc_96c0_chunk_0001,sinfo
6923,doc_96c0,doc_96c0_chunk_0001,sview
6924,doc_96c0,doc_96c0_chunk_0001,scontrol commands
6925,doc_96c0,doc_96c0_chunk_0001,sinfo commands
6926,doc_96c0,doc_96c0_chunk_0001,sview commands
6927,doc_96c0,doc_96c0_chunk_0001,NUMA a2a
6928,doc_96c0,doc_96c0_chunk_0001,NUMA hemi
6929,doc_96c0,doc_96c0_chunk_0002,slurm.conf
6930,doc_96c0,doc_96c0_chunk_0002,LaunchParameters
6931,doc_96c0,doc_96c0_chunk_0002,mem_sort
6932,doc_96c0,doc_96c0_chunk_0002,srun
6933,doc_96c0,doc_96c0_chunk_0002,--mem-bind
6934,doc_96c0,doc_96c0_chunk_0002,sort
6935,doc_96c0,doc_96c0_chunk_0002,nosort
6936,doc_96c0,doc_96c0_chunk_0002,NUMA nodes
6937,doc_96c0,doc_96c0_chunk_0002,HBM
6938,doc_96c0,doc_96c0_chunk_0002,KNL processor
6939,doc_96c0,doc_96c0_chunk_0002,snc4 mode
6940,doc_96c0,doc_96c0_chunk_0002,68 cores
6941,doc_96c0,doc_96c0_chunk_0002,homogeneous nodes
6942,doc_96c0,doc_96c0_chunk_0002,reboot
6943,doc_96c0,doc_96c0_chunk_0002,resource allocation
6944,doc_96c0,doc_96c0_chunk_0002,job's time limit
6945,doc_96c0,doc_96c0_chunk_0002,sboot
6946,doc_96c0,doc_96c0_chunk_0003,Slurm
6947,doc_96c0,doc_96c0_chunk_0003,sbatch
6948,doc_96c0,doc_96c0_chunk_0003,-C
6949,doc_96c0,doc_96c0_chunk_0003,"flat,a2a"
6950,doc_96c0,doc_96c0_chunk_0003,-N2
6951,doc_96c0,doc_96c0_chunk_0003,--gres
6952,doc_96c0,doc_96c0_chunk_0003,hbm:8g
6953,doc_96c0,doc_96c0_chunk_0003,exclusive
6954,doc_96c0,doc_96c0_chunk_0003,srun
6955,doc_96c0,doc_96c0_chunk_0003,--constraint
6956,doc_96c0,doc_96c0_chunk_0003,"hemi,cache"
6957,doc_96c0,doc_96c0_chunk_0003,-n36
6958,doc_96c0,doc_96c0_chunk_0003,a.out
6959,doc_96c0,doc_96c0_chunk_0003,sinfo
6960,doc_96c0,doc_96c0_chunk_0003,%30N
6961,doc_96c0,doc_96c0_chunk_0003,%20b
6962,doc_96c0,doc_96c0_chunk_0003,%f
6963,doc_96c0,doc_96c0_chunk_0003,nid000
6964,doc_96c0,doc_96c0_chunk_0004,Slurm
6965,doc_96c0,doc_96c0_chunk_0004,Intel KNL system
6966,doc_96c0,doc_96c0_chunk_0004,node's current topology
6967,doc_96c0,doc_96c0_chunk_0004,Portable Hardware Locality (HWLOC)
6968,doc_96c0,doc_96c0_chunk_0004,node features plugin
6969,doc_96c0,doc_96c0_chunk_0004,knl.conf
6970,doc_96c0,doc_96c0_chunk_0004,knl-specific configuration
6971,doc_96c0,doc_96c0_chunk_0004,--reboot
6972,doc_96c0,doc_96c0_chunk_0004,DebugFlags
6973,doc_96c0,doc_96c0_chunk_0004,NodeFeatures
6974,doc_96c0,doc_96c0_chunk_0004,slurmd daemon
6975,doc_96c0,doc_96c0_chunk_0004,slurm.conf
6976,doc_96c0,doc_96c0_chunk_0004,Features
6977,doc_96c0,doc_96c0_chunk_0004,knl_generic plugin
6978,doc_96c0,doc_96c0_chunk_0005,slurmd
6979,doc_96c0,doc_96c0_chunk_0005,slurmctld
6980,doc_96c0,doc_96c0_chunk_0005,slurm.conf
6981,doc_96c0,doc_96c0_chunk_0005,slurm.conf NodeFeatures
6982,doc_96c0,doc_96c0_chunk_0005,SyscfgTimeout
6983,doc_96c0,doc_96c0_chunk_0005,KNL-specific
6984,doc_96c0,doc_96c0_chunk_0005,rack number
6985,doc_96c0,doc_96c0_chunk_0005,knl
6986,doc_96c0,doc_96c0_chunk_0005,Dell KNL systems
6987,doc_96c0,doc_96c0_chunk_0005,SystemType
6988,doc_96c0,doc_96c0_chunk_0005,slurm.conf SystemType
6989,doc_96c0,doc_96c0_chunk_0005,slurm.conf NodeFeatures plugin
6990,doc_96c0,doc_96c0_chunk_0005,MCDRAM
6991,doc_96c0,doc_96c0_chunk_0005,NUMA
6992,doc_96c0,doc_96c0_chunk_0006,syscfg
6993,doc_96c0,doc_96c0_chunk_0006,slurm.conf
6994,doc_96c0,doc_96c0_chunk_0006,RebootProgram
6995,doc_96c0,doc_96c0_chunk_0006,knl_generic
6996,doc_96c0,doc_96c0_chunk_0006,DefaultNUMA
6997,doc_96c0,doc_96c0_chunk_0006,AllowNUMA
6998,doc_96c0,doc_96c0_chunk_0006,DefaultMCDRAM
6999,doc_96c0,doc_96c0_chunk_0006,NodeFeaturesPlugins
7000,doc_96c0,doc_96c0_chunk_0006,GresTypes
7001,doc_96c0,doc_96c0_chunk_0006,hbm
7002,doc_96c0,doc_96c0_chunk_0006,Nodename
7003,doc_96c0,doc_96c0_chunk_0006,Sockets
7004,doc_96c0,doc_96c0_chunk_0006,CoresPerSocket
7005,doc_96c0,doc_96c0_chunk_0006,ThreadsPerCore
7006,doc_96c0,doc_96c0_chunk_0006,RealMemory
7007,doc_96c0,doc_96c0_chunk_0006,Feature
7008,doc_977e,doc_977e_chunk_0001,Slurm
7009,doc_977e,doc_977e_chunk_0001,resource reservation
7010,doc_977e,doc_977e_chunk_0001,scontrol command
7011,doc_977e,doc_977e_chunk_0001,sview command
7012,doc_977e,doc_977e_chunk_0001,cores
7013,doc_977e,doc_977e_chunk_0001,nodes
7014,doc_977e,doc_977e_chunk_0001,licenses
7015,doc_977e,doc_977e_chunk_0001,burst buffers
7016,doc_977e,doc_977e_chunk_0001,partition
7017,doc_977e,doc_977e_chunk_0001,FLEX flag
7018,doc_977e,doc_977e_chunk_0001,scontrol command (reservation creation)
7019,doc_977e,doc_977e_chunk_0001,man pages
7020,doc_977e,doc_977e_chunk_0001,system down time
7021,doc_977e,doc_977e_chunk_0001,entire computer
7022,doc_977e,doc_977e_chunk_0002,scontrol
7023,doc_977e,doc_977e_chunk_0002,create reservation
7024,doc_977e,doc_977e_chunk_0002,starttime
7025,doc_977e,doc_977e_chunk_0002,duration
7026,doc_977e,doc_977e_chunk_0002,user
7027,doc_977e,doc_977e_chunk_0002,flags
7028,doc_977e,doc_977e_chunk_0002,maint
7029,doc_977e,doc_977e_chunk_0002,ignore_jobs
7030,doc_977e,doc_977e_chunk_0002,nodes
7031,doc_977e,doc_977e_chunk_0002,ALL
7032,doc_977e,doc_977e_chunk_0002,scontrol show reservation
7033,doc_977e,doc_977e_chunk_0002,ReservationName
7034,doc_977e,doc_977e_chunk_0002,EndTime
7035,doc_977e,doc_977e_chunk_0002,Licenses
7036,doc_977e,doc_977e_chunk_0002,lustre
7037,doc_977e,doc_977e_chunk_0002,license_only
7038,doc_977e,doc_977e_chunk_0003,scontrol
7039,doc_977e,doc_977e_chunk_0003,create reservation
7040,doc_977e,doc_977e_chunk_0003,user
7041,doc_977e,doc_977e_chunk_0003,starttime
7042,doc_977e,doc_977e_chunk_0003,duration
7043,doc_977e,doc_977e_chunk_0003,flags
7044,doc_977e,doc_977e_chunk_0003,maint
7045,doc_977e,doc_977e_chunk_0003,SPEC_NODES
7046,doc_977e,doc_977e_chunk_0003,daily
7047,doc_977e,doc_977e_chunk_0003,nodecnt
7048,doc_977e,doc_977e_chunk_0003,noon
7049,doc_977e,doc_977e_chunk_0003,Reservation created
7050,doc_977e,doc_977e_chunk_0003,ReservationName
7051,doc_977e,doc_977e_chunk_0003,EndTime
7052,doc_977e,doc_977e_chunk_0003,Nodes
7053,doc_977e,doc_977e_chunk_0003,PartitionName
7054,doc_977e,doc_977e_chunk_0003,pdebug
7055,doc_977e,doc_977e_chunk_0004,scontrol
7056,doc_977e,doc_977e_chunk_0004,create reservation
7057,doc_977e,doc_977e_chunk_0004,user
7058,doc_977e,doc_977e_chunk_0004,brenda
7059,doc_977e,doc_977e_chunk_0004,alan
7060,doc_977e,doc_977e_chunk_0004,starttime
7061,doc_977e,doc_977e_chunk_0004,duration
7062,doc_977e,doc_977e_chunk_0004,flags
7063,doc_977e,doc_977e_chunk_0004,burstbuffer
7064,doc_977e,doc_977e_chunk_0004,Reservation created
7065,doc_977e,doc_977e_chunk_0004,ReservationName
7066,doc_977e,doc_977e_chunk_0004,EndTime
7067,doc_977e,doc_977e_chunk_0004,Nodes
7068,doc_977e,doc_977e_chunk_0004,NodeCnt
7069,doc_977e,doc_977e_chunk_0004,Features
7070,doc_977e,doc_977e_chunk_0004,partition
7071,doc_977e,doc_977e_chunk_0004,account
7072,doc_977e,doc_977e_chunk_0004,user=-alan
7073,doc_977e,doc_977e_chunk_0005,scontrol
7074,doc_977e,doc_977e_chunk_0005,create reservation
7075,doc_977e,doc_977e_chunk_0005,account
7076,doc_977e,doc_977e_chunk_0005,user
7077,doc_977e,doc_977e_chunk_0005,partition
7078,doc_977e,doc_977e_chunk_0005,starttime
7079,doc_977e,doc_977e_chunk_0005,duration
7080,doc_977e,doc_977e_chunk_0005,nodecnt
7081,doc_977e,doc_977e_chunk_0005,ReservationName
7082,doc_977e,doc_977e_chunk_0005,EndTime
7083,doc_977e,doc_977e_chunk_0005,Nodes
7084,doc_977e,doc_977e_chunk_0005,Feature
7085,doc_977e,doc_977e_chunk_0005,PartitionName
7086,doc_977e,doc_977e_chunk_0005,Flags
7087,doc_977e,doc_977e_chunk_0005,Users
7088,doc_977e,doc_977e_chunk_0005,Accounts
7089,doc_977e,doc_977e_chunk_0005,sbatch
7090,doc_977e,doc_977e_chunk_0005,--reservation
7091,doc_977e,doc_977e_chunk_0005,sbatch: Submitted batch job
7092,doc_977e,doc_977e_chunk_0006,reservation
7093,doc_977e,doc_977e_chunk_0006,Slurm
7094,doc_977e,doc_977e_chunk_0006,NO_HOLD_JOBS_AFTER_END
7095,doc_977e,doc_977e_chunk_0006,overlapping reservations
7096,doc_977e,doc_977e_chunk_0006,maint flag
7097,doc_977e,doc_977e_chunk_0006,maintenance reservation
7098,doc_977e,doc_977e_chunk_0006,pre-existing reservations
7099,doc_977e,doc_977e_chunk_0006,users alan and brenda
7100,doc_977e,doc_977e_chunk_0006,12:30PM
7101,doc_977e,doc_977e_chunk_0006,second exception
7102,doc_977e,doc_977e_chunk_0006,accounting system
7103,doc_977e,doc_977e_chunk_0006,sbatch
7104,doc_977e,doc_977e_chunk_0006,srun
7105,doc_977e,doc_977e_chunk_0006,squeue
7106,doc_977e,doc_977e_chunk_0007,Slurm
7107,doc_977e,doc_977e_chunk_0007,overlap flag
7108,doc_977e,doc_977e_chunk_0007,maint flag
7109,doc_977e,doc_977e_chunk_0007,reservation
7110,doc_977e,doc_977e_chunk_0007,alan
7111,doc_977e,doc_977e_chunk_0007,brenda
7112,doc_977e,doc_977e_chunk_0007,nodes
7113,doc_977e,doc_977e_chunk_0007,60 minutes
7114,doc_977e,doc_977e_chunk_0007,4 nodes
7115,doc_977e,doc_977e_chunk_0007,6 node reservation
7116,doc_977e,doc_977e_chunk_0007,DRAINING state
7117,doc_977e,doc_977e_chunk_0007,advanced reservation
7118,doc_977e,doc_977e_chunk_0007,floating start time
7119,doc_977e,doc_977e_chunk_0007,node placement
7120,doc_977e,doc_977e_chunk_0007,specific time limit
7121,doc_977e,doc_977e_chunk_0008,scontrol
7122,doc_977e,doc_977e_chunk_0008,create reservation
7123,doc_977e,doc_977e_chunk_0008,user
7124,doc_977e,doc_977e_chunk_0008,operator
7125,doc_977e,doc_977e_chunk_0008,nodes
7126,doc_977e,doc_977e_chunk_0008,tux8
7127,doc_977e,doc_977e_chunk_0008,starttime
7128,doc_977e,doc_977e_chunk_0008,now
7129,doc_977e,doc_977e_chunk_0008,duration
7130,doc_977e,doc_977e_chunk_0008,minutes
7131,doc_977e,doc_977e_chunk_0008,flags
7132,doc_977e,doc_977e_chunk_0008,time_float
7133,doc_977e,doc_977e_chunk_0008,DRAINING state
7134,doc_977e,doc_977e_chunk_0008,reservations
7135,doc_977e,doc_977e_chunk_0008,REPLACE_DOWN
7136,doc_977e,doc_977e_chunk_0008,REPLACE
7137,doc_977e,doc_977e_chunk_0008,cores
7138,doc_977e,doc_977e_chunk_0008,nodes that are allocated to jobs
7139,doc_977e,doc_977e_chunk_0009,scontrol
7140,doc_977e,doc_977e_chunk_0009,create reservation
7141,doc_977e,doc_977e_chunk_0009,starttime
7142,doc_977e,doc_977e_chunk_0009,duration
7143,doc_977e,doc_977e_chunk_0009,users
7144,doc_977e,doc_977e_chunk_0009,nodecnt
7145,doc_977e,doc_977e_chunk_0009,flags
7146,doc_977e,doc_977e_chunk_0009,Reservation
7147,doc_977e,doc_977e_chunk_0009,ReservationName
7148,doc_977e,doc_977e_chunk_0009,sbatch
7149,doc_977e,doc_977e_chunk_0009,-n
7150,doc_977e,doc_977e_chunk_0009,--reservation
7151,doc_977e,doc_977e_chunk_0009,tmp
7152,doc_977e,doc_977e_chunk_0009,Nodes
7153,doc_977e,doc_977e_chunk_0009,PartitionName
7154,doc_977e,doc_977e_chunk_0009,debug
7155,doc_977e,doc_977e_chunk_0009,FLEX
7156,doc_977e,doc_977e_chunk_0009,FLEX Reservations
7157,doc_977e,doc_977e_chunk_0010,FLEX flag
7158,doc_977e,doc_977e_chunk_0010,scontrol create reservation
7159,doc_977e,doc_977e_chunk_0010,user1
7160,doc_977e,doc_977e_chunk_0010,node01
7161,doc_977e,doc_977e_chunk_0010,starttime
7162,doc_977e,doc_977e_chunk_0010,duration
7163,doc_977e,doc_977e_chunk_0010,sbatch
7164,doc_977e,doc_977e_chunk_0010,-wnode0
7165,doc_977e,doc_977e_chunk_0010,--reservation
7166,doc_977e,doc_977e_chunk_0010,test.job
7167,doc_977e,doc_977e_chunk_0010,squeue
7168,doc_977e,doc_977e_chunk_0010,JOBID
7169,doc_977e,doc_977e_chunk_0010,PARTITION
7170,doc_977e,doc_977e_chunk_0010,NAME
7171,doc_977e,doc_977e_chunk_0010,USER
7172,doc_977e,doc_977e_chunk_0010,ST
7173,doc_977e,doc_977e_chunk_0010,TIME
7174,doc_977e,doc_977e_chunk_0010,NODES
7175,doc_977e,doc_977e_chunk_0011,reservation accounting
7176,doc_977e,doc_977e_chunk_0011,user
7177,doc_977e,doc_977e_chunk_0011,bank account
7178,doc_977e,doc_977e_chunk_0011,slurm.conf
7179,doc_977e,doc_977e_chunk_0011,ResvProlog
7180,doc_977e,doc_977e_chunk_0011,ResvEpilog
7181,doc_977e,doc_977e_chunk_0011,prolog
7182,doc_977e,doc_977e_chunk_0011,epilog
7183,doc_977e,doc_977e_chunk_0011,partition configuration
7184,doc_977e,doc_977e_chunk_0011,gang scheduling
7185,doc_977e,doc_977e_chunk_0011,initiation of jobs
7186,doc_977e,doc_977e_chunk_0011,time-slicing
7187,doc_9964,doc_9964_chunk_0001,WCKey
7188,doc_9964,doc_9964_chunk_0001,slurm.conf
7189,doc_9964,doc_9964_chunk_0001,AccountingStorageEnforce
7190,doc_9964,doc_9964_chunk_0001,sacctmgr
7191,doc_9964,doc_9964_chunk_0001,slurmdbd.conf
7192,doc_9964,doc_9964_chunk_0001,TrackWCKey
7193,doc_9964,doc_9964_chunk_0001,sbatch
7194,doc_9964,doc_9964_chunk_0001,salloc
7195,doc_9964,doc_9964_chunk_0001,srun
7196,doc_9964,doc_9964_chunk_0001,--wckey=
7197,doc_9964,doc_9964_chunk_0001,[SBATCH|SALLOC|SLURM]_WCKEY
7198,doc_9964,doc_9964_chunk_0001,users default WCKey
7199,doc_9964,doc_9964_chunk_0001,sacct --format
7200,doc_9964,doc_9964_chunk_0001,sacct --wckeys=
7201,doc_9964,doc_9964_chunk_0002,Slurm
7202,doc_9964,doc_9964_chunk_0002,sacctmgr
7203,doc_9964,doc_9964_chunk_0002,--wckeys
7204,doc_9964,doc_9964_chunk_0002,WCKeys
7205,doc_9964,doc_9964_chunk_0002,sacct
7206,doc_9964,doc_9964_chunk_0002,add user
7207,doc_9964,doc_9964_chunk_0002,del user
7208,doc_9964,doc_9964_chunk_0002,mod user
7209,doc_9964,doc_9964_chunk_0002,defaultwckey
7210,doc_9964,doc_9964_chunk_0002,secret_project
7211,doc_9964,doc_9964_chunk_0002,snowflake
7212,doc_9964,doc_9964_chunk_0002,sreport
7213,doc_9964,doc_9964_chunk_0002,sreport manpage
7214,doc_9ca6,doc_9ca6_chunk_0001,Slurm
7215,doc_9ca6,doc_9ca6_chunk_0001,Hierarchical Resources
7216,doc_9ca6,doc_9ca6_chunk_0001,HRES
7217,doc_9ca6,doc_9ca6_chunk_0001,Slurm 25.05
7218,doc_9ca6,doc_9ca6_chunk_0001,Beta state
7219,doc_9ca6,doc_9ca6_chunk_0001,configuration file format
7220,doc_9ca6,doc_9ca6_chunk_0001,resources.yaml
7221,doc_9ca6,doc_9ca6_chunk_0001,license-like resources
7222,doc_9ca6,doc_9ca6_chunk_0001,independent hierarchical topologies
7223,doc_9ca6,doc_9ca6_chunk_0001,specific nodes
7224,doc_9ca6,doc_9ca6_chunk_0001,integer count
7225,doc_9ca6,doc_9ca6_chunk_0001,Mode 1
7226,doc_9ca6,doc_9ca6_chunk_0001,sufficient resources
7227,doc_9ca6,doc_9ca6_chunk_0001,one layer
7228,doc_9ca6,doc_9ca6_chunk_0001,multiple levels
7229,doc_9ca6,doc_9ca6_chunk_0001,Job allocation
7230,doc_9ca6,doc_9ca6_chunk_0002,layer
7231,doc_9ca6,doc_9ca6_chunk_0002,infinite count
7232,doc_9ca6,doc_9ca6_chunk_0002,resource
7233,doc_9ca6,doc_9ca6_chunk_0002,resources.yaml
7234,doc_9ca6,doc_9ca6_chunk_0002,job allocation
7235,doc_9ca6,doc_9ca6_chunk_0002,Mode 2
7236,doc_9ca6,doc_9ca6_chunk_0002,scheduling stalls
7237,doc_9ca6,doc_9ca6_chunk_0002,zero count
7238,doc_9ca6,doc_9ca6_chunk_0002,layer definition
7239,doc_9ca6,doc_9ca6_chunk_0002,flat resource
7240,doc_9ca6,doc_9ca6_chunk_0002,node[01-04]
7241,doc_9ca6,doc_9ca6_chunk_0002,node[01-08]
7242,doc_9ca6,doc_9ca6_chunk_0002,node[01-16]
7243,doc_9ca6,doc_9ca6_chunk_0002,node[01-32]
7244,doc_9ca6,doc_9ca6_chunk_0002,allocation constraints
7245,doc_9ca6,doc_9ca6_chunk_0003,highest level
7246,doc_9ca6,doc_9ca6_chunk_0003,allocated
7247,doc_9ca6,doc_9ca6_chunk_0003,flexibility
7248,doc_9ca6,doc_9ca6_chunk_0003,resources
7249,doc_9ca6,doc_9ca6_chunk_0003,lower levels
7250,doc_9fd4,doc_9fd4_chunk_0001,Slurm
7251,doc_9fd4,doc_9fd4_chunk_0001,job record
7252,doc_9fd4,doc_9fd4_chunk_0001,sbatch jobs
7253,doc_9fd4,doc_9fd4_chunk_0001,salloc jobs
7254,doc_9fd4,doc_9fd4_chunk_0001,srun
7255,doc_9fd4,doc_9fd4_chunk_0001,Job State
7256,doc_9fd4,doc_9fd4_chunk_0001,FAILED
7257,doc_9fd4,doc_9fd4_chunk_0001,Reason
7258,doc_9fd4,doc_9fd4_chunk_0001,NonZeroExitCode
7259,doc_9fd4,doc_9fd4_chunk_0001,exit code
7260,doc_9fd4,doc_9fd4_chunk_0001,8 bit unsigned number
7261,doc_9fd4,doc_9fd4_chunk_0001,0-255 range
7262,doc_9fd4,doc_9fd4_chunk_0001,negative exit code
7263,doc_9fd4,doc_9fd4_chunk_0001,Job Step Exit Codes
7264,doc_9fd4,doc_9fd4_chunk_0001,scontrol show job
7265,doc_9fd4,doc_9fd4_chunk_0001,sview utility
7266,doc_9fd4,doc_9fd4_chunk_0001,scontrol show step
7267,doc_9fd4,doc_9fd4_chunk_0002,Slurm
7268,doc_9fd4,doc_9fd4_chunk_0002,Slurm control daemon
7269,doc_9fd4,doc_9fd4_chunk_0002,Slurm database
7270,doc_9fd4,doc_9fd4_chunk_0002,sacct
7271,doc_9fd4,doc_9fd4_chunk_0002,scontrol
7272,doc_9fd4,doc_9fd4_chunk_0002,sview
7273,doc_9fd4,doc_9fd4_chunk_0002,ExitCode
7274,doc_9fd4,doc_9fd4_chunk_0002,signal number
7275,doc_9fd4,doc_9fd4_chunk_0002,accounting_storage plugin
7276,doc_9fd4,doc_9fd4_chunk_0002,derived Exit Code
7277,doc_9fd4,doc_9fd4_chunk_0002,job's output files
7278,doc_9fd4,doc_9fd4_chunk_0002,srun invocations
7279,doc_9fd4,doc_9fd4_chunk_0002,AccountingStoreFlags
7280,doc_9fd4,doc_9fd4_chunk_0002,slurm.conf
7281,doc_9fd4,doc_9fd4_chunk_0003,sjobexitmod
7282,doc_9fd4,doc_9fd4_chunk_0003,Slurm db
7283,doc_9fd4,doc_9fd4_chunk_0003,exit code
7284,doc_9fd4,doc_9fd4_chunk_0003,comment string
7285,doc_9fd4,doc_9fd4_chunk_0003,sjobexitmod wrapper
7286,doc_9fd4,doc_9fd4_chunk_0003,sacct command
7287,doc_9fd4,doc_9fd4_chunk_0003,sacct -X
7288,doc_9fd4,doc_9fd4_chunk_0003,JobID
7289,doc_9fd4,doc_9fd4_chunk_0003,NNodes
7290,doc_9fd4,doc_9fd4_chunk_0003,State
7291,doc_9fd4,doc_9fd4_chunk_0003,ExitCode
7292,doc_9fd4,doc_9fd4_chunk_0003,DerivedExitCode
7293,doc_9fd4,doc_9fd4_chunk_0003,Comment
7294,doc_ac8b,doc_ac8b_chunk_0001,Slurm
7295,doc_ac8b,doc_ac8b_chunk_0001,PriorityType
7296,doc_ac8b,doc_ac8b_chunk_0001,slurm.conf
7297,doc_ac8b,doc_ac8b_chunk_0001,Multifactor Priority plugin
7298,doc_ac8b,doc_ac8b_chunk_0001,FIFO scheduling
7299,doc_ac8b,doc_ac8b_chunk_0001,PriorityTier
7300,doc_ac8b,doc_ac8b_chunk_0001,Job priority
7301,doc_ac8b,doc_ac8b_chunk_0001,Job submit time
7302,doc_ac8b,doc_ac8b_chunk_0001,Job ID
7303,doc_ac8b,doc_ac8b_chunk_0001,Age
7304,doc_ac8b,doc_ac8b_chunk_0001,Association
7305,doc_ac8b,doc_ac8b_chunk_0001,Fair-share
7306,doc_ac8b,doc_ac8b_chunk_0001,Job size
7307,doc_ac8b,doc_ac8b_chunk_0001,Nice
7308,doc_ac8b,doc_ac8b_chunk_0001,Partition
7309,doc_ac8b,doc_ac8b_chunk_0001,QOS
7310,doc_ac8b,doc_ac8b_chunk_0001,Site
7311,doc_ac8b,doc_ac8b_chunk_0001,TRES
7312,doc_ac8b,doc_ac8b_chunk_0002,Job_priority
7313,doc_ac8b,doc_ac8b_chunk_0002,site_factor
7314,doc_ac8b,doc_ac8b_chunk_0002,PriorityWeightAge
7315,doc_ac8b,doc_ac8b_chunk_0002,age_factor
7316,doc_ac8b,doc_ac8b_chunk_0002,PriorityWeightAssoc
7317,doc_ac8b,doc_ac8b_chunk_0002,assoc_factor
7318,doc_ac8b,doc_ac8b_chunk_0002,PriorityWeightFairshare
7319,doc_ac8b,doc_ac8b_chunk_0002,PriorityWeightJobSize
7320,doc_ac8b,doc_ac8b_chunk_0002,job_size_factor
7321,doc_ac8b,doc_ac8b_chunk_0002,PriorityWeightPartition
7322,doc_ac8b,doc_ac8b_chunk_0002,priority_job_factor
7323,doc_ac8b,doc_ac8b_chunk_0002,PriorityWeightQOS
7324,doc_ac8b,doc_ac8b_chunk_0002,QOS_factor
7325,doc_ac8b,doc_ac8b_chunk_0002,TRES_weight_cpu
7326,doc_ac8b,doc_ac8b_chunk_0003,PriorityWeight
7327,doc_ac8b,doc_ac8b_chunk_0003,PartitionA
7328,doc_ac8b,doc_ac8b_chunk_0003,PartitionB
7329,doc_ac8b,doc_ac8b_chunk_0003,PriorityJobFactor
7330,doc_ac8b,doc_ac8b_chunk_0003,PriorityFlags
7331,doc_ac8b,doc_ac8b_chunk_0003,NO_NORMAL_PART
7332,doc_ac8b,doc_ac8b_chunk_0003,PriorityWeightPartition
7333,doc_ac8b,doc_ac8b_chunk_0003,fair-share factor
7334,doc_ac8b,doc_ac8b_chunk_0003,fair-share priority
7335,doc_ac8b,doc_ac8b_chunk_0003,weights
7336,doc_ac8b,doc_ac8b_chunk_0003,Slurm Accounting Database
7337,doc_ac8b,doc_ac8b_chunk_0003,age factor
7338,doc_ac8b,doc_ac8b_chunk_0003,queue length
7339,doc_ac8b,doc_ac8b_chunk_0003,dependent job
7340,doc_ac8b,doc_ac8b_chunk_0003,PriorityMaxAge
7341,doc_ac8b,doc_ac8b_chunk_0004,PriorityFavorSmall
7342,doc_ac8b,doc_ac8b_chunk_0004,slurm.conf
7343,doc_ac8b,doc_ac8b_chunk_0004,Job Size Factor
7344,doc_ac8b,doc_ac8b_chunk_0004,PriorityFlags
7345,doc_ac8b,doc_ac8b_chunk_0004,SMALL_RELATIVE_TO_TIME
7346,doc_ac8b,doc_ac8b_chunk_0004,Nice Factor
7347,doc_ac8b,doc_ac8b_chunk_0004,partition factor
7348,doc_ac8b,doc_ac8b_chunk_0004,node partition
7349,doc_ac8b,doc_ac8b_chunk_0004,QOS Factor
7350,doc_ac8b,doc_ac8b_chunk_0004,Quality of Service (QOS)
7351,doc_ac8b,doc_ac8b_chunk_0005,Slurm
7352,doc_ac8b,doc_ac8b_chunk_0005,scontrol
7353,doc_ac8b,doc_ac8b_chunk_0005,job_submit
7354,doc_ac8b,doc_ac8b_chunk_0005,site_factor
7355,doc_ac8b,doc_ac8b_chunk_0005,TRES Factors
7356,doc_ac8b,doc_ac8b_chunk_0005,TRES Type
7357,doc_ac8b,doc_ac8b_chunk_0005,Licenses
7358,doc_ac8b,doc_ac8b_chunk_0005,Burst Buffers
7359,doc_ac8b,doc_ac8b_chunk_0005,Slurm Accounting Database
7360,doc_ac8b,doc_ac8b_chunk_0005,fair-share factor
7361,doc_ac8b,doc_ac8b_chunk_0005,allocated shares
7362,doc_ac8b,doc_ac8b_chunk_0005,consumed resources
7363,doc_ac8b,doc_ac8b_chunk_0005,Slurm's fair-share factor
7364,doc_ac8b,doc_ac8b_chunk_0005,floating point number
7365,doc_ac8b,doc_ac8b_chunk_0005,allocated_cpus
7366,doc_ac8b,doc_ac8b_chunk_0006,TRESBillingWeights
7367,doc_ac8b,doc_ac8b_chunk_0006,Trackable Resources
7368,doc_ac8b,doc_ac8b_chunk_0006,CPUs
7369,doc_ac8b,doc_ac8b_chunk_0006,nodes
7370,doc_ac8b,doc_ac8b_chunk_0006,memory
7371,doc_ac8b,doc_ac8b_chunk_0006,licenses
7372,doc_ac8b,doc_ac8b_chunk_0006,generic resources
7373,doc_ac8b,doc_ac8b_chunk_0006,GRES
7374,doc_ac8b,doc_ac8b_chunk_0006,job billing
7375,doc_ac8b,doc_ac8b_chunk_0006,billing weights
7376,doc_ac8b,doc_ac8b_chunk_0006,TRES
7377,doc_ac8b,doc_ac8b_chunk_0006,Job1
7378,doc_ac8b,doc_ac8b_chunk_0006,Job2
7379,doc_ac8b,doc_ac8b_chunk_0006,Job3
7380,doc_ac8b,doc_ac8b_chunk_0006,partition
7381,doc_ac8b,doc_ac8b_chunk_0006,sum
7382,doc_ac8b,doc_ac8b_chunk_0006,MAX
7383,doc_ac8b,doc_ac8b_chunk_0006,individual TRES
7384,doc_ac8b,doc_ac8b_chunk_0006,global TRES
7385,doc_ac8b,doc_ac8b_chunk_0007,Slurm
7386,doc_ac8b,doc_ac8b_chunk_0007,slurm.conf
7387,doc_ac8b,doc_ac8b_chunk_0007,MAX_TRES
7388,doc_ac8b,doc_ac8b_chunk_0007,MAX_TRES_GRES
7389,doc_ac8b,doc_ac8b_chunk_0007,Fair Tree
7390,doc_ac8b,doc_ac8b_chunk_0007,Classic Fairshare
7391,doc_ac8b,doc_ac8b_chunk_0007,PriorityFlags
7392,doc_ac8b,doc_ac8b_chunk_0007,NO_FAIR_TREE
7393,doc_ac8b,doc_ac8b_chunk_0007,sprio
7394,doc_ac8b,doc_ac8b_chunk_0007,squeue
7395,doc_ac8b,doc_ac8b_chunk_0007,PriorityWeightAge
7396,doc_ac8b,doc_ac8b_chunk_0007,PriorityWeightFairshare
7397,doc_ac8b,doc_ac8b_chunk_0007,Multifactor Job Priority Plugin
7398,doc_ac8b,doc_ac8b_chunk_0007,slurm.conf(5)
7399,doc_ac8b,doc_ac8b_chunk_0008,PriorityType
7400,doc_ac8b,doc_ac8b_chunk_0008,priority/multifactor
7401,doc_ac8b,doc_ac8b_chunk_0008,PriorityDecayHalfLife
7402,doc_ac8b,doc_ac8b_chunk_0008,historical usage
7403,doc_ac8b,doc_ac8b_chunk_0008,composite usage value
7404,doc_ac8b,doc_ac8b_chunk_0008,PriorityUsageResetPeriod
7405,doc_ac8b,doc_ac8b_chunk_0008,time string
7406,doc_ac8b,doc_ac8b_chunk_0008,PriorityCalcPeriod
7407,doc_ac8b,doc_ac8b_chunk_0008,minutes
7408,doc_ac8b,doc_ac8b_chunk_0008,historic usage reset
7409,doc_ac8b,doc_ac8b_chunk_0008,hard limits
7410,doc_ac8b,doc_ac8b_chunk_0008,association
7411,doc_ac8b,doc_ac8b_chunk_0008,PriorityType=priority/multifactor
7412,doc_ac8b,doc_ac8b_chunk_0008,NONE
7413,doc_ac8b,doc_ac8b_chunk_0008,NOW
7414,doc_ac8b,doc_ac8b_chunk_0008,DAILY
7415,doc_ac8b,doc_ac8b_chunk_0009,Cleared
7416,doc_ac8b,doc_ac8b_chunk_0009,midnight
7417,doc_ac8b,doc_ac8b_chunk_0009,Sunday
7418,doc_ac8b,doc_ac8b_chunk_0009,00:00
7419,doc_ac8b,doc_ac8b_chunk_0009,first day
7420,doc_ac8b,doc_ac8b_chunk_0009,month
7421,doc_ac8b,doc_ac8b_chunk_0009,QUARTERLY
7422,doc_ac8b,doc_ac8b_chunk_0009,first day of each quarter
7423,doc_ac8b,doc_ac8b_chunk_0009,first day of each year
7424,doc_ac8b,doc_ac8b_chunk_0009,PriorityFavorSmall
7425,doc_ac8b,doc_ac8b_chunk_0009,boolean
7426,doc_ac8b,doc_ac8b_chunk_0009,job size factor
7427,doc_ac8b,doc_ac8b_chunk_0009,default setting
7428,doc_ac8b,doc_ac8b_chunk_0009,NO
7429,doc_ac8b,doc_ac8b_chunk_0009,YES
7430,doc_ac8b,doc_ac8b_chunk_0009,PriorityMaxAge
7431,doc_ac8b,doc_ac8b_chunk_0010,PriorityWeightAge
7432,doc_ac8b,doc_ac8b_chunk_0010,PriorityWeightAssoc
7433,doc_ac8b,doc_ac8b_chunk_0010,PriorityWeightFairshare
7434,doc_ac8b,doc_ac8b_chunk_0010,PriorityWeightJobSize
7435,doc_ac8b,doc_ac8b_chunk_0010,PriorityWeightPartition
7436,doc_ac8b,doc_ac8b_chunk_0010,PriorityWeightQOS
7437,doc_ac8b,doc_ac8b_chunk_0010,PriorityWeightTRES
7438,doc_ac8b,doc_ac8b_chunk_0010,PriorityFlags
7439,doc_ac8b,doc_ac8b_chunk_0010,ACCRUE_ALWAYS
7440,doc_ac8b,doc_ac8b_chunk_0010,CALCULATE_RUNNING
7441,doc_ac8b,doc_ac8b_chunk_0010,DEPTH_OBLIVIOUS
7442,doc_ac8b,doc_ac8b_chunk_0010,NO_FAIR_TREE
7443,doc_ac8b,doc_ac8b_chunk_0011,DEPTH_OBLIVIOUS
7444,doc_ac8b,doc_ac8b_chunk_0011,NO_FAIR_TREE
7445,doc_ac8b,doc_ac8b_chunk_0011,INCR_ONLY
7446,doc_ac8b,doc_ac8b_chunk_0011,MAX_TRES
7447,doc_ac8b,doc_ac8b_chunk_0011,NO_NORMAL_ALL
7448,doc_ac8b,doc_ac8b_chunk_0011,NO_NORMAL_ASSOC
7449,doc_ac8b,doc_ac8b_chunk_0011,NO_NORMAL_PART
7450,doc_ac8b,doc_ac8b_chunk_0011,NO_NORMAL_QOS
7451,doc_ac8b,doc_ac8b_chunk_0011,NO_NORMAL_TRES
7452,doc_ac8b,doc_ac8b_chunk_0011,SMALL_RELATIVE_TO_TIME
7453,doc_ac8b,doc_ac8b_chunk_0011,PriorityWeight
7454,doc_ac8b,doc_ac8b_chunk_0011,TRESBillingWeights
7455,doc_ac8b,doc_ac8b_chunk_0012,PriorityType
7456,doc_ac8b,doc_ac8b_chunk_0012,priority/multifactor
7457,doc_ac8b,doc_ac8b_chunk_0012,PriorityDecayHalfLife
7458,doc_ac8b,doc_ac8b_chunk_0012,14-0
7459,doc_ac8b,doc_ac8b_chunk_0012,PriorityFavorSmall
7460,doc_ac8b,doc_ac8b_chunk_0012,NO
7461,doc_ac8b,doc_ac8b_chunk_0012,PriorityMaxAge
7462,doc_ac8b,doc_ac8b_chunk_0012,PriorityWeightAge
7463,doc_ac8b,doc_ac8b_chunk_0012,PriorityWeightFairshare
7464,doc_ac8b,doc_ac8b_chunk_0012,PriorityWeightJobSize
7465,doc_ac8b,doc_ac8b_chunk_0012,PriorityWeightPartition
7466,doc_ac8b,doc_ac8b_chunk_0013,PriorityType
7467,doc_ac8b,doc_ac8b_chunk_0013,priority/multifactor
7468,doc_ac8b,doc_ac8b_chunk_0013,PriorityDecayHalfLife
7469,doc_ac8b,doc_ac8b_chunk_0013,PriorityUsageResetPeriod
7470,doc_ac8b,doc_ac8b_chunk_0013,MONTHLY
7471,doc_ac8b,doc_ac8b_chunk_0013,PriorityFavorSmall
7472,doc_ac8b,doc_ac8b_chunk_0013,NO
7473,doc_ac8b,doc_ac8b_chunk_0013,PriorityMaxAge
7474,doc_ac8b,doc_ac8b_chunk_0013,PriorityWeightAge
7475,doc_ac8b,doc_ac8b_chunk_0013,PriorityWeightFairshare
7476,doc_ac8b,doc_ac8b_chunk_0013,PriorityWeightJobSize
7477,doc_ac8b,doc_ac8b_chunk_0013,PriorityWeightPartition
7478,doc_ac8b,doc_ac8b_chunk_0013,PriorityWeightQOS
7479,doc_b00c,doc_b00c_chunk_0001,Slurm
7480,doc_b00c,doc_b00c_chunk_0001,topology-aware resource allocation
7481,doc_b00c,doc_b00c_chunk_0001,three-dimensional torus interconnect
7482,doc_b00c,doc_b00c_chunk_0001,hierarchical interconnect
7483,doc_b00c,doc_b00c_chunk_0001,fat-tree
7484,doc_b00c,doc_b00c_chunk_0001,dragonfly networks
7485,doc_b00c,doc_b00c_chunk_0001,native mode of resource selection
7486,doc_b00c,doc_b00c_chunk_0001,best-fit basis
7487,doc_b00c,doc_b00c_chunk_0001,Hilbert curve
7488,doc_b00c,doc_b00c_chunk_0001,Cray XT
7489,doc_b00c,doc_b00c_chunk_0001,Cray XE
7490,doc_b00c,doc_b00c_chunk_0001,network contention
7491,doc_b00c,doc_b00c_chunk_0001,configuration generators
7492,doc_b00c,doc_b00c_chunk_0001,Block Topology
7493,doc_b00c,doc_b00c_chunk_0002,Slurm
7494,doc_b00c,doc_b00c_chunk_0002,TopologyPlugin
7495,doc_b00c,doc_b00c_chunk_0002,topology/tree
7496,doc_b00c,doc_b00c_chunk_0002,best-fit algorithm
7497,doc_b00c,doc_b00c_chunk_0002,salloc
7498,doc_b00c,doc_b00c_chunk_0002,sbatch
7499,doc_b00c,doc_b00c_chunk_0002,srun
7500,doc_b00c,doc_b00c_chunk_0002,--switches
7501,doc_b00c,doc_b00c_chunk_0002,switch hierarchy
7502,doc_b00c,doc_b00c_chunk_0002,network contention
7503,doc_b00c,doc_b00c_chunk_0002,SwitchName
7504,doc_b00c,doc_b00c_chunk_0002,Nodes
7505,doc_b00c,doc_b00c_chunk_0002,Switches
7506,doc_b00c,doc_b00c_chunk_0002,hostlist expression parser
7507,doc_b00c,doc_b00c_chunk_0002,LinkSpeed
7508,doc_b00c,doc_b00c_chunk_0002,topology.conf
7509,doc_b00c,doc_b00c_chunk_0002,network topology information
7510,doc_b00c,doc_b00c_chunk_0003,Slurm
7511,doc_b00c,doc_b00c_chunk_0003,slurmctld daemon
7512,doc_b00c,doc_b00c_chunk_0003,topology.conf file
7513,doc_b00c,doc_b00c_chunk_0003,SwitchName
7514,doc_b00c,doc_b00c_chunk_0003,Nodes
7515,doc_b00c,doc_b00c_chunk_0003,tux
7516,doc_b00c,doc_b00c_chunk_0003,LinkSpeed
7517,doc_b00c,doc_b00c_chunk_0003,TopologyParam
7518,doc_b00c,doc_b00c_chunk_0003,TopoOptional option
7519,doc_b00c,doc_b00c_chunk_0003,job spanning
7520,doc_b00c,doc_b00c_chunk_0003,leaf switches
7521,doc_b00c,doc_b00c_chunk_0003,separate networks
7522,doc_b00c,doc_b00c_chunk_0003,disjoint partitions
7523,doc_b00c,doc_b00c_chunk_0003,dragonfly network
7524,doc_b00c,doc_b00c_chunk_0003,TopologyPlugin
7525,doc_b00c,doc_b00c_chunk_0003,topology/tree
7526,doc_b00c,doc_b00c_chunk_0004,Slurm
7527,doc_b00c,doc_b00c_chunk_0004,TopologyPlugin
7528,doc_b00c,doc_b00c_chunk_0004,topology/tree
7529,doc_b00c,doc_b00c_chunk_0004,dragonfly
7530,doc_b00c,doc_b00c_chunk_0004,slurmibtopology
7531,doc_b00c,doc_b00c_chunk_0004,Infiniband switch
7532,doc_b00c,doc_b00c_chunk_0004,Openshift
7533,doc_b00c,doc_b00c_chunk_0004,Omni-Path (OPA) switch
7534,doc_b00c,doc_b00c_chunk_0004,opa2slurm
7535,doc_b00c,doc_b00c_chunk_0004,AWS Elastic Fabric Adapter (EFA)
7536,doc_b00c,doc_b00c_chunk_0004,ec2-topology
7537,doc_b00c,doc_b00c_chunk_0004,Block Topology
7538,doc_b00c,doc_b00c_chunk_0004,topology/block
7539,doc_b00c,doc_b00c_chunk_0005,BlockSizes
7540,doc_b00c,doc_b00c_chunk_0005,llblocks
7541,doc_b00c,doc_b00c_chunk_0005,best-fit algorithm
7542,doc_b00c,doc_b00c_chunk_0005,underlying base blocks
7543,doc_b00c,doc_b00c_chunk_0005,scheduler
7544,doc_b00c,doc_b00c_chunk_0005,-N/--nodes
7545,doc_b00c,doc_b00c_chunk_0005,-w/--nodelist
7546,doc_b00c,doc_b00c_chunk_0005,-x/--exclude
7547,doc_b00c,doc_b00c_chunk_0005,contiguous blocks
7548,doc_b00c,doc_b00c_chunk_0005,adjacent blocks
7549,doc_b00c,doc_b00c_chunk_0005,topology/tree plugin
7550,doc_b00c,doc_b00c_chunk_0005,--switches=count[@time]
7551,doc_b00c,doc_b00c_chunk_0005,max_switch_wait
7552,doc_b00c,doc_b00c_chunk_0005,SchedulerParameters
7553,doc_b00c,doc_b00c_chunk_0005,block{blockX}
7554,doc_b00c,doc_b00c_chunk_0006,block
7555,doc_b00c,doc_b00c_chunk_0006,blockX
7556,doc_b00c,doc_b00c_chunk_0006,switch
7557,doc_b00c,doc_b00c_chunk_0006,switchY
7558,doc_b00c,doc_b00c_chunk_0006,blockwith
7559,doc_b00c,doc_b00c_chunk_0006,nodeX
7560,doc_b00c,doc_b00c_chunk_0006,switchwith
7561,doc_b00c,doc_b00c_chunk_0006,nodeY
7562,doc_b00c,doc_b00c_chunk_0006,scontrol
7563,doc_b00c,doc_b00c_chunk_0006,update
7564,doc_b00c,doc_b00c_chunk_0006,node
7565,doc_b00c,doc_b00c_chunk_0006,state
7566,doc_b00c,doc_b00c_chunk_0006,sbatch
7567,doc_b00c,doc_b00c_chunk_0006,--nodelist
7568,doc_b00c,doc_b00c_chunk_0006,PartitionName
7569,doc_b00c,doc_b00c_chunk_0006,Block10
7570,doc_b00c,doc_b00c_chunk_0006,Nodes
7571,doc_b00c,doc_b00c_chunk_0006,hostlist
7572,doc_b00c,doc_b00c_chunk_0006,feature
7573,doc_b00c,doc_b00c_chunk_0006,myfeature
7574,doc_b00c,doc_b00c_chunk_0007,Slurm 25.05
7575,doc_b00c,doc_b00c_chunk_0007,topology.yaml
7576,doc_b00c,doc_b00c_chunk_0007,partition configuration
7577,doc_b00c,doc_b00c_chunk_0007,Topology
7578,doc_b00c,doc_b00c_chunk_0007,cluster_default topology
7579,doc_b00c,doc_b00c_chunk_0007,resource allocation
7580,doc_b00c,doc_b00c_chunk_0007,job submission
7581,doc_b00c,doc_b00c_chunk_0007,network topologies
7582,doc_b2f9,doc_b2f9_chunk_0001,Slurm
7583,doc_b2f9,doc_b2f9_chunk_0001,GresTypes
7584,doc_b2f9,doc_b2f9_chunk_0001,Gres
7585,doc_b2f9,doc_b2f9_chunk_0001,gpu
7586,doc_b2f9,doc_b2f9_chunk_0001,mps
7587,doc_b2f9,doc_b2f9_chunk_0001,bandwidth
7588,doc_b2f9,doc_b2f9_chunk_0001,slurm.conf
7589,doc_b2f9,doc_b2f9_chunk_0001,NodeName
7590,doc_b2f9,doc_b2f9_chunk_0001,tux
7591,doc_b2f9,doc_b2f9_chunk_0001,tesla
7592,doc_b2f9,doc_b2f9_chunk_0001,kepler
7593,doc_b2f9,doc_b2f9_chunk_0001,no_consume
7594,doc_b2f9,doc_b2f9_chunk_0001,lustre
7595,doc_b2f9,doc_b2f9_chunk_0001,gres.conf
7596,doc_b2f9,doc_b2f9_chunk_0001,filesystem type
7597,doc_b2f9,doc_b2f9_chunk_0001,job scheduling
7598,doc_b2f9,doc_b2f9_chunk_0001,DRAIN state
7599,doc_b2f9,doc_b2f9_chunk_0002,gres.conf
7600,doc_b2f9,doc_b2f9_chunk_0002,salloc
7601,doc_b2f9,doc_b2f9_chunk_0002,sbatch
7602,doc_b2f9,doc_b2f9_chunk_0002,srun
7603,doc_b2f9,doc_b2f9_chunk_0002,--gres
7604,doc_b2f9,doc_b2f9_chunk_0002,generic resources
7605,doc_b2f9,doc_b2f9_chunk_0002,--gpus
7606,doc_b2f9,doc_b2f9_chunk_0002,--gpus-per-node
7607,doc_b2f9,doc_b2f9_chunk_0002,--gpus-per-socket
7608,doc_b2f9,doc_b2f9_chunk_0002,--gpus-per-task
7609,doc_b2f9,doc_b2f9_chunk_0002,kepler
7610,doc_b2f9,doc_b2f9_chunk_0002,type
7611,doc_b2f9,doc_b2f9_chunk_0002,count
7612,doc_b2f9,doc_b2f9_chunk_0002,select/cons_tres plugin
7613,doc_b2f9,doc_b2f9_chunk_0002,job submission commands
7614,doc_b2f9,doc_b2f9_chunk_0002,typed vs non-typed generic resources
7615,doc_b2f9,doc_b2f9_chunk_0003,Slurm
7616,doc_b2f9,doc_b2f9_chunk_0003,select/cons_tres plugin
7617,doc_b2f9,doc_b2f9_chunk_0003,--gpu*
7618,doc_b2f9,doc_b2f9_chunk_0003,--cpus-per-GPU
7619,doc_b2f9,doc_b2f9_chunk_0003,--gpu-bind
7620,doc_b2f9,doc_b2f9_chunk_0003,--gpu-freq
7621,doc_b2f9,doc_b2f9_chunk_0003,--mem-per-GPU
7622,doc_b2f9,doc_b2f9_chunk_0003,job steps
7623,doc_b2f9,doc_b2f9_chunk_0003,srun command
7624,doc_b2f9,doc_b2f9_chunk_0003,--gres
7625,doc_b2f9,doc_b2f9_chunk_0003,job suspension
7626,doc_b2f9,doc_b2f9_chunk_0003,generic resources
7627,doc_b2f9,doc_b2f9_chunk_0004,SLURM
7628,doc_b2f9,doc_b2f9_chunk_0004,sbatch
7629,doc_b2f9,doc_b2f9_chunk_0004,--gres
7630,doc_b2f9,doc_b2f9_chunk_0004,gpu
7631,doc_b2f9,doc_b2f9_chunk_0004,srun
7632,doc_b2f9,doc_b2f9_chunk_0004,--exclusive
7633,doc_b2f9,doc_b2f9_chunk_0004,show_device.sh
7634,doc_b2f9,doc_b2f9_chunk_0004,wait
7635,doc_b2f9,doc_b2f9_chunk_0004,AutoDetect
7636,doc_b2f9,doc_b2f9_chunk_0004,gres.conf
7637,doc_b2f9,doc_b2f9_chunk_0004,slurm.conf
7638,doc_b2f9,doc_b2f9_chunk_0004,slurmctld
7639,doc_b2f9,doc_b2f9_chunk_0004,NVIDIA GPUs
7640,doc_b2f9,doc_b2f9_chunk_0004,AutoDetect=nvml
7641,doc_b2f9,doc_b2f9_chunk_0004,AutoDetect=nvidia
7642,doc_b2f9,doc_b2f9_chunk_0004,AutoDetect=rsmi
7643,doc_b2f9,doc_b2f9_chunk_0005,AutoDetect
7644,doc_b2f9,doc_b2f9_chunk_0005,nvml
7645,doc_b2f9,doc_b2f9_chunk_0005,gres.conf
7646,doc_b2f9,doc_b2f9_chunk_0005,Name
7647,doc_b2f9,doc_b2f9_chunk_0005,Type
7648,doc_b2f9,doc_b2f9_chunk_0005,File
7649,doc_b2f9,doc_b2f9_chunk_0005,Cores
7650,doc_b2f9,doc_b2f9_chunk_0005,slurmd
7651,doc_b2f9,doc_b2f9_chunk_0005,slurmd -C
7652,doc_b2f9,doc_b2f9_chunk_0005,NodeName
7653,doc_b2f9,doc_b2f9_chunk_0005,gpu:geforce_rtx_2060
7654,doc_b2f9,doc_b2f9_chunk_0005,slurmd -G
7655,doc_b2f9,doc_b2f9_chunk_0005,AccountingStorageTRES
7656,doc_b2f9,doc_b2f9_chunk_0005,gres/gpu
7657,doc_b2f9,doc_b2f9_chunk_0005,gres/gpumem
7658,doc_b2f9,doc_b2f9_chunk_0006,gres/gpumem
7659,doc_b2f9,doc_b2f9_chunk_0006,gres/gpuutil
7660,doc_b2f9,doc_b2f9_chunk_0006,AutoDetect
7661,doc_b2f9,doc_b2f9_chunk_0006,NVIDIA GPUs
7662,doc_b2f9,doc_b2f9_chunk_0006,AMD GPUs
7663,doc_b2f9,doc_b2f9_chunk_0006,nvidia-smi
7664,doc_b2f9,doc_b2f9_chunk_0006,slurm.conf
7665,doc_b2f9,doc_b2f9_chunk_0006,gres.conf
7666,doc_b2f9,doc_b2f9_chunk_0006,AccountingStorageTres
7667,doc_b2f9,doc_b2f9_chunk_0006,NodeName
7668,doc_b2f9,doc_b2f9_chunk_0006,Gres
7669,doc_b2f9,doc_b2f9_chunk_0006,gpu:a100:2
7670,doc_b2f9,doc_b2f9_chunk_0006,--tres-per-task
7671,doc_b2f9,doc_b2f9_chunk_0006,--gpus
7672,doc_b2f9,doc_b2f9_chunk_0006,--mem
7673,doc_b2f9,doc_b2f9_chunk_0007,TRESUsageInAve
7674,doc_b2f9,doc_b2f9_chunk_0007,TRESUsageInTot
7675,doc_b2f9,doc_b2f9_chunk_0007,sacct
7676,doc_b2f9,doc_b2f9_chunk_0007,Slurm
7677,doc_b2f9,doc_b2f9_chunk_0007,GRES
7678,doc_b2f9,doc_b2f9_chunk_0007,gres.conf
7679,doc_b2f9,doc_b2f9_chunk_0007,CUDA_VISIBLE_DEVICES
7680,doc_b2f9,doc_b2f9_chunk_0007,cgroup
7681,doc_b2f9,doc_b2f9_chunk_0007,Prolog
7682,doc_b2f9,doc_b2f9_chunk_0007,Epilog
7683,doc_b2f9,doc_b2f9_chunk_0007,NVML
7684,doc_b2f9,doc_b2f9_chunk_0007,nvidia-smi
7685,doc_b2f9,doc_b2f9_chunk_0007,CUDA_DEVICE_ORDER
7686,doc_b2f9,doc_b2f9_chunk_0007,PCI_BUS_ID
7687,doc_b2f9,doc_b2f9_chunk_0008,GPU device files
7688,doc_b2f9,doc_b2f9_chunk_0008,/dev/nvidia1
7689,doc_b2f9,doc_b2f9_chunk_0008,NVML
7690,doc_b2f9,doc_b2f9_chunk_0008,PCI bus ID
7691,doc_b2f9,doc_b2f9_chunk_0008,CUDA_VISIBLE_DEVICES
7692,doc_b2f9,doc_b2f9_chunk_0008,CUDA_DEVICE_ORDER
7693,doc_b2f9,doc_b2f9_chunk_0008,MPS Management
7694,doc_b2f9,doc_b2f9_chunk_0008,CUDA Multi-Process Service
7695,doc_b2f9,doc_b2f9_chunk_0008,slurm.conf
7696,doc_b2f9,doc_b2f9_chunk_0008,gres.conf
7697,doc_b2f9,doc_b2f9_chunk_0008,NodeName
7698,doc_b2f9,doc_b2f9_chunk_0008,Gres
7699,doc_b2f9,doc_b2f9_chunk_0008,mps
7700,doc_b2f9,doc_b2f9_chunk_0008,evenly distributed
7701,doc_b2f9,doc_b2f9_chunk_0008,slurm.conf file
7702,doc_b2f9,doc_b2f9_chunk_0009,heterogeneous environment
7703,doc_b2f9,doc_b2f9_chunk_0009,GPUs
7704,doc_b2f9,doc_b2f9_chunk_0009,gres/mps
7705,doc_b2f9,doc_b2f9_chunk_0009,Type
7706,doc_b2f9,doc_b2f9_chunk_0009,Cores parameters
7707,doc_b2f9,doc_b2f9_chunk_0009,gres.conf
7708,doc_b2f9,doc_b2f9_chunk_0009,Count parameter
7709,doc_b2f9,doc_b2f9_chunk_0009,NVIDIA's NVML library
7710,doc_b2f9,doc_b2f9_chunk_0009,slurm.conf
7711,doc_b2f9,doc_b2f9_chunk_0009,OPT_MULTIPLE_SHARING_GRES_PJ
7712,doc_b2f9,doc_b2f9_chunk_0009,MPS
7713,doc_b2f9,doc_b2f9_chunk_0009,single gpu on each node
7714,doc_b2f9,doc_b2f9_chunk_0009,flag
7715,doc_b2f9,doc_b2f9_chunk_0009,allocated as a GPU type
7716,doc_b2f9,doc_b2f9_chunk_0010,Slurm
7717,doc_b2f9,doc_b2f9_chunk_0010,gres/gpu
7718,doc_b2f9,doc_b2f9_chunk_0010,gres/mps
7719,doc_b2f9,doc_b2f9_chunk_0010,gres.conf
7720,doc_b2f9,doc_b2f9_chunk_0010,--gres
7721,doc_b2f9,doc_b2f9_chunk_0010,MPS generic resources
7722,doc_b2f9,doc_b2f9_chunk_0010,job requests
7723,doc_b2f9,doc_b2f9_chunk_0010,single node
7724,doc_b2f9,doc_b2f9_chunk_0010,CUDA_VISIBLE_DEVICES
7725,doc_b2f9,doc_b2f9_chunk_0010,CUDA_MPS_ACTIVE_THREAD_PERCENTAGE
7726,doc_b2f9,doc_b2f9_chunk_0010,SLURM_JOB_UID
7727,doc_b2f9,doc_b2f9_chunk_0010,Prolog
7728,doc_b2f9,doc_b2f9_chunk_0010,prolog script
7729,doc_b2f9,doc_b2f9_chunk_0010,etc/prolog.example
7730,doc_b2f9,doc_b2f9_chunk_0011,Prolog
7731,doc_b2f9,doc_b2f9_chunk_0011,MPS server
7732,doc_b2f9,doc_b2f9_chunk_0011,GPU device ID
7733,doc_b2f9,doc_b2f9_chunk_0011,SLURM
7734,doc_b2f9,doc_b2f9_chunk_0011,CUDA_VISIBLE_DEVICES
7735,doc_b2f9,doc_b2f9_chunk_0011,SLURM_JOB_UID
7736,doc_b2f9,doc_b2f9_chunk_0011,CUDA_MPS_ACTIVE_THREAD_PERCENTAGE
7737,doc_b2f9,doc_b2f9_chunk_0011,scontrol show job
7738,doc_b2f9,doc_b2f9_chunk_0011,NVIDIA Multi-Process Service
7739,doc_b2f9,doc_b2f9_chunk_0011,CUDA_DEVICE_ORDER
7740,doc_b2f9,doc_b2f9_chunk_0011,gtx1080
7741,doc_b2f9,doc_b2f9_chunk_0011,gtx1070
7742,doc_b2f9,doc_b2f9_chunk_0012,CVE-2018-6260
7743,doc_b2f9,doc_b2f9_chunk_0012,Security Bulletin
7744,doc_b2f9,doc_b2f9_chunk_0012,NVIDIA GPU Display Driver
7745,doc_b2f9,doc_b2f9_chunk_0012,February 2019
7746,doc_b2f9,doc_b2f9_chunk_0012,NVIDIA MPS
7747,doc_b2f9,doc_b2f9_chunk_0012,GPU sharing
7748,doc_b2f9,doc_b2f9_chunk_0012,MPS control daemon
7749,doc_b2f9,doc_b2f9_chunk_0012,MPS server
7750,doc_b2f9,doc_b2f9_chunk_0012,Section 2.3.1.1
7751,doc_b2f9,doc_b2f9_chunk_0012,Section 3.3
7752,doc_b2f9,doc_b2f9_chunk_0012,MIG Management
7753,doc_b2f9,doc_b2f9_chunk_0012,Slurm
7754,doc_b2f9,doc_b2f9_chunk_0013,Slurm
7755,doc_b2f9,doc_b2f9_chunk_0013,MIGs
7756,doc_b2f9,doc_b2f9_chunk_0013,AutoDetect
7757,doc_b2f9,doc_b2f9_chunk_0013,NVIDIA MIGs
7758,doc_b2f9,doc_b2f9_chunk_0013,sharding
7759,doc_b2f9,doc_b2f9_chunk_0013,sanity-check
7760,doc_b2f9,doc_b2f9_chunk_0013,slurm.conf
7761,doc_b2f9,doc_b2f9_chunk_0013,gres.conf
7762,doc_b2f9,doc_b2f9_chunk_0013,Gres
7763,doc_b2f9,doc_b2f9_chunk_0013,shard
7764,doc_b2f9,doc_b2f9_chunk_0013,shard:64
7765,doc_b2f9,doc_b2f9_chunk_0013,NodeName
7766,doc_b2f9,doc_b2f9_chunk_0013,tux
7767,doc_b2f9,doc_b2f9_chunk_0013,cores
7768,doc_b2f9,doc_b2f9_chunk_0013,No Shard configuration
7769,doc_b2f9,doc_b2f9_chunk_0013,Shard configuration
7770,doc_b2f9,doc_b2f9_chunk_0013,Name
7771,doc_b2f9,doc_b2f9_chunk_0014,heterogeneous environment
7772,doc_b2f9,doc_b2f9_chunk_0014,GPUs
7773,doc_b2f9,doc_b2f9_chunk_0014,gres/shard
7774,doc_b2f9,doc_b2f9_chunk_0014,shard count
7775,doc_b2f9,doc_b2f9_chunk_0014,Type
7776,doc_b2f9,doc_b2f9_chunk_0014,Cores parameters
7777,doc_b2f9,doc_b2f9_chunk_0014,NVIDIA's NVML library
7778,doc_b2f9,doc_b2f9_chunk_0014,GPU configuration
7779,doc_b2f9,doc_b2f9_chunk_0014,gres.conf file
7780,doc_b2f9,doc_b2f9_chunk_0014,GRES
7781,doc_b2f9,doc_b2f9_chunk_0014,shard type of GRES
7782,doc_b2f9,doc_b2f9_chunk_0014,gres/gpu resource
7783,doc_b2f9,doc_b2f9_chunk_0014,shard generic resources
7784,doc_b2f9,doc_b2f9_chunk_0014,slurm.conf configuration file
7785,doc_b2f9,doc_b2f9_chunk_0015,OPT_MULTIPLE_SHARING_GRES_PJ
7786,doc_b2f9,doc_b2f9_chunk_0015,shard
7787,doc_b2f9,doc_b2f9_chunk_0015,AccountingStorageTRES
7788,doc_b2f9,doc_b2f9_chunk_0015,GresTypes
7789,doc_b2f9,doc_b2f9_chunk_0015,NodeName
7790,doc_b2f9,doc_b2f9_chunk_0015,gpu
7791,doc_b2f9,doc_b2f9_chunk_0015,AutoDetect
7792,doc_b2f9,doc_b2f9_chunk_0015,nvml
7793,doc_b2f9,doc_b2f9_chunk_0015,Type
7794,doc_b2f9,doc_b2f9_chunk_0015,File
7795,doc_b2f9,doc_b2f9_chunk_0015,Cores
7796,doc_b2f9,doc_b2f9_chunk_0015,gres.conf
7797,doc_b2f9,doc_b2f9_chunk_0015,slurm.conf
7798,doc_b2f9,doc_b2f9_chunk_0015,select/cons_tres plugin
7799,doc_b406,doc_b406_chunk_0001,OverSubscribe
7800,doc_b406,doc_b406_chunk_0001,select/linear
7801,doc_b406,doc_b406_chunk_0001,select/cons_tres
7802,doc_b406,doc_b406_chunk_0001,CR_Core
7803,doc_b406,doc_b406_chunk_0001,CR_Core_Memory
7804,doc_b406,doc_b406_chunk_0001,srun
7805,doc_b406,doc_b406_chunk_0001,srun --oversubscribe
7806,doc_b406,doc_b406_chunk_0001,partition/queue
7807,doc_b406,doc_b406_chunk_0001,job
7808,doc_b406,doc_b406_chunk_0001,node
7809,doc_b406,doc_b406_chunk_0001,core
7810,doc_b406,doc_b406_chunk_0001,socket
7811,doc_b406,doc_b406_chunk_0001,CPU
7812,doc_b406,doc_b406_chunk_0002,OverSubscribe
7813,doc_b406,doc_b406_chunk_0002,FORCE
7814,doc_b406,doc_b406_chunk_0002,core
7815,doc_b406,doc_b406_chunk_0002,job
7816,doc_b406,doc_b406_chunk_0002,partition/queue
7817,doc_b406,doc_b406_chunk_0002,SelectType
7818,doc_b406,doc_b406_chunk_0002,select/cons_tres
7819,doc_b406,doc_b406_chunk_0002,CR_CPU
7820,doc_b406,doc_b406_chunk_0002,CR_CPU_MemoryOverSubscribe
7821,doc_b406,doc_b406_chunk_0002,CPUs
7822,doc_b406,doc_b406_chunk_0002,No CPU
7823,doc_b406,doc_b406_chunk_0002,srun
7824,doc_b406,doc_b406_chunk_0002,--oversubscribe
7825,doc_b406,doc_b406_chunk_0002,OverSubscribe=YES
7826,doc_b406,doc_b406_chunk_0002,default
7827,doc_b406,doc_b406_chunk_0002,socket
7828,doc_b406,doc_b406_chunk_0002,SelectTypeParameters
7829,doc_b406,doc_b406_chunk_0003,Slurm
7830,doc_b406,doc_b406_chunk_0003,least-loaded
7831,doc_b406,doc_b406_chunk_0003,consumable resource
7832,doc_b406,doc_b406_chunk_0003,linear plugins
7833,doc_b406,doc_b406_chunk_0003,OverSubscribe
7834,doc_b406,doc_b406_chunk_0003,FORCE
7835,doc_b406,doc_b406_chunk_0003,select/cons_tres plugin
7836,doc_b406,doc_b406_chunk_0003,CPUs
7837,doc_b406,doc_b406_chunk_0003,node
7838,doc_b406,doc_b406_chunk_0003,srun
7839,doc_b406,doc_b406_chunk_0003,--oversubscribe
7840,doc_b406,doc_b406_chunk_0003,non-shared
7841,doc_b406,doc_b406_chunk_0003,shareable
7842,doc_b406,doc_b406_chunk_0003,CR_Core
7843,doc_b406,doc_b406_chunk_0003,CR_Core_Memory
7844,doc_b406,doc_b406_chunk_0003,CR_Socket
7845,doc_b406,doc_b406_chunk_0004,OverSubscribe
7846,doc_b406,doc_b406_chunk_0004,FORCE
7847,doc_b406,doc_b406_chunk_0004,mixed shared setting
7848,doc_b406,doc_b406_chunk_0004,memory
7849,doc_b406,doc_b406_chunk_0004,select/linear
7850,doc_b406,doc_b406_chunk_0004,select/linear plus
7851,doc_b406,doc_b406_chunk_0004,SelectTypeParameters
7852,doc_b406,doc_b406_chunk_0004,CR_Memory
7853,doc_b406,doc_b406_chunk_0004,CR_Core
7854,doc_b406,doc_b406_chunk_0004,CR_CPU
7855,doc_b406,doc_b406_chunk_0004,select/cons_tres
7856,doc_b406,doc_b406_chunk_0004,memory allocation
7857,doc_b406,doc_b406_chunk_0004,memory pages swapped out
7858,doc_b406,doc_b406_chunk_0004,severely degraded performance
7859,doc_b406,doc_b406_chunk_0004,SelectType
7860,doc_b406,doc_b406_chunk_0004,node
7861,doc_b406,doc_b406_chunk_0004,job
7862,doc_b406,doc_b406_chunk_0005,SelectType
7863,doc_b406,doc_b406_chunk_0005,CR_Core_Memory
7864,doc_b406,doc_b406_chunk_0005,CR_CPU_Memory
7865,doc_b406,doc_b406_chunk_0005,CR_Socket_Memory
7866,doc_b406,doc_b406_chunk_0005,srun
7867,doc_b406,doc_b406_chunk_0005,--mem
7868,doc_b406,doc_b406_chunk_0005,--mem-per-cpu
7869,doc_b406,doc_b406_chunk_0005,select/linear plugin
7870,doc_b406,doc_b406_chunk_0005,select/cons_tres plugin
7871,doc_b406,doc_b406_chunk_0005,DefMemPerCPU
7872,doc_b406,doc_b406_chunk_0005,DefMemPerNode
7873,doc_b406,doc_b406_chunk_0005,MaxMemPerCPU
7874,doc_b406,doc_b406_chunk_0005,MaxMemPerNode
7875,doc_b406,doc_b406_chunk_0005,slurm.conf
7876,doc_b406,doc_b406_chunk_0005,--oversubscribe
7877,doc_c721,doc_c721_chunk_0001,Fair Tree algorithm
7878,doc_c721,doc_c721_chunk_0001,priority flags
7879,doc_c721,doc_c721_chunk_0001,normalized shares
7880,doc_c721,doc_c721_chunk_0001,fair-share hierarchy
7881,doc_c721,doc_c721_chunk_0001,account
7882,doc_c721,doc_c721_chunk_0001,sub-account
7883,doc_c721,doc_c721_chunk_0001,sacctmgr
7884,doc_c721,doc_c721_chunk_0001,processor*seconds
7885,doc_c721,doc_c721_chunk_0001,Slurm usage metric
7886,doc_c721,doc_c721_chunk_0001,half-life formula
7887,doc_c721,doc_c721_chunk_0001,decay factor
7888,doc_c721,doc_c721_chunk_0001,sbatch
7889,doc_c721,doc_c721_chunk_0001,sacct
7890,doc_c721,doc_c721_chunk_0001,sacctmgr commands
7891,doc_c721,doc_c721_chunk_0001,19.05 release
7892,doc_c721,doc_c721_chunk_0002,Ucurrent_period
7893,doc_c721,doc_c721_chunk_0002,Ulast_period
7894,doc_c721,doc_c721_chunk_0002,Uperiod-2
7895,doc_c721,doc_c721_chunk_0002,D
7896,doc_c721,doc_c721_chunk_0002,PriorityDecayHalfLife
7897,doc_c721,doc_c721_chunk_0002,PriorityCalcPeriod
7898,doc_c721,doc_c721_chunk_0002,slurm.conf
7899,doc_c721,doc_c721_chunk_0002,Rcurrent_period
7900,doc_c721,doc_c721_chunk_0002,Rlast_period
7901,doc_c721,doc_c721_chunk_0002,Rperiod-2
7902,doc_c721,doc_c721_chunk_0002,RH
7903,doc_c721,doc_c721_chunk_0002,UH
7904,doc_c721,doc_c721_chunk_0002,normalized usage
7905,doc_c721,doc_c721_chunk_0002,F
7906,doc_c721,doc_c721_chunk_0002,S
7907,doc_c721,doc_c721_chunk_0002,U
7908,doc_c721,doc_c721_chunk_0003,fair-share factor
7909,doc_c721,doc_c721_chunk_0003,account hierarchy
7910,doc_c721,doc_c721_chunk_0003,Slurm Fair-Share Formula
7911,doc_c721,doc_c721_chunk_0003,UE
7912,doc_c721,doc_c721_chunk_0003,UAchild
7913,doc_c721,doc_c721_chunk_0003,UEparent
7914,doc_c721,doc_c721_chunk_0003,Schild
7915,doc_c721,doc_c721_chunk_0003,Sall_siblings
7916,doc_c721,doc_c721_chunk_0003,effective usage
7917,doc_c721,doc_c721_chunk_0003,Slurm
7918,doc_c721,doc_c721_chunk_0003,account
7919,doc_c721,doc_c721_chunk_0003,user
7920,doc_c721,doc_c721_chunk_0003,job priority
7921,doc_c721,doc_c721_chunk_0003,allocated share
7922,doc_c721,doc_c721_chunk_0003,historical usage
7923,doc_c721,doc_c721_chunk_0003,computing resources
7924,doc_c721,doc_c721_chunk_0003,child user
7925,doc_c721,doc_c721_chunk_0003,parent account
7926,doc_c721,doc_c721_chunk_0004,Schild
7927,doc_c721,doc_c721_chunk_0004,Sall_siblings
7928,doc_c721,doc_c721_chunk_0004,UE
7929,doc_c721,doc_c721_chunk_0004,UAchild
7930,doc_c721,doc_c721_chunk_0004,UEparent
7931,doc_c721,doc_c721_chunk_0004,fair-share formula
7932,doc_c721,doc_c721_chunk_0004,FairShare
7933,doc_c721,doc_c721_chunk_0004,sacctmgr
7934,doc_c721,doc_c721_chunk_0004,fairshare hierarchy
7935,doc_c721,doc_c721_chunk_0004,normalized shares
7936,doc_c721,doc_c721_chunk_0004,effective usage values
7937,doc_c721,doc_c721_chunk_0004,40 shares
7938,doc_c721,doc_c721_chunk_0004,60 shares
7939,doc_c721,doc_c721_chunk_0004,account A
7940,doc_c721,doc_c721_chunk_0004,account B
7941,doc_c721,doc_c721_chunk_0004,account C
7942,doc_c721,doc_c721_chunk_0004,account D
7943,doc_c721,doc_c721_chunk_0005,Account
7944,doc_c721,doc_c721_chunk_0005,shares
7945,doc_c721,doc_c721_chunk_0005,User
7946,doc_c721,doc_c721_chunk_0005,B account
7947,doc_c721,doc_c721_chunk_0005,C account
7948,doc_c721,doc_c721_chunk_0005,E account
7949,doc_c721,doc_c721_chunk_0005,F account
7950,doc_c721,doc_c721_chunk_0005,A account
7951,doc_c721,doc_c721_chunk_0005,D account
7952,doc_c721,doc_c721_chunk_0005,normalized shares
7953,doc_c721,doc_c721_chunk_0005,User 1
7954,doc_c721,doc_c721_chunk_0005,User 2
7955,doc_c721,doc_c721_chunk_0005,User 3
7956,doc_c721,doc_c721_chunk_0005,User 4
7957,doc_c721,doc_c721_chunk_0005,User 5
7958,doc_c721,doc_c721_chunk_0006,Fair-share Example
7959,doc_c721,doc_c721_chunk_0006,normalized share
7960,doc_c721,doc_c721_chunk_0006,UE
7961,doc_c721,doc_c721_chunk_0006,UAchild
7962,doc_c721,doc_c721_chunk_0006,UEparent
7963,doc_c721,doc_c721_chunk_0006,Schild
7964,doc_c721,doc_c721_chunk_0006,Sall_siblings
7965,doc_c721,doc_c721_chunk_0006,Account A
7966,doc_c721,doc_c721_chunk_0006,Account D
7967,doc_c721,doc_c721_chunk_0006,Account B
7968,doc_c721,doc_c721_chunk_0006,Account C
7969,doc_c721,doc_c721_chunk_0006,Account E
7970,doc_c721,doc_c721_chunk_0006,Account F
7971,doc_c721,doc_c721_chunk_0006,User 1
7972,doc_c721,doc_c721_chunk_0006,User 2
7973,doc_c721,doc_c721_chunk_0006,User 3
7974,doc_c721,doc_c721_chunk_0006,User 4
7975,doc_c721,doc_c721_chunk_0006,User 5
7976,doc_c721,doc_c721_chunk_0007,Slurm
7977,doc_c721,doc_c721_chunk_0007,fair-share formula
7978,doc_c721,doc_c721_chunk_0007,UE
7979,doc_c721,doc_c721_chunk_0007,S
7980,doc_c721,doc_c721_chunk_0007,F
7981,doc_c721,doc_c721_chunk_0007,User 1
7982,doc_c721,doc_c721_chunk_0007,User 2
7983,doc_c721,doc_c721_chunk_0007,User 3
7984,doc_c721,doc_c721_chunk_0007,User 4
7985,doc_c721,doc_c721_chunk_0007,User 5
7986,doc_c721,doc_c721_chunk_0007,effective usage
7987,doc_c721,doc_c721_chunk_0007,fair-share factor
7988,doc_c8a9,doc_c8a9_chunk_0001,Slurm
7989,doc_c8a9,doc_c8a9_chunk_0001,job preemption
7990,doc_c8a9,doc_c8a9_chunk_0001,high-priority
7991,doc_c8a9,doc_c8a9_chunk_0001,low-priority
7992,doc_c8a9,doc_c8a9_chunk_0001,Gang Scheduling
7993,doc_c8a9,doc_c8a9_chunk_0001,Partition
7994,doc_c8a9,doc_c8a9_chunk_0001,Quality Of Service (QOS)
7995,doc_c8a9,doc_c8a9_chunk_0001,PriorityTier
7996,doc_c8a9,doc_c8a9_chunk_0001,SelectType
7997,doc_c8a9,doc_c8a9_chunk_0001,select/linear plugin
7998,doc_c8a9,doc_c8a9_chunk_0001,socket/core/CPU resources
7999,doc_c8a9,doc_c8a9_chunk_0001,select/cons_tres plugin
8000,doc_c8a9,doc_c8a9_chunk_0001,SelectTypeParameter
8001,doc_c8a9,doc_c8a9_chunk_0001,CR_Memory
8002,doc_c8a9,doc_c8a9_chunk_0001,Memory
8003,doc_c8a9,doc_c8a9_chunk_0001,PreemptMode
8004,doc_c8a9,doc_c8a9_chunk_0002,DefMemPerCPU
8005,doc_c8a9,doc_c8a9_chunk_0002,DefMemPerNode
8006,doc_c8a9,doc_c8a9_chunk_0002,MaxMemPerCPU
8007,doc_c8a9,doc_c8a9_chunk_0002,MaxMemPerNode
8008,doc_c8a9,doc_c8a9_chunk_0002,slurm.conf
8009,doc_c8a9,doc_c8a9_chunk_0002,--mem
8010,doc_c8a9,doc_c8a9_chunk_0002,--mem-per-cpu
8011,doc_c8a9,doc_c8a9_chunk_0002,GraceTime
8012,doc_c8a9,doc_c8a9_chunk_0002,PreemptMode
8013,doc_c8a9,doc_c8a9_chunk_0002,scontrol suspend
8014,doc_c8a9,doc_c8a9_chunk_0002,suspend_grace_time
8015,doc_c8a9,doc_c8a9_chunk_0002,JobAcctGatherType
8016,doc_c8a9,doc_c8a9_chunk_0002,JobAcctGatherFrequency
8017,doc_c8a9,doc_c8a9_chunk_0002,maximum data segment size
8018,doc_c8a9,doc_c8a9_chunk_0003,maximum data segment size
8019,doc_c8a9,doc_c8a9_chunk_0003,maximum virtual memory size
8020,doc_c8a9,doc_c8a9_chunk_0003,JobAcctGatherType
8021,doc_c8a9,doc_c8a9_chunk_0003,JobAcctGatherFrequency
8022,doc_c8a9,doc_c8a9_chunk_0003,PreemptMode
8023,doc_c8a9,doc_c8a9_chunk_0003,PreemptType
8024,doc_c8a9,doc_c8a9_chunk_0003,slurm.conf
8025,doc_c8a9,doc_c8a9_chunk_0003,PreemptMode:SUSPEND
8026,doc_c8a9,doc_c8a9_chunk_0003,PreemptMode:GANG
8027,doc_c8a9,doc_c8a9_chunk_0003,OFF
8028,doc_c8a9,doc_c8a9_chunk_0003,PreemptType=preempt/none
8029,doc_c8a9,doc_c8a9_chunk_0003,PreemptType=preempt/partition_prio
8030,doc_c8a9,doc_c8a9_chunk_0004,preempted job
8031,doc_c8a9,doc_c8a9_chunk_0004,gang scheduling
8032,doc_c8a9,doc_c8a9_chunk_0004,time slicing
8033,doc_c8a9,doc_c8a9_chunk_0004,GANG
8034,doc_c8a9,doc_c8a9_chunk_0004,PreemptType
8035,doc_c8a9,doc_c8a9_chunk_0004,PreemptType=preempt/partition_prio
8036,doc_c8a9,doc_c8a9_chunk_0004,PreemptType=preempt/qos
8037,doc_c8a9,doc_c8a9_chunk_0004,PreemptExemptTime
8038,doc_c8a9,doc_c8a9_chunk_0004,reorder_count
8039,doc_c8a9,doc_c8a9_chunk_0004,strict_order
8040,doc_c8a9,doc_c8a9_chunk_0004,youngest_first
8041,doc_c8a9,doc_c8a9_chunk_0004,PreemptMode
8042,doc_c8a9,doc_c8a9_chunk_0004,SUSPEND
8043,doc_c8a9,doc_c8a9_chunk_0005,PreemptType
8044,doc_c8a9,doc_c8a9_chunk_0005,preempt/none
8045,doc_c8a9,doc_c8a9_chunk_0005,preempt/partition_prio
8046,doc_c8a9,doc_c8a9_chunk_0005,PriorityTier
8047,doc_c8a9,doc_c8a9_chunk_0005,PreemptMode
8048,doc_c8a9,doc_c8a9_chunk_0005,sacctmgr
8049,doc_c8a9,doc_c8a9_chunk_0005,scontrol show job
8050,doc_c8a9,doc_c8a9_chunk_0005,PreemptEligibleTime
8051,doc_c8a9,doc_c8a9_chunk_0005,minutes
8052,doc_c8a9,doc_c8a9_chunk_0005,minutes:seconds
8053,doc_c8a9,doc_c8a9_chunk_0005,hours:minutes:seconds
8054,doc_c8a9,doc_c8a9_chunk_0005,days-hours
8055,doc_c8a9,doc_c8a9_chunk_0005,days-hours:minutes
8056,doc_c8a9,doc_c8a9_chunk_0006,PriorityTier
8057,doc_c8a9,doc_c8a9_chunk_0006,partition
8058,doc_c8a9,doc_c8a9_chunk_0006,PreemptType
8059,doc_c8a9,doc_c8a9_chunk_0006,OverSubscribe
8060,doc_c8a9,doc_c8a9_chunk_0006,FORCE
8061,doc_c8a9,doc_c8a9_chunk_0006,max_share
8062,doc_c8a9,doc_c8a9_chunk_0006,ExclusiveUser
8063,doc_c8a9,doc_c8a9_chunk_0006,MCSParameters
8064,doc_c8a9,doc_c8a9_chunk_0006,MCS labels
8065,doc_c8a9,doc_c8a9_chunk_0006,job preemption
8066,doc_c8a9,doc_c8a9_chunk_0006,scheduler
8067,doc_c8a9,doc_c8a9_chunk_0006,scheduling
8068,doc_c8a9,doc_c8a9_chunk_0006,QOS
8069,doc_c8a9,doc_c8a9_chunk_0006,preempt/qos
8070,doc_c8a9,doc_c8a9_chunk_0007,MCSParameters
8071,doc_c8a9,doc_c8a9_chunk_0007,enforced
8072,doc_c8a9,doc_c8a9_chunk_0007,select
8073,doc_c8a9,doc_c8a9_chunk_0007,Slurm
8074,doc_c8a9,doc_c8a9_chunk_0007,scontrol
8075,doc_c8a9,doc_c8a9_chunk_0007,restart
8076,doc_c8a9,doc_c8a9_chunk_0007,daemons
8077,doc_c8a9,doc_c8a9_chunk_0007,scontrol reconfig
8078,doc_c8a9,doc_c8a9_chunk_0007,--exclusive=user
8079,doc_c8a9,doc_c8a9_chunk_0007,--exclusive=mcs
8080,doc_c8a9,doc_c8a9_chunk_0007,job_submit plugin
8081,doc_c8a9,doc_c8a9_chunk_0007,job_desc.shared
8082,doc_c8a9,doc_c8a9_chunk_0007,NO_VAL16
8083,doc_c8a9,doc_c8a9_chunk_0007,heterogeneous job
8084,doc_c8a9,doc_c8a9_chunk_0007,PreemptMode
8085,doc_c8a9,doc_c8a9_chunk_0007,SUSPEND
8086,doc_c8a9,doc_c8a9_chunk_0008,PreemptMode
8087,doc_c8a9,doc_c8a9_chunk_0008,CANCEL
8088,doc_c8a9,doc_c8a9_chunk_0008,SUSPEND
8089,doc_c8a9,doc_c8a9_chunk_0008,REQUEUE
8090,doc_c8a9,doc_c8a9_chunk_0008,select plugin
8091,doc_c8a9,doc_c8a9_chunk_0008,QOS priority
8092,doc_c8a9,doc_c8a9_chunk_0008,Partition priority
8093,doc_c8a9,doc_c8a9_chunk_0008,job size
8094,doc_c8a9,doc_c8a9_chunk_0008,Job start time
8095,doc_c8a9,doc_c8a9_chunk_0008,PreemptParameters
8096,doc_c8a9,doc_c8a9_chunk_0008,youngest_first
8097,doc_c8a9,doc_c8a9_chunk_0008,gang scheduling logic
8098,doc_c8a9,doc_c8a9_chunk_0008,active bitmap
8099,doc_c8a9,doc_c8a9_chunk_0008,Slurm cluster
8100,doc_c8a9,doc_c8a9_chunk_0008,shadow jobs
8101,doc_c8a9,doc_c8a9_chunk_0008,high priority job allocations
8102,doc_c8a9,doc_c8a9_chunk_0008,job list
8103,doc_c8a9,doc_c8a9_chunk_0009,select plugins
8104,doc_c8a9,doc_c8a9_chunk_0009,job preemption
8105,doc_c8a9,doc_c8a9_chunk_0009,partition priority
8106,doc_c8a9,doc_c8a9_chunk_0009,resource sharing
8107,doc_c8a9,doc_c8a9_chunk_0009,scontrol suspend
8108,doc_c8a9,doc_c8a9_chunk_0009,scontrol resume
8109,doc_c8a9,doc_c8a9_chunk_0009,squeue -i<time>
8110,doc_c8a9,doc_c8a9_chunk_0009,backfill scheduler
8111,doc_c8a9,doc_c8a9_chunk_0009,whole nodes
8112,doc_c8a9,doc_c8a9_chunk_0009,PreemptMode
8113,doc_c8a9,doc_c8a9_chunk_0009,sbatch
8114,doc_c8a9,doc_c8a9_chunk_0009,runit.pl
8115,doc_c8a9,doc_c8a9_chunk_0009,slurm.conf
8116,doc_c8a9,doc_c8a9_chunk_0009,PartitionName
8117,doc_c8a9,doc_c8a9_chunk_0009,OverSubscribe
8118,doc_c8a9,doc_c8a9_chunk_0009,Nodes
8119,doc_c8a9,doc_c8a9_chunk_0009,PriorityTier
8120,doc_c8a9,doc_c8a9_chunk_0010,SLURM
8121,doc_c8a9,doc_c8a9_chunk_0010,runit.pl
8122,doc_c8a9,doc_c8a9_chunk_0010,sbatch
8123,doc_c8a9,doc_c8a9_chunk_0010,PartitionName
8124,doc_c8a9,doc_c8a9_chunk_0010,PriorityTier
8125,doc_c8a9,doc_c8a9_chunk_0010,PreemptMode
8126,doc_c8a9,doc_c8a9_chunk_0010,Nodes
8127,doc_c8a9,doc_c8a9_chunk_0010,Default
8128,doc_c8a9,doc_c8a9_chunk_0010,OverSubscribe
8129,doc_c8a9,doc_c8a9_chunk_0010,squeue
8130,doc_c8a9,doc_c8a9_chunk_0010,JOBID
8131,doc_c8a9,doc_c8a9_chunk_0010,USER
8132,doc_c8a9,doc_c8a9_chunk_0010,ST
8133,doc_c8a9,doc_c8a9_chunk_0010,TIME
8134,doc_c8a9,doc_c8a9_chunk_0010,NODELIST
8135,doc_c8a9,doc_c8a9_chunk_0010,slurm.conf
8136,doc_c8a9,doc_c8a9_chunk_0010,PreemptType
8137,doc_c8a9,doc_c8a9_chunk_0010,normal partition
8138,doc_c8a9,doc_c8a9_chunk_0011,hipri
8139,doc_c8a9,doc_c8a9_chunk_0011,sbatch
8140,doc_c8a9,doc_c8a9_chunk_0011,squeue
8141,doc_c8a9,doc_c8a9_chunk_0011,sinfo
8142,doc_c8a9,doc_c8a9_chunk_0011,PARTITION
8143,doc_c8a9,doc_c8a9_chunk_0011,active
8144,doc_c8a9,doc_c8a9_chunk_0011,up
8145,doc_c8a9,doc_c8a9_chunk_0011,infinite
8146,doc_c8a9,doc_c8a9_chunk_0011,NODES
8147,doc_c8a9,doc_c8a9_chunk_0011,NODELIST
8148,doc_c8a9,doc_c8a9_chunk_0011,n1
8149,doc_c8a9,doc_c8a9_chunk_0011,n2
8150,doc_c8a9,doc_c8a9_chunk_0011,n3
8151,doc_c8a9,doc_c8a9_chunk_0011,n[1-3]
8152,doc_c8a9,doc_c8a9_chunk_0011,n[4-5]
8153,doc_c8a9,doc_c8a9_chunk_0011,job size
8154,doc_c8a9,doc_c8a9_chunk_0011,required nodes
8155,doc_c8a9,doc_c8a9_chunk_0011,intelligent algorithm
8156,doc_cc8b,doc_cc8b_chunk_0001,TRES
8157,doc_cc8b,doc_cc8b_chunk_0001,Burst Buffers
8158,doc_cc8b,doc_cc8b_chunk_0001,Billing
8159,doc_cc8b,doc_cc8b_chunk_0001,CPU
8160,doc_cc8b,doc_cc8b_chunk_0001,Energy
8161,doc_cc8b,doc_cc8b_chunk_0001,FS
8162,doc_cc8b,doc_cc8b_chunk_0001,Filesystem
8163,doc_cc8b,doc_cc8b_chunk_0001,GRES
8164,doc_cc8b,doc_cc8b_chunk_0001,Interconnect
8165,doc_cc8b,doc_cc8b_chunk_0001,License
8166,doc_cc8b,doc_cc8b_chunk_0001,Mem
8167,doc_cc8b,doc_cc8b_chunk_0001,Memory
8168,doc_cc8b,doc_cc8b_chunk_0001,Node
8169,doc_cc8b,doc_cc8b_chunk_0001,Pages
8170,doc_cc8b,doc_cc8b_chunk_0001,VMem
8171,doc_cc8b,doc_cc8b_chunk_0001,Virtual Memory/Size
8172,doc_cc8b,doc_cc8b_chunk_0001,slurm.conf
8173,doc_cc8b,doc_cc8b_chunk_0001,AccountingStorageTRES
8174,doc_cc8b,doc_cc8b_chunk_0001,disk
8175,doc_cc8b,doc_cc8b_chunk_0002,slurm.conf
8176,doc_cc8b,doc_cc8b_chunk_0002,AccountingStorageTRES
8177,doc_cc8b,doc_cc8b_chunk_0002,Billing
8178,doc_cc8b,doc_cc8b_chunk_0002,CPU
8179,doc_cc8b,doc_cc8b_chunk_0002,Energy
8180,doc_cc8b,doc_cc8b_chunk_0002,Memory
8181,doc_cc8b,doc_cc8b_chunk_0002,Node
8182,doc_cc8b,doc_cc8b_chunk_0002,FS/Disk
8183,doc_cc8b,doc_cc8b_chunk_0002,Pages
8184,doc_cc8b,doc_cc8b_chunk_0002,VMem
8185,doc_cc8b,doc_cc8b_chunk_0002,gres/gpu
8186,doc_cc8b,doc_cc8b_chunk_0002,license/iop1
8187,doc_cc8b,doc_cc8b_chunk_0002,GRES
8188,doc_cc8b,doc_cc8b_chunk_0002,License
8189,doc_cc8b,doc_cc8b_chunk_0002,BB
8190,doc_cc8b,doc_cc8b_chunk_0002,Cray burst buffer plugin
8191,doc_cc8b,doc_cc8b_chunk_0002,srun
8192,doc_cc8b,doc_cc8b_chunk_0002,--gres
8193,doc_cc8b,doc_cc8b_chunk_0003,PriorityWeightTRES
8194,doc_cc8b,doc_cc8b_chunk_0003,CPU
8195,doc_cc8b,doc_cc8b_chunk_0003,Mem
8196,doc_cc8b,doc_cc8b_chunk_0003,GRES/gpu
8197,doc_cc8b,doc_cc8b_chunk_0003,priority/multifactor
8198,doc_cc8b,doc_cc8b_chunk_0003,AccountingStorageTRES
8199,doc_cc8b,doc_cc8b_chunk_0003,Billing TRES
8200,doc_cc8b,doc_cc8b_chunk_0003,TRESBillingWeights
8201,doc_cc8b,doc_cc8b_chunk_0003,TRES
8202,doc_cc8b,doc_cc8b_chunk_0003,Weight
8203,doc_cc8b,doc_cc8b_chunk_0003,license/licA
8204,doc_cc8b,doc_cc8b_chunk_0003,job allocation
8205,doc_cc8b,doc_cc8b_chunk_0003,billing unit
8206,doc_cc8b,doc_cc8b_chunk_0003,K
8207,doc_cc8b,doc_cc8b_chunk_0004,PriorityFlags
8208,doc_cc8b,doc_cc8b_chunk_0004,MAX_TRES
8209,doc_cc8b,doc_cc8b_chunk_0004,MAX_TRES_GRES
8210,doc_cc8b,doc_cc8b_chunk_0004,billable TRES
8211,doc_cc8b,doc_cc8b_chunk_0004,TRESBillingWeights
8212,doc_cc8b,doc_cc8b_chunk_0004,AccountingStorageTRES
8213,doc_cc8b,doc_cc8b_chunk_0004,PriorityWeightTRES
8214,doc_cc8b,doc_cc8b_chunk_0004,Resource Limits
8215,doc_cc8b,doc_cc8b_chunk_0004,cpus
8216,doc_cc8b,doc_cc8b_chunk_0004,mem
8217,doc_cc8b,doc_cc8b_chunk_0004,gres
8218,doc_cc8b,doc_cc8b_chunk_0004,licenses
8219,doc_cc8b,doc_cc8b_chunk_0004,Job priority
8220,doc_cc8b,doc_cc8b_chunk_0004,Billing TRES
8221,doc_cc8b,doc_cc8b_chunk_0004,weight
8222,doc_cc8b,doc_cc8b_chunk_0005,Billing TRES
8223,doc_cc8b,doc_cc8b_chunk_0005,sacct
8224,doc_cc8b,doc_cc8b_chunk_0005,--format
8225,doc_cc8b,doc_cc8b_chunk_0005,sacctmgr
8226,doc_cc8b,doc_cc8b_chunk_0005,sacctmgr show tres
8227,doc_cc8b,doc_cc8b_chunk_0005,sreport
8228,doc_cc8b,doc_cc8b_chunk_0005,TRESBillingWeights
8229,doc_cc8b,doc_cc8b_chunk_0005,CPUs
8230,doc_cc8b,doc_cc8b_chunk_0005,node
8231,doc_cc8b,doc_cc8b_chunk_0005,partitions
8232,doc_cc8b,doc_cc8b_chunk_0005,sreport --tres=
8233,doc_ce7f,doc_ce7f_chunk_0001,Quick Start User Guide
8234,doc_ce7f,doc_ce7f_chunk_0001,Platforms
8235,doc_ce7f,doc_ce7f_chunk_0001,Upgrade Guide
8236,doc_ce7f,doc_ce7f_chunk_0001,MUNGE
8237,doc_ce7f,doc_ce7f_chunk_0001,authentication
8238,doc_ce7f,doc_ce7f_chunk_0001,munge.key
8239,doc_ce7f,doc_ce7f_chunk_0001,Slurm daemons
8240,doc_ce7f,doc_ce7f_chunk_0001,Slurm
8241,doc_ce7f,doc_ce7f_chunk_0001,RPM
8242,doc_ce7f,doc_ce7f_chunk_0001,DEB packages
8243,doc_ce7f,doc_ce7f_chunk_0001,Build Manually
8244,doc_ce7f,doc_ce7f_chunk_0001,source
8245,doc_ce7f,doc_ce7f_chunk_0001,Slurm Configuration Tool
8246,doc_ce7f,doc_ce7f_chunk_0001,SlurmUser
8247,doc_ce7f,doc_ce7f_chunk_0001,log files
8248,doc_ce7f,doc_ce7f_chunk_0001,process ID files
8249,doc_ce7f,doc_ce7f_chunk_0001,state save directories
8250,doc_ce7f,doc_ce7f_chunk_0002,Slurm
8251,doc_ce7f,doc_ce7f_chunk_0002,SlurmUser
8252,doc_ce7f,doc_ce7f_chunk_0002,slurmctld
8253,doc_ce7f,doc_ce7f_chunk_0002,slurmdbd
8254,doc_ce7f,doc_ce7f_chunk_0002,slurmd
8255,doc_ce7f,doc_ce7f_chunk_0002,systemctl
8256,doc_ce7f,doc_ce7f_chunk_0002,FreeBSD
8257,doc_ce7f,doc_ce7f_chunk_0002,plugins
8258,doc_ce7f,doc_ce7f_chunk_0002,Lua API
8259,doc_ce7f,doc_ce7f_chunk_0002,PAM
8260,doc_ce7f,doc_ce7f_chunk_0002,PMIx
8261,doc_ce7f,doc_ce7f_chunk_0002,readline
8262,doc_ce7f,doc_ce7f_chunk_0002,slurmrestd
8263,doc_ce7f,doc_ce7f_chunk_0002,http-parser
8264,doc_ce7f,doc_ce7f_chunk_0002,json-c
8265,doc_ce7f,doc_ce7f_chunk_0002,yaml
8266,doc_ce7f,doc_ce7f_chunk_0002,jwt
8267,doc_ce7f,doc_ce7f_chunk_0002,sview
8268,doc_ce7f,doc_ce7f_chunk_0003,Slurm
8269,doc_ce7f,doc_ce7f_chunk_0003,Slurm version number
8270,doc_ce7f,doc_ce7f_chunk_0003,rpmbuild
8271,doc_ce7f,doc_ce7f_chunk_0003,slurm-23.02.7.tar.bz2
8272,doc_ce7f,doc_ce7f_chunk_0003,$(HOME)/rpmbuild
8273,doc_ce7f,doc_ce7f_chunk_0003,.rpmmacros
8274,doc_ce7f,doc_ce7f_chunk_0003,_enable_debug
8275,doc_ce7f,doc_ce7f_chunk_0003,_prefix
8276,doc_ce7f,doc_ce7f_chunk_0003,_slurm_sysconfdir
8277,doc_ce7f,doc_ce7f_chunk_0003,with_munge
8278,doc_ce7f,doc_ce7f_chunk_0003,/etc/slurm
8279,doc_ce7f,doc_ce7f_chunk_0003,Debian Packages
8280,doc_ce7f,doc_ce7f_chunk_0003,Slurm 23.11.0
8281,doc_ce7f,doc_ce7f_chunk_0004,Slurm
8282,doc_ce7f,doc_ce7f_chunk_0004,slurm*tar.bz2
8283,doc_ce7f,doc_ce7f_chunk_0004,build-essential
8284,doc_ce7f,doc_ce7f_chunk_0004,fakeroot
8285,doc_ce7f,doc_ce7f_chunk_0004,devscripts
8286,doc_ce7f,doc_ce7f_chunk_0004,equivs
8287,doc_ce7f,doc_ce7f_chunk_0004,apt-get
8288,doc_ce7f,doc_ce7f_chunk_0004,slurm-smd
8289,doc_ce7f,doc_ce7f_chunk_0004,perl
8290,doc_ce7f,doc_ce7f_chunk_0004,slurmctld
8291,doc_ce7f,doc_ce7f_chunk_0004,slurmd
8292,doc_ce7f,doc_ce7f_chunk_0004,slurmdbd
8293,doc_ce7f,doc_ce7f_chunk_0004,slurm-smd-client
8294,doc_ce7f,doc_ce7f_chunk_0004,slurm-smd-slurmctld
8295,doc_ce7f,doc_ce7f_chunk_0005,make install
8296,doc_ce7f,doc_ce7f_chunk_0005,Slurm libraries
8297,doc_ce7f,doc_ce7f_chunk_0005,ldconfig
8298,doc_ce7f,doc_ce7f_chunk_0005,library_location
8299,doc_ce7f,doc_ce7f_chunk_0005,PREFIX
8300,doc_ce7f,doc_ce7f_chunk_0005,lib
8301,doc_ce7f,doc_ce7f_chunk_0005,lib64
8302,doc_ce7f,doc_ce7f_chunk_0005,libslurm.so
8303,doc_ce7f,doc_ce7f_chunk_0005,configure
8304,doc_ce7f,doc_ce7f_chunk_0005,--help
8305,doc_ce7f,doc_ce7f_chunk_0005,--enable-debug
8306,doc_ce7f,doc_ce7f_chunk_0005,--prefix
8307,doc_ce7f,doc_ce7f_chunk_0005,--sysconfdir
8308,doc_ce7f,doc_ce7f_chunk_0005,Node Types
8309,doc_ce7f,doc_ce7f_chunk_0005,controller node
8310,doc_ce7f,doc_ce7f_chunk_0005,compute node
8311,doc_ce7f,doc_ce7f_chunk_0005,single-purpose nodes
8312,doc_ce7f,doc_ce7f_chunk_0005,Slurm daemons
8313,doc_ce7f,doc_ce7f_chunk_0006,Slurm
8314,doc_ce7f,doc_ce7f_chunk_0006,slurmctld
8315,doc_ce7f,doc_ce7f_chunk_0006,slurmd
8316,doc_ce7f,doc_ce7f_chunk_0006,Unix user
8317,doc_ce7f,doc_ce7f_chunk_0006,slurm.conf
8318,doc_ce7f,doc_ce7f_chunk_0006,SlurmUser
8319,doc_ce7f,doc_ce7f_chunk_0006,Compute Node
8320,doc_ce7f,doc_ce7f_chunk_0006,nodes
8321,doc_ce7f,doc_ce7f_chunk_0006,slurmd daemon
8322,doc_ce7f,doc_ce7f_chunk_0006,Controller Node
8323,doc_ce7f,doc_ce7f_chunk_0006,head node
8324,doc_ce7f,doc_ce7f_chunk_0006,controller
8325,doc_ce7f,doc_ce7f_chunk_0006,backup controller
8326,doc_ce7f,doc_ce7f_chunk_0006,High Availability
8327,doc_ce7f,doc_ce7f_chunk_0006,DBD Node
8328,doc_ce7f,doc_ce7f_chunk_0006,slurmdbd
8329,doc_ce7f,doc_ce7f_chunk_0007,slurmdbd
8330,doc_ce7f,doc_ce7f_chunk_0007,larger systems
8331,doc_ce7f,doc_ce7f_chunk_0007,database
8332,doc_ce7f,doc_ce7f_chunk_0007,accounting support
8333,doc_ce7f,doc_ce7f_chunk_0007,login node
8334,doc_ce7f,doc_ce7f_chunk_0007,submit host
8335,doc_ce7f,doc_ce7f_chunk_0007,cluster
8336,doc_ce7f,doc_ce7f_chunk_0007,staging data
8337,doc_ce7f,doc_ce7f_chunk_0007,job submission
8338,doc_ce7f,doc_ce7f_chunk_0007,job status
8339,doc_ce7f,doc_ce7f_chunk_0007,workstations
8340,doc_ce7f,doc_ce7f_chunk_0007,operating system compatibility
8341,doc_ce7f,doc_ce7f_chunk_0007,security implications
8342,doc_ce7f,doc_ce7f_chunk_0007,root access
8343,doc_ce7f,doc_ce7f_chunk_0007,security keys
8344,doc_ce7f,doc_ce7f_chunk_0007,slurm client commands
8345,doc_ce7f,doc_ce7f_chunk_0007,slurm.conf
8346,doc_ce7f,doc_ce7f_chunk_0007,authentication method
8347,doc_ce7f,doc_ce7f_chunk_0008,SlurmctldHost
8348,doc_ce7f,doc_ce7f_chunk_0008,TCP connections
8349,doc_ce7f,doc_ce7f_chunk_0008,Inet service
8350,doc_ce7f,doc_ce7f_chunk_0008,High Availability
8351,doc_ce7f,doc_ce7f_chunk_0008,multiple SlurmctldHost
8352,doc_ce7f,doc_ce7f_chunk_0008,backup host
8353,doc_ce7f,doc_ce7f_chunk_0008,different node
8354,doc_ce7f,doc_ce7f_chunk_0008,common file system
8355,doc_ce7f,doc_ce7f_chunk_0008,StateSaveLocation
8356,doc_ce7f,doc_ce7f_chunk_0008,Configuration
8357,doc_ce7f,doc_ce7f_chunk_0008,transition between being the primary controller
8358,doc_ce7f,doc_ce7f_chunk_0008,BackupAddr
8359,doc_ce7f,doc_ce7f_chunk_0008,BackupController
8360,doc_ce7f,doc_ce7f_chunk_0008,SlurmctldPrimaryOnProg
8361,doc_ce7f,doc_ce7f_chunk_0008,SlurmctldPrimaryOffProg
8362,doc_ce7f,doc_ce7f_chunk_0009,slurmctld
8363,doc_ce7f,doc_ce7f_chunk_0009,state information
8364,doc_ce7f,doc_ce7f_chunk_0009,SAVE_MAX_WAIT
8365,doc_ce7f,doc_ce7f_chunk_0009,slurm.conf
8366,doc_ce7f,doc_ce7f_chunk_0009,slurmdbd
8367,doc_ce7f,doc_ce7f_chunk_0009,AccountingStorageBackupHost
8368,doc_ce7f,doc_ce7f_chunk_0009,slurmdbd.conf
8369,doc_ce7f,doc_ce7f_chunk_0009,DbdBackupHost
8370,doc_ce7f,doc_ce7f_chunk_0009,uniform user and group name space
8371,doc_ce7f,doc_ce7f_chunk_0009,Slurm communications
8372,doc_ce7f,doc_ce7f_chunk_0009,AuthType
8373,doc_ce7f,doc_ce7f_chunk_0009,MUNGE
8374,doc_ce7f,doc_ce7f_chunk_0009,munge.key
8375,doc_ce7f,doc_ce7f_chunk_0009,ntp
8376,doc_ce7f,doc_ce7f_chunk_0009,slurm authentication plugin
8377,doc_ce7f,doc_ce7f_chunk_0010,AuthType
8378,doc_ce7f,doc_ce7f_chunk_0010,slurm
8379,doc_ce7f,doc_ce7f_chunk_0010,internal authentication plugin
8380,doc_ce7f,doc_ce7f_chunk_0010,MUNGE
8381,doc_ce7f,doc_ce7f_chunk_0010,key file
8382,doc_ce7f,doc_ce7f_chunk_0010,jwt package
8383,doc_ce7f,doc_ce7f_chunk_0010,configure script
8384,doc_ce7f,doc_ce7f_chunk_0010,top-level directory
8385,doc_ce7f,doc_ce7f_chunk_0010,MPI support
8386,doc_ce7f,doc_ce7f_chunk_0010,MPI implementations
8387,doc_ce7f,doc_ce7f_chunk_0010,PriorityType
8388,doc_ce7f,doc_ce7f_chunk_0010,basic
8389,doc_ce7f,doc_ce7f_chunk_0010,multifactor
8390,doc_ce7f,doc_ce7f_chunk_0010,first-in-first-out
8391,doc_ce7f,doc_ce7f_chunk_0011,Slurm
8392,doc_ce7f,doc_ce7f_chunk_0011,builtin
8393,doc_ce7f,doc_ce7f_chunk_0011,backfill
8394,doc_ce7f,doc_ce7f_chunk_0011,priority order
8395,doc_ce7f,doc_ce7f_chunk_0011,first-in-first-out
8396,doc_ce7f,doc_ce7f_chunk_0011,Gang Scheduling
8397,doc_ce7f,doc_ce7f_chunk_0011,Preemption
8398,doc_ce7f,doc_ce7f_chunk_0011,Resource Reservation Guide
8399,doc_ce7f,doc_ce7f_chunk_0011,Resource Limits
8400,doc_ce7f,doc_ce7f_chunk_0011,Sharing
8401,doc_ce7f,doc_ce7f_chunk_0011,Consumable Resources
8402,doc_ce7f,doc_ce7f_chunk_0011,SelectType
8403,doc_ce7f,doc_ce7f_chunk_0011,cons_tres
8404,doc_ce7f,doc_ce7f_chunk_0011,syslog
8405,doc_ce7f,doc_ce7f_chunk_0011,SlurmctldLogFile
8406,doc_ce7f,doc_ce7f_chunk_0011,SlurmdLogFile
8407,doc_ce7f,doc_ce7f_chunk_0012,slurm.conf
8408,doc_ce7f,doc_ce7f_chunk_0012,SlurmUser
8409,doc_ce7f,doc_ce7f_chunk_0012,mcri
8410,doc_ce7f,doc_ce7f_chunk_0012,emcri
8411,doc_ce7f,doc_ce7f_chunk_0012,port numbers
8412,doc_ce7f,doc_ce7f_chunk_0012,communications
8413,doc_ce7f,doc_ce7f_chunk_0012,SlurmUser creation
8414,doc_ce7f,doc_ce7f_chunk_0012,log files
8415,doc_ce7f,doc_ce7f_chunk_0012,process ID files
8416,doc_ce7f,doc_ce7f_chunk_0012,state save directories
8417,doc_ce7f,doc_ce7f_chunk_0012,StateSaveLocation
8418,doc_ce7f,doc_ce7f_chunk_0012,low-latency local disk
8419,doc_ce7f,doc_ce7f_chunk_0012,backup host
8420,doc_ce7f,doc_ce7f_chunk_0012,shared mount
8421,doc_ce7f,doc_ce7f_chunk_0012,NFS
8422,doc_ce7f,doc_ce7f_chunk_0012,controller
8423,doc_ce7f,doc_ce7f_chunk_0012,queued jobs cancellation
8424,doc_ce7f,doc_ce7f_chunk_0013,Slurm
8425,doc_ce7f,doc_ce7f_chunk_0013,slurm.conf
8426,doc_ce7f,doc_ce7f_chunk_0013,SlurmctldHost
8427,doc_ce7f,doc_ce7f_chunk_0013,queued jobs
8428,doc_ce7f,doc_ce7f_chunk_0013,running jobs
8429,doc_ce7f,doc_ce7f_chunk_0013,node range expression
8430,doc_ce7f,doc_ce7f_chunk_0013,NodeName
8431,doc_ce7f,doc_ce7f_chunk_0013,NodeAddr
8432,doc_ce7f,doc_ce7f_chunk_0013,NodeHostname
8433,doc_ce7f,doc_ce7f_chunk_0013,slurm tools
8434,doc_ce7f,doc_ce7f_chunk_0013,partition
8435,doc_ce7f,doc_ce7f_chunk_0013,node
8436,doc_ce7f,doc_ce7f_chunk_0013,1154-node cluster
8437,doc_ce7f,doc_ce7f_chunk_0013,CPUs
8438,doc_ce7f,doc_ce7f_chunk_0013,RealMemory
8439,doc_ce7f,doc_ce7f_chunk_0013,TmpDisk
8440,doc_ce7f,doc_ce7f_chunk_0013,minimum configuration values
8441,doc_ce7f,doc_ce7f_chunk_0014,SlurmctldHost
8442,doc_ce7f,doc_ce7f_chunk_0014,mcri
8443,doc_ce7f,doc_ce7f_chunk_0014,mcrj
8444,doc_ce7f,doc_ce7f_chunk_0014,AuthType
8445,doc_ce7f,doc_ce7f_chunk_0014,munge
8446,doc_ce7f,doc_ce7f_chunk_0014,Epilog
8447,doc_ce7f,doc_ce7f_chunk_0014,JobCompLoc
8448,doc_ce7f,doc_ce7f_chunk_0014,JobCompType
8449,doc_ce7f,doc_ce7f_chunk_0014,PluginDir
8450,doc_ce7f,doc_ce7f_chunk_0014,Prolog
8451,doc_ce7f,doc_ce7f_chunk_0014,SchedulerType
8452,doc_ce7f,doc_ce7f_chunk_0014,select/linear
8453,doc_ce7f,doc_ce7f_chunk_0014,SlurmUser
8454,doc_ce7f,doc_ce7f_chunk_0014,SlurmctldPort
8455,doc_ce7f,doc_ce7f_chunk_0014,SlurmdPort
8456,doc_ce7f,doc_ce7f_chunk_0014,SlurmdSpoolDir
8457,doc_ce7f,doc_ce7f_chunk_0015,slurmctld
8458,doc_ce7f,doc_ce7f_chunk_0015,slurmd
8459,doc_ce7f,doc_ce7f_chunk_0015,srun
8460,doc_ce7f,doc_ce7f_chunk_0015,-N1
8461,doc_ce7f,doc_ce7f_chunk_0015,/bin/hostname
8462,doc_ce7f,doc_ce7f_chunk_0015,-c
8463,doc_ce7f,doc_ce7f_chunk_0015,scontrol
8464,doc_ce7f,doc_ce7f_chunk_0015,scontrol command
8465,doc_ce7f,doc_ce7f_chunk_0015,scontrol man page
8466,doc_ce7f,doc_ce7f_chunk_0015,scontrol show job
8467,doc_ce7f,doc_ce7f_chunk_0015,JobId
8468,doc_ce7f,doc_ce7f_chunk_0015,UserId
8469,doc_ce7f,doc_ce7f_chunk_0015,Name
8470,doc_ce7f,doc_ce7f_chunk_0015,JobState
8471,doc_ce7f,doc_ce7f_chunk_0015,Priority
8472,doc_ce7f,doc_ce7f_chunk_0015,Partition
8473,doc_ce7f,doc_ce7f_chunk_0015,BatchFlag
8474,doc_ce7f,doc_ce7f_chunk_0015,AllocNode
8475,doc_ce7f,doc_ce7f_chunk_0015,StartTime
8476,doc_ce7f,doc_ce7f_chunk_0016,scontrol
8477,doc_ce7f,doc_ce7f_chunk_0016,JobId
8478,doc_ce7f,doc_ce7f_chunk_0016,UserId
8479,doc_ce7f,doc_ce7f_chunk_0016,Name
8480,doc_ce7f,doc_ce7f_chunk_0016,JobState
8481,doc_ce7f,doc_ce7f_chunk_0016,Partition
8482,doc_ce7f,doc_ce7f_chunk_0016,BatchFlag
8483,doc_ce7f,doc_ce7f_chunk_0016,scontrol show job
8484,doc_ce7f,doc_ce7f_chunk_0016,scontrol update JobId
8485,doc_ce7f,doc_ce7f_chunk_0016,scontrol show node
8486,doc_ce7f,doc_ce7f_chunk_0016,State
8487,doc_ce7f,doc_ce7f_chunk_0016,CPUs
8488,doc_ce7f,doc_ce7f_chunk_0016,RealMemory
8489,doc_ce7f,doc_ce7f_chunk_0016,TmpDisk
8490,doc_ce7f,doc_ce7f_chunk_0016,Weight
8491,doc_ce7f,doc_ce7f_chunk_0016,Partition=debug
8492,doc_ce7f,doc_ce7f_chunk_0016,scontrol reconfig
8493,doc_ce7f,doc_ce7f_chunk_0016,scontrol show config
8494,doc_d199,doc_d199_chunk_0001,Slurmrestd
8495,doc_d199,doc_d199_chunk_0001,OpenAPI 3.0.2
8496,doc_d199,doc_d199_chunk_0001,/openapi.json
8497,doc_d199,doc_d199_chunk_0001,/openapi.yaml
8498,doc_d199,doc_d199_chunk_0001,/openapi/v3
8499,doc_d199,doc_d199_chunk_0001,SLURM_CONF
8500,doc_d199,doc_d199_chunk_0001,slurmrestd --generate-openapi-spec
8501,doc_d199,doc_d199_chunk_0001,slurmctld
8502,doc_d199,doc_d199_chunk_0001,slurmdbd
8503,doc_d199,doc_d199_chunk_0001,v0.0.40
8504,doc_d199,doc_d199_chunk_0001,plugins
8505,doc_d199,doc_d199_chunk_0001,OpenAPI Standard Compliance
8506,doc_d199,doc_d199_chunk_0002,Slurm
8507,doc_d199,doc_d199_chunk_0002,Slurmrestd
8508,doc_d199,doc_d199_chunk_0002,slurmdbd
8509,doc_d199,doc_d199_chunk_0002,openapi.json
8510,doc_d199,doc_d199_chunk_0002,rest_api_docs
8511,doc_d199,doc_d199_chunk_0002,Swagger
8512,doc_d199,doc_d199_chunk_0002,Slurm versions
8513,doc_d199,doc_d199_chunk_0002,Slurm-22.05
8514,doc_d199,doc_d199_chunk_0002,Slurm-24.05
8515,doc_d199,doc_d199_chunk_0002,v0.0.38
8516,doc_d199,doc_d199_chunk_0002,v0.0.40
8517,doc_d199,doc_d199_chunk_0002,method versioning
8518,doc_d199,doc_d199_chunk_0002,OpenAPI schema
8519,doc_d199,doc_d199_chunk_0002,client generators
8520,doc_d199,doc_d199_chunk_0003,OpenAPI
8521,doc_d199,doc_d199_chunk_0003,client generators
8522,doc_d199,doc_d199_chunk_0003,version tag
8523,doc_d199,doc_d199_chunk_0003,struct names
8524,doc_d199,doc_d199_chunk_0003,Slurm
8525,doc_d199,doc_d199_chunk_0003,Slurm versions
8526,doc_d199,doc_d199_chunk_0003,strongly typed language
8527,doc_d199,doc_d199_chunk_0003,json-diff
8528,doc_d199,doc_d199_chunk_0003,wrappers
8529,doc_d199,doc_d199_chunk_0003,c libraries
8530,doc_d199,doc_d199_chunk_0003,plugins
8531,doc_d199,doc_d199_chunk_0003,OpenAPI schema
8532,doc_d199,doc_d199_chunk_0003,v0.0.40
8533,doc_d199,doc_d199_chunk_0003,Slurm-23.11
8534,doc_d199,doc_d199_chunk_0003,Slurm-25.05
8535,doc_d199,doc_d199_chunk_0004,slurmrestd
8536,doc_d199,doc_d199_chunk_0004,slurmdbd
8537,doc_d199,doc_d199_chunk_0004,OAS
8538,doc_d199,doc_d199_chunk_0004,/slurmdb/
8539,doc_d199,doc_d199_chunk_0004,404 error
8540,doc_d199,doc_d199_chunk_0004,-d
8541,doc_d199,doc_d199_chunk_0004,-s
8542,doc_d199,doc_d199_chunk_0004,slurm.conf
8543,doc_d199,doc_d199_chunk_0004,slurmrestd plugins
8544,doc_d199,doc_d199_chunk_0004,OpenAPI standard
8545,doc_d199,doc_d199_chunk_0004,slurmrestd endpoints
8546,doc_d199,doc_d199_chunk_0004,versioned endpoints
8547,doc_d199,doc_d199_chunk_0004,ticket
8548,doc_d199,doc_d199_chunk_0004,bug
8549,doc_d199,doc_d199_chunk_0004,OpenAPI standard violation
8550,doc_d199,doc_d199_chunk_0005,Slurm
8551,doc_d199,doc_d199_chunk_0005,slurmdbd
8552,doc_d199,doc_d199_chunk_0005,slurmctld
8553,doc_d199,doc_d199_chunk_0005,slurmrestd
8554,doc_d199,doc_d199_chunk_0005,OpenAPI
8555,doc_d199,doc_d199_chunk_0005,OpenAPI standard
8556,doc_d199,doc_d199_chunk_0005,OpenAPI Specification (OAS)
8557,doc_d199,doc_d199_chunk_0005,slurm.conf
8558,doc_d199,doc_d199_chunk_0005,/dev/null
8559,doc_d199,doc_d199_chunk_0005,v0.0.41
8560,doc_d199,doc_d199_chunk_0005,v0.0.40
8561,doc_d199,doc_d199_chunk_0005,/tmp
8562,doc_d199,doc_d199_chunk_0005,JSON
8563,doc_d199,doc_d199_chunk_0005,YAML
8564,doc_d199,doc_d199_chunk_0005,unknown fields
8565,doc_d41b,doc_d41b_chunk_0001,Slurm
8566,doc_d41b,doc_d41b_chunk_0001,Accounting web page
8567,doc_d41b,doc_d41b_chunk_0001,Partition QOS
8568,doc_d41b,doc_d41b_chunk_0001,Job QOS
8569,doc_d41b,doc_d41b_chunk_0001,QOS flag 'OverPartQOS'
8570,doc_d41b,doc_d41b_chunk_0001,MaxJobs
8571,doc_d41b,doc_d41b_chunk_0001,MaxSubmitJobs
8572,doc_d41b,doc_d41b_chunk_0001,User association
8573,doc_d41b,doc_d41b_chunk_0001,Account association(s)
8574,doc_d41b,doc_d41b_chunk_0001,Root/Cluster association
8575,doc_d41b,doc_d41b_chunk_0001,Partition limit
8576,doc_d41b,doc_d41b_chunk_0001,Max[Time|Wall]
8577,doc_d41b,doc_d41b_chunk_0001,[Min|Max]Nodes
8578,doc_d41b,doc_d41b_chunk_0001,AccountingStorageType
8579,doc_d41b,doc_d41b_chunk_0001,slurm.conf
8580,doc_d41b,doc_d41b_chunk_0002,SlurmDBD
8581,doc_d41b,doc_d41b_chunk_0002,Slurm Database Daemon
8582,doc_d41b,doc_d41b_chunk_0002,MUNGE
8583,doc_d41b,doc_d41b_chunk_0002,Slurm authentication plugin
8584,doc_d41b,doc_d41b_chunk_0002,Slurm accounting storage plugin
8585,doc_d41b,doc_d41b_chunk_0002,data caching
8586,doc_d41b,doc_d41b_chunk_0002,pending requests
8587,doc_d41b,doc_d41b_chunk_0002,performance optimization
8588,doc_d41b,doc_d41b_chunk_0002,slurm-plugins RPMs
8589,doc_d41b,doc_d41b_chunk_0002,association
8590,doc_d41b,doc_d41b_chunk_0002,cluster name
8591,doc_d41b,doc_d41b_chunk_0002,bank account
8592,doc_d41b,doc_d41b_chunk_0002,user
8593,doc_d41b,doc_d41b_chunk_0002,Slurm partition
8594,doc_d41b,doc_d41b_chunk_0002,AccountingStorageEnforce
8595,doc_d41b,doc_d41b_chunk_0003,Slurm
8596,doc_d41b,doc_d41b_chunk_0003,qos
8597,doc_d41b,doc_d41b_chunk_0003,Quality of Service
8598,doc_d41b,doc_d41b_chunk_0003,associations
8599,doc_d41b,doc_d41b_chunk_0003,TRES-minutes
8600,doc_d41b,doc_d41b_chunk_0003,safe
8601,doc_d41b,doc_d41b_chunk_0003,wckeys
8602,doc_d41b,doc_d41b_chunk_0003,wckey
8603,doc_d41b,doc_d41b_chunk_0003,AccountingStorageEnforce
8604,doc_d41b,doc_d41b_chunk_0003,sacctmgr
8605,doc_d41b,doc_d41b_chunk_0003,accounting policy
8606,doc_d41b,doc_d41b_chunk_0003,cluster
8607,doc_d41b,doc_d41b_chunk_0003,account
8608,doc_d41b,doc_d41b_chunk_0003,user names
8609,doc_d41b,doc_d41b_chunk_0003,partition name
8610,doc_d41b,doc_d41b_chunk_0004,sacctmgr
8611,doc_d41b,doc_d41b_chunk_0004,cluster
8612,doc_d41b,doc_d41b_chunk_0004,user association
8613,doc_d41b,doc_d41b_chunk_0004,bank account
8614,doc_d41b,doc_d41b_chunk_0004,partition records
8615,doc_d41b,doc_d41b_chunk_0004,scheduling policy
8616,doc_d41b,doc_d41b_chunk_0004,Slurm control daemons
8617,doc_d41b,doc_d41b_chunk_0004,association record
8618,doc_d41b,doc_d41b_chunk_0004,limits
8619,doc_d41b,doc_d41b_chunk_0004,scheduling policies (Associations)
8620,doc_d41b,doc_d41b_chunk_0004,user association limits
8621,doc_d41b,doc_d41b_chunk_0004,account limits
8622,doc_d41b,doc_d41b_chunk_0004,cluster limits
8623,doc_d41b,doc_d41b_chunk_0004,sacctmgr man page
8624,doc_d41b,doc_d41b_chunk_0005,sacctmgr
8625,doc_d41b,doc_d41b_chunk_0005,Fairshare
8626,doc_d41b,doc_d41b_chunk_0005,Integer value
8627,doc_d41b,doc_d41b_chunk_0005,priority
8628,doc_d41b,doc_d41b_chunk_0005,association
8629,doc_d41b,doc_d41b_chunk_0005,children
8630,doc_d41b,doc_d41b_chunk_0005,parent
8631,doc_d41b,doc_d41b_chunk_0005,GrpJobs
8632,doc_d41b,doc_d41b_chunk_0005,total jobs
8633,doc_d41b,doc_d41b_chunk_0005,GrpJobsAccrue
8634,doc_d41b,doc_d41b_chunk_0005,pending jobs
8635,doc_d41b,doc_d41b_chunk_0005,age priority
8636,doc_d41b,doc_d41b_chunk_0005,GrpSubmitJobs
8637,doc_d41b,doc_d41b_chunk_0005,total jobs to submit
8638,doc_d41b,doc_d41b_chunk_0006,GrpSubmitJobs
8639,doc_d41b,doc_d41b_chunk_0006,GrpTRES
8640,doc_d41b,doc_d41b_chunk_0006,TRES
8641,doc_d41b,doc_d41b_chunk_0006,GrpTRESRunMins
8642,doc_d41b,doc_d41b_chunk_0006,GrpWall
8643,doc_d41b,doc_d41b_chunk_0006,PriorityDecayHalfLife
8644,doc_d41b,doc_d41b_chunk_0006,PriorityUsageResetPeriod
8645,doc_d41b,doc_d41b_chunk_0006,Priority Multifactor plugin
8646,doc_d41b,doc_d41b_chunk_0007,MaxJobs
8647,doc_d41b,doc_d41b_chunk_0007,PriorityDecayHalfLife
8648,doc_d41b,doc_d41b_chunk_0007,PriorityUsageResetPeriod
8649,doc_d41b,doc_d41b_chunk_0007,MaxJobsAccrue
8650,doc_d41b,doc_d41b_chunk_0007,MaxSubmitJobs
8651,doc_d41b,doc_d41b_chunk_0007,MaxTRESMinsPerJob
8652,doc_d41b,doc_d41b_chunk_0007,MaxTRESPerJob
8653,doc_d41b,doc_d41b_chunk_0007,MaxWallDurationPerJob
8654,doc_d41b,doc_d41b_chunk_0007,MinPrioThreshold
8655,doc_d41b,doc_d41b_chunk_0007,bf_min_prio_reserve
8656,doc_d41b,doc_d41b_chunk_0008,MinPrioThreshold
8657,doc_d41b,doc_d41b_chunk_0008,QOS
8658,doc_d41b,doc_d41b_chunk_0008,sacctmgr
8659,doc_d41b,doc_d41b_chunk_0008,GrpTRES
8660,doc_d41b,doc_d41b_chunk_0008,TRES
8661,doc_d41b,doc_d41b_chunk_0008,SET
8662,doc_d41b,doc_d41b_chunk_0008,UNSET
8663,doc_d41b,doc_d41b_chunk_0008,cpu
8664,doc_d41b,doc_d41b_chunk_0008,mem
8665,doc_d41b,doc_d41b_chunk_0008,gres/gpu
8666,doc_d41b,doc_d41b_chunk_0008,OverPartQOS
8667,doc_d41b,doc_d41b_chunk_0008,Preemption grace time
8668,doc_d41b,doc_d41b_chunk_0008,GraceTime
8669,doc_d41b,doc_d41b_chunk_0008,Preemption
8670,doc_d41b,doc_d41b_chunk_0008,QOS PreemptMode
8671,doc_d41b,doc_d41b_chunk_0008,CANCEL
8672,doc_d41b,doc_d41b_chunk_0008,REQUEUE
8673,doc_d41b,doc_d41b_chunk_0009,GrpSubmitJobs
8674,doc_d41b,doc_d41b_chunk_0009,QOS
8675,doc_d41b,doc_d41b_chunk_0009,partition's QOS
8676,doc_d41b,doc_d41b_chunk_0009,GrpTRES
8677,doc_d41b,doc_d41b_chunk_0009,TRES
8678,doc_d41b,doc_d41b_chunk_0009,job's QOS
8679,doc_d41b,doc_d41b_chunk_0009,GrpTRESMins
8680,doc_d41b,doc_d41b_chunk_0009,PriorityDecayHalfLife
8681,doc_d41b,doc_d41b_chunk_0009,PriorityUsageResetPeriod
8682,doc_d41b,doc_d41b_chunk_0009,NoDecay
8683,doc_d41b,doc_d41b_chunk_0009,QOS Options
8684,doc_d41b,doc_d41b_chunk_0009,GrpTRESRunMins
8685,doc_d41b,doc_d41b_chunk_0009,TRES minutes
8686,doc_d41b,doc_d41b_chunk_0009,Priority Multifactor plugin
8687,doc_d41b,doc_d41b_chunk_0010,GrpWall
8688,doc_d41b,doc_d41b_chunk_0010,QOS
8689,doc_d41b,doc_d41b_chunk_0010,time limit
8690,doc_d41b,doc_d41b_chunk_0010,QOS Options
8691,doc_d41b,doc_d41b_chunk_0010,LimitFactor
8692,doc_d41b,doc_d41b_chunk_0010,associations
8693,doc_d41b,doc_d41b_chunk_0010,GrpTRES
8694,doc_d41b,doc_d41b_chunk_0010,MaxJobsAccruePerAccount
8695,doc_d41b,doc_d41b_chunk_0010,MaxJobsAccruePerUser
8696,doc_d41b,doc_d41b_chunk_0010,priority
8697,doc_d41b,doc_d41b_chunk_0010,age factor
8698,doc_d41b,doc_d41b_chunk_0010,NoDecay flag
8699,doc_d41b,doc_d41b_chunk_0010,PriorityDecayHalfLife
8700,doc_d41b,doc_d41b_chunk_0010,PriorityUsageResetPeriod
8701,doc_d41b,doc_d41b_chunk_0011,MaxJobsPerAccount
8702,doc_d41b,doc_d41b_chunk_0011,MaxJobsPerUser
8703,doc_d41b,doc_d41b_chunk_0011,MaxSubmitJobsPerUser
8704,doc_d41b,doc_d41b_chunk_0011,MaxTRESMinsPerJob
8705,doc_d41b,doc_d41b_chunk_0011,MaxTRESPerAccount
8706,doc_d41b,doc_d41b_chunk_0011,MaxTRESPerJob
8707,doc_d41b,doc_d41b_chunk_0011,MaxTRESPerNode
8708,doc_d41b,doc_d41b_chunk_0011,MaxTRESPerUser
8709,doc_d41b,doc_d41b_chunk_0011,MaxWallDurationPerJob
8710,doc_d41b,doc_d41b_chunk_0011,min
8711,doc_d41b,doc_d41b_chunk_0011,sec
8712,doc_d41b,doc_d41b_chunk_0011,hr
8713,doc_d41b,doc_d41b_chunk_0011,days
8714,doc_d41b,doc_d41b_chunk_0012,MinPrioThreshold
8715,doc_d41b,doc_d41b_chunk_0012,MinTRESPerJob
8716,doc_d41b,doc_d41b_chunk_0012,TRES
8717,doc_d41b,doc_d41b_chunk_0012,QOS
8718,doc_d41b,doc_d41b_chunk_0012,UsageFactor
8719,doc_d41b,doc_d41b_chunk_0012,TRESBillingUnit
8720,doc_d41b,doc_d41b_chunk_0012,slurm.conf
8721,doc_d41b,doc_d41b_chunk_0012,AccountingStorageEnforce
8722,doc_d41b,doc_d41b_chunk_0013,slurm.conf
8723,doc_d41b,doc_d41b_chunk_0013,AccountingStorageEnforce
8724,doc_d41b,doc_d41b_chunk_0013,MaxNodes
8725,doc_d41b,doc_d41b_chunk_0013,MaxTime
8726,doc_d41b,doc_d41b_chunk_0013,MaxJobs
8727,doc_d41b,doc_d41b_chunk_0013,QOS
8728,doc_d41b,doc_d41b_chunk_0013,Partition QOS
8729,doc_d41b,doc_d41b_chunk_0013,GrpTRES
8730,doc_d41b,doc_d41b_chunk_0013,GRES
8731,doc_d41b,doc_d41b_chunk_0013,gpu
8732,doc_d41b,doc_d41b_chunk_0013,tesla
8733,doc_d41b,doc_d41b_chunk_0013,MaxTRESPerUser
8734,doc_d41b,doc_d41b_chunk_0013,lua job submit plugin
8735,doc_d41b,doc_d41b_chunk_0013,priority/multifactor plugin
8736,doc_d41b,doc_d41b_chunk_0013,slurm_job_submit
8737,doc_d41b,doc_d41b_chunk_0013,part_list
8738,doc_d41b,doc_d41b_chunk_0014,lua job submit plugin
8739,doc_d41b,doc_d41b_chunk_0014,slurm_job_submit
8740,doc_d41b,doc_d41b_chunk_0014,gres_request
8741,doc_d41b,doc_d41b_chunk_0014,job_desc
8742,doc_d41b,doc_d41b_chunk_0014,tres_per_job
8743,doc_d41b,doc_d41b_chunk_0014,tres_per_socket
8744,doc_d41b,doc_d41b_chunk_0014,tres_per_task
8745,doc_d41b,doc_d41b_chunk_0014,tres_per_node
8746,doc_d41b,doc_d41b_chunk_0014,slurm.log_info
8747,doc_d41b,doc_d41b_chunk_0014,slurm.user_msg
8748,doc_d41b,doc_d41b_chunk_0014,slurm.ERROR
8749,doc_d41b,doc_d41b_chunk_0014,gres/gpu
8750,doc_d41b,doc_d41b_chunk_0014,TRESBillingWeights
8751,doc_d41b,doc_d41b_chunk_0014,partition
8752,doc_d9be,doc_d9be_chunk_0001,Slurm
8753,doc_d9be,doc_d9be_chunk_0001,slurmctld
8754,doc_d9be,doc_d9be_chunk_0001,select plugin
8755,doc_d9be,doc_d9be_chunk_0001,SelectType
8756,doc_d9be,doc_d9be_chunk_0001,SelectTypeParameters
8757,doc_d9be,doc_d9be_chunk_0001,select/linear
8758,doc_d9be,doc_d9be_chunk_0001,select/cons_tres
8759,doc_d9be,doc_d9be_chunk_0001,NodeName
8760,doc_d9be,doc_d9be_chunk_0001,node
8761,doc_d9be,doc_d9be_chunk_0001,sockets
8762,doc_d9be,doc_d9be_chunk_0001,cores
8763,doc_d9be,doc_d9be_chunk_0001,threads
8764,doc_d9be,doc_d9be_chunk_0001,processors
8765,doc_d9be,doc_d9be_chunk_0001,logical CPUs
8766,doc_d9be,doc_d9be_chunk_0001,PartitionName
8767,doc_d9be,doc_d9be_chunk_0001,partition
8768,doc_d9be,doc_d9be_chunk_0001,slurm.conf
8769,doc_d9be,doc_d9be_chunk_0001,man page
8770,doc_d9be,doc_d9be_chunk_0002,SlurmdParameters
8771,doc_d9be,doc_d9be_chunk_0002,config_overrides
8772,doc_d9be,doc_d9be_chunk_0002,SelectType
8773,doc_d9be,doc_d9be_chunk_0002,select/linear
8774,doc_d9be,doc_d9be_chunk_0002,select/cons_tres
8775,doc_d9be,doc_d9be_chunk_0002,CR_CPU
8776,doc_d9be,doc_d9be_chunk_0002,CR_CPU_Memory
8777,doc_d9be,doc_d9be_chunk_0002,CR_Core
8778,doc_d9be,doc_d9be_chunk_0002,CR_Core_Memory
8779,doc_d9be,doc_d9be_chunk_0002,CR_Socket
8780,doc_d9be,doc_d9be_chunk_0002,CR_Socket_Memory
8781,doc_d9be,doc_d9be_chunk_0002,-B
8782,doc_d9be,doc_d9be_chunk_0002,--extra-node-info
8783,doc_d9be,doc_d9be_chunk_0002,-C
8784,doc_d9be,doc_d9be_chunk_0002,--constraint
8785,doc_d9be,doc_d9be_chunk_0002,--contiguous
8786,doc_d9be,doc_d9be_chunk_0003,SelectType
8787,doc_d9be,doc_d9be_chunk_0003,block allocation
8788,doc_d9be,doc_d9be_chunk_0003,cyclic allocation
8789,doc_d9be,doc_d9be_chunk_0003,slurmctld
8790,doc_d9be,doc_d9be_chunk_0003,slurm.conf
8791,doc_d9be,doc_d9be_chunk_0003,NodeName
8792,doc_d9be,doc_d9be_chunk_0003,partitionName
8793,doc_d9be,doc_d9be_chunk_0003,slurm.conf parameter
8794,doc_d9be,doc_d9be_chunk_0003,Nodes
8795,doc_d9be,doc_d9be_chunk_0003,OverSubscribe
8796,doc_d9be,doc_d9be_chunk_0003,MaxNodes
8797,doc_d9be,doc_d9be_chunk_0003,config_overrides
8798,doc_d9be,doc_d9be_chunk_0003,slurmdParameters
8799,doc_d9be,doc_d9be_chunk_0004,SlurmdParameters
8800,doc_d9be,doc_d9be_chunk_0004,config_overrides
8801,doc_d9be,doc_d9be_chunk_0004,SelectType
8802,doc_d9be,doc_d9be_chunk_0004,CR_CPU
8803,doc_d9be,doc_d9be_chunk_0004,CR_CPU_Memory
8804,doc_d9be,doc_d9be_chunk_0004,CR_Core
8805,doc_d9be,doc_d9be_chunk_0004,CR_Core_Memory
8806,doc_d9be,doc_d9be_chunk_0004,CR_Socket
8807,doc_d9be,doc_d9be_chunk_0004,CR_Socket_Memory
8808,doc_d9be,doc_d9be_chunk_0004,-B
8809,doc_d9be,doc_d9be_chunk_0004,--extra-node-info
8810,doc_d9be,doc_d9be_chunk_0004,-C
8811,doc_d9be,doc_d9be_chunk_0004,--constraint
8812,doc_d9be,doc_d9be_chunk_0004,--contiguous
8813,doc_d9be,doc_d9be_chunk_0004,--cores-per-socket
8814,doc_d9be,doc_d9be_chunk_0005,srun
8815,doc_d9be,doc_d9be_chunk_0005,salloc
8816,doc_d9be,doc_d9be_chunk_0005,sbatch
8817,doc_d9be,doc_d9be_chunk_0005,--distribution
8818,doc_d9be,doc_d9be_chunk_0005,-mblock
8819,doc_d9be,doc_d9be_chunk_0005,cyclic
8820,doc_d9be,doc_d9be_chunk_0005,arbitrary
8821,doc_d9be,doc_d9be_chunk_0005,plane
8822,doc_d9be,doc_d9be_chunk_0005,--ntasks-per-core
8823,doc_d9be,doc_d9be_chunk_0005,--ntasks-per-socket
8824,doc_d9be,doc_d9be_chunk_0005,--ntasks-per-node
8825,doc_d9be,doc_d9be_chunk_0005,--r
8826,doc_d9be,doc_d9be_chunk_0005,--relative
8827,doc_d9be,doc_d9be_chunk_0005,Step 4
8828,doc_d9be,doc_d9be_chunk_0005,TaskPlugins
8829,doc_d9be,doc_d9be_chunk_0005,task/none
8830,doc_d9be,doc_d9be_chunk_0005,task/affinity
8831,doc_d9be,doc_d9be_chunk_0006,scontrol
8832,doc_d9be,doc_d9be_chunk_0006,--details
8833,doc_d9be,doc_d9be_chunk_0006,job
8834,doc_d9be,doc_d9be_chunk_0006,nodes
8835,doc_d9be,doc_d9be_chunk_0006,CPU ids
8836,doc_d9be,doc_d9be_chunk_0006,Slurm abstract CPU ids
8837,doc_d9be,doc_d9be_chunk_0006,/proc/<pid>/status
8838,doc_d9be,doc_d9be_chunk_0006,cat
8839,doc_d9be,doc_d9be_chunk_0006,grep Cpus_allowed_list
8840,doc_d9be,doc_d9be_chunk_0006,pid
8841,doc_d9be,doc_d9be_chunk_0006,slurm.conf
8842,doc_d9be,doc_d9be_chunk_0006,node definitions
8843,doc_d9be,doc_d9be_chunk_0006,logical CPUs
8844,doc_d9be,doc_d9be_chunk_0006,abstract CPU numbers
8845,doc_d9be,doc_d9be_chunk_0006,physical CPU numbers
8846,doc_d9be,doc_d9be_chunk_0006,task affinity
8847,doc_d9be,doc_d9be_chunk_0006,CPU/task binding
8848,doc_d9be,doc_d9be_chunk_0007,Slurm
8849,doc_d9be,doc_d9be_chunk_0007,srun
8850,doc_d9be,doc_d9be_chunk_0007,SelectType
8851,doc_d9be,doc_d9be_chunk_0007,select/linear
8852,doc_d9be,doc_d9be_chunk_0007,--nodes
8853,doc_d9be,doc_d9be_chunk_0007,CPU management
8854,doc_d9be,doc_d9be_chunk_0007,Slurm Accounting
8855,doc_d9be,doc_d9be_chunk_0007,sacctmgr
8856,doc_d9be,doc_d9be_chunk_0007,users
8857,doc_d9be,doc_d9be_chunk_0007,groups
8858,doc_d9be,doc_d9be_chunk_0007,clusters
8859,doc_d9be,doc_d9be_chunk_0007,cores
8860,doc_d9be,doc_d9be_chunk_0007,threadsPerCore
8861,doc_d9be,doc_d9be_chunk_0007,Procs
8862,doc_d9be,doc_d9be_chunk_0007,State
8863,doc_d9be,doc_d9be_chunk_0007,IDLE
8864,doc_d9be,doc_d9be_chunk_0007,PartitionName
8865,doc_d9be,doc_d9be_chunk_0007,Nodes
8866,doc_d9be,doc_d9be_chunk_0007,OverSubscribe
8867,doc_d9be,doc_d9be_chunk_0008,Slurm
8868,doc_d9be,doc_d9be_chunk_0008,srun
8869,doc_d9be,doc_d9be_chunk_0008,--nodes
8870,doc_d9be,doc_d9be_chunk_0008,default partition
8871,doc_d9be,doc_d9be_chunk_0008,CPUs
8872,doc_d9be,doc_d9be_chunk_0008,tasks
8873,doc_d9be,doc_d9be_chunk_0008,SelectType
8874,doc_d9be,doc_d9be_chunk_0008,SelectTypeParameters
8875,doc_d9be,doc_d9be_chunk_0008,CR_Core
8876,doc_d9be,doc_d9be_chunk_0008,CR_CORE_DEFAULT_DIST_BLOCK
8877,doc_d9be,doc_d9be_chunk_0008,consumable resources
8878,doc_d9be,doc_d9be_chunk_0008,allocation
8879,doc_d9be,doc_d9be_chunk_0008,fragmentation
8880,doc_d9be,doc_d9be_chunk_0008,minimization
8881,doc_d9be,doc_d9be_chunk_0008,node
8882,doc_d9be,doc_d9be_chunk_0008,socket
8883,doc_d9be,doc_d9be_chunk_0009,CR_CORE_DEFAULT_DIST_BLOCK
8884,doc_d9be,doc_d9be_chunk_0009,Slurm
8885,doc_d9be,doc_d9be_chunk_0009,SelectType
8886,doc_d9be,doc_d9be_chunk_0009,SelectTypeParameters
8887,doc_d9be,doc_d9be_chunk_0009,srun
8888,doc_d9be,doc_d9be_chunk_0009,--nodes
8889,doc_d9be,doc_d9be_chunk_0009,--ntasks-per-node
8890,doc_d9be,doc_d9be_chunk_0009,--distribution
8891,doc_d9be,doc_d9be_chunk_0009,cyclic
8892,doc_d9be,doc_d9be_chunk_0009,--ntasks
8893,doc_d9be,doc_d9be_chunk_0009,--cpus-per-task
8894,doc_d9be,doc_d9be_chunk_0009,default partition
8895,doc_d9be,doc_d9be_chunk_0009,consumable resources
8896,doc_d9be,doc_d9be_chunk_0009,6 tasks
8897,doc_d9be,doc_d9be_chunk_0009,2 unique CPUs per task
8898,doc_d9be,doc_d9be_chunk_0009,3 nodes
8899,doc_d9be,doc_d9be_chunk_0011,OverSubscribe
8900,doc_d9be,doc_d9be_chunk_0011,partition
8901,doc_d9be,doc_d9be_chunk_0011,hypernode
8902,doc_d9be,doc_d9be_chunk_0011,srun
8903,doc_d9be,doc_d9be_chunk_0011,--ntasks
8904,doc_d9be,doc_d9be_chunk_0011,SelectType
8905,doc_d9be,doc_d9be_chunk_0011,SelectTypeParameters
8906,doc_d9be,doc_d9be_chunk_0011,CR_CPU
8907,doc_d9be,doc_d9be_chunk_0011,socket
8908,doc_d9be,doc_d9be_chunk_0011,Core
8909,doc_d9be,doc_d9be_chunk_0011,CPU
8910,doc_d9be,doc_d9be_chunk_0011,n3
8911,doc_d9be,doc_d9be_chunk_0011,--hint
8912,doc_d9be,doc_d9be_chunk_0011,consumable resources
8913,doc_d9be,doc_d9be_chunk_0011,multithreaded node
8914,doc_d9be,doc_d9be_chunk_0011,allocating one thread per core
8915,doc_d9be,doc_d9be_chunk_0011,default partition
8916,doc_d9be,doc_d9be_chunk_0011,node
8917,doc_d9be,doc_d9be_chunk_0012,Slurm
8918,doc_d9be,doc_d9be_chunk_0012,srun
8919,doc_d9be,doc_d9be_chunk_0012,--nodes
8920,doc_d9be,doc_d9be_chunk_0012,--ntasks
8921,doc_d9be,doc_d9be_chunk_0012,--cpus-per-task
8922,doc_d9be,doc_d9be_chunk_0012,--cpu-bind
8923,doc_d9be,doc_d9be_chunk_0012,--distribution
8924,doc_d9be,doc_d9be_chunk_0012,block allocation method
8925,doc_d9be,doc_d9be_chunk_0012,block distribution method
8926,doc_d9be,doc_d9be_chunk_0012,socket binding
8927,doc_d9be,doc_d9be_chunk_0012,Nodenamen0
8928,doc_d9be,doc_d9be_chunk_0012,Socket id01
8929,doc_d9be,doc_d9be_chunk_0012,Allocated CPU ids
8930,doc_d9be,doc_d9be_chunk_0012,Binding of Tasks to CPUs
8931,doc_d9be,doc_d9be_chunk_0012,Task ids
8932,doc_d9be,doc_d9be_chunk_0013,srun
8933,doc_d9be,doc_d9be_chunk_0013,--nodes
8934,doc_d9be,doc_d9be_chunk_0013,--ntasks
8935,doc_d9be,doc_d9be_chunk_0013,--cpus-per-task
8936,doc_d9be,doc_d9be_chunk_0013,--cpu-bind
8937,doc_d9be,doc_d9be_chunk_0013,--distribution
8938,doc_d9be,doc_d9be_chunk_0013,block allocation
8939,doc_d9be,doc_d9be_chunk_0013,cyclic distribution
8940,doc_d9be,doc_d9be_chunk_0013,socket binding
8941,doc_d9be,doc_d9be_chunk_0013,CPU ids
8942,doc_d9be,doc_d9be_chunk_0013,task ids
8943,doc_d9be,doc_d9be_chunk_0013,Nodenamen
8944,doc_d9be,doc_d9be_chunk_0013,Socket id
8945,doc_d9be,doc_d9be_chunk_0013,allocated CPUs
8946,doc_d9be,doc_d9be_chunk_0013,CR_CORE_DEFAULT_DIST_BLOCK
8947,doc_d9be,doc_d9be_chunk_0013,default partition
8948,doc_d9be,doc_d9be_chunk_0013,task affinity
8949,doc_d9be,doc_d9be_chunk_0014,Slurm
8950,doc_d9be,doc_d9be_chunk_0014,6 CPUs
8951,doc_d9be,doc_d9be_chunk_0014,cyclic:block
8952,doc_d9be,doc_d9be_chunk_0014,--distribution
8953,doc_d9be,doc_d9be_chunk_0014,Nodenamen0n1n2
8954,doc_d9be,doc_d9be_chunk_0014,Socket id010101
8955,doc_d9be,doc_d9be_chunk_0014,Allocated CPU ids
8956,doc_d9be,doc_d9be_chunk_0014,Number of Tasks666
8957,doc_d9be,doc_d9be_chunk_0014,SelectType
8958,doc_d9be,doc_d9be_chunk_0014,SelectTypeParameters
8959,doc_d9be,doc_d9be_chunk_0014,TaskPlugin
8960,doc_d9be,doc_d9be_chunk_0014,srun
8961,doc_d9be,doc_d9be_chunk_0014,--ntasks
8962,doc_d9be,doc_d9be_chunk_0014,--cpus-per-task
8963,doc_d9be,doc_d9be_chunk_0015,Slurm
8964,doc_d9be,doc_d9be_chunk_0015,SelectType
8965,doc_d9be,doc_d9be_chunk_0015,SelectTypeParameters
8966,doc_d9be,doc_d9be_chunk_0015,CR_Core
8967,doc_d9be,doc_d9be_chunk_0015,TaskPlugin
8968,doc_d9be,doc_d9be_chunk_0015,cgroup.conf
8969,doc_d9be,doc_d9be_chunk_0015,ConstrainCores
8970,doc_d9be,doc_d9be_chunk_0015,srun
8971,doc_d9be,doc_d9be_chunk_0015,--nodes
8972,doc_d9be,doc_d9be_chunk_0015,--ntasks
8973,doc_d9be,doc_d9be_chunk_0015,default partition
8974,doc_d9be,doc_d9be_chunk_0015,slurm.conf
8975,doc_d9be,doc_d9be_chunk_0015,task/cgroup
8976,doc_d9be,doc_d9be_chunk_0015,block method
8977,doc_d9be,doc_d9be_chunk_0015,cpu binding
8978,doc_d9be,doc_d9be_chunk_0015,task/affinity
8979,doc_e2a1,doc_e2a1_chunk_0001,Slurm
8980,doc_e2a1,doc_e2a1_chunk_0001,slurmctld
8981,doc_e2a1,doc_e2a1_chunk_0001,slurmdbd
8982,doc_e2a1,doc_e2a1_chunk_0001,slurmd
8983,doc_e2a1,doc_e2a1_chunk_0001,slurm.conf
8984,doc_e2a1,doc_e2a1_chunk_0001,SlurmctldPort
8985,doc_e2a1,doc_e2a1_chunk_0001,outbound connections
8986,doc_e2a1,doc_e2a1_chunk_0001,IPv4
8987,doc_e2a1,doc_e2a1_chunk_0001,IPv6
8988,doc_e2a1,doc_e2a1_chunk_0001,EnableIPv6
8989,doc_e2a1,doc_e2a1_chunk_0002,slurmdbd
8990,doc_e2a1,doc_e2a1_chunk_0002,slurmd
8991,doc_e2a1,doc_e2a1_chunk_0002,slurm.conf
8992,doc_e2a1,doc_e2a1_chunk_0002,slurmdbd.conf
8993,doc_e2a1,doc_e2a1_chunk_0002,CommunicationParameters
8994,doc_e2a1,doc_e2a1_chunk_0002,EnableIPv6
8995,doc_e2a1,doc_e2a1_chunk_0002,DisableIPv4
8996,doc_e2a1,doc_e2a1_chunk_0002,DbdPort
8997,doc_e2a1,doc_e2a1_chunk_0002,StoragePort
8998,doc_e2a1,doc_e2a1_chunk_0002,MySQL
8999,doc_e2a1,doc_e2a1_chunk_0002,MariaDB
9000,doc_e2a1,doc_e2a1_chunk_0002,slurmctld
9001,doc_e2a1,doc_e2a1_chunk_0003,SlurmdPort
9002,doc_e2a1,doc_e2a1_chunk_0003,slurm.conf
9003,doc_e2a1,doc_e2a1_chunk_0003,SrunPortRange
9004,doc_e2a1,doc_e2a1_chunk_0003,slurmctld
9005,doc_e2a1,doc_e2a1_chunk_0003,slurmdbd
9006,doc_e2a1,doc_e2a1_chunk_0003,salloc
9007,doc_e2a1,doc_e2a1_chunk_0003,sacctmgr
9008,doc_e2a1,doc_e2a1_chunk_0003,sbatch
9009,doc_e2a1,doc_e2a1_chunk_0003,sbcast
9010,doc_e2a1,doc_e2a1_chunk_0003,scancel
9011,doc_e2a1,doc_e2a1_chunk_0003,scontrol
9012,doc_e2a1,doc_e2a1_chunk_0003,sdiag
9013,doc_e2a1,doc_e2a1_chunk_0003,sinfo
9014,doc_e2a1,doc_e2a1_chunk_0003,sprio
9015,doc_e2a1,doc_e2a1_chunk_0004,srun
9016,doc_e2a1,doc_e2a1_chunk_0004,slurmctld
9017,doc_e2a1,doc_e2a1_chunk_0004,slurmd
9018,doc_e2a1,doc_e2a1_chunk_0004,slurmstepd
9019,doc_e2a1,doc_e2a1_chunk_0004,slurmctld credential
9020,doc_e2a1,doc_e2a1_chunk_0004,I/O sockets
9021,doc_e2a1,doc_e2a1_chunk_0004,slurmdbd
9022,doc_e2a1,doc_e2a1_chunk_0004,fallback slurmctld
9023,doc_e2a1,doc_e2a1_chunk_0004,fallback slurmdbd
9024,doc_e2a1,doc_e2a1_chunk_0004,secondary slurmctld
9025,doc_e2a1,doc_e2a1_chunk_0004,multiple clusters
9026,doc_e2a1,doc_e2a1_chunk_0004,multi-Cluster configuration
9027,doc_e2a1,doc_e2a1_chunk_0004,Multi-Cluster Operation documentation
9028,doc_e2a1,doc_e2a1_chunk_0004,federation
9029,doc_e2a1,doc_e2a1_chunk_0005,slurmctld
9030,doc_e2a1,doc_e2a1_chunk_0005,slurmdbd
9031,doc_e2a1,doc_e2a1_chunk_0005,slurmd
9032,doc_e2a1,doc_e2a1_chunk_0005,slurm.conf
9033,doc_e2a1,doc_e2a1_chunk_0005,slurmdbd.conf
9034,doc_e2a1,doc_e2a1_chunk_0005,CommunicationParameters
9035,doc_e2a1,doc_e2a1_chunk_0005,EnableIPv6
9036,doc_e2a1,doc_e2a1_chunk_0005,DisableIPv4
9037,doc_e2a1,doc_e2a1_chunk_0005,IPv6
9038,doc_e2a1,doc_e2a1_chunk_0005,IPv4
9039,doc_e2a1,doc_e2a1_chunk_0005,getaddrinfo
9040,doc_e2a1,doc_e2a1_chunk_0005,/etc/gai.conf
9041,doc_e2a1,doc_e2a1_chunk_0005,precedence
9042,doc_e2a1,doc_e2a1_chunk_0005,::ffff:0:0/96
9043,doc_e2ce,doc_e2ce_chunk_0001,Slurm 22.05
9044,doc_e2ce,doc_e2ce_chunk_0001,dynamic node
9045,doc_e2ce,doc_e2ce_chunk_0001,slurm.conf
9046,doc_e2ce,doc_e2ce_chunk_0001,NodeAddr
9047,doc_e2ce,doc_e2ce_chunk_0001,NodeHostname
9048,doc_e2ce,doc_e2ce_chunk_0001,MaxNodeCount
9049,doc_e2ce,doc_e2ce_chunk_0001,SelectType
9050,doc_e2ce,doc_e2ce_chunk_0001,cons_tres
9051,doc_e2ce,doc_e2ce_chunk_0001,partition
9052,doc_e2ce,doc_e2ce_chunk_0001,ALL
9053,doc_e2ce,doc_e2ce_chunk_0001,Nodeset
9054,doc_e2ce,doc_e2ce_chunk_0001,Feature
9055,doc_e2ce,doc_e2ce_chunk_0001,PartitionName
9056,doc_e2ce,doc_e2ce_chunk_0001,slurmd -Z
9057,doc_e2ce,doc_e2ce_chunk_0001,--conf
9058,doc_e2ce,doc_e2ce_chunk_0001,scontrol create
9059,doc_e2ce,doc_e2ce_chunk_0001,State=CLOUD
9060,doc_e2ce,doc_e2ce_chunk_0002,Slurmd
9061,doc_e2ce,doc_e2ce_chunk_0002,Topology
9062,doc_e2ce,doc_e2ce_chunk_0002,topology.conf
9063,doc_e2ce,doc_e2ce_chunk_0002,topology.yaml
9064,doc_e2ce,doc_e2ce_chunk_0002,Topology option
9065,doc_e2ce,doc_e2ce_chunk_0002,Topology unit
9066,doc_e2ce,doc_e2ce_chunk_0002,scontrol create
9067,doc_e2ce,doc_e2ce_chunk_0002,d[1-100]
9068,doc_e2ce,doc_e2ce_chunk_0002,--conf
9069,doc_e2ce,doc_e2ce_chunk_0002,default
9070,doc_e2ce,doc_e2ce_chunk_0002,topo-switch
9071,doc_e2ce,doc_e2ce_chunk_0002,topo-block
9072,doc_e2ce,doc_e2ce_chunk_0002,job allocations
9073,doc_e2ce,doc_e2ce_chunk_0002,alphabetically out of order
9074,doc_e2d8,doc_e2d8_chunk_0001,Kubernetes
9075,doc_e2d8,doc_e2d8_chunk_0001,HPC clusters
9076,doc_e2d8,doc_e2d8_chunk_0001,orchestrate deployments
9077,doc_e2d8,doc_e2d8_chunk_0001,software
9078,doc_e2d8,doc_e2d8_chunk_0001,infrastructure
9079,doc_e2d8,doc_e2d8_chunk_0001,AI/ML inference
9080,doc_e2d8,doc_e2d8_chunk_0001,Slurm
9081,doc_e2d8,doc_e2d8_chunk_0001,integrate
9082,doc_e2d8,doc_e2d8_chunk_0001,unified cluster
9083,doc_e2d8,doc_e2d8_chunk_0001,optimized resource utilization
9084,doc_e2d8,doc_e2d8_chunk_0001,workflows
9085,doc_e2d8,doc_e2d8_chunk_0001,Slurm and Kubernetes
9086,doc_e2d8,doc_e2d8_chunk_0001,Slurm HA
9087,doc_e2d8,doc_e2d8_chunk_0001,Chris Samuel
9088,doc_e2d8,doc_e2d8_chunk_0001,Doug Jacobsen
9089,doc_e541,doc_e541_chunk_0001,acct_gather_profile/hdf5 plugin
9090,doc_e541,doc_e541_chunk_0001,Slurm
9091,doc_e541,doc_e541_chunk_0001,Time Series
9092,doc_e541,doc_e541_chunk_0001,acct_gather_energy plugin
9093,doc_e541,doc_e541_chunk_0001,acct_gather_interconnect plugin
9094,doc_e541,doc_e541_chunk_0001,acct_gather_filesystem plugin
9095,doc_e541,doc_e541_chunk_0001,jobacct_gather plugin
9096,doc_e541,doc_e541_chunk_0001,HDF5 file
9097,doc_e541,doc_e541_chunk_0001,acct_gather.conf
9098,doc_e541,doc_e541_chunk_0001,ProfileHDF5Dir
9099,doc_e541,doc_e541_chunk_0001,shared file system
9100,doc_e541,doc_e541_chunk_0001,job step files
9101,doc_e541,doc_e541_chunk_0001,merge process
9102,doc_e541,doc_e541_chunk_0002,SlurmdUser
9103,doc_e541,doc_e541_chunk_0002,ProfileHDF5Dir
9104,doc_e541,doc_e541_chunk_0002,slurm.conf
9105,doc_e541,doc_e541_chunk_0002,AcctGatherProfileType
9106,doc_e541,doc_e541_chunk_0002,acct_gather_profile/hdf5
9107,doc_e541,doc_e541_chunk_0002,JobAcctGatherFrequency
9108,doc_e541,doc_e541_chunk_0002,acct_gather.conf
9109,doc_e541,doc_e541_chunk_0002,<path>
9110,doc_e541,doc_e541_chunk_0002,ProfileHDF5Default
9111,doc_e541,doc_e541_chunk_0002,options
9112,doc_e541,doc_e541_chunk_0002,data types
9113,doc_e541,doc_e541_chunk_0002,node-step file
9114,doc_e541,doc_e541_chunk_0002,job files
9115,doc_e541,doc_e541_chunk_0003,ProfileHDF5Default
9116,doc_e541,doc_e541_chunk_0003,options
9117,doc_e541,doc_e541_chunk_0003,data types
9118,doc_e541,doc_e541_chunk_0003,node-step file
9119,doc_e541,doc_e541_chunk_0003,acct_gather.conf
9120,doc_e541,doc_e541_chunk_0003,srun
9121,doc_e541,doc_e541_chunk_0003,salloc
9122,doc_e541,doc_e541_chunk_0003,sbatch commands
9123,doc_e541,doc_e541_chunk_0003,Time Series Control Parameters
9124,doc_e541,doc_e541_chunk_0003,JobAcctGatherFrequency
9125,doc_e541,doc_e541_chunk_0003,--acctg-freq
9126,doc_e541,doc_e541_chunk_0003,task
9127,doc_e541,doc_e541_chunk_0003,energy
9128,doc_e541,doc_e541_chunk_0003,filesystem
9129,doc_e541,doc_e541_chunk_0003,network
9130,doc_e541,doc_e541_chunk_0003,IPMI energy plugin
9131,doc_e541,doc_e541_chunk_0004,IPMI
9132,doc_e541,doc_e541_chunk_0004,EnergyIPMIFrequency
9133,doc_e541,doc_e541_chunk_0004,2013 era Intel processors
9134,doc_e541,doc_e541_chunk_0004,salloc
9135,doc_e541,doc_e541_chunk_0004,sbatch
9136,doc_e541,doc_e541_chunk_0004,srun
9137,doc_e541,doc_e541_chunk_0004,--profile
9138,doc_e541,doc_e541_chunk_0004,acct_gather.conf
9139,doc_e541,doc_e541_chunk_0004,acct_gather_profile plugin
9140,doc_e541,doc_e541_chunk_0004,HDF5 file
9141,doc_e541,doc_e541_chunk_0004,All
9142,doc_e541,doc_e541_chunk_0004,None
9143,doc_e541,doc_e541_chunk_0004,energy
9144,doc_e541,doc_e541_chunk_0004,task
9145,doc_e541,doc_e541_chunk_0004,filesystem
9146,doc_e541,doc_e541_chunk_0004,network
9147,doc_e541,doc_e541_chunk_0004,Lustre filesystem
9148,doc_e541,doc_e541_chunk_0005,InfiniBand
9149,doc_e541,doc_e541_chunk_0005,I/O
9150,doc_e541,doc_e541_chunk_0005,Memory
9151,doc_e541,doc_e541_chunk_0005,Data Consolidation
9152,doc_e541,doc_e541_chunk_0005,node-step files
9153,doc_e541,doc_e541_chunk_0005,HDF5 file
9154,doc_e541,doc_e541_chunk_0005,sh5util
9155,doc_e541,doc_e541_chunk_0005,sbatch
9156,doc_e541,doc_e541_chunk_0005,$SLURM_JOB_ID
9157,doc_e541,doc_e541_chunk_0005,sh5util -j
9158,doc_e541,doc_e541_chunk_0005,Data Extraction
9159,doc_e541,doc_e541_chunk_0005,csv form
9160,doc_e541,doc_e541_chunk_0005,spreadsheets
9161,doc_e541,doc_e541_chunk_0005,HDF5
9162,doc_e541,doc_e541_chunk_0005,energy statistics
9163,doc_e541,doc_e541_chunk_0006,HDFView
9164,doc_e541,doc_e541_chunk_0006,job file
9165,doc_e541,doc_e541_chunk_0006,step
9166,doc_e541,doc_e541_chunk_0006,nodes
9167,doc_e541,doc_e541_chunk_0006,tasks
9168,doc_e541,doc_e541_chunk_0006,Time Series
9169,doc_e541,doc_e541_chunk_0006,Totals
9170,doc_e541,doc_e541_chunk_0006,collector
9171,doc_e541,doc_e541_chunk_0006,Minimum
9172,doc_e541,doc_e541_chunk_0006,Average
9173,doc_e541,doc_e541_chunk_0006,Maximum
9174,doc_e541,doc_e541_chunk_0006,Sum Total
9175,doc_e541,doc_e541_chunk_0006,slurm.conf
9176,doc_e541,doc_e541_chunk_0006,AcctGatherEnergyType
9177,doc_e541,doc_e541_chunk_0006,acct_gather_energy/ipmi
9178,doc_e541,doc_e541_chunk_0006,JobAcctGatherFrequency
9179,doc_e541,doc_e541_chunk_0007,slurm.conf
9180,doc_e541,doc_e541_chunk_0007,acct_gather.conf
9181,doc_e541,doc_e541_chunk_0007,JobAcctGatherFrequency
9182,doc_e541,doc_e541_chunk_0007,--acctg-freq
9183,doc_e541,doc_e541_chunk_0007,EnergyIPMIFrequency
9184,doc_e541,doc_e541_chunk_0007,Date Time
9185,doc_e541,doc_e541_chunk_0007,Time of day
9186,doc_e541,doc_e541_chunk_0007,elapsed time
9187,doc_e541,doc_e541_chunk_0007,Power
9188,doc_e541,doc_e541_chunk_0007,CPU Frequency
9189,doc_e541,doc_e541_chunk_0007,kilohertz
9190,doc_e541,doc_e541_chunk_0007,Filesystem Data
9191,doc_e541,doc_e541_chunk_0007,AcctGatherFilesystemType
9192,doc_e541,doc_e541_chunk_0008,slurm.conf
9193,doc_e541,doc_e541_chunk_0008,acct_gather_interconnect
9194,doc_e541,doc_e541_chunk_0008,ofed
9195,doc_e541,doc_e541_chunk_0008,JobAcctGatherInterconnectType
9196,doc_e541,doc_e541_chunk_0008,network
9197,doc_e541,doc_e541_chunk_0008,JobAcctGatherFrequency
9198,doc_e541,doc_e541_chunk_0008,--acctg-freq
9199,doc_e541,doc_e541_chunk_0008,Date
9200,doc_e541,doc_e541_chunk_0008,Time
9201,doc_e541,doc_e541_chunk_0008,elapsed time
9202,doc_e541,doc_e541_chunk_0008,read operations
9203,doc_e541,doc_e541_chunk_0008,megabytes read
9204,doc_e541,doc_e541_chunk_0008,write operations
9205,doc_e541,doc_e541_chunk_0008,megabytes written
9206,doc_e541,doc_e541_chunk_0009,Elapsed time
9207,doc_e541,doc_e541_chunk_0009,Packets In
9208,doc_e541,doc_e541_chunk_0009,Megabytes Read
9209,doc_e541,doc_e541_chunk_0009,Packets Out
9210,doc_e541,doc_e541_chunk_0009,Megabytes Write
9211,doc_e541,doc_e541_chunk_0009,Task Data
9212,doc_e541,doc_e541_chunk_0009,JobAcctGatherType
9213,doc_e541,doc_e541_chunk_0009,jobacct_gather/linux
9214,doc_e541,doc_e541_chunk_0009,slurm.conf
9215,doc_e541,doc_e541_chunk_0009,JobAcctGatherFrequency
9216,doc_e541,doc_e541_chunk_0009,--acctg-freq
9217,doc_e541,doc_e541_chunk_0009,Date Time
9218,doc_e541,doc_e541_chunk_0009,Time of day
9219,doc_e541,doc_e541_chunk_0009,Time
9220,doc_e541,doc_e541_chunk_0009,CPU Frequency
9221,doc_e541,doc_e541_chunk_0010,CPU Frequency
9222,doc_e541,doc_e541_chunk_0010,CPU Time
9223,doc_e541,doc_e541_chunk_0010,CPU Utilization
9224,doc_e541,doc_e541_chunk_0010,RSS
9225,doc_e541,doc_e541_chunk_0010,VM Size
9226,doc_e541,doc_e541_chunk_0010,Pages
9227,doc_e541,doc_e541_chunk_0010,Read Megabytes
9228,doc_e541,doc_e541_chunk_0010,Write Megabytes
9229,doc_e643,doc_e643_chunk_0001,nss_slurm
9230,doc_e643,doc_e643_chunk_0001,passwd
9231,doc_e643,doc_e643_chunk_0001,group
9232,doc_e643,doc_e643_chunk_0001,cloud node host
9233,doc_e643,doc_e643_chunk_0001,slurmstepd
9234,doc_e643,doc_e643_chunk_0001,local slurmstepd process
9235,doc_e643,doc_e643_chunk_0001,LDAP
9236,doc_e643,doc_e643_chunk_0001,DNS
9237,doc_e643,doc_e643_chunk_0001,SSSD
9238,doc_e643,doc_e643_chunk_0001,NSLCD
9239,doc_e643,doc_e643_chunk_0001,getpwuid()
9240,doc_e643,doc_e643_chunk_0001,getpwnam()
9241,doc_e643,doc_e643_chunk_0001,getpwent()
9242,doc_e643,doc_e643_chunk_0001,getgrgid()
9243,doc_e643,doc_e643_chunk_0001,getgrnam()
9244,doc_e643,doc_e643_chunk_0001,getgrent()
9245,doc_e643,doc_e643_chunk_0002,slurmctld
9246,doc_e643,doc_e643_chunk_0002,LaunchParameters
9247,doc_e643,doc_e643_chunk_0002,slurm.conf
9248,doc_e643,doc_e643_chunk_0002,scontrol getent
9249,doc_e643,doc_e643_chunk_0002,NodeName
9250,doc_e643,doc_e643_chunk_0002,slurmdSpoolDir
9251,doc_e643,doc_e643_chunk_0002,/etc/nss_slurm.conf
9252,doc_e643,doc_e643_chunk_0002,getent
9253,doc_e643,doc_e643_chunk_0002,-s
9254,doc_e643,doc_e643_chunk_0002,slurm
9255,doc_e643,doc_e643_chunk_0002,passwd
9256,doc_e643,doc_e643_chunk_0002,group
9257,doc_e643,doc_e643_chunk_0002,nss_slurm
9258,doc_e643,doc_e643_chunk_0002,nsswitch.conf
9259,doc_e643,doc_e643_chunk_0002,cloud node name resolution
9260,doc_e643,doc_e643_chunk_0003,slurm
9261,doc_e643,doc_e643_chunk_0003,nsswitch.conf
9262,doc_e643,doc_e643_chunk_0003,srun
9263,doc_e643,doc_e643_chunk_0003,getent
9264,doc_e643,doc_e643_chunk_0003,passwd
9265,doc_e643,doc_e643_chunk_0003,group
9266,doc_e643,doc_e643_chunk_0003,projecta
9267,doc_e643,doc_e643_chunk_0003,nss_slurm
9268,doc_e643,doc_e643_chunk_0003,job step
9269,doc_e643,doc_e643_chunk_0003,LDAP
9270,doc_e643,doc_e643_chunk_0003,--enable-multiple-slurmd
9271,doc_e643,doc_e643_chunk_0003,NodeName
9272,doc_e643,doc_e643_chunk_0003,SlurmdSpoolDir
9273,doc_e643,doc_e643_chunk_0003,nss_slurm.conf
9274,doc_e643,doc_e643_chunk_0003,slurmctld
9275,doc_e643,doc_e643_chunk_0003,slurmd
9276,doc_e8f0,doc_e8f0_chunk_0001,Slurm
9277,doc_e8f0,doc_e8f0_chunk_0001,job_submit
9278,doc_e8f0,doc_e8f0_chunk_0001,plugin_name
9279,doc_e8f0,doc_e8f0_chunk_0001,plugin_type
9280,doc_e8f0,doc_e8f0_chunk_0001,const char
9281,doc_e8f0,doc_e8f0_chunk_0001,Slurm Plugin API
9282,doc_e8f0,doc_e8f0_chunk_0001,all_partitions
9283,doc_e8f0,doc_e8f0_chunk_0001,defaults
9284,doc_e8f0,doc_e8f0_chunk_0001,logging
9285,doc_e8f0,doc_e8f0_chunk_0001,lua
9286,doc_e8f0,doc_e8f0_chunk_0001,Lua scripts
9287,doc_e8f0,doc_e8f0_chunk_0001,job_submit.lua
9288,doc_e8f0,doc_e8f0_chunk_0001,Slurmctld
9289,doc_e8f0,doc_e8f0_chunk_0001,slurmctld startup
9290,doc_e8f0,doc_e8f0_chunk_0001,slurmctld internal locks
9291,doc_e8f0,doc_e8f0_chunk_0001,single copy
9292,doc_e8f0,doc_e8f0_chunk_0001,concurrency
9293,doc_e8f0,doc_e8f0_chunk_0002,Slurm
9294,doc_e8f0,doc_e8f0_chunk_0002,slurmctld
9295,doc_e8f0,doc_e8f0_chunk_0002,job_submit
9296,doc_e8f0,doc_e8f0_chunk_0002,job_descriptor
9297,doc_e8f0,doc_e8f0_chunk_0002,submit_uid
9298,doc_e8f0,doc_e8f0_chunk_0002,error_msg
9299,doc_e8f0,doc_e8f0_chunk_0002,salloc
9300,doc_e8f0,doc_e8f0_chunk_0002,sbatch
9301,doc_e8f0,doc_e8f0_chunk_0002,slurmrestd
9302,doc_e8f0,doc_e8f0_chunk_0002,init
9303,doc_e8f0,doc_e8f0_chunk_0002,fini
9304,doc_e8f0,doc_e8f0_chunk_0002,job_submit.lua
9305,doc_e8f0,doc_e8f0_chunk_0002,etc
9306,doc_e8f0,doc_e8f0_chunk_0002,partition
9307,doc_e8f0,doc_e8f0_chunk_0002,pbs
9308,doc_e8f0,doc_e8f0_chunk_0002,require_timelimit
9309,doc_e8f0,doc_e8f0_chunk_0002,plugin_version
9310,doc_e8f0,doc_e8f0_chunk_0003,slurmctld
9311,doc_e8f0,doc_e8f0_chunk_0003,job_submit
9312,doc_e8f0,doc_e8f0_chunk_0003,struct job_descriptor
9313,doc_e8f0,doc_e8f0_chunk_0003,uint32_t
9314,doc_e8f0,doc_e8f0_chunk_0003,submit_uid
9315,doc_e8f0,doc_e8f0_chunk_0003,char **error_msg
9316,doc_e8f0,doc_e8f0_chunk_0003,salloc
9317,doc_e8f0,doc_e8f0_chunk_0003,sbatch
9318,doc_e8f0,doc_e8f0_chunk_0003,slurmrestd
9319,doc_e8f0,doc_e8f0_chunk_0003,scontrol
9320,doc_e8f0,doc_e8f0_chunk_0003,sview
9321,doc_e8f0,doc_e8f0_chunk_0003,slurmctld's global data structures
9322,doc_e8f0,doc_e8f0_chunk_0003,available partitions
9323,doc_e8f0,doc_e8f0_chunk_0003,reservations
9324,doc_e8f0,doc_e8f0_chunk_0003,job allocation request specifications
9325,doc_e8f0,doc_e8f0_chunk_0004,SLURM
9326,doc_e8f0,doc_e8f0_chunk_0004,slurmctld
9327,doc_e8f0,doc_e8f0_chunk_0004,job_desc
9328,doc_e8f0,doc_e8f0_chunk_0004,job_ptr
9329,doc_e8f0,doc_e8f0_chunk_0004,modify_uid
9330,doc_e8f0,doc_e8f0_chunk_0004,Lua Functions
9331,doc_e8f0,doc_e8f0_chunk_0004,slurm.conf
9332,doc_e8f0,doc_e8f0_chunk_0004,contribs/lua
9333,doc_e8f0,doc_e8f0_chunk_0004,job_submit plugin
9334,doc_e8f0,doc_e8f0_chunk_0004,sbatch
9335,doc_e8f0,doc_e8f0_chunk_0004,salloc
9336,doc_e8f0,doc_e8f0_chunk_0004,srun
9337,doc_e8f0,doc_e8f0_chunk_0004,job_desc.environment
9338,doc_e8f0,doc_e8f0_chunk_0004,FOO
9339,doc_e8f0,doc_e8f0_chunk_0004,CliFilterPlugins
9340,doc_e8f0,doc_e8f0_chunk_0005,slurm.log_user
9341,doc_e8f0,doc_e8f0_chunk_0005,job_desc
9342,doc_e8f0,doc_e8f0_chunk_0005,CliFilterPlugins
9343,doc_e8f0,doc_e8f0_chunk_0005,slurmctld
9344,doc_e8f0,doc_e8f0_chunk_0005,slurmctld daemon
9345,doc_e8f0,doc_e8f0_chunk_0005,salloc
9346,doc_e8f0,doc_e8f0_chunk_0005,sbatch
9347,doc_e8f0,doc_e8f0_chunk_0005,slurmrestd
9348,doc_e8f0,doc_e8f0_chunk_0005,job_desc_msg_t
9349,doc_e8f0,doc_e8f0_chunk_0005,List
9350,doc_e8f0,doc_e8f0_chunk_0005,part_list
9351,doc_e8f0,doc_e8f0_chunk_0005,submit_uid
9352,doc_e8f0,doc_e8f0_chunk_0005,slurm. SUCCESS
9353,doc_e8f0,doc_e8f0_chunk_0005,FAILURE
9354,doc_e8f0,doc_e8f0_chunk_0005,ERROR
9355,doc_e8f0,doc_e8f0_chunk_0006,ESLURM_
9356,doc_e8f0,doc_e8f0_chunk_0006,slurm_errno.h
9357,doc_e8f0,doc_e8f0_chunk_0006,src/common/slurm_errno.c
9358,doc_e8f0,doc_e8f0_chunk_0006,job_desc
9359,doc_e8f0,doc_e8f0_chunk_0006,slurm.NO_VAL
9360,doc_e8f0,doc_e8f0_chunk_0006,max_nodes
9361,doc_e8f0,doc_e8f0_chunk_0006,slurm.log_user
9362,doc_e8f0,doc_e8f0_chunk_0006,slurm.ERROR
9363,doc_e8f0,doc_e8f0_chunk_0006,slurmctld
9364,doc_e8f0,doc_e8f0_chunk_0006,slurmctld daemon
9365,doc_e8f0,doc_e8f0_chunk_0006,slurmctld's global data structures
9366,doc_e8f0,doc_e8f0_chunk_0006,available partitions
9367,doc_e8f0,doc_e8f0_chunk_0006,reservations
9368,doc_e8f0,doc_e8f0_chunk_0007,LUA interface
9369,doc_e8f0,doc_e8f0_chunk_0007,job submit plugin
9370,doc_e8f0,doc_e8f0_chunk_0007,Slurm distribution
9371,doc_e8f0,doc_e8f0_chunk_0007,slurmctld daemon
9372,doc_e8f0,doc_e8f0_chunk_0007,C program
9373,doc_e8f0,doc_e8f0_chunk_0007,configure command
9374,doc_e8f0,doc_e8f0_chunk_0007,config.h file
9375,doc_e8f0,doc_e8f0_chunk_0007,build directory
9376,doc_e8f0,doc_e8f0_chunk_0007,.libs
9377,doc_e8f0,doc_e8f0_chunk_0007,.deps
9378,doc_e8f0,doc_e8f0_chunk_0007,job_submit_*Plo
9379,doc_e8f0,doc_e8f0_chunk_0007,Slurm header files
9380,doc_e8f0,doc_e8f0_chunk_0007,build process
9381,doc_e8f0,doc_e8f0_chunk_0007,Slurm header files procedure
9382,doc_e8f0,doc_e8f0_chunk_0007,local directory
9383,doc_e8f0,doc_e8f0_chunk_0007,subdirectories
9384,doc_e8f0,doc_e8f0_chunk_0008,Slurm
9385,doc_e8f0,doc_e8f0_chunk_0008,job_submit
9386,doc_e8f0,doc_e8f0_chunk_0008,plugin
9387,doc_e8f0,doc_e8f0_chunk_0008,~/SLURM/slurm.git
9388,doc_e8f0,doc_e8f0_chunk_0008,~/SLURM/slurm.build
9389,doc_e8f0,doc_e8f0_chunk_0008,my_submit
9390,doc_e8f0,doc_e8f0_chunk_0008,gcc
9391,doc_e8f0,doc_e8f0_chunk_0008,-DHAVE_CONFIG_H
9392,doc_e8f0,doc_e8f0_chunk_0008,-I
9393,doc_e8f0,doc_e8f0_chunk_0008,~/slurm.git
9394,doc_e8f0,doc_e8f0_chunk_0008,-g
9395,doc_e8f0,doc_e8f0_chunk_0008,-O2
9396,doc_e8f0,doc_e8f0_chunk_0008,-pthread
9397,doc_e8f0,doc_e8f0_chunk_0009,job_submit_mine
9398,doc_e8f0,doc_e8f0_chunk_0009,gcc
9399,doc_e8f0,doc_e8f0_chunk_0009,-g
9400,doc_e8f0,doc_e8f0_chunk_0009,-O2
9401,doc_e8f0,doc_e8f0_chunk_0009,-pthread
9402,doc_e8f0,doc_e8f0_chunk_0009,-fno-gcse
9403,doc_e8f0,doc_e8f0_chunk_0009,-Werror
9404,doc_e8f0,doc_e8f0_chunk_0009,-fno-strict-aliasing
9405,doc_e8f0,doc_e8f0_chunk_0009,-MT
9406,doc_e8f0,doc_e8f0_chunk_0009,-MD
9407,doc_e8f0,doc_e8f0_chunk_0009,-MP
9408,doc_e8f0,doc_e8f0_chunk_0009,-MF
9409,doc_e8f0,doc_e8f0_chunk_0009,.deps
9410,doc_e8f0,doc_e8f0_chunk_0009,job_submit_mine.c
9411,doc_e8f0,doc_e8f0_chunk_0009,-o
9412,doc_e8f0,doc_e8f0_chunk_0009,.libs
9413,doc_e8f0,doc_e8f0_chunk_0009,-shared
9414,doc_e8f0,doc_e8f0_chunk_0009,-fPIC
9415,doc_e992,doc_e992_chunk_0001,Slurm plugin
9416,doc_e992,doc_e992_chunk_0001,dynamically linked code object
9417,doc_e992,doc_e992_chunk_0001,Slurm libraries
9418,doc_e992,doc_e992_chunk_0001,API
9419,doc_e992,doc_e992_chunk_0001,authentication
9420,doc_e992,doc_e992_chunk_0001,interconnect fabric
9421,doc_e992,doc_e992_chunk_0001,task scheduling
9422,doc_e992,doc_e992_chunk_0001,short character string
9423,doc_e992,doc_e992_chunk_0001,MIME type
9424,doc_e992,doc_e992_chunk_0001,major type
9425,doc_e992,doc_e992_chunk_0001,minor type
9426,doc_e992,doc_e992_chunk_0001,Maui scheduler
9427,doc_e992,doc_e992_chunk_0001,Slurm Scheduler API
9428,doc_e992,doc_e992_chunk_0001,version numbers
9429,doc_e992,doc_e992_chunk_0001,major revision number
9430,doc_e992,doc_e992_chunk_0001,minor revision number
9431,doc_e992,doc_e992_chunk_0002,Slurm
9432,doc_e992,doc_e992_chunk_0002,plugin_version
9433,doc_e992,doc_e992_chunk_0002,API Functions
9434,doc_e992,doc_e992_chunk_0002,init
9435,doc_e992,doc_e992_chunk_0002,fini
9436,doc_e992,doc_e992_chunk_0002,SLURM_SUCCESS
9437,doc_e992,doc_e992_chunk_0002,dlopen (3)
9438,doc_e992,doc_e992_chunk_0003,Slurm
9439,doc_e992,doc_e992_chunk_0003,plugin
9440,doc_e992,doc_e992_chunk_0003,init
9441,doc_e992,doc_e992_chunk_0003,fini
9442,doc_e992,doc_e992_chunk_0003,thread safety
9443,doc_e992,doc_e992_chunk_0003,Slurm plugin library
9444,doc_e992,doc_e992_chunk_0003,re-entrant code
9445,doc_e992,doc_e992_chunk_0003,standard system libraries
9446,doc_e992,doc_e992_chunk_0003,Slurm libraries
9447,doc_e992,doc_e992_chunk_0003,Slurm log
9448,doc_e992,doc_e992_chunk_0003,performance
9449,doc_e992,doc_e992_chunk_0003,delay
9450,doc_e992,doc_e992_chunk_0003,transactions
9451,doc_e992,doc_e992_chunk_0003,thread
9452,doc_e992,doc_e992_chunk_0003,plugins/sched/backfill
9453,doc_e992,doc_e992_chunk_0003,data structures
9454,doc_e992,doc_e992_chunk_0003,counters
9455,doc_e992,doc_e992_chunk_0004,Slurm
9456,doc_e992,doc_e992_chunk_0004,slurm/slurm.h.in
9457,doc_e992,doc_e992_chunk_0004,slurm_job_info_t
9458,doc_e992,doc_e992_chunk_0004,job_info_t
9459,doc_e992,doc_e992_chunk_0004,env_size
9460,doc_e992,doc_e992_chunk_0004,environment
9461,doc_e992,doc_e992_chunk_0004,spank_job_env_size
9462,doc_e992,doc_e992_chunk_0004,spank_job_env
9463,doc_e992,doc_e992_chunk_0004,gres_detail_cnt
9464,doc_e992,doc_e992_chunk_0004,gres_detail_str
9465,doc_e992,doc_e992_chunk_0004,nodes
9466,doc_e992,doc_e992_chunk_0004,node_inx
9467,doc_e992,doc_e992_chunk_0004,req_node_inx
9468,doc_e992,doc_e992_chunk_0004,req_nodes
9469,doc_e992,doc_e992_chunk_0005,slurm_step_layout_t
9470,doc_e992,doc_e992_chunk_0005,node_cnt
9471,doc_e992,doc_e992_chunk_0005,node_list
9472,doc_e992,doc_e992_chunk_0005,tasks
9473,doc_e992,doc_e992_chunk_0005,tids
9474,doc_e992,doc_e992_chunk_0005,slurm_step_launch_params_t
9475,doc_e992,doc_e992_chunk_0005,envc
9476,doc_e992,doc_e992_chunk_0005,env
9477,doc_e992,doc_e992_chunk_0005,het_job_nnodes
9478,doc_e992,doc_e992_chunk_0005,het_job_ntasks
9479,doc_e992,doc_e992_chunk_0005,het_job_task_cnts
9480,doc_e992,doc_e992_chunk_0005,het_job_tids
9481,doc_e992,doc_e992_chunk_0005,het_job_node_list
9482,doc_e992,doc_e992_chunk_0006,features_act
9483,doc_e992,doc_e992_chunk_0006,reason
9484,doc_e992,doc_e992_chunk_0006,time_t
9485,doc_e992,doc_e992_chunk_0006,reason_time
9486,doc_e992,doc_e992_chunk_0006,reason_uid
9487,doc_e992,doc_e992_chunk_0006,node_inx
9488,doc_e992,doc_e992_chunk_0006,node_cnt
9489,doc_e992,doc_e992_chunk_0006,partition_info_t
9490,doc_e992,doc_e992_chunk_0006,slurm_step_layout_req_t
9491,doc_e992,doc_e992_chunk_0006,slurm_step_ctx_params_t
9492,doc_ebf2,doc_ebf2_chunk_0001,Slurm
9493,doc_ebf2,doc_ebf2_chunk_0001,cgroup
9494,doc_ebf2,doc_ebf2_chunk_0001,cgroup plugins
9495,doc_ebf2,doc_ebf2_chunk_0001,cgroup/v1
9496,doc_ebf2,doc_ebf2_chunk_0001,cgroup/v2
9497,doc_ebf2,doc_ebf2_chunk_0001,controller interfaces
9498,doc_ebf2,doc_ebf2_chunk_0001,memory
9499,doc_ebf2,doc_ebf2_chunk_0001,cpu
9500,doc_ebf2,doc_ebf2_chunk_0001,devices
9501,doc_ebf2,doc_ebf2_chunk_0001,freezer
9502,doc_ebf2,doc_ebf2_chunk_0001,cpuset
9503,doc_ebf2,doc_ebf2_chunk_0001,cpuacct
9504,doc_ebf2,doc_ebf2_chunk_0001,cgroup controllers
9505,doc_ebf2,doc_ebf2_chunk_0001,cgroups
9506,doc_ebf2,doc_ebf2_chunk_0001,Legacy mode
9507,doc_ebf2,doc_ebf2_chunk_0001,Unified Mode
9508,doc_ebf2,doc_ebf2_chunk_0001,Hybrid mode
9509,doc_ebf2,doc_ebf2_chunk_0001,deprecated
9510,doc_ebf2,doc_ebf2_chunk_0002,Slurm
9511,doc_ebf2,doc_ebf2_chunk_0002,Slurm version 25.05
9512,doc_ebf2,doc_ebf2_chunk_0002,cgroup v1
9513,doc_ebf2,doc_ebf2_chunk_0002,kernel.org documentation
9514,doc_ebf2,doc_ebf2_chunk_0002,cgroup v2
9515,doc_ebf2,doc_ebf2_chunk_0002,Slurm cgroup plugins design
9516,doc_ebf2,doc_ebf2_chunk_0002,cgroup/v2 plugin documentation
9517,doc_ebf2,doc_ebf2_chunk_0002,Use of cgroup in Slurm
9518,doc_ebf2,doc_ebf2_chunk_0002,proctrack/cgroup
9519,doc_ebf2,doc_ebf2_chunk_0002,proctrack/linux
9520,doc_ebf2,doc_ebf2_chunk_0002,task/cgroup
9521,doc_ebf2,doc_ebf2_chunk_0002,jobacct_gather/cgroup
9522,doc_ebf2,doc_ebf2_chunk_0003,proctrack/cgroup plugin
9523,doc_ebf2,doc_ebf2_chunk_0003,proctrack/linux
9524,doc_ebf2,doc_ebf2_chunk_0003,freezer controller
9525,doc_ebf2,doc_ebf2_chunk_0003,Slurm
9526,doc_ebf2,doc_ebf2_chunk_0003,SIGTERM
9527,doc_ebf2,doc_ebf2_chunk_0003,cgroup tree
9528,doc_ebf2,doc_ebf2_chunk_0003,slurm.conf
9529,doc_ebf2,doc_ebf2_chunk_0003,ProctrackType
9530,doc_ebf2,doc_ebf2_chunk_0003,task/cgroup plugin
9531,doc_ebf2,doc_ebf2_chunk_0003,job
9532,doc_ebf2,doc_ebf2_chunk_0003,step
9533,doc_ebf2,doc_ebf2_chunk_0003,task
9534,doc_ebf2,doc_ebf2_chunk_0003,cgroup.conf
9535,doc_ebf2,doc_ebf2_chunk_0003,resource constraints
9536,doc_ebf2,doc_ebf2_chunk_0004,task/cgroup plugin
9537,doc_ebf2,doc_ebf2_chunk_0004,jobacctgather/linux
9538,doc_ebf2,doc_ebf2_chunk_0004,cpuset
9539,doc_ebf2,doc_ebf2_chunk_0004,memory resources
9540,doc_ebf2,doc_ebf2_chunk_0004,devices subsystems
9541,doc_ebf2,doc_ebf2_chunk_0004,slurm.conf
9542,doc_ebf2,doc_ebf2_chunk_0004,TaskPlugin
9543,doc_ebf2,doc_ebf2_chunk_0004,cgroup.conf
9544,doc_ebf2,doc_ebf2_chunk_0004,cpucount
9545,doc_ebf2,doc_ebf2_chunk_0004,cpumask
9546,doc_ebf2,doc_ebf2_chunk_0004,memory.limit_in_bytes
9547,doc_ebf2,doc_ebf2_chunk_0004,gres
9548,doc_ebf2,doc_ebf2_chunk_0004,gpus
9549,doc_ebf2,doc_ebf2_chunk_0004,jobacct_gather/cgroup plugin
9550,doc_ebf2,doc_ebf2_chunk_0005,jobacct_gather/cgroup
9551,doc_ebf2,doc_ebf2_chunk_0005,cpuacct
9552,doc_ebf2,doc_ebf2_chunk_0005,memory
9553,doc_ebf2,doc_ebf2_chunk_0005,slurm.conf
9554,doc_ebf2,doc_ebf2_chunk_0005,JobacctGatherType
9555,doc_ebf2,doc_ebf2_chunk_0005,cgroup.conf
9556,doc_ebf2,doc_ebf2_chunk_0005,cgroup.stats
9557,doc_ebf2,doc_ebf2_chunk_0005,cpu statistics
9558,doc_ebf2,doc_ebf2_chunk_0005,memory statistics
9559,doc_ebf2,doc_ebf2_chunk_0005,resource specialization
9560,doc_ebf2,doc_ebf2_chunk_0005,slurmd
9561,doc_ebf2,doc_ebf2_chunk_0005,slurmstepd
9562,doc_ebf2,doc_ebf2_chunk_0005,cgroup/v1
9563,doc_ebf2,doc_ebf2_chunk_0005,cgroup/v2
9564,doc_ebf2,doc_ebf2_chunk_0005,unified mode
9565,doc_ebf2,doc_ebf2_chunk_0006,slurm
9566,doc_ebf2,doc_ebf2_chunk_0006,uid
9567,doc_ebf2,doc_ebf2_chunk_0006,job_id
9568,doc_ebf2,doc_ebf2_chunk_0006,step_id
9569,doc_ebf2,doc_ebf2_chunk_0006,memory
9570,doc_ebf2,doc_ebf2_chunk_0006,freezer
9571,doc_ebf2,doc_ebf2_chunk_0006,cgroup
9572,doc_ebf2,doc_ebf2_chunk_0006,v2
9573,doc_ebf2,doc_ebf2_chunk_0006,system.slice
9574,doc_ebf2,doc_ebf2_chunk_0006,slurmstepd.scope
9575,doc_ebf2,doc_ebf2_chunk_0006,Top-down constraint
9576,doc_ebf2,doc_ebf2_chunk_0006,resources
9577,doc_ebf2,doc_ebf2_chunk_0006,cgroup.controllers
9578,doc_ebf2,doc_ebf2_chunk_0006,cgroup.subtree_control
9579,doc_ebf2,doc_ebf2_chunk_0006,No-Internal-Process constraint
9580,doc_ebf2,doc_ebf2_chunk_0006,cgroup/v1
9581,doc_ebf2,doc_ebf2_chunk_0007,cgroup/v2
9582,doc_ebf2,doc_ebf2_chunk_0007,cgroup/v1
9583,doc_ebf2,doc_ebf2_chunk_0007,cgroup.controllers
9584,doc_ebf2,doc_ebf2_chunk_0007,cgroup.freeze
9585,doc_ebf2,doc_ebf2_chunk_0007,memory.limit_in_bytes
9586,doc_ebf2,doc_ebf2_chunk_0007,memory.max
9587,doc_ebf2,doc_ebf2_chunk_0007,memory.soft_limit_in_bytes
9588,doc_ebf2,doc_ebf2_chunk_0007,memory.high
9589,doc_ebf2,doc_ebf2_chunk_0007,memory.memsw_limit_in_bytes
9590,doc_ebf2,doc_ebf2_chunk_0007,memory.swap.max
9591,doc_ebf2,doc_ebf2_chunk_0007,memory.swappiness
9592,doc_ebf2,doc_ebf2_chunk_0007,freezer.state
9593,doc_ebf2,doc_ebf2_chunk_0008,Slurm
9594,doc_ebf2,doc_ebf2_chunk_0008,kernel config
9595,doc_ebf2,doc_ebf2_chunk_0008,CONFIG_MEMCG_SWAP
9596,doc_ebf2,doc_ebf2_chunk_0008,systemd
9597,doc_ebf2,doc_ebf2_chunk_0008,JoinControllers
9598,doc_ebf2,doc_ebf2_chunk_0008,cgroup/v1
9599,doc_ebf2,doc_ebf2_chunk_0008,cgroup/v2
9600,doc_ebf2,doc_ebf2_chunk_0008,Unified mode
9601,doc_ebf2,doc_ebf2_chunk_0008,system.conf
9602,doc_ebf2,doc_ebf2_chunk_0008,cgroup controllers
9603,doc_ebf2,doc_ebf2_chunk_0008,legacy mode
9604,doc_ed59,doc_ed59_chunk_0001,Slurm 25.05
9605,doc_ed59,doc_ed59_chunk_0001,Upgrade Guide
9606,doc_ed59,doc_ed59_chunk_0001,TLS encryption
9607,doc_ed59,doc_ed59_chunk_0001,multiple topologies
9608,doc_ed59,doc_ed59_chunk_0001,hierarchical resources
9609,doc_ed59,doc_ed59_chunk_0001,dynamic nodes
9610,doc_ed59,doc_ed59_chunk_0001,OR operator
9611,doc_ed59,doc_ed59_chunk_0001,sacctmgr
9612,doc_ed59,doc_ed59_chunk_0001,slurmrestd
9613,doc_ed59,doc_ed59_chunk_0001,--wait-for-children
9614,doc_ed59,doc_ed59_chunk_0001,topology/block
9615,doc_ed59,doc_ed59_chunk_0001,jobcomp/kafka
9616,doc_ed59,doc_ed59_chunk_0001,switch/hpe_slingshot
9617,doc_ed59,doc_ed59_chunk_0001,252 ranks
9618,doc_ed59,doc_ed59_chunk_0002,switch/hpe_slingshot
9619,doc_ed59,doc_ed59_chunk_0002,mTLS authentication
9620,doc_ed59,doc_ed59_chunk_0002,fabric manager
9621,doc_ed59,doc_ed59_chunk_0002,autodetect
9622,doc_ed59,doc_ed59_chunk_0002,connection management thread pool size
9623,doc_ed59,doc_ed59_chunk_0002,conmgr_threads
9624,doc_ed59,doc_ed59_chunk_0002,jobcomp/elasticsearch
9625,doc_ed59,doc_ed59_chunk_0002,jobcomp/kafka
9626,doc_ed59,doc_ed59_chunk_0002,send_script
9627,doc_ed59,doc_ed59_chunk_0002,Slurm OpenAPI Plugin
9628,doc_ed59,doc_ed59_chunk_0002,Release Notes
9629,doc_ed59,doc_ed59_chunk_0002,v0.0.43 API endpoints
9630,doc_ed59,doc_ed59_chunk_0002,v0.0.40 API endpoints
9631,doc_edd8,doc_edd8_chunk_0001,Slurm
9632,doc_edd8,doc_edd8_chunk_0001,srun
9633,doc_edd8,doc_edd8_chunk_0001,slurm.conf
9634,doc_edd8,doc_edd8_chunk_0001,cpu-bind
9635,doc_edd8,doc_edd8_chunk_0001,tasks
9636,doc_edd8,doc_edd8_chunk_0001,individual threads
9637,doc_edd8,doc_edd8_chunk_0001,cores
9638,doc_edd8,doc_edd8_chunk_0001,sockets
9639,doc_edd8,doc_edd8_chunk_0001,NUMA
9640,doc_edd8,doc_edd8_chunk_0001,boards
9641,doc_edd8,doc_edd8_chunk_0001,per-node
9642,doc_edd8,doc_edd8_chunk_0001,per-partition
9643,doc_edd8,doc_edd8_chunk_0001,global basis
9644,doc_edd8,doc_edd8_chunk_0001,TaskPluginParam
9645,doc_edd8,doc_edd8_chunk_0001,srun --cpu-bind option
9646,doc_edd8,doc_edd8_chunk_0001,node CpuBind configuration
9647,doc_edd8,doc_edd8_chunk_0002,slurm.conf
9648,doc_edd8,doc_edd8_chunk_0002,scontrol
9649,doc_edd8,doc_edd8_chunk_0002,CpuBind
9650,doc_edd8,doc_edd8_chunk_0002,NodeName
9651,doc_edd8,doc_edd8_chunk_0002,node01
9652,doc_edd8,doc_edd8_chunk_0002,node_features plugin
9653,doc_edd8,doc_edd8_chunk_0002,Intel KNL nodes
9654,doc_edd8,doc_edd8_chunk_0002,NUMA mode
9655,doc_edd8,doc_edd8_chunk_0002,NumaCpuBind
9656,doc_edd8,doc_edd8_chunk_0002,knl.conf
9657,doc_edd8,doc_edd8_chunk_0002,partition's CpuBind value
9658,doc_edd8,doc_edd8_chunk_0002,PartitionName
9659,doc_edd8,doc_edd8_chunk_0002,debug partition
9660,doc_edd8,doc_edd8_chunk_0002,TaskPluginParam
9661,doc_edd8,doc_edd8_chunk_0002,slurm.conf file
9662,doc_f0f8,doc_f0f8_chunk_0001,Slurm Version 25.05
9663,doc_f0f8,doc_f0f8_chunk_0001,Configuration Tool
9664,doc_f0f8,doc_f0f8_chunk_0001,Slurm configuration file
9665,doc_f0f8,doc_f0f8_chunk_0001,Slurm configuration parameters
9666,doc_f0f8,doc_f0f8_chunk_0001,configurator.html
9667,doc_f0f8,doc_f0f8_chunk_0001,Slurm version 25.05 only
9668,doc_f0f8,doc_f0f8_chunk_0001,slurm.conf
9669,doc_f0f8,doc_f0f8_chunk_0001,man slurm.conf
9670,doc_f0f8,doc_f0f8_chunk_0001,log files
9671,doc_f0f8,doc_f0f8_chunk_0001,ClusterName
9672,doc_f0f8,doc_f0f8_chunk_0001,ClusterName (cluster name)
9673,doc_f0f8,doc_f0f8_chunk_0001,Control Machines
9674,doc_f0f8,doc_f0f8_chunk_0001,Control Machines (hostname)
9675,doc_f0f8,doc_f0f8_chunk_0002,Slurm
9676,doc_f0f8,doc_f0f8_chunk_0002,SlurmctldHost
9677,doc_f0f8,doc_f0f8_chunk_0002,Compute Machines
9678,doc_f0f8,doc_f0f8_chunk_0002,slurmd
9679,doc_f0f8,doc_f0f8_chunk_0002,slurm.conf
9680,doc_f0f8,doc_f0f8_chunk_0002,slurm.conf file
9681,doc_f0f8,doc_f0f8_chunk_0002,slurmd -C
9682,doc_f0f8,doc_f0f8_chunk_0002,partition (or queue)
9683,doc_f0f8,doc_f0f8_chunk_0002,NodeAddr
9684,doc_f0f8,doc_f0f8_chunk_0002,PartitionName
9685,doc_f0f8,doc_f0f8_chunk_0002,MaxTime
9686,doc_f0f8,doc_f0f8_chunk_0002,CPUs
9687,doc_f0f8,doc_f0f8_chunk_0002,Sockets
9688,doc_f0f8,doc_f0f8_chunk_0002,CoresPerSocket
9689,doc_f0f8,doc_f0f8_chunk_0002,ThreadsPerCore
9690,doc_f0f8,doc_f0f8_chunk_0003,CoresPerSocket
9691,doc_f0f8,doc_f0f8_chunk_0003,ThreadsPerCore
9692,doc_f0f8,doc_f0f8_chunk_0003,RealMemory
9693,doc_f0f8,doc_f0f8_chunk_0003,select/cons_tres
9694,doc_f0f8,doc_f0f8_chunk_0003,Slurm controller
9695,doc_f0f8,doc_f0f8_chunk_0003,slurmctld
9696,doc_f0f8,doc_f0f8_chunk_0003,Slurm user
9697,doc_f0f8,doc_f0f8_chunk_0003,slurm
9698,doc_f0f8,doc_f0f8_chunk_0003,State Preservation
9699,doc_f0f8,doc_f0f8_chunk_0003,slurmctld daemon
9700,doc_f0f8,doc_f0f8_chunk_0003,Slurm state
9701,doc_f0f8,doc_f0f8_chunk_0003,fully qualified pathname
9702,doc_f0f8,doc_f0f8_chunk_0003,control machine
9703,doc_f0f8,doc_f0f8_chunk_0003,backup controller
9704,doc_f0f8,doc_f0f8_chunk_0003,slurmd
9705,doc_f0f8,doc_f0f8_chunk_0003,ReturnToService
9706,doc_f0f8,doc_f0f8_chunk_0004,registration
9707,doc_f0f8,doc_f0f8_chunk_0004,SchedulerType
9708,doc_f0f8,doc_f0f8_chunk_0004,Backfill
9709,doc_f0f8,doc_f0f8_chunk_0004,Builtin
9710,doc_f0f8,doc_f0f8_chunk_0004,FIFO
9711,doc_f0f8,doc_f0f8_chunk_0004,SwitchType
9712,doc_f0f8,doc_f0f8_chunk_0004,HPE Slingshot
9713,doc_f0f8,doc_f0f8_chunk_0004,None
9714,doc_f0f8,doc_f0f8_chunk_0004,Interconnect
9715,doc_f0f8,doc_f0f8_chunk_0004,MPIDefault
9716,doc_f0f8,doc_f0f8_chunk_0004,MPI-PMI2
9717,doc_f0f8,doc_f0f8_chunk_0004,MPI-PMIx
9718,doc_f0f8,doc_f0f8_chunk_0004,None (MPI types)
9719,doc_f0f8,doc_f0f8_chunk_0004,Process Tracking
9720,doc_f0f8,doc_f0f8_chunk_0005,Cgroup
9721,doc_f0f8,doc_f0f8_chunk_0005,cgroup.conf
9722,doc_f0f8,doc_f0f8_chunk_0005,LinuxProc
9723,doc_f0f8,doc_f0f8_chunk_0005,Pgid
9724,doc_f0f8,doc_f0f8_chunk_0005,SelectType
9725,doc_f0f8,doc_f0f8_chunk_0005,cons_tres
9726,doc_f0f8,doc_f0f8_chunk_0005,Linear
9727,doc_f0f8,doc_f0f8_chunk_0005,TaskPlugin
9728,doc_f0f8,doc_f0f8_chunk_0005,None
9729,doc_f0f8,doc_f0f8_chunk_0005,Affinity
9730,doc_f0f8,doc_f0f8_chunk_0005,srun
9731,doc_f0f8,doc_f0f8_chunk_0005,--cpu-bind
9732,doc_f0f8,doc_f0f8_chunk_0005,--mem-bind
9733,doc_f0f8,doc_f0f8_chunk_0005,-E
9734,doc_f0f8,doc_f0f8_chunk_0005,cgroup.conf man page
9735,doc_f0f8,doc_f0f8_chunk_0005,Event Logging
9736,doc_f0f8,doc_f0f8_chunk_0005,Slurmctld
9737,doc_f0f8,doc_f0f8_chunk_0005,slurmd
9738,doc_f0f8,doc_f0f8_chunk_0006,SlurmdLogFile
9739,doc_f0f8,doc_f0f8_chunk_0006,syslog
9740,doc_f0f8,doc_f0f8_chunk_0006,Job Accounting Gather
9741,doc_f0f8,doc_f0f8_chunk_0006,Slurm accounts
9742,doc_f0f8,doc_f0f8_chunk_0006,JobAcctGatherType
9743,doc_f0f8,doc_f0f8_chunk_0006,Linux cgroup information
9744,doc_f0f8,doc_f0f8_chunk_0006,Linux process table information
9745,doc_f0f8,doc_f0f8_chunk_0006,Job Accounting Storage
9746,doc_f0f8,doc_f0f8_chunk_0006,AccountingStorageType
9747,doc_f0f8,doc_f0f8_chunk_0006,None
9748,doc_f0f8,doc_f0f8_chunk_0006,SlurmDBD
9749,doc_f0f8,doc_f0f8_chunk_0006,Process ID Logging
9750,doc_f0f8,doc_f0f8_chunk_0006,SlurmctldPidFile
9751,doc_f0f8,doc_f0f8_chunk_0006,SlurmdPidFile
9752,doc_f2ec,doc_f2ec_chunk_0001,Slurm
9753,doc_f2ec,doc_f2ec_chunk_0001,Frequently Asked Questions
9754,doc_f2ec,doc_f2ec_chunk_0001,scontrol ping
9755,doc_f2ec,doc_f2ec_chunk_0001,primary controller
9756,doc_f2ec,doc_f2ec_chunk_0001,backup controller
9757,doc_f2ec,doc_f2ec_chunk_0001,networking
9758,doc_f2ec,doc_f2ec_chunk_0001,configuration
9759,doc_f2ec,doc_f2ec_chunk_0001,COMPLETING state
9760,doc_f2ec,doc_f2ec_chunk_0001,DOWN state
9761,doc_f2ec,doc_f2ec_chunk_0001,scontrol
9762,doc_f2ec,doc_f2ec_chunk_0001,ps
9763,doc_f2ec,doc_f2ec_chunk_0001,slurmctld
9764,doc_f2ec,doc_f2ec_chunk_0001,SlurmctldLog
9765,doc_f2ec,doc_f2ec_chunk_0001,slurm.conf
9766,doc_f2ec,doc_f2ec_chunk_0001,SlurmctldDebug
9767,doc_f2ec,doc_f2ec_chunk_0001,slurm start
9768,doc_f2ec,doc_f2ec_chunk_0001,slurm stop
9769,doc_f2ec,doc_f2ec_chunk_0002,Slurm
9770,doc_f2ec,doc_f2ec_chunk_0002,scontrol
9771,doc_f2ec,doc_f2ec_chunk_0002,scontrol show config
9772,doc_f2ec,doc_f2ec_chunk_0002,SchedulerType
9773,doc_f2ec,doc_f2ec_chunk_0002,builtin scheduler
9774,doc_f2ec,doc_f2ec_chunk_0002,backfill scheduler
9775,doc_f2ec,doc_f2ec_chunk_0002,job priorities
9776,doc_f2ec,doc_f2ec_chunk_0002,scontrol show job
9777,doc_f2ec,doc_f2ec_chunk_0002,COMPLETING state
9778,doc_f2ec,doc_f2ec_chunk_0002,/etc/init.d/slurm
9779,doc_f2ec,doc_f2ec_chunk_0002,slurm stop
9780,doc_f2ec,doc_f2ec_chunk_0002,slurm startclean
9781,doc_f2ec,doc_f2ec_chunk_0002,non-killable processes
9782,doc_f2ec,doc_f2ec_chunk_0003,Slurm
9783,doc_f2ec,doc_f2ec_chunk_0003,SIGKILL
9784,doc_f2ec,doc_f2ec_chunk_0003,UnkillableProcess
9785,doc_f2ec,doc_f2ec_chunk_0003,scontrol
9786,doc_f2ec,doc_f2ec_chunk_0003,NodeName
9787,doc_f2ec,doc_f2ec_chunk_0003,slurm.conf
9788,doc_f2ec,doc_f2ec_chunk_0003,SlurmdDebug
9789,doc_f2ec,doc_f2ec_chunk_0003,slurmd.log
9790,doc_f2ec,doc_f2ec_chunk_0003,slurmctld.log
9791,doc_f2ec,doc_f2ec_chunk_0003,COMPLETING state
9792,doc_f2ec,doc_f2ec_chunk_0003,connectivity problems
9793,doc_f2ec,doc_f2ec_chunk_0003,scontrol show node
9794,doc_f2ec,doc_f2ec_chunk_0003,insufficient disk space
9795,doc_f2ec,doc_f2ec_chunk_0003,memory space
9796,doc_f2ec,doc_f2ec_chunk_0003,slurm.conf parameters
9797,doc_f2ec,doc_f2ec_chunk_0004,slurm.conf
9798,doc_f2ec,doc_f2ec_chunk_0004,slurm.conf file
9799,doc_f2ec,doc_f2ec_chunk_0004,NodeAddr
9800,doc_f2ec,doc_f2ec_chunk_0004,ping
9801,doc_f2ec,doc_f2ec_chunk_0004,ps
9802,doc_f2ec,doc_f2ec_chunk_0004,slurmd
9803,doc_f2ec,doc_f2ec_chunk_0004,SlurmdLog
9804,doc_f2ec,doc_f2ec_chunk_0004,scontrol show slurmd
9805,doc_f2ec,doc_f2ec_chunk_0004,Last slurmctld msg time
9806,doc_f2ec,doc_f2ec_chunk_0004,SlurmdDebug
9807,doc_f2ec,doc_f2ec_chunk_0004,slurmctld
9808,doc_f2ec,doc_f2ec_chunk_0004,slurm start
9809,doc_f2ec,doc_f2ec_chunk_0004,slurm stop
9810,doc_f2ec,doc_f2ec_chunk_0004,slurm startclean
9811,doc_f2ec,doc_f2ec_chunk_0004,slurm daemon
9812,doc_f2ec,doc_f2ec_chunk_0005,Slurm
9813,doc_f2ec,doc_f2ec_chunk_0005,/etc/init.d/slurm
9814,doc_f2ec,doc_f2ec_chunk_0005,slurmctldLog
9815,doc_f2ec,doc_f2ec_chunk_0005,SlurmdLog
9816,doc_f2ec,doc_f2ec_chunk_0005,slurm.conf
9817,doc_f2ec,doc_f2ec_chunk_0005,sinfo -V
9818,doc_f2ec,doc_f2ec_chunk_0005,rpm -qa
9819,doc_f2ec,doc_f2ec_chunk_0005,slurm version
9820,doc_f2ec,doc_f2ec_chunk_0005,major Slurm release
9821,doc_f2ec,doc_f2ec_chunk_0005,maintenance release level
9822,doc_f2ec,doc_f2ec_chunk_0005,SlurmDBD
9823,doc_f2ec,doc_f2ec_chunk_0005,slurmctld daemons
9824,doc_f2ec,doc_f2ec_chunk_0005,RPCs
9825,doc_f2ec,doc_f2ec_chunk_0005,state files
9826,doc_f486,doc_f486_chunk_0001,select plugin
9827,doc_f486,doc_f486_chunk_0001,topology plugin
9828,doc_f486,doc_f486_chunk_0001,GresTypes
9829,doc_f486,doc_f486_chunk_0001,GRES
9830,doc_f486,doc_f486_chunk_0001,gres.conf
9831,doc_f486,doc_f486_chunk_0001,NodeName
9832,doc_f486,doc_f486_chunk_0001,gpu
9833,doc_f486,doc_f486_chunk_0001,select/linear plugin
9834,doc_f486,doc_f486_chunk_0001,select/cons_tres plugin
9835,doc_f486,doc_f486_chunk_0001,select/cons_tres plugin (cons_tres is an abbreviation for trackable resources)
9836,doc_f486,doc_f486_chunk_0001,select/linear plugin (allocates whole nodes to jobs)
9837,doc_f486,doc_f486_chunk_0002,OverSubscribe configuration parameter
9838,doc_f486,doc_f486_chunk_0002,per-partition
9839,doc_f486,doc_f486_chunk_0002,compute resource
9840,doc_f486,doc_f486_chunk_0002,CPU
9841,doc_f486,doc_f486_chunk_0002,partition
9842,doc_f486,doc_f486_chunk_0002,select plugin
9843,doc_f486,doc_f486_chunk_0002,best-fit algorithm
9844,doc_f486,doc_f486_chunk_0002,network topology
9845,doc_f486,doc_f486_chunk_0002,topology/tree plugin
9846,doc_f486,doc_f486_chunk_0002,consecutive nodes
9847,doc_f486,doc_f486_chunk_0002,resource requirement
9848,doc_f486,doc_f486_chunk_0002,best nodes
9849,doc_f486,doc_f486_chunk_0002,resource accumulation
9850,doc_f486,doc_f486_chunk_0002,preemptable jobs
9851,doc_f486,doc_f486_chunk_0002,system state
9852,doc_f486,doc_f486_chunk_0002,job preemption
9853,doc_f486,doc_f486_chunk_0002,suspending jobs
9854,doc_fa3f,doc_fa3f_chunk_0001,Slurm
9855,doc_fa3f,doc_fa3f_chunk_0001,REST API
9856,doc_fa3f,doc_fa3f_chunk_0001,squeue
9857,doc_fa3f,doc_fa3f_chunk_0001,sacct
9858,doc_fa3f,doc_fa3f_chunk_0001,base states
9859,doc_fa3f,doc_fa3f_chunk_0001,state flags
9860,doc_fa3f,doc_fa3f_chunk_0001,Slurm code
9861,doc_fa3f,doc_fa3f_chunk_0001,slurm.conf
9862,doc_fa3f,doc_fa3f_chunk_0001,DebugFlags
9863,doc_fa3f,doc_fa3f_chunk_0001,TraceJobs
9864,doc_fa3f,doc_fa3f_chunk_0001,SlurmctldDebug
9865,doc_fa3f,doc_fa3f_chunk_0001,job codes
9866,doc_fa3f,doc_fa3f_chunk_0001,job states
9867,doc_fa3f,doc_fa3f_chunk_0001,job flags
