edge_id,doc_id,chunk_id,child_term,parent_term,justification,raw_json
1,doc_0117,doc_0117_chunk_0002,bonus,fair-share factor,Bonus is a factor applied to the fair-share factor in the depth-oblivious flavor of the fair-share policy.,"{
  ""is_a_edges"": [
    {
      ""child"": ""bonus"",
      ""parent"": ""fair-share factor"",
      ""justification"": ""Bonus is a factor applied to the fair-share factor in the depth-oblivious flavor of the fair-share policy.""
    },
    {
      ""child"": ""malus"",
      ""parent"": ""fair-share factor"",
      ""justification"": ""Malus is a factor applied to the fair-share factor in the depth-oblivious flavor of the fair-share policy.""
    },
    {
      ""child"": ""depth_oblivious"",
      ""parent"": ""fair-share flavor"",
      ""justification"": ""Depth_oblivious is a flavor of the fair-share policy in SLURM.""
    },
    {
      ""child"": ""multifactor"",
      ""parent"": ""fair-share flavor"",
      ""justification"": ""Multifactor is a flavor of the fair-share policy in SLURM.""
    },
    {
      ""child"": ""priorityflags"",
      """
2,doc_0117,doc_0117_chunk_0002,malus,fair-share factor,Malus is a factor applied to the fair-share factor in the depth-oblivious flavor of the fair-share policy.,"{
  ""is_a_edges"": [
    {
      ""child"": ""bonus"",
      ""parent"": ""fair-share factor"",
      ""justification"": ""Bonus is a factor applied to the fair-share factor in the depth-oblivious flavor of the fair-share policy.""
    },
    {
      ""child"": ""malus"",
      ""parent"": ""fair-share factor"",
      ""justification"": ""Malus is a factor applied to the fair-share factor in the depth-oblivious flavor of the fair-share policy.""
    },
    {
      ""child"": ""depth_oblivious"",
      ""parent"": ""fair-share flavor"",
      ""justification"": ""Depth_oblivious is a flavor of the fair-share policy in SLURM.""
    },
    {
      ""child"": ""multifactor"",
      ""parent"": ""fair-share flavor"",
      ""justification"": ""Multifactor is a flavor of the fair-share policy in SLURM.""
    },
    {
      ""child"": ""priorityflags"",
      """
3,doc_04b1,doc_04b1_chunk_0007,kernel scheduler contention,thread starvation,Kernel scheduler contention is a specific type of thread starvation that occurs when there are more threads than available hardware CPUs.,"{
  ""is_a_edges"": [
    {
      ""child"": ""kernel scheduler contention"",
      ""parent"": ""thread starvation"",
      ""justification"": ""Kernel scheduler contention is a specific type of thread starvation that occurs when there are more threads than available hardware CPUs.""
    },
    {
      ""child"": ""lock contention"",
      ""parent"": ""kernel scheduler contention"",
      ""justification"": ""Lock contention is a specific type of kernel scheduler contention that occurs when multiple threads compete for access to shared resources, such as global slurmctld locks.""
    },
    {
      ""child"": ""non-negligible delays"",
      ""parent"": ""lock contention"",
      ""justification"": ""Non-negligible delays are a specific consequence of increased lock contention, causing the SLURM scheduler to run slower.""
    },
    {
      ""child"": ""scheduler threads"",
      ""parent"": ""thread counts"",
      ""justification"": ""Scheduler threads are a specific type of thread counts used by the SLURM scheduler to"
4,doc_04b1,doc_04b1_chunk_0007,lock contention,kernel scheduler contention,"Lock contention is a specific type of kernel scheduler contention that occurs when multiple threads compete for access to shared resources, such as global slurmctld locks.","{
  ""is_a_edges"": [
    {
      ""child"": ""kernel scheduler contention"",
      ""parent"": ""thread starvation"",
      ""justification"": ""Kernel scheduler contention is a specific type of thread starvation that occurs when there are more threads than available hardware CPUs.""
    },
    {
      ""child"": ""lock contention"",
      ""parent"": ""kernel scheduler contention"",
      ""justification"": ""Lock contention is a specific type of kernel scheduler contention that occurs when multiple threads compete for access to shared resources, such as global slurmctld locks.""
    },
    {
      ""child"": ""non-negligible delays"",
      ""parent"": ""lock contention"",
      ""justification"": ""Non-negligible delays are a specific consequence of increased lock contention, causing the SLURM scheduler to run slower.""
    },
    {
      ""child"": ""scheduler threads"",
      ""parent"": ""thread counts"",
      ""justification"": ""Scheduler threads are a specific type of thread counts used by the SLURM scheduler to"
5,doc_04b1,doc_04b1_chunk_0007,non-negligible delays,lock contention,"Non-negligible delays are a specific consequence of increased lock contention, causing the SLURM scheduler to run slower.","{
  ""is_a_edges"": [
    {
      ""child"": ""kernel scheduler contention"",
      ""parent"": ""thread starvation"",
      ""justification"": ""Kernel scheduler contention is a specific type of thread starvation that occurs when there are more threads than available hardware CPUs.""
    },
    {
      ""child"": ""lock contention"",
      ""parent"": ""kernel scheduler contention"",
      ""justification"": ""Lock contention is a specific type of kernel scheduler contention that occurs when multiple threads compete for access to shared resources, such as global slurmctld locks.""
    },
    {
      ""child"": ""non-negligible delays"",
      ""parent"": ""lock contention"",
      ""justification"": ""Non-negligible delays are a specific consequence of increased lock contention, causing the SLURM scheduler to run slower.""
    },
    {
      ""child"": ""scheduler threads"",
      ""parent"": ""thread counts"",
      ""justification"": ""Scheduler threads are a specific type of thread counts used by the SLURM scheduler to"
6,doc_04b1,doc_04b1_chunk_0007,scheduler threads,thread counts,,"{
  ""is_a_edges"": [
    {
      ""child"": ""kernel scheduler contention"",
      ""parent"": ""thread starvation"",
      ""justification"": ""Kernel scheduler contention is a specific type of thread starvation that occurs when there are more threads than available hardware CPUs.""
    },
    {
      ""child"": ""lock contention"",
      ""parent"": ""kernel scheduler contention"",
      ""justification"": ""Lock contention is a specific type of kernel scheduler contention that occurs when multiple threads compete for access to shared resources, such as global slurmctld locks.""
    },
    {
      ""child"": ""non-negligible delays"",
      ""parent"": ""lock contention"",
      ""justification"": ""Non-negligible delays are a specific consequence of increased lock contention, causing the SLURM scheduler to run slower.""
    },
    {
      ""child"": ""scheduler threads"",
      ""parent"": ""thread counts"",
      ""justification"": ""Scheduler threads are a specific type of thread counts used by the SLURM scheduler to"
7,doc_05b9,doc_05b9_chunk_0036,v0_0_43_rollup_stats_monthly_duration,duration,v0_0_43_rollup_stats_monthly_duration is a specific duration related to the monthly rollup statistics in SLURM.,"{
  ""is_a_edges"": [
    {
      ""child"": ""v0_0_43_rollup_stats_monthly_duration"",
      ""parent"": ""duration"",
      ""justification"": ""v0_0_43_rollup_stats_monthly_duration is a specific duration related to the monthly rollup statistics in SLURM.""
    },
    {
      ""child"": ""seconds"",
      ""parent"": ""duration"",
      ""justification"": ""Seconds is a specific unit of time used to measure durations, including the v0_0_43_rollup_stats_monthly_duration.""
    },
    {
      ""child"": ""v0_0_43_step_tasks"",
      ""parent"": ""count"",
      ""justification"": ""v0_0_43_step_tasks is a specific count of tasks within a step of a job in SLURM.""
    },
    {
      ""child"": ""v0_0_43_step_time"",
      ""parent"": ""time"",
      ""justification"": ""v0"
8,doc_05b9,doc_05b9_chunk_0036,seconds,duration,"Seconds is a specific unit of time used to measure durations, including the v0_0_43_rollup_stats_monthly_duration.","{
  ""is_a_edges"": [
    {
      ""child"": ""v0_0_43_rollup_stats_monthly_duration"",
      ""parent"": ""duration"",
      ""justification"": ""v0_0_43_rollup_stats_monthly_duration is a specific duration related to the monthly rollup statistics in SLURM.""
    },
    {
      ""child"": ""seconds"",
      ""parent"": ""duration"",
      ""justification"": ""Seconds is a specific unit of time used to measure durations, including the v0_0_43_rollup_stats_monthly_duration.""
    },
    {
      ""child"": ""v0_0_43_step_tasks"",
      ""parent"": ""count"",
      ""justification"": ""v0_0_43_step_tasks is a specific count of tasks within a step of a job in SLURM.""
    },
    {
      ""child"": ""v0_0_43_step_time"",
      ""parent"": ""time"",
      ""justification"": ""v0"
9,doc_05b9,doc_05b9_chunk_0036,v0_0_43_step_tasks,count,v0_0_43_step_tasks is a specific count of tasks within a step of a job in SLURM.,"{
  ""is_a_edges"": [
    {
      ""child"": ""v0_0_43_rollup_stats_monthly_duration"",
      ""parent"": ""duration"",
      ""justification"": ""v0_0_43_rollup_stats_monthly_duration is a specific duration related to the monthly rollup statistics in SLURM.""
    },
    {
      ""child"": ""seconds"",
      ""parent"": ""duration"",
      ""justification"": ""Seconds is a specific unit of time used to measure durations, including the v0_0_43_rollup_stats_monthly_duration.""
    },
    {
      ""child"": ""v0_0_43_step_tasks"",
      ""parent"": ""count"",
      ""justification"": ""v0_0_43_step_tasks is a specific count of tasks within a step of a job in SLURM.""
    },
    {
      ""child"": ""v0_0_43_step_time"",
      ""parent"": ""time"",
      ""justification"": ""v0"
10,doc_05b9,doc_05b9_chunk_0036,v0_0_43_step_time,time,,"{
  ""is_a_edges"": [
    {
      ""child"": ""v0_0_43_rollup_stats_monthly_duration"",
      ""parent"": ""duration"",
      ""justification"": ""v0_0_43_rollup_stats_monthly_duration is a specific duration related to the monthly rollup statistics in SLURM.""
    },
    {
      ""child"": ""seconds"",
      ""parent"": ""duration"",
      ""justification"": ""Seconds is a specific unit of time used to measure durations, including the v0_0_43_rollup_stats_monthly_duration.""
    },
    {
      ""child"": ""v0_0_43_step_tasks"",
      ""parent"": ""count"",
      ""justification"": ""v0_0_43_step_tasks is a specific count of tasks within a step of a job in SLURM.""
    },
    {
      ""child"": ""v0_0_43_step_time"",
      ""parent"": ""time"",
      ""justification"": ""v0"
11,doc_05be,doc_05be_chunk_0001,cli_filter_p_pre_submit,cli_filter_plugin,"cli_filter_p_pre_submit is a specific type of cli_filter_plugin, called after option processing per job component but before any communication with the slurm controller.","{
  ""is_a_edges"": [
    {
      ""child"": ""slurm cli_filter plugins"",
      ""parent"": ""Slurm plugins"",
      ""justification"": ""Slurm cli_filter plugins are a specific type of Slurm plugins, providing hooks for the salloc, sbatch, and srun command-line interface programs.""
    },
    {
      ""child"": ""cli_filter_plugin"",
      ""parent"": ""Slurm plugins"",
      ""justification"": ""cli_filter_plugin is a specific type of Slurm plugin, used for filtering job options during the execution of salloc, sbatch, and srun commands.""
    },
    {
      ""child"": ""cli_filter_p_pre_submit"",
      ""parent"": ""cli_filter_plugin"",
      ""justification"": ""cli_filter_p_pre_submit is a specific type of cli_filter_plugin, called after option processing per job component but before any communication with the slurm controller.""
    },
    {
      ""child"": ""cli_filter_p_setup_defaults"",
      ""parent"":"
12,doc_05be,doc_05be_chunk_0002,cli_filter.lua,lua plugin,cli_filter.lua is a Lua script used within the cli_filter plugin for custom job submission filtering.,"{
  ""is_a_edges"": [
    {
      ""child"": ""cli_filter"",
      ""parent"": ""slurm plugin"",
      ""justification"": ""cli_filter is a specific type of plugin used in Slurm for job submission filtering.""
    },
    {
      ""child"": ""cli_filter.lua"",
      ""parent"": ""lua plugin"",
      ""justification"": ""cli_filter.lua is a Lua script used within the cli_filter plugin for custom job submission filtering.""
    },
    {
      ""child"": ""cli_filter.major"",
      ""parent"": ""plugin_type"",
      ""justification"": ""cli_filter.major is a specific type of plugin_type used in the context of cli_filter plugins.""
    },
    {
      ""child"": ""cli_filter.minor"",
      ""parent"": ""plugin_type"",
      ""justification"": ""cli_filter.minor is a specific type of plugin_type used to specify the minor type of a job submission package for cli_filter plugins.""
    },
    {
      ""child"
13,doc_05be,doc_05be_chunk_0002,cli_filter.major,plugin_type,cli_filter.major is a specific type of plugin_type used in the context of cli_filter plugins.,"{
  ""is_a_edges"": [
    {
      ""child"": ""cli_filter"",
      ""parent"": ""slurm plugin"",
      ""justification"": ""cli_filter is a specific type of plugin used in Slurm for job submission filtering.""
    },
    {
      ""child"": ""cli_filter.lua"",
      ""parent"": ""lua plugin"",
      ""justification"": ""cli_filter.lua is a Lua script used within the cli_filter plugin for custom job submission filtering.""
    },
    {
      ""child"": ""cli_filter.major"",
      ""parent"": ""plugin_type"",
      ""justification"": ""cli_filter.major is a specific type of plugin_type used in the context of cli_filter plugins.""
    },
    {
      ""child"": ""cli_filter.minor"",
      ""parent"": ""plugin_type"",
      ""justification"": ""cli_filter.minor is a specific type of plugin_type used to specify the minor type of a job submission package for cli_filter plugins.""
    },
    {
      ""child"
14,doc_05be,doc_05be_chunk_0002,cli_filter.minor,plugin_type,cli_filter.minor is a specific type of plugin_type used to specify the minor type of a job submission package for cli_filter plugins.,"{
  ""is_a_edges"": [
    {
      ""child"": ""cli_filter"",
      ""parent"": ""slurm plugin"",
      ""justification"": ""cli_filter is a specific type of plugin used in Slurm for job submission filtering.""
    },
    {
      ""child"": ""cli_filter.lua"",
      ""parent"": ""lua plugin"",
      ""justification"": ""cli_filter.lua is a Lua script used within the cli_filter plugin for custom job submission filtering.""
    },
    {
      ""child"": ""cli_filter.major"",
      ""parent"": ""plugin_type"",
      ""justification"": ""cli_filter.major is a specific type of plugin_type used in the context of cli_filter plugins.""
    },
    {
      ""child"": ""cli_filter.minor"",
      ""parent"": ""plugin_type"",
      ""justification"": ""cli_filter.minor is a specific type of plugin_type used to specify the minor type of a job submission package for cli_filter plugins.""
    },
    {
      ""child"
15,doc_05be,doc_05be_chunk_0003,cli_filter_p_pre_submit,cli,cli_filter_p_pre_submit is a specific command-line interface (CLI) function for Slurm.,"{
  ""is_a_edges"": [
    {
      ""child"": ""cli_filter_p_pre_submit"",
      ""parent"": ""cli"",
      ""justification"": ""cli_filter_p_pre_submit is a specific command-line interface (CLI) function for Slurm.""
    },
    {
      ""child"": ""cli_filter_p_setup_defaults"",
      ""parent"": ""cli"",
      ""justification"": ""cli_filter_p_setup_defaults is a specific command-line interface (CLI) function for Slurm.""
    },
    {
      ""child"": ""slurm_opt_t"",
      ""parent"": ""config_param"",
      ""justification"": ""slurm_opt_t is a specific data structure used to store and manage command-line options for SLURM job components.""
    },
    {
      ""child"": ""slurm_option_api"",
      ""parent"": ""other_hpc"",
      ""justification"": ""slurm_option_API is a specific set of functions within the SLURM source code used to process command-"
16,doc_05be,doc_05be_chunk_0003,cli_filter_p_setup_defaults,cli,cli_filter_p_setup_defaults is a specific command-line interface (CLI) function for Slurm.,"{
  ""is_a_edges"": [
    {
      ""child"": ""cli_filter_p_pre_submit"",
      ""parent"": ""cli"",
      ""justification"": ""cli_filter_p_pre_submit is a specific command-line interface (CLI) function for Slurm.""
    },
    {
      ""child"": ""cli_filter_p_setup_defaults"",
      ""parent"": ""cli"",
      ""justification"": ""cli_filter_p_setup_defaults is a specific command-line interface (CLI) function for Slurm.""
    },
    {
      ""child"": ""slurm_opt_t"",
      ""parent"": ""config_param"",
      ""justification"": ""slurm_opt_t is a specific data structure used to store and manage command-line options for SLURM job components.""
    },
    {
      ""child"": ""slurm_option_api"",
      ""parent"": ""other_hpc"",
      ""justification"": ""slurm_option_API is a specific set of functions within the SLURM source code used to process command-"
17,doc_05be,doc_05be_chunk_0005,default partition,partition,Default partitions are a specific type of partition assigned to jobs when no specific partition is specified in the job submission command.,"{
  ""is_a_edges"": [
    {
      ""child"": ""default partition"",
      ""parent"": ""partition"",
      ""justification"": ""Default partitions are a specific type of partition assigned to jobs when no specific partition is specified in the job submission command.""
    },
    {
      ""child"": ""defined cluster"",
      ""parent"": ""cluster"",
      ""justification"": ""Defined clusters are specific groups of interconnected computers that can be targeted for job submission in SLURM or LSF.""
    },
    {
      ""child"": ""high"",
      ""parent"": ""queue_or_partition"",
      ""justification"": ""High is a specific queue or partition name for jobs submitted with the sbatch command.""
    },
    {
      ""child"": ""interactive"",
      ""parent"": ""queue_or_partition"",
      ""justification"": ""Interactive is a specific queue or partition for interactive jobs, used for user testing or debugging.""
    },
    {
      ""child"": ""member"",
      ""parent"": ""queue_or_partition"",
      ""justification"": ""Member is"
18,doc_05be,doc_05be_chunk_0005,defined cluster,cluster,Defined clusters are specific groups of interconnected computers that can be targeted for job submission in SLURM or LSF.,"{
  ""is_a_edges"": [
    {
      ""child"": ""default partition"",
      ""parent"": ""partition"",
      ""justification"": ""Default partitions are a specific type of partition assigned to jobs when no specific partition is specified in the job submission command.""
    },
    {
      ""child"": ""defined cluster"",
      ""parent"": ""cluster"",
      ""justification"": ""Defined clusters are specific groups of interconnected computers that can be targeted for job submission in SLURM or LSF.""
    },
    {
      ""child"": ""high"",
      ""parent"": ""queue_or_partition"",
      ""justification"": ""High is a specific queue or partition name for jobs submitted with the sbatch command.""
    },
    {
      ""child"": ""interactive"",
      ""parent"": ""queue_or_partition"",
      ""justification"": ""Interactive is a specific queue or partition for interactive jobs, used for user testing or debugging.""
    },
    {
      ""child"": ""member"",
      ""parent"": ""queue_or_partition"",
      ""justification"": ""Member is"
19,doc_0ac6,doc_0ac6_chunk_0008,batch step,job step,Batch step is a specific type of job step in SLURM that can be executed as a containerized job or an interactive step.,"{
  ""is_a_edges"": [
    {
      ""child"": ""batch step"",
      ""parent"": ""job step"",
      ""justification"": ""Batch step is a specific type of job step in SLURM that can be executed as a containerized job or an interactive step.""
    },
    {
      ""child"": ""interactive step"",
      ""parent"": ""job step"",
      ""justification"": ""Interactive step is a specific type of job step in SLURM that allows users to interact with a container or job environment in real-time.""
    },
    {
      ""child"": ""job step 0"",
      ""parent"": ""job step"",
      ""justification"": ""Job step 0 is a specific instance of a job step in SLURM, which can be a batch step, interactive step, or a step within a job with multiple steps.""
    },
    {
      ""child"": ""job step 1"",
      ""parent"": ""job step"",
      ""justification"": ""Job step 1 is a specific instance of a job step in SLURM, which can be a batch step, interactive"
20,doc_0ac6,doc_0ac6_chunk_0008,interactive step,job step,Interactive step is a specific type of job step in SLURM that allows users to interact with a container or job environment in real-time.,"{
  ""is_a_edges"": [
    {
      ""child"": ""batch step"",
      ""parent"": ""job step"",
      ""justification"": ""Batch step is a specific type of job step in SLURM that can be executed as a containerized job or an interactive step.""
    },
    {
      ""child"": ""interactive step"",
      ""parent"": ""job step"",
      ""justification"": ""Interactive step is a specific type of job step in SLURM that allows users to interact with a container or job environment in real-time.""
    },
    {
      ""child"": ""job step 0"",
      ""parent"": ""job step"",
      ""justification"": ""Job step 0 is a specific instance of a job step in SLURM, which can be a batch step, interactive step, or a step within a job with multiple steps.""
    },
    {
      ""child"": ""job step 1"",
      ""parent"": ""job step"",
      ""justification"": ""Job step 1 is a specific instance of a job step in SLURM, which can be a batch step, interactive"
21,doc_0e42,doc_0e42_chunk_0002,slurmrestd group,group,The slurmrestd group is a specific group created for running the slurmrestd daemon.,"{
  ""is_a_edges"": [
    {
      ""child"": ""slurmrestd group"",
      ""parent"": ""group"",
      ""justification"": ""The slurmrestd group is a specific group created for running the slurmrestd daemon.""
    },
    {
      ""child"": ""slurmrestd user"",
      ""parent"": ""user"",
      ""justification"": ""The slurmrestd user is a specific user account created for running the slurmrestd daemon.""
    },
    {
      ""child"": ""slurmrestd user and group"",
      ""parent"": ""slurmrestd user"",
      ""justification"": ""The slurmrestd user and group are a specific combination of accounts created for running the slurmrestd daemon.""
    },
    {
      ""child"": ""slurmrestd_listen"",
      ""parent"": ""config_param"",
      ""justification"": ""SLURMRESTD_LISTEN is a specific configuration parameter used to configure the socket(s) for the slurmrestd daemon.""
    },
    {"
22,doc_0e42,doc_0e42_chunk_0002,slurmrestd user,user,The slurmrestd user is a specific user account created for running the slurmrestd daemon.,"{
  ""is_a_edges"": [
    {
      ""child"": ""slurmrestd group"",
      ""parent"": ""group"",
      ""justification"": ""The slurmrestd group is a specific group created for running the slurmrestd daemon.""
    },
    {
      ""child"": ""slurmrestd user"",
      ""parent"": ""user"",
      ""justification"": ""The slurmrestd user is a specific user account created for running the slurmrestd daemon.""
    },
    {
      ""child"": ""slurmrestd user and group"",
      ""parent"": ""slurmrestd user"",
      ""justification"": ""The slurmrestd user and group are a specific combination of accounts created for running the slurmrestd daemon.""
    },
    {
      ""child"": ""slurmrestd_listen"",
      ""parent"": ""config_param"",
      ""justification"": ""SLURMRESTD_LISTEN is a specific configuration parameter used to configure the socket(s) for the slurmrestd daemon.""
    },
    {"
23,doc_0e42,doc_0e42_chunk_0002,slurmrestd user and group,slurmrestd user,The slurmrestd user and group are a specific combination of accounts created for running the slurmrestd daemon.,"{
  ""is_a_edges"": [
    {
      ""child"": ""slurmrestd group"",
      ""parent"": ""group"",
      ""justification"": ""The slurmrestd group is a specific group created for running the slurmrestd daemon.""
    },
    {
      ""child"": ""slurmrestd user"",
      ""parent"": ""user"",
      ""justification"": ""The slurmrestd user is a specific user account created for running the slurmrestd daemon.""
    },
    {
      ""child"": ""slurmrestd user and group"",
      ""parent"": ""slurmrestd user"",
      ""justification"": ""The slurmrestd user and group are a specific combination of accounts created for running the slurmrestd daemon.""
    },
    {
      ""child"": ""slurmrestd_listen"",
      ""parent"": ""config_param"",
      ""justification"": ""SLURMRESTD_LISTEN is a specific configuration parameter used to configure the socket(s) for the slurmrestd daemon.""
    },
    {"
24,doc_10c5,doc_10c5_chunk_0001,fat masks,affinity mask,Fat masks are a specific type of affinity mask that allow a process to run on more than one logical processor.,"{
  ""is_a_edges"": [
    {
      ""child"": ""affinity mask"",
      ""parent"": ""resource"",
      ""justification"": ""Affinity mask is a resource concept used to control the logical processors a process can run on.""
    },
    {
      ""child"": ""fat masks"",
      ""parent"": ""affinity mask"",
      ""justification"": ""Fat masks are a specific type of affinity mask that allow a process to run on more than one logical processor.""
    },
    {
      ""child"": ""affinity"",
      ""parent"": ""resource"",
      ""justification"": ""Affinity refers to the state of being bound to a specific logical processor, which can be controlled using resources like affinity masks.""
    },
    {
      ""child"": ""socket"",
      ""parent"": ""config_param"",
      ""justification"": ""Socket is a configuration parameter used to customize the slurmrestd daemon's communication endpoints.""
    },
    {
      ""child"": ""sockets-per-node"",
      ""parent"": ""resource"",
      ""justification"
25,doc_10c5,doc_10c5_chunk_0003,block,task distribution,Block is a specific task distribution method within the lowest level of logical processors.,", or synonym of the parent.
- child is NOT a constraint or limit on the parent.
- child is NOT a role or function of the parent.
- child is NOT a sibling factor or mode of the parent.

CORRECT_JSON:
{
  ""is_a_edges"": [
    {
      ""child"": ""block"",
      ""parent"": ""task distribution"",
      ""justification"": ""Block is a specific task distribution method within the lowest level of logical processors.""
    },
    {
      ""child"": ""cyclic"",
      ""parent"": ""task distribution"",
      ""justification"": ""Cyclic is a specific task distribution method within the lowest level of logical processors.""
    },
    {
      ""child"": ""plane"",
      ""parent"": ""task distribution"",
      ""justification"": ""Plane is a specific task distribution method that divides the cluster into planes.""
    },
    {
      ""child"": ""plane=x"",
      ""parent"": ""option_flag"",
      ""justification"": ""plane=x is a specific command-line option used to configure the task distribution"
26,doc_10c5,doc_10c5_chunk_0003,cyclic,task distribution,Cyclic is a specific task distribution method within the lowest level of logical processors.,", or synonym of the parent.
- child is NOT a constraint or limit on the parent.
- child is NOT a role or function of the parent.
- child is NOT a sibling factor or mode of the parent.

CORRECT_JSON:
{
  ""is_a_edges"": [
    {
      ""child"": ""block"",
      ""parent"": ""task distribution"",
      ""justification"": ""Block is a specific task distribution method within the lowest level of logical processors.""
    },
    {
      ""child"": ""cyclic"",
      ""parent"": ""task distribution"",
      ""justification"": ""Cyclic is a specific task distribution method within the lowest level of logical processors.""
    },
    {
      ""child"": ""plane"",
      ""parent"": ""task distribution"",
      ""justification"": ""Plane is a specific task distribution method that divides the cluster into planes.""
    },
    {
      ""child"": ""plane=x"",
      ""parent"": ""option_flag"",
      ""justification"": ""plane=x is a specific command-line option used to configure the task distribution"
27,doc_10c5,doc_10c5_chunk_0003,plane,task distribution,Plane is a specific task distribution method that divides the cluster into planes.,", or synonym of the parent.
- child is NOT a constraint or limit on the parent.
- child is NOT a role or function of the parent.
- child is NOT a sibling factor or mode of the parent.

CORRECT_JSON:
{
  ""is_a_edges"": [
    {
      ""child"": ""block"",
      ""parent"": ""task distribution"",
      ""justification"": ""Block is a specific task distribution method within the lowest level of logical processors.""
    },
    {
      ""child"": ""cyclic"",
      ""parent"": ""task distribution"",
      ""justification"": ""Cyclic is a specific task distribution method within the lowest level of logical processors.""
    },
    {
      ""child"": ""plane"",
      ""parent"": ""task distribution"",
      ""justification"": ""Plane is a specific task distribution method that divides the cluster into planes.""
    },
    {
      ""child"": ""plane=x"",
      ""parent"": ""option_flag"",
      ""justification"": ""plane=x is a specific command-line option used to configure the task distribution"
28,doc_16b3,doc_16b3_chunk_0001,bitmaps,data structures,Bitmaps are a specific type of data structure used in SLURM to manage the allocation status of resources.,"{
  ""is_a_edges"": [
    {
      ""child"": ""bitmaps"",
      ""parent"": ""data structures"",
      ""justification"": ""Bitmaps are a specific type of data structure used in SLURM to manage the allocation status of resources.""
    },
    {
      ""child"": ""gres"",
      ""parent"": ""generic resources"",
      ""justification"": ""GRES is a specific type of generic resource associated with a specific node in SLURM.""
    },
    {
      ""child"": ""gres type"",
      ""parent"": ""generic resources"",
      ""justification"": ""GRES type is a specific type of generic resource associated with a specific node in SLURM.""
    },
    {
      ""child"": ""gres_job_state_t"",
      ""parent"": ""data structures"",
      ""justification"": ""gres_job_state_t is a specific type of data structure in SLURM that stores the state of a job's Generic Resources (GRES) allocation.""
    },
    {
      ""child"": ""gres_list"",
      ""parent"": ""config_"
29,doc_16b3,doc_16b3_chunk_0001,gres,generic resources,GRES is a specific type of generic resource associated with a specific node in SLURM.,"{
  ""is_a_edges"": [
    {
      ""child"": ""bitmaps"",
      ""parent"": ""data structures"",
      ""justification"": ""Bitmaps are a specific type of data structure used in SLURM to manage the allocation status of resources.""
    },
    {
      ""child"": ""gres"",
      ""parent"": ""generic resources"",
      ""justification"": ""GRES is a specific type of generic resource associated with a specific node in SLURM.""
    },
    {
      ""child"": ""gres type"",
      ""parent"": ""generic resources"",
      ""justification"": ""GRES type is a specific type of generic resource associated with a specific node in SLURM.""
    },
    {
      ""child"": ""gres_job_state_t"",
      ""parent"": ""data structures"",
      ""justification"": ""gres_job_state_t is a specific type of data structure in SLURM that stores the state of a job's Generic Resources (GRES) allocation.""
    },
    {
      ""child"": ""gres_list"",
      ""parent"": ""config_"
30,doc_16b3,doc_16b3_chunk_0001,gres type,generic resources,GRES type is a specific type of generic resource associated with a specific node in SLURM.,"{
  ""is_a_edges"": [
    {
      ""child"": ""bitmaps"",
      ""parent"": ""data structures"",
      ""justification"": ""Bitmaps are a specific type of data structure used in SLURM to manage the allocation status of resources.""
    },
    {
      ""child"": ""gres"",
      ""parent"": ""generic resources"",
      ""justification"": ""GRES is a specific type of generic resource associated with a specific node in SLURM.""
    },
    {
      ""child"": ""gres type"",
      ""parent"": ""generic resources"",
      ""justification"": ""GRES type is a specific type of generic resource associated with a specific node in SLURM.""
    },
    {
      ""child"": ""gres_job_state_t"",
      ""parent"": ""data structures"",
      ""justification"": ""gres_job_state_t is a specific type of data structure in SLURM that stores the state of a job's Generic Resources (GRES) allocation.""
    },
    {
      ""child"": ""gres_list"",
      ""parent"": ""config_"
31,doc_16b3,doc_16b3_chunk_0001,gres_job_state_t,data structures,gres_job_state_t is a specific type of data structure in SLURM that stores the state of a job's Generic Resources (GRES) allocation.,"{
  ""is_a_edges"": [
    {
      ""child"": ""bitmaps"",
      ""parent"": ""data structures"",
      ""justification"": ""Bitmaps are a specific type of data structure used in SLURM to manage the allocation status of resources.""
    },
    {
      ""child"": ""gres"",
      ""parent"": ""generic resources"",
      ""justification"": ""GRES is a specific type of generic resource associated with a specific node in SLURM.""
    },
    {
      ""child"": ""gres type"",
      ""parent"": ""generic resources"",
      ""justification"": ""GRES type is a specific type of generic resource associated with a specific node in SLURM.""
    },
    {
      ""child"": ""gres_job_state_t"",
      ""parent"": ""data structures"",
      ""justification"": ""gres_job_state_t is a specific type of data structure in SLURM that stores the state of a job's Generic Resources (GRES) allocation.""
    },
    {
      ""child"": ""gres_list"",
      ""parent"": ""config_"
32,doc_1988,doc_1988_chunk_0001,timesliced gang scheduling,gang scheduler,"Timesliced gang scheduling is a specific type of gang scheduling in which multiple jobs share resources in the same partition, taking turns to have dedicated access.","{
  ""is_a_edges"": [
    {
      ""child"": ""timesliced gang scheduling"",
      ""parent"": ""gang scheduler"",
      ""justification"": ""Timesliced gang scheduling is a specific type of gang scheduling in which multiple jobs share resources in the same partition, taking turns to have dedicated access.""
    },
    {
      ""child"": ""preemptive job scheduling"",
      ""parent"": ""gang scheduler"",
      ""justification"": ""Preemptive job scheduling is a strategy within gang scheduling that allows higher-priority jobs to preempt lower-priority jobs.""
    },
    {
      ""child"": ""preemptionmodes"",
      ""parent"": ""config_param"",
      ""justification"": ""PreemptionModes is a configuration parameter that defines the preemption modes for job scheduling.""
    },
    {
      ""child"": ""prioritytier"",
      ""parent"": ""config_param"",
      ""justification"": ""PriorityTier is a configuration parameter that determines the priority level of a job partition or QoS.""
    },
    {"
33,doc_1988,doc_1988_chunk_0001,preemptive job scheduling,gang scheduler,Preemptive job scheduling is a strategy within gang scheduling that allows higher-priority jobs to preempt lower-priority jobs.,"{
  ""is_a_edges"": [
    {
      ""child"": ""timesliced gang scheduling"",
      ""parent"": ""gang scheduler"",
      ""justification"": ""Timesliced gang scheduling is a specific type of gang scheduling in which multiple jobs share resources in the same partition, taking turns to have dedicated access.""
    },
    {
      ""child"": ""preemptive job scheduling"",
      ""parent"": ""gang scheduler"",
      ""justification"": ""Preemptive job scheduling is a strategy within gang scheduling that allows higher-priority jobs to preempt lower-priority jobs.""
    },
    {
      ""child"": ""preemptionmodes"",
      ""parent"": ""config_param"",
      ""justification"": ""PreemptionModes is a configuration parameter that defines the preemption modes for job scheduling.""
    },
    {
      ""child"": ""prioritytier"",
      ""parent"": ""config_param"",
      ""justification"": ""PriorityTier is a configuration parameter that determines the priority level of a job partition or QoS.""
    },
    {"
34,doc_1988,doc_1988_chunk_0002,cons_tres plugin,resource selection plugin,The cons_tres plugin is a specific resource selection plugin in SLURM that allocates socket/core/CPU resources based on total memory usage.,"{
  ""is_a_edges"": [
    {
      ""child"": ""cons_tres plugin"",
      ""parent"": ""resource selection plugin"",
      ""justification"": ""The cons_tres plugin is a specific resource selection plugin in SLURM that allocates socket/core/CPU resources based on total memory usage.""
    },
    {
      ""child"": ""cr_memory"",
      ""parent"": ""config_param"",
      ""justification"": ""CR_Memory is a configuration parameter in SLURM for specifying memory as a consumable resource for job allocation.""
    },
    {
      ""child"": ""defmempercpu"",
      ""parent"": ""config_param"",
      ""justification"": ""DefMemPerCPU is a Slurm configuration parameter that sets the default memory per CPU for allocated resources.""
    },
    {
      ""child"": ""defmempernode"",
      ""parent"": ""config_param"",
      ""justification"": ""DefMemPerNode is a Slurm configuration parameter that sets the default memory per allocated node.""
    },
    {
      ""child"": ""heterogeneous jobs"","
35,doc_1988,doc_1988_chunk_0004,active bitmap,job queue,"The active bitmap is a data structure within the gang scheduler logic that tracks the resources allocated to concurrently running jobs, which is a part of the job queue.","{
  ""is_a_edges"": [
    {
      ""child"": ""active bitmap"",
      ""parent"": ""job queue"",
      ""justification"": ""The active bitmap is a data structure within the gang scheduler logic that tracks the resources allocated to concurrently running jobs, which is a part of the job queue.""
    },
    {
      ""child"": ""force"",
      ""parent"": ""oversubscribe"",
      ""justification"": ""Force is a specific configuration parameter for the OverSubscribe option in SLURM.""
    },
    {
      ""child"": ""gang scheduler"",
      ""parent"": ""scheduler"",
      ""justification"": ""Gang scheduler is a component in SLURM that manages job scheduling and resource allocation, which is a part of the scheduler.""
    },
    {
      ""child"": ""job queue"",
      ""parent"": ""queue_or_partition"",
      ""justification"": ""Job queue is a list of jobs waiting to be scheduled and executed, which is a type of queue or partition.""
    },
    {
      ""child"": ""oversub"
36,doc_1988,doc_1988_chunk_0004,force,oversubscribe,Force is a specific configuration parameter for the OverSubscribe option in SLURM.,"{
  ""is_a_edges"": [
    {
      ""child"": ""active bitmap"",
      ""parent"": ""job queue"",
      ""justification"": ""The active bitmap is a data structure within the gang scheduler logic that tracks the resources allocated to concurrently running jobs, which is a part of the job queue.""
    },
    {
      ""child"": ""force"",
      ""parent"": ""oversubscribe"",
      ""justification"": ""Force is a specific configuration parameter for the OverSubscribe option in SLURM.""
    },
    {
      ""child"": ""gang scheduler"",
      ""parent"": ""scheduler"",
      ""justification"": ""Gang scheduler is a component in SLURM that manages job scheduling and resource allocation, which is a part of the scheduler.""
    },
    {
      ""child"": ""job queue"",
      ""parent"": ""queue_or_partition"",
      ""justification"": ""Job queue is a list of jobs waiting to be scheduled and executed, which is a type of queue or partition.""
    },
    {
      ""child"": ""oversub"
37,doc_2247,doc_2247_chunk_0001,slurm-announce,communications,slurm-announce is a specific type of communication used for Slurm release announcements.,"{
  ""is_a_edges"": [
    {
      ""child"": ""slurm-announce"",
      ""parent"": ""communications"",
      ""justification"": ""slurm-announce is a specific type of communication used for Slurm release announcements.""
    },
    {
      ""child"": ""slurm-users"",
      ""parent"": ""communications"",
      ""justification"": ""slurm-users is a specific type of communication used for community-provided support and discussions.""
    },
    {
      ""child"": ""slurm-dev"",
      ""parent"": ""slurm-users"",
      ""justification"": ""slurm-dev is a specific mailing list within the slurm-users communications.""
    },
    {
      ""child"": ""slurm system administrators"",
      ""parent"": ""Slurm community"",
      ""justification"": ""Slurm system administrators are a specific group within the broader Slurm community.""
    },
    {
      ""child"": ""slurm releases"",
      ""parent"": ""slurm"",
      ""justification"": ""Slurm releases are specific versions"
38,doc_2247,doc_2247_chunk_0001,slurm-users,communications,slurm-users is a specific type of communication used for community-provided support and discussions.,"{
  ""is_a_edges"": [
    {
      ""child"": ""slurm-announce"",
      ""parent"": ""communications"",
      ""justification"": ""slurm-announce is a specific type of communication used for Slurm release announcements.""
    },
    {
      ""child"": ""slurm-users"",
      ""parent"": ""communications"",
      ""justification"": ""slurm-users is a specific type of communication used for community-provided support and discussions.""
    },
    {
      ""child"": ""slurm-dev"",
      ""parent"": ""slurm-users"",
      ""justification"": ""slurm-dev is a specific mailing list within the slurm-users communications.""
    },
    {
      ""child"": ""slurm system administrators"",
      ""parent"": ""Slurm community"",
      ""justification"": ""Slurm system administrators are a specific group within the broader Slurm community.""
    },
    {
      ""child"": ""slurm releases"",
      ""parent"": ""slurm"",
      ""justification"": ""Slurm releases are specific versions"
39,doc_2247,doc_2247_chunk_0001,slurm-dev,slurm-users,slurm-dev is a specific mailing list within the slurm-users communications.,"{
  ""is_a_edges"": [
    {
      ""child"": ""slurm-announce"",
      ""parent"": ""communications"",
      ""justification"": ""slurm-announce is a specific type of communication used for Slurm release announcements.""
    },
    {
      ""child"": ""slurm-users"",
      ""parent"": ""communications"",
      ""justification"": ""slurm-users is a specific type of communication used for community-provided support and discussions.""
    },
    {
      ""child"": ""slurm-dev"",
      ""parent"": ""slurm-users"",
      ""justification"": ""slurm-dev is a specific mailing list within the slurm-users communications.""
    },
    {
      ""child"": ""slurm system administrators"",
      ""parent"": ""Slurm community"",
      ""justification"": ""Slurm system administrators are a specific group within the broader Slurm community.""
    },
    {
      ""child"": ""slurm releases"",
      ""parent"": ""slurm"",
      ""justification"": ""Slurm releases are specific versions"
40,doc_2247,doc_2247_chunk_0001,slurm releases,slurm,,"{
  ""is_a_edges"": [
    {
      ""child"": ""slurm-announce"",
      ""parent"": ""communications"",
      ""justification"": ""slurm-announce is a specific type of communication used for Slurm release announcements.""
    },
    {
      ""child"": ""slurm-users"",
      ""parent"": ""communications"",
      ""justification"": ""slurm-users is a specific type of communication used for community-provided support and discussions.""
    },
    {
      ""child"": ""slurm-dev"",
      ""parent"": ""slurm-users"",
      ""justification"": ""slurm-dev is a specific mailing list within the slurm-users communications.""
    },
    {
      ""child"": ""slurm system administrators"",
      ""parent"": ""Slurm community"",
      ""justification"": ""Slurm system administrators are a specific group within the broader Slurm community.""
    },
    {
      ""child"": ""slurm releases"",
      ""parent"": ""slurm"",
      ""justification"": ""Slurm releases are specific versions"
41,doc_2329,doc_2329_chunk_0002,slurm mpi plugin,slurm plugin,The slurm mpi plugin is a specific type of slurm plugin that enables integration between the Slurm workload manager and MPI (Message Passing Interface) libraries.,"{
  ""is_a_edges"": [
    {
      ""child"": ""slurm mpi plugin"",
      ""parent"": ""slurm plugin"",
      ""justification"": ""The slurm mpi plugin is a specific type of slurm plugin that enables integration between the Slurm workload manager and MPI (Message Passing Interface) libraries.""
    },
    {
      ""child"": ""pmix-libpmi"",
      ""parent"": ""slurm plugin"",
      ""justification"": ""pmix-libpmi is a specific Slurm plugin for the Prototype MPI (PMI) interface, allowing integration between Slurm and various MPI implementations.""
    },
    {
      ""child"": ""slurm-libpmi"",
      ""parent"": ""slurm plugin"",
      ""justification"": ""slurm-libpmi is a specific Slurm plugin for Message Passing Interface (MPI) implementations, allowing integration between Slurm and MPI for efficient job management.""
    },
    {
      ""child"": ""intel-mpi"",
      ""parent"": ""other_hpc"",
      """
42,doc_2329,doc_2329_chunk_0002,pmix-libpmi,slurm plugin,"pmix-libpmi is a specific Slurm plugin for the Prototype MPI (PMI) interface, allowing integration between Slurm and various MPI implementations.","{
  ""is_a_edges"": [
    {
      ""child"": ""slurm mpi plugin"",
      ""parent"": ""slurm plugin"",
      ""justification"": ""The slurm mpi plugin is a specific type of slurm plugin that enables integration between the Slurm workload manager and MPI (Message Passing Interface) libraries.""
    },
    {
      ""child"": ""pmix-libpmi"",
      ""parent"": ""slurm plugin"",
      ""justification"": ""pmix-libpmi is a specific Slurm plugin for the Prototype MPI (PMI) interface, allowing integration between Slurm and various MPI implementations.""
    },
    {
      ""child"": ""slurm-libpmi"",
      ""parent"": ""slurm plugin"",
      ""justification"": ""slurm-libpmi is a specific Slurm plugin for Message Passing Interface (MPI) implementations, allowing integration between Slurm and MPI for efficient job management.""
    },
    {
      ""child"": ""intel-mpi"",
      ""parent"": ""other_hpc"",
      """
43,doc_2329,doc_2329_chunk_0002,slurm-libpmi,slurm plugin,"slurm-libpmi is a specific Slurm plugin for Message Passing Interface (MPI) implementations, allowing integration between Slurm and MPI for efficient job management.","{
  ""is_a_edges"": [
    {
      ""child"": ""slurm mpi plugin"",
      ""parent"": ""slurm plugin"",
      ""justification"": ""The slurm mpi plugin is a specific type of slurm plugin that enables integration between the Slurm workload manager and MPI (Message Passing Interface) libraries.""
    },
    {
      ""child"": ""pmix-libpmi"",
      ""parent"": ""slurm plugin"",
      ""justification"": ""pmix-libpmi is a specific Slurm plugin for the Prototype MPI (PMI) interface, allowing integration between Slurm and various MPI implementations.""
    },
    {
      ""child"": ""slurm-libpmi"",
      ""parent"": ""slurm plugin"",
      ""justification"": ""slurm-libpmi is a specific Slurm plugin for Message Passing Interface (MPI) implementations, allowing integration between Slurm and MPI for efficient job management.""
    },
    {
      ""child"": ""intel-mpi"",
      ""parent"": ""other_hpc"",
      """
44,doc_2329,doc_2329_chunk_0011,cray_shasta,cray pmi plugin,cray_shasta is a specific implementation of the Cray PMI plugin.,"{
  ""is_a_edges"": [
    {
      ""child"": ""cray pmi plugin"",
      ""parent"": ""scheduler"",
      ""justification"": ""The Cray PMI plugin is a component of the Slurm scheduler, providing compatibility with the HPE Cray Programming Environment's PMI.""
    },
    {
      ""child"": ""cray_shasta"",
      ""parent"": ""cray pmi plugin"",
      ""justification"": ""cray_shasta is a specific implementation of the Cray PMI plugin.""
    },
    {
      ""child"": ""hpe cray pmi"",
      ""parent"": ""cray pmi plugin"",
      ""justification"": ""HPE Cray PMI is another name for the Cray PMI plugin.""
    },
    {
      ""child"": ""--mpi=list"",
      ""parent"": ""command"",
      ""justification"": ""The --mpi=list command is used to list the available MPI plugins, including the Cray PMI plugin.""
    },
    {
      ""child"": ""slurm"","
45,doc_2329,doc_2329_chunk_0011,hpe cray pmi,cray pmi plugin,HPE Cray PMI is another name for the Cray PMI plugin.,"{
  ""is_a_edges"": [
    {
      ""child"": ""cray pmi plugin"",
      ""parent"": ""scheduler"",
      ""justification"": ""The Cray PMI plugin is a component of the Slurm scheduler, providing compatibility with the HPE Cray Programming Environment's PMI.""
    },
    {
      ""child"": ""cray_shasta"",
      ""parent"": ""cray pmi plugin"",
      ""justification"": ""cray_shasta is a specific implementation of the Cray PMI plugin.""
    },
    {
      ""child"": ""hpe cray pmi"",
      ""parent"": ""cray pmi plugin"",
      ""justification"": ""HPE Cray PMI is another name for the Cray PMI plugin.""
    },
    {
      ""child"": ""--mpi=list"",
      ""parent"": ""command"",
      ""justification"": ""The --mpi=list command is used to list the available MPI plugins, including the Cray PMI plugin.""
    },
    {
      ""child"": ""slurm"","
46,doc_236f,doc_236f_chunk_0001,account manager,coordinator,"An account manager is a specific type of coordinator, responsible for managing users and sub-accounts within an account.","{
  ""is_a_edges"": [
    {
      ""child"": ""account manager"",
      ""parent"": ""coordinator"",
      ""justification"": ""An account manager is a specific type of coordinator, responsible for managing users and sub-accounts within an account.""
    },
    {
      ""child"": ""sub-accounts"",
      ""parent"": ""user_role"",
      ""justification"": ""Sub-accounts are a specific type of user role in SLURM, allowing a trusted person to manage users within a specific account.""
    },
    {
      ""child"": ""user associations"",
      ""parent"": ""user_role"",
      ""justification"": ""User associations are a general concept that includes specific roles like Operator, Admin, and Coordinator.""
    },
    {
      ""child"": ""operator"",
      ""parent"": ""user_role"",
      ""justification"": ""An Operator is a specific type of user role in SLURM, with elevated privileges to manage database objects and add other operators.""
    },
    {
      ""child"": ""admin"",
      ""parent"":"
47,doc_289e,doc_289e_chunk_0001,job preemption,preemption,"Job preemption is a specific type of preemption in SLURM, where a queued job can preempt a running job.","{
  ""is_a_edges"": [
    {
      ""child"": ""job preemption"",
      ""parent"": ""preemption"",
      ""justification"": ""Job preemption is a specific type of preemption in SLURM, where a queued job can preempt a running job.""
    },
    {
      ""child"": ""partition qos"",
      ""parent"": ""quality of service"",
      ""justification"": ""Partition QOS is a specific type of Quality of Service in SLURM, defined for a specific partition and affecting job scheduling priority, preemption, and resource limits.""
    },
    {
      ""child"": ""preemption"",
      ""parent"": ""job_state"",
      ""justification"": ""Preemption in SLURM is a job state where a running job may be interrupted to make way for a higher priority job.""
    },
    {
      ""child"": ""preempttype"",
      ""parent"": ""config_param"",
      ""justification"": ""PreemptType is a configuration parameter in SLURM that determines the preemption behavior for jobs."""
48,doc_289e,doc_289e_chunk_0001,partition qos,quality of service,"Partition QOS is a specific type of Quality of Service in SLURM, defined for a specific partition and affecting job scheduling priority, preemption, and resource limits.","{
  ""is_a_edges"": [
    {
      ""child"": ""job preemption"",
      ""parent"": ""preemption"",
      ""justification"": ""Job preemption is a specific type of preemption in SLURM, where a queued job can preempt a running job.""
    },
    {
      ""child"": ""partition qos"",
      ""parent"": ""quality of service"",
      ""justification"": ""Partition QOS is a specific type of Quality of Service in SLURM, defined for a specific partition and affecting job scheduling priority, preemption, and resource limits.""
    },
    {
      ""child"": ""preemption"",
      ""parent"": ""job_state"",
      ""justification"": ""Preemption in SLURM is a job state where a running job may be interrupted to make way for a higher priority job.""
    },
    {
      ""child"": ""preempttype"",
      ""parent"": ""config_param"",
      ""justification"": ""PreemptType is a configuration parameter in SLURM that determines the preemption behavior for jobs."""
49,doc_289e,doc_289e_chunk_0002,allowed to preempt,preemption,"Allowed to preempt is a specific state within the preemption process, indicating a job is eligible for preemption.","{
  ""is_a_edges"": [
    {
      ""child"": ""allowed to preempt"",
      ""parent"": ""preemption"",
      ""justification"": ""Allowed to preempt is a specific state within the preemption process, indicating a job is eligible for preemption.""
    },
    {
      ""child"": ""floating partition"",
      ""parent"": ""partition"",
      ""justification"": ""A floating partition is a specific type of partition in SLURM, characterized by no restrictions on which nodes it uses to access resources.""
    },
    {
      ""child"": ""job qos"",
      ""parent"": ""qos"",
      ""justification"": ""Job QoS is a specific type of QoS in SLURM, associated with a job and defining its resource limits, preemption eligibility, and priority.""
    },
    {
      ""child"": ""overpartqos"",
      ""parent"": ""qos"",
      ""justification"": ""OverPartQOS is a flag for a QoS in SLURM, allowing a job's QoS to override the"
50,doc_289e,doc_289e_chunk_0002,job qos,qos,"Job QoS is a specific type of QoS in SLURM, associated with a job and defining its resource limits, preemption eligibility, and priority.","{
  ""is_a_edges"": [
    {
      ""child"": ""allowed to preempt"",
      ""parent"": ""preemption"",
      ""justification"": ""Allowed to preempt is a specific state within the preemption process, indicating a job is eligible for preemption.""
    },
    {
      ""child"": ""floating partition"",
      ""parent"": ""partition"",
      ""justification"": ""A floating partition is a specific type of partition in SLURM, characterized by no restrictions on which nodes it uses to access resources.""
    },
    {
      ""child"": ""job qos"",
      ""parent"": ""qos"",
      ""justification"": ""Job QoS is a specific type of QoS in SLURM, associated with a job and defining its resource limits, preemption eligibility, and priority.""
    },
    {
      ""child"": ""overpartqos"",
      ""parent"": ""qos"",
      ""justification"": ""OverPartQOS is a flag for a QoS in SLURM, allowing a job's QoS to override the"
51,doc_289e,doc_289e_chunk_0002,overpartqos,qos,,"{
  ""is_a_edges"": [
    {
      ""child"": ""allowed to preempt"",
      ""parent"": ""preemption"",
      ""justification"": ""Allowed to preempt is a specific state within the preemption process, indicating a job is eligible for preemption.""
    },
    {
      ""child"": ""floating partition"",
      ""parent"": ""partition"",
      ""justification"": ""A floating partition is a specific type of partition in SLURM, characterized by no restrictions on which nodes it uses to access resources.""
    },
    {
      ""child"": ""job qos"",
      ""parent"": ""qos"",
      ""justification"": ""Job QoS is a specific type of QoS in SLURM, associated with a job and defining its resource limits, preemption eligibility, and priority.""
    },
    {
      ""child"": ""overpartqos"",
      ""parent"": ""qos"",
      ""justification"": ""OverPartQOS is a flag for a QoS in SLURM, allowing a job's QoS to override the"
52,doc_289e,doc_289e_chunk_0003,partition qos,qos,Partition QOS refers to a Quality of Service (QOS) defined for a specific partition in the Slurm scheduler.,"{
  ""is_a_edges"": [
    {
      ""child"": ""floating partition"",
      ""parent"": ""partition"",
      ""justification"": ""A floating partition is a specific type of partition with no restrictions on which nodes it uses to access resources.""
    },
    {
      ""child"": ""grptres"",
      ""parent"": ""config_param"",
      ""justification"": ""GrpTRES is a Slurm configuration parameter used to set resource limits for a Partition QOS.""
    },
    {
      ""child"": ""memory limits"",
      ""parent"": ""resource"",
      ""justification"": ""Memory limits in SLURM are configurable resource constraints for jobs, set as percentages of the total available memory.""
    },
    {
      ""child"": ""partition qos"",
      ""parent"": ""qos"",
      ""justification"": ""Partition QOS refers to a Quality of Service (QOS) defined for a specific partition in the Slurm scheduler.""
    },
    {
      ""child"": ""percentage"",
      ""parent"": ""config_param"",
      ""just"
53,doc_289e,doc_289e_chunk_0004,group limits,limits,"Group limits are a specific type of limits used in SLURM, controlling resource allocation for a group of jobs relative to the resources in the associated partition.","{
  ""is_a_edges"": [
    {
      ""child"": ""relative QOS"",
      ""parent"": ""QOS"",
      ""justification"": ""Relative QOS is a specific type of QOS where limits are calculated relative to the resources in the associated partition.""
    },
    {
      ""child"": ""partition QOS"",
      ""parent"": ""QOS"",
      ""justification"": ""Partition QOS is a specific type of QOS used in the context of Slurm partitions, with unique conditions applying when it is assigned to a partition.""
    },
    {
      ""child"": ""group limits"",
      ""parent"": ""limits"",
      ""justification"": ""Group limits are a specific type of limits used in SLURM, controlling resource allocation for a group of jobs relative to the resources in the associated partition.""
    },
    {
      ""child"": ""grptres"",
      ""parent"": ""config_param"",
      ""justification"": ""GrpTRES is a specific Slurm configuration parameter used to set resource limits for a Partition QOS.""
    },
    {
      ""child"": """
54,doc_2cc9,doc_2cc9_chunk_0001,clustername,cluster,"clustername is a configuration parameter that specifies the name of a cluster, which is a group of interconnected computers.","{
  ""is_a_edges"": [
    {
      ""child"": ""clustername"",
      ""parent"": ""cluster"",
      ""justification"": ""clustername is a configuration parameter that specifies the name of a cluster, which is a group of interconnected computers.""
    },
    {
      ""child"": ""slurm configuration file"",
      ""parent"": ""config_file"",
      ""justification"": ""slurm configuration file is a specific type of configuration file used for the SLURM workload manager.""
    },
    {
      ""child"": ""slurm configuration tool"",
      ""parent"": ""other_hpc"",
      ""justification"": ""slurm configuration tool is a specific tool used for creating and editing Slurm configuration files.""
    },
    {
      ""child"": ""slurm version"",
      ""parent"": ""config_param"",
      ""justification"": ""slurm version is a specific configuration parameter used to specify the version of the Slurm scheduler.""
    },
    {
      ""child"": ""slurm.conf"",
      ""parent"": ""config_file"",
      ""justification"":"
55,doc_2cc9,doc_2cc9_chunk_0003,slurmctld,slurm controller,slurmctld is the specific daemon that runs the slurm controller.,"{
  ""is_a_edges"": [
    {
      ""child"": ""slurm"",
      ""parent"": ""scheduler"",
      ""justification"": ""Slurm is a specific HPC scheduler, a subtype of the scheduler category.""
    },
    {
      ""child"": ""slurm controller"",
      ""parent"": ""scheduler"",
      ""justification"": ""The slurm controller is a major component of the Slurm scheduler.""
    },
    {
      ""child"": ""slurmctld"",
      ""parent"": ""slurm controller"",
      ""justification"": ""slurmctld is the specific daemon that runs the slurm controller.""
    },
    {
      ""child"": ""slurm port numbers"",
      ""parent"": ""config_param"",
      ""justification"": ""Slurm port numbers are configuration parameters that define unique port numbers for the slurm controller and compute node daemons.""
    },
    {
      ""child"": ""slurmctldport"",
      ""parent"": ""slurm port numbers"",
      ""justification"": ""SlurmctldPort is a"
56,doc_2cc9,doc_2cc9_chunk_0003,slurmctldport,slurm port numbers,,"{
  ""is_a_edges"": [
    {
      ""child"": ""slurm"",
      ""parent"": ""scheduler"",
      ""justification"": ""Slurm is a specific HPC scheduler, a subtype of the scheduler category.""
    },
    {
      ""child"": ""slurm controller"",
      ""parent"": ""scheduler"",
      ""justification"": ""The slurm controller is a major component of the Slurm scheduler.""
    },
    {
      ""child"": ""slurmctld"",
      ""parent"": ""slurm controller"",
      ""justification"": ""slurmctld is the specific daemon that runs the slurm controller.""
    },
    {
      ""child"": ""slurm port numbers"",
      ""parent"": ""config_param"",
      ""justification"": ""Slurm port numbers are configuration parameters that define unique port numbers for the slurm controller and compute node daemons.""
    },
    {
      ""child"": ""slurmctldport"",
      ""parent"": ""slurm port numbers"",
      ""justification"": ""SlurmctldPort is a"
57,doc_2cc9,doc_2cc9_chunk_0004,proprietary interconnect,interconnect,Proprietary interconnect is a specific type of interconnect used for node communication in HPC systems.,"{
  ""is_a_edges"": [
    {
      ""child"": ""highly reliable file system"",
      ""parent"": ""resource"",
      ""justification"": ""A highly reliable file system is a specific type of resource used for storing job data in HPC systems.""
    },
    {
      ""child"": ""RAID"",
      ""parent"": ""highly reliable file system"",
      ""justification"": ""RAID is a specific type of highly reliable file system.""
    },
    {
      ""child"": ""proprietary interconnect"",
      ""parent"": ""interconnect"",
      ""justification"": ""Proprietary interconnect is a specific type of interconnect used for node communication in HPC systems.""
    },
    {
      ""child"": ""HPE Slingshot"",
      ""parent"": ""proprietary interconnect"",
      ""justification"": ""HPE Slingshot is a specific type of proprietary interconnect.""
    },
    {
      ""child"": ""scheduler"",
      ""parent"": ""other_hpc"",
      ""justification"": ""Scheduler is a specific type of"
58,doc_2cc9,doc_2cc9_chunk_0006,srunprolog,prolog,srunprolog is a specific implementation of the prolog concept in SLURM.,"{
  ""is_a_edges"": [
    {
      ""child"": ""slurmctld"",
      ""parent"": ""scheduler"",
      ""justification"": ""slurmctld is a major component of the SLURM scheduler.""
    },
    {
      ""child"": ""slurmd"",
      ""parent"": ""scheduler"",
      ""justification"": ""slurmd is a major component of the SLURM scheduler.""
    },
    {
      ""child"": ""srunprolog"",
      ""parent"": ""prolog"",
      ""justification"": ""srunprolog is a specific implementation of the prolog concept in SLURM.""
    },
    {
      ""child"": ""srunepilog"",
      ""parent"": ""epilog"",
      ""justification"": ""srunepilog is a specific implementation of the epilog concept in SLURM.""
    },
    {
      ""child"": ""taskprolog"",
      ""parent"": ""prolog"",
      ""justification"": ""taskprolog is a specific implementation of the prolog concept in SL"
59,doc_2cc9,doc_2cc9_chunk_0006,srunepilog,epilog,srunepilog is a specific implementation of the epilog concept in SLURM.,"{
  ""is_a_edges"": [
    {
      ""child"": ""slurmctld"",
      ""parent"": ""scheduler"",
      ""justification"": ""slurmctld is a major component of the SLURM scheduler.""
    },
    {
      ""child"": ""slurmd"",
      ""parent"": ""scheduler"",
      ""justification"": ""slurmd is a major component of the SLURM scheduler.""
    },
    {
      ""child"": ""srunprolog"",
      ""parent"": ""prolog"",
      ""justification"": ""srunprolog is a specific implementation of the prolog concept in SLURM.""
    },
    {
      ""child"": ""srunepilog"",
      ""parent"": ""epilog"",
      ""justification"": ""srunepilog is a specific implementation of the epilog concept in SLURM.""
    },
    {
      ""child"": ""taskprolog"",
      ""parent"": ""prolog"",
      ""justification"": ""taskprolog is a specific implementation of the prolog concept in SL"
60,doc_2cc9,doc_2cc9_chunk_0006,taskprolog,prolog,,"{
  ""is_a_edges"": [
    {
      ""child"": ""slurmctld"",
      ""parent"": ""scheduler"",
      ""justification"": ""slurmctld is a major component of the SLURM scheduler.""
    },
    {
      ""child"": ""slurmd"",
      ""parent"": ""scheduler"",
      ""justification"": ""slurmd is a major component of the SLURM scheduler.""
    },
    {
      ""child"": ""srunprolog"",
      ""parent"": ""prolog"",
      ""justification"": ""srunprolog is a specific implementation of the prolog concept in SLURM.""
    },
    {
      ""child"": ""srunepilog"",
      ""parent"": ""epilog"",
      ""justification"": ""srunepilog is a specific implementation of the epilog concept in SLURM.""
    },
    {
      ""child"": ""taskprolog"",
      ""parent"": ""prolog"",
      ""justification"": ""taskprolog is a specific implementation of the prolog concept in SL"
61,doc_2cc9,doc_2cc9_chunk_0008,job_comment,job accounting,job_comment is a specific configuration parameter for storing job comment field in the job accounting database.,"{
  ""is_a_edges"": [
    {
      ""child"": ""job_comment"",
      ""parent"": ""job accounting"",
      ""justification"": ""job_comment is a specific configuration parameter for storing job comment field in the job accounting database.""
    },
    {
      ""child"": ""job_env"",
      ""parent"": ""job accounting"",
      ""justification"": ""job_env is a specific configuration parameter for storing a batch job's environment variables in the job accounting database.""
    },
    {
      ""child"": ""job_extra"",
      ""parent"": ""job accounting"",
      ""justification"": ""job_extra is a specific configuration parameter for storing a batch job's extra field in the job accounting database.""
    },
    {
      ""child"": ""job_script"",
      ""parent"": ""other_hPC"",
      ""justification"": ""job_script is a specific type of job script, which is a script file containing commands to be executed by the scheduler on a compute node.""
    },
    {
      ""child"": ""munge daemon"",
      """
62,doc_2cc9,doc_2cc9_chunk_0008,job_env,job accounting,job_env is a specific configuration parameter for storing a batch job's environment variables in the job accounting database.,"{
  ""is_a_edges"": [
    {
      ""child"": ""job_comment"",
      ""parent"": ""job accounting"",
      ""justification"": ""job_comment is a specific configuration parameter for storing job comment field in the job accounting database.""
    },
    {
      ""child"": ""job_env"",
      ""parent"": ""job accounting"",
      ""justification"": ""job_env is a specific configuration parameter for storing a batch job's environment variables in the job accounting database.""
    },
    {
      ""child"": ""job_extra"",
      ""parent"": ""job accounting"",
      ""justification"": ""job_extra is a specific configuration parameter for storing a batch job's extra field in the job accounting database.""
    },
    {
      ""child"": ""job_script"",
      ""parent"": ""other_hPC"",
      ""justification"": ""job_script is a specific type of job script, which is a script file containing commands to be executed by the scheduler on a compute node.""
    },
    {
      ""child"": ""munge daemon"",
      """
63,doc_2cc9,doc_2cc9_chunk_0008,job_extra,job accounting,job_extra is a specific configuration parameter for storing a batch job's extra field in the job accounting database.,"{
  ""is_a_edges"": [
    {
      ""child"": ""job_comment"",
      ""parent"": ""job accounting"",
      ""justification"": ""job_comment is a specific configuration parameter for storing job comment field in the job accounting database.""
    },
    {
      ""child"": ""job_env"",
      ""parent"": ""job accounting"",
      ""justification"": ""job_env is a specific configuration parameter for storing a batch job's environment variables in the job accounting database.""
    },
    {
      ""child"": ""job_extra"",
      ""parent"": ""job accounting"",
      ""justification"": ""job_extra is a specific configuration parameter for storing a batch job's extra field in the job accounting database.""
    },
    {
      ""child"": ""job_script"",
      ""parent"": ""other_hPC"",
      ""justification"": ""job_script is a specific type of job script, which is a script file containing commands to be executed by the scheduler on a compute node.""
    },
    {
      ""child"": ""munge daemon"",
      """
64,doc_2ec1,doc_2ec1_chunk_0001,next stable slurm release,target releases,The next stable Slurm release is a specific type of target release that includes new functionality and changes to command-line tools.,"{
  ""is_a_edges"": [
    {
      ""child"": ""next stable slurm release"",
      ""parent"": ""target releases"",
      ""justification"": ""The next stable Slurm release is a specific type of target release that includes new functionality and changes to command-line tools.""
    },
    {
      ""child"": ""master branch"",
      ""parent"": ""target releases"",
      ""justification"": ""The master branch is a specific type of target release where new functionality, changes to command-line tools, and other significant modifications are considered for inclusion.""
    },
    {
      ""child"": ""patches"",
      ""parent"": ""code contributions"",
      ""justification"": ""Patches are a specific type of code contributions submitted to the Slurm issue tracker for review and potential inclusion.""
    },
    {
      ""child"": ""error message"",
      ""parent"": ""log messages"",
      ""justification"": ""Error messages are a specific type of log messages that provide information about issues or errors in a Slurm job or system.""
    }
  ]
}"
65,doc_2ec1,doc_2ec1_chunk_0001,master branch,target releases,"The master branch is a specific type of target release where new functionality, changes to command-line tools, and other significant modifications are considered for inclusion.","{
  ""is_a_edges"": [
    {
      ""child"": ""next stable slurm release"",
      ""parent"": ""target releases"",
      ""justification"": ""The next stable Slurm release is a specific type of target release that includes new functionality and changes to command-line tools.""
    },
    {
      ""child"": ""master branch"",
      ""parent"": ""target releases"",
      ""justification"": ""The master branch is a specific type of target release where new functionality, changes to command-line tools, and other significant modifications are considered for inclusion.""
    },
    {
      ""child"": ""patches"",
      ""parent"": ""code contributions"",
      ""justification"": ""Patches are a specific type of code contributions submitted to the Slurm issue tracker for review and potential inclusion.""
    },
    {
      ""child"": ""error message"",
      ""parent"": ""log messages"",
      ""justification"": ""Error messages are a specific type of log messages that provide information about issues or errors in a Slurm job or system.""
    }
  ]
}"
66,doc_2ec1,doc_2ec1_chunk_0001,error message,log messages,Error messages are a specific type of log messages that provide information about issues or errors in a Slurm job or system.,"{
  ""is_a_edges"": [
    {
      ""child"": ""next stable slurm release"",
      ""parent"": ""target releases"",
      ""justification"": ""The next stable Slurm release is a specific type of target release that includes new functionality and changes to command-line tools.""
    },
    {
      ""child"": ""master branch"",
      ""parent"": ""target releases"",
      ""justification"": ""The master branch is a specific type of target release where new functionality, changes to command-line tools, and other significant modifications are considered for inclusion.""
    },
    {
      ""child"": ""patches"",
      ""parent"": ""code contributions"",
      ""justification"": ""Patches are a specific type of code contributions submitted to the Slurm issue tracker for review and potential inclusion.""
    },
    {
      ""child"": ""error message"",
      ""parent"": ""log messages"",
      ""justification"": ""Error messages are a specific type of log messages that provide information about issues or errors in a Slurm job or system.""
    }
  ]
}"
67,doc_32e0,doc_32e0_chunk_0002,jobcomp_p_record_job_end,jobcompplugin,jobcomp_p_record_job_end is a function executed by the jobcompplugin when a job finishes.,"{
  ""is_a_edges"": [
    {
      ""child"": ""jobcomp_p_record_job_end"",
      ""parent"": ""jobcompplugin"",
      ""justification"": ""jobcomp_p_record_job_end is a function executed by the jobcompplugin when a job finishes.""
    },
    {
      ""child"": ""jobcompparams"",
      ""parent"": ""config_param"",
      ""justification"": ""jobcompparams is a configuration parameter that specifies a list of extra parameters for the jobcompplugin.""
    },
    {
      ""child"": ""linger.ms"",
      ""parent"": ""config_param"",
      ""justification"": ""linger.ms is a configuration parameter for the jobcompplugin, specifying the time to wait before sending a job record to a Kafka server.""
    },
    {
      ""child"": ""flush_timeout"",
      ""parent"": ""config_param"",
      ""justification"": ""flush_timeout is a configuration parameter that sets the time for accumulating messages in the librdkafka out queue before they are trans"
68,doc_33d3,doc_33d3_chunk_0001,job allocation,resource allocation,Job allocation is a specific type of resource allocation that claims compute resources for a job.,"{
  ""is_a_edges"": [
    {
      ""child"": ""job allocation"",
      ""parent"": ""resource allocation"",
      ""justification"": ""Job allocation is a specific type of resource allocation that claims compute resources for a job.""
    },
    {
      ""child"": ""job id"",
      ""parent"": ""job_state"",
      ""justification"": ""Job id is a specific job state that identifies a job in SLURM.""
    },
    {
      ""child"": ""limits"",
      ""parent"": ""config_param"",
      ""justification"": ""Limits are specific configuration parameters that define resource constraints for queues or partitions.""
    },
    {
      ""child"": ""nodes"",
      ""parent"": ""resource"",
      ""justification"": ""Nodes are a specific type of resource that refer to the physical or virtual machines in an HPC cluster.""
    },
    {
      ""child"": ""cpus"",
      ""parent"": ""resource"",
      ""justification"": ""CPUs are a specific type of resource that are fundamental for executing jobs on HPC systems.""
    },"
69,doc_3740,doc_3740_chunk_0002,granted job allocation,job allocation,A 'granted job allocation' is a specific state indicating that a job has been successfully assigned resources.,"{
  ""is_a_edges"": [
    {
      ""child"": ""specialized cores"",
      ""parent"": ""resource"",
      ""justification"": ""Specialized cores are a specific type of resource in SLURM, designated for specific tasks.""
    },
    {
      ""child"": ""granted job allocation"",
      ""parent"": ""job allocation"",
      ""justification"": ""A 'granted job allocation' is a specific state indicating that a job has been successfully assigned resources.""
    },
    {
      ""child"": ""job allocation"",
      ""parent"": ""resource"",
      ""justification"": ""Job allocation refers to the process of assigning CPU cores and other resources to a job, making it a specific type of resource allocation.""
    },
    {
      ""child"": ""sacct"",
      ""parent"": ""command"",
      ""justification"": ""sacct is a specific command-line tool in SLURM for querying job and step accounting information.""
    },
    {
      ""child"": ""slurm.conf"",
      ""parent"": ""config_file"",
      """
70,doc_3740,doc_3740_chunk_0004,job's core specialization,configuration parameter,Job's core specialization is a specific configuration parameter that allows users to control the number of specialized cores for their job.,"{
  ""is_a_edges"": [
    {
      ""child"": ""job's core specialization"",
      ""parent"": ""configuration parameter"",
      ""justification"": ""Job's core specialization is a specific configuration parameter that allows users to control the number of specialized cores for their job.""
    },
    {
      ""child"": ""specialized cores"",
      ""parent"": ""resource"",
      ""justification"": ""Specialized cores are a specific type of CPU resources in SLURM that can be designated for specific tasks.""
    },
    {
      ""child"": ""core count"",
      ""parent"": ""resource"",
      ""justification"": ""Core count is a specific type of CPU resources that represents the number of CPU cores available for a job or compute node.""
    },
    {
      ""child"": ""hyperthreads"",
      ""parent"": ""resource"",
      ""justification"": ""Hyperthreads are a specific type of CPU resources that can be reserved for system use when the core count is not explicitly configured and the CPUs value is set to the count of hyperthreads.""
    }
  ]
}"
71,doc_3773,doc_3773_chunk_0002,job_ptr,job_record_t,"job_ptr is a pointer to a job record, a more specific config_param.","{
  ""is_a_edges"": [
    {
      ""child"": ""slurmctld"",
      ""parent"": ""scheduler"",
      ""justification"": ""slurmctld is the main daemon of the SLURM scheduler, a more specific scheduler component.""
    },
    {
      ""child"": ""job_ptr"",
      ""parent"": ""job_record_t"",
      ""justification"": ""job_ptr is a pointer to a job record, a more specific config_param.""
    },
    {
      ""child"": ""slurm_error"",
      ""parent"": ""job_state"",
      ""justification"": ""slurm_error is a return value indicating an error in the job state.""
    },
    {
      ""child"": ""slurm_success"",
      ""parent"": ""job_state"",
      ""justification"": ""slurm_success is a return value indicating a successful job state.""
    },
    {
      ""child"": ""site_factor_p_reconfig"",
      ""parent"": ""config_param"",
      ""justification"": ""site_"
72,doc_37f2,doc_37f2_chunk_0001,fair tree,algorithm,Fair Tree is a specific scheduling algorithm used to prioritize users based on their fairshare factors.,"{
  ""is_a_edges"": [
    {
      ""child"": ""fair tree"",
      ""parent"": ""algorithm"",
      ""justification"": ""Fair Tree is a specific scheduling algorithm used to prioritize users based on their fairshare factors.""
    },
    {
      ""child"": ""association tree"",
      ""parent"": ""other_hpc"",
      ""justification"": ""Association tree is a specific hierarchical structure used to organize users and accounts in HPC schedulers.""
    },
    {
      ""child"": ""fair share"",
      ""parent"": ""resource"",
      ""justification"": ""FairShare is a specific resource allocation strategy used in HPC schedulers to prioritize users based on their fairshare factors.""
    },
    {
      ""child"": ""fairshare factor"",
      ""parent"": ""resource"",
      ""justification"": ""Fairshare factor is a specific value used in resource allocation to prioritize users and accounts based on their usage history.""
    },
    {
      ""child"": ""level fs"",
      ""parent"": ""config_param"","
73,doc_385e,doc_385e_chunk_0004,gpus,generic resources,Gpus are generic resources associated with a specific node that can be allocated to jobs and steps.,"{
  ""is_a_edges"": [
    {
      ""child"": ""consumable resources"",
      ""parent"": ""resources"",
      ""justification"": ""Consumable resources are a specific type of resources that can be shared among jobs, such as GPUs or memory per socket.""
    },
    {
      ""child"": ""cr_cpu_memory"",
      ""parent"": ""config_param"",
      ""justification"": ""CR_CPU_Memory is a configuration parameter for the SelectTypeParameters that treats CPUs as countable resources for job timeslicing.""
    },
    {
      ""child"": ""cr_socket_memory"",
      ""parent"": ""resource"",
      ""justification"": ""CR_Socket_Memory is a consumable resource representing the memory associated with a socket in HPC systems.""
    },
    {
      ""child"": ""gpus"",
      ""parent"": ""generic resources"",
      ""justification"": ""Gpus are generic resources associated with a specific node that can be allocated to jobs and steps.""
    },
    {
      ""child"": ""nodelist"",
      ""parent"": ""queue_"
74,doc_385e,doc_385e_chunk_0006,default allocation,allocation method,Default allocation is a specific allocation method used by Slurm in exclusive mode.,"{
  ""is_a_edges"": [
    {
      ""child"": ""default allocation"",
      ""parent"": ""allocation method"",
      ""justification"": ""Default allocation is a specific allocation method used by Slurm in exclusive mode.""
    },
    {
      ""child"": ""exclusive mode"",
      ""parent"": ""allocation method"",
      ""justification"": ""Exclusive mode is a specific allocation method in Slurm where nodes are allocated to jobs in a way that no other job can access resources within a node.""
    },
    {
      ""child"": ""job"",
      ""parent"": ""unit of work"",
      ""justification"": ""A job in the context of HPC is a unit of work submitted to an HPC scheduler for execution on a cluster.""
    },
    {
      ""child"": ""parallel job"",
      ""parent"": ""job"",
      ""justification"": ""A parallel job is a specific type of job that runs on multiple processors or nodes simultaneously.""
    },
    {
      ""child"": ""serial job"",
      ""parent"": ""job"",
      ""justification"": ""A"
75,doc_385e,doc_385e_chunk_0006,exclusive mode,allocation method,Exclusive mode is a specific allocation method in Slurm where nodes are allocated to jobs in a way that no other job can access resources within a node.,"{
  ""is_a_edges"": [
    {
      ""child"": ""default allocation"",
      ""parent"": ""allocation method"",
      ""justification"": ""Default allocation is a specific allocation method used by Slurm in exclusive mode.""
    },
    {
      ""child"": ""exclusive mode"",
      ""parent"": ""allocation method"",
      ""justification"": ""Exclusive mode is a specific allocation method in Slurm where nodes are allocated to jobs in a way that no other job can access resources within a node.""
    },
    {
      ""child"": ""job"",
      ""parent"": ""unit of work"",
      ""justification"": ""A job in the context of HPC is a unit of work submitted to an HPC scheduler for execution on a cluster.""
    },
    {
      ""child"": ""parallel job"",
      ""parent"": ""job"",
      ""justification"": ""A parallel job is a specific type of job that runs on multiple processors or nodes simultaneously.""
    },
    {
      ""child"": ""serial job"",
      ""parent"": ""job"",
      ""justification"": ""A"
76,doc_385e,doc_385e_chunk_0006,parallel job,job,A parallel job is a specific type of job that runs on multiple processors or nodes simultaneously.,"{
  ""is_a_edges"": [
    {
      ""child"": ""default allocation"",
      ""parent"": ""allocation method"",
      ""justification"": ""Default allocation is a specific allocation method used by Slurm in exclusive mode.""
    },
    {
      ""child"": ""exclusive mode"",
      ""parent"": ""allocation method"",
      ""justification"": ""Exclusive mode is a specific allocation method in Slurm where nodes are allocated to jobs in a way that no other job can access resources within a node.""
    },
    {
      ""child"": ""job"",
      ""parent"": ""unit of work"",
      ""justification"": ""A job in the context of HPC is a unit of work submitted to an HPC scheduler for execution on a cluster.""
    },
    {
      ""child"": ""parallel job"",
      ""parent"": ""job"",
      ""justification"": ""A parallel job is a specific type of job that runs on multiple processors or nodes simultaneously.""
    },
    {
      ""child"": ""serial job"",
      ""parent"": ""job"",
      ""justification"": ""A"
77,doc_385e,doc_385e_chunk_0006,serial job,job,,"{
  ""is_a_edges"": [
    {
      ""child"": ""default allocation"",
      ""parent"": ""allocation method"",
      ""justification"": ""Default allocation is a specific allocation method used by Slurm in exclusive mode.""
    },
    {
      ""child"": ""exclusive mode"",
      ""parent"": ""allocation method"",
      ""justification"": ""Exclusive mode is a specific allocation method in Slurm where nodes are allocated to jobs in a way that no other job can access resources within a node.""
    },
    {
      ""child"": ""job"",
      ""parent"": ""unit of work"",
      ""justification"": ""A job in the context of HPC is a unit of work submitted to an HPC scheduler for execution on a cluster.""
    },
    {
      ""child"": ""parallel job"",
      ""parent"": ""job"",
      ""justification"": ""A parallel job is a specific type of job that runs on multiple processors or nodes simultaneously.""
    },
    {
      ""child"": ""serial job"",
      ""parent"": ""job"",
      ""justification"": ""A"
78,doc_3bdd,doc_3bdd_chunk_0001,linux clusters,cluster management,Linux clusters are a specific type of cluster management for Linux-based HPC systems.,"{
  ""is_a_edges"": [
    {
      ""child"": ""slurm"",
      ""parent"": ""scheduler"",
      ""justification"": ""Slurm is a specific scheduler designed for HPC systems.""
    },
    {
      ""child"": ""linux clusters"",
      ""parent"": ""cluster management"",
      ""justification"": ""Linux clusters are a specific type of cluster management for Linux-based HPC systems.""
    },
    {
      ""child"": ""job management"",
      ""parent"": ""scheduler"",
      ""justification"": ""Job management is a specific function of the Slurm scheduler.""
    },
    {
      ""child"": ""job scheduling"",
      ""parent"": ""scheduler"",
      ""justification"": ""Job scheduling is a core function of the Slurm scheduler.""
    },
    {
      ""child"": ""partition management"",
      ""parent"": ""queue_or_partition"",
      ""justification"": ""Partition management is a specific type of queue or partition management in Slurm.""
    },
    {
      ""child"": ""stream copy modules"","
79,doc_3bdd,doc_3bdd_chunk_0003,api,functions,"The API is a specific type of function in the Slurm source code, used for interacting with the central manager.","{
  ""is_a_edges"": [
    {
      ""child"": ""api"",
      ""parent"": ""functions"",
      ""justification"": ""The API is a specific type of function in the Slurm source code, used for interacting with the central manager.""
    },
    {
      ""child"": ""man pages"",
      ""parent"": ""doc"",
      ""justification"": ""Man pages are a specific type of documentation included in the 'doc' directory.""
    },
    {
      ""child"": ""doc/html"",
      ""parent"": ""doc"",
      ""justification"": ""doc/html is a specific directory containing the web pages of the HPC scheduler's documentation.""
    },
    {
      ""child"": ""etc"",
      ""parent"": ""configuration files"",
      ""justification"": ""The 'etc' directory contains sample configuration files for HPC systems, such as Slurm.""
    },
    {
      ""child"": ""slurm code"",
      ""parent"": ""source code"",
      ""justification"": ""Slurm code refers to the source code and header files for the SLURM"
80,doc_3bdd,doc_3bdd_chunk_0003,man pages,doc,Man pages are a specific type of documentation included in the 'doc' directory.,"{
  ""is_a_edges"": [
    {
      ""child"": ""api"",
      ""parent"": ""functions"",
      ""justification"": ""The API is a specific type of function in the Slurm source code, used for interacting with the central manager.""
    },
    {
      ""child"": ""man pages"",
      ""parent"": ""doc"",
      ""justification"": ""Man pages are a specific type of documentation included in the 'doc' directory.""
    },
    {
      ""child"": ""doc/html"",
      ""parent"": ""doc"",
      ""justification"": ""doc/html is a specific directory containing the web pages of the HPC scheduler's documentation.""
    },
    {
      ""child"": ""etc"",
      ""parent"": ""configuration files"",
      ""justification"": ""The 'etc' directory contains sample configuration files for HPC systems, such as Slurm.""
    },
    {
      ""child"": ""slurm code"",
      ""parent"": ""source code"",
      ""justification"": ""Slurm code refers to the source code and header files for the SLURM"
81,doc_3bdd,doc_3bdd_chunk_0003,doc/html,doc,doc/html is a specific directory containing the web pages of the HPC scheduler's documentation.,"{
  ""is_a_edges"": [
    {
      ""child"": ""api"",
      ""parent"": ""functions"",
      ""justification"": ""The API is a specific type of function in the Slurm source code, used for interacting with the central manager.""
    },
    {
      ""child"": ""man pages"",
      ""parent"": ""doc"",
      ""justification"": ""Man pages are a specific type of documentation included in the 'doc' directory.""
    },
    {
      ""child"": ""doc/html"",
      ""parent"": ""doc"",
      ""justification"": ""doc/html is a specific directory containing the web pages of the HPC scheduler's documentation.""
    },
    {
      ""child"": ""etc"",
      ""parent"": ""configuration files"",
      ""justification"": ""The 'etc' directory contains sample configuration files for HPC systems, such as Slurm.""
    },
    {
      ""child"": ""slurm code"",
      ""parent"": ""source code"",
      ""justification"": ""Slurm code refers to the source code and header files for the SLURM"
82,doc_3bdd,doc_3bdd_chunk_0003,etc,configuration files,"The 'etc' directory contains sample configuration files for HPC systems, such as Slurm.","{
  ""is_a_edges"": [
    {
      ""child"": ""api"",
      ""parent"": ""functions"",
      ""justification"": ""The API is a specific type of function in the Slurm source code, used for interacting with the central manager.""
    },
    {
      ""child"": ""man pages"",
      ""parent"": ""doc"",
      ""justification"": ""Man pages are a specific type of documentation included in the 'doc' directory.""
    },
    {
      ""child"": ""doc/html"",
      ""parent"": ""doc"",
      ""justification"": ""doc/html is a specific directory containing the web pages of the HPC scheduler's documentation.""
    },
    {
      ""child"": ""etc"",
      ""parent"": ""configuration files"",
      ""justification"": ""The 'etc' directory contains sample configuration files for HPC systems, such as Slurm.""
    },
    {
      ""child"": ""slurm code"",
      ""parent"": ""source code"",
      ""justification"": ""Slurm code refers to the source code and header files for the SLURM"
83,doc_405b,doc_405b_chunk_0008,burstbufferstagein,burst buffer plugin,BurstBufferStageIn is a resource-related operation within the Burst Buffer plugin.,"{
  ""is_a_edges"": [
    {
      ""child"": ""burstbufferstagein"",
      ""parent"": ""burst buffer plugin"",
      ""justification"": ""BurstBufferStageIn is a resource-related operation within the Burst Buffer plugin.""
    },
    {
      ""child"": ""cleaning"",
      ""parent"": ""job_state"",
      ""justification"": ""Cleaning is a specific job state indicating that a job is being requeued and still cleaning up from its previous execution.""
    },
    {
      ""child"": ""deadline"",
      ""parent"": ""job_state"",
      ""justification"": ""DeadLine is a specific job state indicating that the job has violated the configured deadline.""
    },
    {
      ""child"": ""dependency"",
      ""parent"": ""job_state"",
      ""justification"": ""Dependency is a specific job state indicating that the job has a dependency on another job that has not been satisfied.""
    },
    {
      ""child"": ""fedjoblock"",
      ""parent"": ""job_state"",
      ""justification"": """
84,doc_405b,doc_405b_chunk_0015,qosmaxenergyperjob,qosmaxenergyperuser,"qosmaxenergyperjob is a specific configuration parameter that sets the maximum energy a job is allowed to use, which is a part of the maximum energy each user is allowed to use for the requested QOS.","{
  ""is_a_edges"": [
    {
      ""child"": ""qosmaxenergyperjob"",
      ""parent"": ""qosmaxenergyperuser"",
      ""justification"": ""qosmaxenergyperjob is a specific configuration parameter that sets the maximum energy a job is allowed to use, which is a part of the maximum energy each user is allowed to use for the requested QOS.""
    },
    {
      ""child"": ""qosmaxenergypernode"",
      ""parent"": ""qosmaxenergyperuser"",
      ""justification"": ""qosmaxenergypernode is a specific configuration parameter that sets the maximum energy each node in a job allocation can use, which is a part of the maximum energy each user is allowed to use for the requested QOS.""
    },
    {
      ""child"": ""qosmaxgresminutesperjob"",
      ""parent"": ""qosmaxgresperuser"",
      ""justification"": ""qosmaxgresminutesperjob is a specific configuration parameter that sets the maximum number of minutes a job is allowed to use a specific GRES resource, which is a part of the maximum number of"
85,doc_405b,doc_405b_chunk_0015,qosmaxenergypernode,qosmaxenergyperuser,"qosmaxenergypernode is a specific configuration parameter that sets the maximum energy each node in a job allocation can use, which is a part of the maximum energy each user is allowed to use for the requested QOS.","{
  ""is_a_edges"": [
    {
      ""child"": ""qosmaxenergyperjob"",
      ""parent"": ""qosmaxenergyperuser"",
      ""justification"": ""qosmaxenergyperjob is a specific configuration parameter that sets the maximum energy a job is allowed to use, which is a part of the maximum energy each user is allowed to use for the requested QOS.""
    },
    {
      ""child"": ""qosmaxenergypernode"",
      ""parent"": ""qosmaxenergyperuser"",
      ""justification"": ""qosmaxenergypernode is a specific configuration parameter that sets the maximum energy each node in a job allocation can use, which is a part of the maximum energy each user is allowed to use for the requested QOS.""
    },
    {
      ""child"": ""qosmaxgresminutesperjob"",
      ""parent"": ""qosmaxgresperuser"",
      ""justification"": ""qosmaxgresminutesperjob is a specific configuration parameter that sets the maximum number of minutes a job is allowed to use a specific GRES resource, which is a part of the maximum number of"
86,doc_405b,doc_405b_chunk_0015,qosmaxgresminutesperjob,qosmaxgresperuser,,"{
  ""is_a_edges"": [
    {
      ""child"": ""qosmaxenergyperjob"",
      ""parent"": ""qosmaxenergyperuser"",
      ""justification"": ""qosmaxenergyperjob is a specific configuration parameter that sets the maximum energy a job is allowed to use, which is a part of the maximum energy each user is allowed to use for the requested QOS.""
    },
    {
      ""child"": ""qosmaxenergypernode"",
      ""parent"": ""qosmaxenergyperuser"",
      ""justification"": ""qosmaxenergypernode is a specific configuration parameter that sets the maximum energy each node in a job allocation can use, which is a part of the maximum energy each user is allowed to use for the requested QOS.""
    },
    {
      ""child"": ""qosmaxgresminutesperjob"",
      ""parent"": ""qosmaxgresperuser"",
      ""justification"": ""qosmaxgresminutesperjob is a specific configuration parameter that sets the maximum number of minutes a job is allowed to use a specific GRES resource, which is a part of the maximum number of"
87,doc_405b,doc_405b_chunk_0017,qosmaxunknownpernode,qosmaxunknownperuser,"Both QOSMaxUnknownPerNode and QOSMaxUnknownPerUser are configuration parameters that set limits on the maximum number of an unknown trackable resource, but QOSMaxUnknownPerNode is specific to each node in a job allocation.","{
  ""is_a_edges"": [
    {
      ""child"": ""qosmaxunknownpernode"",
      ""parent"": ""qosmaxunknownperuser"",
      ""justification"": ""Both QOSMaxUnknownPerNode and QOSMaxUnknownPerUser are configuration parameters that set limits on the maximum number of an unknown trackable resource, but QOSMaxUnknownPerNode is specific to each node in a job allocation.""
    },
    {
      ""child"": ""qosmaxwalldurationperjoblimit"",
      ""parent"": ""qosmaxunknownpernode"",
      ""justification"": ""Both QOSMaxWallDurationPerJobLimit and QOSMaxUnknownPerNode are configuration parameters, but QOSMaxWallDurationPerJobLimit sets the limit on the wall time a job can request, while QOSMaxUnknownPerNode sets the maximum number of an unknown trackable resource each node can use.""
    },
    {
      ""child"": ""qosminbb"",
      ""parent"": ""qosmincpu"",
      ""justification"": ""Both QOSMinBB and QOSMinCpu are configuration parameters that set minimum resource requirements"
88,doc_405b,doc_405b_chunk_0017,qosmaxwalldurationperjoblimit,qosmaxunknownpernode,"Both QOSMaxWallDurationPerJobLimit and QOSMaxUnknownPerNode are configuration parameters, but QOSMaxWallDurationPerJobLimit sets the limit on the wall time a job can request, while QOSMaxUnknownPerNode sets the maximum number of an unknown trackable resource each node can use.","{
  ""is_a_edges"": [
    {
      ""child"": ""qosmaxunknownpernode"",
      ""parent"": ""qosmaxunknownperuser"",
      ""justification"": ""Both QOSMaxUnknownPerNode and QOSMaxUnknownPerUser are configuration parameters that set limits on the maximum number of an unknown trackable resource, but QOSMaxUnknownPerNode is specific to each node in a job allocation.""
    },
    {
      ""child"": ""qosmaxwalldurationperjoblimit"",
      ""parent"": ""qosmaxunknownpernode"",
      ""justification"": ""Both QOSMaxWallDurationPerJobLimit and QOSMaxUnknownPerNode are configuration parameters, but QOSMaxWallDurationPerJobLimit sets the limit on the wall time a job can request, while QOSMaxUnknownPerNode sets the maximum number of an unknown trackable resource each node can use.""
    },
    {
      ""child"": ""qosminbb"",
      ""parent"": ""qosmincpu"",
      ""justification"": ""Both QOSMinBB and QOSMinCpu are configuration parameters that set minimum resource requirements"
89,doc_405b,doc_405b_chunk_0017,qosminbb,qosmincpu,,"{
  ""is_a_edges"": [
    {
      ""child"": ""qosmaxunknownpernode"",
      ""parent"": ""qosmaxunknownperuser"",
      ""justification"": ""Both QOSMaxUnknownPerNode and QOSMaxUnknownPerUser are configuration parameters that set limits on the maximum number of an unknown trackable resource, but QOSMaxUnknownPerNode is specific to each node in a job allocation.""
    },
    {
      ""child"": ""qosmaxwalldurationperjoblimit"",
      ""parent"": ""qosmaxunknownpernode"",
      ""justification"": ""Both QOSMaxWallDurationPerJobLimit and QOSMaxUnknownPerNode are configuration parameters, but QOSMaxWallDurationPerJobLimit sets the limit on the wall time a job can request, while QOSMaxUnknownPerNode sets the maximum number of an unknown trackable resource each node can use.""
    },
    {
      ""child"": ""qosminbb"",
      ""parent"": ""qosmincpu"",
      ""justification"": ""Both QOSMinBB and QOSMinCpu are configuration parameters that set minimum resource requirements"
90,doc_405b,doc_405b_chunk_0018,qosminmemory,qosminunknown,"Both are QoS-related configuration parameters, but qosminmemory is more specific as it refers to memory.","{
  ""is_a_edges"": [
    {
      ""child"": ""qosminmemory"",
      ""parent"": ""qosminunknown"",
      ""justification"": ""Both are QoS-related configuration parameters, but qosminmemory is more specific as it refers to memory.""
    },
    {
      ""child"": ""qosminnode"",
      ""parent"": ""qosminunknown"",
      ""justification"": ""Both are QoS-related configuration parameters, but qosminnode is more specific as it refers to nodes.""
    },
    {
      ""child"": ""qosnotallowed"",
      ""parent"": ""qosminunknown"",
      ""justification"": ""Both are QoS-related job states, but qosnotallowed is more specific as it refers to a disallowed QOS.""
    },
    {
      ""child"": ""qosresourcelimit"",
      ""parent"": ""qosminunknown"",
      ""justification"": ""Both are QoS-related job states, but qosresourcelimit is more specific as it refers to a resource"
91,doc_405b,doc_405b_chunk_0018,qosminnode,qosminunknown,"Both are QoS-related configuration parameters, but qosminnode is more specific as it refers to nodes.","{
  ""is_a_edges"": [
    {
      ""child"": ""qosminmemory"",
      ""parent"": ""qosminunknown"",
      ""justification"": ""Both are QoS-related configuration parameters, but qosminmemory is more specific as it refers to memory.""
    },
    {
      ""child"": ""qosminnode"",
      ""parent"": ""qosminunknown"",
      ""justification"": ""Both are QoS-related configuration parameters, but qosminnode is more specific as it refers to nodes.""
    },
    {
      ""child"": ""qosnotallowed"",
      ""parent"": ""qosminunknown"",
      ""justification"": ""Both are QoS-related job states, but qosnotallowed is more specific as it refers to a disallowed QOS.""
    },
    {
      ""child"": ""qosresourcelimit"",
      ""parent"": ""qosminunknown"",
      ""justification"": ""Both are QoS-related job states, but qosresourcelimit is more specific as it refers to a resource"
92,doc_405b,doc_405b_chunk_0018,qosnotallowed,qosminunknown,"Both are QoS-related job states, but qosnotallowed is more specific as it refers to a disallowed QOS.","{
  ""is_a_edges"": [
    {
      ""child"": ""qosminmemory"",
      ""parent"": ""qosminunknown"",
      ""justification"": ""Both are QoS-related configuration parameters, but qosminmemory is more specific as it refers to memory.""
    },
    {
      ""child"": ""qosminnode"",
      ""parent"": ""qosminunknown"",
      ""justification"": ""Both are QoS-related configuration parameters, but qosminnode is more specific as it refers to nodes.""
    },
    {
      ""child"": ""qosnotallowed"",
      ""parent"": ""qosminunknown"",
      ""justification"": ""Both are QoS-related job states, but qosnotallowed is more specific as it refers to a disallowed QOS.""
    },
    {
      ""child"": ""qosresourcelimit"",
      ""parent"": ""qosminunknown"",
      ""justification"": ""Both are QoS-related job states, but qosresourcelimit is more specific as it refers to a resource"
93,doc_405b,doc_405b_chunk_0018,qosresourcelimit,qosminunknown,,"{
  ""is_a_edges"": [
    {
      ""child"": ""qosminmemory"",
      ""parent"": ""qosminunknown"",
      ""justification"": ""Both are QoS-related configuration parameters, but qosminmemory is more specific as it refers to memory.""
    },
    {
      ""child"": ""qosminnode"",
      ""parent"": ""qosminunknown"",
      ""justification"": ""Both are QoS-related configuration parameters, but qosminnode is more specific as it refers to nodes.""
    },
    {
      ""child"": ""qosnotallowed"",
      ""parent"": ""qosminunknown"",
      ""justification"": ""Both are QoS-related job states, but qosnotallowed is more specific as it refers to a disallowed QOS.""
    },
    {
      ""child"": ""qosresourcelimit"",
      ""parent"": ""qosminunknown"",
      ""justification"": ""Both are QoS-related job states, but qosresourcelimit is more specific as it refers to a resource"
94,doc_4387,doc_4387_chunk_0006,accounting_storage/slurmdbd,slurm accounting configuration,accounting_storage/slurmdbd is a specific configuration parameter for the slurm accounting configuration.,"{
  ""is_a_edges"": [
    {
      ""child"": ""accounting_storage/slurmdbd"",
      ""parent"": ""slurm accounting configuration"",
      ""justification"": ""accounting_storage/slurmdbd is a specific configuration parameter for the slurm accounting configuration.""
    },
    {
      ""child"": ""slurmdbd"",
      ""parent"": ""scheduler"",
      ""justification"": ""SlurmDBD is a major component of the SLURM scheduler responsible for job accounting.""
    },
    {
      ""child"": ""partition"",
      ""parent"": ""queue_or_partition"",
      ""justification"": ""Partition is a specific type of queue or partition in SLURM and LSF.""
    },
    {
      ""child"": ""network port"",
      ""parent"": ""config_param"",
      ""justification"": ""Network port is a specific type of configuration parameter.""
    },
    {
      ""child"": ""jobcomptype"",
      ""parent"": ""config_param"",
      ""justification"": ""JobCompType is a specific configuration parameter"
95,doc_4387,doc_4387_chunk_0011,accountingstorageexternal,accountingstorageexternalhost,"AccountingStorageExternal is a configuration parameter that specifies a list of external slurmdbds, while AccountingStorageExternalHost is a specific configuration parameter within it.","{
  ""is_a_edges"": [
    {
      ""child"": ""accountingstorageexternal"",
      ""parent"": ""accountingstorageexternalhost"",
      ""justification"": ""AccountingStorageExternal is a configuration parameter that specifies a list of external slurmdbds, while AccountingStorageExternalHost is a specific configuration parameter within it.""
    },
    {
      ""child"": ""accountingstorageexternalhost"",
      ""parent"": ""config_param"",
      ""justification"": ""AccountingStorageExternalHost is a configuration parameter that specifies the host where external slurmdbds execute.""
    },
    {
      ""child"": ""accountingstoragepass"",
      ""parent"": ""config_param"",
      ""justification"": ""AccountingStoragePass is a configuration parameter used to specify the password for job accounting communication with the database server.""
    },
    {
      ""child"": ""slurmdbd"",
      ""parent"": ""scheduler"",
      ""justification"": ""SlurmDBD is a Slurm component responsible for managing job accounting and state information, making it a specific scheduler component.""
    },"
96,doc_4387,doc_4387_chunk_0013,accountingstorageport,port number,accountingstorageport is a specific port number used for communication between clusters registered with an external slurmdbd.,"{
  ""is_a_edges"": [
    {
      ""child"": ""accountingstorageport"",
      ""parent"": ""port number"",
      ""justification"": ""accountingstorageport is a specific port number used for communication between clusters registered with an external slurmdbd.""
    },
    {
      ""child"": ""auth/munge"",
      ""parent"": ""authentication method"",
      ""justification"": ""auth/munge is a specific authentication method for communications between Slurm components.""
    },
    {
      ""child"": ""authinfo"",
      ""parent"": ""config_param"",
      ""justification"": ""AuthInfo is a SlurmDBD configuration parameter that specifies the pathname of the named socket used by MUNGE.""
    },
    {
      ""child"": ""localhost"",
      ""parent"": ""machine"",
      ""justification"": ""localhost is a specific machine name without the full domain name, used to specify the location of the Slurm Database Daemon.""
    },
    {
      ""child"": ""machine"",
      ""parent"": ""resource"",
      ""justification"": ""Machine"
97,doc_4387,doc_4387_chunk_0013,localhost,machine,"localhost is a specific machine name without the full domain name, used to specify the location of the Slurm Database Daemon.","{
  ""is_a_edges"": [
    {
      ""child"": ""accountingstorageport"",
      ""parent"": ""port number"",
      ""justification"": ""accountingstorageport is a specific port number used for communication between clusters registered with an external slurmdbd.""
    },
    {
      ""child"": ""auth/munge"",
      ""parent"": ""authentication method"",
      ""justification"": ""auth/munge is a specific authentication method for communications between Slurm components.""
    },
    {
      ""child"": ""authinfo"",
      ""parent"": ""config_param"",
      ""justification"": ""AuthInfo is a SlurmDBD configuration parameter that specifies the pathname of the named socket used by MUNGE.""
    },
    {
      ""child"": ""localhost"",
      ""parent"": ""machine"",
      ""justification"": ""localhost is a specific machine name without the full domain name, used to specify the location of the Slurm Database Daemon.""
    },
    {
      ""child"": ""machine"",
      ""parent"": ""resource"",
      ""justification"": ""Machine"
98,doc_4387,doc_4387_chunk_0014,slurm_acct_db,database,slurm_acct_db is a specific database used for job accounting in SLURM.,"{
  ""is_a_edges"": [
    {
      ""child"": ""slurm_acct_db"",
      ""parent"": ""database"",
      ""justification"": ""slurm_acct_db is a specific database used for job accounting in SLURM.""
    },
    {
      ""child"": ""slurmdbd daemon"",
      ""parent"": ""scheduler"",
      ""justification"": ""The slurmdbd daemon is a component of the SLURM scheduler that manages the database for job accounting and state information.""
    },
    {
      ""child"": ""slurmuser"",
      ""parent"": ""user_role"",
      ""justification"": ""SlurmUser is a special user in SLURM with permissions to manage database objects, add other operators, and view private data.""
    },
    {
      ""child"": ""StorageHost"",
      ""parent"": ""config_param"",
      ""justification"": ""StorageHost is a configuration parameter in SLURM that defines the name of the host where the database is running to store job accounting data.""
    },
    {
      """
99,doc_4387,doc_4387_chunk_0021,cluster snowflake,cluster,cluster snowflake is a specific cluster name within the SLURM scheduler hierarchy.,"{
  ""is_a_edges"": [
    {
      ""child"": ""add account"",
      ""parent"": ""command"",
      ""justification"": ""The 'add account' command is a specific type of command used in SLURM's sacctmgr tool.""
    },
    {
      ""child"": ""sacctmgr add user"",
      ""parent"": ""command"",
      ""justification"": ""sacctmgr add user is a specific command used to add a user to an account or accounts in the SLURM scheduler.""
    },
    {
      ""child"": ""cluster snowflake"",
      ""parent"": ""cluster"",
      ""justification"": ""cluster snowflake is a specific cluster name within the SLURM scheduler hierarchy.""
    },
    {
      ""child"": ""account options"",
      ""parent"": ""config_param"",
      ""justification"": ""Account options are a specific type of configuration parameters used to manage accounts in the SLURM scheduler.""
    },
    {
      ""child"": ""accountingstorageenforce"",
      ""parent"": ""config_param"","
100,doc_4387,doc_4387_chunk_0023,sacctmgr,slurm daemons,sacctmgr is a specific Slurm daemon used for managing Slurm's accounting database.,"{
  ""is_a_edges"": [
    {
      ""child"": ""sacctmgr"",
      ""parent"": ""slurm daemons"",
      ""justification"": ""sacctmgr is a specific Slurm daemon used for managing Slurm's accounting database.""
    },
    {
      ""child"": ""remove"",
      ""parent"": ""sacctmgr"",
      ""justification"": ""The 'remove' command is a specific function of the sacctmgr tool.""
    },
    {
      ""child"": ""set"",
      ""parent"": ""sacctmgr"",
      ""justification"": ""The 'set' keyword is a specific function of the sacctmgr command.""
    },
    {
      ""child"": ""modify"",
      ""parent"": ""command"",
      ""justification"": ""The 'modify' command is a specific type of command used in SLURM.""
    },
    {
      ""child"": ""options"",
      ""parent"": ""command"",
      ""justification"": ""Options are a specific type of command-line arguments used in SLURM."""
101,doc_4387,doc_4387_chunk_0023,remove,sacctmgr,The 'remove' command is a specific function of the sacctmgr tool.,"{
  ""is_a_edges"": [
    {
      ""child"": ""sacctmgr"",
      ""parent"": ""slurm daemons"",
      ""justification"": ""sacctmgr is a specific Slurm daemon used for managing Slurm's accounting database.""
    },
    {
      ""child"": ""remove"",
      ""parent"": ""sacctmgr"",
      ""justification"": ""The 'remove' command is a specific function of the sacctmgr tool.""
    },
    {
      ""child"": ""set"",
      ""parent"": ""sacctmgr"",
      ""justification"": ""The 'set' keyword is a specific function of the sacctmgr command.""
    },
    {
      ""child"": ""modify"",
      ""parent"": ""command"",
      ""justification"": ""The 'modify' command is a specific type of command used in SLURM.""
    },
    {
      ""child"": ""options"",
      ""parent"": ""command"",
      ""justification"": ""Options are a specific type of command-line arguments used in SLURM."""
102,doc_4387,doc_4387_chunk_0023,set,sacctmgr,The 'set' keyword is a specific function of the sacctmgr command.,"{
  ""is_a_edges"": [
    {
      ""child"": ""sacctmgr"",
      ""parent"": ""slurm daemons"",
      ""justification"": ""sacctmgr is a specific Slurm daemon used for managing Slurm's accounting database.""
    },
    {
      ""child"": ""remove"",
      ""parent"": ""sacctmgr"",
      ""justification"": ""The 'remove' command is a specific function of the sacctmgr tool.""
    },
    {
      ""child"": ""set"",
      ""parent"": ""sacctmgr"",
      ""justification"": ""The 'set' keyword is a specific function of the sacctmgr command.""
    },
    {
      ""child"": ""modify"",
      ""parent"": ""command"",
      ""justification"": ""The 'modify' command is a specific type of command used in SLURM.""
    },
    {
      ""child"": ""options"",
      ""parent"": ""command"",
      ""justification"": ""Options are a specific type of command-line arguments used in SLURM."""
103,doc_4657,doc_4657_chunk_0001,quick start user guide,slurm documentation,The Quick Start User Guide is a specific type of documentation resource within the Slurm documentation.,"{
  ""is_a_edges"": [
    {
      ""child"": ""slurm users"",
      ""parent"": ""Slurm"",
      ""justification"": ""Slurm Users are end users who interact with the Slurm workload manager, which is a more general concept.""
    },
    {
      ""child"": ""slurm documentation"",
      ""parent"": ""Slurm"",
      ""justification"": ""Slurm documentation is a specific type of documentation for the Slurm workload manager.""
    },
    {
      ""child"": ""quick start user guide"",
      ""parent"": ""slurm documentation"",
      ""justification"": ""The Quick Start User Guide is a specific type of documentation resource within the Slurm documentation.""
    },
    {
      ""child"": ""command"",
      ""parent"": ""slurm"",
      ""justification"": ""Commands are specific instructions given to the Slurm scheduler, which is a more general concept.""
    },
    {
      ""child"": ""command-line options"",
      ""parent"": ""command"",
      ""justification"": ""Command-line options are parameters that can be passed to"
104,doc_4657,doc_4657_chunk_0001,command,slurm,"Commands are specific instructions given to the Slurm scheduler, which is a more general concept.","{
  ""is_a_edges"": [
    {
      ""child"": ""slurm users"",
      ""parent"": ""Slurm"",
      ""justification"": ""Slurm Users are end users who interact with the Slurm workload manager, which is a more general concept.""
    },
    {
      ""child"": ""slurm documentation"",
      ""parent"": ""Slurm"",
      ""justification"": ""Slurm documentation is a specific type of documentation for the Slurm workload manager.""
    },
    {
      ""child"": ""quick start user guide"",
      ""parent"": ""slurm documentation"",
      ""justification"": ""The Quick Start User Guide is a specific type of documentation resource within the Slurm documentation.""
    },
    {
      ""child"": ""command"",
      ""parent"": ""slurm"",
      ""justification"": ""Commands are specific instructions given to the Slurm scheduler, which is a more general concept.""
    },
    {
      ""child"": ""command-line options"",
      ""parent"": ""command"",
      ""justification"": ""Command-line options are parameters that can be passed to"
105,doc_4657,doc_4657_chunk_0001,command-line options,command,,"{
  ""is_a_edges"": [
    {
      ""child"": ""slurm users"",
      ""parent"": ""Slurm"",
      ""justification"": ""Slurm Users are end users who interact with the Slurm workload manager, which is a more general concept.""
    },
    {
      ""child"": ""slurm documentation"",
      ""parent"": ""Slurm"",
      ""justification"": ""Slurm documentation is a specific type of documentation for the Slurm workload manager.""
    },
    {
      ""child"": ""quick start user guide"",
      ""parent"": ""slurm documentation"",
      ""justification"": ""The Quick Start User Guide is a specific type of documentation resource within the Slurm documentation.""
    },
    {
      ""child"": ""command"",
      ""parent"": ""slurm"",
      ""justification"": ""Commands are specific instructions given to the Slurm scheduler, which is a more general concept.""
    },
    {
      ""child"": ""command-line options"",
      ""parent"": ""command"",
      ""justification"": ""Command-line options are parameters that can be passed to"
106,doc_48b2,doc_48b2_chunk_0002,job script,job,A job script is a specific type of resource used to define and execute a job in SLURM.,"{
  ""is_a_edges"": [
    {
      ""child"": ""job script"",
      ""parent"": ""job"",
      ""justification"": ""A job script is a specific type of resource used to define and execute a job in SLURM.""
    },
    {
      ""child"": ""job step"",
      ""parent"": ""job"",
      ""justification"": ""A job step is a specific type of state within a job in SLURM.""
    },
    {
      ""child"": ""parallel tasks"",
      ""parent"": ""resources"",
      ""justification"": ""Parallel tasks are a specific type of computational resource managed by SLURM.""
    },
    {
      ""child"": ""sacct"",
      ""parent"": ""command"",
      ""justification"": ""sacct is a specific command-line tool for querying job and step accounting information in SLURM.""
    },
    {
      ""child"": ""salloc"",
      ""parent"": ""command"",
      ""justification"": ""salloc is a specific command-line interface for allocating and managing interactive compute nodes in SLUR"
107,doc_48b2,doc_48b2_chunk_0002,job step,job,A job step is a specific type of state within a job in SLURM.,"{
  ""is_a_edges"": [
    {
      ""child"": ""job script"",
      ""parent"": ""job"",
      ""justification"": ""A job script is a specific type of resource used to define and execute a job in SLURM.""
    },
    {
      ""child"": ""job step"",
      ""parent"": ""job"",
      ""justification"": ""A job step is a specific type of state within a job in SLURM.""
    },
    {
      ""child"": ""parallel tasks"",
      ""parent"": ""resources"",
      ""justification"": ""Parallel tasks are a specific type of computational resource managed by SLURM.""
    },
    {
      ""child"": ""sacct"",
      ""parent"": ""command"",
      ""justification"": ""sacct is a specific command-line tool for querying job and step accounting information in SLURM.""
    },
    {
      ""child"": ""salloc"",
      ""parent"": ""command"",
      ""justification"": ""salloc is a specific command-line interface for allocating and managing interactive compute nodes in SLUR"
108,doc_48b2,doc_48b2_chunk_0002,parallel tasks,resources,Parallel tasks are a specific type of computational resource managed by SLURM.,"{
  ""is_a_edges"": [
    {
      ""child"": ""job script"",
      ""parent"": ""job"",
      ""justification"": ""A job script is a specific type of resource used to define and execute a job in SLURM.""
    },
    {
      ""child"": ""job step"",
      ""parent"": ""job"",
      ""justification"": ""A job step is a specific type of state within a job in SLURM.""
    },
    {
      ""child"": ""parallel tasks"",
      ""parent"": ""resources"",
      ""justification"": ""Parallel tasks are a specific type of computational resource managed by SLURM.""
    },
    {
      ""child"": ""sacct"",
      ""parent"": ""command"",
      ""justification"": ""sacct is a specific command-line tool for querying job and step accounting information in SLURM.""
    },
    {
      ""child"": ""salloc"",
      ""parent"": ""command"",
      ""justification"": ""salloc is a specific command-line interface for allocating and managing interactive compute nodes in SLUR"
109,doc_48b2,doc_48b2_chunk_0003,diskless compute nodes,nodes,Diskless compute nodes are a specific type of nodes without local storage.,"{
  ""is_a_edges"": [
    {
      ""child"": ""diskless compute nodes"",
      ""parent"": ""nodes"",
      ""justification"": ""Diskless compute nodes are a specific type of nodes without local storage.""
    },
    {
      ""child"": ""job steps"",
      ""parent"": ""job's priority"",
      ""justification"": ""Job steps are individual tasks within a job that affect the job's priority.""
    },
    {
      ""child"": ""partitions"",
      ""parent"": ""job queues"",
      ""justification"": ""Partitions are logical sets of nodes that can be considered job queues.""
    },
    {
      ""child"": ""scancel"",
      ""parent"": ""command"",
      ""justification"": ""scancel is a specific command used to send signals to jobs in SLURM.""
    },
    {
      ""child"": ""scontrol"",
      ""parent"": ""administrative tool"",
      ""justification"": ""scontrol is a specific administrative tool used to manage and modify job settings in SLURM.""
    },
    {"
110,doc_48b2,doc_48b2_chunk_0003,job steps,job's priority,Job steps are individual tasks within a job that affect the job's priority.,"{
  ""is_a_edges"": [
    {
      ""child"": ""diskless compute nodes"",
      ""parent"": ""nodes"",
      ""justification"": ""Diskless compute nodes are a specific type of nodes without local storage.""
    },
    {
      ""child"": ""job steps"",
      ""parent"": ""job's priority"",
      ""justification"": ""Job steps are individual tasks within a job that affect the job's priority.""
    },
    {
      ""child"": ""partitions"",
      ""parent"": ""job queues"",
      ""justification"": ""Partitions are logical sets of nodes that can be considered job queues.""
    },
    {
      ""child"": ""scancel"",
      ""parent"": ""command"",
      ""justification"": ""scancel is a specific command used to send signals to jobs in SLURM.""
    },
    {
      ""child"": ""scontrol"",
      ""parent"": ""administrative tool"",
      ""justification"": ""scontrol is a specific administrative tool used to manage and modify job settings in SLURM.""
    },
    {"
111,doc_48b2,doc_48b2_chunk_0004,job steps,parallel,"Job steps are individual tasks or stages within a Slurm job, and parallel refers to executing multiple job steps on independent or shared resources within a job's node allocation.","{
  ""is_a_edges"": [
    {
      ""child"": ""job steps"",
      ""parent"": ""parallel"",
      ""justification"": ""Job steps are individual tasks or stages within a Slurm job, and parallel refers to executing multiple job steps on independent or shared resources within a job's node allocation.""
    },
    {
      ""child"": ""independent"",
      ""parent"": ""parallel"",
      ""justification"": ""Independent job steps can run concurrently on separate resources within the same node allocation, which is a specific type of parallel execution.""
    },
    {
      ""child"": ""sequential"",
      ""parent"": ""job_state"",
      ""justification"": ""Sequential job steps execute one after the other on a single resource or node allocation, which is a specific type of job state.""
    },
    {
      ""child"": ""srun"",
      ""parent"": ""command"",
      ""justification"": ""srun is a command-line interface (CLI) program in SLURM for launching and managing parallel jobs.""
    },
    {
      ""child"": """
112,doc_48b2,doc_48b2_chunk_0004,independent,parallel,"Independent job steps can run concurrently on separate resources within the same node allocation, which is a specific type of parallel execution.","{
  ""is_a_edges"": [
    {
      ""child"": ""job steps"",
      ""parent"": ""parallel"",
      ""justification"": ""Job steps are individual tasks or stages within a Slurm job, and parallel refers to executing multiple job steps on independent or shared resources within a job's node allocation.""
    },
    {
      ""child"": ""independent"",
      ""parent"": ""parallel"",
      ""justification"": ""Independent job steps can run concurrently on separate resources within the same node allocation, which is a specific type of parallel execution.""
    },
    {
      ""child"": ""sequential"",
      ""parent"": ""job_state"",
      ""justification"": ""Sequential job steps execute one after the other on a single resource or node allocation, which is a specific type of job state.""
    },
    {
      ""child"": ""srun"",
      ""parent"": ""command"",
      ""justification"": ""srun is a command-line interface (CLI) program in SLURM for launching and managing parallel jobs.""
    },
    {
      ""child"": """
113,doc_48b2,doc_48b2_chunk_0009,mpirun,slurm commands,"mpirun is a command used to launch MPI applications on HPC systems, either directly by Slurm or through external mechanisms like SSH.","{
  ""is_a_edges"": [
    {
      ""child"": ""job arrays"",
      ""parent"": ""resource"",
      ""justification"": ""Job arrays are a specific type of resource concept in SLURM for managing multiple batch jobs with identical resource requirements.""
    },
    {
      ""child"": ""mpi2"",
      ""parent"": ""MPI"",
      ""justification"": ""MPI2 is a specific MPI standard used in job arrays on both SLURM and IBM LSF.""
    },
    {
      ""child"": ""mpich2"",
      ""parent"": ""MPI"",
      ""justification"": ""MPICH2 is a specific MPI implementation used for parallel computing in HPC systems, supported by both SLURM and IBM LSF.""
    },
    {
      ""child"": ""mpirun"",
      ""parent"": ""slurm commands"",
      ""justification"": ""mpirun is a command used to launch MPI applications on HPC systems, either directly by Slurm or through external mechanisms like SSH.""
    },
    {
      ""child"": ""mvapich"
114,doc_4d9f,doc_4d9f_chunk_0004,nodelist,partition,Nodelist is a list of compute nodes assigned to a partition.,"maximum allocation or time limit) are NOT considered parents.

CORRECT_JSON:
{
  ""is_a_edges"": [
    {
      ""child"": ""job array"",
      ""parent"": ""job"",
      ""justification"": ""Job array is a specific type of job submitted as a single job script with multiple tasks.""
    },
    {
      ""child"": ""jobid"",
      ""parent"": ""job"",
      ""justification"": ""Jobid is a unique identifier assigned to a job by the scheduler.""
    },
    {
      ""child"": ""nodelist"",
      ""parent"": ""partition"",
      ""justification"": ""Nodelist is a list of compute nodes assigned to a partition.""
    },
    {
      ""child"": ""nodes"",
      ""parent"": ""resource"",
      ""justification"": ""Nodes are physical or virtual machines in an HPC cluster with associated CPU, memory, and other resources.""
    },
    {
      ""child"": ""partition"",
      ""parent"": ""queue_or_partition"",
      ""justification"": ""Partition is a logical subdiv"
115,doc_4d9f,doc_4d9f_chunk_0006,job array,job counts,"Job array is a specific type of job counts, where multiple related jobs are submitted as a single job script.","{
  ""is_a_edges"": [
    {
      ""child"": ""job array"",
      ""parent"": ""job counts"",
      ""justification"": ""Job array is a specific type of job counts, where multiple related jobs are submitted as a single job script.""
    },
    {
      ""child"": ""job array size"",
      ""parent"": ""job array"",
      ""justification"": ""Job array size is a specific attribute of a job array, representing the number of tasks in the array.""
    },
    {
      ""child"": ""ArrayJobId"",
      ""parent"": ""job_state"",
      ""justification"": ""ArrayJobId is a specific field within a job's state, used to identify a specific job within a job array.""
    },
    {
      ""child"": ""ArrayTaskId"",
      ""parent"": ""job_state"",
      ""justification"": ""ArrayTaskId is a specific field within a job's state, used to identify the index of a specific task within a job array.""
    },
    {
      ""child"": ""single job record"",
      ""parent"": ""job"
116,doc_4d9f,doc_4d9f_chunk_0006,job array size,job array,"Job array size is a specific attribute of a job array, representing the number of tasks in the array.","{
  ""is_a_edges"": [
    {
      ""child"": ""job array"",
      ""parent"": ""job counts"",
      ""justification"": ""Job array is a specific type of job counts, where multiple related jobs are submitted as a single job script.""
    },
    {
      ""child"": ""job array size"",
      ""parent"": ""job array"",
      ""justification"": ""Job array size is a specific attribute of a job array, representing the number of tasks in the array.""
    },
    {
      ""child"": ""ArrayJobId"",
      ""parent"": ""job_state"",
      ""justification"": ""ArrayJobId is a specific field within a job's state, used to identify a specific job within a job array.""
    },
    {
      ""child"": ""ArrayTaskId"",
      ""parent"": ""job_state"",
      ""justification"": ""ArrayTaskId is a specific field within a job's state, used to identify the index of a specific task within a job array.""
    },
    {
      ""child"": ""single job record"",
      ""parent"": ""job"
117,doc_4ff0,doc_4ff0_chunk_0001,4d_torus,plugin,4d_torus is a specific plugin name for a topology in the Slurm codebase.,"{
  ""is_a_edges"": [
    {
      ""child"": ""4d_torus"",
      ""parent"": ""plugin"",
      ""justification"": ""4d_torus is a specific plugin name for a topology in the Slurm codebase.""
    },
    {
      ""child"": ""src/plugins/topology/makefile.am"",
      ""parent"": ""config_file"",
      ""justification"": ""src/plugins/topology/Makefile.am is a configuration file used to add a new plugin to the Slurm codebase.""
    },
    {
      ""child"": ""new plugin"",
      ""parent"": ""plugin"",
      ""justification"": ""A new plugin is a custom extension added to the Slurm codebase, which is a specific type of plugin.""
    },
    {
      ""child"": ""topology"",
      ""parent"": ""other_hpc"",
      ""justification"": ""Topology methods in SLURM are functions used to assign nodes to jobs based on node topology, which is a specific HPC concept.""
    }
  ]
}"
118,doc_4ff0,doc_4ff0_chunk_0001,new plugin,plugin,"A new plugin is a custom extension added to the Slurm codebase, which is a specific type of plugin.","{
  ""is_a_edges"": [
    {
      ""child"": ""4d_torus"",
      ""parent"": ""plugin"",
      ""justification"": ""4d_torus is a specific plugin name for a topology in the Slurm codebase.""
    },
    {
      ""child"": ""src/plugins/topology/makefile.am"",
      ""parent"": ""config_file"",
      ""justification"": ""src/plugins/topology/Makefile.am is a configuration file used to add a new plugin to the Slurm codebase.""
    },
    {
      ""child"": ""new plugin"",
      ""parent"": ""plugin"",
      ""justification"": ""A new plugin is a custom extension added to the Slurm codebase, which is a specific type of plugin.""
    },
    {
      ""child"": ""topology"",
      ""parent"": ""other_hpc"",
      ""justification"": ""Topology methods in SLURM are functions used to assign nodes to jobs based on node topology, which is a specific HPC concept.""
    }
  ]
}"
119,doc_4ff0,doc_4ff0_chunk_0002,4d_torus,topology,4d_torus is a specific topology plugin used in Slurm for job placement and resource allocation.,"{
  ""is_a_edges"": [
    {
      ""child"": ""4d_torus"",
      ""parent"": ""topology"",
      ""justification"": ""4d_torus is a specific topology plugin used in Slurm for job placement and resource allocation.""
    },
    {
      ""child"": ""topology_4d_torus.c"",
      ""parent"": ""C source file"",
      ""justification"": ""topology_4d_torus.c is a specific C source file for a Slurm plugin that defines a 4D torus topology.""
    },
    {
      ""child"": ""Makefile.am"",
      ""parent"": ""Makefile"",
      ""justification"": ""Makefile.am is a specific file used in the build system of HPC applications, containing rules and variables for generating Makefiles.""
    },
    {
      ""child"": ""slurm.spec"",
      ""parent"": ""config_file"",
      ""justification"": ""slurm.spec is a specific configuration file used in SLURM for RPM package management.""
    }
  ]"
120,doc_50f7,doc_50f7_chunk_0002,mcs label,mcs,mcs label is a specific type of MCS configuration that allows for job categorization and node exclusivity.,"{
  ""is_a_edges"": [
    {
      ""child"": ""mcs label"",
      ""parent"": ""mcs"",
      ""justification"": ""mcs label is a specific type of MCS configuration that allows for job categorization and node exclusivity.""
    },
    {
      ""child"": ""mcs/account"",
      ""parent"": ""mcs label"",
      ""justification"": ""mcs/account is a specific type of MCS label that takes a value equal to the job's account.""
    },
    {
      ""child"": ""mcs/group"",
      ""parent"": ""mcs label"",
      ""justification"": ""mcs/group is a specific type of MCS label that takes a value equal to the job's user group.""
    },
    {
      ""child"": ""mcs/user"",
      ""parent"": ""mcs label"",
      ""justification"": ""mcs/user is a specific type of MCS label that takes a value equal to the username of the job's --uid.""
    },
    {
      ""child"": ""mcs/"
121,doc_50f7,doc_50f7_chunk_0002,mcs/account,mcs label,mcs/account is a specific type of MCS label that takes a value equal to the job's account.,"{
  ""is_a_edges"": [
    {
      ""child"": ""mcs label"",
      ""parent"": ""mcs"",
      ""justification"": ""mcs label is a specific type of MCS configuration that allows for job categorization and node exclusivity.""
    },
    {
      ""child"": ""mcs/account"",
      ""parent"": ""mcs label"",
      ""justification"": ""mcs/account is a specific type of MCS label that takes a value equal to the job's account.""
    },
    {
      ""child"": ""mcs/group"",
      ""parent"": ""mcs label"",
      ""justification"": ""mcs/group is a specific type of MCS label that takes a value equal to the job's user group.""
    },
    {
      ""child"": ""mcs/user"",
      ""parent"": ""mcs label"",
      ""justification"": ""mcs/user is a specific type of MCS label that takes a value equal to the username of the job's --uid.""
    },
    {
      ""child"": ""mcs/"
122,doc_50f7,doc_50f7_chunk_0002,mcs/group,mcs label,mcs/group is a specific type of MCS label that takes a value equal to the job's user group.,"{
  ""is_a_edges"": [
    {
      ""child"": ""mcs label"",
      ""parent"": ""mcs"",
      ""justification"": ""mcs label is a specific type of MCS configuration that allows for job categorization and node exclusivity.""
    },
    {
      ""child"": ""mcs/account"",
      ""parent"": ""mcs label"",
      ""justification"": ""mcs/account is a specific type of MCS label that takes a value equal to the job's account.""
    },
    {
      ""child"": ""mcs/group"",
      ""parent"": ""mcs label"",
      ""justification"": ""mcs/group is a specific type of MCS label that takes a value equal to the job's user group.""
    },
    {
      ""child"": ""mcs/user"",
      ""parent"": ""mcs label"",
      ""justification"": ""mcs/user is a specific type of MCS label that takes a value equal to the username of the job's --uid.""
    },
    {
      ""child"": ""mcs/"
123,doc_50f7,doc_50f7_chunk_0002,mcs/user,mcs label,mcs/user is a specific type of MCS label that takes a value equal to the username of the job's --uid.,"{
  ""is_a_edges"": [
    {
      ""child"": ""mcs label"",
      ""parent"": ""mcs"",
      ""justification"": ""mcs label is a specific type of MCS configuration that allows for job categorization and node exclusivity.""
    },
    {
      ""child"": ""mcs/account"",
      ""parent"": ""mcs label"",
      ""justification"": ""mcs/account is a specific type of MCS label that takes a value equal to the job's account.""
    },
    {
      ""child"": ""mcs/group"",
      ""parent"": ""mcs label"",
      ""justification"": ""mcs/group is a specific type of MCS label that takes a value equal to the job's user group.""
    },
    {
      ""child"": ""mcs/user"",
      ""parent"": ""mcs label"",
      ""justification"": ""mcs/user is a specific type of MCS label that takes a value equal to the username of the job's --uid.""
    },
    {
      ""child"": ""mcs/"
124,doc_50f7,doc_50f7_chunk_0004,mcs_label,mcs_plugin_parameters,mcs_label is a specific parameter within the mcs_plugin_parameters configuration.,"{
  ""is_a_edges"": [
    {
      ""child"": ""mcs_label"",
      ""parent"": ""mcs_plugin_parameters"",
      ""justification"": ""mcs_label is a specific parameter within the mcs_plugin_parameters configuration.""
    },
    {
      ""child"": ""mcs_plugin"",
      ""parent"": ""mcs_plugin_options"",
      ""justification"": ""mcs_plugin is a specific option within the mcs_plugin_options configuration.""
    },
    {
      ""child"": ""ondemand"",
      ""parent"": ""queue_or_partition"",
      ""justification"": ""ondemand is a specific type of queue or partition in SLURM.""
    },
    {
      ""child"": ""enforced"",
      ""parent"": ""config_param"",
      ""justification"": ""enforced is a specific configuration parameter for the MCS Plugin.""
    },
    {
      ""child"": ""noselect"",
      ""parent"": ""option_flag"",
      ""justification"": ""noselect is a specific command-"
125,doc_50f7,doc_50f7_chunk_0004,mcs_plugin,mcs_plugin_options,mcs_plugin is a specific option within the mcs_plugin_options configuration.,"{
  ""is_a_edges"": [
    {
      ""child"": ""mcs_label"",
      ""parent"": ""mcs_plugin_parameters"",
      ""justification"": ""mcs_label is a specific parameter within the mcs_plugin_parameters configuration.""
    },
    {
      ""child"": ""mcs_plugin"",
      ""parent"": ""mcs_plugin_options"",
      ""justification"": ""mcs_plugin is a specific option within the mcs_plugin_options configuration.""
    },
    {
      ""child"": ""ondemand"",
      ""parent"": ""queue_or_partition"",
      ""justification"": ""ondemand is a specific type of queue or partition in SLURM.""
    },
    {
      ""child"": ""enforced"",
      ""parent"": ""config_param"",
      ""justification"": ""enforced is a specific configuration parameter for the MCS Plugin.""
    },
    {
      ""child"": ""noselect"",
      ""parent"": ""option_flag"",
      ""justification"": ""noselect is a specific command-"
126,doc_5755,doc_5755_chunk_0002,force terminated job,killed jobs,"Force Terminated jobs are a specific type of killed jobs, terminated by the Slurm scheduler.","{
  ""is_a_edges"": [
    {
      ""child"": ""force terminated job"",
      ""parent"": ""killed jobs"",
      ""justification"": ""Force Terminated jobs are a specific type of killed jobs, terminated by the Slurm scheduler.""
    },
    {
      ""child"": ""prematurely"",
      ""parent"": ""job_state"",
      ""justification"": ""Prematurely is a specific job state indicating that the job was terminated before its expected completion.""
    },
    {
      ""child"": ""batch job that launches no job steps"",
      ""parent"": ""killed jobs"",
      ""justification"": ""A batch job that launches no job steps is a specific type of killed job, terminated due to lack of work.""
    },
    {
      ""child"": ""srun --overcommit"",
      ""parent"": ""command"",
      ""justification"": ""srun --overcommit is a specific command-line command in SLURM, allowing jobs to request more resources than are available.""
    },
    {
      ""child"": ""srun --"
127,doc_5755,doc_5755_chunk_0004,new cluster,cluster management,"A new cluster is a specific type of cluster management, referring to the creation and setup of a fresh HPC system.","{
  ""is_a_edges"": [
    {
      ""child"": ""new cluster"",
      ""parent"": ""cluster management"",
      ""justification"": ""A new cluster is a specific type of cluster management, referring to the creation and setup of a fresh HPC system.""
    },
    {
      ""child"": ""slurm cluster configuration"",
      ""parent"": ""cluster management"",
      ""justification"": ""Slurm cluster configuration is a specific type of cluster management, as it defines the behavior and organization of a Slurm-managed HPC cluster.""
    },
    {
      ""child"": ""patch file"",
      ""parent"": ""github"",
      ""justification"": ""A patch file is a specific type of content found on GitHub, containing changes to be applied to Slurm source code.""
    },
    {
      ""child"": ""slurm commit"",
      ""parent"": ""github"",
      ""justification"": ""A Slurm commit is a specific type of content found on GitHub, representing a specific version or revision of the Slurm scheduler software.""
    },
    {
      ""child"": ""upgrading sl"
128,doc_5755,doc_5755_chunk_0004,slurm cluster configuration,cluster management,"Slurm cluster configuration is a specific type of cluster management, as it defines the behavior and organization of a Slurm-managed HPC cluster.","{
  ""is_a_edges"": [
    {
      ""child"": ""new cluster"",
      ""parent"": ""cluster management"",
      ""justification"": ""A new cluster is a specific type of cluster management, referring to the creation and setup of a fresh HPC system.""
    },
    {
      ""child"": ""slurm cluster configuration"",
      ""parent"": ""cluster management"",
      ""justification"": ""Slurm cluster configuration is a specific type of cluster management, as it defines the behavior and organization of a Slurm-managed HPC cluster.""
    },
    {
      ""child"": ""patch file"",
      ""parent"": ""github"",
      ""justification"": ""A patch file is a specific type of content found on GitHub, containing changes to be applied to Slurm source code.""
    },
    {
      ""child"": ""slurm commit"",
      ""parent"": ""github"",
      ""justification"": ""A Slurm commit is a specific type of content found on GitHub, representing a specific version or revision of the Slurm scheduler software.""
    },
    {
      ""child"": ""upgrading sl"
129,doc_5755,doc_5755_chunk_0004,patch file,github,"A patch file is a specific type of content found on GitHub, containing changes to be applied to Slurm source code.","{
  ""is_a_edges"": [
    {
      ""child"": ""new cluster"",
      ""parent"": ""cluster management"",
      ""justification"": ""A new cluster is a specific type of cluster management, referring to the creation and setup of a fresh HPC system.""
    },
    {
      ""child"": ""slurm cluster configuration"",
      ""parent"": ""cluster management"",
      ""justification"": ""Slurm cluster configuration is a specific type of cluster management, as it defines the behavior and organization of a Slurm-managed HPC cluster.""
    },
    {
      ""child"": ""patch file"",
      ""parent"": ""github"",
      ""justification"": ""A patch file is a specific type of content found on GitHub, containing changes to be applied to Slurm source code.""
    },
    {
      ""child"": ""slurm commit"",
      ""parent"": ""github"",
      ""justification"": ""A Slurm commit is a specific type of content found on GitHub, representing a specific version or revision of the Slurm scheduler software.""
    },
    {
      ""child"": ""upgrading sl"
130,doc_5755,doc_5755_chunk_0004,slurm commit,github,"A Slurm commit is a specific type of content found on GitHub, representing a specific version or revision of the Slurm scheduler software.","{
  ""is_a_edges"": [
    {
      ""child"": ""new cluster"",
      ""parent"": ""cluster management"",
      ""justification"": ""A new cluster is a specific type of cluster management, referring to the creation and setup of a fresh HPC system.""
    },
    {
      ""child"": ""slurm cluster configuration"",
      ""parent"": ""cluster management"",
      ""justification"": ""Slurm cluster configuration is a specific type of cluster management, as it defines the behavior and organization of a Slurm-managed HPC cluster.""
    },
    {
      ""child"": ""patch file"",
      ""parent"": ""github"",
      ""justification"": ""A patch file is a specific type of content found on GitHub, containing changes to be applied to Slurm source code.""
    },
    {
      ""child"": ""slurm commit"",
      ""parent"": ""github"",
      ""justification"": ""A Slurm commit is a specific type of content found on GitHub, representing a specific version or revision of the Slurm scheduler software.""
    },
    {
      ""child"": ""upgrading sl"
131,doc_5755,doc_5755_chunk_0006,compute node,node,Compute node is a specific type of node in an HPC system where jobs can run.,"{
  ""is_a_edges"": [
    {
      ""child"": ""compute node"",
      ""parent"": ""node"",
      ""justification"": ""Compute node is a specific type of node in an HPC system where jobs can run.""
    },
    {
      ""child"": ""slurmd"",
      ""parent"": ""scheduler"",
      ""justification"": ""slurmd is a daemon process in SLURM responsible for managing job resources and communicating with the slurmctld daemon.""
    },
    {
      ""child"": ""slurmstepd"",
      ""parent"": ""other_hpc"",
      ""justification"": ""slurmstepd is a program launched by the slurmd daemon on nodes to manage job steps in SLURM.""
    },
    {
      ""child"": ""pam_slurm"",
      ""parent"": ""user_role"",
      ""justification"": ""pam_slurm is a plugin for Slurm that allows for controlling a user's limits and access to compute nodes using PAM (Pluggable Authentication Module).""
    },
    {"
132,doc_5755,doc_5755_chunk_0010,existing resource allocation,job allocation,Existing resource allocation refers to a set of compute resources that have been allocated to a job or job step within an existing job allocation.,"{
  ""is_a_edges"": [
    {
      ""child"": ""job steps"",
      ""parent"": ""job"",
      ""justification"": ""Job steps are individual tasks or stages within a Slurm job.""
    },
    {
      ""child"": ""existing resource allocation"",
      ""parent"": ""job allocation"",
      ""justification"": ""Existing resource allocation refers to a set of compute resources that have been allocated to a job or job step within an existing job allocation.""
    },
    {
      ""child"": ""cpu"",
      ""parent"": ""resource"",
      ""justification"": ""CPU refers to a central processing unit, a resource that jobs consume in Slurm. It can represent a single CPU, core, or thread depending on the system architecture.""
    },
    {
      ""child"": ""cores"",
      ""parent"": ""resource"",
      ""justification"": ""CORES refers to the number of central processing units (CPUs) allocated to a job or task in an HPC system.""
    },
    {
      ""child"": ""threads"",
      ""parent"": ""resource"",
      ""justification"
133,doc_5755,doc_5755_chunk_0014,srun,command,srun is a specific command-line interface (CLI) program in SLURM for launching and managing parallel jobs.,"{
  ""is_a_edges"": [
    {
      ""child"": ""$hostsfile"",
      ""parent"": ""config_file"",
      ""justification"": ""$HOSTSFILE is a specific configuration file used by the srun command in SLURM.""
    },
    {
      ""child"": ""$slurm_ntasks"",
      ""parent"": ""resource"",
      ""justification"": ""$SLURM_NTASKS is a specific resource variable in SLURM representing the number of tasks for a job.""
    },
    {
      ""child"": ""srun"",
      ""parent"": ""command"",
      ""justification"": ""srun is a specific command-line interface (CLI) program in SLURM for launching and managing parallel jobs.""
    },
    {
      ""child"": ""fluent"",
      ""parent"": ""command"",
      ""justification"": ""fluent is a specific command used in SLURM for running an interactive session, typically for data-intensive applications.""
    },
    {
      ""child"": ""srun-frun.sh"",
      ""parent"": """
134,doc_5755,doc_5755_chunk_0014,fluent,command,"fluent is a specific command used in SLURM for running an interactive session, typically for data-intensive applications.","{
  ""is_a_edges"": [
    {
      ""child"": ""$hostsfile"",
      ""parent"": ""config_file"",
      ""justification"": ""$HOSTSFILE is a specific configuration file used by the srun command in SLURM.""
    },
    {
      ""child"": ""$slurm_ntasks"",
      ""parent"": ""resource"",
      ""justification"": ""$SLURM_NTASKS is a specific resource variable in SLURM representing the number of tasks for a job.""
    },
    {
      ""child"": ""srun"",
      ""parent"": ""command"",
      ""justification"": ""srun is a specific command-line interface (CLI) program in SLURM for launching and managing parallel jobs.""
    },
    {
      ""child"": ""fluent"",
      ""parent"": ""command"",
      ""justification"": ""fluent is a specific command used in SLURM for running an interactive session, typically for data-intensive applications.""
    },
    {
      ""child"": ""srun-frun.sh"",
      ""parent"": """
135,doc_5755,doc_5755_chunk_0015,sallocation,slurm job allocation,sallocation is a specific type of slurm job allocation created by the salloc command.,"{
  ""is_a_edges"": [
    {
      ""child"": ""sallocation"",
      ""parent"": ""slurm job allocation"",
      ""justification"": ""sallocation is a specific type of slurm job allocation created by the salloc command.""
    },
    {
      ""child"": ""srun command"",
      ""parent"": ""command"",
      ""justification"": ""srun command is a specific command-line interface used for launching and managing parallel jobs.""
    },
    {
      ""child"": ""script"",
      ""parent"": ""other_hpc"",
      ""justification"": ""Script is a general term for a program or command, but in this context, it is a specific type of other_hpc concept used to log job completion or perform other tasks.""
    },
    {
      ""child"": ""output file"",
      ""parent"": ""other_hpc"",
      ""justification"": ""Output file is a general term for a file where results are written, but in this context, it is a specific type of other_hpc concept used for storing the output of batch jobs.""
    },"
136,doc_5755,doc_5755_chunk_0017,interactive mode,job,Interactive mode is a specific type of job where users can interact with the job in real-time.,"{
  ""is_a_edges"": [
    {
      ""child"": ""interactive mode"",
      ""parent"": ""job"",
      ""justification"": ""Interactive mode is a specific type of job where users can interact with the job in real-time.""
    },
    {
      ""child"": ""salloc"",
      ""parent"": ""command"",
      ""justification"": ""salloc is a specific command-line program used for allocating and managing interactive compute nodes.""
    },
    {
      ""child"": ""slurm.conf"",
      ""parent"": ""config_file"",
      ""justification"": ""slurm.conf is a specific configuration file for SLURM.""
    },
    {
      ""child"": ""spank plugin"",
      ""parent"": ""other_hpc"",
      ""justification"": ""The SPANK plugin is a specific Slurm component that provides X11 display support for allocated compute nodes.""
    },
    {
      ""child"": ""xclock"",
      ""parent"": ""other_hpc"",
      ""justification"": ""xclock is a specific command used to display a"
137,doc_5755,doc_5755_chunk_0030,.patch,patch file,.patch is a specific type of patch file used in HPC context.,"{
  ""is_a_edges"": [
    {
      ""child"": "".patch"",
      ""parent"": ""patch file"",
      ""justification"": "".patch is a specific type of patch file used in HPC context.""
    },
    {
      ""child"": ""example.patch"",
      ""parent"": "".patch"",
      ""justification"": ""example.patch is a specific instance of a .patch file.""
    },
    {
      ""child"": ""commit"",
      ""parent"": ""other_hpc"",
      ""justification"": ""Commit is a specific type of resource or concept in the context of HPC.""
    },
    {
      ""child"": ""url"",
      ""parent"": ""other_hpc"",
      ""justification"": ""URL is a specific type of resource or concept in the context of HPC.""
    },
    {
      ""child"": ""source tarball"",
      ""parent"": ""other_hpc"",
      ""justification"": ""Source tarball is a specific type of resource or concept in the context of HPC.""
    },
    {
      ""child"": """
138,doc_5755,doc_5755_chunk_0030,example.patch,.patch,example.patch is a specific instance of a .patch file.,"{
  ""is_a_edges"": [
    {
      ""child"": "".patch"",
      ""parent"": ""patch file"",
      ""justification"": "".patch is a specific type of patch file used in HPC context.""
    },
    {
      ""child"": ""example.patch"",
      ""parent"": "".patch"",
      ""justification"": ""example.patch is a specific instance of a .patch file.""
    },
    {
      ""child"": ""commit"",
      ""parent"": ""other_hpc"",
      ""justification"": ""Commit is a specific type of resource or concept in the context of HPC.""
    },
    {
      ""child"": ""url"",
      ""parent"": ""other_hpc"",
      ""justification"": ""URL is a specific type of resource or concept in the context of HPC.""
    },
    {
      ""child"": ""source tarball"",
      ""parent"": ""other_hpc"",
      ""justification"": ""Source tarball is a specific type of resource or concept in the context of HPC.""
    },
    {
      ""child"": """
139,doc_5755,doc_5755_chunk_0035,slurm_showq,showq,"slurm_showq is a wrapper for the showq command, specifically designed for SLURM clusters.","{
  ""is_a_edges"": [
    {
      ""child"": ""slurm_showq"",
      ""parent"": ""command"",
      ""justification"": ""slurm_showq is a specific command used to display job information in SLURM clusters.""
    },
    {
      ""child"": ""slurm_showq"",
      ""parent"": ""showq"",
      ""justification"": ""slurm_showq is a wrapper for the showq command, specifically designed for SLURM clusters.""
    },
    {
      ""child"": ""slurm environment"",
      ""parent"": ""slurm"",
      ""justification"": ""The Slurm environment refers to the collection of variables and settings specific to the SLURM scheduler.""
    },
    {
      ""child"": ""slurm.conf"",
      ""parent"": ""config_file"",
      ""justification"": ""slurm.conf is a specific configuration file for SLURM containing settings for the depth-oblivious flavor of the fair-share factor.""
    },
    {
      ""child"": ""slurmd"",
      ""parent"": """
140,doc_5755,doc_5755_chunk_0035,slurm environment,slurm,The Slurm environment refers to the collection of variables and settings specific to the SLURM scheduler.,"{
  ""is_a_edges"": [
    {
      ""child"": ""slurm_showq"",
      ""parent"": ""command"",
      ""justification"": ""slurm_showq is a specific command used to display job information in SLURM clusters.""
    },
    {
      ""child"": ""slurm_showq"",
      ""parent"": ""showq"",
      ""justification"": ""slurm_showq is a wrapper for the showq command, specifically designed for SLURM clusters.""
    },
    {
      ""child"": ""slurm environment"",
      ""parent"": ""slurm"",
      ""justification"": ""The Slurm environment refers to the collection of variables and settings specific to the SLURM scheduler.""
    },
    {
      ""child"": ""slurm.conf"",
      ""parent"": ""config_file"",
      ""justification"": ""slurm.conf is a specific configuration file for SLURM containing settings for the depth-oblivious flavor of the fair-share factor.""
    },
    {
      ""child"": ""slurmd"",
      ""parent"": """
141,doc_5755,doc_5755_chunk_0036,c plugin,job submit plugin,C plugins are a specific type of job submit plugin used for custom job submission configurations.,"{
  ""is_a_edges"": [
    {
      ""child"": ""c plugin"",
      ""parent"": ""job submit plugin"",
      ""justification"": ""C plugins are a specific type of job submit plugin used for custom job submission configurations.""
    },
    {
      ""child"": ""LUA script"",
      ""parent"": ""job submit plugin"",
      ""justification"": ""LUA scripts are a specific type of job submit plugin used for custom job submission configurations.""
    },
    {
      ""child"": ""routing queue"",
      ""parent"": ""queue_or_partition"",
      ""justification"": ""Routing queue is a specific type of queue in SLURM that directs jobs to specific partitions or resources based on certain criteria.""
    },
    {
      ""child"": ""slurm 23.02"",
      ""parent"": ""scheduler"",
      ""justification"": ""Slurm 23.02 is a specific version of the SLURM scheduler.""
    },
    {
      ""child"": ""slurm 23.11"",
      ""parent"": ""scheduler"","
142,doc_5755,doc_5755_chunk_0041,slurmd_oom_adj,oom_adj,slurmd_oom_adj is a specific oom_adj configuration parameter for the slurmd daemon.,"{
  ""is_a_edges"": [
    {
      ""child"": ""slurmd_oom_adj"",
      ""parent"": ""oom_adj"",
      ""justification"": ""slurmd_oom_adj is a specific oom_adj configuration parameter for the slurmd daemon.""
    },
    {
      ""child"": ""slurmstepd_oom_adj"",
      ""parent"": ""oom_adj"",
      ""justification"": ""slurmstepd_oom_adj is a specific oom_adj configuration parameter for the slurmstepd daemon.""
    },
    {
      ""child"": ""snowflake"",
      ""parent"": ""queue_or_partition"",
      ""justification"": ""Snowflake is a specific cluster or partition in SLURM.""
    },
    {
      ""child"": ""slurm commands"",
      ""parent"": ""other_hpc"",
      ""justification"": ""Slurm commands are a specific type of HPC-related commands.""
    },
    {
      ""child"": ""slurmd"",
      ""parent"": ""scheduler"
143,doc_5755,doc_5755_chunk_0041,slurmstepd_oom_adj,oom_adj,slurmstepd_oom_adj is a specific oom_adj configuration parameter for the slurmstepd daemon.,"{
  ""is_a_edges"": [
    {
      ""child"": ""slurmd_oom_adj"",
      ""parent"": ""oom_adj"",
      ""justification"": ""slurmd_oom_adj is a specific oom_adj configuration parameter for the slurmd daemon.""
    },
    {
      ""child"": ""slurmstepd_oom_adj"",
      ""parent"": ""oom_adj"",
      ""justification"": ""slurmstepd_oom_adj is a specific oom_adj configuration parameter for the slurmstepd daemon.""
    },
    {
      ""child"": ""snowflake"",
      ""parent"": ""queue_or_partition"",
      ""justification"": ""Snowflake is a specific cluster or partition in SLURM.""
    },
    {
      ""child"": ""slurm commands"",
      ""parent"": ""other_hpc"",
      ""justification"": ""Slurm commands are a specific type of HPC-related commands.""
    },
    {
      ""child"": ""slurmd"",
      ""parent"": ""scheduler"
144,doc_5755,doc_5755_chunk_0042,head node,node,The head node is a specific type of node in a SLURM cluster that runs the slurmctld daemon.,"{
  ""is_a_edges"": [
    {
      ""child"": ""drain"",
      ""parent"": ""command"",
      ""justification"": ""The 'drain' command is a specific type of command used to remove a node from a Slurm cluster.""
    },
    {
      ""child"": ""head node"",
      ""parent"": ""node"",
      ""justification"": ""The head node is a specific type of node in a SLURM cluster that runs the slurmctld daemon.""
    },
    {
      ""child"": ""job"",
      ""parent"": ""resource"",
      ""justification"": ""A job is a unit of work submitted to an HPC scheduler for execution, which is a type of resource.""
    },
    {
      ""child"": ""node"",
      ""parent"": ""resource"",
      ""justification"": ""A node is a compute resource in an HPC system where jobs can run, which is a more specific type of resource.""
    },
    {
      ""child"": ""restart"",
      ""parent"": ""command"",
      ""justification"": ""The 're"
145,doc_5755,doc_5755_chunk_0047,full-system job,large jobs,Full-system jobs are a specific type of large jobs that require exclusive access to the entire HPC system.,"{
  ""is_a_edges"": [
    {
      ""child"": ""full-system job"",
      ""parent"": ""large jobs"",
      ""justification"": ""Full-system jobs are a specific type of large jobs that require exclusive access to the entire HPC system.""
    },
    {
      ""child"": ""gang scheduling"",
      ""parent"": ""scheduler"",
      ""justification"": ""Gang scheduling is a specific scheduling mode in SLURM that allows multiple jobs to share a compute resource and be time-sliced.""
    },
    {
      ""child"": ""head node"",
      ""parent"": ""other_hpc"",
      ""justification"": ""The head node is a specific node in a SLURM cluster that runs the slurmctld daemon, managing job submission, scheduling, and allocation.""
    },
    {
      ""child"": ""job suspend/resume"",
      ""parent"": ""other_hpc"",
      ""justification"": ""Job suspend/resume is a feature in SLURM that allows users to pause and resume running jobs, facilitating the initiation of large jobs"
146,doc_5755,doc_5755_chunk_0048,scontrol hold,scontrol,scontrol hold is a specific command under the scontrol command.,"{
  ""is_a_edges"": [
    {
      ""child"": ""scontrol hold"",
      ""parent"": ""scontrol"",
      ""justification"": ""scontrol hold is a specific command under the scontrol command.""
    },
    {
      ""child"": ""scontrol release"",
      ""parent"": ""scontrol"",
      ""justification"": ""scontrol release is a specific command under the scontrol command.""
    },
    {
      ""child"": ""scontrol update"",
      ""parent"": ""scontrol"",
      ""justification"": ""scontrol update is a specific command under the scontrol command.""
    },
    {
      ""child"": ""sigstop"",
      ""parent"": ""other_hpc"",
      ""justification"": ""sigstop is a specific signal used in HPC systems.""
    },
    {
      ""child"": ""sigcont"",
      ""parent"": ""other_hpc"",
      ""justification"": ""sigcont is a specific signal used in HPC systems.""
    },
    {
      ""child"": ""squeue -tpd"",
      ""parent"":"
147,doc_5755,doc_5755_chunk_0048,scontrol release,scontrol,scontrol release is a specific command under the scontrol command.,"{
  ""is_a_edges"": [
    {
      ""child"": ""scontrol hold"",
      ""parent"": ""scontrol"",
      ""justification"": ""scontrol hold is a specific command under the scontrol command.""
    },
    {
      ""child"": ""scontrol release"",
      ""parent"": ""scontrol"",
      ""justification"": ""scontrol release is a specific command under the scontrol command.""
    },
    {
      ""child"": ""scontrol update"",
      ""parent"": ""scontrol"",
      ""justification"": ""scontrol update is a specific command under the scontrol command.""
    },
    {
      ""child"": ""sigstop"",
      ""parent"": ""other_hpc"",
      ""justification"": ""sigstop is a specific signal used in HPC systems.""
    },
    {
      ""child"": ""sigcont"",
      ""parent"": ""other_hpc"",
      ""justification"": ""sigcont is a specific signal used in HPC systems.""
    },
    {
      ""child"": ""squeue -tpd"",
      ""parent"":"
148,doc_5755,doc_5755_chunk_0048,scontrol update,scontrol,scontrol update is a specific command under the scontrol command.,"{
  ""is_a_edges"": [
    {
      ""child"": ""scontrol hold"",
      ""parent"": ""scontrol"",
      ""justification"": ""scontrol hold is a specific command under the scontrol command.""
    },
    {
      ""child"": ""scontrol release"",
      ""parent"": ""scontrol"",
      ""justification"": ""scontrol release is a specific command under the scontrol command.""
    },
    {
      ""child"": ""scontrol update"",
      ""parent"": ""scontrol"",
      ""justification"": ""scontrol update is a specific command under the scontrol command.""
    },
    {
      ""child"": ""sigstop"",
      ""parent"": ""other_hpc"",
      ""justification"": ""sigstop is a specific signal used in HPC systems.""
    },
    {
      ""child"": ""sigcont"",
      ""parent"": ""other_hpc"",
      ""justification"": ""sigcont is a specific signal used in HPC systems.""
    },
    {
      ""child"": ""squeue -tpd"",
      ""parent"":"
149,doc_5755,doc_5755_chunk_0050,cgroup plugin,process tracking plugin,The cgroup plugin is a specific process tracking plugin in SLURM that relies on a kernel patch for reliable identification.,"{
  ""is_a_edges"": [
    {
      ""child"": ""cgroup plugin"",
      ""parent"": ""process tracking plugin"",
      ""justification"": ""The cgroup plugin is a specific process tracking plugin in SLURM that relies on a kernel patch for reliable identification.""
    },
    {
      ""child"": ""epilogslurmctld"",
      ""parent"": ""scheduler"",
      ""justification"": ""EpilogSlurmctld is a component of Slurmctld, a scheduler in SLURM.""
    },
    {
      ""child"": ""exitme"",
      ""parent"": ""other_hpc"",
      ""justification"": ""exitme is a script example in SLURM documentation that demonstrates setting a specific exit code based on a condition.""
    },
    {
      ""child"": ""job exit value"",
      ""parent"": ""job_state"",
      ""justification"": ""The job exit value is a specific state of a job in SLURM, indicating the status of the job's execution.""
    },
    {
      ""child"": ""job"
150,doc_5755,doc_5755_chunk_0053,job's namespace,namespace,The job's namespace is a specific type of namespace created by the Slurm scheduler for a job.,"{
  ""is_a_edges"": [
    {
      ""child"": ""job's namespace"",
      ""parent"": ""namespace"",
      ""justification"": ""The job's namespace is a specific type of namespace created by the Slurm scheduler for a job.""
    },
    {
      ""child"": ""tmpfs plugin"",
      ""parent"": ""plugin"",
      ""justification"": ""The tmpfs plugin is a specific type of plugin that creates a temporary filesystem for jobs.""
    },
    {
      ""child"": ""initialization script"",
      ""parent"": ""initialization script"",
      ""justification"": ""The initialization script provided by the plugin is a specific type of initialization script used for site-specific customization.""
    },
    {
      ""child"": ""/storage"",
      ""parent"": ""log_or_state_path"",
      ""justification"": ""/storage is a specific filesystem location used by the Slurm tmpfs plugin to store temporary files and namespaces for jobs.""
    },
    {
      ""child"": ""/tmp"",
      ""parent"": ""other_hpc"",
      ""just"
151,doc_5755,doc_5755_chunk_0053,tmpfs plugin,plugin,The tmpfs plugin is a specific type of plugin that creates a temporary filesystem for jobs.,"{
  ""is_a_edges"": [
    {
      ""child"": ""job's namespace"",
      ""parent"": ""namespace"",
      ""justification"": ""The job's namespace is a specific type of namespace created by the Slurm scheduler for a job.""
    },
    {
      ""child"": ""tmpfs plugin"",
      ""parent"": ""plugin"",
      ""justification"": ""The tmpfs plugin is a specific type of plugin that creates a temporary filesystem for jobs.""
    },
    {
      ""child"": ""initialization script"",
      ""parent"": ""initialization script"",
      ""justification"": ""The initialization script provided by the plugin is a specific type of initialization script used for site-specific customization.""
    },
    {
      ""child"": ""/storage"",
      ""parent"": ""log_or_state_path"",
      ""justification"": ""/storage is a specific filesystem location used by the Slurm tmpfs plugin to store temporary files and namespaces for jobs.""
    },
    {
      ""child"": ""/tmp"",
      ""parent"": ""other_hpc"",
      ""just"
152,doc_5755,doc_5755_chunk_0060,/sys/class/infiniband,os device features,/sys/class/infiniband is a specific type of OS device feature used for querying Infiniband HCAs.,"{
  ""is_a_edges"": [
    {
      ""child"": ""/sys/class/infiniband"",
      ""parent"": ""os device features"",
      ""justification"": ""/sys/class/infiniband is a specific type of OS device feature used for querying Infiniband HCAs.""
    },
    {
      ""child"": ""/sys/class/net"",
      ""parent"": ""os device features"",
      ""justification"": ""/sys/class/net is a specific type of OS device feature used for querying network interfaces.""
    },
    {
      ""child"": ""compute node"",
      ""parent"": ""node"",
      ""justification"": ""Compute node is a specific type of node where jobs can run in an HPC system.""
    },
    {
      ""child"": ""hwloc api"",
      ""parent"": ""API"",
      ""justification"": ""The hwloc API is a specific API used by PMIx for querying system resources on HPC systems.""
    },
    {
      ""child"": ""node"",
      ""parent"": ""resource"","
153,doc_5755,doc_5755_chunk_0060,/sys/class/net,os device features,/sys/class/net is a specific type of OS device feature used for querying network interfaces.,"{
  ""is_a_edges"": [
    {
      ""child"": ""/sys/class/infiniband"",
      ""parent"": ""os device features"",
      ""justification"": ""/sys/class/infiniband is a specific type of OS device feature used for querying Infiniband HCAs.""
    },
    {
      ""child"": ""/sys/class/net"",
      ""parent"": ""os device features"",
      ""justification"": ""/sys/class/net is a specific type of OS device feature used for querying network interfaces.""
    },
    {
      ""child"": ""compute node"",
      ""parent"": ""node"",
      ""justification"": ""Compute node is a specific type of node where jobs can run in an HPC system.""
    },
    {
      ""child"": ""hwloc api"",
      ""parent"": ""API"",
      ""justification"": ""The hwloc API is a specific API used by PMIx for querying system resources on HPC systems.""
    },
    {
      ""child"": ""node"",
      ""parent"": ""resource"","
154,doc_5755,doc_5755_chunk_0060,compute node,node,Compute node is a specific type of node where jobs can run in an HPC system.,"{
  ""is_a_edges"": [
    {
      ""child"": ""/sys/class/infiniband"",
      ""parent"": ""os device features"",
      ""justification"": ""/sys/class/infiniband is a specific type of OS device feature used for querying Infiniband HCAs.""
    },
    {
      ""child"": ""/sys/class/net"",
      ""parent"": ""os device features"",
      ""justification"": ""/sys/class/net is a specific type of OS device feature used for querying network interfaces.""
    },
    {
      ""child"": ""compute node"",
      ""parent"": ""node"",
      ""justification"": ""Compute node is a specific type of node where jobs can run in an HPC system.""
    },
    {
      ""child"": ""hwloc api"",
      ""parent"": ""API"",
      ""justification"": ""The hwloc API is a specific API used by PMIx for querying system resources on HPC systems.""
    },
    {
      ""child"": ""node"",
      ""parent"": ""resource"","
155,doc_5d35,doc_5d35_chunk_0003,job-specific burst buffer,burst buffer,"Job-specific burst buffers are burst buffers associated with a single component of a heterogeneous job, making them a specific type of burst buffer.","{
  ""is_a_edges"": [
    {
      ""child"": ""job component"",
      ""parent"": ""job"",
      ""justification"": ""Job components are distinct parts of a heterogeneous job, with their own resource allocation and task distribution, making them a specific type of job.""
    },
    {
      ""child"": ""alpha"",
      ""parent"": ""queue_or_partition"",
      ""justification"": ""Alpha is a cluster name used in a heterogeneous job submission, making it a specific type of queue or partition.""
    },
    {
      ""child"": ""beta"",
      ""parent"": ""queue_or_partition"",
      ""justification"": ""Beta is a cluster or environment that can be targeted for heterogeneous job submission, making it a specific type of queue or partition.""
    },
    {
      ""child"": ""job-specific burst buffer"",
      ""parent"": ""burst buffer"",
      ""justification"": ""Job-specific burst buffers are burst buffers associated with a single component of a heterogeneous job, making them a specific type of burst buffer.""
    },
    {
      ""child"":"
156,doc_5d35,doc_5d35_chunk_0004,first job component,job component,The first job component is a specific type of job component that runs first in a heterogeneous job.,"{
  ""is_a_edges"": [
    {
      ""child"": ""first job component"",
      ""parent"": ""job component"",
      ""justification"": ""The first job component is a specific type of job component that runs first in a heterogeneous job.""
    },
    {
      ""child"": ""subsequent job components"",
      ""parent"": ""job component"",
      ""justification"": ""Subsequent job components are a specific type of job components that run after the first job component in a heterogeneous job.""
    },
    {
      ""child"": ""#excluded directive"",
      ""parent"": ""other_hpc"",
      ""justification"": ""#excluded directive is a specific type of directive used in Slurm batch scripts for aiding administrators in writing an interface for the lua plugin.""
    },
    {
      ""child"": ""het_job_id"",
      ""parent"": ""queue_or_partition"",
      ""justification"": ""het_job_id is a specific type of identification number for a heterogeneous job in SLURM, applied to all components of the job and equal to the"
157,doc_5d35,doc_5d35_chunk_0004,subsequent job components,job component,Subsequent job components are a specific type of job components that run after the first job component in a heterogeneous job.,"{
  ""is_a_edges"": [
    {
      ""child"": ""first job component"",
      ""parent"": ""job component"",
      ""justification"": ""The first job component is a specific type of job component that runs first in a heterogeneous job.""
    },
    {
      ""child"": ""subsequent job components"",
      ""parent"": ""job component"",
      ""justification"": ""Subsequent job components are a specific type of job components that run after the first job component in a heterogeneous job.""
    },
    {
      ""child"": ""#excluded directive"",
      ""parent"": ""other_hpc"",
      ""justification"": ""#excluded directive is a specific type of directive used in Slurm batch scripts for aiding administrators in writing an interface for the lua plugin.""
    },
    {
      ""child"": ""het_job_id"",
      ""parent"": ""queue_or_partition"",
      ""justification"": ""het_job_id is a specific type of identification number for a heterogeneous job in SLURM, applied to all components of the job and equal to the"
158,doc_5d35,doc_5d35_chunk_0011,heterogeneous job steps,heterogeneous jobs,"Heterogeneous job steps are a specific type of heterogeneous jobs, where each step is a component with different resource requirements.","{
  ""is_a_edges"": [
    {
      ""child"": ""heterogeneous job steps"",
      ""parent"": ""heterogeneous jobs"",
      ""justification"": ""Heterogeneous job steps are a specific type of heterogeneous jobs, where each step is a component with different resource requirements.""
    },
    {
      ""child"": ""slurm version 20.11"",
      ""parent"": ""other_hpc"",
      ""justification"": ""Slurm version 20.11 is a specific version of the Slurm workload manager, which introduces the ability to request heterogeneous job steps.""
    },
    {
      ""child"": ""srun --multi-prog"",
      ""parent"": ""command"",
      ""justification"": ""srun --multi-prog is a command-line flag used in SLURM to submit a job with multiple programs or tasks that are part of a single job submission.""
    },
    {
      ""child"": ""srun --open-mode"",
      ""parent"": ""command"",
      ""justification"": ""srun --open-mode is a command"
159,doc_5d35,doc_5d35_chunk_0013,component 0,job component,Component 0 is a specific job component in the context of heterogeneous jobs.,"{
  ""is_a_edges"": [
    {
      ""child"": ""component 0"",
      ""parent"": ""job component"",
      ""justification"": ""Component 0 is a specific job component in the context of heterogeneous jobs.""
    },
    {
      ""child"": ""component 1"",
      ""parent"": ""job component"",
      ""justification"": ""Component 1 is a specific job component in the context of heterogeneous jobs.""
    },
    {
      ""child"": ""component 2"",
      ""parent"": ""job component"",
      ""justification"": ""Component 2 is a specific job component in the context of heterogeneous jobs.""
    },
    {
      ""child"": ""expected start time"",
      ""parent"": ""job_state"",
      ""justification"": ""Expected start time is a state related to the scheduling of job components.""
    },
    {
      ""child"": ""first mode"",
      ""parent"": ""scheduler"",
      ""justification"": ""First mode is a strategy used by the backfill scheduler, a major component of the SLURM scheduler."""
160,doc_5d35,doc_5d35_chunk_0013,component 1,job component,Component 1 is a specific job component in the context of heterogeneous jobs.,"{
  ""is_a_edges"": [
    {
      ""child"": ""component 0"",
      ""parent"": ""job component"",
      ""justification"": ""Component 0 is a specific job component in the context of heterogeneous jobs.""
    },
    {
      ""child"": ""component 1"",
      ""parent"": ""job component"",
      ""justification"": ""Component 1 is a specific job component in the context of heterogeneous jobs.""
    },
    {
      ""child"": ""component 2"",
      ""parent"": ""job component"",
      ""justification"": ""Component 2 is a specific job component in the context of heterogeneous jobs.""
    },
    {
      ""child"": ""expected start time"",
      ""parent"": ""job_state"",
      ""justification"": ""Expected start time is a state related to the scheduling of job components.""
    },
    {
      ""child"": ""first mode"",
      ""parent"": ""scheduler"",
      ""justification"": ""First mode is a strategy used by the backfill scheduler, a major component of the SLURM scheduler."""
161,doc_5d35,doc_5d35_chunk_0013,component 2,job component,Component 2 is a specific job component in the context of heterogeneous jobs.,"{
  ""is_a_edges"": [
    {
      ""child"": ""component 0"",
      ""parent"": ""job component"",
      ""justification"": ""Component 0 is a specific job component in the context of heterogeneous jobs.""
    },
    {
      ""child"": ""component 1"",
      ""parent"": ""job component"",
      ""justification"": ""Component 1 is a specific job component in the context of heterogeneous jobs.""
    },
    {
      ""child"": ""component 2"",
      ""parent"": ""job component"",
      ""justification"": ""Component 2 is a specific job component in the context of heterogeneous jobs.""
    },
    {
      ""child"": ""expected start time"",
      ""parent"": ""job_state"",
      ""justification"": ""Expected start time is a state related to the scheduling of job components.""
    },
    {
      ""child"": ""first mode"",
      ""parent"": ""scheduler"",
      ""justification"": ""First mode is a strategy used by the backfill scheduler, a major component of the SLURM scheduler."""
162,doc_5d35,doc_5d35_chunk_0014,heterogeneous job components,job,"Heterogeneous job components are distinct parts of a job that have different resource requirements, and each component is treated as a separate 'job' for resource allocation purposes.","{
  ""is_a_edges"": [
    {
      ""child"": ""heterogeneous job components"",
      ""parent"": ""job"",
      ""justification"": ""Heterogeneous job components are distinct parts of a job that have different resource requirements, and each component is treated as a separate 'job' for resource allocation purposes.""
    },
    {
      ""child"": ""whole core"",
      ""parent"": ""resource"",
      ""justification"": ""A 'whole core' is a specific type of resource, as it refers to a CPU core allocated as a single unit for a job.""
    },
    {
      ""child"": ""resource limits"",
      ""parent"": ""resource"",
      ""justification"": ""Resource limits are constraints applied to resources, and in this context, they are a specific type of resource.""
    }
  ]
}"
163,doc_61ca,doc_61ca_chunk_0001,prep/script plugin,prep plugins,"The prep/script plugin is a specific example of a Slurm prep plugin, serving as a good example for developing additional plugins.","{
  ""is_a_edges"": [
    {
      ""child"": ""prep plugins"",
      ""parent"": ""Slurm plugins"",
      ""justification"": ""Prep plugins are a specific type of Slurm plugins, as they provide native C interfaces for Prolog, Epilog, PrologSlurmctld, and EpilogSlurmctld scripts.""
    },
    {
      ""child"": ""prep/script plugin"",
      ""parent"": ""prep plugins"",
      ""justification"": ""The prep/script plugin is a specific example of a Slurm prep plugin, serving as a good example for developing additional plugins.""
    },
    {
      ""child"": ""plugin_name"",
      ""parent"": ""config_param"",
      ""justification"": ""plugin_name is a configuration parameter used to specify the unique name of a Slurm CLI filter plugin.""
    },
    {
      ""child"": ""plugin_type"",
      ""parent"": ""config_param"",
      ""justification"": ""plugin_type is a configuration parameter that specifies the minor type of a cli_filter plugin."""
164,doc_61ca,doc_61ca_chunk_0003,prep_p_epilog,prep_p_epilog_slurmctld,"prep_p_epilog is a specific function called within the slurmd as root after all job steps have completed, while prep_p_epilog_slurmctld is a function called within the slurmctld as a job is terminating.","{
  ""is_a_edges"": [
    {
      ""child"": ""prep_p_epilog"",
      ""parent"": ""prep_p_epilog_slurmctld"",
      ""justification"": ""prep_p_epilog is a specific function called within the slurmd as root after all job steps have completed, while prep_p_epilog_slurmctld is a function called within the slurmctld as a job is terminating.""
    },
    {
      ""child"": ""prep_p_prolog"",
      ""parent"": ""prep_p_prolog_slurmctld"",
      ""justification"": ""prep_p_prolog is a function called within the slurmd as root before the first step of a job starts on the compute node, while prep_p_prolog_slurmctld is a function called during slurmctld initialization, used for asynchronous operations with the slurmctld.""
    },
    {
      ""child"": ""slurm_cred_t"",
      ""parent"": ""config_param"","
165,doc_61ca,doc_61ca_chunk_0003,prep_p_prolog,prep_p_prolog_slurmctld,"prep_p_prolog is a function called within the slurmd as root before the first step of a job starts on the compute node, while prep_p_prolog_slurmctld is a function called during slurmctld initialization, used for asynchronous operations with the slurmctld.","{
  ""is_a_edges"": [
    {
      ""child"": ""prep_p_epilog"",
      ""parent"": ""prep_p_epilog_slurmctld"",
      ""justification"": ""prep_p_epilog is a specific function called within the slurmd as root after all job steps have completed, while prep_p_epilog_slurmctld is a function called within the slurmctld as a job is terminating.""
    },
    {
      ""child"": ""prep_p_prolog"",
      ""parent"": ""prep_p_prolog_slurmctld"",
      ""justification"": ""prep_p_prolog is a function called within the slurmd as root before the first step of a job starts on the compute node, while prep_p_prolog_slurmctld is a function called during slurmctld initialization, used for asynchronous operations with the slurmctld.""
    },
    {
      ""child"": ""slurm_cred_t"",
      ""parent"": ""config_param"","
166,doc_62ff,doc_62ff_chunk_0001,slurm,workload management systems,Slurm is a specific workload management system mentioned in the context of HPC environments.,"{
  ""is_a_edges"": [
    {
      ""child"": ""slurm"",
      ""parent"": ""workload management systems"",
      ""justification"": ""Slurm is a specific workload management system mentioned in the context of HPC environments.""
    },
    {
      ""child"": ""lsf"",
      ""parent"": ""workload management systems"",
      ""justification"": ""IBM LSF is a specific workload management system mentioned in the context of HPC environments.""
    },
    {
      ""child"": ""pbs/torque"",
      ""parent"": ""workload management systems"",
      ""justification"": ""PBS/Torque is a specific workload management system mentioned in the context of HPC environments.""
    },
    {
      ""child"": ""sge"",
      ""parent"": ""workload management systems"",
      ""justification"": ""SGE is a specific workload management system mentioned in the context of HPC environments.""
    },
    {
      ""child"": ""loadleveler"",
      ""parent"": ""workload management systems"",
      ""justification"": ""LoadLevel"
167,doc_62ff,doc_62ff_chunk_0001,lsf,workload management systems,IBM LSF is a specific workload management system mentioned in the context of HPC environments.,"{
  ""is_a_edges"": [
    {
      ""child"": ""slurm"",
      ""parent"": ""workload management systems"",
      ""justification"": ""Slurm is a specific workload management system mentioned in the context of HPC environments.""
    },
    {
      ""child"": ""lsf"",
      ""parent"": ""workload management systems"",
      ""justification"": ""IBM LSF is a specific workload management system mentioned in the context of HPC environments.""
    },
    {
      ""child"": ""pbs/torque"",
      ""parent"": ""workload management systems"",
      ""justification"": ""PBS/Torque is a specific workload management system mentioned in the context of HPC environments.""
    },
    {
      ""child"": ""sge"",
      ""parent"": ""workload management systems"",
      ""justification"": ""SGE is a specific workload management system mentioned in the context of HPC environments.""
    },
    {
      ""child"": ""loadleveler"",
      ""parent"": ""workload management systems"",
      ""justification"": ""LoadLevel"
168,doc_62ff,doc_62ff_chunk_0001,pbs/torque,workload management systems,PBS/Torque is a specific workload management system mentioned in the context of HPC environments.,"{
  ""is_a_edges"": [
    {
      ""child"": ""slurm"",
      ""parent"": ""workload management systems"",
      ""justification"": ""Slurm is a specific workload management system mentioned in the context of HPC environments.""
    },
    {
      ""child"": ""lsf"",
      ""parent"": ""workload management systems"",
      ""justification"": ""IBM LSF is a specific workload management system mentioned in the context of HPC environments.""
    },
    {
      ""child"": ""pbs/torque"",
      ""parent"": ""workload management systems"",
      ""justification"": ""PBS/Torque is a specific workload management system mentioned in the context of HPC environments.""
    },
    {
      ""child"": ""sge"",
      ""parent"": ""workload management systems"",
      ""justification"": ""SGE is a specific workload management system mentioned in the context of HPC environments.""
    },
    {
      ""child"": ""loadleveler"",
      ""parent"": ""workload management systems"",
      ""justification"": ""LoadLevel"
169,doc_62ff,doc_62ff_chunk_0001,sge,workload management systems,SGE is a specific workload management system mentioned in the context of HPC environments.,"{
  ""is_a_edges"": [
    {
      ""child"": ""slurm"",
      ""parent"": ""workload management systems"",
      ""justification"": ""Slurm is a specific workload management system mentioned in the context of HPC environments.""
    },
    {
      ""child"": ""lsf"",
      ""parent"": ""workload management systems"",
      ""justification"": ""IBM LSF is a specific workload management system mentioned in the context of HPC environments.""
    },
    {
      ""child"": ""pbs/torque"",
      ""parent"": ""workload management systems"",
      ""justification"": ""PBS/Torque is a specific workload management system mentioned in the context of HPC environments.""
    },
    {
      ""child"": ""sge"",
      ""parent"": ""workload management systems"",
      ""justification"": ""SGE is a specific workload management system mentioned in the context of HPC environments.""
    },
    {
      ""child"": ""loadleveler"",
      ""parent"": ""workload management systems"",
      ""justification"": ""LoadLevel"
170,doc_62ff,doc_62ff_chunk_0001,loadleveler,workload management systems,,"{
  ""is_a_edges"": [
    {
      ""child"": ""slurm"",
      ""parent"": ""workload management systems"",
      ""justification"": ""Slurm is a specific workload management system mentioned in the context of HPC environments.""
    },
    {
      ""child"": ""lsf"",
      ""parent"": ""workload management systems"",
      ""justification"": ""IBM LSF is a specific workload management system mentioned in the context of HPC environments.""
    },
    {
      ""child"": ""pbs/torque"",
      ""parent"": ""workload management systems"",
      ""justification"": ""PBS/Torque is a specific workload management system mentioned in the context of HPC environments.""
    },
    {
      ""child"": ""sge"",
      ""parent"": ""workload management systems"",
      ""justification"": ""SGE is a specific workload management system mentioned in the context of HPC environments.""
    },
    {
      ""child"": ""loadleveler"",
      ""parent"": ""workload management systems"",
      ""justification"": ""LoadLevel"
171,doc_6722,doc_6722_chunk_0001,burst buffer states,job states,Burst buffer states are specific job states related to the lifecycle of a job using Burst Buffer plugins.,"{
  ""is_a_edges"": [
    {
      ""child"": ""burst buffer states"",
      ""parent"": ""job states"",
      ""justification"": ""Burst buffer states are specific job states related to the lifecycle of a job using Burst Buffer plugins.""
    },
    {
      ""child"": ""pre-run"",
      ""parent"": ""job states"",
      ""justification"": ""Pre-run is a specific job state where the job has been scheduled but has not started running yet.""
    },
    {
      ""child"": ""stage-in"",
      ""parent"": ""other_hpc"",
      ""justification"": ""Stage-in is a specific operation called by the slurmctld node during the lifetime of a job.""
    },
    {
      ""child"": ""status commands"",
      ""parent"": ""other_hpc"",
      ""justification"": ""Status commands are specific scripts called at various stages of a job's lifetime by Slurm burst buffer plugins.""
    },
    {
      ""child"": ""symbol replacement"",
      ""parent"": ""other_hpc"",
      """
172,doc_6722,doc_6722_chunk_0001,pre-run,job states,Pre-run is a specific job state where the job has been scheduled but has not started running yet.,"{
  ""is_a_edges"": [
    {
      ""child"": ""burst buffer states"",
      ""parent"": ""job states"",
      ""justification"": ""Burst buffer states are specific job states related to the lifecycle of a job using Burst Buffer plugins.""
    },
    {
      ""child"": ""pre-run"",
      ""parent"": ""job states"",
      ""justification"": ""Pre-run is a specific job state where the job has been scheduled but has not started running yet.""
    },
    {
      ""child"": ""stage-in"",
      ""parent"": ""other_hpc"",
      ""justification"": ""Stage-in is a specific operation called by the slurmctld node during the lifetime of a job.""
    },
    {
      ""child"": ""status commands"",
      ""parent"": ""other_hpc"",
      ""justification"": ""Status commands are specific scripts called at various stages of a job's lifetime by Slurm burst buffer plugins.""
    },
    {
      ""child"": ""symbol replacement"",
      ""parent"": ""other_hpc"",
      """
173,doc_6722,doc_6722_chunk_0002,burst buffers,resources,Burst buffers are a specific type of high-performance storage resources used on HPC systems.,"{
  ""is_a_edges"": [
    {
      ""child"": ""burst buffers"",
      ""parent"": ""resources"",
      ""justification"": ""Burst buffers are a specific type of high-performance storage resources used on HPC systems.""
    },
    {
      ""child"": ""persistent storage"",
      ""parent"": ""resources"",
      ""justification"": ""Persistent storage is a specific type of long-term storage solution for data generated by jobs.""
    },
    {
      ""child"": ""temporary storage"",
      ""parent"": ""resources"",
      ""justification"": ""Temporary storage is a specific type of storage resources used for staging files during a job's lifetime.""
    },
    {
      ""child"": ""job states"",
      ""parent"": ""job_state"",
      ""justification"": ""Job States refer to the various stages a job goes through during its lifecycle on an HPC system.""
    },
    {
      ""child"": ""job submission commands"",
      ""parent"": ""other_hpc"",
      ""justification"": ""Job Submission Commands is a"
174,doc_6722,doc_6722_chunk_0002,persistent storage,resources,Persistent storage is a specific type of long-term storage solution for data generated by jobs.,"{
  ""is_a_edges"": [
    {
      ""child"": ""burst buffers"",
      ""parent"": ""resources"",
      ""justification"": ""Burst buffers are a specific type of high-performance storage resources used on HPC systems.""
    },
    {
      ""child"": ""persistent storage"",
      ""parent"": ""resources"",
      ""justification"": ""Persistent storage is a specific type of long-term storage solution for data generated by jobs.""
    },
    {
      ""child"": ""temporary storage"",
      ""parent"": ""resources"",
      ""justification"": ""Temporary storage is a specific type of storage resources used for staging files during a job's lifetime.""
    },
    {
      ""child"": ""job states"",
      ""parent"": ""job_state"",
      ""justification"": ""Job States refer to the various stages a job goes through during its lifecycle on an HPC system.""
    },
    {
      ""child"": ""job submission commands"",
      ""parent"": ""other_hpc"",
      ""justification"": ""Job Submission Commands is a"
175,doc_6722,doc_6722_chunk_0002,temporary storage,resources,Temporary storage is a specific type of storage resources used for staging files during a job's lifetime.,"{
  ""is_a_edges"": [
    {
      ""child"": ""burst buffers"",
      ""parent"": ""resources"",
      ""justification"": ""Burst buffers are a specific type of high-performance storage resources used on HPC systems.""
    },
    {
      ""child"": ""persistent storage"",
      ""parent"": ""resources"",
      ""justification"": ""Persistent storage is a specific type of long-term storage solution for data generated by jobs.""
    },
    {
      ""child"": ""temporary storage"",
      ""parent"": ""resources"",
      ""justification"": ""Temporary storage is a specific type of storage resources used for staging files during a job's lifetime.""
    },
    {
      ""child"": ""job states"",
      ""parent"": ""job_state"",
      ""justification"": ""Job States refer to the various stages a job goes through during its lifecycle on an HPC system.""
    },
    {
      ""child"": ""job submission commands"",
      ""parent"": ""other_hpc"",
      ""justification"": ""Job Submission Commands is a"
176,doc_6722,doc_6722_chunk_0003,burst_buffer/datawarp,burst buffer plugin,burst_buffer/datawarp is a specific burst buffer plugin in SLURM.,"{
  ""is_a_edges"": [
    {
      ""child"": ""burst buffer plugin"",
      ""parent"": ""other_hpc"",
      ""justification"": ""The burst buffer plugin is a specific type of HPC-related component.""
    },
    {
      ""child"": ""burst buffer resources"",
      ""parent"": ""resource"",
      ""justification"": ""Burst buffer resources are a specific type of resources used for high-speed intermediate storage.""
    },
    {
      ""child"": ""burst_buffer.conf"",
      ""parent"": ""config_file"",
      ""justification"": ""burst_buffer.conf is a specific configuration file for Slurm's Burst Buffer plugin.""
    },
    {
      ""child"": ""burst_buffer/datawarp"",
      ""parent"": ""burst buffer plugin"",
      ""justification"": ""burst_buffer/datawarp is a specific burst buffer plugin in SLURM.""
    },
    {
      ""child"": ""burst_buffer/lua"",
      ""parent"": ""burst buffer plugin"",
      """
177,doc_6722,doc_6722_chunk_0003,burst_buffer/lua,burst buffer plugin,,"{
  ""is_a_edges"": [
    {
      ""child"": ""burst buffer plugin"",
      ""parent"": ""other_hpc"",
      ""justification"": ""The burst buffer plugin is a specific type of HPC-related component.""
    },
    {
      ""child"": ""burst buffer resources"",
      ""parent"": ""resource"",
      ""justification"": ""Burst buffer resources are a specific type of resources used for high-speed intermediate storage.""
    },
    {
      ""child"": ""burst_buffer.conf"",
      ""parent"": ""config_file"",
      ""justification"": ""burst_buffer.conf is a specific configuration file for Slurm's Burst Buffer plugin.""
    },
    {
      ""child"": ""burst_buffer/datawarp"",
      ""parent"": ""burst buffer plugin"",
      ""justification"": ""burst_buffer/datawarp is a specific burst buffer plugin in SLURM.""
    },
    {
      ""child"": ""burst_buffer/lua"",
      ""parent"": ""burst buffer plugin"",
      """
178,doc_6722,doc_6722_chunk_0004,burst_buffer/lua,burst_buffer,burst_buffer/lua is a specific implementation of the burst buffer resource using Lua scripting.,"{
  ""is_a_edges"": [
    {
      ""child"": ""burst_buffer"",
      ""parent"": ""resource"",
      ""justification"": ""Burst buffer is a specific type of resource used for high-performance storage layer in SLURM systems.""
    },
    {
      ""child"": ""burst_buffer/lua"",
      ""parent"": ""burst_buffer"",
      ""justification"": ""burst_buffer/lua is a specific implementation of the burst buffer resource using Lua scripting.""
    },
    {
      ""child"": ""burstbuffertype"",
      ""parent"": ""config_param"",
      ""justification"": ""burstbuffertype is a specific configuration parameter for setting the type of Burst Buffer plugin in SLURM.""
    },
    {
      ""child"": ""dwstat"",
      ""parent"": ""other_hpc"",
      ""justification"": ""dwstat is a specific script called by the Slurm burst_buffer/datawarp plugin to get status information.""
    },
    {
      ""child"": ""slurm.conf"","
179,doc_6722,doc_6722_chunk_0006,pool space,scalar quantity,"Pool space is a specific type of scalar quantity, representing the amount of storage allocated to a Burst Buffer pool.","{
  ""is_a_edges"": [
    {
      ""child"": ""job request"",
      ""parent"": ""job_state"",
      ""justification"": ""A job request is a specific type of job state, representing a submission of a job to the scheduler for execution.""
    },
    {
      ""child"": ""pool space"",
      ""parent"": ""scalar quantity"",
      ""justification"": ""Pool space is a specific type of scalar quantity, representing the amount of storage allocated to a Burst Buffer pool.""
    },
    {
      ""child"": ""burst buffer API"",
      ""parent"": ""other_hpc"",
      ""justification"": ""The burst buffer API is a specific type of other HPC concept, providing a programmatic interface for managing burst buffer resource pools and their allocation for jobs.""
    },
    {
      ""child"": ""burst buffer"",
      ""parent"": ""resource"",
      ""justification"": ""A burst buffer is a specific type of resource, used on SLURM systems to stage or absorb I/O for data-intensive jobs.""
    },
    {
      ""child"
180,doc_6722,doc_6722_chunk_0008,job request,job submission commands,"A job request is a submission of a job to the scheduler for execution, which is a specific action described in the job submission commands.","{
  ""is_a_edges"": [
    {
      ""child"": ""job request"",
      ""parent"": ""job submission commands"",
      ""justification"": ""A job request is a submission of a job to the scheduler for execution, which is a specific action described in the job submission commands.""
    },
    {
      ""child"": ""1000 units"",
      ""parent"": ""resource"",
      ""justification"": ""1000 units is a quantity of resources requested by a job from a burst buffer pool, which is a specific type of resource.""
    },
    {
      ""child"": ""burst buffer stages"",
      ""parent"": ""job's life cycle"",
      ""justification"": ""Burst buffer stages are specific points in a job's life cycle where burst buffer operations occur, as described in the Overview section.""
    },
    {
      ""child"": ""specific directive"",
      ""parent"": ""command-line job options"",
      ""justification"": ""A specific directive is a comment in a job script that specifies burst buffer requirements for SLURM or LSF jobs using plugins like"
181,doc_6722,doc_6722_chunk_0008,burst buffer stages,job's life cycle,"Burst buffer stages are specific points in a job's life cycle where burst buffer operations occur, as described in the Overview section.","{
  ""is_a_edges"": [
    {
      ""child"": ""job request"",
      ""parent"": ""job submission commands"",
      ""justification"": ""A job request is a submission of a job to the scheduler for execution, which is a specific action described in the job submission commands.""
    },
    {
      ""child"": ""1000 units"",
      ""parent"": ""resource"",
      ""justification"": ""1000 units is a quantity of resources requested by a job from a burst buffer pool, which is a specific type of resource.""
    },
    {
      ""child"": ""burst buffer stages"",
      ""parent"": ""job's life cycle"",
      ""justification"": ""Burst buffer stages are specific points in a job's life cycle where burst buffer operations occur, as described in the Overview section.""
    },
    {
      ""child"": ""specific directive"",
      ""parent"": ""command-line job options"",
      ""justification"": ""A specific directive is a comment in a job script that specifies burst buffer requirements for SLURM or LSF jobs using plugins like"
182,doc_6722,doc_6722_chunk_0008,specific directive,command-line job options,,"{
  ""is_a_edges"": [
    {
      ""child"": ""job request"",
      ""parent"": ""job submission commands"",
      ""justification"": ""A job request is a submission of a job to the scheduler for execution, which is a specific action described in the job submission commands.""
    },
    {
      ""child"": ""1000 units"",
      ""parent"": ""resource"",
      ""justification"": ""1000 units is a quantity of resources requested by a job from a burst buffer pool, which is a specific type of resource.""
    },
    {
      ""child"": ""burst buffer stages"",
      ""parent"": ""job's life cycle"",
      ""justification"": ""Burst buffer stages are specific points in a job's life cycle where burst buffer operations occur, as described in the Overview section.""
    },
    {
      ""child"": ""specific directive"",
      ""parent"": ""command-line job options"",
      ""justification"": ""A specific directive is a comment in a job script that specifies burst buffer requirements for SLURM or LSF jobs using plugins like"
183,doc_6722,doc_6722_chunk_0009,burst buffer script,job script,The burst buffer script is a specific type of job script that performs validation for the Burst Buffer resource.,".g., resource → resource)
- both child and parent are exact terms from the provided list

CORRECT_JSON:
{
  ""is_a_edges"": [
    {
      ""child"": ""burst buffer script"",
      ""parent"": ""job script"",
      ""justification"": ""The burst buffer script is a specific type of job script that performs validation for the Burst Buffer resource.""
    },
    {
      ""child"": ""capacity"",
      ""parent"": ""size"",
      ""justification"": ""Capacity is a specific type of size used to request space from a burst buffer resource pool.""
    },
    {
      ""child"": ""cray api"",
      ""parent"": ""slurm api"",
      ""justification"": ""The Cray API is a specific implementation of the Slurm API that supports both IEC/SI and SI units.""
    },
    {
      ""child"": ""directive"",
      ""parent"": ""config_param"",
      ""justification"": ""A directive is a specific type of configuration parameter used in job scripts for Slurm.""
    },
    {
      ""child"":"
184,doc_6722,doc_6722_chunk_0009,capacity,size,Capacity is a specific type of size used to request space from a burst buffer resource pool.,".g., resource → resource)
- both child and parent are exact terms from the provided list

CORRECT_JSON:
{
  ""is_a_edges"": [
    {
      ""child"": ""burst buffer script"",
      ""parent"": ""job script"",
      ""justification"": ""The burst buffer script is a specific type of job script that performs validation for the Burst Buffer resource.""
    },
    {
      ""child"": ""capacity"",
      ""parent"": ""size"",
      ""justification"": ""Capacity is a specific type of size used to request space from a burst buffer resource pool.""
    },
    {
      ""child"": ""cray api"",
      ""parent"": ""slurm api"",
      ""justification"": ""The Cray API is a specific implementation of the Slurm API that supports both IEC/SI and SI units.""
    },
    {
      ""child"": ""directive"",
      ""parent"": ""config_param"",
      ""justification"": ""A directive is a specific type of configuration parameter used in job scripts for Slurm.""
    },
    {
      ""child"":"
185,doc_6722,doc_6722_chunk_0009,cray api,slurm api,The Cray API is a specific implementation of the Slurm API that supports both IEC/SI and SI units.,".g., resource → resource)
- both child and parent are exact terms from the provided list

CORRECT_JSON:
{
  ""is_a_edges"": [
    {
      ""child"": ""burst buffer script"",
      ""parent"": ""job script"",
      ""justification"": ""The burst buffer script is a specific type of job script that performs validation for the Burst Buffer resource.""
    },
    {
      ""child"": ""capacity"",
      ""parent"": ""size"",
      ""justification"": ""Capacity is a specific type of size used to request space from a burst buffer resource pool.""
    },
    {
      ""child"": ""cray api"",
      ""parent"": ""slurm api"",
      ""justification"": ""The Cray API is a specific implementation of the Slurm API that supports both IEC/SI and SI units.""
    },
    {
      ""child"": ""directive"",
      ""parent"": ""config_param"",
      ""justification"": ""A directive is a specific type of configuration parameter used in job scripts for Slurm.""
    },
    {
      ""child"":"
186,doc_6722,doc_6722_chunk_0011,burst buffer pools,burst buffer resources,"Burst buffer pools are optional storage resources in HPC systems that can be requested by jobs for high-performance I/O operations, and they are a type of burst buffer resource.","{
  ""is_a_edges"": [
    {
      ""child"": ""burst buffer stages"",
      ""parent"": ""resource"",
      ""justification"": ""Burst buffer stages are specific points in a job's life cycle where burst buffer operations occur, and they are a type of resource.""
    },
    {
      ""child"": ""burst buffer pools"",
      ""parent"": ""burst buffer resources"",
      ""justification"": ""Burst buffer pools are optional storage resources in HPC systems that can be requested by jobs for high-performance I/O operations, and they are a type of burst buffer resource.""
    },
    {
      ""child"": ""burst buffer"",
      ""parent"": ""resource"",
      ""justification"": ""A burst buffer is a high-performance storage layer used on SLURM systems to stage or absorb I/O for data-intensive jobs, and it is a type of resource.""
    },
    {
      ""child"": ""burst_buffer.conf"",
      ""parent"": ""config_file"",
      ""justification"": ""burst_buffer.conf is"
187,doc_6722,doc_6722_chunk_0015,allocated buffers,burst,Allocated Buffers are a specific type of resources within the Burst storage layer.,"<</ASSISTANT>
{
  ""is_a_edges"": [
    {
      ""child"": ""allocated buffers"",
      ""parent"": ""burst"",
      ""justification"": ""Allocated Buffers are a specific type of resources within the Burst storage layer.""
    },
    {
      ""child"": ""datawarp plugin"",
      ""parent"": ""other_hpc"",
      ""justification"": ""The datawarp plugin is a specific HPC-related concept that provides high-performance storage for heterogeneous jobs.""
    },
    {
      ""child"": ""defaultpool"",
      ""parent"": ""config_param"",
      ""justification"": ""defaultpool is a specific configuration parameter in the Burst Buffer plugin.""
    },
    {
      ""child"": ""granularity"",
      ""parent"": ""config_param"",
      ""justification"": ""Granularity is a specific configuration parameter in the Burst Buffer plugin.""
    },
    {
      ""child"": ""jobid"",
      ""parent"": ""queue_or_partition"",
      ""justification"": """
188,doc_6722,doc_6722_chunk_0017,burstbufferstagein,burst buffer,,"{
  ""is_a_edges"": [
    {
      ""child"": ""alloc-revoke"",
      ""parent"": ""job_state"",
      ""justification"": ""The alloc-revoke state is a specific job state that occurs due to a failure in the select plugin.""
    },
    {
      ""child"": ""allocated resources"",
      ""parent"": ""resource"",
      ""justification"": ""Allocated resources are a specific type of resources assigned to a job after it has been scheduled.""
    },
    {
      ""child"": ""allocating"",
      ""parent"": ""job_state"",
      ""justification"": ""The 'allocating' state refers to a job that is currently being allocated resources for execution.""
    },
    {
      ""child"": ""burst buffer"",
      ""parent"": ""resource"",
      ""justification"": ""Burst Buffer is a specific type of high-performance storage layer used on HPC systems.""
    },
    {
      ""child"": ""burstbufferstagein"",
      ""parent"": ""burst buffer"",
      ""justification"": ""BurstBufferStageIn"
189,doc_6722,doc_6722_chunk_0019,pending,job state,"The 'pending' job state is a specific state that a job can be in, waiting to be scheduled and executed.","{
  ""is_a_edges"": [
    {
      ""child"": ""pending"",
      ""parent"": ""job state"",
      ""justification"": ""The 'pending' job state is a specific state that a job can be in, waiting to be scheduled and executed.""
    },
    {
      ""child"": ""post-run"",
      ""parent"": ""job state"",
      ""justification"": ""The 'post-run' state is a specific state that a job enters after it has completed its execution.""
    },
    {
      ""child"": ""pre-run"",
      ""parent"": ""job state"",
      ""justification"": ""The 'pre-run' state is a specific state that a job enters after it has been scheduled but has not started running yet.""
    },
    {
      ""child"": ""staging-in"",
      ""parent"": ""job state"",
      ""justification"": ""The 'staging-in' state is a specific transitional state in SLURM's burst buffer management.""
    },
    {
      ""child"": ""staging-out"",
      ""parent"": ""job"
190,doc_6722,doc_6722_chunk_0019,post-run,job state,The 'post-run' state is a specific state that a job enters after it has completed its execution.,"{
  ""is_a_edges"": [
    {
      ""child"": ""pending"",
      ""parent"": ""job state"",
      ""justification"": ""The 'pending' job state is a specific state that a job can be in, waiting to be scheduled and executed.""
    },
    {
      ""child"": ""post-run"",
      ""parent"": ""job state"",
      ""justification"": ""The 'post-run' state is a specific state that a job enters after it has completed its execution.""
    },
    {
      ""child"": ""pre-run"",
      ""parent"": ""job state"",
      ""justification"": ""The 'pre-run' state is a specific state that a job enters after it has been scheduled but has not started running yet.""
    },
    {
      ""child"": ""staging-in"",
      ""parent"": ""job state"",
      ""justification"": ""The 'staging-in' state is a specific transitional state in SLURM's burst buffer management.""
    },
    {
      ""child"": ""staging-out"",
      ""parent"": ""job"
191,doc_6722,doc_6722_chunk_0019,pre-run,job state,The 'pre-run' state is a specific state that a job enters after it has been scheduled but has not started running yet.,"{
  ""is_a_edges"": [
    {
      ""child"": ""pending"",
      ""parent"": ""job state"",
      ""justification"": ""The 'pending' job state is a specific state that a job can be in, waiting to be scheduled and executed.""
    },
    {
      ""child"": ""post-run"",
      ""parent"": ""job state"",
      ""justification"": ""The 'post-run' state is a specific state that a job enters after it has completed its execution.""
    },
    {
      ""child"": ""pre-run"",
      ""parent"": ""job state"",
      ""justification"": ""The 'pre-run' state is a specific state that a job enters after it has been scheduled but has not started running yet.""
    },
    {
      ""child"": ""staging-in"",
      ""parent"": ""job state"",
      ""justification"": ""The 'staging-in' state is a specific transitional state in SLURM's burst buffer management.""
    },
    {
      ""child"": ""staging-out"",
      ""parent"": ""job"
192,doc_6722,doc_6722_chunk_0019,staging-in,job state,The 'staging-in' state is a specific transitional state in SLURM's burst buffer management.,"{
  ""is_a_edges"": [
    {
      ""child"": ""pending"",
      ""parent"": ""job state"",
      ""justification"": ""The 'pending' job state is a specific state that a job can be in, waiting to be scheduled and executed.""
    },
    {
      ""child"": ""post-run"",
      ""parent"": ""job state"",
      ""justification"": ""The 'post-run' state is a specific state that a job enters after it has completed its execution.""
    },
    {
      ""child"": ""pre-run"",
      ""parent"": ""job state"",
      ""justification"": ""The 'pre-run' state is a specific state that a job enters after it has been scheduled but has not started running yet.""
    },
    {
      ""child"": ""staging-in"",
      ""parent"": ""job state"",
      ""justification"": ""The 'staging-in' state is a specific transitional state in SLURM's burst buffer management.""
    },
    {
      ""child"": ""staging-out"",
      ""parent"": ""job"
193,doc_6b88,doc_6b88_chunk_0002,nginx,authenticating proxy,,"{
  ""is_a_edges"": [
    {
      ""child"": ""authenticating proxy"",
      ""parent"": ""proxy"",
      ""justification"": ""Authenticating proxy is a specific type of proxy used for JWT authentication and access control in SLURM.""
    },
    {
      ""child"": ""proxied authentication system"",
      ""parent"": ""authentication system"",
      ""justification"": ""Proxied authentication system is a specific type of authentication system that divides up trust and implements site-specific policies for JWT-based authentication.""
    },
    {
      ""child"": ""external jwt generation"",
      ""parent"": ""jwt generation"",
      ""justification"": ""External jwt generation is a specific method for creating JSON Web Tokens (JWTs) for authentication and access control in the context of the SLURM scheduler.""
    },
    {
      ""child"": ""nginx"",
      ""parent"": ""authenticating proxy"",
      ""justification"": ""Nginx is a specific authenticating proxy that can be used to authenticate jobs and pass authentication tokens to the scheduler"
194,doc_6b88,doc_6b88_chunk_0007,expiration time,seconds,Expiration time is a specific use of the 'seconds' unit in the context of SLURM job scripts.,"{
  ""is_a_edges"": [
    {
      ""child"": ""expiration time"",
      ""parent"": ""seconds"",
      ""justification"": ""Expiration time is a specific use of the 'seconds' unit in the context of SLURM job scripts.""
    },
    {
      ""child"": ""iat"",
      ""parent"": ""time"",
      ""justification"": ""Iat refers to a specific timestamp in the context of SLURM job scripts.""
    },
    {
      ""child"": ""slurm_jwt"",
      ""parent"": ""config_param"",
      ""justification"": ""Slurm_jwt is a specific configuration parameter for enabling JWT authentication in SLURM commands.""
    },
    {
      ""child"": ""priv_key"",
      ""parent"": ""log_or_state_path"",
      ""justification"": ""Priv_key is a specific log or state file path for the private key used in JWT authentication.""
    },
    {
      ""child"": ""signing_key"",
      ""parent"": ""config_file"",
      ""justification"": """
195,doc_6b88,doc_6b88_chunk_0007,iat,time,Iat refers to a specific timestamp in the context of SLURM job scripts.,"{
  ""is_a_edges"": [
    {
      ""child"": ""expiration time"",
      ""parent"": ""seconds"",
      ""justification"": ""Expiration time is a specific use of the 'seconds' unit in the context of SLURM job scripts.""
    },
    {
      ""child"": ""iat"",
      ""parent"": ""time"",
      ""justification"": ""Iat refers to a specific timestamp in the context of SLURM job scripts.""
    },
    {
      ""child"": ""slurm_jwt"",
      ""parent"": ""config_param"",
      ""justification"": ""Slurm_jwt is a specific configuration parameter for enabling JWT authentication in SLURM commands.""
    },
    {
      ""child"": ""priv_key"",
      ""parent"": ""log_or_state_path"",
      ""justification"": ""Priv_key is a specific log or state file path for the private key used in JWT authentication.""
    },
    {
      ""child"": ""signing_key"",
      ""parent"": ""config_file"",
      ""justification"": """
196,doc_732b,doc_732b_chunk_0004,pam_slurm_adopt,pam module,pam_slurm_adopt is a specific PAM module used for managing administrative access in SLURM.,"{
  ""is_a_edges"": [
    {
      ""child"": ""pam_slurm_adopt"",
      ""parent"": ""pam module"",
      ""justification"": ""pam_slurm_adopt is a specific PAM module used for managing administrative access in SLURM.""
    },
    {
      ""child"": ""root user"",
      ""parent"": ""user_role"",
      ""justification"": ""The root user is a specific user role with administrative privileges on an HPC system.""
    }
  ]
}"
197,doc_732b,doc_732b_chunk_0005,groupfile,file,groupfile is a specific type of file used for configuring user or group membership in the pam_listfile module.,"{
  ""is_a_edges"": [
    {
      ""child"": ""groupfile"",
      ""parent"": ""file"",
      ""justification"": ""groupfile is a specific type of file used for configuring user or group membership in the pam_listfile module.""
    },
    {
      ""child"": ""optionname"",
      ""parent"": ""config_param"",
      ""justification"": ""optionname is a specific configuration parameter for the pam_slurm_adopt module, allowing customization of its behavior.""
    },
    {
      ""child"": ""optionvalue"",
      ""parent"": ""config_param"",
      ""justification"": ""optionvalue is a specific configuration parameter for the pam_slurm_adopt module, allowing users to specify custom values for its behavior.""
    },
    {
      ""child"": ""pam_slurm_adopt"",
      ""parent"": ""other_hpc"",
      ""justification"": ""pam_slurm_adopt is a specific plugin for SLURM that allows user applications to adopt the SLURM environment and resources.""
    },
    {"
198,doc_732b,doc_732b_chunk_0006,job's step_extern cgroup,cgroup directories,The job's step_extern cgroup is a specific type of cgroup directory associated with a job step in SLURM.,"{
  ""is_a_edges"": [
    {
      ""child"": ""job's step_extern cgroup"",
      ""parent"": ""cgroup directories"",
      ""justification"": ""The job's step_extern cgroup is a specific type of cgroup directory associated with a job step in SLURM.""
    },
    {
      ""child"": ""cgroup/v1"",
      ""parent"": ""resource"",
      ""justification"": ""cgroup/v1 is a specific resource concept used for resource reservation and management in HPC systems.""
    },
    {
      ""child"": ""cgroup/v2"",
      ""parent"": ""resource"",
      ""justification"": ""cgroup/v2 is a specific resource concept related to container management and resource isolation on HPC systems.""
    },
    {
      ""child"": ""memory cgroup"",
      ""parent"": ""resource"",
      ""justification"": ""Memory cgroup is a specific resource container used in HPC systems to manage and limit the memory usage of jobs on a node.""
    },
    {
      ""child"": ""job"
199,doc_732b,doc_732b_chunk_0010,connectto,unix_stream_socket,The 'connectto' rule is a specific type of access rule for Unix stream sockets.,"{
  ""is_a_edges"": [
    {
      ""child"": ""connectto"",
      ""parent"": ""unix_stream_socket"",
      ""justification"": ""The 'connectto' rule is a specific type of access rule for Unix stream sockets.""
    },
    {
      ""child"": ""initrc_var_run_t"",
      ""parent"": ""type enforcement file"",
      ""justification"": ""initrc_var_run_t is a specific type of SELinux type enforcement file used in Slurm.""
    },
    {
      ""child"": ""pam_slurm_adopt"",
      ""parent"": ""plugin"",
      ""justification"": ""pam_slurm_adopt is a specific plugin for SLURM that allows user applications to adopt the SLURM environment and resources.""
    },
    {
      ""child"": ""permissions"",
      ""parent"": ""access control"",
      ""justification"": ""Permissions in SLURM refer to a specific type of access control for filesystem resources.""
    },
    {
      ""child"": ""process adoption"","
200,doc_7425,doc_7425_chunk_0024,cpus_per_node,nodes,"cpus_per_node is a resource parameter that specifies the number of CPU cores per node, which is a part of the node resource.","{
  ""is_a_edges"": [
    {
      ""child"": ""cpus_per_node"",
      ""parent"": ""nodes"",
      ""justification"": ""cpus_per_node is a resource parameter that specifies the number of CPU cores per node, which is a part of the node resource.""
    },
    {
      ""child"": ""cpus_per_socket"",
      ""parent"": ""cpus_per_node"",
      ""justification"": ""cpus_per_socket is a more specific resource parameter that defines the number of CPU cores within a single socket, which is a part of the cpus_per_node.""
    },
    {
      ""child"": ""memory_per_cpu"",
      ""parent"": ""memory_per_node"",
      ""justification"": ""memory_per_cpu is a resource parameter that specifies the memory allocated per CPU, which is a part of the memory_per_node.""
    },
    {
      ""child"": ""mem_per_cpu"",
      ""parent"": ""memory_per_cpu"",
      ""justification"": ""mem_"
201,doc_7425,doc_7425_chunk_0024,cpus_per_socket,cpus_per_node,"cpus_per_socket is a more specific resource parameter that defines the number of CPU cores within a single socket, which is a part of the cpus_per_node.","{
  ""is_a_edges"": [
    {
      ""child"": ""cpus_per_node"",
      ""parent"": ""nodes"",
      ""justification"": ""cpus_per_node is a resource parameter that specifies the number of CPU cores per node, which is a part of the node resource.""
    },
    {
      ""child"": ""cpus_per_socket"",
      ""parent"": ""cpus_per_node"",
      ""justification"": ""cpus_per_socket is a more specific resource parameter that defines the number of CPU cores within a single socket, which is a part of the cpus_per_node.""
    },
    {
      ""child"": ""memory_per_cpu"",
      ""parent"": ""memory_per_node"",
      ""justification"": ""memory_per_cpu is a resource parameter that specifies the memory allocated per CPU, which is a part of the memory_per_node.""
    },
    {
      ""child"": ""mem_per_cpu"",
      ""parent"": ""memory_per_cpu"",
      ""justification"": ""mem_"
202,doc_7425,doc_7425_chunk_0024,mem_per_cpu,memory_per_cpu,,"{
  ""is_a_edges"": [
    {
      ""child"": ""cpus_per_node"",
      ""parent"": ""nodes"",
      ""justification"": ""cpus_per_node is a resource parameter that specifies the number of CPU cores per node, which is a part of the node resource.""
    },
    {
      ""child"": ""cpus_per_socket"",
      ""parent"": ""cpus_per_node"",
      ""justification"": ""cpus_per_socket is a more specific resource parameter that defines the number of CPU cores within a single socket, which is a part of the cpus_per_node.""
    },
    {
      ""child"": ""memory_per_cpu"",
      ""parent"": ""memory_per_node"",
      ""justification"": ""memory_per_cpu is a resource parameter that specifies the memory allocated per CPU, which is a part of the memory_per_node.""
    },
    {
      ""child"": ""mem_per_cpu"",
      ""parent"": ""memory_per_cpu"",
      ""justification"": ""mem_"
203,doc_7425,doc_7425_chunk_0030,dbv0.0.38_qos,qos,dbv0.0.38_qos is a specific queue or partition name in an unknown HPC scheduler.,"{
  ""is_a_edges"": [
    {
      ""child"": ""dbv0.0.38_qos"",
      ""parent"": ""qos"",
      ""justification"": ""dbv0.0.38_qos is a specific queue or partition name in an unknown HPC scheduler.""
    },
    {
      ""child"": ""dbv0.0.38_user"",
      ""parent"": ""user"",
      ""justification"": ""dbv0.0.38_user is a specific configuration parameter representing a user in an unknown HPC scheduler.""
    },
    {
      ""child"": ""diag"",
      ""parent"": ""config_file"",
      ""justification"": ""diag is a configuration file or schema related to HPC system monitoring or diagnostics.""
    },
    {
      ""child"": ""het"",
      ""parent"": ""config_param"",
      ""justification"": ""het is a configuration parameter related to job management in an HPC system.""
    },
    {
      ""child"": ""job_id"",
      ""parent"": ""job_"
204,doc_7425,doc_7425_chunk_0030,dbv0.0.38_user,user,dbv0.0.38_user is a specific configuration parameter representing a user in an unknown HPC scheduler.,"{
  ""is_a_edges"": [
    {
      ""child"": ""dbv0.0.38_qos"",
      ""parent"": ""qos"",
      ""justification"": ""dbv0.0.38_qos is a specific queue or partition name in an unknown HPC scheduler.""
    },
    {
      ""child"": ""dbv0.0.38_user"",
      ""parent"": ""user"",
      ""justification"": ""dbv0.0.38_user is a specific configuration parameter representing a user in an unknown HPC scheduler.""
    },
    {
      ""child"": ""diag"",
      ""parent"": ""config_file"",
      ""justification"": ""diag is a configuration file or schema related to HPC system monitoring or diagnostics.""
    },
    {
      ""child"": ""het"",
      ""parent"": ""config_param"",
      ""justification"": ""het is a configuration parameter related to job management in an HPC system.""
    },
    {
      ""child"": ""job_id"",
      ""parent"": ""job_"
205,doc_7940,doc_7940_chunk_0006,siblingsactiveraw,squeue output,siblingsactiveraw is a field in the squeue output that provides information about federated sibling jobs.,"{
  ""is_a_edges"": [
    {
      ""child"": ""siblingsactiveraw"",
      ""parent"": ""squeue output"",
      ""justification"": ""siblingsactiveraw is a field in the squeue output that provides information about federated sibling jobs.""
    },
    {
      ""child"": ""siblingsviable"",
      ""parent"": ""siblingsviableraw"",
      ""justification"": ""siblingsviable is a concept related to siblingsviableraw, as it refers to the cluster names where federated sibling jobs are viable to run.""
    },
    {
      ""child"": ""siblingsviableraw"",
      ""parent"": ""squeue output"",
      ""justification"": ""siblingsviableraw is a parameter in SLURM's squeue command that shows the cluster names of where federated sibling jobs are viable to run.""
    },
    {
      ""child"": ""squeue"",
      ""parent"": ""status commands"",
      ""justification"": ""squeue is a command used to display the status of"
206,doc_7940,doc_7940_chunk_0006,siblingsviable,siblingsviableraw,"siblingsviable is a concept related to siblingsviableraw, as it refers to the cluster names where federated sibling jobs are viable to run.","{
  ""is_a_edges"": [
    {
      ""child"": ""siblingsactiveraw"",
      ""parent"": ""squeue output"",
      ""justification"": ""siblingsactiveraw is a field in the squeue output that provides information about federated sibling jobs.""
    },
    {
      ""child"": ""siblingsviable"",
      ""parent"": ""siblingsviableraw"",
      ""justification"": ""siblingsviable is a concept related to siblingsviableraw, as it refers to the cluster names where federated sibling jobs are viable to run.""
    },
    {
      ""child"": ""siblingsviableraw"",
      ""parent"": ""squeue output"",
      ""justification"": ""siblingsviableraw is a parameter in SLURM's squeue command that shows the cluster names of where federated sibling jobs are viable to run.""
    },
    {
      ""child"": ""squeue"",
      ""parent"": ""status commands"",
      ""justification"": ""squeue is a command used to display the status of"
207,doc_7940,doc_7940_chunk_0006,siblingsviableraw,squeue output,siblingsviableraw is a parameter in SLURM's squeue command that shows the cluster names of where federated sibling jobs are viable to run.,"{
  ""is_a_edges"": [
    {
      ""child"": ""siblingsactiveraw"",
      ""parent"": ""squeue output"",
      ""justification"": ""siblingsactiveraw is a field in the squeue output that provides information about federated sibling jobs.""
    },
    {
      ""child"": ""siblingsviable"",
      ""parent"": ""siblingsviableraw"",
      ""justification"": ""siblingsviable is a concept related to siblingsviableraw, as it refers to the cluster names where federated sibling jobs are viable to run.""
    },
    {
      ""child"": ""siblingsviableraw"",
      ""parent"": ""squeue output"",
      ""justification"": ""siblingsviableraw is a parameter in SLURM's squeue command that shows the cluster names of where federated sibling jobs are viable to run.""
    },
    {
      ""child"": ""squeue"",
      ""parent"": ""status commands"",
      ""justification"": ""squeue is a command used to display the status of"
208,doc_7940,doc_7940_chunk_0006,squeue,status commands,,"{
  ""is_a_edges"": [
    {
      ""child"": ""siblingsactiveraw"",
      ""parent"": ""squeue output"",
      ""justification"": ""siblingsactiveraw is a field in the squeue output that provides information about federated sibling jobs.""
    },
    {
      ""child"": ""siblingsviable"",
      ""parent"": ""siblingsviableraw"",
      ""justification"": ""siblingsviable is a concept related to siblingsviableraw, as it refers to the cluster names where federated sibling jobs are viable to run.""
    },
    {
      ""child"": ""siblingsviableraw"",
      ""parent"": ""squeue output"",
      ""justification"": ""siblingsviableraw is a parameter in SLURM's squeue command that shows the cluster names of where federated sibling jobs are viable to run.""
    },
    {
      ""child"": ""squeue"",
      ""parent"": ""status commands"",
      ""justification"": ""squeue is a command used to display the status of"
209,doc_7940,doc_7940_chunk_0008,active sibling,federated job,An active sibling is a specific state of a federated job that is actively being scheduled and running on a cluster in the federation.,"{
  ""is_a_edges"": [
    {
      ""child"": ""active sibling"",
      ""parent"": ""federated job"",
      ""justification"": ""An active sibling is a specific state of a federated job that is actively being scheduled and running on a cluster in the federation.""
    },
    {
      ""child"": ""origin cluster"",
      ""parent"": ""federation"",
      ""justification"": ""The origin cluster is a specific component of a federation, being the cluster where a federated job was originally submitted.""
    },
    {
      ""child"": ""origin cluster id"",
      ""parent"": ""job id"",
      ""justification"": ""The origin cluster id is a specific type of job id, representing the unique identifier for the cluster where a federated job was originally submitted.""
    },
    {
      ""child"": ""local job id"",
      ""parent"": ""job id"",
      ""justification"": ""Local job id is a specific type of job id, used to identify a job within a specific SLURM cluster.""
    },
    {
      ""child"": ""sibling"
210,doc_7940,doc_7940_chunk_0008,origin cluster,federation,"The origin cluster is a specific component of a federation, being the cluster where a federated job was originally submitted.","{
  ""is_a_edges"": [
    {
      ""child"": ""active sibling"",
      ""parent"": ""federated job"",
      ""justification"": ""An active sibling is a specific state of a federated job that is actively being scheduled and running on a cluster in the federation.""
    },
    {
      ""child"": ""origin cluster"",
      ""parent"": ""federation"",
      ""justification"": ""The origin cluster is a specific component of a federation, being the cluster where a federated job was originally submitted.""
    },
    {
      ""child"": ""origin cluster id"",
      ""parent"": ""job id"",
      ""justification"": ""The origin cluster id is a specific type of job id, representing the unique identifier for the cluster where a federated job was originally submitted.""
    },
    {
      ""child"": ""local job id"",
      ""parent"": ""job id"",
      ""justification"": ""Local job id is a specific type of job id, used to identify a job within a specific SLURM cluster.""
    },
    {
      ""child"": ""sibling"
211,doc_7940,doc_7940_chunk_0008,origin cluster id,job id,"The origin cluster id is a specific type of job id, representing the unique identifier for the cluster where a federated job was originally submitted.","{
  ""is_a_edges"": [
    {
      ""child"": ""active sibling"",
      ""parent"": ""federated job"",
      ""justification"": ""An active sibling is a specific state of a federated job that is actively being scheduled and running on a cluster in the federation.""
    },
    {
      ""child"": ""origin cluster"",
      ""parent"": ""federation"",
      ""justification"": ""The origin cluster is a specific component of a federation, being the cluster where a federated job was originally submitted.""
    },
    {
      ""child"": ""origin cluster id"",
      ""parent"": ""job id"",
      ""justification"": ""The origin cluster id is a specific type of job id, representing the unique identifier for the cluster where a federated job was originally submitted.""
    },
    {
      ""child"": ""local job id"",
      ""parent"": ""job id"",
      ""justification"": ""Local job id is a specific type of job id, used to identify a job within a specific SLURM cluster.""
    },
    {
      ""child"": ""sibling"
212,doc_7940,doc_7940_chunk_0008,local job id,job id,"Local job id is a specific type of job id, used to identify a job within a specific SLURM cluster.","{
  ""is_a_edges"": [
    {
      ""child"": ""active sibling"",
      ""parent"": ""federated job"",
      ""justification"": ""An active sibling is a specific state of a federated job that is actively being scheduled and running on a cluster in the federation.""
    },
    {
      ""child"": ""origin cluster"",
      ""parent"": ""federation"",
      ""justification"": ""The origin cluster is a specific component of a federation, being the cluster where a federated job was originally submitted.""
    },
    {
      ""child"": ""origin cluster id"",
      ""parent"": ""job id"",
      ""justification"": ""The origin cluster id is a specific type of job id, representing the unique identifier for the cluster where a federated job was originally submitted.""
    },
    {
      ""child"": ""local job id"",
      ""parent"": ""job id"",
      ""justification"": ""Local job id is a specific type of job id, used to identify a job within a specific SLURM cluster.""
    },
    {
      ""child"": ""sibling"
213,doc_795e,doc_795e_chunk_0001,dawn,cluster,dawn is a specific cluster managed by a single slurmctld daemon.,"a part of, has a role or function related to, is a constraint or limit on, is an alias, synonym, or trivial renaming of, or is a sibling factor or mode of the parent.

CORRECT_JSON:
{
  ""is_a_edges"": [
    {
      ""child"": ""dawn"",
      ""parent"": ""cluster"",
      ""justification"": ""dawn is a specific cluster managed by a single slurmctld daemon.""
    },
    {
      ""child"": ""dusk"",
      ""parent"": ""cluster"",
      ""justification"": ""dusk is a specific cluster managed by a single slurmctld daemon.""
    },
    {
      ""child"": ""pending jobs"",
      ""parent"": ""job"",
      ""justification"": ""Pending jobs are a specific state of jobs in the SLURM scheduler queue.""
    },
    {
      ""child"": ""running jobs"",
      ""parent"": ""job"",
      ""justification"": ""Running jobs are a specific state of jobs actively being executed on the HPC system.""
    },
    {"
214,doc_795e,doc_795e_chunk_0001,dusk,cluster,dusk is a specific cluster managed by a single slurmctld daemon.,"a part of, has a role or function related to, is a constraint or limit on, is an alias, synonym, or trivial renaming of, or is a sibling factor or mode of the parent.

CORRECT_JSON:
{
  ""is_a_edges"": [
    {
      ""child"": ""dawn"",
      ""parent"": ""cluster"",
      ""justification"": ""dawn is a specific cluster managed by a single slurmctld daemon.""
    },
    {
      ""child"": ""dusk"",
      ""parent"": ""cluster"",
      ""justification"": ""dusk is a specific cluster managed by a single slurmctld daemon.""
    },
    {
      ""child"": ""pending jobs"",
      ""parent"": ""job"",
      ""justification"": ""Pending jobs are a specific state of jobs in the SLURM scheduler queue.""
    },
    {
      ""child"": ""running jobs"",
      ""parent"": ""job"",
      ""justification"": ""Running jobs are a specific state of jobs actively being executed on the HPC system.""
    },
    {"
215,doc_795e,doc_795e_chunk_0001,pending jobs,job,Pending jobs are a specific state of jobs in the SLURM scheduler queue.,"a part of, has a role or function related to, is a constraint or limit on, is an alias, synonym, or trivial renaming of, or is a sibling factor or mode of the parent.

CORRECT_JSON:
{
  ""is_a_edges"": [
    {
      ""child"": ""dawn"",
      ""parent"": ""cluster"",
      ""justification"": ""dawn is a specific cluster managed by a single slurmctld daemon.""
    },
    {
      ""child"": ""dusk"",
      ""parent"": ""cluster"",
      ""justification"": ""dusk is a specific cluster managed by a single slurmctld daemon.""
    },
    {
      ""child"": ""pending jobs"",
      ""parent"": ""job"",
      ""justification"": ""Pending jobs are a specific state of jobs in the SLURM scheduler queue.""
    },
    {
      ""child"": ""running jobs"",
      ""parent"": ""job"",
      ""justification"": ""Running jobs are a specific state of jobs actively being executed on the HPC system.""
    },
    {"
216,doc_795e,doc_795e_chunk_0001,running jobs,job,Running jobs are a specific state of jobs actively being executed on the HPC system.,"a part of, has a role or function related to, is a constraint or limit on, is an alias, synonym, or trivial renaming of, or is a sibling factor or mode of the parent.

CORRECT_JSON:
{
  ""is_a_edges"": [
    {
      ""child"": ""dawn"",
      ""parent"": ""cluster"",
      ""justification"": ""dawn is a specific cluster managed by a single slurmctld daemon.""
    },
    {
      ""child"": ""dusk"",
      ""parent"": ""cluster"",
      ""justification"": ""dusk is a specific cluster managed by a single slurmctld daemon.""
    },
    {
      ""child"": ""pending jobs"",
      ""parent"": ""job"",
      ""justification"": ""Pending jobs are a specific state of jobs in the SLURM scheduler queue.""
    },
    {
      ""child"": ""running jobs"",
      ""parent"": ""job"",
      ""justification"": ""Running jobs are a specific state of jobs actively being executed on the HPC system.""
    },
    {"
217,doc_8186,doc_8186_chunk_0006,third-party authenticating proxy,authenticating proxy,Third-party authenticating proxy is a specific type of authenticating proxy that is external to the system.,"{
  ""is_a_edges"": [
    {
      ""child"": ""third-party authenticating proxy"",
      ""parent"": ""authenticating proxy"",
      ""justification"": ""Third-party authenticating proxy is a specific type of authenticating proxy that is external to the system.""
    },
    {
      ""child"": ""nginx"",
      ""parent"": ""authenticating proxy"",
      ""justification"": ""Nginx is an example of an authenticating proxy used in the context of SLURM.""
    },
    {
      ""child"": ""php"",
      ""parent"": ""authenticating proxy"",
      ""justification"": ""PHP is a programming language used to create an authenticating proxy for SLURM's REST API.""
    },
    {
      ""child"": ""slurmrestd"",
      ""parent"": ""other_hpc"",
      ""justification"": ""slurmrestd is a specific daemon in SLURM that provides a REST API.""
    },
    {
      ""child"": ""x-slurm-user-name"",
      ""parent"": """
218,doc_8186,doc_8186_chunk_0006,nginx,authenticating proxy,Nginx is an example of an authenticating proxy used in the context of SLURM.,"{
  ""is_a_edges"": [
    {
      ""child"": ""third-party authenticating proxy"",
      ""parent"": ""authenticating proxy"",
      ""justification"": ""Third-party authenticating proxy is a specific type of authenticating proxy that is external to the system.""
    },
    {
      ""child"": ""nginx"",
      ""parent"": ""authenticating proxy"",
      ""justification"": ""Nginx is an example of an authenticating proxy used in the context of SLURM.""
    },
    {
      ""child"": ""php"",
      ""parent"": ""authenticating proxy"",
      ""justification"": ""PHP is a programming language used to create an authenticating proxy for SLURM's REST API.""
    },
    {
      ""child"": ""slurmrestd"",
      ""parent"": ""other_hpc"",
      ""justification"": ""slurmrestd is a specific daemon in SLURM that provides a REST API.""
    },
    {
      ""child"": ""x-slurm-user-name"",
      ""parent"": """
219,doc_8186,doc_8186_chunk_0006,php,authenticating proxy,PHP is a programming language used to create an authenticating proxy for SLURM's REST API.,"{
  ""is_a_edges"": [
    {
      ""child"": ""third-party authenticating proxy"",
      ""parent"": ""authenticating proxy"",
      ""justification"": ""Third-party authenticating proxy is a specific type of authenticating proxy that is external to the system.""
    },
    {
      ""child"": ""nginx"",
      ""parent"": ""authenticating proxy"",
      ""justification"": ""Nginx is an example of an authenticating proxy used in the context of SLURM.""
    },
    {
      ""child"": ""php"",
      ""parent"": ""authenticating proxy"",
      ""justification"": ""PHP is a programming language used to create an authenticating proxy for SLURM's REST API.""
    },
    {
      ""child"": ""slurmrestd"",
      ""parent"": ""other_hpc"",
      ""justification"": ""slurmrestd is a specific daemon in SLURM that provides a REST API.""
    },
    {
      ""child"": ""x-slurm-user-name"",
      ""parent"": """
220,doc_85cb,doc_85cb_chunk_0001,local licenses,licenses,Local licenses are a specific type of licenses configured within the slurm.conf file.,"{
  ""is_a_edges"": [
    {
      ""child"": ""local licenses"",
      ""parent"": ""licenses"",
      ""justification"": ""Local licenses are a specific type of licenses configured within the slurm.conf file.""
    },
    {
      ""child"": ""remote licenses"",
      ""parent"": ""licenses"",
      ""justification"": ""Remote licenses are a specific type of licenses configured using the sacctmgr command and managed by the slurmdbd.""
    },
    {
      ""child"": ""licenses option"",
      ""parent"": ""config_param"",
      ""justification"": ""The Licenses option in slurm.conf is a specific configuration parameter used to configure local licenses.""
    },
    {
      ""child"": ""local licenses"",
      ""parent"": ""shared resources"",
      ""justification"": ""Local licenses are shared resources configured within the slurm.conf file.""
    },
    {
      ""child"": ""remote licenses"",
      ""parent"": ""shared resources"",
      ""justification"": ""Remote licenses are shared resources configured using the sacctmgr command and managed by the slurmd"
221,doc_85cb,doc_85cb_chunk_0001,remote licenses,licenses,Remote licenses are a specific type of licenses configured using the sacctmgr command and managed by the slurmdbd.,"{
  ""is_a_edges"": [
    {
      ""child"": ""local licenses"",
      ""parent"": ""licenses"",
      ""justification"": ""Local licenses are a specific type of licenses configured within the slurm.conf file.""
    },
    {
      ""child"": ""remote licenses"",
      ""parent"": ""licenses"",
      ""justification"": ""Remote licenses are a specific type of licenses configured using the sacctmgr command and managed by the slurmdbd.""
    },
    {
      ""child"": ""licenses option"",
      ""parent"": ""config_param"",
      ""justification"": ""The Licenses option in slurm.conf is a specific configuration parameter used to configure local licenses.""
    },
    {
      ""child"": ""local licenses"",
      ""parent"": ""shared resources"",
      ""justification"": ""Local licenses are shared resources configured within the slurm.conf file.""
    },
    {
      ""child"": ""remote licenses"",
      ""parent"": ""shared resources"",
      ""justification"": ""Remote licenses are shared resources configured using the sacctmgr command and managed by the slurmd"
222,doc_85cb,doc_85cb_chunk_0001,local licenses,shared resources,Local licenses are shared resources configured within the slurm.conf file.,"{
  ""is_a_edges"": [
    {
      ""child"": ""local licenses"",
      ""parent"": ""licenses"",
      ""justification"": ""Local licenses are a specific type of licenses configured within the slurm.conf file.""
    },
    {
      ""child"": ""remote licenses"",
      ""parent"": ""licenses"",
      ""justification"": ""Remote licenses are a specific type of licenses configured using the sacctmgr command and managed by the slurmdbd.""
    },
    {
      ""child"": ""licenses option"",
      ""parent"": ""config_param"",
      ""justification"": ""The Licenses option in slurm.conf is a specific configuration parameter used to configure local licenses.""
    },
    {
      ""child"": ""local licenses"",
      ""parent"": ""shared resources"",
      ""justification"": ""Local licenses are shared resources configured within the slurm.conf file.""
    },
    {
      ""child"": ""remote licenses"",
      ""parent"": ""shared resources"",
      ""justification"": ""Remote licenses are shared resources configured using the sacctmgr command and managed by the slurmd"
223,doc_85cb,doc_85cb_chunk_0001,remote licenses,shared resources,,"{
  ""is_a_edges"": [
    {
      ""child"": ""local licenses"",
      ""parent"": ""licenses"",
      ""justification"": ""Local licenses are a specific type of licenses configured within the slurm.conf file.""
    },
    {
      ""child"": ""remote licenses"",
      ""parent"": ""licenses"",
      ""justification"": ""Remote licenses are a specific type of licenses configured using the sacctmgr command and managed by the slurmdbd.""
    },
    {
      ""child"": ""licenses option"",
      ""parent"": ""config_param"",
      ""justification"": ""The Licenses option in slurm.conf is a specific configuration parameter used to configure local licenses.""
    },
    {
      ""child"": ""local licenses"",
      ""parent"": ""shared resources"",
      ""justification"": ""Local licenses are shared resources configured within the slurm.conf file.""
    },
    {
      ""child"": ""remote licenses"",
      ""parent"": ""shared resources"",
      ""justification"": ""Remote licenses are shared resources configured using the sacctmgr command and managed by the slurmd"
224,doc_868e,doc_868e_chunk_0002,acct_gather,slurm configuration file,acct_gather is a specific Slurm configuration file for the acct_gather plugins.,"{
  ""is_a_edges"": [
    {
      ""child"": ""acct_gather"",
      ""parent"": ""slurm configuration file"",
      ""justification"": ""acct_gather is a specific Slurm configuration file for the acct_gather plugins.""
    },
    {
      ""child"": ""burst_buffer"",
      ""parent"": ""resource"",
      ""justification"": ""Burst buffer is a specific type of resource used for high-performance I/O on SLURM systems.""
    },
    {
      ""child"": ""cgroup"",
      ""parent"": ""other_hpc"",
      ""justification"": ""Cgroup is a Linux kernel feature used for job container management and resource control in HPC systems, including SLURM.""
    },
    {
      ""child"": ""gres"",
      ""parent"": ""resource"",
      ""justification"": ""GRES is a specific type of resource associated with a node in SLURM, such as GPUs.""
    },
    {
      ""child"": ""helpers"",
      ""parent"": ""config_file"",
      ""justification"
225,doc_868e,doc_868e_chunk_0003,knl.conf,slurm.conf,knl.conf is a specific configuration file for Intel Knights Landing management within the Slurm configuration file.,"{
  ""is_a_edges"": [
    {
      ""child"": ""knl.conf"",
      ""parent"": ""slurm.conf"",
      ""justification"": ""knl.conf is a specific configuration file for Intel Knights Landing management within the Slurm configuration file.""
    },
    {
      ""child"": ""oci.conf"",
      ""parent"": ""slurm.conf"",
      ""justification"": ""oci.conf is a configuration file required for OCI container support on HPC systems using Slurm, which is part of the overall slurm.conf configuration.""
    },
    {
      ""child"": ""plugstack.conf"",
      ""parent"": ""slurm.conf"",
      ""justification"": ""plugstack.conf is a Slurm configuration file for the SPANK plug-in stack, which is part of the overall slurm.conf configuration.""
    },
    {
      ""child"": ""sackd"",
      ""parent"": ""other_hpc"",
      ""justification"": ""sackd is a Slurm daemon that manages configuration files for a login node, reducing network requests when"
226,doc_868e,doc_868e_chunk_0003,oci.conf,slurm.conf,"oci.conf is a configuration file required for OCI container support on HPC systems using Slurm, which is part of the overall slurm.conf configuration.","{
  ""is_a_edges"": [
    {
      ""child"": ""knl.conf"",
      ""parent"": ""slurm.conf"",
      ""justification"": ""knl.conf is a specific configuration file for Intel Knights Landing management within the Slurm configuration file.""
    },
    {
      ""child"": ""oci.conf"",
      ""parent"": ""slurm.conf"",
      ""justification"": ""oci.conf is a configuration file required for OCI container support on HPC systems using Slurm, which is part of the overall slurm.conf configuration.""
    },
    {
      ""child"": ""plugstack.conf"",
      ""parent"": ""slurm.conf"",
      ""justification"": ""plugstack.conf is a Slurm configuration file for the SPANK plug-in stack, which is part of the overall slurm.conf configuration.""
    },
    {
      ""child"": ""sackd"",
      ""parent"": ""other_hpc"",
      ""justification"": ""sackd is a Slurm daemon that manages configuration files for a login node, reducing network requests when"
227,doc_868e,doc_868e_chunk_0003,plugstack.conf,slurm.conf,"plugstack.conf is a Slurm configuration file for the SPANK plug-in stack, which is part of the overall slurm.conf configuration.","{
  ""is_a_edges"": [
    {
      ""child"": ""knl.conf"",
      ""parent"": ""slurm.conf"",
      ""justification"": ""knl.conf is a specific configuration file for Intel Knights Landing management within the Slurm configuration file.""
    },
    {
      ""child"": ""oci.conf"",
      ""parent"": ""slurm.conf"",
      ""justification"": ""oci.conf is a configuration file required for OCI container support on HPC systems using Slurm, which is part of the overall slurm.conf configuration.""
    },
    {
      ""child"": ""plugstack.conf"",
      ""parent"": ""slurm.conf"",
      ""justification"": ""plugstack.conf is a Slurm configuration file for the SPANK plug-in stack, which is part of the overall slurm.conf configuration.""
    },
    {
      ""child"": ""sackd"",
      ""parent"": ""other_hpc"",
      ""justification"": ""sackd is a Slurm daemon that manages configuration files for a login node, reducing network requests when"
228,doc_868e,doc_868e_chunk_0004,slurm rest api daemon,slurm plug-in architecture,The slurm rest api daemon is a component of the Slurm Plug-in Architecture (SPANK) for providing a REST API.,"{
  ""is_a_edges"": [
    {
      ""child"": ""slurm rest api daemon"",
      ""parent"": ""slurm plug-in architecture"",
      ""justification"": ""The slurm rest api daemon is a component of the Slurm Plug-in Architecture (SPANK) for providing a REST API.""
    },
    {
      ""child"": ""slurmstepd"",
      ""parent"": ""job step manager"",
      ""justification"": ""slurmstepd is the job step manager for Slurm, responsible for managing individual steps within a job.""
    },
    {
      ""child"": ""slurmstepd"",
      ""parent"": ""other_hpc"",
      ""justification"": ""slurmstepd is a program launched by the slurmd daemon on nodes to manage job steps in SLURM, which is an other_hpc concept.""
    },
    {
      ""child"": ""spank"",
      ""parent"": ""other_hpc"",
      ""justification"": ""SPANK is a plugin for SLURM that sets PBS environment variables based on the SL"
229,doc_868e,doc_868e_chunk_0004,slurmstepd,job step manager,"slurmstepd is the job step manager for Slurm, responsible for managing individual steps within a job.","{
  ""is_a_edges"": [
    {
      ""child"": ""slurm rest api daemon"",
      ""parent"": ""slurm plug-in architecture"",
      ""justification"": ""The slurm rest api daemon is a component of the Slurm Plug-in Architecture (SPANK) for providing a REST API.""
    },
    {
      ""child"": ""slurmstepd"",
      ""parent"": ""job step manager"",
      ""justification"": ""slurmstepd is the job step manager for Slurm, responsible for managing individual steps within a job.""
    },
    {
      ""child"": ""slurmstepd"",
      ""parent"": ""other_hpc"",
      ""justification"": ""slurmstepd is a program launched by the slurmd daemon on nodes to manage job steps in SLURM, which is an other_hpc concept.""
    },
    {
      ""child"": ""spank"",
      ""parent"": ""other_hpc"",
      ""justification"": ""SPANK is a plugin for SLURM that sets PBS environment variables based on the SL"
230,doc_8a75,doc_8a75_chunk_0008,slurm_job_gid,slurm_job_id,"SLURM_JOB_GID is a configuration parameter that represents the Group ID of the job's owner, which is a specific attribute of the job ID.","{
  ""is_a_edges"": [
    {
      ""child"": ""slurm_job_gid"",
      ""parent"": ""slurm_job_id"",
      ""justification"": ""SLURM_JOB_GID is a configuration parameter that represents the Group ID of the job's owner, which is a specific attribute of the job ID.""
    },
    {
      ""child"": ""slurm_jobid"",
      ""parent"": ""slurm_job_id"",
      ""justification"": ""SLURM_JOBID is an environment variable that contains the job ID of a SLURM job, which is a specific representation of the job ID.""
    },
    {
      ""child"": ""srunprolog"",
      ""parent"": ""prolog"",
      ""justification"": ""SrunProlog is a SLURM component that allows users to specify custom commands or scripts to run before launching a job, which is a specific type of Prolog.""
    },
    {
      ""child"": ""taskprolog"",
      ""parent"": ""prolog"",
      ""justification"": ""Task"
231,doc_8a75,doc_8a75_chunk_0008,slurm_jobid,slurm_job_id,"SLURM_JOBID is an environment variable that contains the job ID of a SLURM job, which is a specific representation of the job ID.","{
  ""is_a_edges"": [
    {
      ""child"": ""slurm_job_gid"",
      ""parent"": ""slurm_job_id"",
      ""justification"": ""SLURM_JOB_GID is a configuration parameter that represents the Group ID of the job's owner, which is a specific attribute of the job ID.""
    },
    {
      ""child"": ""slurm_jobid"",
      ""parent"": ""slurm_job_id"",
      ""justification"": ""SLURM_JOBID is an environment variable that contains the job ID of a SLURM job, which is a specific representation of the job ID.""
    },
    {
      ""child"": ""srunprolog"",
      ""parent"": ""prolog"",
      ""justification"": ""SrunProlog is a SLURM component that allows users to specify custom commands or scripts to run before launching a job, which is a specific type of Prolog.""
    },
    {
      ""child"": ""taskprolog"",
      ""parent"": ""prolog"",
      ""justification"": ""Task"
232,doc_8a75,doc_8a75_chunk_0008,srunprolog,prolog,"SrunProlog is a SLURM component that allows users to specify custom commands or scripts to run before launching a job, which is a specific type of Prolog.","{
  ""is_a_edges"": [
    {
      ""child"": ""slurm_job_gid"",
      ""parent"": ""slurm_job_id"",
      ""justification"": ""SLURM_JOB_GID is a configuration parameter that represents the Group ID of the job's owner, which is a specific attribute of the job ID.""
    },
    {
      ""child"": ""slurm_jobid"",
      ""parent"": ""slurm_job_id"",
      ""justification"": ""SLURM_JOBID is an environment variable that contains the job ID of a SLURM job, which is a specific representation of the job ID.""
    },
    {
      ""child"": ""srunprolog"",
      ""parent"": ""prolog"",
      ""justification"": ""SrunProlog is a SLURM component that allows users to specify custom commands or scripts to run before launching a job, which is a specific type of Prolog.""
    },
    {
      ""child"": ""taskprolog"",
      ""parent"": ""prolog"",
      ""justification"": ""Task"
233,doc_8a75,doc_8a75_chunk_0008,taskprolog,prolog,,"{
  ""is_a_edges"": [
    {
      ""child"": ""slurm_job_gid"",
      ""parent"": ""slurm_job_id"",
      ""justification"": ""SLURM_JOB_GID is a configuration parameter that represents the Group ID of the job's owner, which is a specific attribute of the job ID.""
    },
    {
      ""child"": ""slurm_jobid"",
      ""parent"": ""slurm_job_id"",
      ""justification"": ""SLURM_JOBID is an environment variable that contains the job ID of a SLURM job, which is a specific representation of the job ID.""
    },
    {
      ""child"": ""srunprolog"",
      ""parent"": ""prolog"",
      ""justification"": ""SrunProlog is a SLURM component that allows users to specify custom commands or scripts to run before launching a job, which is a specific type of Prolog.""
    },
    {
      ""child"": ""taskprolog"",
      ""parent"": ""prolog"",
      ""justification"": ""Task"
234,doc_8a75,doc_8a75_chunk_0012,epilog_slurmctld,prolog_slurmctld,"epilog_slurmctld is a specific type of prolog_slurmctld, as it runs in the epilog phase instead of the prolog phase.","{
  ""is_a_edges"": [
    {
      ""child"": ""epilog_slurmctld"",
      ""parent"": ""prolog_slurmctld"",
      ""justification"": ""epilog_slurmctld is a specific type of prolog_slurmctld, as it runs in the epilog phase instead of the prolog phase.""
    },
    {
      ""child"": ""epilog_slurmd"",
      ""parent"": ""prolog_slurmd"",
      ""justification"": ""epilog_slurmd is a specific type of prolog_slurmd, as it runs in the epilog phase instead of the prolog phase.""
    },
    {
      ""child"": ""epilog_task"",
      ""parent"": ""prolog_task"",
      ""justification"": ""epilog_task is a specific type of prolog_task, as it runs in the epilog phase instead of the prolog phase.""
    },
    {
      ""child"": ""slurm_rlimit_nproc"",
      ""parent"": """
235,doc_8a75,doc_8a75_chunk_0012,epilog_slurmd,prolog_slurmd,"epilog_slurmd is a specific type of prolog_slurmd, as it runs in the epilog phase instead of the prolog phase.","{
  ""is_a_edges"": [
    {
      ""child"": ""epilog_slurmctld"",
      ""parent"": ""prolog_slurmctld"",
      ""justification"": ""epilog_slurmctld is a specific type of prolog_slurmctld, as it runs in the epilog phase instead of the prolog phase.""
    },
    {
      ""child"": ""epilog_slurmd"",
      ""parent"": ""prolog_slurmd"",
      ""justification"": ""epilog_slurmd is a specific type of prolog_slurmd, as it runs in the epilog phase instead of the prolog phase.""
    },
    {
      ""child"": ""epilog_task"",
      ""parent"": ""prolog_task"",
      ""justification"": ""epilog_task is a specific type of prolog_task, as it runs in the epilog phase instead of the prolog phase.""
    },
    {
      ""child"": ""slurm_rlimit_nproc"",
      ""parent"": """
236,doc_8a75,doc_8a75_chunk_0012,epilog_task,prolog_task,"epilog_task is a specific type of prolog_task, as it runs in the epilog phase instead of the prolog phase.","{
  ""is_a_edges"": [
    {
      ""child"": ""epilog_slurmctld"",
      ""parent"": ""prolog_slurmctld"",
      ""justification"": ""epilog_slurmctld is a specific type of prolog_slurmctld, as it runs in the epilog phase instead of the prolog phase.""
    },
    {
      ""child"": ""epilog_slurmd"",
      ""parent"": ""prolog_slurmd"",
      ""justification"": ""epilog_slurmd is a specific type of prolog_slurmd, as it runs in the epilog phase instead of the prolog phase.""
    },
    {
      ""child"": ""epilog_task"",
      ""parent"": ""prolog_task"",
      ""justification"": ""epilog_task is a specific type of prolog_task, as it runs in the epilog phase instead of the prolog phase.""
    },
    {
      ""child"": ""slurm_rlimit_nproc"",
      ""parent"": """
237,doc_8a75,doc_8a75_chunk_0014,compute node,node,A compute node is a specific type of node in an HPC system where jobs can run.,"{
  ""is_a_edges"": [
    {
      ""child"": ""compute node"",
      ""parent"": ""node"",
      ""justification"": ""A compute node is a specific type of node in an HPC system where jobs can run.""
    },
    {
      ""child"": ""parallel job"",
      ""parent"": ""job"",
      ""justification"": ""A parallel job is a specific type of job that runs on multiple processors or nodes simultaneously.""
    },
    {
      ""child"": ""task"",
      ""parent"": ""resource"",
      ""justification"": ""A task is a unit of work executed by a job on one or more nodes in SLURM, represented by an instance of slurmstepd.""
    },
    {
      ""child"": ""srunprolog"",
      ""parent"": ""prolog"",
      ""justification"": ""srunprolog is a specific type of prolog script that runs before launching a job in SLURM.""
    },
    {
      ""child"": ""srunepilog"",
      ""parent"": ""epilog"",
      ""justification"
238,doc_8a75,doc_8a75_chunk_0014,srunprolog,prolog,srunprolog is a specific type of prolog script that runs before launching a job in SLURM.,"{
  ""is_a_edges"": [
    {
      ""child"": ""compute node"",
      ""parent"": ""node"",
      ""justification"": ""A compute node is a specific type of node in an HPC system where jobs can run.""
    },
    {
      ""child"": ""parallel job"",
      ""parent"": ""job"",
      ""justification"": ""A parallel job is a specific type of job that runs on multiple processors or nodes simultaneously.""
    },
    {
      ""child"": ""task"",
      ""parent"": ""resource"",
      ""justification"": ""A task is a unit of work executed by a job on one or more nodes in SLURM, represented by an instance of slurmstepd.""
    },
    {
      ""child"": ""srunprolog"",
      ""parent"": ""prolog"",
      ""justification"": ""srunprolog is a specific type of prolog script that runs before launching a job in SLURM.""
    },
    {
      ""child"": ""srunepilog"",
      ""parent"": ""epilog"",
      ""justification"
239,doc_8a75,doc_8a75_chunk_0014,srunepilog,epilog,,"{
  ""is_a_edges"": [
    {
      ""child"": ""compute node"",
      ""parent"": ""node"",
      ""justification"": ""A compute node is a specific type of node in an HPC system where jobs can run.""
    },
    {
      ""child"": ""parallel job"",
      ""parent"": ""job"",
      ""justification"": ""A parallel job is a specific type of job that runs on multiple processors or nodes simultaneously.""
    },
    {
      ""child"": ""task"",
      ""parent"": ""resource"",
      ""justification"": ""A task is a unit of work executed by a job on one or more nodes in SLURM, represented by an instance of slurmstepd.""
    },
    {
      ""child"": ""srunprolog"",
      ""parent"": ""prolog"",
      ""justification"": ""srunprolog is a specific type of prolog script that runs before launching a job in SLURM.""
    },
    {
      ""child"": ""srunepilog"",
      ""parent"": ""epilog"",
      ""justification"
240,doc_8b12,doc_8b12_chunk_0001,auth/munge,authentication plugin,,"{
  ""is_a_edges"": [
    {
      ""child"": ""slurm"",
      ""parent"": ""scheduler"",
      ""justification"": ""Slurm is a specific type of scheduler, as it is a high-performance workload manager for HPC systems.""
    },
    {
      ""child"": ""slurm workload manager"",
      ""parent"": ""scheduler"",
      ""justification"": ""The Slurm workload manager is a specific type of scheduler, as it is a popular open-source job scheduler used for managing HPC resources.""
    },
    {
      ""child"": ""slurm, lsf, torque"",
      ""parent"": ""scheduler"",
      ""justification"": ""Slurm, LSF, and Torque are specific types of schedulers, as they are popular HPC schedulers used for job management and resource allocation.""
    },
    {
      ""child"": ""auth/munge"",
      ""parent"": ""authentication plugin"",
      ""justification"": ""auth/munge is a specific type of authentication plugin, as it is a configuration parameter in SLURM"
241,doc_8b12,doc_8b12_chunk_0002,psnc drmaa,open grid forum drmaa,psnc drmaa is a specific implementation of the Open Grid Forum DRMAA specification for Slurm.,"{
  ""is_a_edges"": [
    {
      ""child"": ""psnc drmaa"",
      ""parent"": ""open grid forum drmaa"",
      ""justification"": ""psnc drmaa is a specific implementation of the Open Grid Forum DRMAA specification for Slurm.""
    },
    {
      ""child"": ""lua-hostlist"",
      ""parent"": ""hostlist"",
      ""justification"": ""lua-hostlist is a Lua library for manipulating Slurm hostlists, which are a type of resource.""
    },
    {
      ""child"": ""intersection"",
      ""parent"": ""hostlist"",
      ""justification"": ""Intersection is a function used in hostlist manipulation, which is a type of resource.""
    },
    {
      ""child"": ""slurm"",
      ""parent"": ""scheduler"",
      ""justification"": ""Slurm is a high-performance workload manager for HPC systems, which is a type of scheduler.""
    },
    {
      ""child"": ""slurmd"",
      ""parent"": ""scheduler"","
242,doc_8b12,doc_8b12_chunk_0002,lua-hostlist,hostlist,"lua-hostlist is a Lua library for manipulating Slurm hostlists, which are a type of resource.","{
  ""is_a_edges"": [
    {
      ""child"": ""psnc drmaa"",
      ""parent"": ""open grid forum drmaa"",
      ""justification"": ""psnc drmaa is a specific implementation of the Open Grid Forum DRMAA specification for Slurm.""
    },
    {
      ""child"": ""lua-hostlist"",
      ""parent"": ""hostlist"",
      ""justification"": ""lua-hostlist is a Lua library for manipulating Slurm hostlists, which are a type of resource.""
    },
    {
      ""child"": ""intersection"",
      ""parent"": ""hostlist"",
      ""justification"": ""Intersection is a function used in hostlist manipulation, which is a type of resource.""
    },
    {
      ""child"": ""slurm"",
      ""parent"": ""scheduler"",
      ""justification"": ""Slurm is a high-performance workload manager for HPC systems, which is a type of scheduler.""
    },
    {
      ""child"": ""slurmd"",
      ""parent"": ""scheduler"","
243,doc_8b12,doc_8b12_chunk_0002,intersection,hostlist,"Intersection is a function used in hostlist manipulation, which is a type of resource.","{
  ""is_a_edges"": [
    {
      ""child"": ""psnc drmaa"",
      ""parent"": ""open grid forum drmaa"",
      ""justification"": ""psnc drmaa is a specific implementation of the Open Grid Forum DRMAA specification for Slurm.""
    },
    {
      ""child"": ""lua-hostlist"",
      ""parent"": ""hostlist"",
      ""justification"": ""lua-hostlist is a Lua library for manipulating Slurm hostlists, which are a type of resource.""
    },
    {
      ""child"": ""intersection"",
      ""parent"": ""hostlist"",
      ""justification"": ""Intersection is a function used in hostlist manipulation, which is a type of resource.""
    },
    {
      ""child"": ""slurm"",
      ""parent"": ""scheduler"",
      ""justification"": ""Slurm is a high-performance workload manager for HPC systems, which is a type of scheduler.""
    },
    {
      ""child"": ""slurmd"",
      ""parent"": ""scheduler"","
244,doc_8ca0,doc_8ca0_chunk_0001,cloud bursting,power saving,"Cloud bursting is a mechanism that extends the power saving feature in Slurm, allowing nodes to be integrated with cloud providers for processing excess workload.","{
  ""is_a_edges"": [
    {
      ""child"": ""cloud bursting"",
      ""parent"": ""power saving"",
      ""justification"": ""Cloud bursting is a mechanism that extends the power saving feature in Slurm, allowing nodes to be integrated with cloud providers for processing excess workload.""
    },
    {
      ""child"": ""cloud provider"",
      ""parent"": ""other_hpc"",
      ""justification"": ""Cloud providers are a specific type of other HPC resources that Slurm can manage for power saving and cloud bursting.""
    },
    {
      ""child"": ""google cloud platform"",
      ""parent"": ""cloud provider"",
      ""justification"": ""Google Cloud Platform is a specific cloud provider that Slurm can be configured to manage compute resources from.""
    },
    {
      ""child"": ""microsoft azure"",
      ""parent"": ""cloud provider"",
      ""justification"": ""Microsoft Azure is a specific cloud provider that Slurm can manage for power saving and cloud bursting.""
    },
    {
      ""child"": ""amazon web services"",
      ""parent"": ""cloud provider"
245,doc_8ca0,doc_8ca0_chunk_0001,google cloud platform,cloud provider,Google Cloud Platform is a specific cloud provider that Slurm can be configured to manage compute resources from.,"{
  ""is_a_edges"": [
    {
      ""child"": ""cloud bursting"",
      ""parent"": ""power saving"",
      ""justification"": ""Cloud bursting is a mechanism that extends the power saving feature in Slurm, allowing nodes to be integrated with cloud providers for processing excess workload.""
    },
    {
      ""child"": ""cloud provider"",
      ""parent"": ""other_hpc"",
      ""justification"": ""Cloud providers are a specific type of other HPC resources that Slurm can manage for power saving and cloud bursting.""
    },
    {
      ""child"": ""google cloud platform"",
      ""parent"": ""cloud provider"",
      ""justification"": ""Google Cloud Platform is a specific cloud provider that Slurm can be configured to manage compute resources from.""
    },
    {
      ""child"": ""microsoft azure"",
      ""parent"": ""cloud provider"",
      ""justification"": ""Microsoft Azure is a specific cloud provider that Slurm can manage for power saving and cloud bursting.""
    },
    {
      ""child"": ""amazon web services"",
      ""parent"": ""cloud provider"
246,doc_8ca0,doc_8ca0_chunk_0001,microsoft azure,cloud provider,Microsoft Azure is a specific cloud provider that Slurm can manage for power saving and cloud bursting.,"{
  ""is_a_edges"": [
    {
      ""child"": ""cloud bursting"",
      ""parent"": ""power saving"",
      ""justification"": ""Cloud bursting is a mechanism that extends the power saving feature in Slurm, allowing nodes to be integrated with cloud providers for processing excess workload.""
    },
    {
      ""child"": ""cloud provider"",
      ""parent"": ""other_hpc"",
      ""justification"": ""Cloud providers are a specific type of other HPC resources that Slurm can manage for power saving and cloud bursting.""
    },
    {
      ""child"": ""google cloud platform"",
      ""parent"": ""cloud provider"",
      ""justification"": ""Google Cloud Platform is a specific cloud provider that Slurm can be configured to manage compute resources from.""
    },
    {
      ""child"": ""microsoft azure"",
      ""parent"": ""cloud provider"",
      ""justification"": ""Microsoft Azure is a specific cloud provider that Slurm can manage for power saving and cloud bursting.""
    },
    {
      ""child"": ""amazon web services"",
      ""parent"": ""cloud provider"
247,doc_8ca0,doc_8ca0_chunk_0008,node name,node,A node name is a specific identifier for a node in the SLURM cluster.,"{
  ""is_a_edges"": [
    {
      ""child"": ""node name"",
      ""parent"": ""node"",
      ""justification"": ""A node name is a specific identifier for a node in the SLURM cluster.""
    },
    {
      ""child"": ""partition configuration"",
      ""parent"": ""partition"",
      ""justification"": ""Partition configuration refers to the settings and parameters for a specific partition, which is a logical subdivision of a cluster or queue.""
    },
    {
      ""child"": ""powerdownonidle"",
      ""parent"": ""partition configuration"",
      ""justification"": ""PowerDownOnIdle is a specific configuration parameter within partition configuration.""
    },
    {
      ""child"": ""completing"",
      ""parent"": ""job_state"",
      ""justification"": ""The COMPLETING state is a specific job state indicating that a job is terminating.""
    },
    {
      ""child"": ""idle"",
      ""parent"": ""job_state"",
      ""justification"": ""In HPC context, 'idle' refers to a state where a job or"
248,doc_8ca0,doc_8ca0_chunk_0008,partition configuration,partition,"Partition configuration refers to the settings and parameters for a specific partition, which is a logical subdivision of a cluster or queue.","{
  ""is_a_edges"": [
    {
      ""child"": ""node name"",
      ""parent"": ""node"",
      ""justification"": ""A node name is a specific identifier for a node in the SLURM cluster.""
    },
    {
      ""child"": ""partition configuration"",
      ""parent"": ""partition"",
      ""justification"": ""Partition configuration refers to the settings and parameters for a specific partition, which is a logical subdivision of a cluster or queue.""
    },
    {
      ""child"": ""powerdownonidle"",
      ""parent"": ""partition configuration"",
      ""justification"": ""PowerDownOnIdle is a specific configuration parameter within partition configuration.""
    },
    {
      ""child"": ""completing"",
      ""parent"": ""job_state"",
      ""justification"": ""The COMPLETING state is a specific job state indicating that a job is terminating.""
    },
    {
      ""child"": ""idle"",
      ""parent"": ""job_state"",
      ""justification"": ""In HPC context, 'idle' refers to a state where a job or"
249,doc_8ca0,doc_8ca0_chunk_0008,powerdownonidle,partition configuration,PowerDownOnIdle is a specific configuration parameter within partition configuration.,"{
  ""is_a_edges"": [
    {
      ""child"": ""node name"",
      ""parent"": ""node"",
      ""justification"": ""A node name is a specific identifier for a node in the SLURM cluster.""
    },
    {
      ""child"": ""partition configuration"",
      ""parent"": ""partition"",
      ""justification"": ""Partition configuration refers to the settings and parameters for a specific partition, which is a logical subdivision of a cluster or queue.""
    },
    {
      ""child"": ""powerdownonidle"",
      ""parent"": ""partition configuration"",
      ""justification"": ""PowerDownOnIdle is a specific configuration parameter within partition configuration.""
    },
    {
      ""child"": ""completing"",
      ""parent"": ""job_state"",
      ""justification"": ""The COMPLETING state is a specific job state indicating that a job is terminating.""
    },
    {
      ""child"": ""idle"",
      ""parent"": ""job_state"",
      ""justification"": ""In HPC context, 'idle' refers to a state where a job or"
250,doc_8ca0,doc_8ca0_chunk_0013,booting different images,booting,Booting different images is a specific type of booting process that involves starting various images according to job specifications.,"{
  ""is_a_edges"": [
    {
      ""child"": ""booting different images"",
      ""parent"": ""booting"",
      ""justification"": ""Booting different images is a specific type of booting process that involves starting various images according to job specifications.""
    },
    {
      ""child"": ""resumeprogram"",
      ""parent"": ""launching"",
      ""justification"": ""Resumeprogram is a specific type of launching process that SLURM executes when resuming a suspended job.""
    },
    {
      ""child"": ""nodefeaturesplugins"",
      ""parent"": ""config_param"",
      ""justification"": ""NodeFeaturesPlugins is a specific type of configuration parameter used to map images with job specifications in SLURM.""
    },
    {
      ""child"": ""resource allocation request"",
      ""parent"": ""resource"",
      ""justification"": ""A resource allocation request is a specific type of resource that is granted by the scheduler when resources become available.""
    }
  ]
}"
251,doc_8ca0,doc_8ca0_chunk_0013,resumeprogram,launching,Resumeprogram is a specific type of launching process that SLURM executes when resuming a suspended job.,"{
  ""is_a_edges"": [
    {
      ""child"": ""booting different images"",
      ""parent"": ""booting"",
      ""justification"": ""Booting different images is a specific type of booting process that involves starting various images according to job specifications.""
    },
    {
      ""child"": ""resumeprogram"",
      ""parent"": ""launching"",
      ""justification"": ""Resumeprogram is a specific type of launching process that SLURM executes when resuming a suspended job.""
    },
    {
      ""child"": ""nodefeaturesplugins"",
      ""parent"": ""config_param"",
      ""justification"": ""NodeFeaturesPlugins is a specific type of configuration parameter used to map images with job specifications in SLURM.""
    },
    {
      ""child"": ""resource allocation request"",
      ""parent"": ""resource"",
      ""justification"": ""A resource allocation request is a specific type of resource that is granted by the scheduler when resources become available.""
    }
  ]
}"
252,doc_8ca0,doc_8ca0_chunk_0017,/instances,/instance,The /instances path is a collection of /instance paths in the SLURM database.,"{
  ""is_a_edges"": [
    {
      ""child"": ""/instances"",
      ""parent"": ""/instance"",
      ""justification"": ""The /instances path is a collection of /instance paths in the SLURM database.""
    },
    {
      ""child"": ""instanceid"",
      ""parent"": ""/instance"",
      ""justification"": ""instanceid is a specific attribute of an /instance path in the SLURM database.""
    },
    {
      ""child"": ""instancetype"",
      ""parent"": ""resource"",
      ""justification"": ""Instancetype is a specific type of resource attribute in SLURM.""
    },
    {
      ""child"": ""extra"",
      ""parent"": ""job_state"",
      ""justification"": ""Extra is an optional attribute of a job, which can be stored in the SLURM_RESUME_FILE.""
    },
    {
      ""child"": ""sacctmgr"",
      ""parent"": ""command"",
      ""justification"": ""sacctmgr is a specific command-line tool for managing Slurm"
253,doc_8ca0,doc_8ca0_chunk_0017,instanceid,/instance,instanceid is a specific attribute of an /instance path in the SLURM database.,"{
  ""is_a_edges"": [
    {
      ""child"": ""/instances"",
      ""parent"": ""/instance"",
      ""justification"": ""The /instances path is a collection of /instance paths in the SLURM database.""
    },
    {
      ""child"": ""instanceid"",
      ""parent"": ""/instance"",
      ""justification"": ""instanceid is a specific attribute of an /instance path in the SLURM database.""
    },
    {
      ""child"": ""instancetype"",
      ""parent"": ""resource"",
      ""justification"": ""Instancetype is a specific type of resource attribute in SLURM.""
    },
    {
      ""child"": ""extra"",
      ""parent"": ""job_state"",
      ""justification"": ""Extra is an optional attribute of a job, which can be stored in the SLURM_RESUME_FILE.""
    },
    {
      ""child"": ""sacctmgr"",
      ""parent"": ""command"",
      ""justification"": ""sacctmgr is a specific command-line tool for managing Slurm"
254,doc_8e0f,doc_8e0f_chunk_0001,slurm,cluster management,"Slurm is a specific cluster management system, as it is the focus of the provided documentation.","{
  ""is_a_edges"": [
    {
      ""child"": ""slurm"",
      ""parent"": ""cluster management"",
      ""justification"": ""Slurm is a specific cluster management system, as it is the focus of the provided documentation.""
    },
    {
      ""child"": ""slurmctld"",
      ""parent"": ""scheduler"",
      ""justification"": ""slurmctld is a key component of the Slurm scheduler, responsible for managing job records and scheduling jobs.""
    },
    {
      ""child"": ""slurmdbd"",
      ""parent"": ""scheduler"",
      ""justification"": ""slurmdbd is an optional Slurm component that manages job accounting and state information, which is a scheduler function.""
    },
    {
      ""child"": ""slurmrestd"",
      ""parent"": ""other_hpc"",
      ""justification"": ""slurmrestd is a component of the Slurm workload manager that provides a programmatic interface for interacting with Slurm, making it a part of the broader HPC system.""
    },
    {"
255,doc_8f5e,doc_8f5e_chunk_0002,slurm 20.11,slurm,Slurm 20.11 is a specific version of the Slurm workload manager.,"{
  ""is_a_edges"": [
    {
      ""child"": ""slurm 20.11"",
      ""parent"": ""slurm"",
      ""justification"": ""Slurm 20.11 is a specific version of the Slurm workload manager.""
    },
    {
      ""child"": ""slurm 22.05"",
      ""parent"": ""slurm"",
      ""justification"": ""Slurm 22.05 is a specific version of the Slurm workload manager.""
    },
    {
      ""child"": ""slurm 23.11"",
      ""parent"": ""slurm"",
      ""justification"": ""Slurm 23.11 is a specific version of the Slurm workload manager.""
    },
    {
      ""child"": ""incompatible"",
      ""parent"": ""version"",
      ""justification"": ""In SLURM, 'incompatible' refers to versions of the scheduler that cannot be directly upgraded due to potential conflicts or compatibility issues.""
    },
    {
      ""child"": ""unsupported"","
256,doc_8f5e,doc_8f5e_chunk_0002,slurm 22.05,slurm,Slurm 22.05 is a specific version of the Slurm workload manager.,"{
  ""is_a_edges"": [
    {
      ""child"": ""slurm 20.11"",
      ""parent"": ""slurm"",
      ""justification"": ""Slurm 20.11 is a specific version of the Slurm workload manager.""
    },
    {
      ""child"": ""slurm 22.05"",
      ""parent"": ""slurm"",
      ""justification"": ""Slurm 22.05 is a specific version of the Slurm workload manager.""
    },
    {
      ""child"": ""slurm 23.11"",
      ""parent"": ""slurm"",
      ""justification"": ""Slurm 23.11 is a specific version of the Slurm workload manager.""
    },
    {
      ""child"": ""incompatible"",
      ""parent"": ""version"",
      ""justification"": ""In SLURM, 'incompatible' refers to versions of the scheduler that cannot be directly upgraded due to potential conflicts or compatibility issues.""
    },
    {
      ""child"": ""unsupported"","
257,doc_8f5e,doc_8f5e_chunk_0002,slurm 23.11,slurm,Slurm 23.11 is a specific version of the Slurm workload manager.,"{
  ""is_a_edges"": [
    {
      ""child"": ""slurm 20.11"",
      ""parent"": ""slurm"",
      ""justification"": ""Slurm 20.11 is a specific version of the Slurm workload manager.""
    },
    {
      ""child"": ""slurm 22.05"",
      ""parent"": ""slurm"",
      ""justification"": ""Slurm 22.05 is a specific version of the Slurm workload manager.""
    },
    {
      ""child"": ""slurm 23.11"",
      ""parent"": ""slurm"",
      ""justification"": ""Slurm 23.11 is a specific version of the Slurm workload manager.""
    },
    {
      ""child"": ""incompatible"",
      ""parent"": ""version"",
      ""justification"": ""In SLURM, 'incompatible' refers to versions of the scheduler that cannot be directly upgraded due to potential conflicts or compatibility issues.""
    },
    {
      ""child"": ""unsupported"","
258,doc_8f5e,doc_8f5e_chunk_0003,slurmctld upgrade,slurmctld,slurmctld upgrade is a specific type of upgrade for the slurmctld daemon.,"{
  ""is_a_edges"": [
    {
      ""child"": ""slurm daemons"",
      ""parent"": ""scheduler"",
      ""justification"": ""Slurm daemons are major components of the Slurm scheduler.""
    },
    {
      ""child"": ""slurmctld upgrade"",
      ""parent"": ""slurmctld"",
      ""justification"": ""slurmctld upgrade is a specific type of upgrade for the slurmctld daemon.""
    },
    {
      ""child"": ""slurmd upgrade"",
      ""parent"": ""slurmd"",
      ""justification"": ""slurmd upgrade is a specific type of upgrade for the slurmd daemon.""
    },
    {
      ""child"": ""slurmdbd upgrade"",
      ""parent"": ""slurmdbd"",
      ""justification"": ""slurmdbd upgrade is a specific type of upgrade for the slurmdbd daemon.""
    },
    {
      ""child"": ""upgrade procedure"",
      ""parent"": ""other_hpc"",
      ""justification"": ""The"
259,doc_8f5e,doc_8f5e_chunk_0003,slurmd upgrade,slurmd,slurmd upgrade is a specific type of upgrade for the slurmd daemon.,"{
  ""is_a_edges"": [
    {
      ""child"": ""slurm daemons"",
      ""parent"": ""scheduler"",
      ""justification"": ""Slurm daemons are major components of the Slurm scheduler.""
    },
    {
      ""child"": ""slurmctld upgrade"",
      ""parent"": ""slurmctld"",
      ""justification"": ""slurmctld upgrade is a specific type of upgrade for the slurmctld daemon.""
    },
    {
      ""child"": ""slurmd upgrade"",
      ""parent"": ""slurmd"",
      ""justification"": ""slurmd upgrade is a specific type of upgrade for the slurmd daemon.""
    },
    {
      ""child"": ""slurmdbd upgrade"",
      ""parent"": ""slurmdbd"",
      ""justification"": ""slurmdbd upgrade is a specific type of upgrade for the slurmdbd daemon.""
    },
    {
      ""child"": ""upgrade procedure"",
      ""parent"": ""other_hpc"",
      ""justification"": ""The"
260,doc_8f5e,doc_8f5e_chunk_0003,slurmdbd upgrade,slurmdbd,slurmdbd upgrade is a specific type of upgrade for the slurmdbd daemon.,"{
  ""is_a_edges"": [
    {
      ""child"": ""slurm daemons"",
      ""parent"": ""scheduler"",
      ""justification"": ""Slurm daemons are major components of the Slurm scheduler.""
    },
    {
      ""child"": ""slurmctld upgrade"",
      ""parent"": ""slurmctld"",
      ""justification"": ""slurmctld upgrade is a specific type of upgrade for the slurmctld daemon.""
    },
    {
      ""child"": ""slurmd upgrade"",
      ""parent"": ""slurmd"",
      ""justification"": ""slurmd upgrade is a specific type of upgrade for the slurmd daemon.""
    },
    {
      ""child"": ""slurmdbd upgrade"",
      ""parent"": ""slurmdbd"",
      ""justification"": ""slurmdbd upgrade is a specific type of upgrade for the slurmdbd daemon.""
    },
    {
      ""child"": ""upgrade procedure"",
      ""parent"": ""other_hpc"",
      ""justification"": ""The"
261,doc_8f5e,doc_8f5e_chunk_0004,slurmd,slurm daemons,slurmd is a specific slurm daemon responsible for managing job resources and communicating with the slurmctld daemon.,"{
  ""is_a_edges"": [
    {
      ""child"": ""slurm source directory"",
      ""parent"": ""config_file"",
      ""justification"": ""The Slurm source directory is a specific configuration file where users can build and install Slurm modules.""
    },
    {
      ""child"": ""slurmd"",
      ""parent"": ""slurm daemons"",
      ""justification"": ""slurmd is a specific slurm daemon responsible for managing job resources and communicating with the slurmctld daemon.""
    },
    {
      ""child"": ""slurmstepd"",
      ""parent"": ""slurm daemons"",
      ""justification"": ""slurmstepd is a program launched by the slurmd daemon on nodes to manage job steps in SLURM.""
    },
    {
      ""child"": ""RPMs"",
      ""parent"": ""packages"",
      ""justification"": ""RPMs are a specific type of packages used for installing, updating, and managing software on Linux systems, including HPC systems.""
    },
    {
      ""child"":"
262,doc_8f5e,doc_8f5e_chunk_0004,slurmstepd,slurm daemons,slurmstepd is a program launched by the slurmd daemon on nodes to manage job steps in SLURM.,"{
  ""is_a_edges"": [
    {
      ""child"": ""slurm source directory"",
      ""parent"": ""config_file"",
      ""justification"": ""The Slurm source directory is a specific configuration file where users can build and install Slurm modules.""
    },
    {
      ""child"": ""slurmd"",
      ""parent"": ""slurm daemons"",
      ""justification"": ""slurmd is a specific slurm daemon responsible for managing job resources and communicating with the slurmctld daemon.""
    },
    {
      ""child"": ""slurmstepd"",
      ""parent"": ""slurm daemons"",
      ""justification"": ""slurmstepd is a program launched by the slurmd daemon on nodes to manage job steps in SLURM.""
    },
    {
      ""child"": ""RPMs"",
      ""parent"": ""packages"",
      ""justification"": ""RPMs are a specific type of packages used for installing, updating, and managing software on Linux systems, including HPC systems.""
    },
    {
      ""child"":"
263,doc_8f5e,doc_8f5e_chunk_0005,estimated downtime,downtime,Estimated downtime is a specific type of downtime that refers to the anticipated duration of service interruption during Slurm daemon upgrades.,"{
  ""is_a_edges"": [
    {
      ""child"": ""estimated downtime"",
      ""parent"": ""downtime"",
      ""justification"": ""Estimated downtime is a specific type of downtime that refers to the anticipated duration of service interruption during Slurm daemon upgrades.""
    },
    {
      ""child"": ""slurmdbd"",
      ""parent"": ""scheduler"",
      ""justification"": ""SlurmDBD is a specific Slurm component responsible for managing job accounting and state information.""
    },
    {
      ""child"": ""--json"",
      ""parent"": ""command"",
      ""justification"": ""--json is a specific command-line option used with SLURM CLI commands or slurmrestd to specify JSON format for input or output.""
    },
    {
      ""child"": ""--yaml"",
      ""parent"": ""option_flag"",
      ""justification"": ""--yaml is a specific command-line option used to specify YAML format for configuration files or data input in SLURM.""
    },
    {
      ""child"": ""slurm"
264,doc_8f5e,doc_8f5e_chunk_0008,slurmdbd binaries,slurmdbd daemon,The slurmdbd binaries are the executable files for the slurmdbd daemon.,"{
  ""is_a_edges"": [
    {
      ""child"": ""slurmdbd binaries"",
      ""parent"": ""slurmdbd daemon"",
      ""justification"": ""The slurmdbd binaries are the executable files for the slurmdbd daemon.""
    },
    {
      ""child"": ""systemd unit file"",
      ""parent"": ""systemd"",
      ""justification"": ""The systemd unit file is a configuration file for managing the systemd service, including the slurmdbd daemon.""
    },
    {
      ""child"": ""innodb_buffer_pool_size"",
      ""parent"": ""config_param"",
      ""justification"": ""innodb_buffer_pool_size is a configuration parameter for the Slurm database (MySQL or MariaDB).""
    },
    {
      ""child"": ""rpm/deb packages"",
      ""parent"": ""other_hPC"",
      ""justification"": ""RPM and DEB packages are software packages used for managing software, including HPC schedulers like SLURM.""
    },"
265,doc_8f5e,doc_8f5e_chunk_0008,systemd unit file,systemd,"The systemd unit file is a configuration file for managing the systemd service, including the slurmdbd daemon.","{
  ""is_a_edges"": [
    {
      ""child"": ""slurmdbd binaries"",
      ""parent"": ""slurmdbd daemon"",
      ""justification"": ""The slurmdbd binaries are the executable files for the slurmdbd daemon.""
    },
    {
      ""child"": ""systemd unit file"",
      ""parent"": ""systemd"",
      ""justification"": ""The systemd unit file is a configuration file for managing the systemd service, including the slurmdbd daemon.""
    },
    {
      ""child"": ""innodb_buffer_pool_size"",
      ""parent"": ""config_param"",
      ""justification"": ""innodb_buffer_pool_size is a configuration parameter for the Slurm database (MySQL or MariaDB).""
    },
    {
      ""child"": ""rpm/deb packages"",
      ""parent"": ""other_hPC"",
      ""justification"": ""RPM and DEB packages are software packages used for managing software, including HPC schedulers like SLURM.""
    },"
266,doc_8f5e,doc_8f5e_chunk_0010,slurmd (compute nodes),nodes,slurmd (compute nodes) is a specific type of nodes that run the slurmd daemon and manage jobs.,"{
  ""is_a_edges"": [
    {
      ""child"": ""slurmd (compute nodes)"",
      ""parent"": ""nodes"",
      ""justification"": ""slurmd (compute nodes) is a specific type of nodes that run the slurmd daemon and manage jobs.""
    },
    {
      ""child"": ""slurmd"",
      ""parent"": ""scheduler"",
      ""justification"": ""slurmd is a specific daemon component of the SLURM scheduler responsible for managing job resources.""
    },
    {
      ""child"": ""slurmctld"",
      ""parent"": ""scheduler"",
      ""justification"": ""slurmctld is the main daemon of the SLURM scheduler, responsible for managing job records and scheduling jobs.""
    },
    {
      ""child"": ""slurmdtimeout"",
      ""parent"": ""config_param"",
      ""justification"": ""slurmdtimeout is a specific configuration parameter in slurm.conf that sets the frequency of pings sent by slurmctld to the slurmd daemon on each node.""
    },"
267,doc_8f5e,doc_8f5e_chunk_0011,slurmd nodes,compute nodes,slurmd nodes are a specific type of compute nodes running the slurmd daemon in a SLURM cluster.,"{
  ""is_a_edges"": [
    {
      ""child"": ""slurmd nodes"",
      ""parent"": ""compute nodes"",
      ""justification"": ""slurmd nodes are a specific type of compute nodes running the slurmd daemon in a SLURM cluster.""
    },
    {
      ""child"": ""slurmd"",
      ""parent"": ""scheduler"",
      ""justification"": ""slurmd is a daemon process in SLURM responsible for managing job resources and communicating with the slurmctld daemon.""
    },
    {
      ""child"": ""new timeout"",
      ""parent"": ""config_param"",
      ""justification"": ""The new timeout is a configuration parameter in SLURM that sets the maximum time allowed for upgrading slurmd nodes during a rolling upgrade.""
    },
    {
      ""child"": ""shutdown"",
      ""parent"": ""job_state"",
      ""justification"": ""The 'shutdown' state refers to a node being powered down or in a state where it is no longer available for job allocation.""
    }
  ]
}"
268,doc_915b,doc_915b_chunk_0004,kty,cryptographic algorithm,kty is a specific cryptographic algorithm used to sign keys in SLURM's authentication configuration.,"{
  ""is_a_edges"": [
    {
      ""child"": ""key-identifier-2"",
      ""parent"": ""key-identifier"",
      ""justification"": ""key-identifier-2 is a specific instance of the key-identifier, used for key matching in SLURM's authentication configuration.""
    },
    {
      ""child"": ""expiration date"",
      ""parent"": ""config_param"",
      ""justification"": ""The expiration date is a specific configuration parameter used to set the expiration time for a key in SLURM's authentication configuration.""
    },
    {
      ""child"": ""kty"",
      ""parent"": ""cryptographic algorithm"",
      ""justification"": ""kty is a specific cryptographic algorithm used to sign keys in SLURM's authentication configuration.""
    },
    {
      ""child"": ""oct"",
      ""parent"": ""kty"",
      ""justification"": ""oct is a required value for the kty field, specifying the family of cryptographic algorithms used to sign the authentication key in SLURM.""
    }
  ]
}"
269,doc_915b,doc_915b_chunk_0004,oct,kty,"oct is a required value for the kty field, specifying the family of cryptographic algorithms used to sign the authentication key in SLURM.","{
  ""is_a_edges"": [
    {
      ""child"": ""key-identifier-2"",
      ""parent"": ""key-identifier"",
      ""justification"": ""key-identifier-2 is a specific instance of the key-identifier, used for key matching in SLURM's authentication configuration.""
    },
    {
      ""child"": ""expiration date"",
      ""parent"": ""config_param"",
      ""justification"": ""The expiration date is a specific configuration parameter used to set the expiration time for a key in SLURM's authentication configuration.""
    },
    {
      ""child"": ""kty"",
      ""parent"": ""cryptographic algorithm"",
      ""justification"": ""kty is a specific cryptographic algorithm used to sign keys in SLURM's authentication configuration.""
    },
    {
      ""child"": ""oct"",
      ""parent"": ""kty"",
      ""justification"": ""oct is a required value for the kty field, specifying the family of cryptographic algorithms used to sign the authentication key in SLURM.""
    }
  ]
}"
270,doc_96c0,doc_96c0_chunk_0004,knl_generic plugin,node features plugin,The knl_generic plugin is a specific implementation of the node features plugin used on Intel KNL systems.,"{
  ""is_a_edges"": [
    {
      ""child"": ""available and active features"",
      ""parent"": ""resource"",
      ""justification"": ""Available and active features are hardware capabilities and current status managed by the node features plugin, which is a type of resource.""
    },
    {
      ""child"": ""knl.conf"",
      ""parent"": ""config_file"",
      ""justification"": ""knl.conf is a Slurm configuration file specific to Intel Knights Landing management, which is a type of configuration file.""
    },
    {
      ""child"": ""knl_generic plugin"",
      ""parent"": ""node features plugin"",
      ""justification"": ""The knl_generic plugin is a specific implementation of the node features plugin used on Intel KNL systems.""
    },
    {
      ""child"": ""node features plugin"",
      ""parent"": ""other_hpc"",
      ""justification"": ""The node features plugin is a Slurm component responsible for managing the available and active features information for each Intel KNL node, which is a type of other HPC component.""
    },"
271,doc_96c0,doc_96c0_chunk_0006,knl_generic,plugin,The knl_generic plugin is a specific type of plugin that modifies the MCDRAM and NUMA mode of Intel-based compute nodes.,"{
  ""is_a_edges"": [
    {
      ""child"": ""knl_generic"",
      ""parent"": ""plugin"",
      ""justification"": ""The knl_generic plugin is a specific type of plugin that modifies the MCDRAM and NUMA mode of Intel-based compute nodes.""
    },
    {
      ""child"": ""syscfg program"",
      ""parent"": ""other_hPC"",
      ""justification"": ""The syscfg program is a utility used by the SLURM scheduler's NodeFeatures plugin to modify the MCDRAM and NUMA mode of compute nodes and reboot them as needed.""
    },
    {
      ""child"": ""rebootprogram"",
      ""parent"": ""config_param"",
      ""justification"": ""RebootProgram is a configuration parameter in SLURM that specifies the command used to reboot a compute node, allowing modifications to MCDRAM and NUMA mode to take effect.""
    },
    {
      ""child"": ""defaultmcdram"",
      ""parent"": ""config_param"",
      ""justification"": ""DefaultMC"
272,doc_977e,doc_977e_chunk_0008,advanced reservation,reservation,An advanced reservation is a specific type of reservation where a job is waiting for its reserved resources to become available.,"{
  ""is_a_edges"": [
    {
      ""child"": ""advanced reservation"",
      ""parent"": ""reservation"",
      ""justification"": ""An advanced reservation is a specific type of reservation where a job is waiting for its reserved resources to become available.""
    },
    {
      ""child"": ""floating start time"",
      ""parent"": ""config_param"",
      ""justification"": ""Floating start time is a configuration parameter used to create a reservation with a start time relative to the current time.""
    },
    {
      ""child"": ""end time"",
      ""parent"": ""config_param"",
      ""justification"": ""End time is a configuration parameter used in SLURM reservations to specify the time when the reservation will be purged.""
    },
    {
      ""child"": ""duration"",
      ""parent"": ""log_or_state_path"",
      ""justification"": ""Duration refers to the time spent on a specific operation or process, such as a monthly rollup, as recorded in HPC system logs.""
    },
    {
      ""child"
273,doc_977e,doc_977e_chunk_0010,flex flag,flags,"The FLEX flag is a specific type of flag used for reservations in SLURM, allowing jobs to share resources with other jobs.","{
  ""is_a_edges"": [
    {
      ""child"": ""create reservation"",
      ""parent"": ""command"",
      ""justification"": ""The 'create reservation' command is a specific type of command used to create a reservation in SLURM.""
    },
    {
      ""child"": ""flex flag"",
      ""parent"": ""flags"",
      ""justification"": ""The FLEX flag is a specific type of flag used for reservations in SLURM, allowing jobs to share resources with other jobs.""
    },
    {
      ""child"": ""nodes"",
      ""parent"": ""resource"",
      ""justification"": ""Nodes are a specific type of resource in HPC systems, referring to the physical or virtual machines that can run jobs.""
    },
    {
      ""child"": ""reservation"",
      ""parent"": ""queue_or_partition"",
      ""justification"": ""A reservation is a specific type of queue or partition in HPC systems, representing a named set of resources or time slots reserved for a specific user or job group.""
    },
    {
      ""child"": ""s"
274,doc_977e,doc_977e_chunk_0011,partition configuration,partition,,"{
  ""is_a_edges"": [
    {
      ""child"": ""reservation prolog"",
      ""parent"": ""prolog"",
      ""justification"": ""Reservation prolog is a specific type of prolog script that runs before slurmd starts for reservations.""
    },
    {
      ""child"": ""reservation epilog"",
      ""parent"": ""epilog"",
      ""justification"": ""Reservation epilog is a specific type of epilog script that runs after slurmd starts for reservations.""
    },
    {
      ""child"": ""resvprolog"",
      ""parent"": ""reservation prolog"",
      ""justification"": ""resvprolog is the configuration parameter for the reservation prolog script.""
    },
    {
      ""child"": ""resvepilog"",
      ""parent"": ""reservation epilog"",
      ""justification"": ""resvepilog is the configuration parameter for the reservation epilog script.""
    },
    {
      ""child"": ""partition configuration"",
      ""parent"": ""partition"",
      """
275,doc_9ca6,doc_9ca6_chunk_0001,hierarchical resources,license-like resources,"Hierarchical Resources are a specific type of license-like resources, defined as part of independent hierarchical topologies and associated with specific nodes.","{
  ""is_a_edges"": [
    {
      ""child"": ""hierarchical resources"",
      ""parent"": ""license-like resources"",
      ""justification"": ""Hierarchical Resources are a specific type of license-like resources, defined as part of independent hierarchical topologies and associated with specific nodes.""
    },
    {
      ""child"": ""independent hierarchical topologies"",
      ""parent"": ""hierarchical topologies"",
      ""justification"": ""Independent hierarchical topologies are a specific type of hierarchical topologies, allowing for license-like resources to be defined in a hierarchical structure and associated with specific nodes.""
    },
    {
      ""child"": ""hres"",
      ""parent"": ""hierarchical resources"",
      ""justification"": ""hres is introduced as a specific name for the Hierarchical Resources feature in Slurm.""
    },
    {
      ""child"": ""job request"",
      ""parent"": ""job_state"",
      ""justification"": ""A job request is a specific type of job state, representing a submission of a"
276,doc_9ca6,doc_9ca6_chunk_0001,independent hierarchical topologies,hierarchical topologies,"Independent hierarchical topologies are a specific type of hierarchical topologies, allowing for license-like resources to be defined in a hierarchical structure and associated with specific nodes.","{
  ""is_a_edges"": [
    {
      ""child"": ""hierarchical resources"",
      ""parent"": ""license-like resources"",
      ""justification"": ""Hierarchical Resources are a specific type of license-like resources, defined as part of independent hierarchical topologies and associated with specific nodes.""
    },
    {
      ""child"": ""independent hierarchical topologies"",
      ""parent"": ""hierarchical topologies"",
      ""justification"": ""Independent hierarchical topologies are a specific type of hierarchical topologies, allowing for license-like resources to be defined in a hierarchical structure and associated with specific nodes.""
    },
    {
      ""child"": ""hres"",
      ""parent"": ""hierarchical resources"",
      ""justification"": ""hres is introduced as a specific name for the Hierarchical Resources feature in Slurm.""
    },
    {
      ""child"": ""job request"",
      ""parent"": ""job_state"",
      ""justification"": ""A job request is a specific type of job state, representing a submission of a"
277,doc_9ca6,doc_9ca6_chunk_0001,hres,hierarchical resources,hres is introduced as a specific name for the Hierarchical Resources feature in Slurm.,"{
  ""is_a_edges"": [
    {
      ""child"": ""hierarchical resources"",
      ""parent"": ""license-like resources"",
      ""justification"": ""Hierarchical Resources are a specific type of license-like resources, defined as part of independent hierarchical topologies and associated with specific nodes.""
    },
    {
      ""child"": ""independent hierarchical topologies"",
      ""parent"": ""hierarchical topologies"",
      ""justification"": ""Independent hierarchical topologies are a specific type of hierarchical topologies, allowing for license-like resources to be defined in a hierarchical structure and associated with specific nodes.""
    },
    {
      ""child"": ""hres"",
      ""parent"": ""hierarchical resources"",
      ""justification"": ""hres is introduced as a specific name for the Hierarchical Resources feature in Slurm.""
    },
    {
      ""child"": ""job request"",
      ""parent"": ""job_state"",
      ""justification"": ""A job request is a specific type of job state, representing a submission of a"
278,doc_9ca6,doc_9ca6_chunk_0003,maximum allocation,resources,"The maximum allocation is a constraint on the amount of resources that can be allocated, which is a specific type of resource.","{
  ""is_a_edges"": [
    {
      ""child"": ""maximum allocation"",
      ""parent"": ""resources"",
      ""justification"": ""The maximum allocation is a constraint on the amount of resources that can be allocated, which is a specific type of resource.""
    }
  ]
}"
279,doc_9fd4,doc_9fd4_chunk_0002,job's derived exit code,exitcode,"The job's derived exit code is a specific type of exitcode, determined by the Slurm control daemon.","{
  ""is_a_edges"": [
    {
      ""child"": ""job's derived exit code"",
      ""parent"": ""exitcode"",
      ""justification"": ""The job's derived exit code is a specific type of exitcode, determined by the Slurm control daemon.""
    },
    {
      ""child"": ""slurm control daemon"",
      ""parent"": ""scheduler"",
      ""justification"": ""The slurm control daemon is a major component of the SLURM scheduler, responsible for managing jobs and steps.""
    },
    {
      ""child"": ""slurm database"",
      ""parent"": ""config_file"",
      ""justification"": ""The slurm database stores configuration data for QOS, resource limits, and job associations.""
    },
    {
      ""child"": ""derived exit code"",
      ""parent"": ""job_state"",
      ""justification"": ""The derived exit code is a field in the Slurm database that represents the exit status of a job or step.""
    },
    {
      ""child"": ""accounting_storage plugin"",
      ""parent"
280,doc_ac8b,doc_ac8b_chunk_0006,gres,generic resources,,"{
  ""is_a_edges"": [
    {
      ""child"": ""billable TRES"",
      ""parent"": ""resources"",
      ""justification"": ""Billable TRES is a specific type of resource that accounts for consumed resources other than just CPUs, including CPUs, memory, licenses, and generic resources.""
    },
    {
      ""child"": ""billing"",
      ""parent"": ""other_hPC"",
      ""justification"": ""Billing is a process that includes accounting for consumed resources, including billable TRES.""
    },
    {
      ""child"": ""cpus"",
      ""parent"": ""resources"",
      ""justification"": ""CPUs are a specific type of resource that can be accounted for in billable TRES.""
    },
    {
      ""child"": ""generic resources"",
      ""parent"": ""resources"",
      ""justification"": ""Generic Resources (GRES) are a specific type of resource that can be allocated to jobs and steps, such as GPUs.""
    },
    {
      ""child"": ""gres"",
      ""parent"": ""generic resources"","
281,doc_ac8b,doc_ac8b_chunk_0008,days-hr,time string,days-hr is a specific format of time string used in SLURM configurations.,"{
  ""is_a_edges"": [
    {
      ""child"": ""days-hr"",
      ""parent"": ""time string"",
      ""justification"": ""days-hr is a specific format of time string used in SLURM configurations.""
    },
    {
      ""child"": ""days-hr:min:00"",
      ""parent"": ""time string"",
      ""justification"": ""days-hr:min:00 is a specific format of time string used to configure SLURM parameters.""
    },
    {
      ""child"": ""historical usage"",
      ""parent"": ""composite usage value"",
      ""justification"": ""Historical usage is a component of the composite usage value in SLURM.""
    },
    {
      ""child"": ""min"",
      ""parent"": ""time string"",
      ""justification"": ""min is a specific unit of time used in SLURM configuration parameters.""
    },
    {
      ""child"": ""multifactor job priority plugin"",
      ""parent"": ""other_hpc"",
      ""justification"": ""The multifactor job"
282,doc_ac8b,doc_ac8b_chunk_0008,days-hr:min:00,time string,days-hr:min:00 is a specific format of time string used to configure SLURM parameters.,"{
  ""is_a_edges"": [
    {
      ""child"": ""days-hr"",
      ""parent"": ""time string"",
      ""justification"": ""days-hr is a specific format of time string used in SLURM configurations.""
    },
    {
      ""child"": ""days-hr:min:00"",
      ""parent"": ""time string"",
      ""justification"": ""days-hr:min:00 is a specific format of time string used to configure SLURM parameters.""
    },
    {
      ""child"": ""historical usage"",
      ""parent"": ""composite usage value"",
      ""justification"": ""Historical usage is a component of the composite usage value in SLURM.""
    },
    {
      ""child"": ""min"",
      ""parent"": ""time string"",
      ""justification"": ""min is a specific unit of time used in SLURM configuration parameters.""
    },
    {
      ""child"": ""multifactor job priority plugin"",
      ""parent"": ""other_hpc"",
      ""justification"": ""The multifactor job"
283,doc_ac8b,doc_ac8b_chunk_0008,historical usage,composite usage value,Historical usage is a component of the composite usage value in SLURM.,"{
  ""is_a_edges"": [
    {
      ""child"": ""days-hr"",
      ""parent"": ""time string"",
      ""justification"": ""days-hr is a specific format of time string used in SLURM configurations.""
    },
    {
      ""child"": ""days-hr:min:00"",
      ""parent"": ""time string"",
      ""justification"": ""days-hr:min:00 is a specific format of time string used to configure SLURM parameters.""
    },
    {
      ""child"": ""historical usage"",
      ""parent"": ""composite usage value"",
      ""justification"": ""Historical usage is a component of the composite usage value in SLURM.""
    },
    {
      ""child"": ""min"",
      ""parent"": ""time string"",
      ""justification"": ""min is a specific unit of time used in SLURM configuration parameters.""
    },
    {
      ""child"": ""multifactor job priority plugin"",
      ""parent"": ""other_hpc"",
      ""justification"": ""The multifactor job"
284,doc_ac8b,doc_ac8b_chunk_0008,min,time string,min is a specific unit of time used in SLURM configuration parameters.,"{
  ""is_a_edges"": [
    {
      ""child"": ""days-hr"",
      ""parent"": ""time string"",
      ""justification"": ""days-hr is a specific format of time string used in SLURM configurations.""
    },
    {
      ""child"": ""days-hr:min:00"",
      ""parent"": ""time string"",
      ""justification"": ""days-hr:min:00 is a specific format of time string used to configure SLURM parameters.""
    },
    {
      ""child"": ""historical usage"",
      ""parent"": ""composite usage value"",
      ""justification"": ""Historical usage is a component of the composite usage value in SLURM.""
    },
    {
      ""child"": ""min"",
      ""parent"": ""time string"",
      ""justification"": ""min is a specific unit of time used in SLURM configuration parameters.""
    },
    {
      ""child"": ""multifactor job priority plugin"",
      ""parent"": ""other_hpc"",
      ""justification"": ""The multifactor job"
285,doc_b00c,doc_b00c_chunk_0004,infiniband switch,network switches,Infiniband switch is a specific type of network switch used in HPC systems.,"{
  ""is_a_edges"": [
    {
      ""child"": ""infiniband switch"",
      ""parent"": ""network switches"",
      ""justification"": ""Infiniband switch is a specific type of network switch used in HPC systems.""
    },
    {
      ""child"": ""opa2slurm"",
      ""parent"": ""other_hpc"",
      ""justification"": ""opa2slurm is a tool for generating the topology.conf file for OPA (Omni-Path) switches, which falls under the category of other HPC-specific concepts.""
    },
    {
      ""child"": ""slurmibtopology"",
      ""parent"": ""other_hpc"",
      ""justification"": ""slurmibtopology is a tool for generating the topology.conf file for Infiniband switches, which falls under the category of other HPC-specific concepts.""
    },
    {
      ""child"": ""topologyparam"",
      ""parent"": ""config_param"",
      ""justification"": ""TopologyParam is a configuration parameter in SLURM used"
286,doc_b2f9,doc_b2f9_chunk_0006,gpumem,gres,gpumem is a specific type of generic resource in SLURM that represents the memory allocated to NVIDIA GPUs.,"{
  ""is_a_edges"": [
    {
      ""child"": ""gpumem"",
      ""parent"": ""gres"",
      ""justification"": ""gpumem is a specific type of generic resource in SLURM that represents the memory allocated to NVIDIA GPUs.""
    },
    {
      ""child"": ""gpuutil"",
      ""parent"": ""resource"",
      ""justification"": ""gpuutil is a resource metric in SLURM that represents the utilization of NVIDIA GPUs, available when using AutoDetect=nvml.""
    },
    {
      ""child"": ""gres.conf"",
      ""parent"": ""config_file"",
      ""justification"": ""gres.conf is a configuration file used in SLURM to define generic resources and their types, required for job submissions.""
    },
    {
      ""child"": ""nvidia-smi"",
      ""parent"": ""other_hpc"",
      ""justification"": ""nvidia-smi is a command-line utility for monitoring and managing NVIDIA GPUs on HPC systems.""
    },
    {"
287,doc_b2f9,doc_b2f9_chunk_0010,gres/mps,gres,"gres/mps is a specific type of generic resource in SLURM and LSF, representing a GPU with Memory Processor (MPS) capabilities.","{
  ""is_a_edges"": [
    {
      ""child"": ""gres/mps"",
      ""parent"": ""gres"",
      ""justification"": ""gres/mps is a specific type of generic resource in SLURM and LSF, representing a GPU with Memory Processor (MPS) capabilities.""
    },
    {
      ""child"": ""gres/gpu"",
      ""parent"": ""gres"",
      ""justification"": ""gres/gpu is a specific type of generic resource in SLURM and LSF, representing a GPU for job allocation.""
    },
    {
      ""child"": ""mps"",
      ""parent"": ""resource"",
      ""justification"": ""In SLURM, 'mps' refers to MetaPolaris Software (MPS) resources, a type of GPU resource that can be configured in the gres.conf file.""
    },
    {
      ""child"": ""cuda_visible_devices"",
      ""parent"": ""resource"",
      ""justification"": ""CUDA_VISIBLE_DEVICES is an environment variable that specifies the GPU devices allocated to a job in SLUR"
288,doc_b2f9,doc_b2f9_chunk_0010,gres/gpu,gres,"gres/gpu is a specific type of generic resource in SLURM and LSF, representing a GPU for job allocation.","{
  ""is_a_edges"": [
    {
      ""child"": ""gres/mps"",
      ""parent"": ""gres"",
      ""justification"": ""gres/mps is a specific type of generic resource in SLURM and LSF, representing a GPU with Memory Processor (MPS) capabilities.""
    },
    {
      ""child"": ""gres/gpu"",
      ""parent"": ""gres"",
      ""justification"": ""gres/gpu is a specific type of generic resource in SLURM and LSF, representing a GPU for job allocation.""
    },
    {
      ""child"": ""mps"",
      ""parent"": ""resource"",
      ""justification"": ""In SLURM, 'mps' refers to MetaPolaris Software (MPS) resources, a type of GPU resource that can be configured in the gres.conf file.""
    },
    {
      ""child"": ""cuda_visible_devices"",
      ""parent"": ""resource"",
      ""justification"": ""CUDA_VISIBLE_DEVICES is an environment variable that specifies the GPU devices allocated to a job in SLUR"
289,doc_b2f9,doc_b2f9_chunk_0012,gpu sharing,concurrent,"GPU sharing refers to the allocation of a single GPU among multiple users, with time-slicing between users when using NVIDIA MPS or when using Slurm with non-MIG GPUs.","{
  ""is_a_edges"": [
    {
      ""child"": ""nvidia mig"",
      ""parent"": ""nvidia gpu"",
      ""justification"": ""NVIDIA Multi-Instance GPU (MIG) is a feature of certain NVIDIA GPUs that allows them to be split into multiple isolated GPU instances.""
    },
    {
      ""child"": ""gpu sharing"",
      ""parent"": ""concurrent"",
      ""justification"": ""GPU sharing refers to the allocation of a single GPU among multiple users, with time-slicing between users when using NVIDIA MPS or when using Slurm with non-MIG GPUs.""
    },
    {
      ""child"": ""mps control daemon"",
      ""parent"": ""other_hpc"",
      ""justification"": ""The MPS control daemon is a component of the NVIDIA Multi-Process Service (MPS) that manages GPU access and queues activation requests from separate users.""
    },
    {
      ""child"": ""mps server"",
      ""parent"": ""other_hpc"",
      ""justification"": ""M"
290,doc_b2f9,doc_b2f9_chunk_0013,gres/shard,gres,Gres/shard is a specific type of generic resource in SLURM for sharing GPU resources among multiple jobs.,"{
  ""is_a_edges"": [
    {
      ""child"": ""gres/shard"",
      ""parent"": ""gres"",
      ""justification"": ""Gres/shard is a specific type of generic resource in SLURM for sharing GPU resources among multiple jobs.""
    },
    {
      ""child"": ""sharding"",
      ""parent"": ""resource"",
      ""justification"": ""Sharding is a resource concept in SLURM for distributing data across multiple nodes to improve performance for jobs that require large volumes of data.""
    },
    {
      ""child"": ""nvidia migs"",
      ""parent"": ""resource"",
      ""justification"": ""NVIDIA Multi-Instance GPU (MIG) is a resource concept in SLURM, managed as resources and can be configured using the slurm.conf and gres.conf files.""
    },
    {
      ""child"": ""migs"",
      ""parent"": ""resource"",
      ""justification"": ""MIGs (Multi-Instance GPU) is a specific type of resource in SLURM, which allows a single physical GPU to be partitioned"
291,doc_b2f9,doc_b2f9_chunk_0015,shard,gres,"Shard is a specific type of GRES resource, as it is defined and managed by a plugin in SLURM.","{
  ""is_a_edges"": [
    {
      ""child"": ""shard"",
      ""parent"": ""gres"",
      ""justification"": ""Shard is a specific type of GRES resource, as it is defined and managed by a plugin in SLURM.""
    },
    {
      ""child"": ""opt_multiple_sharing_gres_pj"",
      ""parent"": ""config_param"",
      ""justification"": ""opt_multiple_sharing_gres_pj is a specific configuration parameter in SLURM, allowing job requests for Multi-Programming-Single-GPU (MPS) to span multiple GPUs on a node.""
    },
    {
      ""child"": ""slurm.conf"",
      ""parent"": ""config_file"",
      ""justification"": ""slurm.conf is a specific configuration file for SLURM, containing settings for the depth-oblivious flavor of the fair-share factor.""
    },
    {
      ""child"": ""gres.conf"",
      ""parent"": ""config_file"",
      ""justification"": ""gres.conf is a specific configuration file"
292,doc_c721,doc_c721_chunk_0004,children accounts,account,Children accounts are a specific type of account that are sub-accounts under a parent account.,"{
  ""is_a_edges"": [
    {
      ""child"": ""children accounts"",
      ""parent"": ""account"",
      ""justification"": ""Children accounts are a specific type of account that are sub-accounts under a parent account.""
    },
    {
      ""child"": ""sall_siblings"",
      ""parent"": ""shares"",
      ""justification"": ""Sall_siblings refers to the shares allocated to all the child accounts of a parent account.""
    },
    {
      ""child"": ""schild"",
      ""parent"": ""shares"",
      ""justification"": ""Schild refers to the shares allocated to a child user or child account.""
    },
    {
      ""child"": ""fair-share formula"",
      ""parent"": ""config_param"",
      ""justification"": ""The fair-share formula is a specific configuration parameter used in SLURM and LSF to calculate the fair-share factor for job scheduling.""
    },
    {
      ""child"": ""fair-share hierarchy"",
      ""parent"": ""resource"",
      ""justification"":"
293,doc_c721,doc_c721_chunk_0004,sall_siblings,shares,Sall_siblings refers to the shares allocated to all the child accounts of a parent account.,"{
  ""is_a_edges"": [
    {
      ""child"": ""children accounts"",
      ""parent"": ""account"",
      ""justification"": ""Children accounts are a specific type of account that are sub-accounts under a parent account.""
    },
    {
      ""child"": ""sall_siblings"",
      ""parent"": ""shares"",
      ""justification"": ""Sall_siblings refers to the shares allocated to all the child accounts of a parent account.""
    },
    {
      ""child"": ""schild"",
      ""parent"": ""shares"",
      ""justification"": ""Schild refers to the shares allocated to a child user or child account.""
    },
    {
      ""child"": ""fair-share formula"",
      ""parent"": ""config_param"",
      ""justification"": ""The fair-share formula is a specific configuration parameter used in SLURM and LSF to calculate the fair-share factor for job scheduling.""
    },
    {
      ""child"": ""fair-share hierarchy"",
      ""parent"": ""resource"",
      ""justification"":"
294,doc_c721,doc_c721_chunk_0004,schild,shares,Schild refers to the shares allocated to a child user or child account.,"{
  ""is_a_edges"": [
    {
      ""child"": ""children accounts"",
      ""parent"": ""account"",
      ""justification"": ""Children accounts are a specific type of account that are sub-accounts under a parent account.""
    },
    {
      ""child"": ""sall_siblings"",
      ""parent"": ""shares"",
      ""justification"": ""Sall_siblings refers to the shares allocated to all the child accounts of a parent account.""
    },
    {
      ""child"": ""schild"",
      ""parent"": ""shares"",
      ""justification"": ""Schild refers to the shares allocated to a child user or child account.""
    },
    {
      ""child"": ""fair-share formula"",
      ""parent"": ""config_param"",
      ""justification"": ""The fair-share formula is a specific configuration parameter used in SLURM and LSF to calculate the fair-share factor for job scheduling.""
    },
    {
      ""child"": ""fair-share hierarchy"",
      ""parent"": ""resource"",
      ""justification"":"
295,doc_c721,doc_c721_chunk_0005,b account,account,"The b account is a specific instance of an account, which represents a user or group with specific resource allocation and fair-share settings in the SLURM scheduler.","{
  ""is_a_edges"": [
    {
      ""child"": ""b account"",
      ""parent"": ""account"",
      ""justification"": ""The b account is a specific instance of an account, which represents a user or group with specific resource allocation and fair-share settings in the SLURM scheduler.""
    },
    {
      ""child"": ""c account"",
      ""parent"": ""account"",
      ""justification"": ""The c account is a specific instance of an account, which represents a user or group with specific resource allocation and fair-share settings in the SLURM scheduler.""
    },
    {
      ""child"": ""e account"",
      ""parent"": ""account"",
      ""justification"": ""The e account is a specific instance of an account, which represents a user or group with specific resource allocation and fair-share settings in the SLURM scheduler.""
    },
    {
      ""child"": ""f account"",
      ""parent"": ""account"",
      ""justification"": ""The f account is a specific instance of an account, which represents a user or group with specific resource allocation and fair-share settings"
296,doc_c721,doc_c721_chunk_0005,c account,account,"The c account is a specific instance of an account, which represents a user or group with specific resource allocation and fair-share settings in the SLURM scheduler.","{
  ""is_a_edges"": [
    {
      ""child"": ""b account"",
      ""parent"": ""account"",
      ""justification"": ""The b account is a specific instance of an account, which represents a user or group with specific resource allocation and fair-share settings in the SLURM scheduler.""
    },
    {
      ""child"": ""c account"",
      ""parent"": ""account"",
      ""justification"": ""The c account is a specific instance of an account, which represents a user or group with specific resource allocation and fair-share settings in the SLURM scheduler.""
    },
    {
      ""child"": ""e account"",
      ""parent"": ""account"",
      ""justification"": ""The e account is a specific instance of an account, which represents a user or group with specific resource allocation and fair-share settings in the SLURM scheduler.""
    },
    {
      ""child"": ""f account"",
      ""parent"": ""account"",
      ""justification"": ""The f account is a specific instance of an account, which represents a user or group with specific resource allocation and fair-share settings"
297,doc_c721,doc_c721_chunk_0005,e account,account,"The e account is a specific instance of an account, which represents a user or group with specific resource allocation and fair-share settings in the SLURM scheduler.","{
  ""is_a_edges"": [
    {
      ""child"": ""b account"",
      ""parent"": ""account"",
      ""justification"": ""The b account is a specific instance of an account, which represents a user or group with specific resource allocation and fair-share settings in the SLURM scheduler.""
    },
    {
      ""child"": ""c account"",
      ""parent"": ""account"",
      ""justification"": ""The c account is a specific instance of an account, which represents a user or group with specific resource allocation and fair-share settings in the SLURM scheduler.""
    },
    {
      ""child"": ""e account"",
      ""parent"": ""account"",
      ""justification"": ""The e account is a specific instance of an account, which represents a user or group with specific resource allocation and fair-share settings in the SLURM scheduler.""
    },
    {
      ""child"": ""f account"",
      ""parent"": ""account"",
      ""justification"": ""The f account is a specific instance of an account, which represents a user or group with specific resource allocation and fair-share settings"
298,doc_c721,doc_c721_chunk_0005,f account,account,,"{
  ""is_a_edges"": [
    {
      ""child"": ""b account"",
      ""parent"": ""account"",
      ""justification"": ""The b account is a specific instance of an account, which represents a user or group with specific resource allocation and fair-share settings in the SLURM scheduler.""
    },
    {
      ""child"": ""c account"",
      ""parent"": ""account"",
      ""justification"": ""The c account is a specific instance of an account, which represents a user or group with specific resource allocation and fair-share settings in the SLURM scheduler.""
    },
    {
      ""child"": ""e account"",
      ""parent"": ""account"",
      ""justification"": ""The e account is a specific instance of an account, which represents a user or group with specific resource allocation and fair-share settings in the SLURM scheduler.""
    },
    {
      ""child"": ""f account"",
      ""parent"": ""account"",
      ""justification"": ""The f account is a specific instance of an account, which represents a user or group with specific resource allocation and fair-share settings"
299,doc_c721,doc_c721_chunk_0006,account a,account,Account A is a specific account representing a partition or queue in a scheduler hierarchy.,"{
  ""is_a_edges"": [
    {
      ""child"": ""account a"",
      ""parent"": ""account"",
      ""justification"": ""Account A is a specific account representing a partition or queue in a scheduler hierarchy.""
    },
    {
      ""child"": ""account b"",
      ""parent"": ""account"",
      ""justification"": ""Account B is a specific account representing a user in a hierarchical allocation system.""
    },
    {
      ""child"": ""account d"",
      ""parent"": ""account"",
      ""justification"": ""Account D is a specific account representing a queue or partition in a scheduler's resource hierarchy.""
    },
    {
      ""child"": ""account e"",
      ""parent"": ""account"",
      ""justification"": ""Account E is a specific account representing a user in a fair-share resource allocation system.""
    },
    {
      ""child"": ""account f"",
      ""parent"": ""account"",
      ""justification"": ""Account F is a specific account representing a user with a normalized share.""
    },
    {
      ""child"": """
300,doc_c721,doc_c721_chunk_0006,account b,account,Account B is a specific account representing a user in a hierarchical allocation system.,"{
  ""is_a_edges"": [
    {
      ""child"": ""account a"",
      ""parent"": ""account"",
      ""justification"": ""Account A is a specific account representing a partition or queue in a scheduler hierarchy.""
    },
    {
      ""child"": ""account b"",
      ""parent"": ""account"",
      ""justification"": ""Account B is a specific account representing a user in a hierarchical allocation system.""
    },
    {
      ""child"": ""account d"",
      ""parent"": ""account"",
      ""justification"": ""Account D is a specific account representing a queue or partition in a scheduler's resource hierarchy.""
    },
    {
      ""child"": ""account e"",
      ""parent"": ""account"",
      ""justification"": ""Account E is a specific account representing a user in a fair-share resource allocation system.""
    },
    {
      ""child"": ""account f"",
      ""parent"": ""account"",
      ""justification"": ""Account F is a specific account representing a user with a normalized share.""
    },
    {
      ""child"": """
301,doc_c721,doc_c721_chunk_0006,account d,account,Account D is a specific account representing a queue or partition in a scheduler's resource hierarchy.,"{
  ""is_a_edges"": [
    {
      ""child"": ""account a"",
      ""parent"": ""account"",
      ""justification"": ""Account A is a specific account representing a partition or queue in a scheduler hierarchy.""
    },
    {
      ""child"": ""account b"",
      ""parent"": ""account"",
      ""justification"": ""Account B is a specific account representing a user in a hierarchical allocation system.""
    },
    {
      ""child"": ""account d"",
      ""parent"": ""account"",
      ""justification"": ""Account D is a specific account representing a queue or partition in a scheduler's resource hierarchy.""
    },
    {
      ""child"": ""account e"",
      ""parent"": ""account"",
      ""justification"": ""Account E is a specific account representing a user in a fair-share resource allocation system.""
    },
    {
      ""child"": ""account f"",
      ""parent"": ""account"",
      ""justification"": ""Account F is a specific account representing a user with a normalized share.""
    },
    {
      ""child"": """
302,doc_c721,doc_c721_chunk_0006,account e,account,Account E is a specific account representing a user in a fair-share resource allocation system.,"{
  ""is_a_edges"": [
    {
      ""child"": ""account a"",
      ""parent"": ""account"",
      ""justification"": ""Account A is a specific account representing a partition or queue in a scheduler hierarchy.""
    },
    {
      ""child"": ""account b"",
      ""parent"": ""account"",
      ""justification"": ""Account B is a specific account representing a user in a hierarchical allocation system.""
    },
    {
      ""child"": ""account d"",
      ""parent"": ""account"",
      ""justification"": ""Account D is a specific account representing a queue or partition in a scheduler's resource hierarchy.""
    },
    {
      ""child"": ""account e"",
      ""parent"": ""account"",
      ""justification"": ""Account E is a specific account representing a user in a fair-share resource allocation system.""
    },
    {
      ""child"": ""account f"",
      ""parent"": ""account"",
      ""justification"": ""Account F is a specific account representing a user with a normalized share.""
    },
    {
      ""child"": """
303,doc_c721,doc_c721_chunk_0006,account f,account,Account F is a specific account representing a user with a normalized share.,"{
  ""is_a_edges"": [
    {
      ""child"": ""account a"",
      ""parent"": ""account"",
      ""justification"": ""Account A is a specific account representing a partition or queue in a scheduler hierarchy.""
    },
    {
      ""child"": ""account b"",
      ""parent"": ""account"",
      ""justification"": ""Account B is a specific account representing a user in a hierarchical allocation system.""
    },
    {
      ""child"": ""account d"",
      ""parent"": ""account"",
      ""justification"": ""Account D is a specific account representing a queue or partition in a scheduler's resource hierarchy.""
    },
    {
      ""child"": ""account e"",
      ""parent"": ""account"",
      ""justification"": ""Account E is a specific account representing a user in a fair-share resource allocation system.""
    },
    {
      ""child"": ""account f"",
      ""parent"": ""account"",
      ""justification"": ""Account F is a specific account representing a user with a normalized share.""
    },
    {
      ""child"": """
304,doc_c8a9,doc_c8a9_chunk_0003,maximum data segment size,maximum virtual memory size,"Both are system limits configured for jobs to control memory usage, but maximum data segment size is a specific limit for data segments.","{
  ""is_a_edges"": [
    {
      ""child"": ""maximum data segment size"",
      ""parent"": ""maximum virtual memory size"",
      ""justification"": ""Both are system limits configured for jobs to control memory usage, but maximum data segment size is a specific limit for data segments.""
    },
    {
      ""child"": ""preemptable jobs"",
      ""parent"": ""preemptable"",
      ""justification"": ""Preemptable jobs are a specific type of jobs that can be interrupted, while preemptable refers to the job's ability to be interrupted.""
    },
    {
      ""child"": ""preemptmode"",
      ""parent"": ""config_param"",
      ""justification"": ""PreemptMode is a specific configuration parameter that sets the Gang option for job preemption and time-slicing.""
    },
    {
      ""child"": ""preemptparameters"",
      ""parent"": ""config_param"",
      ""justification"": ""PreemptParameters is a specific configuration parameter that controls job preemption and gang scheduling settings.""
    },
    {
      """
305,doc_c8a9,doc_c8a9_chunk_0003,preemptable jobs,preemptable,"Preemptable jobs are a specific type of jobs that can be interrupted, while preemptable refers to the job's ability to be interrupted.","{
  ""is_a_edges"": [
    {
      ""child"": ""maximum data segment size"",
      ""parent"": ""maximum virtual memory size"",
      ""justification"": ""Both are system limits configured for jobs to control memory usage, but maximum data segment size is a specific limit for data segments.""
    },
    {
      ""child"": ""preemptable jobs"",
      ""parent"": ""preemptable"",
      ""justification"": ""Preemptable jobs are a specific type of jobs that can be interrupted, while preemptable refers to the job's ability to be interrupted.""
    },
    {
      ""child"": ""preemptmode"",
      ""parent"": ""config_param"",
      ""justification"": ""PreemptMode is a specific configuration parameter that sets the Gang option for job preemption and time-slicing.""
    },
    {
      ""child"": ""preemptparameters"",
      ""parent"": ""config_param"",
      ""justification"": ""PreemptParameters is a specific configuration parameter that controls job preemption and gang scheduling settings.""
    },
    {
      """
306,doc_c8a9,doc_c8a9_chunk_0005,days-hours,time string,days-hours is a specific time string format used in SLURM configuration.,"{
  ""is_a_edges"": [
    {
      ""child"": ""days-hours"",
      ""parent"": ""time string"",
      ""justification"": ""days-hours is a specific time string format used in SLURM configuration.""
    },
    {
      ""child"": ""hours:minutes:seconds"",
      ""parent"": ""time string"",
      ""justification"": ""hours:minutes:seconds is a specific time string format used in SLURM configuration.""
    },
    {
      ""child"": ""minutes:seconds"",
      ""parent"": ""time string"",
      ""justification"": ""minutes:seconds is a specific time string format used in SLURM configuration.""
    },
    {
      ""child"": ""preempt/partition_prio"",
      ""parent"": ""preempttype"",
      ""justification"": ""preempt/partition_prio is a specific preempt type that determines job preemption based on partition PriorityTier.""
    },
    {
      ""child"": ""preempt/qos"",
      ""parent"": ""preempttype"","
307,doc_c8a9,doc_c8a9_chunk_0005,hours:minutes:seconds,time string,hours:minutes:seconds is a specific time string format used in SLURM configuration.,"{
  ""is_a_edges"": [
    {
      ""child"": ""days-hours"",
      ""parent"": ""time string"",
      ""justification"": ""days-hours is a specific time string format used in SLURM configuration.""
    },
    {
      ""child"": ""hours:minutes:seconds"",
      ""parent"": ""time string"",
      ""justification"": ""hours:minutes:seconds is a specific time string format used in SLURM configuration.""
    },
    {
      ""child"": ""minutes:seconds"",
      ""parent"": ""time string"",
      ""justification"": ""minutes:seconds is a specific time string format used in SLURM configuration.""
    },
    {
      ""child"": ""preempt/partition_prio"",
      ""parent"": ""preempttype"",
      ""justification"": ""preempt/partition_prio is a specific preempt type that determines job preemption based on partition PriorityTier.""
    },
    {
      ""child"": ""preempt/qos"",
      ""parent"": ""preempttype"","
308,doc_c8a9,doc_c8a9_chunk_0005,minutes:seconds,time string,minutes:seconds is a specific time string format used in SLURM configuration.,"{
  ""is_a_edges"": [
    {
      ""child"": ""days-hours"",
      ""parent"": ""time string"",
      ""justification"": ""days-hours is a specific time string format used in SLURM configuration.""
    },
    {
      ""child"": ""hours:minutes:seconds"",
      ""parent"": ""time string"",
      ""justification"": ""hours:minutes:seconds is a specific time string format used in SLURM configuration.""
    },
    {
      ""child"": ""minutes:seconds"",
      ""parent"": ""time string"",
      ""justification"": ""minutes:seconds is a specific time string format used in SLURM configuration.""
    },
    {
      ""child"": ""preempt/partition_prio"",
      ""parent"": ""preempttype"",
      ""justification"": ""preempt/partition_prio is a specific preempt type that determines job preemption based on partition PriorityTier.""
    },
    {
      ""child"": ""preempt/qos"",
      ""parent"": ""preempttype"","
309,doc_c8a9,doc_c8a9_chunk_0006,preempt/qos,partition,preempt/qos is a specific type of partition that allows job preemption based on priority and QoS settings.,"{
  ""is_a_edges"": [
    {
      ""child"": ""preempt/qos"",
      ""parent"": ""partition"",
      ""justification"": ""preempt/qos is a specific type of partition that allows job preemption based on priority and QoS settings.""
    },
    {
      ""child"": ""prioritytier"",
      ""parent"": ""config_param"",
      ""justification"": ""PriorityTier is a specific configuration parameter that determines the priority level of a job partition or QoS.""
    },
    {
      ""child"": ""suspend/resume mechanism"",
      ""parent"": ""other_hpc"",
      ""justification"": ""The suspend/resume mechanism is a specific feature in HPC schedulers, often used for preemption and job scheduling.""
    }
  ]
}"
310,doc_c8a9,doc_c8a9_chunk_0011,hipri,partition,"The 'hipri' partition is a specific type of partition in SLURM, used for high-priority jobs.","{
  ""is_a_edges"": [
    {
      ""child"": ""hipri"",
      ""parent"": ""partition"",
      ""justification"": ""The 'hipri' partition is a specific type of partition in SLURM, used for high-priority jobs.""
    },
    {
      ""child"": ""required nodes"",
      ""parent"": ""resource"",
      ""justification"": ""Required nodes are a specific type of resource required by a job to run.""
    },
    {
      ""child"": ""nodes"",
      ""parent"": ""resource"",
      ""justification"": ""Nodes are a specific type of resource in an HPC system.""
    },
    {
      ""child"": ""avail"",
      ""parent"": ""queue_or_partition"",
      ""justification"": ""Avail refers to the number of available nodes in a partition, which is a specific type of queue or partition.""
    },
    {
      ""child"": ""timelimit"",
      ""parent"": ""job_state"",
      ""justification"": ""Timelimit is a job state indicating the maximum runtime allowed for a job, which"
311,doc_cc8b,doc_cc8b_chunk_0001,disk,filesystem,"Disk is a specific type of filesystem resource in HPC systems, representing local disk resources.","{
  ""is_a_edges"": [
    {
      ""child"": ""burst buffers"",
      ""parent"": ""resource"",
      ""justification"": ""Burst buffers are a specific type of resource in HPC systems, used for I/O staging or absorption.""
    },
    {
      ""child"": ""CPU"",
      ""parent"": ""resource"",
      ""justification"": ""CPU is a specific type of resource in HPC systems, representing a central processing unit.""
    },
    {
      ""child"": ""disk"",
      ""parent"": ""filesystem"",
      ""justification"": ""Disk is a specific type of filesystem resource in HPC systems, representing local disk resources.""
    },
    {
      ""child"": ""energy"",
      ""parent"": ""resource"",
      ""justification"": ""Energy is a specific type of resource in HPC systems, representing the total energy consumption of tasks.""
    },
    {
      ""child"": ""filesystem"",
      ""parent"": ""resource"",
      ""justification"": ""Filesystem is a general resource type in HPC systems, used for tracking usage or"
312,doc_ce7f,doc_ce7f_chunk_0005,lib64,lib,"lib64 is a specific subdirectory where Slurm libraries are installed, while lib is a more general term for a subdirectory where libraries are installed.","{
  ""is_a_edges"": [
    {
      ""child"": ""lib64"",
      ""parent"": ""lib"",
      ""justification"": ""lib64 is a specific subdirectory where Slurm libraries are installed, while lib is a more general term for a subdirectory where libraries are installed.""
    },
    {
      ""child"": ""library_location"",
      ""parent"": ""config_file"",
      ""justification"": ""library_location is a directory where Slurm libraries are installed, as specified by the PREFIX and subdirectory (e.g., lib or lib64), which is a configuration file.""
    },
    {
      ""child"": ""single-purpose nodes"",
      ""parent"": ""node types"",
      ""justification"": ""Single-purpose nodes are a specific type of node types in an HPC cluster, as they perform a specific task to optimize resource utilization.""
    },
    {
      ""child"": ""optional functionality"",
      ""parent"": ""other_hpc"",
      ""justification"": ""Optional functionality refers to additional features or capabilities that can be enabled or disabled in"
313,doc_ce7f,doc_ce7f_chunk_0005,single-purpose nodes,node types,"Single-purpose nodes are a specific type of node types in an HPC cluster, as they perform a specific task to optimize resource utilization.","{
  ""is_a_edges"": [
    {
      ""child"": ""lib64"",
      ""parent"": ""lib"",
      ""justification"": ""lib64 is a specific subdirectory where Slurm libraries are installed, while lib is a more general term for a subdirectory where libraries are installed.""
    },
    {
      ""child"": ""library_location"",
      ""parent"": ""config_file"",
      ""justification"": ""library_location is a directory where Slurm libraries are installed, as specified by the PREFIX and subdirectory (e.g., lib or lib64), which is a configuration file.""
    },
    {
      ""child"": ""single-purpose nodes"",
      ""parent"": ""node types"",
      ""justification"": ""Single-purpose nodes are a specific type of node types in an HPC cluster, as they perform a specific task to optimize resource utilization.""
    },
    {
      ""child"": ""optional functionality"",
      ""parent"": ""other_hpc"",
      ""justification"": ""Optional functionality refers to additional features or capabilities that can be enabled or disabled in"
314,doc_ce7f,doc_ce7f_chunk_0006,backup controller,controller,The backup controller is a specific type of controller that takes over when the primary controller fails.,"{
  ""is_a_edges"": [
    {
      ""child"": ""backup controller"",
      ""parent"": ""controller"",
      ""justification"": ""The backup controller is a specific type of controller that takes over when the primary controller fails.""
    },
    {
      ""child"": ""controller node"",
      ""parent"": ""compute node"",
      ""justification"": ""Controller nodes are a specific type of compute nodes that run Slurm daemons and manage job scheduling and allocation.""
    },
    {
      ""child"": ""dbd node"",
      ""parent"": ""controller"",
      ""justification"": ""The DBD node is a specific type of controller that manages job accounting records.""
    },
    {
      ""child"": ""head node"",
      ""parent"": ""controller node"",
      ""justification"": ""The head node is a specific type of controller node that runs the slurmctld daemon.""
    },
    {
      ""child"": ""slurm"",
      ""parent"": ""scheduler"",
      ""justification"": ""Slurm is a specific type of scheduler for HPC systems."""
315,doc_ce7f,doc_ce7f_chunk_0006,controller node,compute node,Controller nodes are a specific type of compute nodes that run Slurm daemons and manage job scheduling and allocation.,"{
  ""is_a_edges"": [
    {
      ""child"": ""backup controller"",
      ""parent"": ""controller"",
      ""justification"": ""The backup controller is a specific type of controller that takes over when the primary controller fails.""
    },
    {
      ""child"": ""controller node"",
      ""parent"": ""compute node"",
      ""justification"": ""Controller nodes are a specific type of compute nodes that run Slurm daemons and manage job scheduling and allocation.""
    },
    {
      ""child"": ""dbd node"",
      ""parent"": ""controller"",
      ""justification"": ""The DBD node is a specific type of controller that manages job accounting records.""
    },
    {
      ""child"": ""head node"",
      ""parent"": ""controller node"",
      ""justification"": ""The head node is a specific type of controller node that runs the slurmctld daemon.""
    },
    {
      ""child"": ""slurm"",
      ""parent"": ""scheduler"",
      ""justification"": ""Slurm is a specific type of scheduler for HPC systems."""
316,doc_ce7f,doc_ce7f_chunk_0006,dbd node,controller,The DBD node is a specific type of controller that manages job accounting records.,"{
  ""is_a_edges"": [
    {
      ""child"": ""backup controller"",
      ""parent"": ""controller"",
      ""justification"": ""The backup controller is a specific type of controller that takes over when the primary controller fails.""
    },
    {
      ""child"": ""controller node"",
      ""parent"": ""compute node"",
      ""justification"": ""Controller nodes are a specific type of compute nodes that run Slurm daemons and manage job scheduling and allocation.""
    },
    {
      ""child"": ""dbd node"",
      ""parent"": ""controller"",
      ""justification"": ""The DBD node is a specific type of controller that manages job accounting records.""
    },
    {
      ""child"": ""head node"",
      ""parent"": ""controller node"",
      ""justification"": ""The head node is a specific type of controller node that runs the slurmctld daemon.""
    },
    {
      ""child"": ""slurm"",
      ""parent"": ""scheduler"",
      ""justification"": ""Slurm is a specific type of scheduler for HPC systems."""
317,doc_ce7f,doc_ce7f_chunk_0006,head node,controller node,The head node is a specific type of controller node that runs the slurmctld daemon.,"{
  ""is_a_edges"": [
    {
      ""child"": ""backup controller"",
      ""parent"": ""controller"",
      ""justification"": ""The backup controller is a specific type of controller that takes over when the primary controller fails.""
    },
    {
      ""child"": ""controller node"",
      ""parent"": ""compute node"",
      ""justification"": ""Controller nodes are a specific type of compute nodes that run Slurm daemons and manage job scheduling and allocation.""
    },
    {
      ""child"": ""dbd node"",
      ""parent"": ""controller"",
      ""justification"": ""The DBD node is a specific type of controller that manages job accounting records.""
    },
    {
      ""child"": ""head node"",
      ""parent"": ""controller node"",
      ""justification"": ""The head node is a specific type of controller node that runs the slurmctld daemon.""
    },
    {
      ""child"": ""slurm"",
      ""parent"": ""scheduler"",
      ""justification"": ""Slurm is a specific type of scheduler for HPC systems."""
318,doc_ce7f,doc_ce7f_chunk_0007,login node,submit host,A login node is a specific type of submit host used for accessing the HPC cluster and submitting jobs.,"{
  ""is_a_edges"": [
    {
      ""child"": ""login node"",
      ""parent"": ""submit host"",
      ""justification"": ""A login node is a specific type of submit host used for accessing the HPC cluster and submitting jobs.""
    },
    {
      ""child"": ""slurmdbd"",
      ""parent"": ""scheduler"",
      ""justification"": ""Slurmdbd is a specific Slurm component responsible for managing job accounting and state information.""
    },
    {
      ""child"": ""slurmrestd"",
      ""parent"": ""other_hpc"",
      ""justification"": ""Slurmrestd is a specific daemon in SLURM that provides a REST API for programmatic job submission and management.""
    },
    {
      ""child"": ""slurmrestd daemon"",
      ""parent"": ""other_hpc"",
      ""justification"": ""The slurmrestd daemon is a specific component of the SLURM scheduler that provides a REST API for programmatic job submission and management.""
    },
    {
      ""child"":"
319,doc_ce7f,doc_ce7f_chunk_0013,comma separated numbers,node range expression,"Comma separated numbers are used in node range expressions to define node ranges, making them a specific type of node range expression.","{
  ""is_a_edges"": [
    {
      ""child"": ""node range expression"",
      ""parent"": ""command"",
      ""justification"": ""Node range expression is a syntax used to specify a range of nodes, which is a type of command.""
    },
    {
      ""child"": ""comma separated numbers"",
      ""parent"": ""node range expression"",
      ""justification"": ""Comma separated numbers are used in node range expressions to define node ranges, making them a specific type of node range expression.""
    },
    {
      ""child"": ""ranges of numbers"",
      ""parent"": ""node range expression"",
      ""justification"": ""Ranges of numbers are a specific type of node range expression, used to define groups of nodes in partitions or queues.""
    },
    {
      ""child"": ""square brackets"",
      ""parent"": ""node range expression"",
      ""justification"": ""Square brackets are used in node range expressions to define the structure of the range, making them a specific type of node range expression.""
    },
    {
      ""child"": ""partitions"
320,doc_ce7f,doc_ce7f_chunk_0013,ranges of numbers,node range expression,"Ranges of numbers are a specific type of node range expression, used to define groups of nodes in partitions or queues.","{
  ""is_a_edges"": [
    {
      ""child"": ""node range expression"",
      ""parent"": ""command"",
      ""justification"": ""Node range expression is a syntax used to specify a range of nodes, which is a type of command.""
    },
    {
      ""child"": ""comma separated numbers"",
      ""parent"": ""node range expression"",
      ""justification"": ""Comma separated numbers are used in node range expressions to define node ranges, making them a specific type of node range expression.""
    },
    {
      ""child"": ""ranges of numbers"",
      ""parent"": ""node range expression"",
      ""justification"": ""Ranges of numbers are a specific type of node range expression, used to define groups of nodes in partitions or queues.""
    },
    {
      ""child"": ""square brackets"",
      ""parent"": ""node range expression"",
      ""justification"": ""Square brackets are used in node range expressions to define the structure of the range, making them a specific type of node range expression.""
    },
    {
      ""child"": ""partitions"
321,doc_ce7f,doc_ce7f_chunk_0013,square brackets,node range expression,"Square brackets are used in node range expressions to define the structure of the range, making them a specific type of node range expression.","{
  ""is_a_edges"": [
    {
      ""child"": ""node range expression"",
      ""parent"": ""command"",
      ""justification"": ""Node range expression is a syntax used to specify a range of nodes, which is a type of command.""
    },
    {
      ""child"": ""comma separated numbers"",
      ""parent"": ""node range expression"",
      ""justification"": ""Comma separated numbers are used in node range expressions to define node ranges, making them a specific type of node range expression.""
    },
    {
      ""child"": ""ranges of numbers"",
      ""parent"": ""node range expression"",
      ""justification"": ""Ranges of numbers are a specific type of node range expression, used to define groups of nodes in partitions or queues.""
    },
    {
      ""child"": ""square brackets"",
      ""parent"": ""node range expression"",
      ""justification"": ""Square brackets are used in node range expressions to define the structure of the range, making them a specific type of node range expression.""
    },
    {
      ""child"": ""partitions"
322,doc_d199,doc_d199_chunk_0005,broken specification,openapi standard,"A broken specification refers to a violation of the OpenAPI standard, which is a specification for defining and documenting REST APIs.","{
  ""is_a_edges"": [
    {
      ""child"": ""broken specification"",
      ""parent"": ""openapi standard"",
      ""justification"": ""A broken specification refers to a violation of the OpenAPI standard, which is a specification for defining and documenting REST APIs.""
    },
    {
      ""child"": ""openapi specification"",
      ""parent"": ""scheduler"",
      ""justification"": ""The OpenAPI Specification (OAS) is a standard format for describing REST APIs, which is a component of the Slurm scheduler.""
    },
    {
      ""child"": ""slurmrestd"",
      ""parent"": ""scheduler"",
      ""justification"": ""slurmrestd is a daemon in SLURM that provides a REST API for programmatic job submission and management, which is a component of the Slurm scheduler.""
    },
    {
      ""child"": ""slurmdbd"",
      ""parent"": ""scheduler"",
      ""justification"": ""SlurmDBD is a Slurm component responsible for managing job accounting and state information,"
323,doc_d41b,doc_d41b_chunk_0001,job qos limit,hierarchical limits,Job QOS limit is a specific type of hierarchical limit enforced by SLURM for job resource usage.,"{
  ""is_a_edges"": [
    {
      ""child"": ""job qos limit"",
      ""parent"": ""hierarchical limits"",
      ""justification"": ""Job QOS limit is a specific type of hierarchical limit enforced by SLURM for job resource usage.""
    },
    {
      ""child"": ""partition limit"",
      ""parent"": ""hierarchical limits"",
      ""justification"": ""Partition limit is a specific type of hierarchical limit enforced by SLURM for job and submitted job resource usage in a partition.""
    },
    {
      ""child"": ""maxjobs"",
      ""parent"": ""hierarchical limits"",
      ""justification"": ""MaxJobs is a specific configuration parameter for setting the maximum number of jobs allowed in a partition or QoS, which is a type of hierarchical limit.""
    },
    {
      ""child"": ""maxnodes"",
      ""parent"": ""hierarchical limits"",
      ""justification"": ""MaxNodes is a specific configuration parameter for setting the maximum number of nodes a job can request in a partition, which"
324,doc_d41b,doc_d41b_chunk_0001,partition limit,hierarchical limits,Partition limit is a specific type of hierarchical limit enforced by SLURM for job and submitted job resource usage in a partition.,"{
  ""is_a_edges"": [
    {
      ""child"": ""job qos limit"",
      ""parent"": ""hierarchical limits"",
      ""justification"": ""Job QOS limit is a specific type of hierarchical limit enforced by SLURM for job resource usage.""
    },
    {
      ""child"": ""partition limit"",
      ""parent"": ""hierarchical limits"",
      ""justification"": ""Partition limit is a specific type of hierarchical limit enforced by SLURM for job and submitted job resource usage in a partition.""
    },
    {
      ""child"": ""maxjobs"",
      ""parent"": ""hierarchical limits"",
      ""justification"": ""MaxJobs is a specific configuration parameter for setting the maximum number of jobs allowed in a partition or QoS, which is a type of hierarchical limit.""
    },
    {
      ""child"": ""maxnodes"",
      ""parent"": ""hierarchical limits"",
      ""justification"": ""MaxNodes is a specific configuration parameter for setting the maximum number of nodes a job can request in a partition, which"
325,doc_d41b,doc_d41b_chunk_0001,maxjobs,hierarchical limits,"MaxJobs is a specific configuration parameter for setting the maximum number of jobs allowed in a partition or QoS, which is a type of hierarchical limit.","{
  ""is_a_edges"": [
    {
      ""child"": ""job qos limit"",
      ""parent"": ""hierarchical limits"",
      ""justification"": ""Job QOS limit is a specific type of hierarchical limit enforced by SLURM for job resource usage.""
    },
    {
      ""child"": ""partition limit"",
      ""parent"": ""hierarchical limits"",
      ""justification"": ""Partition limit is a specific type of hierarchical limit enforced by SLURM for job and submitted job resource usage in a partition.""
    },
    {
      ""child"": ""maxjobs"",
      ""parent"": ""hierarchical limits"",
      ""justification"": ""MaxJobs is a specific configuration parameter for setting the maximum number of jobs allowed in a partition or QoS, which is a type of hierarchical limit.""
    },
    {
      ""child"": ""maxnodes"",
      ""parent"": ""hierarchical limits"",
      ""justification"": ""MaxNodes is a specific configuration parameter for setting the maximum number of nodes a job can request in a partition, which"
326,doc_d41b,doc_d41b_chunk_0001,maxnodes,hierarchical limits,,"{
  ""is_a_edges"": [
    {
      ""child"": ""job qos limit"",
      ""parent"": ""hierarchical limits"",
      ""justification"": ""Job QOS limit is a specific type of hierarchical limit enforced by SLURM for job resource usage.""
    },
    {
      ""child"": ""partition limit"",
      ""parent"": ""hierarchical limits"",
      ""justification"": ""Partition limit is a specific type of hierarchical limit enforced by SLURM for job and submitted job resource usage in a partition.""
    },
    {
      ""child"": ""maxjobs"",
      ""parent"": ""hierarchical limits"",
      ""justification"": ""MaxJobs is a specific configuration parameter for setting the maximum number of jobs allowed in a partition or QoS, which is a type of hierarchical limit.""
    },
    {
      ""child"": ""maxnodes"",
      ""parent"": ""hierarchical limits"",
      ""justification"": ""MaxNodes is a specific configuration parameter for setting the maximum number of nodes a job can request in a partition, which"
327,doc_d41b,doc_d41b_chunk_0004,account limits,limits,"Account limits are a specific type of limits in SLURM, configurable for users, accounts, or clusters.","{
  ""is_a_edges"": [
    {
      ""child"": ""account limits"",
      ""parent"": ""limits"",
      ""justification"": ""Account limits are a specific type of limits in SLURM, configurable for users, accounts, or clusters.""
    },
    {
      ""child"": ""association"",
      ""parent"": ""queue_or_partition"",
      ""justification"": ""Association is an optional filter for jobs in SLURM, similar to queues or partitions.""
    },
    {
      ""child"": ""cluster limits"",
      ""parent"": ""limits"",
      ""justification"": ""Cluster limits are a specific type of limits in SLURM, set for an association, account, or cluster.""
    },
    {
      ""child"": ""partition records"",
      ""parent"": ""queue_or_partition"",
      ""justification"": ""Partition records are Slurm entities that define the limits and scheduling policies for job queues or partitions, similar to queues or partitions.""
    },
    {
      ""child"": ""scheduling policies (association specific)"","
328,doc_d41b,doc_d41b_chunk_0004,cluster limits,limits,"Cluster limits are a specific type of limits in SLURM, set for an association, account, or cluster.","{
  ""is_a_edges"": [
    {
      ""child"": ""account limits"",
      ""parent"": ""limits"",
      ""justification"": ""Account limits are a specific type of limits in SLURM, configurable for users, accounts, or clusters.""
    },
    {
      ""child"": ""association"",
      ""parent"": ""queue_or_partition"",
      ""justification"": ""Association is an optional filter for jobs in SLURM, similar to queues or partitions.""
    },
    {
      ""child"": ""cluster limits"",
      ""parent"": ""limits"",
      ""justification"": ""Cluster limits are a specific type of limits in SLURM, set for an association, account, or cluster.""
    },
    {
      ""child"": ""partition records"",
      ""parent"": ""queue_or_partition"",
      ""justification"": ""Partition records are Slurm entities that define the limits and scheduling policies for job queues or partitions, similar to queues or partitions.""
    },
    {
      ""child"": ""scheduling policies (association specific)"","
329,doc_d41b,doc_d41b_chunk_0005,grpjobs,total jobs,"GrpJobs is the total number of jobs that can run concurrently from an association and its children, which is a specific type of total jobs.","{
  ""is_a_edges"": [
    {
      ""child"": ""grpjobs"",
      ""parent"": ""total jobs"",
      ""justification"": ""GrpJobs is the total number of jobs that can run concurrently from an association and its children, which is a specific type of total jobs.""
    },
    {
      ""child"": ""grpjobsaccrue"",
      ""parent"": ""config_param"",
      ""justification"": ""GrpJobsAccrue is a configuration parameter that sets the limit on the number of pending jobs able to accrue age priority, which is a specific type of config_param.""
    },
    {
      ""child"": ""grpsubmitjobs"",
      ""parent"": ""config_param"",
      ""justification"": ""GrpSubmitJobs is a configuration parameter that sets the maximum number of jobs that can be submitted to the system, which is a specific type of config_param.""
    },
    {
      ""child"": ""age priority"",
      ""parent"": ""job_state"",
      ""justification"": ""Age priority is a value used"
330,doc_d41b,doc_d41b_chunk_0008,job's requested qos,qos,The job's requested QOS is a specific type of QOS that a job specifies in SLURM.,"{
  ""is_a_edges"": [
    {
      ""child"": ""job's requested qos"",
      ""parent"": ""qos"",
      ""justification"": ""The job's requested QOS is a specific type of QOS that a job specifies in SLURM.""
    },
    {
      ""child"": ""partition qos"",
      ""parent"": ""qos"",
      ""justification"": ""Partition QOS is a specific type of QOS defined for a partition in the Slurm scheduler.""
    },
    {
      ""child"": ""grptres"",
      ""parent"": ""config_param"",
      ""justification"": ""GrpTRES is a Slurm configuration parameter used to set resource limits for a Partition QOS.""
    },
    {
      ""child"": ""tres"",
      ""parent"": ""resource"",
      ""justification"": ""TRES (Total Resource Estimates) is a SLURM concept representing the total resources requested by a job.""
    },
    {
      ""child"": ""gres/gpu"",
      ""parent"": ""resource"",
      ""just"
331,doc_d41b,doc_d41b_chunk_0008,partition qos,qos,Partition QOS is a specific type of QOS defined for a partition in the Slurm scheduler.,"{
  ""is_a_edges"": [
    {
      ""child"": ""job's requested qos"",
      ""parent"": ""qos"",
      ""justification"": ""The job's requested QOS is a specific type of QOS that a job specifies in SLURM.""
    },
    {
      ""child"": ""partition qos"",
      ""parent"": ""qos"",
      ""justification"": ""Partition QOS is a specific type of QOS defined for a partition in the Slurm scheduler.""
    },
    {
      ""child"": ""grptres"",
      ""parent"": ""config_param"",
      ""justification"": ""GrpTRES is a Slurm configuration parameter used to set resource limits for a Partition QOS.""
    },
    {
      ""child"": ""tres"",
      ""parent"": ""resource"",
      ""justification"": ""TRES (Total Resource Estimates) is a SLURM concept representing the total resources requested by a job.""
    },
    {
      ""child"": ""gres/gpu"",
      ""parent"": ""resource"",
      ""just"
332,doc_d41b,doc_d41b_chunk_0009,grpsubmitjobs,job's qos,"GrpSubmitJobs is a configuration parameter that sets the maximum number of jobs that can be submitted to the system at any given time from an association and its children, which is a limit applied to the job's QOS.","{
  ""is_a_edges"": [
    {
      ""child"": ""grpsubmitjobs"",
      ""parent"": ""job's qos"",
      ""justification"": ""GrpSubmitJobs is a configuration parameter that sets the maximum number of jobs that can be submitted to the system at any given time from an association and its children, which is a limit applied to the job's QOS.""
    },
    {
      ""child"": ""grptres"",
      ""parent"": ""partition's qos"",
      ""justification"": ""GrpTRES is a Slurm configuration parameter used to set resource limits for a Partition QOS, making it a specific type of limit applied to the partition's QOS.""
    },
    {
      ""child"": ""prioritydecayhalflife"",
      ""parent"": ""job's qos"",
      ""justification"": ""PriorityDecayHalfLife is a configuration parameter that determines the time it takes for the priority of a job to decay by half, affecting the job's scheduling priority, which is a property of the job's QOS.""
    },"
333,doc_d41b,doc_d41b_chunk_0009,grptres,partition's qos,"GrpTRES is a Slurm configuration parameter used to set resource limits for a Partition QOS, making it a specific type of limit applied to the partition's QOS.","{
  ""is_a_edges"": [
    {
      ""child"": ""grpsubmitjobs"",
      ""parent"": ""job's qos"",
      ""justification"": ""GrpSubmitJobs is a configuration parameter that sets the maximum number of jobs that can be submitted to the system at any given time from an association and its children, which is a limit applied to the job's QOS.""
    },
    {
      ""child"": ""grptres"",
      ""parent"": ""partition's qos"",
      ""justification"": ""GrpTRES is a Slurm configuration parameter used to set resource limits for a Partition QOS, making it a specific type of limit applied to the partition's QOS.""
    },
    {
      ""child"": ""prioritydecayhalflife"",
      ""parent"": ""job's qos"",
      ""justification"": ""PriorityDecayHalfLife is a configuration parameter that determines the time it takes for the priority of a job to decay by half, affecting the job's scheduling priority, which is a property of the job's QOS.""
    },"
334,doc_d41b,doc_d41b_chunk_0009,prioritydecayhalflife,job's qos,"PriorityDecayHalfLife is a configuration parameter that determines the time it takes for the priority of a job to decay by half, affecting the job's scheduling priority, which is a property of the job's QOS.","{
  ""is_a_edges"": [
    {
      ""child"": ""grpsubmitjobs"",
      ""parent"": ""job's qos"",
      ""justification"": ""GrpSubmitJobs is a configuration parameter that sets the maximum number of jobs that can be submitted to the system at any given time from an association and its children, which is a limit applied to the job's QOS.""
    },
    {
      ""child"": ""grptres"",
      ""parent"": ""partition's qos"",
      ""justification"": ""GrpTRES is a Slurm configuration parameter used to set resource limits for a Partition QOS, making it a specific type of limit applied to the partition's QOS.""
    },
    {
      ""child"": ""prioritydecayhalflife"",
      ""parent"": ""job's qos"",
      ""justification"": ""PriorityDecayHalfLife is a configuration parameter that determines the time it takes for the priority of a job to decay by half, affecting the job's scheduling priority, which is a property of the job's QOS.""
    },"
335,doc_d41b,doc_d41b_chunk_0010,grpwall,time limit,GrpWall is a specific type of time limit that sets the maximum wall clock time running jobs can be allocated in aggregate for a QOS.,"{
  ""is_a_edges"": [
    {
      ""child"": ""grptres"",
      ""parent"": ""maxTRES"",
      ""justification"": ""GrpTRES is a specific type of resource limit that is used in the context of a Partition QOS, while MaxTRES is a more general resource limit.""
    },
    {
      ""child"": ""grpwall"",
      ""parent"": ""time limit"",
      ""justification"": ""GrpWall is a specific type of time limit that sets the maximum wall clock time running jobs can be allocated in aggregate for a QOS.""
    },
    {
      ""child"": ""limitfactor"",
      ""parent"": ""config_param"",
      ""justification"": ""LimitFactor is a configuration parameter that factors into the time and resource limits for a QoS, affecting how jobs are allocated and prioritized.""
    },
    {
      ""child"": ""maxjobsaccrueperaccount"",
      ""parent"": ""config_param"",
      ""justification"": ""MaxJobsAccruePerAccount is a configuration parameter that sets the maximum number of pending jobs"
336,doc_d41b,doc_d41b_chunk_0014,gres/gpu:tesla,gres/gpu,gres/gpu:tesla is a specific resource type in SLURM and LSF that represents a Tesla GPU.,"{
  ""is_a_edges"": [
    {
      ""child"": ""gres_request"",
      ""parent"": ""resource"",
      ""justification"": ""gres_request is a string variable that specifies the requested GPU resources for a job, including their type.""
    },
    {
      ""child"": ""gres/gpu:tesla"",
      ""parent"": ""gres/gpu"",
      ""justification"": ""gres/gpu:tesla is a specific resource type in SLURM and LSF that represents a Tesla GPU.""
    },
    {
      ""child"": ""job reason codes"",
      ""parent"": ""job_state"",
      ""justification"": ""Job Reason Codes are labels assigned by the scheduler when a pending job exceeds a configured resource limit.""
    },
    {
      ""child"": ""job_desc"",
      ""parent"": ""other_hpc"",
      ""justification"": ""job_desc is a data structure in SLURM that contains job submission details, including SELinux context information.""
    },
    {
      ""child"": ""lua job submit plugin"","
337,doc_d9be,doc_d9be_chunk_0001,job step,job,A job step is a distinct unit of work within a job in SLURM.,"{
  ""is_a_edges"": [
    {
      ""child"": ""cpu resources"",
      ""parent"": ""resource"",
      ""justification"": ""Cpu resources are a specific type of resource in SLURM, including sockets, cores, threads, and logical CPUs.""
    },
    {
      ""child"": ""job step"",
      ""parent"": ""job"",
      ""justification"": ""A job step is a distinct unit of work within a job in SLURM.""
    },
    {
      ""child"": ""job step"",
      ""parent"": ""job_state"",
      ""justification"": ""A job step is a state within a job in SLURM.""
    },
    {
      ""child"": ""select/cons_tres"",
      ""parent"": ""selecttypeparameters"",
      ""justification"": ""Select/cons_tres is a specific type of SelectTypeParameters, allocating socket/core/CPU resources for jobs requiring consistent memory resources.""
    },
    {
      ""child"": ""select/linear"",
      ""parent"": ""selecttype"",
      ""justification"": ""Select"
338,doc_d9be,doc_d9be_chunk_0001,select/cons_tres,selecttypeparameters,"Select/cons_tres is a specific type of SelectTypeParameters, allocating socket/core/CPU resources for jobs requiring consistent memory resources.","{
  ""is_a_edges"": [
    {
      ""child"": ""cpu resources"",
      ""parent"": ""resource"",
      ""justification"": ""Cpu resources are a specific type of resource in SLURM, including sockets, cores, threads, and logical CPUs.""
    },
    {
      ""child"": ""job step"",
      ""parent"": ""job"",
      ""justification"": ""A job step is a distinct unit of work within a job in SLURM.""
    },
    {
      ""child"": ""job step"",
      ""parent"": ""job_state"",
      ""justification"": ""A job step is a state within a job in SLURM.""
    },
    {
      ""child"": ""select/cons_tres"",
      ""parent"": ""selecttypeparameters"",
      ""justification"": ""Select/cons_tres is a specific type of SelectTypeParameters, allocating socket/core/CPU resources for jobs requiring consistent memory resources.""
    },
    {
      ""child"": ""select/linear"",
      ""parent"": ""selecttype"",
      ""justification"": ""Select"
339,doc_d9be,doc_d9be_chunk_0001,select/linear,selecttype,,"{
  ""is_a_edges"": [
    {
      ""child"": ""cpu resources"",
      ""parent"": ""resource"",
      ""justification"": ""Cpu resources are a specific type of resource in SLURM, including sockets, cores, threads, and logical CPUs.""
    },
    {
      ""child"": ""job step"",
      ""parent"": ""job"",
      ""justification"": ""A job step is a distinct unit of work within a job in SLURM.""
    },
    {
      ""child"": ""job step"",
      ""parent"": ""job_state"",
      ""justification"": ""A job step is a state within a job in SLURM.""
    },
    {
      ""child"": ""select/cons_tres"",
      ""parent"": ""selecttypeparameters"",
      ""justification"": ""Select/cons_tres is a specific type of SelectTypeParameters, allocating socket/core/CPU resources for jobs requiring consistent memory resources.""
    },
    {
      ""child"": ""select/linear"",
      ""parent"": ""selecttype"",
      ""justification"": ""Select"
340,doc_d9be,doc_d9be_chunk_0002,config_overrides,partition,"Config_overrides is a parameter used in partition definitions, making it a specific type of partition configuration.","{
  ""is_a_edges"": [
    {
      ""child"": ""config_overrides"",
      ""parent"": ""partition"",
      ""justification"": ""Config_overrides is a parameter used in partition definitions, making it a specific type of partition configuration.""
    },
    {
      ""child"": ""cr_core"",
      ""parent"": ""config_param"",
      ""justification"": ""Cr_core is a configuration parameter that specifies the consumable resource type for CPU cores, making it a specific type of configuration parameter.""
    },
    {
      ""child"": ""cr_cpu"",
      ""parent"": ""config_param"",
      ""justification"": ""Cr_cpu is a configuration parameter that, when selected, affects the node allocation mechanism, making it a specific type of configuration parameter.""
    },
    {
      ""child"": ""cr_cpu_memory"",
      ""parent"": ""config_param"",
      ""justification"": ""Cr_cpu_memory is a configuration parameter that treats CPUs as countable resources for job timeslicing, making it a specific type of configuration parameter.""
    },
    {"
341,doc_d9be,doc_d9be_chunk_0008,allocated cpus,consumable resources,Allocated CPUs are a specific type of consumable resources in SLURM.,"{
  ""is_a_edges"": [
    {
      ""child"": ""allocated cpus"",
      ""parent"": ""consumable resources"",
      ""justification"": ""Allocated CPUs are a specific type of consumable resources in SLURM.""
    },
    {
      ""child"": ""cores"",
      ""parent"": ""cpus"",
      ""justification"": ""Cores are a specific type of CPUs.""
    },
    {
      ""child"": ""cr_core"",
      ""parent"": ""config_param"",
      ""justification"": ""cr_core is a configuration parameter for specifying the consumable resource type for CPU cores.""
    },
    {
      ""child"": ""default partition"",
      ""parent"": ""queue_or_partition"",
      ""justification"": ""The default partition is a predefined queue or partition that jobs are assigned to when no specific partition is specified.""
    },
    {
      ""child"": ""node"",
      ""parent"": ""resource"",
      ""justification"": ""A node is a compute resource in an HPC system where jobs can run."""
342,doc_d9be,doc_d9be_chunk_0008,cores,cpus,Cores are a specific type of CPUs.,"{
  ""is_a_edges"": [
    {
      ""child"": ""allocated cpus"",
      ""parent"": ""consumable resources"",
      ""justification"": ""Allocated CPUs are a specific type of consumable resources in SLURM.""
    },
    {
      ""child"": ""cores"",
      ""parent"": ""cpus"",
      ""justification"": ""Cores are a specific type of CPUs.""
    },
    {
      ""child"": ""cr_core"",
      ""parent"": ""config_param"",
      ""justification"": ""cr_core is a configuration parameter for specifying the consumable resource type for CPU cores.""
    },
    {
      ""child"": ""default partition"",
      ""parent"": ""queue_or_partition"",
      ""justification"": ""The default partition is a predefined queue or partition that jobs are assigned to when no specific partition is specified.""
    },
    {
      ""child"": ""node"",
      ""parent"": ""resource"",
      ""justification"": ""A node is a compute resource in an HPC system where jobs can run."""
343,doc_d9be,doc_d9be_chunk_0010,--nodes,srun,The --nodes option is a command-line flag used within the srun command for job placement.,"{
  ""is_a_edges"": [
    {
      ""child"": ""--nodes"",
      ""parent"": ""srun"",
      ""justification"": ""The --nodes option is a command-line flag used within the srun command for job placement.""
    },
    {
      ""child"": ""--ntasks"",
      ""parent"": ""srun"",
      ""justification"": ""The --ntasks option is a command-line flag used within the srun command to specify the number of tasks in a job.""
    },
    {
      ""child"": ""--overcommit"",
      ""parent"": ""srun"",
      ""justification"": ""The --overcommit option is a command-line flag used within the srun command to allow jobs to request more resources than are available.""
    },
    {
      ""child"": ""cpus"",
      ""parent"": ""resource"",
      ""justification"": ""CPUs are a specific type of resource in HPC systems.""
    },
    {
      ""child"": ""distribution"",
      ""parent"": ""other_hpc"",
      ""justification"": ""Distribution is"
344,doc_d9be,doc_d9be_chunk_0010,--ntasks,srun,The --ntasks option is a command-line flag used within the srun command to specify the number of tasks in a job.,"{
  ""is_a_edges"": [
    {
      ""child"": ""--nodes"",
      ""parent"": ""srun"",
      ""justification"": ""The --nodes option is a command-line flag used within the srun command for job placement.""
    },
    {
      ""child"": ""--ntasks"",
      ""parent"": ""srun"",
      ""justification"": ""The --ntasks option is a command-line flag used within the srun command to specify the number of tasks in a job.""
    },
    {
      ""child"": ""--overcommit"",
      ""parent"": ""srun"",
      ""justification"": ""The --overcommit option is a command-line flag used within the srun command to allow jobs to request more resources than are available.""
    },
    {
      ""child"": ""cpus"",
      ""parent"": ""resource"",
      ""justification"": ""CPUs are a specific type of resource in HPC systems.""
    },
    {
      ""child"": ""distribution"",
      ""parent"": ""other_hpc"",
      ""justification"": ""Distribution is"
345,doc_d9be,doc_d9be_chunk_0010,--overcommit,srun,The --overcommit option is a command-line flag used within the srun command to allow jobs to request more resources than are available.,"{
  ""is_a_edges"": [
    {
      ""child"": ""--nodes"",
      ""parent"": ""srun"",
      ""justification"": ""The --nodes option is a command-line flag used within the srun command for job placement.""
    },
    {
      ""child"": ""--ntasks"",
      ""parent"": ""srun"",
      ""justification"": ""The --ntasks option is a command-line flag used within the srun command to specify the number of tasks in a job.""
    },
    {
      ""child"": ""--overcommit"",
      ""parent"": ""srun"",
      ""justification"": ""The --overcommit option is a command-line flag used within the srun command to allow jobs to request more resources than are available.""
    },
    {
      ""child"": ""cpus"",
      ""parent"": ""resource"",
      ""justification"": ""CPUs are a specific type of resource in HPC systems.""
    },
    {
      ""child"": ""distribution"",
      ""parent"": ""other_hpc"",
      ""justification"": ""Distribution is"
346,doc_e2a1,doc_e2a1_chunk_0004,secondary slurmctld,slurmctld,A secondary slurmctld is a specific type of slurmctld that serves as a fallback if the primary slurmctld goes down.,"{
  ""is_a_edges"": [
    {
      ""child"": ""secondary slurmctld"",
      ""parent"": ""slurmctld"",
      ""justification"": ""A secondary slurmctld is a specific type of slurmctld that serves as a fallback if the primary slurmctld goes down.""
    },
    {
      ""child"": ""multi-cluster configurations"",
      ""parent"": ""multi-cluster operation"",
      ""justification"": ""Multi-cluster configurations are a specific type of multi-cluster operation, referring to the configuration of multiple SLURM clusters to communicate and share resources.""
    },
    {
      ""child"": ""slurmdbd communication"",
      ""parent"": ""slurmctld communication"",
      ""justification"": ""slurmdbd communication is a specific type of slurmctld communication, referring to the data exchange between slurmdbd and other SLURM components.""
    },
    {
      ""child"": ""slurmstepd"",
      ""parent"": ""scheduler"",
      ""justification"": ""slurmstepd is a program launched by the slurmd"
347,doc_e2a1,doc_e2a1_chunk_0004,multi-cluster configurations,multi-cluster operation,"Multi-cluster configurations are a specific type of multi-cluster operation, referring to the configuration of multiple SLURM clusters to communicate and share resources.","{
  ""is_a_edges"": [
    {
      ""child"": ""secondary slurmctld"",
      ""parent"": ""slurmctld"",
      ""justification"": ""A secondary slurmctld is a specific type of slurmctld that serves as a fallback if the primary slurmctld goes down.""
    },
    {
      ""child"": ""multi-cluster configurations"",
      ""parent"": ""multi-cluster operation"",
      ""justification"": ""Multi-cluster configurations are a specific type of multi-cluster operation, referring to the configuration of multiple SLURM clusters to communicate and share resources.""
    },
    {
      ""child"": ""slurmdbd communication"",
      ""parent"": ""slurmctld communication"",
      ""justification"": ""slurmdbd communication is a specific type of slurmctld communication, referring to the data exchange between slurmdbd and other SLURM components.""
    },
    {
      ""child"": ""slurmstepd"",
      ""parent"": ""scheduler"",
      ""justification"": ""slurmstepd is a program launched by the slurmd"
348,doc_e2a1,doc_e2a1_chunk_0004,slurmdbd communication,slurmctld communication,"slurmdbd communication is a specific type of slurmctld communication, referring to the data exchange between slurmdbd and other SLURM components.","{
  ""is_a_edges"": [
    {
      ""child"": ""secondary slurmctld"",
      ""parent"": ""slurmctld"",
      ""justification"": ""A secondary slurmctld is a specific type of slurmctld that serves as a fallback if the primary slurmctld goes down.""
    },
    {
      ""child"": ""multi-cluster configurations"",
      ""parent"": ""multi-cluster operation"",
      ""justification"": ""Multi-cluster configurations are a specific type of multi-cluster operation, referring to the configuration of multiple SLURM clusters to communicate and share resources.""
    },
    {
      ""child"": ""slurmdbd communication"",
      ""parent"": ""slurmctld communication"",
      ""justification"": ""slurmdbd communication is a specific type of slurmctld communication, referring to the data exchange between slurmdbd and other SLURM components.""
    },
    {
      ""child"": ""slurmstepd"",
      ""parent"": ""scheduler"",
      ""justification"": ""slurmstepd is a program launched by the slurmd"
349,doc_e2a1,doc_e2a1_chunk_0005,::ffff:0:0/96,precedence,::ffff:0:0/96 is a specific value for the precedence parameter in /etc/gai.conf.,"{
  ""is_a_edges"": [
    {
      ""child"": ""::ffff:0:0/96"",
      ""parent"": ""precedence"",
      ""justification"": ""::ffff:0:0/96 is a specific value for the precedence parameter in /etc/gai.conf.""
    },
    {
      ""child"": ""communicationparameters"",
      ""parent"": ""config_param"",
      ""justification"": ""communicationparameters is a specific configuration parameter in slurm.conf and slurmdbd.conf.""
    },
    {
      ""child"": ""disableipv4"",
      ""parent"": ""config_param"",
      ""justification"": ""disableipv4 is a specific configuration parameter in slurm.conf and slurmdbd.conf.""
    },
    {
      ""child"": ""enableipv6"",
      ""parent"": ""config_param"",
      ""justification"": ""enableipv6 is a specific configuration parameter in slurm.conf and slurmdbd.conf.""
    },
    {
      ""child"": ""getaddrinfo"",
      ""parent"
350,doc_e2ce,doc_e2ce_chunk_0001,partitionname,partition,"PartitionName is the name given to a single partition or queue in a Slurm-managed cluster, which is a specific type of partition.","{
  ""is_a_edges"": [
    {
      ""child"": ""dynamic node"",
      ""parent"": ""node"",
      ""justification"": ""Dynamic nodes are a specific type of node that can be added and removed from the Slurm cluster dynamically.""
    },
    {
      ""child"": ""dynamically"",
      ""parent"": ""resource"",
      ""justification"": ""Dynamically refers to nodes that can be added and removed from the Slurm cluster dynamically.""
    },
    {
      ""child"": ""Nodeset"",
      ""parent"": ""partition"",
      ""justification"": ""Nodeset is a group of nodes that can be automatically assigned to partitions at creation, which is a specific type of partition.""
    },
    {
      ""child"": ""partitionname"",
      ""parent"": ""partition"",
      ""justification"": ""PartitionName is the name given to a single partition or queue in a Slurm-managed cluster, which is a specific type of partition.""
    },
    {
      ""child"": ""selecttype"",
      ""parent"": ""config_param"",
      ""justification"":"
351,doc_e2ce,doc_e2ce_chunk_0002,topology names,topology names and units,Topology names are a specific part of the topology names and units configuration parameter.,"{
  ""is_a_edges"": [
    {
      ""child"": ""topology names"",
      ""parent"": ""topology names and units"",
      ""justification"": ""Topology names are a specific part of the topology names and units configuration parameter.""
    },
    {
      ""child"": ""topology unit"",
      ""parent"": ""topology names and units"",
      ""justification"": ""Topology unit is a specific part of the topology names and units configuration parameter.""
    },
    {
      ""child"": ""topology.conf"",
      ""parent"": ""config_file"",
      ""justification"": ""topology.conf is a specific Slurm configuration file used for defining the network topology.""
    },
    {
      ""child"": ""topology.yaml"",
      ""parent"": ""config_file"",
      ""justification"": ""topology.yaml is a specific Slurm configuration file used for defining multiple network topologies.""
    },
    {
      ""child"": ""topology=topo-block"",
      ""parent"": ""topology option"",
      ""justification"": ""top"
352,doc_e2ce,doc_e2ce_chunk_0002,topology unit,topology names and units,Topology unit is a specific part of the topology names and units configuration parameter.,"{
  ""is_a_edges"": [
    {
      ""child"": ""topology names"",
      ""parent"": ""topology names and units"",
      ""justification"": ""Topology names are a specific part of the topology names and units configuration parameter.""
    },
    {
      ""child"": ""topology unit"",
      ""parent"": ""topology names and units"",
      ""justification"": ""Topology unit is a specific part of the topology names and units configuration parameter.""
    },
    {
      ""child"": ""topology.conf"",
      ""parent"": ""config_file"",
      ""justification"": ""topology.conf is a specific Slurm configuration file used for defining the network topology.""
    },
    {
      ""child"": ""topology.yaml"",
      ""parent"": ""config_file"",
      ""justification"": ""topology.yaml is a specific Slurm configuration file used for defining multiple network topologies.""
    },
    {
      ""child"": ""topology=topo-block"",
      ""parent"": ""topology option"",
      ""justification"": ""top"
353,doc_e2ce,doc_e2ce_chunk_0002,topology=topo-block,topology option,,"{
  ""is_a_edges"": [
    {
      ""child"": ""topology names"",
      ""parent"": ""topology names and units"",
      ""justification"": ""Topology names are a specific part of the topology names and units configuration parameter.""
    },
    {
      ""child"": ""topology unit"",
      ""parent"": ""topology names and units"",
      ""justification"": ""Topology unit is a specific part of the topology names and units configuration parameter.""
    },
    {
      ""child"": ""topology.conf"",
      ""parent"": ""config_file"",
      ""justification"": ""topology.conf is a specific Slurm configuration file used for defining the network topology.""
    },
    {
      ""child"": ""topology.yaml"",
      ""parent"": ""config_file"",
      ""justification"": ""topology.yaml is a specific Slurm configuration file used for defining multiple network topologies.""
    },
    {
      ""child"": ""topology=topo-block"",
      ""parent"": ""topology option"",
      ""justification"": ""top"
354,doc_e2d8,doc_e2d8_chunk_0001,slurm and kubernetes,slurm,"Slurm and Kubernetes are being integrated to create a unified cluster, making slurm and kubernetes a specific type of slurm.","{
  ""is_a_edges"": [
    {
      ""child"": ""slurm and kubernetes"",
      ""parent"": ""slurm"",
      ""justification"": ""Slurm and Kubernetes are being integrated to create a unified cluster, making slurm and kubernetes a specific type of slurm.""
    },
    {
      ""child"": ""slurm and kubernetes"",
      ""parent"": ""kubernetes"",
      ""justification"": ""Slurm and Kubernetes are being integrated to create a unified cluster, making slurm and kubernetes a specific type of kubernetes.""
    },
    {
      ""child"": ""unified cluster"",
      ""parent"": ""hpc clusters"",
      ""justification"": ""A unified cluster is an HPC environment that integrates Kubernetes and Slurm, making it a specific type of HPC cluster.""
    },
    {
      ""child"": ""workflows"",
      ""parent"": ""deployments"",
      ""justification"": ""Workflows are a specific type of deployments, as they involve the coordinated execution of multiple jobs or tasks.""
    },
    {"
355,doc_e2d8,doc_e2d8_chunk_0001,slurm and kubernetes,kubernetes,"Slurm and Kubernetes are being integrated to create a unified cluster, making slurm and kubernetes a specific type of kubernetes.","{
  ""is_a_edges"": [
    {
      ""child"": ""slurm and kubernetes"",
      ""parent"": ""slurm"",
      ""justification"": ""Slurm and Kubernetes are being integrated to create a unified cluster, making slurm and kubernetes a specific type of slurm.""
    },
    {
      ""child"": ""slurm and kubernetes"",
      ""parent"": ""kubernetes"",
      ""justification"": ""Slurm and Kubernetes are being integrated to create a unified cluster, making slurm and kubernetes a specific type of kubernetes.""
    },
    {
      ""child"": ""unified cluster"",
      ""parent"": ""hpc clusters"",
      ""justification"": ""A unified cluster is an HPC environment that integrates Kubernetes and Slurm, making it a specific type of HPC cluster.""
    },
    {
      ""child"": ""workflows"",
      ""parent"": ""deployments"",
      ""justification"": ""Workflows are a specific type of deployments, as they involve the coordinated execution of multiple jobs or tasks.""
    },
    {"
356,doc_e2d8,doc_e2d8_chunk_0001,unified cluster,hpc clusters,"A unified cluster is an HPC environment that integrates Kubernetes and Slurm, making it a specific type of HPC cluster.","{
  ""is_a_edges"": [
    {
      ""child"": ""slurm and kubernetes"",
      ""parent"": ""slurm"",
      ""justification"": ""Slurm and Kubernetes are being integrated to create a unified cluster, making slurm and kubernetes a specific type of slurm.""
    },
    {
      ""child"": ""slurm and kubernetes"",
      ""parent"": ""kubernetes"",
      ""justification"": ""Slurm and Kubernetes are being integrated to create a unified cluster, making slurm and kubernetes a specific type of kubernetes.""
    },
    {
      ""child"": ""unified cluster"",
      ""parent"": ""hpc clusters"",
      ""justification"": ""A unified cluster is an HPC environment that integrates Kubernetes and Slurm, making it a specific type of HPC cluster.""
    },
    {
      ""child"": ""workflows"",
      ""parent"": ""deployments"",
      ""justification"": ""Workflows are a specific type of deployments, as they involve the coordinated execution of multiple jobs or tasks.""
    },
    {"
357,doc_e2d8,doc_e2d8_chunk_0001,workflows,deployments,"Workflows are a specific type of deployments, as they involve the coordinated execution of multiple jobs or tasks.","{
  ""is_a_edges"": [
    {
      ""child"": ""slurm and kubernetes"",
      ""parent"": ""slurm"",
      ""justification"": ""Slurm and Kubernetes are being integrated to create a unified cluster, making slurm and kubernetes a specific type of slurm.""
    },
    {
      ""child"": ""slurm and kubernetes"",
      ""parent"": ""kubernetes"",
      ""justification"": ""Slurm and Kubernetes are being integrated to create a unified cluster, making slurm and kubernetes a specific type of kubernetes.""
    },
    {
      ""child"": ""unified cluster"",
      ""parent"": ""hpc clusters"",
      ""justification"": ""A unified cluster is an HPC environment that integrates Kubernetes and Slurm, making it a specific type of HPC cluster.""
    },
    {
      ""child"": ""workflows"",
      ""parent"": ""deployments"",
      ""justification"": ""Workflows are a specific type of deployments, as they involve the coordinated execution of multiple jobs or tasks.""
    },
    {"
358,doc_e541,doc_e541_chunk_0004,acct_gather_profile,acct_gather,acct_gather_profile is a specific plugin for the acct_gather configuration file.,"{
  ""is_a_edges"": [
    {
      ""child"": ""acct_gather_profile"",
      ""parent"": ""acct_gather"",
      ""justification"": ""acct_gather_profile is a specific plugin for the acct_gather configuration file.""
    },
    {
      ""child"": ""energy"",
      ""parent"": ""resource"",
      ""justification"": ""Energy is a specific type of resource tracked by the JobAcctGather plugin.""
    },
    {
      ""child"": ""filesystem"",
      ""parent"": ""resource"",
      ""justification"": ""Filesystem is a specific type of resource in HPC systems.""
    },
    {
      ""child"": ""network"",
      ""parent"": ""resource"",
      ""justification"": ""Network is a specific type of resource in HPC systems.""
    },
    {
      ""child"": ""hdf5"",
      ""parent"": ""other_hpc"",
      ""justification"": ""HDF5 is a specific data format and library used for storing and managing large datasets in HPC systems.""
    },"
359,doc_e541,doc_e541_chunk_0005,data consolidation,data extraction,"Data Consolidation is a process that is a part of the Data Extraction workflow, where node-step files are merged into one HDF5 file.","{
  ""is_a_edges"": [
    {
      ""child"": ""hdf5 file"",
      ""parent"": ""HDF5"",
      ""justification"": ""hdf5 file is a specific type of HDF5 data set used for storing job data.""
    },
    {
      ""child"": ""data consolidation"",
      ""parent"": ""data extraction"",
      ""justification"": ""Data Consolidation is a process that is a part of the Data Extraction workflow, where node-step files are merged into one HDF5 file.""
    },
    {
      ""child"": ""energy statistics"",
      ""parent"": ""resource"",
      ""justification"": ""Energy statistics are a specific type of resource data collected for HPC jobs.""
    },
    {
      ""child"": ""network"",
      ""parent"": ""resource"",
      ""justification"": ""In the context of HPC systems, 'network' is a specific type of resource that refers to the communication infrastructure.""
    },
    {
      ""child"": ""task"",
      ""parent"": ""resource"",
      ""justification"
360,doc_e541,doc_e541_chunk_0010,cpu time,cpu utilization,"CPU Time is a measure of the CPU resources used, which is a part of CPU Utilization.","{
  ""is_a_edges"": [
    {
      ""child"": ""cpu time"",
      ""parent"": ""cpu utilization"",
      ""justification"": ""CPU Time is a measure of the CPU resources used, which is a part of CPU Utilization.""
    },
    {
      ""child"": ""pages"",
      ""parent"": ""resource"",
      ""justification"": ""Pages is a specific type of resource in SLURM, representing a unit of memory.""
    },
    {
      ""child"": ""read megabytes"",
      ""parent"": ""resource"",
      ""justification"": ""Read Megabytes is a measure of the amount of data read from local disk, which can be considered a resource.""
    },
    {
      ""child"": ""rss"",
      ""parent"": ""resource"",
      ""justification"": ""RSS (Resident Set Size) is a measure of the amount of memory a process is currently using, which can be considered a resource.""
    },
    {
      ""child"": ""vm size"",
      ""parent"": ""resource"",
      ""justification"": ""VM Size refers to the"
361,doc_e643,doc_e643_chunk_0001,struct group,struct passwd info,struct group is a part of the struct passwd info data structure.,"compatible in category (e.g., resource → resource)
- both child and parent are exact terms from the provided DOMAIN TERMS list

CORRECT_JSON:
{
  ""is_a_edges"": [
    {
      ""child"": ""cloud node"",
      ""parent"": ""resource"",
      ""justification"": ""Cloud node is a specific type of resource in the context of HPC clusters.""
    },
    {
      ""child"": ""struct group"",
      ""parent"": ""struct passwd info"",
      ""justification"": ""struct group is a part of the struct passwd info data structure.""
    },
    {
      ""child"": ""primary gid"",
      ""parent"": ""resource"",
      ""justification"": ""Primary gid is a specific type of resource, representing the primary group ID of a user.""
    },
    {
      ""child"": ""uid"",
      ""parent"": ""user_role"",
      ""justification"": ""Uid is a specific type of user role, representing a unique identifier for the user launching a job.""
    },
    {
      ""child"": ""username"
362,doc_e8f0,doc_e8f0_chunk_0004,job_desc.environment,job_desc,"job_desc.environment is a specific part of the job_desc data structure, containing user-supplied job parameters, including environment variables.","{
  ""is_a_edges"": [
    {
      ""child"": ""job_desc.environment"",
      ""parent"": ""job_desc"",
      ""justification"": ""job_desc.environment is a specific part of the job_desc data structure, containing user-supplied job parameters, including environment variables.""
    },
    {
      ""child"": ""slurm.log_user"",
      ""parent"": ""lua functions"",
      ""justification"": ""slurm.log_user is a specific Lua function in SLURM that allows logging and modifying user-supplied job parameters.""
    },
    {
      ""child"": ""modify_uid"",
      ""parent"": ""slurmctld"",
      ""justification"": ""modify_uid is a function within the slurmctld daemon, used to modify job parameters and access global data structures.""
    },
    {
      ""child"": ""sbatch"",
      ""parent"": ""command"",
      ""justification"": ""sbatch is a specific command-line interface (CLI) program in SLURM for submitting batch jobs to the workload manager"
363,doc_e8f0,doc_e8f0_chunk_0004,slurm.log_user,lua functions,slurm.log_user is a specific Lua function in SLURM that allows logging and modifying user-supplied job parameters.,"{
  ""is_a_edges"": [
    {
      ""child"": ""job_desc.environment"",
      ""parent"": ""job_desc"",
      ""justification"": ""job_desc.environment is a specific part of the job_desc data structure, containing user-supplied job parameters, including environment variables.""
    },
    {
      ""child"": ""slurm.log_user"",
      ""parent"": ""lua functions"",
      ""justification"": ""slurm.log_user is a specific Lua function in SLURM that allows logging and modifying user-supplied job parameters.""
    },
    {
      ""child"": ""modify_uid"",
      ""parent"": ""slurmctld"",
      ""justification"": ""modify_uid is a function within the slurmctld daemon, used to modify job parameters and access global data structures.""
    },
    {
      ""child"": ""sbatch"",
      ""parent"": ""command"",
      ""justification"": ""sbatch is a specific command-line interface (CLI) program in SLURM for submitting batch jobs to the workload manager"
364,doc_e8f0,doc_e8f0_chunk_0004,modify_uid,slurmctld,"modify_uid is a function within the slurmctld daemon, used to modify job parameters and access global data structures.","{
  ""is_a_edges"": [
    {
      ""child"": ""job_desc.environment"",
      ""parent"": ""job_desc"",
      ""justification"": ""job_desc.environment is a specific part of the job_desc data structure, containing user-supplied job parameters, including environment variables.""
    },
    {
      ""child"": ""slurm.log_user"",
      ""parent"": ""lua functions"",
      ""justification"": ""slurm.log_user is a specific Lua function in SLURM that allows logging and modifying user-supplied job parameters.""
    },
    {
      ""child"": ""modify_uid"",
      ""parent"": ""slurmctld"",
      ""justification"": ""modify_uid is a function within the slurmctld daemon, used to modify job parameters and access global data structures.""
    },
    {
      ""child"": ""sbatch"",
      ""parent"": ""command"",
      ""justification"": ""sbatch is a specific command-line interface (CLI) program in SLURM for submitting batch jobs to the workload manager"
365,doc_e8f0,doc_e8f0_chunk_0005,job_desc_msg_t,job_desc,"job_desc_msg_t is a data structure used to represent job submission parameters, which is a specific type of job_desc.","{
  ""is_a_edges"": [
    {
      ""child"": ""job_desc_msg_t"",
      ""parent"": ""job_desc"",
      ""justification"": ""job_desc_msg_t is a data structure used to represent job submission parameters, which is a specific type of job_desc.""
    },
    {
      ""child"": ""slurmctld daemon"",
      ""parent"": ""slurmctld"",
      ""justification"": ""slurmctld daemon is a specific instance of the slurmctld scheduler component.""
    },
    {
      ""child"": ""slurmrestd"",
      ""parent"": ""scheduler"",
      ""justification"": ""slurmrestd is a specific component of the Slurm scheduler, providing a REST API.""
    },
    {
      ""child"": ""submit_uid"",
      ""parent"": ""user id"",
      ""justification"": ""submit_uid is a specific identifier for a user in the SLURM scheduler.""
    }
  ]
}"
366,doc_e8f0,doc_e8f0_chunk_0005,slurmctld daemon,slurmctld,slurmctld daemon is a specific instance of the slurmctld scheduler component.,"{
  ""is_a_edges"": [
    {
      ""child"": ""job_desc_msg_t"",
      ""parent"": ""job_desc"",
      ""justification"": ""job_desc_msg_t is a data structure used to represent job submission parameters, which is a specific type of job_desc.""
    },
    {
      ""child"": ""slurmctld daemon"",
      ""parent"": ""slurmctld"",
      ""justification"": ""slurmctld daemon is a specific instance of the slurmctld scheduler component.""
    },
    {
      ""child"": ""slurmrestd"",
      ""parent"": ""scheduler"",
      ""justification"": ""slurmrestd is a specific component of the Slurm scheduler, providing a REST API.""
    },
    {
      ""child"": ""submit_uid"",
      ""parent"": ""user id"",
      ""justification"": ""submit_uid is a specific identifier for a user in the SLURM scheduler.""
    }
  ]
}"
367,doc_e8f0,doc_e8f0_chunk_0005,submit_uid,user id,submit_uid is a specific identifier for a user in the SLURM scheduler.,"{
  ""is_a_edges"": [
    {
      ""child"": ""job_desc_msg_t"",
      ""parent"": ""job_desc"",
      ""justification"": ""job_desc_msg_t is a data structure used to represent job submission parameters, which is a specific type of job_desc.""
    },
    {
      ""child"": ""slurmctld daemon"",
      ""parent"": ""slurmctld"",
      ""justification"": ""slurmctld daemon is a specific instance of the slurmctld scheduler component.""
    },
    {
      ""child"": ""slurmrestd"",
      ""parent"": ""scheduler"",
      ""justification"": ""slurmrestd is a specific component of the Slurm scheduler, providing a REST API.""
    },
    {
      ""child"": ""submit_uid"",
      ""parent"": ""user id"",
      ""justification"": ""submit_uid is a specific identifier for a user in the SLURM scheduler.""
    }
  ]
}"
368,doc_e8f0,doc_e8f0_chunk_0007,c program,job submit plugin,"A C program is a specific type of job submit plugin for SLURM, providing access to all Slurm data structures and functions in the slurmctld daemon.","{
  ""is_a_edges"": [
    {
      ""child"": ""job submit plugin"",
      ""parent"": ""scheduler"",
      ""justification"": ""Job submit plugins are components of the Slurm scheduler that allow administrators to configure routing queues based on job characteristics.""
    },
    {
      ""child"": ""c program"",
      ""parent"": ""job submit plugin"",
      ""justification"": ""A C program is a specific type of job submit plugin for SLURM, providing access to all Slurm data structures and functions in the slurmctld daemon.""
    },
    {
      ""child"": ""job_submit_mine"",
      ""parent"": ""job submit plugin"",
      ""justification"": ""job_submit_mine is a custom job submit plugin written in C for SLURM, allowing users to submit jobs with full access to Slurm data structures and functions.""
    },
    {
      ""child"": ""lua interface"",
      ""parent"": ""other_hpc"",
      ""justification"": ""The LUA Interface is a plugin for SLURM and IBM LSF that allows users to"
369,doc_e8f0,doc_e8f0_chunk_0007,job_submit_mine,job submit plugin,"job_submit_mine is a custom job submit plugin written in C for SLURM, allowing users to submit jobs with full access to Slurm data structures and functions.","{
  ""is_a_edges"": [
    {
      ""child"": ""job submit plugin"",
      ""parent"": ""scheduler"",
      ""justification"": ""Job submit plugins are components of the Slurm scheduler that allow administrators to configure routing queues based on job characteristics.""
    },
    {
      ""child"": ""c program"",
      ""parent"": ""job submit plugin"",
      ""justification"": ""A C program is a specific type of job submit plugin for SLURM, providing access to all Slurm data structures and functions in the slurmctld daemon.""
    },
    {
      ""child"": ""job_submit_mine"",
      ""parent"": ""job submit plugin"",
      ""justification"": ""job_submit_mine is a custom job submit plugin written in C for SLURM, allowing users to submit jobs with full access to Slurm data structures and functions.""
    },
    {
      ""child"": ""lua interface"",
      ""parent"": ""other_hpc"",
      ""justification"": ""The LUA Interface is a plugin for SLURM and IBM LSF that allows users to"
370,doc_e8f0,doc_e8f0_chunk_0008,job_submit_mine,plugin,"job_submit_mine is a custom job submit plugin, which is a specific type of plugin.","{
  ""is_a_edges"": [
    {
      ""child"": ""job_submit_mine"",
      ""parent"": ""plugin"",
      ""justification"": ""job_submit_mine is a custom job submit plugin, which is a specific type of plugin.""
    },
    {
      ""child"": ""my_submit"",
      ""parent"": ""job_submit_mine"",
      ""justification"": ""my_submit is a custom job submission plugin for SLURM, which is a specific instance of job_submit_mine.""
    },
    {
      ""child"": "".deps"",
      ""parent"": ""config_file"",
      ""justification"": "".deps is a subdirectory containing dependency files generated during the build process of a Slurm job submit plugin, which is a specific type of config_file.""
    },
    {
      ""child"": "".libs"",
      ""parent"": ""other_hpc"",
      ""justification"": "".libs is a subdirectory created during the build process of a Slurm plugin, which is a specific type of other_hpc.""
    },
    {
      """
371,doc_e8f0,doc_e8f0_chunk_0008,my_submit,job_submit_mine,"my_submit is a custom job submission plugin for SLURM, which is a specific instance of job_submit_mine.","{
  ""is_a_edges"": [
    {
      ""child"": ""job_submit_mine"",
      ""parent"": ""plugin"",
      ""justification"": ""job_submit_mine is a custom job submit plugin, which is a specific type of plugin.""
    },
    {
      ""child"": ""my_submit"",
      ""parent"": ""job_submit_mine"",
      ""justification"": ""my_submit is a custom job submission plugin for SLURM, which is a specific instance of job_submit_mine.""
    },
    {
      ""child"": "".deps"",
      ""parent"": ""config_file"",
      ""justification"": "".deps is a subdirectory containing dependency files generated during the build process of a Slurm job submit plugin, which is a specific type of config_file.""
    },
    {
      ""child"": "".libs"",
      ""parent"": ""other_hpc"",
      ""justification"": "".libs is a subdirectory created during the build process of a Slurm plugin, which is a specific type of other_hpc.""
    },
    {
      """
372,doc_e992,doc_e992_chunk_0001,slurm plugin,dynamically linked code object,"Slurm plugin is a specific type of dynamically linked code object that provides a customized implementation of a well-defined API connected to tasks such as authentication, interconnect fabric, and task scheduling.","{
  ""is_a_edges"": [
    {
      ""child"": ""slurm plugin"",
      ""parent"": ""dynamically linked code object"",
      ""justification"": ""Slurm plugin is a specific type of dynamically linked code object that provides a customized implementation of a well-defined API connected to tasks such as authentication, interconnect fabric, and task scheduling.""
    },
    {
      ""child"": ""slurm scheduler API"",
      ""parent"": ""API"",
      ""justification"": ""The Slurm Scheduler API is a specific type of API implemented by Slurm plugins.""
    },
    {
      ""child"": ""maui scheduler"",
      ""parent"": ""scheduler"",
      ""justification"": ""The Maui scheduler is a specific type of scheduler identified by the 'sched/maui' string.""
    },
    {
      ""child"": ""major type"",
      ""parent"": ""mime type"",
      ""justification"": ""The major type is a specific component of the MIME type used to identify the API implemented by a Slurm plugin.""
    },
    {"
373,doc_e992,doc_e992_chunk_0001,major type,mime type,The major type is a specific component of the MIME type used to identify the API implemented by a Slurm plugin.,"{
  ""is_a_edges"": [
    {
      ""child"": ""slurm plugin"",
      ""parent"": ""dynamically linked code object"",
      ""justification"": ""Slurm plugin is a specific type of dynamically linked code object that provides a customized implementation of a well-defined API connected to tasks such as authentication, interconnect fabric, and task scheduling.""
    },
    {
      ""child"": ""slurm scheduler API"",
      ""parent"": ""API"",
      ""justification"": ""The Slurm Scheduler API is a specific type of API implemented by Slurm plugins.""
    },
    {
      ""child"": ""maui scheduler"",
      ""parent"": ""scheduler"",
      ""justification"": ""The Maui scheduler is a specific type of scheduler identified by the 'sched/maui' string.""
    },
    {
      ""child"": ""major type"",
      ""parent"": ""mime type"",
      ""justification"": ""The major type is a specific component of the MIME type used to identify the API implemented by a Slurm plugin.""
    },
    {"
374,doc_e992,doc_e992_chunk_0002,init,api functions,The 'init' function is a specific API function in Slurm plugins that performs global initialization.,"{
  ""is_a_edges"": [
    {
      ""child"": ""api functions"",
      ""parent"": ""functions"",
      ""justification"": ""API functions in Slurm plugins are a specific type of functions that provide a defined interface for the plugin to interact with the scheduler.""
    },
    {
      ""child"": ""init"",
      ""parent"": ""api functions"",
      ""justification"": ""The 'init' function is a specific API function in Slurm plugins that performs global initialization.""
    },
    {
      ""child"": ""fini"",
      ""parent"": ""api functions"",
      ""justification"": ""The 'fini' function is a specific API function in Slurm plugins that performs finalization before the plugin is unloaded.""
    },
    {
      ""child"": ""plugin_version"",
      ""parent"": ""config_param"",
      ""justification"": ""plugin_version is a specific configuration parameter in SLURM that identifies the version of Slurm used to build a plugin.""
    },
    {
      ""child"": ""slurm"",
      ""parent"": ""scheduler"","
375,doc_e992,doc_e992_chunk_0002,fini,api functions,The 'fini' function is a specific API function in Slurm plugins that performs finalization before the plugin is unloaded.,"{
  ""is_a_edges"": [
    {
      ""child"": ""api functions"",
      ""parent"": ""functions"",
      ""justification"": ""API functions in Slurm plugins are a specific type of functions that provide a defined interface for the plugin to interact with the scheduler.""
    },
    {
      ""child"": ""init"",
      ""parent"": ""api functions"",
      ""justification"": ""The 'init' function is a specific API function in Slurm plugins that performs global initialization.""
    },
    {
      ""child"": ""fini"",
      ""parent"": ""api functions"",
      ""justification"": ""The 'fini' function is a specific API function in Slurm plugins that performs finalization before the plugin is unloaded.""
    },
    {
      ""child"": ""plugin_version"",
      ""parent"": ""config_param"",
      ""justification"": ""plugin_version is a specific configuration parameter in SLURM that identifies the version of Slurm used to build a plugin.""
    },
    {
      ""child"": ""slurm"",
      ""parent"": ""scheduler"","
376,doc_ebf2,doc_ebf2_chunk_0001,cgroup,control group,Cgroup is introduced as a specific implementation of control group.,"{
  ""is_a_edges"": [
    {
      ""child"": ""cgroup"",
      ""parent"": ""control group"",
      ""justification"": ""Cgroup is introduced as a specific implementation of control group.""
    },
    {
      ""child"": ""cgroup v1"",
      ""parent"": ""cgroup"",
      ""justification"": ""cgroup v1 is described as a specific version of cgroup.""
    },
    {
      ""child"": ""cgroup v2"",
      ""parent"": ""cgroup"",
      ""justification"": ""cgroup v2 is presented as another specific version of cgroup.""
    },
    {
      ""child"": ""cgroup/v1"",
      ""parent"": ""cgroup v1"",
      ""justification"": ""cgroup/v1 is introduced as a specific plugin for cgroup v1.""
    },
    {
      ""child"": ""cgroup/v2"",
      ""parent"": ""cgroup"",
      ""justification"": ""cgroup/v2 is introduced as a specific plugin for cgroup v2.""
    },
    {"
377,doc_ebf2,doc_ebf2_chunk_0001,cgroup v1,cgroup,cgroup v1 is described as a specific version of cgroup.,"{
  ""is_a_edges"": [
    {
      ""child"": ""cgroup"",
      ""parent"": ""control group"",
      ""justification"": ""Cgroup is introduced as a specific implementation of control group.""
    },
    {
      ""child"": ""cgroup v1"",
      ""parent"": ""cgroup"",
      ""justification"": ""cgroup v1 is described as a specific version of cgroup.""
    },
    {
      ""child"": ""cgroup v2"",
      ""parent"": ""cgroup"",
      ""justification"": ""cgroup v2 is presented as another specific version of cgroup.""
    },
    {
      ""child"": ""cgroup/v1"",
      ""parent"": ""cgroup v1"",
      ""justification"": ""cgroup/v1 is introduced as a specific plugin for cgroup v1.""
    },
    {
      ""child"": ""cgroup/v2"",
      ""parent"": ""cgroup"",
      ""justification"": ""cgroup/v2 is introduced as a specific plugin for cgroup v2.""
    },
    {"
378,doc_ebf2,doc_ebf2_chunk_0001,cgroup v2,cgroup,cgroup v2 is presented as another specific version of cgroup.,"{
  ""is_a_edges"": [
    {
      ""child"": ""cgroup"",
      ""parent"": ""control group"",
      ""justification"": ""Cgroup is introduced as a specific implementation of control group.""
    },
    {
      ""child"": ""cgroup v1"",
      ""parent"": ""cgroup"",
      ""justification"": ""cgroup v1 is described as a specific version of cgroup.""
    },
    {
      ""child"": ""cgroup v2"",
      ""parent"": ""cgroup"",
      ""justification"": ""cgroup v2 is presented as another specific version of cgroup.""
    },
    {
      ""child"": ""cgroup/v1"",
      ""parent"": ""cgroup v1"",
      ""justification"": ""cgroup/v1 is introduced as a specific plugin for cgroup v1.""
    },
    {
      ""child"": ""cgroup/v2"",
      ""parent"": ""cgroup"",
      ""justification"": ""cgroup/v2 is introduced as a specific plugin for cgroup v2.""
    },
    {"
379,doc_ebf2,doc_ebf2_chunk_0001,cgroup/v1,cgroup v1,cgroup/v1 is introduced as a specific plugin for cgroup v1.,"{
  ""is_a_edges"": [
    {
      ""child"": ""cgroup"",
      ""parent"": ""control group"",
      ""justification"": ""Cgroup is introduced as a specific implementation of control group.""
    },
    {
      ""child"": ""cgroup v1"",
      ""parent"": ""cgroup"",
      ""justification"": ""cgroup v1 is described as a specific version of cgroup.""
    },
    {
      ""child"": ""cgroup v2"",
      ""parent"": ""cgroup"",
      ""justification"": ""cgroup v2 is presented as another specific version of cgroup.""
    },
    {
      ""child"": ""cgroup/v1"",
      ""parent"": ""cgroup v1"",
      ""justification"": ""cgroup/v1 is introduced as a specific plugin for cgroup v1.""
    },
    {
      ""child"": ""cgroup/v2"",
      ""parent"": ""cgroup"",
      ""justification"": ""cgroup/v2 is introduced as a specific plugin for cgroup v2.""
    },
    {"
380,doc_ebf2,doc_ebf2_chunk_0001,cgroup/v2,cgroup,cgroup/v2 is introduced as a specific plugin for cgroup v2.,"{
  ""is_a_edges"": [
    {
      ""child"": ""cgroup"",
      ""parent"": ""control group"",
      ""justification"": ""Cgroup is introduced as a specific implementation of control group.""
    },
    {
      ""child"": ""cgroup v1"",
      ""parent"": ""cgroup"",
      ""justification"": ""cgroup v1 is described as a specific version of cgroup.""
    },
    {
      ""child"": ""cgroup v2"",
      ""parent"": ""cgroup"",
      ""justification"": ""cgroup v2 is presented as another specific version of cgroup.""
    },
    {
      ""child"": ""cgroup/v1"",
      ""parent"": ""cgroup v1"",
      ""justification"": ""cgroup/v1 is introduced as a specific plugin for cgroup v1.""
    },
    {
      ""child"": ""cgroup/v2"",
      ""parent"": ""cgroup"",
      ""justification"": ""cgroup/v2 is introduced as a specific plugin for cgroup v2.""
    },
    {"
381,doc_ebf2,doc_ebf2_chunk_0002,cgroup v1,cgroup,cgroup v1 is a specific version of the cgroup resource management mechanism provided by the Linux kernel.,"{
  ""is_a_edges"": [
    {
      ""child"": ""cgroup v1"",
      ""parent"": ""cgroup"",
      ""justification"": ""cgroup v1 is a specific version of the cgroup resource management mechanism provided by the Linux kernel.""
    },
    {
      ""child"": ""cgroup v2"",
      ""parent"": ""cgroup"",
      ""justification"": ""cgroup v2 is another specific version of the cgroup resource management mechanism provided by the Linux kernel.""
    },
    {
      ""child"": ""proctrack/cgroup plugin"",
      ""parent"": ""proctrack"",
      ""justification"": ""proctrack/cgroup plugin is a specific implementation of the proctrack plugin for process tracking and management.""
    },
    {
      ""child"": ""jobacct_gather"",
      ""parent"": ""config_param"",
      ""justification"": ""jobacct_gather is a specific Slurm configuration parameter for job accounting.""
    },
    {
      ""child"": ""node configuration parameters"",
      ""parent"": ""config_param"",
      """
382,doc_ebf2,doc_ebf2_chunk_0002,cgroup v2,cgroup,cgroup v2 is another specific version of the cgroup resource management mechanism provided by the Linux kernel.,"{
  ""is_a_edges"": [
    {
      ""child"": ""cgroup v1"",
      ""parent"": ""cgroup"",
      ""justification"": ""cgroup v1 is a specific version of the cgroup resource management mechanism provided by the Linux kernel.""
    },
    {
      ""child"": ""cgroup v2"",
      ""parent"": ""cgroup"",
      ""justification"": ""cgroup v2 is another specific version of the cgroup resource management mechanism provided by the Linux kernel.""
    },
    {
      ""child"": ""proctrack/cgroup plugin"",
      ""parent"": ""proctrack"",
      ""justification"": ""proctrack/cgroup plugin is a specific implementation of the proctrack plugin for process tracking and management.""
    },
    {
      ""child"": ""jobacct_gather"",
      ""parent"": ""config_param"",
      ""justification"": ""jobacct_gather is a specific Slurm configuration parameter for job accounting.""
    },
    {
      ""child"": ""node configuration parameters"",
      ""parent"": ""config_param"",
      """
383,doc_ebf2,doc_ebf2_chunk_0003,proctrack/cgroup plugin,proctrack,The proctrack/cgroup plugin is a specific implementation of the proctrack plugin in SLURM.,"{
  ""is_a_edges"": [
    {
      ""child"": ""proctrack/cgroup plugin"",
      ""parent"": ""proctrack"",
      ""justification"": ""The proctrack/cgroup plugin is a specific implementation of the proctrack plugin in SLURM.""
    },
    {
      ""child"": ""proctrack/linux"",
      ""parent"": ""proctrack"",
      ""justification"": ""proctrack/linux is another specific implementation of the proctrack plugin in SLURM.""
    },
    {
      ""child"": ""cgroup tree"",
      ""parent"": ""other_hPC"",
      ""justification"": ""The cgroup tree is a specific structure used by the proctrack/cgroup plugin in SLURM.""
    },
    {
      ""child"": ""cgroup.conf"",
      ""parent"": ""config_file"",
      ""justification"": ""cgroup.conf is a specific configuration file used by SLURM for the cgroup hierarchy.""
    },
    {
      ""child"": ""freezer controller"",
      ""parent"": """
384,doc_ebf2,doc_ebf2_chunk_0003,proctrack/linux,proctrack,proctrack/linux is another specific implementation of the proctrack plugin in SLURM.,"{
  ""is_a_edges"": [
    {
      ""child"": ""proctrack/cgroup plugin"",
      ""parent"": ""proctrack"",
      ""justification"": ""The proctrack/cgroup plugin is a specific implementation of the proctrack plugin in SLURM.""
    },
    {
      ""child"": ""proctrack/linux"",
      ""parent"": ""proctrack"",
      ""justification"": ""proctrack/linux is another specific implementation of the proctrack plugin in SLURM.""
    },
    {
      ""child"": ""cgroup tree"",
      ""parent"": ""other_hPC"",
      ""justification"": ""The cgroup tree is a specific structure used by the proctrack/cgroup plugin in SLURM.""
    },
    {
      ""child"": ""cgroup.conf"",
      ""parent"": ""config_file"",
      ""justification"": ""cgroup.conf is a specific configuration file used by SLURM for the cgroup hierarchy.""
    },
    {
      ""child"": ""freezer controller"",
      ""parent"": """
385,doc_ebf2,doc_ebf2_chunk_0004,cpucset,cpuset,"cpucset is a specific resource within the cpuset controller used for confining jobs, steps, or tasks.","{
  ""is_a_edges"": [
    {
      ""child"": ""cpucset"",
      ""parent"": ""cpuset"",
      ""justification"": ""cpucset is a specific resource within the cpuset controller used for confining jobs, steps, or tasks.""
    },
    {
      ""child"": ""gres"",
      ""parent"": ""resource"",
      ""justification"": ""GRES is a specific type of resource associated with a node, such as GPUs.""
    },
    {
      ""child"": ""memory resources"",
      ""parent"": ""resource"",
      ""justification"": ""Memory resources are a specific type of resource, referring to the allocated memory for jobs, steps, or tasks.""
    },
    {
      ""child"": ""jobacct_gather/cgroup plugin"",
      ""parent"": ""other_hpc"",
      ""justification"": ""jobacct_gather/cgroup plugin is a specific HPC-related concept used for collecting accounting statistics for jobs, steps, and tasks.""
    },
    {
      ""child"": ""task/cgroup plugin"",
      ""parent"": """
386,doc_ebf2,doc_ebf2_chunk_0007,cgroup.controllers,cgroup,"cgroup.controllers is a configuration parameter that lists the enabled controllers in the cgroup hierarchy, which is a part of the cgroup feature.","{
  ""is_a_edges"": [
    {
      ""child"": ""cgroup.controllers"",
      ""parent"": ""cgroup"",
      ""justification"": ""cgroup.controllers is a configuration parameter that lists the enabled controllers in the cgroup hierarchy, which is a part of the cgroup feature.""
    },
    {
      ""child"": ""cgroup.freeze"",
      ""parent"": ""freezer controller"",
      ""justification"": ""In cgroup v2, cgroup.freeze is a configuration parameter that enables the freezer controller, while in cgroup v1 it is a separate controller.""
    },
    {
      ""child"": ""cgroup/v1"",
      ""parent"": ""cgroup"",
      ""justification"": ""cgroup/v1 is a specific version of the cgroup feature used for resource management in HPC systems.""
    },
    {
      ""child"": ""cgroup/v2"",
      ""parent"": ""cgroup"",
      ""justification"": ""cgroup/v2 is a specific version of the cgroup feature used for container management and resource isolation on H"
387,doc_ebf2,doc_ebf2_chunk_0007,cgroup.freeze,freezer controller,"In cgroup v2, cgroup.freeze is a configuration parameter that enables the freezer controller, while in cgroup v1 it is a separate controller.","{
  ""is_a_edges"": [
    {
      ""child"": ""cgroup.controllers"",
      ""parent"": ""cgroup"",
      ""justification"": ""cgroup.controllers is a configuration parameter that lists the enabled controllers in the cgroup hierarchy, which is a part of the cgroup feature.""
    },
    {
      ""child"": ""cgroup.freeze"",
      ""parent"": ""freezer controller"",
      ""justification"": ""In cgroup v2, cgroup.freeze is a configuration parameter that enables the freezer controller, while in cgroup v1 it is a separate controller.""
    },
    {
      ""child"": ""cgroup/v1"",
      ""parent"": ""cgroup"",
      ""justification"": ""cgroup/v1 is a specific version of the cgroup feature used for resource management in HPC systems.""
    },
    {
      ""child"": ""cgroup/v2"",
      ""parent"": ""cgroup"",
      ""justification"": ""cgroup/v2 is a specific version of the cgroup feature used for container management and resource isolation on H"
388,doc_ebf2,doc_ebf2_chunk_0007,cgroup/v1,cgroup,cgroup/v1 is a specific version of the cgroup feature used for resource management in HPC systems.,"{
  ""is_a_edges"": [
    {
      ""child"": ""cgroup.controllers"",
      ""parent"": ""cgroup"",
      ""justification"": ""cgroup.controllers is a configuration parameter that lists the enabled controllers in the cgroup hierarchy, which is a part of the cgroup feature.""
    },
    {
      ""child"": ""cgroup.freeze"",
      ""parent"": ""freezer controller"",
      ""justification"": ""In cgroup v2, cgroup.freeze is a configuration parameter that enables the freezer controller, while in cgroup v1 it is a separate controller.""
    },
    {
      ""child"": ""cgroup/v1"",
      ""parent"": ""cgroup"",
      ""justification"": ""cgroup/v1 is a specific version of the cgroup feature used for resource management in HPC systems.""
    },
    {
      ""child"": ""cgroup/v2"",
      ""parent"": ""cgroup"",
      ""justification"": ""cgroup/v2 is a specific version of the cgroup feature used for container management and resource isolation on H"
389,doc_ebf2,doc_ebf2_chunk_0007,cgroup/v2,cgroup,,"{
  ""is_a_edges"": [
    {
      ""child"": ""cgroup.controllers"",
      ""parent"": ""cgroup"",
      ""justification"": ""cgroup.controllers is a configuration parameter that lists the enabled controllers in the cgroup hierarchy, which is a part of the cgroup feature.""
    },
    {
      ""child"": ""cgroup.freeze"",
      ""parent"": ""freezer controller"",
      ""justification"": ""In cgroup v2, cgroup.freeze is a configuration parameter that enables the freezer controller, while in cgroup v1 it is a separate controller.""
    },
    {
      ""child"": ""cgroup/v1"",
      ""parent"": ""cgroup"",
      ""justification"": ""cgroup/v1 is a specific version of the cgroup feature used for resource management in HPC systems.""
    },
    {
      ""child"": ""cgroup/v2"",
      ""parent"": ""cgroup"",
      ""justification"": ""cgroup/v2 is a specific version of the cgroup feature used for container management and resource isolation on H"
390,doc_edd8,doc_edd8_chunk_0001,individual threads,cores,Individual threads are a specific type of resources that can be allocated from cores.,"{
  ""is_a_edges"": [
    {
      ""child"": ""individual threads"",
      ""parent"": ""cores"",
      ""justification"": ""Individual threads are a specific type of resources that can be allocated from cores.""
    },
    {
      ""child"": ""per-node"",
      ""parent"": ""config_param"",
      ""justification"": ""Per-node is a specific type of config_param used for configuring default binding on a per-node basis.""
    },
    {
      ""child"": ""per-partition"",
      ""parent"": ""config_param"",
      ""justification"": ""Per-partition is a specific type of config_param used for configuring default binding on a per-partition basis.""
    },
    {
      ""child"": ""node-specific binding"",
      ""parent"": ""default binding"",
      ""justification"": ""Node-specific binding is a specific type of default binding that applies on a per-node basis.""
    },
    {
      ""child"": ""partition-specific CpuBind configuration parameter"",
      ""parent"": ""default binding"","
391,doc_edd8,doc_edd8_chunk_0001,node-specific binding,default binding,Node-specific binding is a specific type of default binding that applies on a per-node basis.,"{
  ""is_a_edges"": [
    {
      ""child"": ""individual threads"",
      ""parent"": ""cores"",
      ""justification"": ""Individual threads are a specific type of resources that can be allocated from cores.""
    },
    {
      ""child"": ""per-node"",
      ""parent"": ""config_param"",
      ""justification"": ""Per-node is a specific type of config_param used for configuring default binding on a per-node basis.""
    },
    {
      ""child"": ""per-partition"",
      ""parent"": ""config_param"",
      ""justification"": ""Per-partition is a specific type of config_param used for configuring default binding on a per-partition basis.""
    },
    {
      ""child"": ""node-specific binding"",
      ""parent"": ""default binding"",
      ""justification"": ""Node-specific binding is a specific type of default binding that applies on a per-node basis.""
    },
    {
      ""child"": ""partition-specific CpuBind configuration parameter"",
      ""parent"": ""default binding"","
392,doc_f0f8,doc_f0f8_chunk_0001,clustername,cluster,"clustername is a configuration parameter that specifies the name of a cluster, which is a group of interconnected computers.","{
  ""is_a_edges"": [
    {
      ""child"": ""clustername"",
      ""parent"": ""cluster"",
      ""justification"": ""clustername is a configuration parameter that specifies the name of a cluster, which is a group of interconnected computers.""
    },
    {
      ""child"": ""slurm configuration file"",
      ""parent"": ""slurm config_file"",
      ""justification"": ""The slurm configuration file is a text file created by the configuration tool, which is a utility for creating and modifying Slurm configuration files.""
    },
    {
      ""child"": ""slurm daemons"",
      ""parent"": ""daemons"",
      ""justification"": ""Slurm daemons are background processes that manage and control job scheduling, accounting, and resource allocation on an HPC cluster using the SLURM scheduler.""
    },
    {
      ""child"": ""slurm database"",
      ""parent"": ""slurm config_file"",
      ""justification"": ""The Slurm database is a file that stores configuration data for QOS, resource limits, and job associations, which is part"
393,doc_f0f8,doc_f0f8_chunk_0001,slurm daemons,daemons,"Slurm daemons are background processes that manage and control job scheduling, accounting, and resource allocation on an HPC cluster using the SLURM scheduler.","{
  ""is_a_edges"": [
    {
      ""child"": ""clustername"",
      ""parent"": ""cluster"",
      ""justification"": ""clustername is a configuration parameter that specifies the name of a cluster, which is a group of interconnected computers.""
    },
    {
      ""child"": ""slurm configuration file"",
      ""parent"": ""slurm config_file"",
      ""justification"": ""The slurm configuration file is a text file created by the configuration tool, which is a utility for creating and modifying Slurm configuration files.""
    },
    {
      ""child"": ""slurm daemons"",
      ""parent"": ""daemons"",
      ""justification"": ""Slurm daemons are background processes that manage and control job scheduling, accounting, and resource allocation on an HPC cluster using the SLURM scheduler.""
    },
    {
      ""child"": ""slurm database"",
      ""parent"": ""slurm config_file"",
      ""justification"": ""The Slurm database is a file that stores configuration data for QOS, resource limits, and job associations, which is part"
394,doc_f0f8,doc_f0f8_chunk_0004,hpe slingshot,interconnect,HPE Slingshot is a specific interconnect technology within the interconnect category.,"{
  ""is_a_edges"": [
    {
      ""child"": ""backfill"",
      ""parent"": ""scheduler"",
      ""justification"": ""Backfill is a specific scheduling strategy within the scheduler category.""
    },
    {
      ""child"": ""builtin"",
      ""parent"": ""scheduler"",
      ""justification"": ""Builtin is a specific scheduling algorithm within the scheduler category.""
    },
    {
      ""child"": ""fifo"",
      ""parent"": ""scheduler"",
      ""justification"": ""FIFO is a specific scheduling algorithm within the scheduler category.""
    },
    {
      ""child"": ""hpe slingshot"",
      ""parent"": ""interconnect"",
      ""justification"": ""HPE Slingshot is a specific interconnect technology within the interconnect category.""
    },
    {
      ""child"": ""infiniband"",
      ""parent"": ""resource"",
      ""justification"": ""InfiniBand is a specific network technology within the resource category.""
    },
    {
      ""child"": ""ethernet"","
395,doc_f2ec,doc_f2ec_chunk_0001,scontrol ping,scontrol,scontrol ping is a specific command used within the scontrol command.,"{
  ""is_a_edges"": [
    {
      ""child"": ""scontrol ping"",
      ""parent"": ""scontrol"",
      ""justification"": ""scontrol ping is a specific command used within the scontrol command.""
    },
    {
      ""child"": ""slurmctld"",
      ""parent"": ""scheduler"",
      ""justification"": ""slurmctld is a specific scheduler component responsible for managing job records and scheduling jobs.""
    },
    {
      ""child"": ""slurmctldlog"",
      ""parent"": ""log_or_state_path"",
      ""justification"": ""slurmctldlog is a specific log file path for the slurmctld daemon.""
    },
    {
      ""child"": ""slurmctlddebug"",
      ""parent"": ""config_param"",
      ""justification"": ""slurmctlddebug is a specific configuration parameter for the Slurmctld daemon.""
    }
  ]
}"
396,doc_f2ec,doc_f2ec_chunk_0004,scontrol show slurmd,scontrol,scontrol show slurmd is a specific command used to display the status of the slurmd daemon.,"{
  ""is_a_edges"": [
    {
      ""child"": ""scontrol show slurmd"",
      ""parent"": ""scontrol"",
      ""justification"": ""scontrol show slurmd is a specific command used to display the status of the slurmd daemon.""
    },
    {
      ""child"": ""slurm start"",
      ""parent"": ""command"",
      ""justification"": ""slurm start is a specific command used to restart the slurmd daemon.""
    },
    {
      ""child"": ""slurm.conf"",
      ""parent"": ""config_file"",
      ""justification"": ""slurm.conf is a specific configuration file for SLURM.""
    },
    {
      ""child"": ""slurmctld"",
      ""parent"": ""scheduler"",
      ""justification"": ""slurmctld is a specific daemon of the SLURM scheduler.""
    },
    {
      ""child"": ""slurmd"",
      ""parent"": ""scheduler"",
      ""justification"": ""slurmd is a specific daemon process in SLUR"
397,doc_f2ec,doc_f2ec_chunk_0005,major slurm release,slurm version,"The major Slurm release is a specific part of the Slurm version, representing the year and month of the release.","{
  ""is_a_edges"": [
    {
      ""child"": ""major slurm release"",
      ""parent"": ""slurm version"",
      ""justification"": ""The major Slurm release is a specific part of the Slurm version, representing the year and month of the release.""
    },
    {
      ""child"": ""maintenance release level"",
      ""parent"": ""slurm version"",
      ""justification"": ""The maintenance release level is a specific part of the Slurm version, indicating the specific maintenance version within a major release.""
    },
    {
      ""child"": ""slurmctld"",
      ""parent"": ""slurm"",
      ""justification"": ""slurmctld is a specific daemon of the Slurm scheduler, responsible for managing job records and scheduling jobs.""
    },
    {
      ""child"": ""slurmd"",
      ""parent"": ""slurm"",
      ""justification"": ""slurmd is a specific daemon of the Slurm scheduler, responsible for executing jobs on compute nodes.""
    },
    {
      ""child"": ""slurmctldlog"
398,doc_f2ec,doc_f2ec_chunk_0005,maintenance release level,slurm version,"The maintenance release level is a specific part of the Slurm version, indicating the specific maintenance version within a major release.","{
  ""is_a_edges"": [
    {
      ""child"": ""major slurm release"",
      ""parent"": ""slurm version"",
      ""justification"": ""The major Slurm release is a specific part of the Slurm version, representing the year and month of the release.""
    },
    {
      ""child"": ""maintenance release level"",
      ""parent"": ""slurm version"",
      ""justification"": ""The maintenance release level is a specific part of the Slurm version, indicating the specific maintenance version within a major release.""
    },
    {
      ""child"": ""slurmctld"",
      ""parent"": ""slurm"",
      ""justification"": ""slurmctld is a specific daemon of the Slurm scheduler, responsible for managing job records and scheduling jobs.""
    },
    {
      ""child"": ""slurmd"",
      ""parent"": ""slurm"",
      ""justification"": ""slurmd is a specific daemon of the Slurm scheduler, responsible for executing jobs on compute nodes.""
    },
    {
      ""child"": ""slurmctldlog"
399,doc_f2ec,doc_f2ec_chunk_0005,slurmctld,slurm,"slurmctld is a specific daemon of the Slurm scheduler, responsible for managing job records and scheduling jobs.","{
  ""is_a_edges"": [
    {
      ""child"": ""major slurm release"",
      ""parent"": ""slurm version"",
      ""justification"": ""The major Slurm release is a specific part of the Slurm version, representing the year and month of the release.""
    },
    {
      ""child"": ""maintenance release level"",
      ""parent"": ""slurm version"",
      ""justification"": ""The maintenance release level is a specific part of the Slurm version, indicating the specific maintenance version within a major release.""
    },
    {
      ""child"": ""slurmctld"",
      ""parent"": ""slurm"",
      ""justification"": ""slurmctld is a specific daemon of the Slurm scheduler, responsible for managing job records and scheduling jobs.""
    },
    {
      ""child"": ""slurmd"",
      ""parent"": ""slurm"",
      ""justification"": ""slurmd is a specific daemon of the Slurm scheduler, responsible for executing jobs on compute nodes.""
    },
    {
      ""child"": ""slurmctldlog"
400,doc_f486,doc_f486_chunk_0001,cons_tres,select plugin,"The cons_tres plugin is a specific implementation of the select plugin that allocates individual resources like CPUs, memory, and GPUs.","{
  ""is_a_edges"": [
    {
      ""child"": ""cons_tres"",
      ""parent"": ""select plugin"",
      ""justification"": ""The cons_tres plugin is a specific implementation of the select plugin that allocates individual resources like CPUs, memory, and GPUs.""
    },
    {
      ""child"": ""cores"",
      ""parent"": ""resources"",
      ""justification"": ""Cores are a specific type of resource that can be allocated by the select plugin.""
    },
    {
      ""child"": ""cpus"",
      ""parent"": ""resources"",
      ""justification"": ""CPUs are a specific type of resource that can be allocated by the select plugin.""
    },
    {
      ""child"": ""exclusive option"",
      ""parent"": ""config_param"",
      ""justification"": ""The exclusive option is a specific configuration parameter used to prevent other jobs from being allocated resources on the same node.""
    },
    {
      ""child"": ""gres"",
      ""parent"": ""resources"",
      ""justification"": ""GRES are specific resources associated with a node and"
401,doc_f486,doc_f486_chunk_0002,best-fit algorithm,resource allocation,The best-fit algorithm is a strategy used within the resource allocation process to minimize network contention.,"{
  ""is_a_edges"": [
    {
      ""child"": ""best-fit algorithm"",
      ""parent"": ""resource allocation"",
      ""justification"": ""The best-fit algorithm is a strategy used within the resource allocation process to minimize network contention.""
    },
    {
      ""child"": ""consecutive nodes"",
      ""parent"": ""nodes"",
      ""justification"": ""Consecutive nodes are a specific grouping of nodes based on their sequential order.""
    },
    {
      ""child"": ""job sharing"",
      ""parent"": ""job_state"",
      ""justification"": ""Job sharing is a process that manages the allocation of resources to multiple jobs in a partition, which is a state-related concept.""
    },
    {
      ""child"": ""network topology"",
      ""parent"": ""other_hpc"",
      ""justification"": ""Network topology is a specific feature that optimizes resource selection based on the network topology for job allocations.""
    },
    {
      ""child"": ""preemptable jobs"",
      ""parent"": ""active jobs"",
      """
402,doc_f486,doc_f486_chunk_0002,consecutive nodes,nodes,Consecutive nodes are a specific grouping of nodes based on their sequential order.,"{
  ""is_a_edges"": [
    {
      ""child"": ""best-fit algorithm"",
      ""parent"": ""resource allocation"",
      ""justification"": ""The best-fit algorithm is a strategy used within the resource allocation process to minimize network contention.""
    },
    {
      ""child"": ""consecutive nodes"",
      ""parent"": ""nodes"",
      ""justification"": ""Consecutive nodes are a specific grouping of nodes based on their sequential order.""
    },
    {
      ""child"": ""job sharing"",
      ""parent"": ""job_state"",
      ""justification"": ""Job sharing is a process that manages the allocation of resources to multiple jobs in a partition, which is a state-related concept.""
    },
    {
      ""child"": ""network topology"",
      ""parent"": ""other_hpc"",
      ""justification"": ""Network topology is a specific feature that optimizes resource selection based on the network topology for job allocations.""
    },
    {
      ""child"": ""preemptable jobs"",
      ""parent"": ""active jobs"",
      """
403,doc_f486,doc_f486_chunk_0002,preemptable jobs,active jobs,,"{
  ""is_a_edges"": [
    {
      ""child"": ""best-fit algorithm"",
      ""parent"": ""resource allocation"",
      ""justification"": ""The best-fit algorithm is a strategy used within the resource allocation process to minimize network contention.""
    },
    {
      ""child"": ""consecutive nodes"",
      ""parent"": ""nodes"",
      ""justification"": ""Consecutive nodes are a specific grouping of nodes based on their sequential order.""
    },
    {
      ""child"": ""job sharing"",
      ""parent"": ""job_state"",
      ""justification"": ""Job sharing is a process that manages the allocation of resources to multiple jobs in a partition, which is a state-related concept.""
    },
    {
      ""child"": ""network topology"",
      ""parent"": ""other_hpc"",
      ""justification"": ""Network topology is a specific feature that optimizes resource selection based on the network topology for job allocations.""
    },
    {
      ""child"": ""preemptable jobs"",
      ""parent"": ""active jobs"",
      """
404,doc_fa3f,doc_fa3f_chunk_0001,base states,job state,"Base states are fundamental job states in the Slurm system, which are assigned to each job and can be displayed using various methods. They are a specific type of job state.","{
  ""is_a_edges"": [
    {
      ""child"": ""base states"",
      ""parent"": ""job state"",
      ""justification"": ""Base states are fundamental job states in the Slurm system, which are assigned to each job and can be displayed using various methods. They are a specific type of job state.""
    },
    {
      ""child"": ""job codes"",
      ""parent"": ""job state"",
      ""justification"": ""Job codes in the Slurm system represent the state of a job, including base states and state flags. They are used in user-facing output and can be configured for more visibility. They are a specific type of job state.""
    },
    {
      ""child"": ""job flags"",
      ""parent"": ""job state"",
      ""justification"": ""Job flags in SLURM are additional states that can be assigned to a job, in addition to the base state. They are recognized by the squeue and sacct commands but not all flags are reported. They are a specific type of job state.""
    },
    {
      ""child"": ""state flags"",
      ""parent"": ""job"
405,doc_fa3f,doc_fa3f_chunk_0001,job codes,job state,"Job codes in the Slurm system represent the state of a job, including base states and state flags. They are used in user-facing output and can be configured for more visibility. They are a specific type of job state.","{
  ""is_a_edges"": [
    {
      ""child"": ""base states"",
      ""parent"": ""job state"",
      ""justification"": ""Base states are fundamental job states in the Slurm system, which are assigned to each job and can be displayed using various methods. They are a specific type of job state.""
    },
    {
      ""child"": ""job codes"",
      ""parent"": ""job state"",
      ""justification"": ""Job codes in the Slurm system represent the state of a job, including base states and state flags. They are used in user-facing output and can be configured for more visibility. They are a specific type of job state.""
    },
    {
      ""child"": ""job flags"",
      ""parent"": ""job state"",
      ""justification"": ""Job flags in SLURM are additional states that can be assigned to a job, in addition to the base state. They are recognized by the squeue and sacct commands but not all flags are reported. They are a specific type of job state.""
    },
    {
      ""child"": ""state flags"",
      ""parent"": ""job"
406,doc_fa3f,doc_fa3f_chunk_0001,job flags,job state,"Job flags in SLURM are additional states that can be assigned to a job, in addition to the base state. They are recognized by the squeue and sacct commands but not all flags are reported. They are a specific type of job state.","{
  ""is_a_edges"": [
    {
      ""child"": ""base states"",
      ""parent"": ""job state"",
      ""justification"": ""Base states are fundamental job states in the Slurm system, which are assigned to each job and can be displayed using various methods. They are a specific type of job state.""
    },
    {
      ""child"": ""job codes"",
      ""parent"": ""job state"",
      ""justification"": ""Job codes in the Slurm system represent the state of a job, including base states and state flags. They are used in user-facing output and can be configured for more visibility. They are a specific type of job state.""
    },
    {
      ""child"": ""job flags"",
      ""parent"": ""job state"",
      ""justification"": ""Job flags in SLURM are additional states that can be assigned to a job, in addition to the base state. They are recognized by the squeue and sacct commands but not all flags are reported. They are a specific type of job state.""
    },
    {
      ""child"": ""state flags"",
      ""parent"": ""job"
