term_id,term,neighbor_id,neighbor,similarity
1,Slurm,505,Slurm controller,1.0000
1,Slurm,76,Slurm SQL,1.0000
1,Slurm,386,Slurm components,1.0000
1,Slurm,74,Slurm plugins,0.9987
1,Slurm,209,Slurm Accounting Configuration,0.9982
1,Slurm,84,SlurmDBD plugin,0.9979
1,Slurm,232,slurm build,0.9978
1,Slurm,469,SlurmDBD Archive,0.9978
1,Slurm,506,archive slurmdbd,0.9978
1,Slurm,352,external slurmdbds,0.9975
2,accounting information,1197,historical information,0.9977
2,accounting information,320,archiving information,0.9974
2,accounting information,532,relevant information,0.9973
2,accounting information,467,detailed information,0.9970
2,accounting information,1266,other information,0.9969
2,accounting information,1909,same configuration information,0.9967
2,accounting information,526,more information,0.9960
2,accounting information,1365,more time,0.9950
2,accounting information,1239,detailed queue information,0.9946
2,accounting information,2160,same information,0.9943
3,job,760,UNKWN job,1.0000
3,job,755,re-runnable job,1.0000
3,job,2041,Monitoring jobs,1.0000
3,job,1288,jobs subdirectory,1.0000
3,job,879,suspended jobs,1.0000
3,job,763,hung jobs,1.0000
3,job,2229,multi-thread job,1.0000
3,job,1314,specified jobs,1.0000
3,job,1603,Submit jobs,0.9914
3,job,751,chunk job,0.9909
4,job step,695,single task processes,0.9900
4,job step,2170,CPU Management Examples,0.9896
4,job step,2147,CPU management information,0.9885
4,job step,2042,CPU Management User,0.9873
4,job step,1279,unique job ID,0.9860
4,job step,828,host CPU architecture,0.9857
4,job step,26,job step information,0.9850
4,job step,1304,specific job,0.9845
4,job step,1277,sleep job,0.9836
4,job step,874,particular jobs,0.9830
5,Accounting records,637,Accounting Interpretation,0.9990
5,Accounting records,117,Accounting,0.9990
5,Accounting records,109,records,0.9990
5,Accounting records,356,accounting data,0.9984
5,Accounting records,559,accounting reports,0.9983
5,Accounting records,595,accounting privileges,0.9980
5,Accounting records,419,accounting storage mechanism,0.9978
5,Accounting records,191,accounting storage plugin,0.9977
5,Accounting records,638,Slurm accounting,0.9976
5,Accounting records,248,large Slurm databases,0.9976
6,simple text file,999,Keyword definition file,0.9993
6,simple text file,395,slurm.conf file,0.9992
6,simple text file,1868,specific files,0.9992
6,simple text file,27,text file,0.9992
6,simple text file,1358,wrapper files,0.9991
6,simple text file,1711,such file,0.9991
6,simple text file,1819,incorrect file permissions,0.9991
6,simple text file,1411,binary files,0.9991
6,simple text file,190,flat file,0.9991
6,simple text file,1935,file respath,0.9990
7,database,217,preferred database,1.0000
7,database,46,MariaDB database,1.0000
7,database,77,database use,0.9951
7,database,182,same database,0.9948
7,database,608,accounting database,0.9927
7,database,378,database login name,0.9906
7,database,507,certain database entries,0.9897
7,database,596,database object,0.9889
7,database,67,database security,0.9872
7,database,414,default database,0.9868
8,Information,1104,Exchange initialization information,1.0000
8,Information,2149,limited information,1.0000
8,Information,508,archived information,1.0000
8,Information,15,valuable information,1.0000
8,Information,511,TRES information,1.0000
8,Information,526,more information,0.9959
8,Information,1197,historical information,0.9926
8,Information,2160,same information,0.9919
8,Information,1266,other information,0.9917
8,Information,1904,new information,0.9916
9,sacct command,1656,lshosts command,0.9994
9,sacct command,931,automount command,0.9994
9,sacct command,2148,several commands,0.9994
9,sacct command,758,bkill command,0.9994
9,sacct command,1255,basic commands,0.9994
9,sacct command,1997,egosh command,0.9994
9,sacct command,1306,bstop command,0.9993
9,sacct command,1451,Command Reference,0.9992
9,sacct command,1273,lsgrun command,0.9992
9,sacct command,14,sstat command,0.9992
10,resource usage,1001,specific resources,0.9993
10,resource usage,815,resource requirements,0.9991
10,resource usage,846,resource availability,0.9990
10,resource usage,1566,resource map,0.9989
10,resource usage,896,resource consumers,0.9989
10,resource usage,1611,external resources,0.9987
10,resource usage,1552,End Resource,0.9986
10,resource usage,869,Static resources,0.9986
10,resource usage,2188,resource fragmentation,0.9986
10,resource usage,2027,EGO resource group,0.9985
11,individual tasks,2197,Task id,0.9987
11,individual tasks,2235,task cgroup,0.9983
11,individual tasks,682,many tasks,0.9981
11,individual tasks,2128,task plugin,0.9980
11,individual tasks,821,Remote task,0.9979
11,individual tasks,2144,CPU usage,0.9978
11,individual tasks,2126,task affinity,0.9977
11,individual tasks,838,CPU factor,0.9976
11,individual tasks,2186,unique CPUs,0.9976
11,individual tasks,2107,specific CPUs,0.9975
12,load imbalance,862,External load,0.9990
12,load imbalance,1826,program load,0.9989
12,load imbalance,1538,external load indexes,0.9981
12,load imbalance,881,load levels,0.9981
12,load imbalance,880,loadStop load threshold,0.9979
12,load imbalance,1576,first external load index,0.9979
12,load imbalance,1578,second external load index,0.9979
12,load imbalance,817,load,0.9977
12,load imbalance,1577,first load index,0.9977
12,load imbalance,1579,second load index,0.9977
13,tasks,692,outlier task,1.0000
13,tasks,2162,CPU Numbering,0.9949
13,tasks,2191,unallocated CPUs,0.9949
13,tasks,651,cpu,0.9949
13,tasks,2206,oversubscribe CPUs,0.9949
13,tasks,2095,Suballocates CPUs,0.9949
13,tasks,2189,Allocate CPUs,0.9918
13,tasks,2099,CPU allocation,0.9869
13,tasks,38,nodes,0.9866
13,tasks,2225,Allocate,0.9832
14,sstat command,1997,egosh command,0.9996
14,sstat command,1125,lsid command,0.9995
14,sstat command,931,automount command,0.9994
14,sstat command,1273,lsgrun command,0.9993
14,sstat command,1656,lshosts command,0.9993
14,sstat command,1306,bstop command,0.9993
14,sstat command,1133,bqueues command,0.9993
14,sstat command,9,sacct command,0.9992
14,sstat command,1255,basic commands,0.9992
14,sstat command,1312,bresume command,0.9992
15,valuable information,511,TRES information,1.0000
15,valuable information,1104,Exchange initialization information,1.0000
15,valuable information,508,archived information,1.0000
15,valuable information,8,Information,1.0000
15,valuable information,2149,limited information,1.0000
15,valuable information,526,more information,0.9959
15,valuable information,1197,historical information,0.9926
15,valuable information,2160,same information,0.9919
15,valuable information,1266,other information,0.9917
15,valuable information,1904,new information,0.9916
16,imbalance,94,internal cache,0.9948
16,imbalance,1510,file permission mode -rw-------,0.9948
16,imbalance,1363,source code,0.9945
16,imbalance,1345,rename abc,0.9941
16,imbalance,883,meaning,0.9941
16,imbalance,424,permissions,0.9941
16,imbalance,1344,abc,0.9940
16,imbalance,722,concepts,0.9940
16,imbalance,208,arbitrary text string,0.9940
16,imbalance,1367,software products,0.9940
17,sreport,523,various reports,0.9982
17,sreport,479,purge interval,0.9980
17,sreport,686,TresUsage * fields,0.9979
17,sreport,1704,Windows password authentication,0.9979
17,sreport,536,various graphs,0.9978
17,sreport,2145,easy way,0.9978
17,sreport,1356,Wrapper binary programs,0.9978
17,sreport,674,largest memory peak,0.9978
17,sreport,55,similar tool,0.9977
17,sreport,219,place upgrades,0.9977
18,reports,523,various reports,0.9988
18,reports,19,particular time interval,0.9982
18,reports,1570,different ELIM,0.9982
18,reports,757,kill signal,0.9980
18,reports,1364,appropriate libraries,0.9980
18,reports,1100,few minutes,0.9980
18,reports,1984,connect,0.9979
18,reports,518,few tools,0.9979
18,reports,632,most cases,0.9979
18,reports,428,password usage,0.9978
19,particular time interval,239,first time,0.9988
19,particular time interval,861,fixed time intervals,0.9987
19,particular time interval,1817,Network Time Protocol,0.9987
19,particular time interval,1645,Communication time,0.9986
19,particular time interval,757,kill signal,0.9986
19,particular time interval,498,archive instance,0.9986
19,particular time interval,93,unexpected results,0.9985
19,particular time interval,1364,appropriate libraries,0.9984
19,particular time interval,518,few tools,0.9984
19,particular time interval,1100,few minutes,0.9983
20,distinct plugin types,1545,RESOURCENAME TYPE INTERVAL,0.9988
20,distinct plugin types,1430,type columns,0.9981
20,distinct plugin types,704,various types,0.9980
20,distinct plugin types,1769,specific model,0.9979
20,distinct plugin types,1147,binary type,0.9976
20,distinct plugin types,1758,type UNKNOWN,0.9967
20,distinct plugin types,1779,type detection,0.9963
20,distinct plugin types,1526,main types,0.9957
20,distinct plugin types,357,database type storage plugins,0.9955
20,distinct plugin types,830,same computer architecture,0.9953
21,resource accounting,815,resource requirements,0.9969
21,resource accounting,1065,other shared resources,0.9969
21,resource accounting,615,Resource Limits document,0.9969
21,resource accounting,856,level resource usage,0.9968
21,resource accounting,1566,resource map,0.9965
21,resource accounting,1611,external resources,0.9964
21,resource accounting,1250,Resource usage limits,0.9964
21,resource accounting,847,resource limits,0.9962
21,resource accounting,1608,resource requirement string,0.9962
21,resource accounting,612,Resource Limits web page,0.9961
22,Slurm configuration parameters,319,Several Slurm configuration parameters,0.9997
22,Slurm configuration parameters,324,configuration parameters,0.9990
22,Slurm configuration parameters,1690,LSF_AUTH parameter,0.9980
22,Slurm configuration parameters,2066,additional parameters,0.9980
22,Slurm configuration parameters,1537,lsf.shared file,0.9976
22,Slurm configuration parameters,376,own configuration file,0.9975
22,Slurm configuration parameters,988,own keywords,0.9974
22,Slurm configuration parameters,1086,shell environment files,0.9974
22,Slurm configuration parameters,1568,RESOURCENAME parameter,0.9974
22,Slurm configuration parameters,1599,own ELIM,0.9972
23,plugins,648,JobAcctGather plugin,1.0000
23,plugins,48,appropriate plugin,0.9991
23,plugins,74,Slurm plugins,0.9984
23,plugins,1704,Windows password authentication,0.9971
23,plugins,75,authentication,0.9970
23,plugins,161,authentication module,0.9970
23,plugins,523,various reports,0.9970
23,plugins,413,separate machine,0.9969
23,plugins,674,largest memory peak,0.9969
23,plugins,500,manageable size,0.9969
24,AccountingStorageType,308,insensitive collation,0.9974
24,AccountingStorageType,2172,Many additional scenarios,0.9973
24,AccountingStorageType,1188,minus sign,0.9973
24,AccountingStorageType,1343,simple interface,0.9972
24,AccountingStorageType,1007,attributes,0.9971
24,AccountingStorageType,539,performance metrics,0.9970
24,AccountingStorageType,281,specific situations,0.9970
24,AccountingStorageType,536,various graphs,0.9970
24,AccountingStorageType,145,second key,0.9969
24,AccountingStorageType,415,slurm_acct_db,0.9968
25,detailed job,1274,complete job,0.9995
25,detailed job,1310,Job owners,0.9994
25,detailed job,778,parallel jobs,0.9994
25,detailed job,1285,job report,0.9994
25,detailed job,1347,job abc_real,0.9993
25,detailed job,766,running job,0.9993
25,detailed job,1481,job state,0.9993
25,detailed job,1740,job RES,0.9993
25,detailed job,894,job scheduling,0.9991
25,detailed job,874,particular jobs,0.9991
26,job step information,192,job completion plugin,0.9944
26,job step information,1304,specific job,0.9944
26,job step information,1740,job RES,0.9943
26,job step information,25,detailed job,0.9943
26,job step information,1381,additional jobs,0.9942
26,job step information,1310,Job owners,0.9940
26,job step information,1279,unique job ID,0.9940
26,job step information,874,particular jobs,0.9938
26,job step information,1277,sleep job,0.9938
26,job step information,1481,job state,0.9937
27,text file,190,flat file,0.9996
27,text file,762,lsb.params file,0.9993
27,text file,1358,wrapper files,0.9993
27,text file,1711,such file,0.9993
27,text file,1935,file respath,0.9992
27,text file,1340,executable file,0.9992
27,text file,6,simple text file,0.9992
27,text file,2005,ego.shared files,0.9990
27,text file,1388,shell files,0.9990
27,text file,167,passwd file,0.9990
28,SlurmDBD,81,slurmdbd RPMs,1.0000
28,SlurmDBD,375,SlurmDBD Configuration,0.9973
28,SlurmDBD,84,SlurmDBD plugin,0.9972
28,SlurmDBD,352,external slurmdbds,0.9971
28,SlurmDBD,506,archive slurmdbd,0.9968
28,SlurmDBD,469,SlurmDBD Archive,0.9968
28,SlurmDBD,386,Slurm components,0.9957
28,SlurmDBD,76,Slurm SQL,0.9957
28,SlurmDBD,505,Slurm controller,0.9957
28,SlurmDBD,1,Slurm,0.9957
30,mechanism,955,products,0.9965
30,mechanism,536,various graphs,0.9964
30,mechanism,674,largest memory peak,0.9964
30,mechanism,1157,product entitlement version array,0.9963
30,mechanism,2175,n3 State,0.9962
30,mechanism,1343,simple interface,0.9962
30,mechanism,979,LSF_ENVDIR variable,0.9962
30,mechanism,1943,token processing,0.9961
30,mechanism,1362,Binary code,0.9961
30,mechanism,1937,RES binary,0.9961
31,jobacct_gather,1038,log/ mbatchd.log.hosta,0.9955
31,jobacct_gather,1044,log/,0.9955
31,jobacct_gather,2088,salloc,0.9948
31,jobacct_gather,970,lsb.queues,0.9938
31,jobacct_gather,997,kernel,0.9936
31,jobacct_gather,1002,usr,0.9936
31,jobacct_gather,138,MUNGE,0.9932
31,jobacct_gather,146,MUNGE enhancements,0.9932
31,jobacct_gather,1421,c. Edit,0.9931
31,jobacct_gather,1291,errors.%J ls -l,0.9928
33,cgroup,1736,Linux cgroups,1.0000
33,cgroup,1246,r1 m,0.9967
33,cgroup,1291,errors.%J ls -l,0.9966
33,cgroup,1421,c. Edit,0.9963
33,cgroup,140,normal MUNGE configuration,0.9961
33,cgroup,2061,SelectTypeParameters,0.9960
33,cgroup,1178,status r15s r1 m,0.9959
33,cgroup,1283,short sleep,0.9959
33,cgroup,2088,salloc,0.9959
33,cgroup,307,_ ci suffix,0.9957
34,JobCompType,1363,source code,0.9965
34,JobCompType,1609,license1 myjob,0.9964
34,JobCompType,1036,res,0.9962
34,JobCompType,1429,b. Edit,0.9962
34,JobCompType,1292,% J variable,0.9961
34,JobCompType,1604,myjob,0.9961
34,JobCompType,1510,file permission mode -rw-------,0.9960
34,JobCompType,1247,ut pg io ls,0.9960
34,JobCompType,1831,tcp service,0.9958
34,JobCompType,1179,ut pg ls,0.9957
35,job completion information,43,only basic job information,0.9981
35,job completion information,333,job information,0.9961
35,job completion information,417,job accounting data,0.9959
35,job completion information,1529,interactive job execution,0.9955
35,job completion information,199,job completion data,0.9955
35,job completion information,1311,own jobs,0.9954
35,job completion information,897,more jobs,0.9952
35,job completion information,939,job output,0.9950
35,job completion information,1294,find job output,0.9950
35,job completion information,1259,most jobs,0.9939
36,job name,1134,available queues,0.9948
36,job name,936,parallel user jobs,0.9940
36,job name,1486,other queues,0.9938
36,job name,749,chunk job queue,0.9935
36,job name,807,new job,0.9910
36,job name,417,job accounting data,0.9903
36,job name,1311,own jobs,0.9901
36,job name,1458,different default management host,0.9900
36,job name,1230,dispatch jobs,0.9898
36,job name,1534,optimal use,0.9897
37,user name,183,same users,0.9947
37,user name,123,same name,0.9941
37,user name,378,database login name,0.9941
37,user name,1922,same user ID,0.9924
37,user name,1882,Duplicate cluster name name,0.9923
37,user name,1000,Defines cluster name,0.9917
37,user name,589,account name,0.9916
37,user name,920,user data,0.9915
37,user name,1847,user claimed_user,0.9914
37,user name,116,user naming,0.9914
38,nodes,2189,Allocate CPUs,0.9931
38,nodes,2095,Suballocates CPUs,0.9909
38,nodes,2206,oversubscribe CPUs,0.9909
38,nodes,651,cpu,0.9909
38,nodes,2191,unallocated CPUs,0.9909
38,nodes,2162,CPU Numbering,0.9909
38,nodes,2225,Allocate,0.9899
38,nodes,2099,CPU allocation,0.9895
38,nodes,2165,CPU numbers,0.9866
38,nodes,692,outlier task,0.9866
39,time,253,recovery times,1.0000
39,time,524,time period,1.0000
39,time,1810,time zones,1.0000
39,time,872,startup time,0.9986
39,time,40,completion time,0.9980
39,time,795,execution time,0.9980
39,time,403,configure time,0.9970
39,time,1365,more time,0.9966
39,time,861,fixed time intervals,0.9956
39,time,1645,Communication time,0.9951
40,completion time,403,configure time,0.9989
40,completion time,861,fixed time intervals,0.9986
40,completion time,1645,Communication time,0.9986
40,completion time,239,first time,0.9982
40,completion time,501,sure old records,0.9981
40,completion time,872,startup time,0.9980
40,completion time,253,recovery times,0.9980
40,completion time,1810,time zones,0.9980
40,completion time,524,time period,0.9980
40,completion time,39,time,0.9980
41,exit status,1445,reconfiguration exits,1.0000
41,exit status,740,EXIT,1.0000
41,exit status,1819,incorrect file permissions,0.9969
41,exit status,1510,file permission mode -rw-------,0.9966
41,exit status,424,permissions,0.9963
41,exit status,1707,correct permissions,0.9962
41,exit status,94,internal cache,0.9962
41,exit status,999,Keyword definition file,0.9962
41,exit status,622,following form,0.9960
41,exit status,2031,old EGO password file,0.9959
43,only basic job information,417,job accounting data,0.9981
43,only basic job information,35,job completion information,0.9981
43,only basic job information,199,job completion data,0.9980
43,only basic job information,323,job completion records,0.9973
43,only basic job information,1529,interactive job execution,0.9968
43,only basic job information,1311,own jobs,0.9965
43,only basic job information,924,remote jobs access,0.9964
43,only basic job information,1334,complete job submission,0.9962
43,only basic job information,192,job completion plugin,0.9961
43,only basic job information,1259,most jobs,0.9960
44,minimal overhead,318,minimal security,0.9973
44,minimal overhead,572,physics parent,0.9951
44,minimal overhead,1733,parent,0.9951
44,minimal overhead,1943,token processing,0.9951
44,minimal overhead,1937,RES binary,0.9951
44,minimal overhead,1188,minus sign,0.9950
44,minimal overhead,1363,source code,0.9950
44,minimal overhead,536,various graphs,0.9950
44,minimal overhead,134,uppercase characters,0.9950
44,minimal overhead,1703,characters,0.9950
45,MySQL,431,previous mysql statement,1.0000
45,MySQL,435,mysql@snowflake:~$ mysql,1.0000
45,MySQL,255,MySQL 8.0.,1.0000
45,MySQL,423,MySQL Configuration,0.9952
45,MySQL,270,MySQL versions,0.9938
45,MySQL,436,MySQL monitor,0.9935
45,MySQL,83,MySQL plugin,0.9926
45,MySQL,240,several MySQL,0.9926
45,MySQL,433,grant line,0.9913
45,MySQL,238,MySQL test program,0.9894
46,MariaDB database,7,database,1.0000
46,MariaDB database,217,preferred database,1.0000
46,MariaDB database,77,database use,0.9951
46,MariaDB database,182,same database,0.9948
46,MariaDB database,608,accounting database,0.9927
46,MariaDB database,378,database login name,0.9906
46,MariaDB database,507,certain database entries,0.9897
46,MariaDB database,596,database object,0.9889
46,MariaDB database,67,database security,0.9872
46,MariaDB database,414,default database,0.9868
47,sacct,1120,complete usage,0.9983
47,sacct,135,best way,0.9981
47,sacct,428,password usage,0.9981
47,sacct,523,various reports,0.9981
47,sacct,55,similar tool,0.9981
47,sacct,1704,Windows password authentication,0.9979
47,sacct,151,different keys,0.9979
47,sacct,518,few tools,0.9978
47,sacct,2145,easy way,0.9978
47,sacct,503,separate instances,0.9978
48,appropriate plugin,23,plugins,0.9991
48,appropriate plugin,648,JobAcctGather plugin,0.9991
48,appropriate plugin,74,Slurm plugins,0.9989
48,appropriate plugin,1364,appropriate libraries,0.9986
48,appropriate plugin,1704,Windows password authentication,0.9985
48,appropriate plugin,55,similar tool,0.9984
48,appropriate plugin,503,separate instances,0.9984
48,appropriate plugin,413,separate machine,0.9983
48,appropriate plugin,523,various reports,0.9983
48,appropriate plugin,732,behavior,0.9982
49,jobcomp,211,accounting_storage,0.9969
49,jobcomp,138,MUNGE,0.9959
49,jobcomp,146,MUNGE enhancements,0.9959
49,jobcomp,547,execute line,0.9949
49,jobcomp,1878,first line,0.9943
49,jobcomp,1879,keyword line,0.9942
49,jobcomp,140,normal MUNGE configuration,0.9942
49,jobcomp,436,MySQL monitor,0.9939
49,jobcomp,50,filetxt,0.9938
49,jobcomp,1291,errors.%J ls -l,0.9937
50,filetxt,1879,keyword line,0.9953
50,filetxt,1013,lsbatch,0.9947
50,filetxt,1878,first line,0.9947
50,filetxt,211,accounting_storage,0.9942
50,filetxt,1178,status r15s r1 m,0.9941
50,filetxt,2176,cons_tres plugin,0.9941
50,filetxt,997,kernel,0.9941
50,filetxt,140,normal MUNGE configuration,0.9940
50,filetxt,2061,SelectTypeParameters,0.9940
50,filetxt,1550,license2 Numeric,0.9939
51,pathname,397,qualified pathname,1.0000
51,pathname,1363,source code,0.9978
51,pathname,1247,ut pg io ls,0.9978
51,pathname,2026,EGO consumer tree,0.9977
51,pathname,2237,cgroup plugin,0.9977
51,pathname,485,form,0.9977
51,pathname,2013,c. Migrate,0.9976
51,pathname,1179,ut pg ls,0.9975
51,pathname,1188,minus sign,0.9975
51,pathname,1235,owners,0.9975
52,file,905,install.config file,1.0000
52,file,1398,file lsf10.1.0_linux2.,1.0000
52,file,1427,lsf_getting_started.html file,1.0000
52,file,1767,ego.sudoers file,1.0000
52,file,1853,.rhosts file,1.0000
52,file,1747,lsb.hosts file,1.0000
52,file,1394,.profile file,1.0000
52,file,1697,HOME/.rhosts file,1.0000
52,file,167,passwd file,0.9983
52,file,2005,ego.shared files,0.9981
53,log,1615,Log messages,0.9921
53,log,1048,error logs,0.9914
53,log,976,log directories,0.9871
53,log,1642,LIM error log,0.9860
53,log,1683,RES error log,0.9855
53,log,1953,event log,0.9827
53,log,1616,error log files,0.9826
53,log,1414,a. Log,0.9802
53,log,1722,mbatchd daemon error logs,0.9795
53,log,1031,Daemon log files,0.9790
55,similar tool,518,few tools,0.9994
55,similar tool,517,Tools,0.9992
55,similar tool,529,party tools,0.9992
55,similar tool,574,similar syntax,0.9991
55,similar tool,479,purge interval,0.9990
55,similar tool,1336,Wrapper binary executables,0.9990
55,similar tool,135,best way,0.9989
55,similar tool,1717,automount maps,0.9989
55,similar tool,2145,easy way,0.9989
55,similar tool,1100,few minutes,0.9989
56,log files,1414,a. Log,0.9974
56,log files,1953,event log,0.9970
56,log files,1616,error log files,0.9951
56,log files,1172,lsf.conf file message,0.9947
56,log files,1683,RES error log,0.9940
56,log files,1916,RES messages,0.9898
56,log files,940,error files,0.9895
56,log files,1443,configuration errors,0.9895
56,log files,1642,LIM error log,0.9891
56,log files,1825,internal error,0.9889
57,SIGUSR2 signal,768,signal,1.0000
57,SIGUSR2 signal,2145,easy way,0.9983
57,SIGUSR2 signal,55,similar tool,0.9983
57,SIGUSR2 signal,674,largest memory peak,0.9983
57,SIGUSR2 signal,734,several states,0.9982
57,SIGUSR2 signal,2161,readable format,0.9982
57,SIGUSR2 signal,1157,product entitlement version array,0.9982
57,SIGUSR2 signal,379,complete description,0.9982
57,SIGUSR2 signal,518,few tools,0.9981
57,SIGUSR2 signal,757,kill signal,0.9981
58,slurmctld daemon,149,different daemons,0.9990
58,slurmctld daemon,1834,identd daemon,0.9987
58,slurmctld daemon,468,daemon mode,0.9985
58,slurmctld daemon,1039,Management scheduler daemon,0.9981
58,slurmctld daemon,1840,ident daemon,0.9980
58,slurmctld daemon,1225,daemon time,0.9978
58,slurmctld daemon,519,SlurmDBD daemon,0.9972
58,slurmctld daemon,748,sbatchd daemon,0.9967
58,slurmctld daemon,360,MUNGE daemon,0.9956
58,slurmctld daemon,363,alternate MUNGE daemon,0.9956
59,new log files,1029,Batch accounting log,0.9966
59,new log files,727,File systems,0.9958
59,new log files,929,NFS file systems,0.9958
59,new log files,932,Andrew File System,0.9958
59,new log files,1172,lsf.conf file message,0.9956
59,new log files,1705,file system environment,0.9946
59,new log files,2010,new lsf.conf file,0.9945
59,new log files,797,batch file,0.9943
59,new log files,1471,system startup files,0.9942
59,new log files,1726,unknown service error message displays,0.9932
60,data,96,cached data,1.0000
60,data,473,Purged data,1.0000
60,data,476,data retention,1.0000
60,data,356,accounting data,0.9989
60,data,925,local data,0.9979
60,data,284,database version,0.9968
60,data,62,password data,0.9966
60,data,499,production database,0.9962
60,data,67,database security,0.9960
60,data,117,Accounting,0.9958
61,availability,852,Total resident memory usage,0.9980
61,availability,853,Total virtual memory usage,0.9980
61,availability,1500,setuid bit,0.9976
61,availability,1511,ID mode bit,0.9976
61,availability,539,performance metrics,0.9976
61,availability,538,exporter tool,0.9975
61,availability,134,uppercase characters,0.9975
61,availability,1896,illegal character,0.9975
61,availability,1703,characters,0.9975
61,availability,775,individual computer,0.9975
62,password data,106,critical data,0.9991
62,password data,636,usage data,0.9989
62,password data,925,local data,0.9987
62,password data,559,accounting reports,0.9981
62,password data,419,accounting storage mechanism,0.9980
62,password data,191,accounting storage plugin,0.9979
62,password data,501,sure old records,0.9979
62,password data,410,NOTE,0.9979
62,password data,249,old records,0.9978
62,password data,595,accounting privileges,0.9978
63,Slurm control daemon,1446,e. Reconfigure mbatchd,0.9970
63,Slurm control daemon,1859,Service lim,0.9966
63,Slurm control daemon,1858,LIM service,0.9966
63,Slurm control daemon,1754,sbatchd,0.9965
63,Slurm control daemon,1721,mbatchd exit,0.9960
63,Slurm control daemon,1643,LIM communication,0.9954
63,Slurm control daemon,381,second MUNGE daemon,0.9953
63,Slurm control daemon,1652,master LIM,0.9952
63,Slurm control daemon,1729,LIM communication times,0.9952
63,Slurm control daemon,1438,d. Reconfigure lim,0.9950
64,slurmctld,605,served slurmctld,1.0000
64,slurmctld,406,slurmctld execute,0.9983
64,slurmctld,249,old records,0.9978
64,slurmctld,498,archive instance,0.9977
64,slurmctld,483,Archive,0.9977
64,slurmctld,191,accounting storage plugin,0.9976
64,slurmctld,636,usage data,0.9975
64,slurmctld,172,accounting tools,0.9974
64,slurmctld,19,particular time interval,0.9972
64,slurmctld,419,accounting storage mechanism,0.9972
65,user commands,552,more clusters,0.9910
65,user commands,623,change,0.9902
65,user commands,953,new installation,0.9890
65,user commands,1904,new information,0.9890
65,user commands,725,installation,0.9883
65,user commands,959,Linux installation,0.9883
65,user commands,1483,queue administrator,0.9881
65,user commands,724,Cluster characteristics,0.9875
65,user commands,2038,original cluster,0.9870
65,user commands,113,multiple clusters,0.9869
66,users,1071,non-root user,1.0000
66,users,116,user naming,1.0000
66,users,1847,user claimed_user,1.0000
66,users,183,same users,0.9948
66,users,920,user data,0.9926
66,users,125,user accounts,0.9922
66,users,37,user name,0.9914
66,users,103,user limits,0.9906
66,users,643,user processes,0.9893
66,users,629,user records,0.9890
67,database security,499,production database,0.9994
67,database security,596,database object,0.9994
67,database security,507,certain database entries,0.9993
67,database security,284,database version,0.9992
67,database security,1832,services database,0.9990
67,database security,297,Slurm database,0.9988
67,database security,459,database slurm_acct_db,0.9987
67,database security,608,accounting database,0.9982
67,database security,221,database support,0.9981
67,database security,540,Database Configuration,0.9980
68,intermediate daemon,1691,inetd daemon,1.0000
68,intermediate daemon,1999,vemkd daemon,1.0000
68,intermediate daemon,1685,identification daemon,1.0000
68,intermediate daemon,79,daemons,1.0000
68,intermediate daemon,1720,Batch daemons,0.9923
68,intermediate daemon,747,mbatchd daemon,0.9908
68,intermediate daemon,1725,sbatchd daemon starts,0.9901
68,intermediate daemon,1867,new daemon,0.9855
68,intermediate daemon,1101,lim daemon,0.9855
68,intermediate daemon,1226,batch system daemon,0.9854
69,better security,136,security,0.9991
69,better security,318,minimal security,0.9990
69,better security,407,security purposes,0.9989
69,better security,1580,ELIM program,0.9989
69,better security,208,arbitrary text string,0.9988
69,better security,1345,rename abc,0.9987
69,better security,55,similar tool,0.9987
69,better security,1943,token processing,0.9987
69,better security,1581,executable program,0.9987
69,better security,1336,Wrapper binary executables,0.9986
70,performance,539,performance metrics,0.9993
70,performance,674,largest memory peak,0.9986
70,performance,690,average memory peaks,0.9985
70,performance,853,Total virtual memory usage,0.9982
70,performance,852,Total resident memory usage,0.9982
70,performance,281,specific situations,0.9981
70,performance,686,TresUsage * fields,0.9980
70,performance,875,binary architecture,0.9980
70,performance,1157,product entitlement version array,0.9979
70,performance,775,individual computer,0.9979
71,Slurm Database Daemon,462,other Slurm daemons,0.9953
71,Slurm Database Daemon,405,slurmdbd daemon executes,0.9941
71,Slurm Database Daemon,58,slurmctld daemon,0.9934
71,Slurm Database Daemon,149,different daemons,0.9932
71,Slurm Database Daemon,624,appropriate Slurm daemons,0.9929
71,Slurm Database Daemon,1487,primary administrator,0.9929
71,Slurm Database Daemon,100,slurmctld starts,0.9922
71,Slurm Database Daemon,361,default MUNGE daemon,0.9919
71,Slurm Database Daemon,358,Database Daemon,0.9915
71,Slurm Database Daemon,702,administrator overview,0.9911
72,such services,1846,service request,0.9990
72,such services,2031,old EGO password file,0.9988
72,such services,95,service,0.9987
72,such services,1856,unknown service,0.9987
72,such services,224,InnoDB storage engine,0.9986
72,such services,503,separate instances,0.9984
72,such services,1364,appropriate libraries,0.9984
72,such services,1477,Configuration Reference,0.9983
72,such services,1636,symbolic link,0.9983
72,such services,1100,few minutes,0.9983
73,configuration,1074,Multi-user configuration,1.0000
73,configuration,1666,IP configuration,1.0000
73,configuration,2024,EGO configuration,0.9985
73,configuration,321,separate configuration file,0.9980
73,configuration,187,Slurm JobComp Configuration,0.9977
73,configuration,731,several configuration files,0.9976
73,configuration,1477,Configuration Reference,0.9976
73,configuration,2029,old EGO XML configuration files,0.9976
73,configuration,992,Global configuration files,0.9974
73,configuration,710,configuration files,0.9974
74,Slurm plugins,48,appropriate plugin,0.9989
74,Slurm plugins,84,SlurmDBD plugin,0.9988
74,Slurm plugins,1,Slurm,0.9987
74,Slurm plugins,505,Slurm controller,0.9987
74,Slurm plugins,76,Slurm SQL,0.9987
74,Slurm plugins,386,Slurm components,0.9987
74,Slurm plugins,23,plugins,0.9984
74,Slurm plugins,648,JobAcctGather plugin,0.9984
74,Slurm plugins,209,Slurm Accounting Configuration,0.9984
74,Slurm plugins,232,slurm build,0.9983
75,authentication,161,authentication module,1.0000
75,authentication,1704,Windows password authentication,0.9990
75,authentication,1848,ident authentication,0.9983
75,authentication,48,appropriate plugin,0.9980
75,authentication,479,purge interval,0.9980
75,authentication,2145,easy way,0.9979
75,authentication,428,password usage,0.9979
75,authentication,151,different keys,0.9978
75,authentication,523,various reports,0.9978
75,authentication,413,separate machine,0.9978
76,Slurm SQL,505,Slurm controller,1.0000
76,Slurm SQL,386,Slurm components,1.0000
76,Slurm SQL,1,Slurm,1.0000
76,Slurm SQL,74,Slurm plugins,0.9987
76,Slurm SQL,209,Slurm Accounting Configuration,0.9982
76,Slurm SQL,84,SlurmDBD plugin,0.9979
76,Slurm SQL,232,slurm build,0.9978
76,Slurm SQL,506,archive slurmdbd,0.9978
76,Slurm SQL,469,SlurmDBD Archive,0.9978
76,Slurm SQL,352,external slurmdbds,0.9975
77,database use,182,same database,0.9968
77,database use,1780,efficient use,0.9952
77,database use,1534,optimal use,0.9952
77,database use,46,MariaDB database,0.9951
77,database use,217,preferred database,0.9951
77,database use,7,database,0.9951
77,database use,608,accounting database,0.9923
77,database use,920,user data,0.9909
77,database use,183,same users,0.9909
77,database use,446,database storage host,0.9901
78,other Slurm commands,1193,Other useful commands,0.9993
78,other Slurm commands,1114,Example command output,0.9978
78,other Slurm commands,1807,b * commands,0.9969
78,other Slurm commands,1808,* commands,0.9969
78,other Slurm commands,1833,setuid root command,0.9962
78,other Slurm commands,1136,lsadmin ckconfig -v,0.9959
78,other Slurm commands,542,sacctmgr command,0.9958
78,other Slurm commands,1451,Command Reference,0.9957
78,other Slurm commands,9,sacct command,0.9955
78,other Slurm commands,1815,command request,0.9955
79,daemons,1685,identification daemon,1.0000
79,daemons,1999,vemkd daemon,1.0000
79,daemons,1691,inetd daemon,1.0000
79,daemons,68,intermediate daemon,1.0000
79,daemons,1720,Batch daemons,0.9923
79,daemons,747,mbatchd daemon,0.9908
79,daemons,1725,sbatchd daemon starts,0.9901
79,daemons,1867,new daemon,0.9855
79,daemons,1101,lim daemon,0.9855
79,daemons,1226,batch system daemon,0.9854
80,host,1903,non-LSF host,1.0000
80,host,777,Multiprocessor hosts,1.0000
80,host,1660,official host,1.0000
80,host,1783,AIX host,1.0000
80,host,1187,host status,1.0000
80,host,1782,Linux host,1.0000
80,host,1850,equivalent host,1.0000
80,host,1380,new hosts,0.9943
80,host,823,host models,0.9942
80,host,822,Host types,0.9941
81,slurmdbd RPMs,28,SlurmDBD,1.0000
81,slurmdbd RPMs,375,SlurmDBD Configuration,0.9973
81,slurmdbd RPMs,84,SlurmDBD plugin,0.9972
81,slurmdbd RPMs,352,external slurmdbds,0.9971
81,slurmdbd RPMs,506,archive slurmdbd,0.9968
81,slurmdbd RPMs,469,SlurmDBD Archive,0.9968
81,slurmdbd RPMs,386,Slurm components,0.9957
81,slurmdbd RPMs,505,Slurm controller,0.9957
81,slurmdbd RPMs,76,Slurm SQL,0.9957
81,slurmdbd RPMs,1,Slurm,0.9957
82,server,245,SQL server,1.0000
82,server,174,LDAP server,1.0000
82,server,241,MariaDB server settings,0.9973
82,server,1035,Remote execution server,0.9967
82,server,495,Archive Server,0.9965
82,server,502,production server,0.9965
82,server,1845,ident server,0.9964
82,server,1585,FLEXlm license server,0.9963
82,server,220,DB server packages,0.9960
82,server,438,Server version,0.9956
83,MySQL plugin,270,MySQL versions,0.9988
83,MySQL plugin,436,MySQL monitor,0.9986
83,MySQL plugin,240,several MySQL,0.9985
83,MySQL plugin,238,MySQL test program,0.9979
83,MySQL plugin,423,MySQL Configuration,0.9978
83,MySQL plugin,187,Slurm JobComp Configuration,0.9972
83,MySQL plugin,205,jobcomp plugin,0.9970
83,MySQL plugin,573,science \,0.9964
83,MySQL plugin,628,following execute line,0.9963
83,MySQL plugin,547,execute line,0.9962
84,SlurmDBD plugin,74,Slurm plugins,0.9988
84,SlurmDBD plugin,469,SlurmDBD Archive,0.9987
84,SlurmDBD plugin,506,archive slurmdbd,0.9987
84,SlurmDBD plugin,352,external slurmdbds,0.9985
84,SlurmDBD plugin,386,Slurm components,0.9979
84,SlurmDBD plugin,505,Slurm controller,0.9979
84,SlurmDBD plugin,76,Slurm SQL,0.9979
84,SlurmDBD plugin,1,Slurm,0.9979
84,SlurmDBD plugin,375,SlurmDBD Configuration,0.9978
84,SlurmDBD plugin,209,Slurm Accounting Configuration,0.9976
85,cluster,355,non-external cluster,1.0000
85,cluster,1054,cluster status,1.0000
85,cluster,1072,multi-user cluster,1.0000
85,cluster,2007,new cluster,0.9954
85,cluster,726,cluster administrators,0.9948
85,cluster,553,cluster names,0.9914
85,cluster,973,cluster users,0.9892
85,cluster,1073,user cluster,0.9892
85,cluster,724,Cluster characteristics,0.9889
85,cluster,2001,same cluster name,0.9878
86,sacctmgr list cluster,1053,cluster configuration,0.9976
86,sacctmgr list cluster,713,reconfigure cluster properties,0.9975
86,sacctmgr list cluster,2025,cluster define,0.9967
86,sacctmgr list cluster,1000,Defines cluster name,0.9965
86,sacctmgr list cluster,88,cluster snowflake,0.9963
86,sacctmgr list cluster,1003,Cluster configuration file,0.9961
86,sacctmgr list cluster,868,new values,0.9958
86,sacctmgr list cluster,550,test Cluster,0.9954
86,sacctmgr list cluster,1693,name server,0.9950
86,sacctmgr list cluster,1715,different name,0.9948
87,snowflake,551,snowflake \,0.9987
87,snowflake,238,MySQL test program,0.9968
87,snowflake,631,brian,0.9959
87,snowflake,573,science \,0.9953
87,snowflake,570,science,0.9952
87,snowflake,546,test,0.9952
87,snowflake,628,following execute line,0.9946
87,snowflake,187,Slurm JobComp Configuration,0.9945
87,snowflake,577,test execute,0.9942
87,snowflake,1514,hostsetup,0.9941
88,cluster snowflake,550,test Cluster,0.9987
88,cluster snowflake,1053,cluster configuration,0.9975
88,cluster snowflake,2025,cluster define,0.9972
88,cluster snowflake,1026,work/ cluster,0.9971
88,cluster snowflake,706,cluster operations,0.9967
88,cluster snowflake,113,multiple clusters,0.9966
88,cluster snowflake,86,sacctmgr list cluster,0.9963
88,cluster snowflake,713,reconfigure cluster properties,0.9961
88,cluster snowflake,1000,Defines cluster name,0.9960
88,cluster snowflake,2038,original cluster,0.9958
89,Failure,159,slurm.conf,0.9968
89,Failure,94,internal cache,0.9965
89,Failure,1188,minus sign,0.9965
89,Failure,1510,file permission mode -rw-------,0.9965
89,Failure,1343,simple interface,0.9964
89,Failure,572,physics parent,0.9964
89,Failure,1733,parent,0.9964
89,Failure,1511,ID mode bit,0.9964
89,Failure,154,proper key,0.9964
89,Failure,2172,Many additional scenarios,0.9964
90,switch,1493,user5 RUN night hostA hostD,0.9970
90,switch,1838,Authentication port mismatch,0.9969
90,switch,203,network port,0.9968
90,switch,1951,lost_and_found,0.9964
90,switch,510,mysqldump,0.9960
90,switch,415,slurm_acct_db,0.9959
90,switch,308,insensitive collation,0.9958
90,switch,303,collation,0.9957
90,switch,1843,bad port,0.9957
90,switch,1930,RES control requests,0.9955
91,new version,1983,new connections,0.9992
91,new version,1956,new configuration,0.9983
91,new version,1732,new process group,0.9979
91,new version,1261,execution scripts,0.9972
91,new version,1416,b. Change,0.9970
91,new version,971,product installation,0.9969
91,new version,1614,incorrect installation,0.9969
91,new version,2039,new work,0.9969
91,new version,829,same operating system,0.9966
91,new version,868,new values,0.9964
92,same time,603,same level,0.9965
92,same time,868,new values,0.9964
92,same time,1909,same configuration information,0.9962
92,same time,668,same example,0.9961
92,same time,1372,application user interfaces,0.9959
92,same time,119,same person,0.9953
92,same time,409,same SlurmUser,0.9953
92,same time,1922,same user ID,0.9951
92,same time,168,database server,0.9950
92,same time,829,same operating system,0.9948
93,unexpected results,922,results,0.9989
93,unexpected results,1924,remote execution permission,0.9986
93,unexpected results,19,particular time interval,0.9985
93,unexpected results,632,most cases,0.9985
93,unexpected results,258,older SQL server versions,0.9984
93,unexpected results,185,network page,0.9983
93,unexpected results,1364,appropriate libraries,0.9982
93,unexpected results,757,kill signal,0.9982
93,unexpected results,1770,automatic detection,0.9981
93,unexpected results,2000,current fix pack level,0.9981
94,internal cache,101,cache,0.9991
94,internal cache,1510,file permission mode -rw-------,0.9987
94,internal cache,1511,ID mode bit,0.9985
94,internal cache,208,arbitrary text string,0.9985
94,internal cache,1188,minus sign,0.9983
94,internal cache,1345,rename abc,0.9983
94,internal cache,1343,simple interface,0.9983
94,internal cache,1943,token processing,0.9982
94,internal cache,536,various graphs,0.9982
94,internal cache,232,slurm build,0.9981
95,service,1846,service request,0.9991
95,service,72,such services,0.9987
95,service,1856,unknown service,0.9986
95,service,2031,old EGO password file,0.9975
95,service,1688,application binary files,0.9973
95,service,1086,shell environment files,0.9973
95,service,2014,old file,0.9972
95,service,2017,old passwd.lsfuser file,0.9972
95,service,319,Several Slurm configuration parameters,0.9971
95,service,1573,following format,0.9971
96,cached data,473,Purged data,1.0000
96,cached data,476,data retention,1.0000
96,cached data,60,data,1.0000
96,cached data,356,accounting data,0.9989
96,cached data,925,local data,0.9979
96,cached data,284,database version,0.9968
96,cached data,62,password data,0.9966
96,cached data,499,production database,0.9962
96,cached data,67,database security,0.9960
96,cached data,637,Accounting Interpretation,0.9958
97,local storage,317,storage,0.9992
97,local storage,1827,available swap space,0.9986
97,local storage,419,accounting storage mechanism,0.9985
97,local storage,249,old records,0.9983
97,local storage,191,accounting storage plugin,0.9982
97,local storage,501,sure old records,0.9981
97,local storage,1570,different ELIM,0.9980
97,local storage,1645,Communication time,0.9980
97,local storage,498,archive instance,0.9980
97,local storage,1009,dispatch windows,0.9979
99,startup,872,startup time,0.9986
99,startup,392,work,0.9976
99,startup,1614,incorrect installation,0.9975
99,startup,971,product installation,0.9974
99,startup,336,environment,0.9972
99,startup,1729,LIM communication times,0.9970
99,startup,795,execution time,0.9969
99,startup,1985,system call times,0.9968
99,startup,1648,local LIM,0.9967
99,startup,393,system build time,0.9966
100,slurmctld starts,1724,sbatchd starts,0.9967
100,slurmctld starts,149,different daemons,0.9944
100,slurmctld starts,58,slurmctld daemon,0.9941
100,slurmctld starts,1225,daemon time,0.9924
100,slurmctld starts,71,Slurm Database Daemon,0.9922
100,slurmctld starts,1834,identd daemon,0.9909
100,slurmctld starts,468,daemon mode,0.9907
100,slurmctld starts,462,other Slurm daemons,0.9905
100,slurmctld starts,1039,Management scheduler daemon,0.9904
100,slurmctld starts,358,Database Daemon,0.9895
101,cache,94,internal cache,0.9991
101,cache,208,arbitrary text string,0.9981
101,cache,1511,ID mode bit,0.9979
101,cache,1343,simple interface,0.9979
101,cache,536,various graphs,0.9978
101,cache,219,place upgrades,0.9977
101,cache,407,security purposes,0.9977
101,cache,1636,symbolic link,0.9977
101,cache,1510,file permission mode -rw-------,0.9976
101,cache,1157,product entitlement version array,0.9975
102,valid bank accounts,1011,configure account mappings,0.9990
102,valid bank accounts,569,account science \,0.9988
102,valid bank accounts,593,parent account,0.9986
102,valid bank accounts,590,different bank accounts,0.9984
102,valid bank accounts,330,invalid accounts,0.9978
102,valid bank accounts,564,account science,0.9975
102,valid bank accounts,592,account hierarchy,0.9967
102,valid bank accounts,571,account chemistry,0.9966
102,valid bank accounts,577,test execute,0.9964
102,valid bank accounts,549,account none,0.9960
103,user limits,920,user data,0.9973
103,user limits,522,user associations,0.9971
103,user limits,629,user records,0.9963
103,user limits,118,user ID,0.9955
103,user limits,643,user processes,0.9951
103,user limits,1142,US Government Users Restricted Rights,0.9949
103,user limits,1215,single user,0.9944
103,user limits,1919,bad user,0.9942
103,user limits,1377,Manage users,0.9941
103,user limits,575,user da,0.9939
104,state,752,ZOMBI state,1.0000
104,state,759,UNKWN state,1.0000
104,state,734,several states,0.9989
104,state,2175,n3 State,0.9986
104,state,478,unwieldy size,0.9976
104,state,471,reasonable size,0.9976
104,state,500,manageable size,0.9976
104,state,291,size,0.9976
104,state,2145,easy way,0.9975
104,state,479,purge interval,0.9975
105,last communicating,1247,ut pg io ls,0.9976
105,last communicating,1179,ut pg ls,0.9973
105,last communicating,1363,source code,0.9972
105,last communicating,801,advantage,0.9972
105,last communicating,1403,IBM Passport Advantage,0.9972
105,last communicating,159,slurm.conf,0.9971
105,last communicating,1429,b. Edit,0.9970
105,last communicating,556,description,0.9969
105,last communicating,308,insensitive collation,0.9969
105,last communicating,1188,minus sign,0.9969
106,critical data,636,usage data,0.9991
106,critical data,62,password data,0.9991
106,critical data,595,accounting privileges,0.9983
106,critical data,559,accounting reports,0.9982
106,critical data,249,old records,0.9982
106,critical data,925,local data,0.9981
106,critical data,419,accounting storage mechanism,0.9981
106,critical data,191,accounting storage plugin,0.9981
106,critical data,501,sure old records,0.9980
106,critical data,172,accounting tools,0.9979
107,step accounting records,584,specific partitions,0.9954
107,step accounting records,2072,partition definition,0.9953
107,step accounting records,609,Slurm partition,0.9951
107,step accounting records,693,much memory,0.9949
107,step accounting records,652,memory,0.9949
107,step accounting records,143,single MUNGE key,0.9944
107,step accounting records,690,average memory peaks,0.9943
107,step accounting records,2122,subset,0.9938
107,step accounting records,23,plugins,0.9935
107,step accounting records,648,JobAcctGather plugin,0.9935
108,number,2165,CPU numbers,0.9823
108,number,2216,Allocate cores,0.9810
108,number,382,socket,0.9786
108,number,2057,cores,0.9760
108,number,2098,minimum number,0.9756
108,number,1213,Maximum number,0.9706
108,number,2225,Allocate,0.9665
108,number,1888,valid number,0.9661
108,number,391,port number,0.9658
108,number,1216,Total number,0.9632
109,records,5,Accounting records,0.9990
109,records,249,old records,0.9980
109,records,191,accounting storage plugin,0.9972
109,records,419,accounting storage mechanism,0.9971
109,records,559,accounting reports,0.9970
109,records,62,password data,0.9969
109,records,595,accounting privileges,0.9968
109,records,106,critical data,0.9968
109,records,501,sure old records,0.9966
109,records,636,usage data,0.9965
110,maximum queue size,1491,idle queue,0.9972
110,maximum queue size,1490,night queue,0.9971
110,maximum queue size,1489,Queue night,0.9971
110,maximum queue size,179,different machine,0.9962
110,maximum queue size,2125,different subsets,0.9960
110,maximum queue size,687,different meanings,0.9956
110,maximum queue size,165,case,0.9954
110,maximum queue size,1744,only reliable way,0.9954
110,maximum queue size,591,different points,0.9953
110,maximum queue size,1734,child process group,0.9953
111,messages,1995,handshake message,1.0000
111,messages,305,error message,0.9961
111,messages,1979,associated error message output,0.9948
111,messages,1615,Log messages,0.9920
111,messages,1972,retry error message,0.9915
111,messages,1712,directory message,0.9913
111,messages,1722,mbatchd daemon error logs,0.9909
111,messages,1684,detailed error message,0.9905
111,messages,1996,EGO command messages,0.9887
111,messages,1900,LIM messages,0.9875
113,multiple clusters,2038,original cluster,0.9994
113,multiple clusters,724,Cluster characteristics,0.9990
113,multiple clusters,706,cluster operations,0.9988
113,multiple clusters,2025,cluster define,0.9981
113,multiple clusters,88,cluster snowflake,0.9966
113,multiple clusters,1000,Defines cluster name,0.9963
113,multiple clusters,1053,cluster configuration,0.9963
113,multiple clusters,2001,same cluster name,0.9963
113,multiple clusters,1883,section cluster,0.9956
113,multiple clusters,1026,work/ cluster,0.9956
114,single location,1731,process groups,0.9976
114,single location,513,Purge process,0.9976
114,single location,780,single machine,0.9975
114,single location,1734,child process group,0.9974
114,single location,1823,enough available memory,0.9974
114,single location,244,available memory,0.9972
114,single location,1745,child processes,0.9972
114,single location,813,single process,0.9969
114,single location,830,same computer architecture,0.9969
114,single location,2143,other subset,0.9968
116,user naming,1071,non-root user,1.0000
116,user naming,66,users,1.0000
116,user naming,1847,user claimed_user,1.0000
116,user naming,183,same users,0.9948
116,user naming,920,user data,0.9926
116,user naming,125,user accounts,0.9922
116,user naming,37,user name,0.9914
116,user naming,103,user limits,0.9906
116,user naming,643,user processes,0.9893
116,user naming,629,user records,0.9890
117,Accounting,637,Accounting Interpretation,1.0000
117,Accounting,5,Accounting records,0.9990
117,Accounting,356,accounting data,0.9990
117,Accounting,559,accounting reports,0.9977
117,Accounting,595,accounting privileges,0.9973
117,Accounting,543,accounting associations,0.9972
117,Accounting,248,large Slurm databases,0.9969
117,Accounting,638,Slurm accounting,0.9968
117,Accounting,419,accounting storage mechanism,0.9966
117,Accounting,925,local data,0.9966
118,user ID,1142,US Government Users Restricted Rights,0.9992
118,user ID,1919,bad user,0.9991
118,user ID,575,user da,0.9991
118,user ID,629,user records,0.9989
118,user ID,2028,EGO users,0.9989
118,user ID,1377,Manage users,0.9988
118,user ID,1960,User programs,0.9985
118,user ID,213,user entities,0.9984
118,user ID,606,slurm user,0.9982
118,user ID,1681,User permission,0.9979
119,same person,409,same SlurmUser,1.0000
119,same person,92,same time,0.9953
119,same person,446,database storage host,0.9951
119,same person,1922,same user ID,0.9948
119,same person,182,same database,0.9946
119,same person,123,same name,0.9945
119,same person,668,same example,0.9944
119,same person,183,same users,0.9942
119,same person,1458,different default management host,0.9942
119,same person,1457,current default management host,0.9941
120,computers,135,best way,0.9983
120,computers,591,different points,0.9980
120,computers,687,different meanings,0.9980
120,computers,179,different machine,0.9978
120,computers,1742,parent process ID,0.9978
120,computers,775,individual computer,0.9978
120,computers,1570,different ELIM,0.9978
120,computers,151,different keys,0.9977
120,computers,1229,different scheduling policies,0.9977
120,computers,2125,different subsets,0.9976
121,user ID numbers,388,node name,0.9903
121,user ID numbers,2213,default distribution method,0.9893
121,user ID numbers,156,distinct local domain sockets,0.9881
121,user ID numbers,1492,job ID number,0.9879
121,user ID numbers,157,local domain socket,0.9878
121,user ID numbers,2093,Restricts node selection,0.9874
121,user ID numbers,2096,node file,0.9870
121,user ID numbers,1777,hostA DEFAULT DEFAULT,0.9868
121,user ID numbers,2100,default allocation method,0.9864
121,user ID numbers,851,Total CPU time,0.9863
123,same name,1000,Defines cluster name,0.9975
123,same name,1882,Duplicate cluster name name,0.9975
123,same name,2001,same cluster name,0.9960
123,same name,1890,model name,0.9952
123,same name,1692,Inconsistent host names,0.9952
123,same name,409,same SlurmUser,0.9945
123,same name,119,same person,0.9945
123,same name,378,database login name,0.9944
123,same name,446,database storage host,0.9944
123,same name,1881,Name name,0.9943
124,administrators,2043,Administrator Guide,1.0000
124,administrators,1867,new daemon,0.9940
124,administrators,726,cluster administrators,0.9938
124,administrators,1037,Management batch daemon,0.9927
124,administrators,1487,primary administrator,0.9924
124,administrators,1041,Server batch daemon,0.9910
124,administrators,1039,Management scheduler daemon,0.9904
124,administrators,1212,batch hosts,0.9898
124,administrators,953,new installation,0.9895
124,administrators,149,different daemons,0.9894
125,user accounts,586,same Account,0.9949
125,user accounts,215,account,0.9927
125,user accounts,374,unrelated accounts,0.9927
125,user accounts,578,user brian Account,0.9923
125,user accounts,66,users,0.9922
125,user accounts,116,user naming,0.9922
125,user accounts,1847,user claimed_user,0.9922
125,user accounts,1071,non-root user,0.9922
125,user accounts,589,account name,0.9914
125,user accounts,580,other accounts,0.9901
126,limits,2167,Accounting limits,0.9963
126,limits,889,soft limits,0.9956
126,limits,891,hard limits,0.9950
126,limits,341,QOS limits,0.9945
126,limits,610,Limit Enforcement,0.9929
126,limits,611,Various limits,0.9926
126,limits,343,minutes limit,0.9924
126,limits,543,accounting associations,0.9888
126,limits,284,database version,0.9887
126,limits,103,user limits,0.9884
127,consistent names,1170,master name,0.9994
127,consistent names,1715,different name,0.9986
127,consistent names,1870,Invalid section name name,0.9982
127,consistent names,1693,name server,0.9976
127,consistent names,1872,unrecognized section name,0.9966
127,consistent names,1820,Incorrect path names,0.9958
127,consistent names,1913,index names,0.9949
127,consistent names,86,sacctmgr list cluster,0.9944
127,consistent names,1892,Resource name name,0.9942
127,consistent names,370,unique name,0.9942
128,access,496,ongoing access,1.0000
128,access,937,access AFS,1.0000
128,access,377,unauthorized access,1.0000
128,access,419,accounting storage mechanism,0.9980
128,access,595,accounting privileges,0.9979
128,access,559,accounting reports,0.9979
128,access,191,accounting storage plugin,0.9979
128,access,249,old records,0.9978
128,access,501,sure old records,0.9976
128,access,106,critical data,0.9974
129,default,2181,default partition,0.9952
129,default,367,default value,0.9940
129,default,350,default behavior,0.9921
129,default,607,Default wckey,0.9920
129,default,300,default collation,0.9911
129,default,414,default database,0.9847
129,default,576,default account,0.9843
129,default,1777,hostA DEFAULT DEFAULT,0.9839
129,default,1022,default application profile./usr,0.9839
129,default,1021,default application profile,0.9839
130,lowercase usernames,133,usernames,1.0000
130,lowercase usernames,162,UIDs,0.9978
130,lowercase usernames,1301,user1 RUN normal hosta hostb,0.9975
130,lowercase usernames,1843,bad port,0.9975
130,lowercase usernames,1917,doacceptconn,0.9973
130,lowercase usernames,296,db_name,0.9973
130,lowercase usernames,1930,RES control requests,0.9971
130,lowercase usernames,1303,sleep,0.9970
130,lowercase usernames,1247,ut pg io ls,0.9969
130,lowercase usernames,1179,ut pg ls,0.9966
131,Parameters,980,LSF_ENVDIR parameter,1.0000
131,Parameters,421,StorageLoc parameter,1.0000
131,Parameters,1504,LSF_STARTUP_PATH parameters,1.0000
131,Parameters,761,REMOVE_HUNG_JOBS_FOR parameter,1.0000
131,Parameters,1931,LSF_ROOT_REX parameter,1.0000
131,Parameters,1634,LSF_MASTER_LIST parameter,1.0000
131,Parameters,1046,LSF_LOGDIR parameter,1.0000
131,Parameters,1967,LSF_LIM_API_NTRIES parameter,1.0000
131,Parameters,1706,parameter LSF_MASTER_LIST,1.0000
131,Parameters,1849,LSF_USE_HOSTEQUIV parameter,1.0000
132,slurmdbd.conf,187,Slurm JobComp Configuration,0.9978
132,slurmdbd.conf,232,slurm build,0.9978
132,slurmdbd.conf,573,science \,0.9976
132,slurmdbd.conf,359,MUNGE authentication,0.9975
132,slurmdbd.conf,2029,old EGO XML configuration files,0.9975
132,slurmdbd.conf,208,arbitrary text string,0.9974
132,slurmdbd.conf,979,LSF_ENVDIR variable,0.9973
132,slurmdbd.conf,203,network port,0.9973
132,slurmdbd.conf,94,internal cache,0.9973
132,slurmdbd.conf,536,various graphs,0.9972
133,usernames,130,lowercase usernames,1.0000
133,usernames,162,UIDs,0.9978
133,usernames,1301,user1 RUN normal hosta hostb,0.9975
133,usernames,1843,bad port,0.9975
133,usernames,1917,doacceptconn,0.9973
133,usernames,296,db_name,0.9973
133,usernames,1930,RES control requests,0.9971
133,usernames,1303,sleep,0.9970
133,usernames,1247,ut pg io ls,0.9969
133,usernames,1179,ut pg ls,0.9966
134,uppercase characters,1896,illegal character,1.0000
134,uppercase characters,1703,characters,1.0000
134,uppercase characters,1500,setuid bit,0.9980
134,uppercase characters,1511,ID mode bit,0.9980
134,uppercase characters,232,slurm build,0.9979
134,uppercase characters,536,various graphs,0.9979
134,uppercase characters,2013,c. Migrate,0.9978
134,uppercase characters,210,Build,0.9978
134,uppercase characters,1937,RES binary,0.9978
134,uppercase characters,1689,nosuid flag,0.9978
135,best way,373,orthogonal way,0.9993
135,best way,2145,easy way,0.9990
135,best way,55,similar tool,0.9989
135,best way,518,few tools,0.9988
135,best way,1336,Wrapper binary executables,0.9988
135,best way,1610,best advantage,0.9987
135,best way,1356,Wrapper binary programs,0.9986
135,best way,1364,appropriate libraries,0.9986
135,best way,1100,few minutes,0.9985
135,best way,1120,complete usage,0.9985
136,security,318,minimal security,0.9993
136,security,407,security purposes,0.9992
136,security,69,better security,0.9991
136,security,1581,executable program,0.9987
136,security,55,similar tool,0.9985
136,security,523,various reports,0.9984
136,security,1336,Wrapper binary executables,0.9983
136,security,518,few tools,0.9983
136,security,1580,ELIM program,0.9983
136,security,479,purge interval,0.9982
137,communications,1647,communication timeouts,1.0000
137,communications,1157,product entitlement version array,0.9984
137,communications,208,arbitrary text string,0.9984
137,communications,55,similar tool,0.9983
137,communications,2161,readable format,0.9982
137,communications,1336,Wrapper binary executables,0.9982
137,communications,219,place upgrades,0.9982
137,communications,2145,easy way,0.9981
137,communications,1356,Wrapper binary programs,0.9981
137,communications,407,security purposes,0.9981
138,MUNGE,146,MUNGE enhancements,1.0000
138,MUNGE,211,accounting_storage,0.9961
138,MUNGE,49,jobcomp,0.9959
138,MUNGE,1291,errors.%J ls -l,0.9955
138,MUNGE,970,lsb.queues,0.9954
138,MUNGE,1013,lsbatch,0.9948
138,MUNGE,1421,c. Edit,0.9947
138,MUNGE,1246,r1 m,0.9946
138,MUNGE,33,cgroup,0.9946
138,MUNGE,1736,Linux cgroups,0.9946
139,purpose,407,security purposes,0.9990
139,purpose,674,largest memory peak,0.9976
139,purpose,208,arbitrary text string,0.9975
139,purpose,1157,product entitlement version array,0.9975
139,purpose,219,place upgrades,0.9975
139,purpose,338,valid qos,0.9973
139,purpose,539,performance metrics,0.9973
139,purpose,536,various graphs,0.9973
139,purpose,521,entities,0.9973
139,purpose,633,removed entities,0.9973
140,normal MUNGE configuration,1247,ut pg io ls,0.9976
140,normal MUNGE configuration,1303,sleep,0.9974
140,normal MUNGE configuration,2061,SelectTypeParameters,0.9974
140,normal MUNGE configuration,1283,short sleep,0.9972
140,normal MUNGE configuration,1949,rmLogJobInfo,0.9972
140,normal MUNGE configuration,1179,ut pg ls,0.9972
140,normal MUNGE configuration,1090,% source,0.9972
140,normal MUNGE configuration,1178,status r15s r1 m,0.9968
140,normal MUNGE configuration,1292,% J variable,0.9967
140,normal MUNGE configuration,1291,errors.%J ls -l,0.9967
141,machine,1141,Copyright International Business Machines Corp.,1.0000
141,machine,413,separate machine,0.9994
141,machine,179,different machine,0.9982
141,machine,1704,Windows password authentication,0.9979
141,machine,135,best way,0.9976
141,machine,55,similar tool,0.9976
141,machine,48,appropriate plugin,0.9976
141,machine,503,separate instances,0.9976
141,machine,775,individual computer,0.9975
141,machine,479,purge interval,0.9975
142,choice,308,insensitive collation,0.9957
142,choice,686,TresUsage * fields,0.9957
142,choice,1511,ID mode bit,0.9955
142,choice,1188,minus sign,0.9955
142,choice,281,specific situations,0.9954
142,choice,1668,localhost myhostname,0.9954
142,choice,539,performance metrics,0.9954
142,choice,1500,setuid bit,0.9953
142,choice,445,localhost,0.9953
142,choice,1670,localhost ipv,0.9953
143,single MUNGE key,145,second key,0.9981
143,single MUNGE key,853,Total virtual memory usage,0.9981
143,single MUNGE key,852,Total resident memory usage,0.9981
143,single MUNGE key,674,largest memory peak,0.9980
143,single MUNGE key,690,average memory peaks,0.9980
143,single MUNGE key,775,individual computer,0.9979
143,single MUNGE key,144,unique key,0.9978
143,single MUNGE key,1885,second definition,0.9978
143,single MUNGE key,488,units,0.9977
143,single MUNGE key,281,specific situations,0.9977
144,unique key,145,second key,0.9980
144,unique key,143,single MUNGE key,0.9978
144,unique key,670,maximum memory peak,0.9975
144,unique key,2122,subset,0.9971
144,unique key,509,unique identifiers,0.9971
144,unique key,281,specific situations,0.9969
144,unique key,539,performance metrics,0.9968
144,unique key,853,Total virtual memory usage,0.9968
144,unique key,852,Total resident memory usage,0.9968
144,unique key,70,performance,0.9967
145,second key,1885,second definition,0.9987
145,second key,2172,Many additional scenarios,0.9985
145,second key,154,proper key,0.9983
145,second key,620,key words,0.9983
145,second key,147,keys,0.9983
145,second key,143,single MUNGE key,0.9981
145,second key,379,complete description,0.9981
145,second key,144,unique key,0.9980
145,second key,281,specific situations,0.9979
145,second key,674,largest memory peak,0.9978
146,MUNGE enhancements,138,MUNGE,1.0000
146,MUNGE enhancements,211,accounting_storage,0.9961
146,MUNGE enhancements,49,jobcomp,0.9959
146,MUNGE enhancements,1291,errors.%J ls -l,0.9955
146,MUNGE enhancements,970,lsb.queues,0.9954
146,MUNGE enhancements,1013,lsbatch,0.9948
146,MUNGE enhancements,1421,c. Edit,0.9947
146,MUNGE enhancements,1246,r1 m,0.9946
146,MUNGE enhancements,33,cgroup,0.9946
146,MUNGE enhancements,1736,Linux cgroups,0.9946
147,keys,620,key words,1.0000
147,keys,154,proper key,0.9991
147,keys,145,second key,0.9983
147,keys,449,InnoDB support,0.9977
147,keys,2172,Many additional scenarios,0.9970
147,keys,1597,IBM Support,0.9969
147,keys,452,Support,0.9969
147,keys,293,innodb_default_row_format variable,0.9967
147,keys,144,unique key,0.9967
147,keys,1297,shell mode support,0.9966
148,single configuration file,150,different configurations,0.9983
148,single configuration file,1383,other configuration files,0.9979
148,single configuration file,1477,Configuration Reference,0.9976
148,single configuration file,321,separate configuration file,0.9976
148,single configuration file,479,purge interval,0.9976
148,single configuration file,2031,old EGO password file,0.9975
148,single configuration file,2015,correct configuration path values,0.9975
148,single configuration file,2145,easy way,0.9975
148,single configuration file,1868,specific files,0.9975
148,single configuration file,2137,Additional Notes,0.9975
149,different daemons,58,slurmctld daemon,0.9990
149,different daemons,1039,Management scheduler daemon,0.9982
149,different daemons,1834,identd daemon,0.9982
149,different daemons,1225,daemon time,0.9975
149,different daemons,468,daemon mode,0.9974
149,different daemons,1840,ident daemon,0.9967
149,different daemons,748,sbatchd daemon,0.9958
149,different daemons,519,SlurmDBD daemon,0.9954
149,different daemons,462,other Slurm daemons,0.9953
149,different daemons,1724,sbatchd starts,0.9949
150,different configurations,2015,correct configuration path values,0.9986
150,different configurations,591,different points,0.9986
150,different configurations,1570,different ELIM,0.9985
150,different configurations,151,different keys,0.9984
150,different configurations,148,single configuration file,0.9983
150,different configurations,687,different meanings,0.9982
150,different configurations,503,separate instances,0.9981
150,different configurations,1704,Windows password authentication,0.9981
150,different configurations,1383,other configuration files,0.9980
150,different configurations,1477,Configuration Reference,0.9980
151,different keys,687,different meanings,0.9987
151,different keys,591,different points,0.9986
151,different keys,1704,Windows password authentication,0.9986
151,different keys,428,password usage,0.9985
151,different keys,150,different configurations,0.9984
151,different keys,2125,different subsets,0.9984
151,different keys,1570,different ELIM,0.9983
151,different keys,135,best way,0.9983
151,different keys,1228,different priorities,0.9982
151,different keys,2137,Additional Notes,0.9982
152,key files,395,slurm.conf file,0.9989
152,key files,6,simple text file,0.9988
152,key files,1935,file respath,0.9987
152,key files,1358,wrapper files,0.9986
152,key files,190,flat file,0.9986
152,key files,1868,specific files,0.9985
152,key files,321,separate configuration file,0.9985
152,key files,1711,such file,0.9984
152,key files,27,text file,0.9984
152,key files,731,several configuration files,0.9984
153,file option,2233,TaskPlugin configuration option,0.9974
153,file option,2208,CR_CPU configuration option,0.9974
153,file option,2045,configuration options,0.9974
153,file option,448,grant option,0.9969
153,file option,329,valid options,0.9968
153,file option,2084,additional options,0.9967
153,file option,482,relevant configuration options,0.9966
153,file option,2063,slurm.conf options,0.9965
153,file option,2227,CR_CORE_DEFAULT_DIST_BLOCK configuration option specifies,0.9965
153,file option,2194,configuration option CR_CORE_DEFAULT_DIST_BLOCK,0.9965
154,proper key,620,key words,0.9991
154,proper key,147,keys,0.9991
154,proper key,145,second key,0.9983
154,proper key,449,InnoDB support,0.9981
154,proper key,2172,Many additional scenarios,0.9978
154,proper key,1511,ID mode bit,0.9975
154,proper key,1297,shell mode support,0.9974
154,proper key,1668,localhost myhostname,0.9973
154,proper key,1184,busy status,0.9973
154,proper key,2175,n3 State,0.9972
155,option,656,freq option,1.0000
155,option,2132,cgroup.conf options,0.9948
155,option,448,grant option,0.9928
155,option,329,valid options,0.9921
155,option,2233,TaskPlugin configuration option,0.9919
155,option,2045,configuration options,0.9919
155,option,2208,CR_CPU configuration option,0.9919
155,option,2084,additional options,0.9914
155,option,2063,slurm.conf options,0.9908
155,option,231,mysql_config option,0.9906
156,distinct local domain sockets,157,local domain socket,0.9991
156,distinct local domain sockets,2058,threads,0.9962
156,distinct local domain sockets,816,selection,0.9959
156,distinct local domain sockets,2196,cyclic distribution,0.9955
156,distinct local domain sockets,437,MySQL connection i d,0.9951
156,distinct local domain sockets,2224,cyclic distribution method,0.9948
156,distinct local domain sockets,2212,cyclic,0.9947
156,distinct local domain sockets,2177,minimum,0.9945
156,distinct local domain sockets,385,authentication method,0.9943
156,distinct local domain sockets,2112,overcommitment,0.9942
157,local domain socket,156,distinct local domain sockets,0.9991
157,local domain socket,2153,Slurm abstract CPU ids,0.9961
157,local domain socket,2224,cyclic distribution method,0.9954
157,local domain socket,2196,cyclic distribution,0.9952
157,local domain socket,2220,other socket,0.9949
157,local domain socket,2058,threads,0.9946
157,local domain socket,2226,block --cpu,0.9943
157,local domain socket,2200,blocks,0.9941
157,local domain socket,2238,block method,0.9941
157,local domain socket,2219,block distribution method,0.9939
158,SlurmDBD configuration files,375,SlurmDBD Configuration,0.9989
158,SlurmDBD configuration files,321,separate configuration file,0.9989
158,SlurmDBD configuration files,992,Global configuration files,0.9988
158,SlurmDBD configuration files,710,configuration files,0.9988
158,SlurmDBD configuration files,2006,configuration file paths,0.9987
158,SlurmDBD configuration files,731,several configuration files,0.9987
158,SlurmDBD configuration files,376,own configuration file,0.9987
158,SlurmDBD configuration files,2029,old EGO XML configuration files,0.9986
158,SlurmDBD configuration files,1391,.cshrc file,0.9985
158,SlurmDBD configuration files,1711,such file,0.9983
159,slurm.conf,1668,localhost myhostname,0.9977
159,slurm.conf,572,physics parent,0.9975
159,slurm.conf,1733,parent,0.9975
159,slurm.conf,2175,n3 State,0.9974
159,slurm.conf,2164,actual hardware,0.9973
159,slurm.conf,1511,ID mode bit,0.9973
159,slurm.conf,1247,ut pg io ls,0.9973
159,slurm.conf,556,description,0.9972
159,slurm.conf,1403,IBM Passport Advantage,0.9972
159,slurm.conf,801,advantage,0.9972
160,more details,1175,more help,0.9975
160,more details,1828,more swap space,0.9972
160,more details,1559,more licenses,0.9965
160,more details,1365,more time,0.9965
160,more details,1043,process information manager,0.9960
160,more details,1908,inconsistent configuration information,0.9959
160,more details,1211,other details,0.9959
160,more details,467,detailed information,0.9955
160,more details,1034,Load information manager,0.9954
160,more details,40,completion time,0.9950
161,authentication module,75,authentication,1.0000
161,authentication module,1704,Windows password authentication,0.9990
161,authentication module,1848,ident authentication,0.9983
161,authentication module,48,appropriate plugin,0.9980
161,authentication module,479,purge interval,0.9980
161,authentication module,2145,easy way,0.9979
161,authentication module,428,password usage,0.9979
161,authentication module,151,different keys,0.9978
161,authentication module,523,various reports,0.9978
161,authentication module,413,separate machine,0.9978
162,UIDs,1843,bad port,0.9979
162,UIDs,130,lowercase usernames,0.9978
162,UIDs,133,usernames,0.9978
162,UIDs,1844,non-privileged port,0.9977
162,UIDs,353,port,0.9977
162,UIDs,1301,user1 RUN normal hosta hostb,0.9975
162,UIDs,296,db_name,0.9974
162,UIDs,1930,RES control requests,0.9969
162,UIDs,1917,doacceptconn,0.9969
162,UIDs,1949,rmLogJobInfo,0.9962
164,same i d,509,unique identifiers,0.9956
164,same i d,1241,normal low priority jobs,0.9934
164,same i d,854,active process group ID,0.9932
164,same i d,1339,easiest integration method,0.9927
164,same i d,584,specific partitions,0.9925
164,same i d,697,step memory peak,0.9921
164,same i d,1400,Distribution packages,0.9920
164,same i d,144,unique key,0.9915
164,same i d,2072,partition definition,0.9914
164,same i d,385,authentication method,0.9914
165,case,632,most cases,0.9977
165,case,591,different points,0.9976
165,case,317,storage,0.9975
165,case,151,different keys,0.9974
165,case,1570,different ELIM,0.9974
165,case,249,old records,0.9973
165,case,179,different machine,0.9973
165,case,772,typical cases,0.9973
165,case,135,best way,0.9973
165,case,97,local storage,0.9973
166,combination,2145,easy way,0.9980
166,combination,2161,readable format,0.9980
166,combination,232,slurm build,0.9980
166,combination,208,arbitrary text string,0.9979
166,combination,1345,rename abc,0.9979
166,combination,536,various graphs,0.9979
166,combination,1610,best advantage,0.9979
166,combination,1636,symbolic link,0.9979
166,combination,1477,Configuration Reference,0.9979
166,combination,55,similar tool,0.9979
167,passwd file,1696,hosts.equiv file,0.9994
167,passwd file,1935,file respath,0.9993
167,passwd file,1112,lsb.events file,0.9992
167,passwd file,2005,ego.shared files,0.9991
167,passwd file,190,flat file,0.9990
167,passwd file,27,text file,0.9990
167,passwd file,1711,such file,0.9989
167,passwd file,762,lsb.params file,0.9989
167,passwd file,1358,wrapper files,0.9989
167,passwd file,1388,shell files,0.9988
168,database server,196,database server executes,0.9976
168,database server,596,database object,0.9975
168,database server,1832,services database,0.9974
168,database server,67,database security,0.9969
168,database server,499,production database,0.9967
168,database server,507,certain database entries,0.9965
168,database server,297,Slurm database,0.9965
168,database server,608,accounting database,0.9963
168,database server,284,database version,0.9960
168,database server,357,database type storage plugins,0.9956
170,action,1759,immediate action,1.0000
170,action,1511,ID mode bit,0.9970
170,action,1500,setuid bit,0.9970
170,action,538,exporter tool,0.9969
170,action,219,place upgrades,0.9968
170,action,208,arbitrary text string,0.9968
170,action,1349,string,0.9968
170,action,1345,rename abc,0.9967
170,action,674,largest memory peak,0.9967
170,action,2172,Many additional scenarios,0.9967
171,operator,1336,Wrapper binary executables,0.9979
171,operator,1500,setuid bit,0.9979
171,operator,1100,few minutes,0.9978
171,operator,518,few tools,0.9978
171,operator,219,place upgrades,0.9978
171,operator,1581,executable program,0.9977
171,operator,523,various reports,0.9977
171,operator,1966,binary upgrade,0.9976
171,operator,1356,Wrapper binary programs,0.9976
171,operator,2145,easy way,0.9976
172,accounting tools,419,accounting storage mechanism,0.9994
172,accounting tools,191,accounting storage plugin,0.9993
172,accounting tools,595,accounting privileges,0.9993
172,accounting tools,559,accounting reports,0.9990
172,accounting tools,249,old records,0.9986
172,accounting tools,638,Slurm accounting,0.9985
172,accounting tools,498,archive instance,0.9982
172,accounting tools,636,usage data,0.9981
172,accounting tools,209,Slurm Accounting Configuration,0.9980
172,accounting tools,483,Archive,0.9980
173,same UID,830,same computer architecture,0.9980
173,same UID,97,local storage,0.9972
173,same UID,179,different machine,0.9971
173,same UID,389,full domain name,0.9971
173,same UID,249,old records,0.9969
173,same UID,1827,available swap space,0.9969
173,same UID,1570,different ELIM,0.9968
173,same UID,895,different classes,0.9967
173,same UID,501,sure old records,0.9967
173,same UID,1820,Incorrect path names,0.9967
174,LDAP server,82,server,1.0000
174,LDAP server,245,SQL server,1.0000
174,LDAP server,241,MariaDB server settings,0.9973
174,LDAP server,1035,Remote execution server,0.9967
174,LDAP server,495,Archive Server,0.9965
174,LDAP server,502,production server,0.9965
174,LDAP server,1845,ident server,0.9964
174,LDAP server,1585,FLEXlm license server,0.9963
174,LDAP server,220,DB server packages,0.9960
174,LDAP server,438,Server version,0.9956
175,Storage Backup Host,1270,current local host,0.9992
175,Storage Backup Host,1633,first few hosts,0.9989
175,Storage Backup Host,844,individual hosts,0.9988
175,Storage Backup Host,1751,HOSTS definition,0.9985
175,Storage Backup Host,1785,Host Architecture,0.9984
175,Storage Backup Host,915,first host,0.9984
175,Storage Backup Host,1328,remote hosts,0.9984
175,Storage Backup Host,873,appropriate hosts,0.9983
175,Storage Backup Host,1918,RES host,0.9983
175,Storage Backup Host,1437,End Host,0.9982
176,backup instance,503,separate instances,0.9991
176,backup instance,181,instances,0.9989
176,backup instance,1100,few minutes,0.9983
176,backup instance,1636,symbolic link,0.9983
176,backup instance,734,several states,0.9982
176,backup instance,55,similar tool,0.9982
176,backup instance,1336,Wrapper binary executables,0.9982
176,backup instance,518,few tools,0.9982
176,backup instance,224,InnoDB storage engine,0.9982
176,backup instance,479,purge interval,0.9982
178,backup host,1700,Windows hosts,0.9994
178,backup host,1426,host setup,0.9993
178,backup host,1698,destination host,0.9990
178,backup host,1766,multiple hosts,0.9989
178,backup host,754,execution host,0.9981
178,backup host,460,local host,0.9980
178,backup host,1006,Server hosts,0.9978
178,backup host,812,candidate hosts,0.9976
178,backup host,1569,different hosts,0.9975
178,backup host,811,best host,0.9975
179,different machine,2125,different subsets,0.9990
179,different machine,687,different meanings,0.9990
179,different machine,591,different points,0.9988
179,different machine,1570,different ELIM,0.9988
179,different machine,895,different classes,0.9983
179,different machine,141,machine,0.9982
179,different machine,1141,Copyright International Business Machines Corp.,0.9982
179,different machine,151,different keys,0.9980
179,different machine,120,computers,0.9978
179,different machine,150,different configurations,0.9977
180,primary instance,495,Archive Server,0.9985
180,primary instance,1035,Remote execution server,0.9984
180,primary instance,1817,Network Time Protocol,0.9980
180,primary instance,1342,wrapper script,0.9979
180,primary instance,258,older SQL server versions,0.9979
180,primary instance,1260,executable applications,0.9979
180,primary instance,1968,environment variable,0.9978
180,primary instance,1173,LSF_ENVDIR environment variable,0.9978
180,primary instance,794,Bourne shell script,0.9978
180,primary instance,1341,shell script,0.9978
181,instances,498,archive instance,0.9992
181,instances,503,separate instances,0.9990
181,instances,176,backup instance,0.9989
181,instances,2000,current fix pack level,0.9982
181,instances,574,similar syntax,0.9981
181,instances,1364,appropriate libraries,0.9980
181,instances,258,older SQL server versions,0.9980
181,instances,19,particular time interval,0.9979
181,instances,1382,references,0.9979
181,instances,1100,few minutes,0.9979
182,same database,77,database use,0.9968
182,same database,446,database storage host,0.9951
182,same database,7,database,0.9948
182,same database,217,preferred database,0.9948
182,same database,46,MariaDB database,0.9948
182,same database,119,same person,0.9946
182,same database,409,same SlurmUser,0.9946
182,same database,378,database login name,0.9946
182,same database,608,accounting database,0.9945
182,same database,183,same users,0.9942
183,same users,1922,same user ID,0.9967
183,same users,920,user data,0.9962
183,same users,116,user naming,0.9948
183,same users,1071,non-root user,0.9948
183,same users,1847,user claimed_user,0.9948
183,same users,66,users,0.9948
183,same users,37,user name,0.9947
183,same users,643,user processes,0.9943
183,same users,119,same person,0.9942
183,same users,409,same SlurmUser,0.9942
185,network page,1717,automount maps,0.9986
185,network page,1581,executable program,0.9986
185,network page,728,networks,0.9985
185,network page,1364,appropriate libraries,0.9984
185,network page,279,pages,0.9984
185,network page,1928,operation permission,0.9984
185,network page,93,unexpected results,0.9983
185,network page,734,several states,0.9983
185,network page,632,most cases,0.9983
185,network page,1770,automatic detection,0.9983
187,Slurm JobComp Configuration,2024,EGO configuration,0.9983
187,Slurm JobComp Configuration,375,SlurmDBD Configuration,0.9983
187,Slurm JobComp Configuration,628,following execute line,0.9980
187,Slurm JobComp Configuration,205,jobcomp plugin,0.9979
187,Slurm JobComp Configuration,232,slurm build,0.9979
187,Slurm JobComp Configuration,132,slurmdbd.conf,0.9978
187,Slurm JobComp Configuration,73,configuration,0.9977
187,Slurm JobComp Configuration,1666,IP configuration,0.9977
187,Slurm JobComp Configuration,1074,Multi-user configuration,0.9977
187,Slurm JobComp Configuration,621,typical execute line,0.9976
188,job completion,892,job submission,0.9994
188,job completion,1285,job report,0.9993
188,job completion,766,running job,0.9992
188,job completion,843,schedule jobs,0.9992
188,job completion,806,interactive job,0.9991
188,job completion,778,parallel jobs,0.9991
188,job completion,1265,job ID,0.9991
188,job completion,1274,complete job,0.9990
188,job completion,1230,dispatch jobs,0.9988
188,job completion,25,detailed job,0.9988
189,script,1428,lsfinstall script,1.0000
189,script,1261,execution scripts,0.9989
189,script,971,product installation,0.9972
189,script,1614,incorrect installation,0.9968
189,script,795,execution time,0.9965
189,script,1416,b. Change,0.9964
189,script,1956,new configuration,0.9964
189,script,872,startup time,0.9959
189,script,91,new version,0.9959
189,script,336,environment,0.9958
190,flat file,27,text file,0.9996
190,flat file,1711,such file,0.9994
190,flat file,762,lsb.params file,0.9994
190,flat file,1358,wrapper files,0.9994
190,flat file,1935,file respath,0.9993
190,flat file,1340,executable file,0.9992
190,flat file,2005,ego.shared files,0.9991
190,flat file,1388,shell files,0.9991
190,flat file,6,simple text file,0.9991
190,flat file,946,file space,0.9990
191,accounting storage plugin,419,accounting storage mechanism,0.9996
191,accounting storage plugin,172,accounting tools,0.9993
191,accounting storage plugin,559,accounting reports,0.9992
191,accounting storage plugin,595,accounting privileges,0.9992
191,accounting storage plugin,249,old records,0.9988
191,accounting storage plugin,638,Slurm accounting,0.9986
191,accounting storage plugin,317,storage,0.9984
191,accounting storage plugin,636,usage data,0.9983
191,accounting storage plugin,97,local storage,0.9982
191,accounting storage plugin,498,archive instance,0.9981
192,job completion plugin,1373,easy job submission,0.9992
192,job completion plugin,1334,complete job submission,0.9991
192,job completion plugin,323,job completion records,0.9991
192,job completion plugin,924,remote jobs access,0.9991
192,job completion plugin,199,job completion data,0.9981
192,job completion plugin,1740,job RES,0.9980
192,job completion plugin,1381,additional jobs,0.9977
192,job completion plugin,1925,root job submission,0.9976
192,job completion plugin,1481,job state,0.9975
192,job completion plugin,791,Job files,0.9974
193,important parameters,1567,LOCATION parameter,0.9989
193,important parameters,394,AccountingStoragePort parameter,0.9980
193,important parameters,1018,common parameters,0.9980
193,important parameters,2071,Several parameters,0.9979
193,important parameters,2010,new lsf.conf file,0.9978
193,important parameters,1046,LSF_LOGDIR parameter,0.9974
193,important parameters,1020,DEFAULT_APPLICATION parameter,0.9974
193,important parameters,1504,LSF_STARTUP_PATH parameters,0.9974
193,important parameters,1931,LSF_ROOT_REX parameter,0.9974
193,important parameters,1634,LSF_MASTER_LIST parameter,0.9974
195,address,1661,IP address,1.0000
195,address,1662,loopback address,0.9987
195,address,518,few tools,0.9975
195,address,503,separate instances,0.9974
195,address,135,best way,0.9974
195,address,1100,few minutes,0.9973
195,address,1581,executable program,0.9972
195,address,1717,automount maps,0.9972
195,address,1364,appropriate libraries,0.9972
195,address,1770,automatic detection,0.9971
196,database server executes,499,production database,0.9979
196,database server executes,297,Slurm database,0.9978
196,database server executes,284,database version,0.9977
196,database server executes,1832,services database,0.9977
196,database server executes,168,database server,0.9976
196,database server executes,248,large Slurm databases,0.9974
196,database server executes,459,database slurm_acct_db,0.9972
196,database server executes,67,database security,0.9972
196,database server executes,540,Database Configuration,0.9970
196,database server executes,596,database object,0.9970
198,Location,180,primary instance,0.9975
198,Location,1035,Remote execution server,0.9974
198,Location,1245,SCHEDULING PARAMETERS,0.9974
198,Location,1368,other software application vendors,0.9972
198,Location,258,older SQL server versions,0.9969
198,Location,495,Archive Server,0.9969
198,Location,1019,execution requirements,0.9968
198,Location,1260,executable applications,0.9967
198,Location,502,production server,0.9967
198,Location,1375,parallel execution,0.9967
199,job completion data,417,job accounting data,0.9993
199,job completion data,323,job completion records,0.9992
199,job completion data,192,job completion plugin,0.9981
199,job completion data,43,only basic job information,0.9980
199,job completion data,1010,job slot limits,0.9978
199,job completion data,924,remote jobs access,0.9977
199,job completion data,892,job submission,0.9975
199,job completion data,1311,own jobs,0.9975
199,job completion data,1334,complete job submission,0.9975
199,job completion data,188,job completion,0.9974
201,Password,1701,Windows passwords,0.9992
201,Password,428,password usage,0.9989
201,Password,1704,Windows password authentication,0.9988
201,Password,151,different keys,0.9976
201,Password,317,storage,0.9975
201,Password,470,Purge,0.9973
201,Password,135,best way,0.9972
201,Password,373,orthogonal way,0.9972
201,Password,518,few tools,0.9972
201,Password,257,queries,0.9971
203,network port,1838,Authentication port mismatch,0.9983
203,network port,327,comma,0.9982
203,network port,208,arbitrary text string,0.9982
203,network port,1345,rename abc,0.9981
203,network port,1510,file permission mode -rw-------,0.9981
203,network port,1943,token processing,0.9980
203,network port,536,various graphs,0.9980
203,network port,1157,product entitlement version array,0.9980
203,network port,1951,lost_and_found,0.9979
203,network port,219,place upgrades,0.9979
204,Type,1790,Matched Type,1.0000
204,Type,824,type X86_,1.0000
204,Type,1792,Matched Model,0.9943
204,Type,985,models,0.9943
204,Type,831,same type,0.9934
204,Type,1887,host model model,0.9927
204,Type,822,Host types,0.9923
204,Type,1272,appropriate host type,0.9923
204,Type,1795,host type name,0.9913
204,Type,1774,DEFAULT host type,0.9911
205,jobcomp plugin,359,MUNGE authentication,0.9984
205,jobcomp plugin,2237,cgroup plugin,0.9983
205,jobcomp plugin,187,Slurm JobComp Configuration,0.9979
205,jobcomp plugin,573,science \,0.9979
205,jobcomp plugin,2176,cons_tres plugin,0.9977
205,jobcomp plugin,631,brian,0.9976
205,jobcomp plugin,570,science,0.9975
205,jobcomp plugin,232,slurm build,0.9973
205,jobcomp plugin,536,various graphs,0.9971
205,jobcomp plugin,83,MySQL plugin,0.9970
208,arbitrary text string,1157,product entitlement version array,0.9990
208,arbitrary text string,1349,string,0.9989
208,arbitrary text string,1580,ELIM program,0.9989
208,arbitrary text string,219,place upgrades,0.9989
208,arbitrary text string,536,various graphs,0.9988
208,arbitrary text string,1636,symbolic link,0.9988
208,arbitrary text string,69,better security,0.9988
208,arbitrary text string,1356,Wrapper binary programs,0.9988
208,arbitrary text string,1345,rename abc,0.9987
208,arbitrary text string,1343,simple interface,0.9987
209,Slurm Accounting Configuration,638,Slurm accounting,0.9987
209,Slurm Accounting Configuration,74,Slurm plugins,0.9984
209,Slurm Accounting Configuration,506,archive slurmdbd,0.9983
209,Slurm Accounting Configuration,469,SlurmDBD Archive,0.9983
209,Slurm Accounting Configuration,2015,correct configuration path values,0.9982
209,Slurm Accounting Configuration,505,Slurm controller,0.9982
209,Slurm Accounting Configuration,386,Slurm components,0.9982
209,Slurm Accounting Configuration,76,Slurm SQL,0.9982
209,Slurm Accounting Configuration,1,Slurm,0.9982
209,Slurm Accounting Configuration,172,accounting tools,0.9980
210,Build,1937,RES binary,0.9978
210,Build,134,uppercase characters,0.9978
210,Build,1896,illegal character,0.9978
210,Build,1703,characters,0.9978
210,Build,2013,c. Migrate,0.9977
210,Build,1602,swp mem license1 license,0.9976
210,Build,1367,software products,0.9976
210,Build,1511,ID mode bit,0.9975
210,Build,1188,minus sign,0.9975
210,Build,61,availability,0.9974
211,accounting_storage,49,jobcomp,0.9969
211,accounting_storage,138,MUNGE,0.9961
211,accounting_storage,146,MUNGE enhancements,0.9961
211,accounting_storage,1013,lsbatch,0.9948
211,accounting_storage,970,lsb.queues,0.9943
211,accounting_storage,1829,tcp,0.9942
211,accounting_storage,436,MySQL monitor,0.9942
211,accounting_storage,1291,errors.%J ls -l,0.9942
211,accounting_storage,50,filetxt,0.9942
211,accounting_storage,547,execute line,0.9940
212,creation,359,MUNGE authentication,0.9976
212,creation,232,slurm build,0.9976
212,creation,208,arbitrary text string,0.9975
212,creation,536,various graphs,0.9974
212,creation,1848,ident authentication,0.9974
212,creation,979,LSF_ENVDIR variable,0.9973
212,creation,1356,Wrapper binary programs,0.9973
212,creation,1345,rename abc,0.9973
212,creation,882,decrease,0.9972
212,creation,1937,RES binary,0.9971
213,user entities,1960,User programs,0.9993
213,user entities,575,user da,0.9991
213,user entities,1681,User permission,0.9991
213,user entities,1919,bad user,0.9991
213,user entities,1142,US Government Users Restricted Rights,0.9990
213,user entities,606,slurm user,0.9990
213,user entities,630,user brian,0.9990
213,user entities,2028,EGO users,0.9987
213,user entities,1377,Manage users,0.9985
213,user entities,118,user ID,0.9984
214,associations,543,accounting associations,0.9972
214,associations,341,QOS limits,0.9937
214,associations,610,Limit Enforcement,0.9935
214,associations,613,Other options,0.9933
214,associations,617,many different options,0.9931
214,associations,585,other associations,0.9930
214,associations,1275,submission options,0.9929
214,associations,611,Various limits,0.9928
214,associations,891,hard limits,0.9928
214,associations,343,minutes limit,0.9927
215,account,374,unrelated accounts,1.0000
215,account,125,user accounts,0.9927
215,account,589,account name,0.9896
215,account,555,multiple accounts,0.9896
215,account,579,account test,0.9890
215,account,586,same Account,0.9888
215,account,576,default account,0.9880
215,account,578,user brian Account,0.9874
215,account,571,account chemistry,0.9863
215,account,592,account hierarchy,0.9860
216,partition,584,specific partitions,0.9974
216,partition,2072,partition definition,0.9966
216,partition,2181,default partition,0.9950
216,partition,509,unique identifiers,0.9932
216,partition,609,Slurm partition,0.9931
216,partition,2049,Optional Distribution,0.9928
216,partition,300,default collation,0.9928
216,partition,1400,Distribution packages,0.9927
216,partition,1777,hostA DEFAULT DEFAULT,0.9926
216,partition,607,Default wckey,0.9908
217,preferred database,7,database,1.0000
217,preferred database,46,MariaDB database,1.0000
217,preferred database,77,database use,0.9951
217,preferred database,182,same database,0.9948
217,preferred database,608,accounting database,0.9927
217,preferred database,378,database login name,0.9906
217,preferred database,507,certain database entries,0.9897
217,preferred database,596,database object,0.9889
217,preferred database,67,database security,0.9872
217,preferred database,414,default database,0.9868
218,Upgrade Guide,274,upgrade,1.0000
218,Upgrade Guide,219,place upgrades,0.9992
218,Upgrade Guide,1966,binary upgrade,0.9991
218,Upgrade Guide,208,arbitrary text string,0.9984
218,Upgrade Guide,1511,ID mode bit,0.9983
218,Upgrade Guide,1345,rename abc,0.9983
218,Upgrade Guide,1157,product entitlement version array,0.9982
218,Upgrade Guide,538,exporter tool,0.9982
218,Upgrade Guide,55,similar tool,0.9981
218,Upgrade Guide,1605,minute,0.9981
219,place upgrades,1966,binary upgrade,0.9992
219,place upgrades,218,Upgrade Guide,0.9992
219,place upgrades,274,upgrade,0.9992
219,place upgrades,1157,product entitlement version array,0.9990
219,place upgrades,399,places,0.9990
219,place upgrades,1356,Wrapper binary programs,0.9989
219,place upgrades,1336,Wrapper binary executables,0.9989
219,place upgrades,208,arbitrary text string,0.9989
219,place upgrades,674,largest memory peak,0.9988
219,place upgrades,55,similar tool,0.9988
220,DB server packages,502,production server,0.9995
220,DB server packages,438,Server version,0.9995
220,DB server packages,917,server column,0.9994
220,DB server packages,258,older SQL server versions,0.9991
220,DB server packages,241,MariaDB server settings,0.9990
220,DB server packages,1845,ident server,0.9989
220,DB server packages,944,Windows server machine,0.9987
220,DB server packages,1599,own ELIM,0.9985
220,DB server packages,495,Archive Server,0.9985
220,DB server packages,988,own keywords,0.9985
221,database support,284,database version,0.9986
221,database support,499,production database,0.9984
221,database support,459,database slurm_acct_db,0.9984
221,database support,67,database security,0.9981
221,database support,540,Database Configuration,0.9980
221,database support,297,Slurm database,0.9979
221,database support,596,database object,0.9977
221,database support,1832,services database,0.9976
221,database support,507,certain database entries,0.9975
221,database support,248,large Slurm databases,0.9964
222,development package,1511,ID mode bit,0.9980
222,development package,674,largest memory peak,0.9980
222,development package,1157,product entitlement version array,0.9980
222,development package,2161,readable format,0.9978
222,development package,539,performance metrics,0.9978
222,development package,1500,setuid bit,0.9977
222,development package,1560,RELEASE column,0.9977
222,development package,208,arbitrary text string,0.9977
222,development package,690,average memory peaks,0.9977
222,development package,2145,easy way,0.9977
223,system,926,UNIX systems,1.0000
223,system,1396,Linux system,1.0000
223,system,1131,batch system status,0.9979
223,system,1708,system environment,0.9924
223,system,1226,batch system daemon,0.9921
223,system,1206,Batch,0.9918
223,system,1041,Server batch daemon,0.9915
223,system,1469,system startup,0.9914
223,system,1508,LSF_SERVERDIR directory,0.9907
223,system,1942,AFS directory,0.9907
224,InnoDB storage engine,1636,symbolic link,0.9988
224,InnoDB storage engine,55,similar tool,0.9987
224,InnoDB storage engine,72,such services,0.9986
224,InnoDB storage engine,503,separate instances,0.9986
224,InnoDB storage engine,2031,old EGO password file,0.9986
224,InnoDB storage engine,479,purge interval,0.9985
224,InnoDB storage engine,518,few tools,0.9985
224,InnoDB storage engine,1100,few minutes,0.9985
224,InnoDB storage engine,1336,Wrapper binary executables,0.9985
224,InnoDB storage engine,1157,product entitlement version array,0.9985
225,MySQL installation,22,Slurm configuration parameters,0.9958
225,MySQL installation,1086,shell environment files,0.9956
225,MySQL installation,1820,Incorrect path names,0.9955
225,MySQL installation,1968,environment variable,0.9954
225,MySQL installation,1173,LSF_ENVDIR environment variable,0.9954
225,MySQL installation,947,copy result files,0.9954
225,MySQL installation,319,Several Slurm configuration parameters,0.9953
225,MySQL installation,1537,lsf.shared file,0.9952
225,MySQL installation,1709,non-uniform file name space,0.9952
225,MySQL installation,2003,work files,0.9951
226,rollback,2172,Many additional scenarios,0.9967
226,rollback,1511,ID mode bit,0.9966
226,rollback,538,exporter tool,0.9965
226,rollback,1937,RES binary,0.9965
226,rollback,1349,string,0.9965
226,rollback,1943,token processing,0.9964
226,rollback,2161,readable format,0.9964
226,rollback,536,various graphs,0.9964
226,rollback,449,InnoDB support,0.9964
226,rollback,1773,binary incompatibility,0.9963
227,slurm configure script,638,Slurm accounting,0.9983
227,slurm configure script,1342,wrapper script,0.9983
227,slurm configure script,419,accounting storage mechanism,0.9983
227,slurm configure script,1817,Network Time Protocol,0.9982
227,slurm configure script,595,accounting privileges,0.9981
227,slurm configure script,191,accounting storage plugin,0.9981
227,slurm configure script,97,local storage,0.9979
227,slurm configure script,559,accounting reports,0.9979
227,slurm configure script,239,first time,0.9978
227,slurm configure script,1645,Communication time,0.9978
228,libraries,1364,appropriate libraries,0.9994
228,libraries,1100,few minutes,0.9985
228,libraries,518,few tools,0.9983
228,libraries,1717,automount maps,0.9982
228,libraries,185,network page,0.9981
228,libraries,1336,Wrapper binary executables,0.9980
228,libraries,632,most cases,0.9980
228,libraries,1581,executable program,0.9980
228,libraries,734,several states,0.9980
228,libraries,1366,wrapper shell,0.9980
230,mysql_config script,1638,profile.lsf script,0.9993
230,mysql_config script,1335,Wrapper shell scripts,0.9988
230,mysql_config script,1341,shell script,0.9986
230,mysql_config script,794,Bourne shell script,0.9986
230,mysql_config script,1342,wrapper script,0.9984
230,mysql_config script,1714,current working,0.9981
230,mysql_config script,1968,environment variable,0.9981
230,mysql_config script,1173,LSF_ENVDIR environment variable,0.9981
230,mysql_config script,502,production server,0.9980
230,mysql_config script,220,DB server packages,0.9980
231,mysql_config option,2063,slurm.conf options,0.9989
231,mysql_config option,329,valid options,0.9986
231,mysql_config option,448,grant option,0.9985
231,mysql_config option,2045,configuration options,0.9985
231,mysql_config option,2208,CR_CPU configuration option,0.9985
231,mysql_config option,2233,TaskPlugin configuration option,0.9985
231,mysql_config option,2132,cgroup.conf options,0.9983
231,mysql_config option,2084,additional options,0.9983
231,mysql_config option,2194,configuration option CR_CORE_DEFAULT_DIST_BLOCK,0.9983
231,mysql_config option,2227,CR_CORE_DEFAULT_DIST_BLOCK configuration option specifies,0.9983
232,slurm build,208,arbitrary text string,0.9984
232,slurm build,1345,rename abc,0.9984
232,slurm build,74,Slurm plugins,0.9983
232,slurm build,1580,ELIM program,0.9983
232,slurm build,1511,ID mode bit,0.9983
232,slurm build,1937,RES binary,0.9982
232,slurm build,1636,symbolic link,0.9982
232,slurm build,497,site,0.9982
232,slurm build,979,LSF_ENVDIR variable,0.9982
232,slurm build,676,dedicated fields MaxRSS,0.9981
233,successful configure,636,usage data,0.9972
233,successful configure,191,accounting storage plugin,0.9971
233,successful configure,172,accounting tools,0.9969
233,successful configure,1737,swap limit enforcement,0.9968
233,successful configure,64,slurmctld,0.9968
233,successful configure,605,served slurmctld,0.9968
233,successful configure,419,accounting storage mechanism,0.9967
233,successful configure,403,configure time,0.9966
233,successful configure,595,accounting privileges,0.9966
233,successful configure,410,NOTE,0.9966
234,output,1116,typical output,0.9979
234,output,1614,incorrect installation,0.9961
234,output,872,startup time,0.9959
234,output,1122,proper output,0.9959
234,output,795,execution time,0.9957
234,output,971,product installation,0.9956
234,output,1416,b. Change,0.9954
234,output,99,startup,0.9949
234,output,1964,configuration changes,0.9948
234,output,78,other Slurm commands,0.9947
235,mysql_config,1596,lic utility,0.9972
235,mysql_config,1421,c. Edit,0.9970
235,mysql_config,2013,c. Migrate,0.9969
235,mysql_config,1363,source code,0.9968
235,mysql_config,1036,res,0.9967
235,mysql_config,1609,license1 myjob,0.9966
235,mysql_config,1393,source,0.9966
235,mysql_config,1546,RELEASE DESCRIPTION # Keywords,0.9966
235,mysql_config,2026,EGO consumer tree,0.9966
235,mysql_config,1429,b. Edit,0.9965
236,/usr,910,conf,0.9958
236,/usr,1320,lsfadmin lsf,0.9956
236,/usr,1359,LSF API,0.9945
236,/usr,721,LSF terms,0.9929
236,/usr,1401,LSF releases,0.9923
236,/usr,1612,Administering IBM ® Spectrum LSF,0.9922
236,/usr,1119,LSF man,0.9904
236,/usr,1162,IBM Spectrum LSF Standard Edition,0.9899
236,/usr,1861,Read LSF Guide,0.9882
236,/usr,1067,LSF administration,0.9880
238,MySQL test program,551,snowflake \,0.9981
238,MySQL test program,83,MySQL plugin,0.9979
238,MySQL test program,573,science \,0.9975
238,MySQL test program,631,brian,0.9974
238,MySQL test program,187,Slurm JobComp Configuration,0.9973
238,MySQL test program,570,science,0.9972
238,MySQL test program,436,MySQL monitor,0.9970
238,MySQL test program,628,following execute line,0.9970
238,MySQL test program,240,several MySQL,0.9969
238,MySQL test program,270,MySQL versions,0.9968
239,first time,1645,Communication time,0.9994
239,first time,1817,Network Time Protocol,0.9993
239,first time,861,fixed time intervals,0.9993
239,first time,19,particular time interval,0.9988
239,first time,40,completion time,0.9982
239,first time,97,local storage,0.9979
239,first time,249,old records,0.9979
239,first time,403,configure time,0.9979
239,first time,227,slurm configure script,0.9978
239,first time,498,archive instance,0.9977
240,several MySQL,436,MySQL monitor,0.9993
240,several MySQL,270,MySQL versions,0.9991
240,several MySQL,83,MySQL plugin,0.9985
240,several MySQL,423,MySQL Configuration,0.9982
240,several MySQL,187,Slurm JobComp Configuration,0.9973
240,several MySQL,628,following execute line,0.9970
240,several MySQL,238,MySQL test program,0.9969
240,several MySQL,1174,profile.lsf file,0.9965
240,several MySQL,395,slurm.conf file,0.9962
240,several MySQL,1385,lsb.queues file,0.9962
241,MariaDB server settings,502,production server,0.9990
241,MariaDB server settings,220,DB server packages,0.9990
241,MariaDB server settings,1845,ident server,0.9990
241,MariaDB server settings,917,server column,0.9988
241,MariaDB server settings,438,Server version,0.9988
241,MariaDB server settings,944,Windows server machine,0.9979
241,MariaDB server settings,495,Archive Server,0.9978
241,MariaDB server settings,258,older SQL server versions,0.9978
241,MariaDB server settings,1599,own ELIM,0.9977
241,MariaDB server settings,988,own keywords,0.9977
242,innodb_buffer_pool_size,294,innodb_default_row_format,0.9965
242,innodb_buffer_pool_size,2083,CR_Socket_Memory,0.9946
242,innodb_buffer_pool_size,2082,CR_Socket,0.9939
242,innodb_buffer_pool_size,265,row,0.9929
242,innodb_buffer_pool_size,2205,YES option,0.9921
242,innodb_buffer_pool_size,278,row format,0.9908
242,innodb_buffer_pool_size,2158,grep,0.9892
242,innodb_buffer_pool_size,290,row size,0.9891
242,innodb_buffer_pool_size,293,innodb_default_row_format variable,0.9885
242,innodb_buffer_pool_size,2077,cons_tresControls,0.9865
243,percent,539,performance metrics,0.9973
243,percent,308,insensitive collation,0.9971
243,percent,1668,localhost myhostname,0.9970
243,percent,2175,n3 State,0.9969
243,percent,1838,Authentication port mismatch,0.9968
243,percent,649,metrics,0.9968
243,percent,666,gathered metrics,0.9968
243,percent,1449,Optional,0.9967
243,percent,1349,string,0.9967
243,percent,853,Total virtual memory usage,0.9966
244,available memory,1823,enough available memory,0.9992
244,available memory,1827,available swap space,0.9977
244,available memory,830,same computer architecture,0.9975
244,available memory,114,single location,0.9972
244,available memory,701,other ways,0.9971
244,available memory,513,Purge process,0.9970
244,available memory,895,different classes,0.9970
244,available memory,902,scheduling thresholds,0.9969
244,available memory,878,threshold,0.9966
244,available memory,1251,Scheduling threshold values,0.9966
245,SQL server,82,server,1.0000
245,SQL server,174,LDAP server,1.0000
245,SQL server,241,MariaDB server settings,0.9973
245,SQL server,1035,Remote execution server,0.9967
245,SQL server,495,Archive Server,0.9965
245,SQL server,502,production server,0.9965
245,SQL server,1845,ident server,0.9964
245,SQL server,1585,FLEXlm license server,0.9963
245,SQL server,220,DB server packages,0.9960
245,SQL server,438,Server version,0.9956
247,problems,787,complex problems,1.0000
247,problems,1728,fix LIM problems,0.9906
247,problems,1996,EGO command messages,0.9892
247,problems,1975,command client messages,0.9884
247,problems,1442,lsadmin reconfig command checks,0.9871
247,problems,1448,badmin reconfig command checks,0.9866
247,problems,1990,bjobs displays,0.9865
247,problems,1467,badmin mbdrestart command checks,0.9864
247,problems,1627,command output,0.9855
247,problems,1900,LIM messages,0.9851
248,large Slurm databases,540,Database Configuration,0.9977
248,large Slurm databases,5,Accounting records,0.9976
248,large Slurm databases,459,database slurm_acct_db,0.9976
248,large Slurm databases,638,Slurm accounting,0.9975
248,large Slurm databases,543,accounting associations,0.9974
248,large Slurm databases,196,database server executes,0.9974
248,large Slurm databases,297,Slurm database,0.9973
248,large Slurm databases,62,password data,0.9973
248,large Slurm databases,284,database version,0.9972
248,large Slurm databases,356,accounting data,0.9969
249,old records,419,accounting storage mechanism,0.9988
249,old records,191,accounting storage plugin,0.9988
249,old records,501,sure old records,0.9988
249,old records,595,accounting privileges,0.9987
249,old records,559,accounting reports,0.9986
249,old records,172,accounting tools,0.9986
249,old records,636,usage data,0.9983
249,old records,97,local storage,0.9983
249,old records,317,storage,0.9982
249,old records,106,critical data,0.9982
251,unnecessary small writes,1510,file permission mode -rw-------,0.9983
251,unnecessary small writes,1831,tcp service,0.9981
251,unnecessary small writes,999,Keyword definition file,0.9980
251,unnecessary small writes,203,network port,0.9979
251,unnecessary small writes,6,simple text file,0.9978
251,unnecessary small writes,94,internal cache,0.9977
251,unnecessary small writes,2029,old EGO XML configuration files,0.9976
251,unnecessary small writes,208,arbitrary text string,0.9976
251,unnecessary small writes,232,slurm build,0.9975
251,unnecessary small writes,1819,incorrect file permissions,0.9975
253,recovery times,39,time,1.0000
253,recovery times,1810,time zones,1.0000
253,recovery times,524,time period,1.0000
253,recovery times,872,startup time,0.9986
253,recovery times,40,completion time,0.9980
253,recovery times,795,execution time,0.9980
253,recovery times,403,configure time,0.9970
253,recovery times,1365,more time,0.9966
253,recovery times,861,fixed time intervals,0.9956
253,recovery times,1645,Communication time,0.9951
255,MySQL 8.0.,431,previous mysql statement,1.0000
255,MySQL 8.0.,435,mysql@snowflake:~$ mysql,1.0000
255,MySQL 8.0.,45,MySQL,1.0000
255,MySQL 8.0.,423,MySQL Configuration,0.9952
255,MySQL 8.0.,270,MySQL versions,0.9938
255,MySQL 8.0.,436,MySQL monitor,0.9935
255,MySQL 8.0.,83,MySQL plugin,0.9926
255,MySQL 8.0.,240,several MySQL,0.9926
255,MySQL 8.0.,433,grant line,0.9913
255,MySQL 8.0.,238,MySQL test program,0.9894
257,queries,224,InnoDB storage engine,0.9984
257,queries,523,various reports,0.9983
257,queries,55,similar tool,0.9983
257,queries,479,purge interval,0.9983
257,queries,1704,Windows password authentication,0.9982
257,queries,428,password usage,0.9982
257,queries,2145,easy way,0.9982
257,queries,373,orthogonal way,0.9981
257,queries,2161,readable format,0.9981
257,queries,135,best way,0.9980
258,older SQL server versions,438,Server version,0.9995
258,older SQL server versions,220,DB server packages,0.9991
258,older SQL server versions,917,server column,0.9991
258,older SQL server versions,502,production server,0.9990
258,older SQL server versions,944,Windows server machine,0.9988
258,older SQL server versions,988,own keywords,0.9987
258,older SQL server versions,1714,current working,0.9987
258,older SQL server versions,1564,RESOURCENAME LOCATION,0.9987
258,older SQL server versions,1599,own ELIM,0.9986
258,older SQL server versions,1924,remote execution permission,0.9986
261,following example,626,modify example,0.9979
261,following example,1584,following example ELIM program,0.9978
261,following example,991,File Example,0.9967
261,following example,1286,standard output,0.9966
261,following example,772,typical cases,0.9965
261,following example,1461,other references,0.9964
261,following example,97,local storage,0.9964
261,following example,1646,other instances,0.9964
261,following example,1211,other details,0.9963
261,following example,1923,interactive remote execution,0.9963
262,SHOW VARIABLES,480,table sizes,0.9969
262,SHOW VARIABLES,301,table columns,0.9966
262,SHOW VARIABLES,772,typical cases,0.9962
262,SHOW VARIABLES,299,SHOW TABLE STATUS,0.9960
262,SHOW VARIABLES,275,tables,0.9957
262,SHOW VARIABLES,661,data structure,0.9956
262,SHOW VARIABLES,1286,standard output,0.9945
262,SHOW VARIABLES,1116,typical output,0.9942
262,SHOW VARIABLES,1584,following example ELIM program,0.9937
262,SHOW VARIABLES,261,following example,0.9935
263,| Value |,264,| innodb_buffer_pool_size |,0.9963
263,| Value |,458,foreign keys |,0.9955
263,| Value |,456,| | | | | |,0.9858
263,| Value |,1589,TMPLICS |,0.9858
263,| Value |,2082,CR_Socket,0.8884
263,| Value |,242,innodb_buffer_pool_size,0.8622
263,| Value |,294,innodb_default_row_format,0.8611
263,| Value |,265,row,0.8573
263,| Value |,2083,CR_Socket_Memory,0.8518
263,| Value |,2205,YES option,0.8464
264,| innodb_buffer_pool_size |,263,| Value |,0.9963
264,| innodb_buffer_pool_size |,456,| | | | | |,0.9961
264,| innodb_buffer_pool_size |,1589,TMPLICS |,0.9961
264,| innodb_buffer_pool_size |,458,foreign keys |,0.9864
264,| innodb_buffer_pool_size |,2082,CR_Socket,0.8525
264,| innodb_buffer_pool_size |,242,innodb_buffer_pool_size,0.8228
264,| innodb_buffer_pool_size |,294,innodb_default_row_format,0.8209
264,| innodb_buffer_pool_size |,265,row,0.8191
264,| innodb_buffer_pool_size |,2083,CR_Socket_Memory,0.8108
264,| innodb_buffer_pool_size |,2205,YES option,0.8051
265,row,294,innodb_default_row_format,0.9932
265,row,2083,CR_Socket_Memory,0.9930
265,row,242,innodb_buffer_pool_size,0.9929
265,row,278,row format,0.9920
265,row,2082,CR_Socket,0.9920
265,row,290,row size,0.9898
265,row,2109,parameterPossible valuesDescription,0.9869
265,row,2053,linear,0.9863
265,row,2077,cons_tresControls,0.9860
265,row,2205,YES option,0.9855
266,set,2146,comprehensive set,1.0000
266,set,832,different set,0.9884
266,set,345,option set,0.9865
266,set,627,set options,0.9865
266,set,903,installation options,0.9787
266,set,554,cluster option,0.9765
266,set,71,Slurm Database Daemon,0.9758
266,set,297,Slurm database,0.9757
266,set,214,associations,0.9754
266,set,1832,services database,0.9754
267,sec,2109,parameterPossible valuesDescription,0.9963
267,sec,1247,ut pg io ls,0.9961
267,sec,140,normal MUNGE configuration,0.9960
267,sec,619,like fashion,0.9959
267,sec,1283,short sleep,0.9958
267,sec,1179,ut pg ls,0.9956
267,sec,307,_ ci suffix,0.9955
267,sec,1090,% source,0.9954
267,sec,1178,status r15s r1 m,0.9954
267,sec,1292,% J variable,0.9953
268,cat my.cnf,293,innodb_default_row_format variable,0.9952
268,cat my.cnf,290,row size,0.9952
268,cat my.cnf,278,row format,0.9943
268,cat my.cnf,2158,grep,0.9941
268,cat my.cnf,620,key words,0.9933
268,cat my.cnf,147,keys,0.9933
268,cat my.cnf,154,proper key,0.9930
268,cat my.cnf,1609,license1 myjob,0.9925
268,cat my.cnf,449,InnoDB support,0.9925
268,cat my.cnf,801,advantage,0.9923
270,MySQL versions,240,several MySQL,0.9991
270,MySQL versions,436,MySQL monitor,0.9990
270,MySQL versions,83,MySQL plugin,0.9988
270,MySQL versions,423,MySQL Configuration,0.9983
270,MySQL versions,238,MySQL test program,0.9968
270,MySQL versions,187,Slurm JobComp Configuration,0.9966
270,MySQL versions,296,db_name,0.9961
270,MySQL versions,395,slurm.conf file,0.9960
270,MySQL versions,1326,Execute hostname,0.9960
270,MySQL versions,288,InnoDB,0.9959
271,default row format,609,Slurm partition,0.9955
271,default row format,144,unique key,0.9955
271,default row format,143,single MUNGE key,0.9952
271,default row format,2072,partition definition,0.9947
271,default row format,584,specific partitions,0.9945
271,default row format,145,second key,0.9943
271,default row format,620,key words,0.9933
271,default row format,147,keys,0.9933
271,default row format,2161,readable format,0.9932
271,default row format,2175,n3 State,0.9931
273,issues,485,form,0.9962
273,issues,801,advantage,0.9962
273,issues,1403,IBM Passport Advantage,0.9962
273,issues,1247,ut pg io ls,0.9960
273,issues,1007,attributes,0.9960
273,issues,154,proper key,0.9959
273,issues,680,consumption,0.9959
273,issues,1363,source code,0.9959
273,issues,619,like fashion,0.9958
273,issues,1180,swp mem,0.9958
274,upgrade,218,Upgrade Guide,1.0000
274,upgrade,219,place upgrades,0.9992
274,upgrade,1966,binary upgrade,0.9991
274,upgrade,208,arbitrary text string,0.9984
274,upgrade,1511,ID mode bit,0.9983
274,upgrade,1345,rename abc,0.9983
274,upgrade,1157,product entitlement version array,0.9982
274,upgrade,538,exporter tool,0.9982
274,upgrade,55,similar tool,0.9981
274,upgrade,1605,minute,0.9981
275,tables,299,SHOW TABLE STATUS,0.9981
275,tables,480,table sizes,0.9963
275,tables,301,table columns,0.9957
275,tables,262,SHOW VARIABLES,0.9957
275,tables,772,typical cases,0.9929
275,tables,450,SHOW ENGINES,0.9925
275,tables,1116,typical output,0.9909
275,tables,2183,possible pattern,0.9909
275,tables,701,other ways,0.9906
275,tables,2085,other aspects,0.9904
276,recent versions,1157,product entitlement version array,0.9994
276,recent versions,219,place upgrades,0.9983
276,recent versions,1511,ID mode bit,0.9983
276,recent versions,686,TresUsage * fields,0.9981
276,recent versions,208,arbitrary text string,0.9981
276,recent versions,1636,symbolic link,0.9981
276,recent versions,55,similar tool,0.9980
276,recent versions,379,complete description,0.9980
276,recent versions,69,better security,0.9980
276,recent versions,523,various reports,0.9980
277,DYNAMIC,1527,software,0.9933
277,DYNAMIC,1588,license.dat -f license,0.9925
277,DYNAMIC,970,lsb.queues,0.9920
277,DYNAMIC,1064,software licenses,0.9916
277,DYNAMIC,1974,N parameter,0.9916
277,DYNAMIC,1502,/etc,0.9912
277,DYNAMIC,1367,software products,0.9910
277,DYNAMIC,1547,license1 Numeric,0.9907
277,DYNAMIC,1602,swp mem license1 license,0.9907
277,DYNAMIC,1694,hosts.equiv,0.9906
278,row format,290,row size,0.9993
278,row format,293,innodb_default_row_format variable,0.9971
278,row format,2158,grep,0.9964
278,row format,147,keys,0.9950
278,row format,620,key words,0.9950
278,row format,268,cat my.cnf,0.9943
278,row format,154,proper key,0.9943
278,row format,267,sec,0.9940
278,row format,619,like fashion,0.9937
278,row format,2109,parameterPossible valuesDescription,0.9932
279,pages,185,network page,0.9984
279,pages,525,man pages,0.9981
279,pages,2169,sacctmgr man page,0.9979
279,pages,1581,executable program,0.9974
279,pages,2172,Many additional scenarios,0.9974
279,pages,1120,complete usage,0.9974
279,pages,1636,symbolic link,0.9973
279,pages,47,sacct,0.9973
279,pages,520,details,0.9972
279,pages,734,several states,0.9972
280,DML operations,993,operation,1.0000
280,DML operations,1928,operation permission,0.9981
280,DML operations,1151,advanced workload execution mode,0.9976
280,DML operations,974,paths,0.9975
280,DML operations,1516,relative path,0.9969
280,DML operations,1714,current working,0.9968
280,DML operations,230,mysql_config script,0.9968
280,DML operations,1564,RESOURCENAME LOCATION,0.9968
280,DML operations,319,Several Slurm configuration parameters,0.9966
280,DML operations,1337,application source code,0.9966
281,specific situations,539,performance metrics,0.9988
281,specific situations,853,Total virtual memory usage,0.9986
281,specific situations,852,Total resident memory usage,0.9986
281,specific situations,674,largest memory peak,0.9986
281,specific situations,536,various graphs,0.9984
281,specific situations,2172,Many additional scenarios,0.9983
281,specific situations,690,average memory peaks,0.9983
281,specific situations,686,TresUsage * fields,0.9982
281,specific situations,1885,second definition,0.9982
281,specific situations,775,individual computer,0.9982
282,error,634,typographical errors,1.0000
282,error,305,error message,0.9961
282,error,1048,error logs,0.9911
282,error,1818,General errors,0.9872
282,error,1839,protocol error,0.9869
282,error,1972,retry error message,0.9868
282,error,1684,detailed error message,0.9851
282,error,1979,associated error message output,0.9848
282,error,1995,handshake message,0.9843
282,error,111,messages,0.9843
283,database tables,507,certain database entries,0.9969
283,database tables,596,database object,0.9969
283,database tables,499,production database,0.9965
283,database tables,67,database security,0.9965
283,database tables,284,database version,0.9961
283,database tables,1832,services database,0.9959
283,database tables,608,accounting database,0.9956
283,database tables,459,database slurm_acct_db,0.9954
283,database tables,221,database support,0.9953
283,database tables,297,Slurm database,0.9950
284,database version,499,production database,0.9995
284,database version,67,database security,0.9992
284,database version,459,database slurm_acct_db,0.9991
284,database version,1832,services database,0.9988
284,database version,297,Slurm database,0.9988
284,database version,507,certain database entries,0.9987
284,database version,596,database object,0.9987
284,database version,221,database support,0.9986
284,database version,540,Database Configuration,0.9983
284,database version,196,database server executes,0.9977
285,InnoDB error,1825,internal error,0.9994
285,InnoDB error,1978,error reasons,0.9989
285,InnoDB error,1287,standard error,0.9988
285,InnoDB error,1839,protocol error,0.9983
285,InnoDB error,1818,General errors,0.9983
285,InnoDB error,940,error files,0.9981
285,InnoDB error,1443,configuration errors,0.9979
285,InnoDB error,1444,unrecoverable errors,0.9972
285,InnoDB error,1684,detailed error message,0.9952
285,InnoDB error,1166,common configuration errors,0.9950
286,order,1157,product entitlement version array,0.9984
286,order,674,largest memory peak,0.9983
286,order,955,products,0.9982
286,order,686,TresUsage * fields,0.9982
286,order,539,performance metrics,0.9981
286,order,529,party tools,0.9980
286,order,517,Tools,0.9980
286,order,1356,Wrapper binary programs,0.9979
286,order,1560,RELEASE column,0.9978
286,order,690,average memory peaks,0.9978
288,InnoDB,1363,source code,0.9974
288,InnoDB,449,InnoDB support,0.9972
288,InnoDB,1510,file permission mode -rw-------,0.9971
288,InnoDB,1235,owners,0.9970
288,InnoDB,1247,ut pg io ls,0.9969
288,InnoDB,203,network port,0.9968
288,InnoDB,251,unnecessary small writes,0.9968
288,InnoDB,1179,ut pg ls,0.9966
288,InnoDB,1831,tcp service,0.9966
288,InnoDB,485,form,0.9966
289,field,662,TresUsageInTot field,1.0000
289,field,676,dedicated fields MaxRSS,1.0000
289,field,686,TresUsage * fields,0.9990
289,field,1345,rename abc,0.9984
289,field,1157,product entitlement version array,0.9983
289,field,69,better security,0.9982
289,field,232,slurm build,0.9981
289,field,208,arbitrary text string,0.9981
289,field,407,security purposes,0.9981
289,field,219,place upgrades,0.9981
290,row size,278,row format,0.9993
290,row size,293,innodb_default_row_format variable,0.9976
290,row size,2158,grep,0.9970
290,row size,620,key words,0.9961
290,row size,147,keys,0.9961
290,row size,154,proper key,0.9957
290,row size,268,cat my.cnf,0.9952
290,row size,619,like fashion,0.9951
290,row size,267,sec,0.9950
290,row size,449,InnoDB support,0.9944
291,size,478,unwieldy size,1.0000
291,size,471,reasonable size,1.0000
291,size,500,manageable size,1.0000
291,size,479,purge interval,0.9984
291,size,407,security purposes,0.9984
291,size,208,arbitrary text string,0.9984
291,size,523,various reports,0.9983
291,size,1157,product entitlement version array,0.9983
291,size,1636,symbolic link,0.9983
291,size,55,similar tool,0.9983
292,index leaf page,1576,first external load index,0.9981
292,index leaf page,1578,second external load index,0.9981
292,index leaf page,1579,second load index,0.9977
292,index leaf page,1577,first load index,0.9977
292,index leaf page,884,specific load index,0.9976
292,index leaf page,1538,external load indexes,0.9972
292,index leaf page,852,Total resident memory usage,0.9971
292,index leaf page,853,Total virtual memory usage,0.9971
292,index leaf page,674,largest memory peak,0.9970
292,index leaf page,1838,Authentication port mismatch,0.9970
293,innodb_default_row_format variable,2158,grep,0.9977
293,innodb_default_row_format variable,290,row size,0.9976
293,innodb_default_row_format variable,278,row format,0.9971
293,innodb_default_row_format variable,147,keys,0.9967
293,innodb_default_row_format variable,620,key words,0.9967
293,innodb_default_row_format variable,154,proper key,0.9967
293,innodb_default_row_format variable,449,InnoDB support,0.9961
293,innodb_default_row_format variable,1609,license1 myjob,0.9953
293,innodb_default_row_format variable,268,cat my.cnf,0.9952
293,innodb_default_row_format variable,1597,IBM Support,0.9951
294,innodb_default_row_format,242,innodb_buffer_pool_size,0.9965
294,innodb_default_row_format,2083,CR_Socket_Memory,0.9953
294,innodb_default_row_format,2082,CR_Socket,0.9941
294,innodb_default_row_format,265,row,0.9932
294,innodb_default_row_format,278,row format,0.9917
294,innodb_default_row_format,293,innodb_default_row_format variable,0.9908
294,innodb_default_row_format,2205,YES option,0.9905
294,innodb_default_row_format,290,row size,0.9897
294,innodb_default_row_format,2158,grep,0.9894
294,innodb_default_row_format,2077,cons_tresControls,0.9874
295,command,1702,lspasswd command,1.0000
295,command,1194,bparams command,1.0000
295,command,960,lsfinstall command,1.0000
295,command,1307,bjobs command,1.0000
295,command,1768,rsh command,1.0000
295,command,1687,filename command,1.0000
295,command,1425,install.config command,1.0000
295,command,1598,FLEXlm command lmstat,1.0000
295,command,2157,Linux command,1.0000
295,command,1253,bparams command,1.0000
296,db_name,162,UIDs,0.9974
296,db_name,133,usernames,0.9973
296,db_name,130,lowercase usernames,0.9973
296,db_name,1843,bad port,0.9972
296,db_name,1930,RES control requests,0.9966
296,db_name,353,port,0.9966
296,db_name,1844,non-privileged port,0.9966
296,db_name,1301,user1 RUN normal hosta hostb,0.9964
296,db_name,1917,doacceptconn,0.9963
296,db_name,270,MySQL versions,0.9961
297,Slurm database,499,production database,0.9991
297,Slurm database,1832,services database,0.9990
297,Slurm database,67,database security,0.9988
297,Slurm database,284,database version,0.9988
297,Slurm database,459,database slurm_acct_db,0.9987
297,Slurm database,540,Database Configuration,0.9985
297,Slurm database,596,database object,0.9985
297,Slurm database,507,certain database entries,0.9984
297,Slurm database,221,database support,0.9979
297,Slurm database,196,database server executes,0.9978
299,SHOW TABLE STATUS,450,SHOW ENGINES,0.9981
299,SHOW TABLE STATUS,275,tables,0.9981
299,SHOW TABLE STATUS,262,SHOW VARIABLES,0.9960
299,SHOW TABLE STATUS,480,table sizes,0.9922
299,SHOW TABLE STATUS,301,table columns,0.9914
299,SHOW TABLE STATUS,1116,typical output,0.9912
299,SHOW TABLE STATUS,772,typical cases,0.9903
299,SHOW TABLE STATUS,661,data structure,0.9883
299,SHOW TABLE STATUS,261,following example,0.9876
299,SHOW TABLE STATUS,1211,other details,0.9872
300,default collation,607,Default wckey,0.9992
300,default collation,350,default behavior,0.9991
300,default collation,2181,default partition,0.9968
300,default collation,367,default value,0.9962
300,default collation,780,single machine,0.9948
300,default collation,609,Slurm partition,0.9942
300,default collation,584,specific partitions,0.9939
300,default collation,420,only acceptable value,0.9937
300,default collation,1777,hostA DEFAULT DEFAULT,0.9936
300,default collation,2072,partition definition,0.9932
301,table columns,480,table sizes,0.9992
301,table columns,772,typical cases,0.9971
301,table columns,262,SHOW VARIABLES,0.9966
301,table columns,135,best way,0.9964
301,table columns,165,case,0.9962
301,table columns,1584,following example ELIM program,0.9961
301,table columns,120,computers,0.9960
301,table columns,1120,complete usage,0.9960
301,table columns,428,password usage,0.9959
301,table columns,632,most cases,0.9959
302,MySQL databases,248,large Slurm databases,0.9962
302,MySQL databases,540,Database Configuration,0.9954
302,MySQL databases,459,database slurm_acct_db,0.9954
302,MySQL databases,297,Slurm database,0.9952
302,MySQL databases,543,accounting associations,0.9941
302,MySQL databases,1832,services database,0.9936
302,MySQL databases,284,database version,0.9935
302,MySQL databases,221,database support,0.9934
302,MySQL databases,499,production database,0.9934
302,MySQL databases,196,database server executes,0.9930
303,collation,308,insensitive collation,0.9993
303,collation,1157,product entitlement version array,0.9984
303,collation,686,TresUsage * fields,0.9983
303,collation,955,products,0.9982
303,collation,219,place upgrades,0.9982
303,collation,539,performance metrics,0.9981
303,collation,674,largest memory peak,0.9980
303,collation,775,individual computer,0.9979
303,collation,1343,simple interface,0.9979
303,collation,379,complete description,0.9978
304,sensitive one,780,single machine,0.9958
304,sensitive one,792,conditions,0.9952
304,sensitive one,1279,unique job ID,0.9947
304,sensitive one,2143,other subset,0.9942
304,sensitive one,900,scheduling conditions,0.9937
304,sensitive one,2125,different subsets,0.9933
304,sensitive one,813,single process,0.9933
304,sensitive one,1241,normal low priority jobs,0.9932
304,sensitive one,114,single location,0.9931
304,sensitive one,1744,only reliable way,0.9929
305,error message,1995,handshake message,0.9961
305,error message,111,messages,0.9961
305,error message,634,typographical errors,0.9961
305,error message,282,error,0.9961
305,error message,1979,associated error message output,0.9937
305,error message,1972,retry error message,0.9931
305,error message,1048,error logs,0.9919
305,error message,1684,detailed error message,0.9917
305,error message,1615,Log messages,0.9911
305,error message,1642,LIM error log,0.9891
306,start,464,init.d/slurmdbd start,1.0000
306,start,1725,sbatchd daemon starts,0.9865
306,start,1685,identification daemon,0.9827
306,start,79,daemons,0.9827
306,start,68,intermediate daemon,0.9827
306,start,1691,inetd daemon,0.9827
306,start,1999,vemkd daemon,0.9827
306,start,1867,new daemon,0.9802
306,start,1724,sbatchd starts,0.9801
306,start,1720,Batch daemons,0.9751
307,_ ci suffix,1945,logJobInfo _,0.9978
307,_ ci suffix,1952,JobId,0.9971
307,_ ci suffix,2109,parameterPossible valuesDescription,0.9968
307,_ ci suffix,1283,short sleep,0.9964
307,_ ci suffix,140,normal MUNGE configuration,0.9962
307,_ ci suffix,2054,SelectType,0.9962
307,_ ci suffix,2061,SelectTypeParameters,0.9958
307,_ ci suffix,1736,Linux cgroups,0.9957
307,_ ci suffix,33,cgroup,0.9957
307,_ ci suffix,1246,r1 m,0.9956
308,insensitive collation,303,collation,0.9993
308,insensitive collation,539,performance metrics,0.9983
308,insensitive collation,1157,product entitlement version array,0.9983
308,insensitive collation,686,TresUsage * fields,0.9983
308,insensitive collation,955,products,0.9982
308,insensitive collation,219,place upgrades,0.9982
308,insensitive collation,1188,minus sign,0.9982
308,insensitive collation,1343,simple interface,0.9981
308,insensitive collation,1511,ID mode bit,0.9981
308,insensitive collation,281,specific situations,0.9981
309,SELECT default_collation_name,1102,Select,1.0000
309,SELECT default_collation_name,311,SELECT table_name,1.0000
309,SELECT default_collation_name,647,srun -n,0.9852
309,SELECT default_collation_name,453,Comment,0.9808
309,SELECT default_collation_name,1167,current LSF version number,0.9802
309,SELECT default_collation_name,2130,affinity,0.9792
309,SELECT default_collation_name,2062,select plugin,0.9789
309,SELECT default_collation_name,2135,Step 4Command line optionPossible valuesDescription,0.9781
309,SELECT default_collation_name,2118,Step 3Command line optionPossible valuesDescription,0.9781
309,SELECT default_collation_name,2110,Step 2Command line optionPossible valuesDescription,0.9781
310,columns,1557,INCREASING column,1.0000
310,columns,1305,STAT column,1.0000
310,columns,1560,RELEASE column,0.9993
310,columns,775,individual computer,0.9984
310,columns,875,binary architecture,0.9982
310,columns,1356,Wrapper binary programs,0.9981
310,columns,674,largest memory peak,0.9981
310,columns,1610,best advantage,0.9981
310,columns,1773,binary incompatibility,0.9980
310,columns,1966,binary upgrade,0.9980
311,SELECT table_name,1102,Select,1.0000
311,SELECT table_name,309,SELECT default_collation_name,1.0000
311,SELECT table_name,647,srun -n,0.9852
311,SELECT table_name,453,Comment,0.9808
311,SELECT table_name,1167,current LSF version number,0.9802
311,SELECT table_name,2130,affinity,0.9792
311,SELECT table_name,2062,select plugin,0.9789
311,SELECT table_name,2135,Step 4Command line optionPossible valuesDescription,0.9781
311,SELECT table_name,2118,Step 3Command line optionPossible valuesDescription,0.9781
311,SELECT table_name,2110,Step 2Command line optionPossible valuesDescription,0.9781
313,collation_name,94,internal cache,0.9963
313,collation_name,1188,minus sign,0.9960
313,collation_name,1510,file permission mode -rw-------,0.9960
313,collation_name,1363,source code,0.9959
313,collation_name,1668,localhost myhostname,0.9958
313,collation_name,1235,owners,0.9957
313,collation_name,1247,ut pg io ls,0.9957
313,collation_name,1511,ID mode bit,0.9957
313,collation_name,51,pathname,0.9956
313,collation_name,397,qualified pathname,0.9956
316,assumption,1157,product entitlement version array,0.9972
316,assumption,276,recent versions,0.9966
316,assumption,523,various reports,0.9965
316,assumption,955,products,0.9965
316,assumption,674,largest memory peak,0.9965
316,assumption,1100,few minutes,0.9965
316,assumption,2161,readable format,0.9964
316,assumption,1580,ELIM program,0.9964
316,assumption,1813,token,0.9963
316,assumption,2145,easy way,0.9963
317,storage,97,local storage,0.9992
317,storage,419,accounting storage mechanism,0.9986
317,storage,191,accounting storage plugin,0.9984
317,storage,498,archive instance,0.9982
317,storage,249,old records,0.9982
317,storage,1984,connect,0.9979
317,storage,1570,different ELIM,0.9978
317,storage,19,particular time interval,0.9978
317,storage,483,Archive,0.9978
317,storage,591,different points,0.9977
318,minimal security,136,security,0.9993
318,minimal security,69,better security,0.9990
318,minimal security,407,security purposes,0.9990
318,minimal security,1943,token processing,0.9982
318,minimal security,1336,Wrapper binary executables,0.9982
318,minimal security,1580,ELIM program,0.9982
318,minimal security,536,various graphs,0.9982
318,minimal security,1356,Wrapper binary programs,0.9982
318,minimal security,523,various reports,0.9982
318,minimal security,55,similar tool,0.9982
319,Several Slurm configuration parameters,22,Slurm configuration parameters,0.9997
319,Several Slurm configuration parameters,324,configuration parameters,0.9985
319,Several Slurm configuration parameters,988,own keywords,0.9983
319,Several Slurm configuration parameters,1599,own ELIM,0.9980
319,Several Slurm configuration parameters,1086,shell environment files,0.9979
319,Several Slurm configuration parameters,1690,LSF_AUTH parameter,0.9979
319,Several Slurm configuration parameters,728,networks,0.9979
319,Several Slurm configuration parameters,376,own configuration file,0.9979
319,Several Slurm configuration parameters,2015,correct configuration path values,0.9979
319,Several Slurm configuration parameters,2066,additional parameters,0.9978
320,archiving information,467,detailed information,0.9994
320,archiving information,532,relevant information,0.9993
320,archiving information,1197,historical information,0.9985
320,archiving information,2,accounting information,0.9974
320,archiving information,1043,process information manager,0.9966
320,archiving information,1909,same configuration information,0.9964
320,archiving information,1908,inconsistent configuration information,0.9964
320,archiving information,1258,current system load information,0.9949
320,archiving information,1266,other information,0.9949
320,archiving information,1365,more time,0.9948
321,separate configuration file,731,several configuration files,0.9995
321,separate configuration file,2029,old EGO XML configuration files,0.9994
321,separate configuration file,710,configuration files,0.9992
321,separate configuration file,992,Global configuration files,0.9992
321,separate configuration file,2006,configuration file paths,0.9992
321,separate configuration file,999,Keyword definition file,0.9990
321,separate configuration file,1711,such file,0.9989
321,separate configuration file,6,simple text file,0.9989
321,separate configuration file,1868,specific files,0.9989
321,separate configuration file,158,SlurmDBD configuration files,0.9989
322,separate section,1880,configuration section,0.9985
322,separate section,198,Location,0.9952
322,separate section,1820,Incorrect path names,0.9949
322,separate section,22,Slurm configuration parameters,0.9949
322,separate section,1568,RESOURCENAME parameter,0.9948
322,separate section,1690,LSF_AUTH parameter,0.9947
322,separate section,324,configuration parameters,0.9946
322,separate section,319,Several Slurm configuration parameters,0.9946
322,separate section,1555,INTERVAL parameter specifies,0.9945
322,separate section,917,server column,0.9944
323,job completion records,199,job completion data,0.9992
323,job completion records,192,job completion plugin,0.9991
323,job completion records,924,remote jobs access,0.9988
323,job completion records,1334,complete job submission,0.9984
323,job completion records,417,job accounting data,0.9984
323,job completion records,1373,easy job submission,0.9983
323,job completion records,791,Job files,0.9978
323,job completion records,1010,job slot limits,0.9978
323,job completion records,43,only basic job information,0.9973
323,job completion records,1481,job state,0.9972
324,configuration parameters,22,Slurm configuration parameters,0.9990
324,configuration parameters,1690,LSF_AUTH parameter,0.9985
324,configuration parameters,319,Several Slurm configuration parameters,0.9985
324,configuration parameters,1568,RESOURCENAME parameter,0.9984
324,configuration parameters,2066,additional parameters,0.9984
324,configuration parameters,1555,INTERVAL parameter specifies,0.9983
324,configuration parameters,2071,Several parameters,0.9979
324,configuration parameters,1537,lsf.shared file,0.9972
324,configuration parameters,394,AccountingStoragePort parameter,0.9969
324,configuration parameters,2009,old lsf.conf file,0.9968
327,comma,208,arbitrary text string,0.9982
327,comma,203,network port,0.9982
327,comma,1157,product entitlement version array,0.9981
327,comma,1345,rename abc,0.9981
327,comma,69,better security,0.9980
327,comma,1943,token processing,0.9979
327,comma,219,place upgrades,0.9979
327,comma,536,various graphs,0.9979
327,comma,2172,Many additional scenarios,0.9979
327,comma,1511,ID mode bit,0.9979
328,list,1406,complete list,0.9978
328,list,1856,unknown service,0.9949
328,list,1382,references,0.9942
328,list,1564,RESOURCENAME LOCATION,0.9942
328,list,1911,Unknown index name,0.9942
328,list,503,separate instances,0.9940
328,list,1798,End HostType,0.9937
328,list,1565,End ResourceMap,0.9937
328,list,1806,End HostModel,0.9937
328,list,622,following form,0.9937
329,valid options,2063,slurm.conf options,0.9993
329,valid options,448,grant option,0.9991
329,valid options,2132,cgroup.conf options,0.9991
329,valid options,2045,configuration options,0.9989
329,valid options,2233,TaskPlugin configuration option,0.9989
329,valid options,2208,CR_CPU configuration option,0.9989
329,valid options,2084,additional options,0.9988
329,valid options,1351,appropriate options,0.9988
329,valid options,2227,CR_CORE_DEFAULT_DIST_BLOCK configuration option specifies,0.9986
329,valid options,2194,configuration option CR_CORE_DEFAULT_DIST_BLOCK,0.9986
330,invalid accounts,571,account chemistry,0.9994
330,invalid accounts,593,parent account,0.9993
330,invalid accounts,564,account science,0.9993
330,invalid accounts,592,account hierarchy,0.9992
330,invalid accounts,1011,configure account mappings,0.9985
330,invalid accounts,555,multiple accounts,0.9984
330,invalid accounts,102,valid bank accounts,0.9978
330,invalid accounts,549,account none,0.9977
330,invalid accounts,590,different bank accounts,0.9975
330,invalid accounts,579,account test,0.9972
331,qos,338,valid qos,0.9992
331,qos,1704,Windows password authentication,0.9971
331,qos,478,unwieldy size,0.9971
331,qos,291,size,0.9971
331,qos,500,manageable size,0.9971
331,qos,471,reasonable size,0.9971
331,qos,2145,easy way,0.9969
331,qos,2161,readable format,0.9969
331,qos,257,queries,0.9969
331,qos,407,security purposes,0.9968
332,nojobs,1188,minus sign,0.9967
332,nojobs,539,performance metrics,0.9964
332,nojobs,308,insensitive collation,0.9962
332,nojobs,1343,simple interface,0.9961
332,nojobs,949,fault tolerance,0.9960
332,nojobs,243,percent,0.9960
332,nojobs,1511,ID mode bit,0.9960
332,nojobs,281,specific situations,0.9959
332,nojobs,89,Failure,0.9959
332,nojobs,1943,token processing,0.9959
333,job information,35,job completion information,0.9961
333,job information,897,more jobs,0.9958
333,job information,1264,Display job status,0.9941
333,job information,939,job output,0.9922
333,job information,807,new job,0.9921
333,job information,681,other jobs,0.9913
333,job information,1230,dispatch jobs,0.9903
333,job information,1296,batch interactive job,0.9902
333,job information,798,Interactive batch job,0.9902
333,job information,1603,Submit jobs,0.9902
334,nosteps,1596,lic utility,0.9966
334,nosteps,1247,ut pg io ls,0.9965
334,nosteps,1179,ut pg ls,0.9960
334,nosteps,51,pathname,0.9960
334,nosteps,397,qualified pathname,0.9960
334,nosteps,1178,status r15s r1 m,0.9959
334,nosteps,1363,source code,0.9959
334,nosteps,1609,license1 myjob,0.9958
334,nosteps,1180,swp mem,0.9957
334,nosteps,1429,b. Edit,0.9957
335,step information,107,step accounting records,0.9915
335,step information,26,job step information,0.9886
335,step information,2143,other subset,0.9886
335,step information,2147,CPU management information,0.9883
335,step information,792,conditions,0.9880
335,step information,2085,other aspects,0.9873
335,step information,652,memory,0.9869
335,step information,693,much memory,0.9869
335,step information,900,scheduling conditions,0.9869
335,step information,685,other tools,0.9865
336,environment,99,startup,0.9972
336,environment,1261,execution scripts,0.9964
336,environment,971,product installation,0.9962
336,environment,1614,incorrect installation,0.9961
336,environment,872,startup time,0.9958
336,environment,189,script,0.9958
336,environment,1428,lsfinstall script,0.9958
336,environment,1705,file system environment,0.9957
336,environment,392,work,0.9955
336,environment,1017,Application profiles,0.9955
337,utilization,1363,source code,0.9967
337,utilization,1235,owners,0.9964
337,utilization,1188,minus sign,0.9962
337,utilization,1343,simple interface,0.9962
337,utilization,2175,n3 State,0.9962
337,utilization,1184,busy status,0.9961
337,utilization,536,various graphs,0.9960
337,utilization,2164,actual hardware,0.9960
337,utilization,94,internal cache,0.9960
337,utilization,281,specific situations,0.9959
338,valid qos,331,qos,0.9992
338,valid qos,1157,product entitlement version array,0.9980
338,valid qos,407,security purposes,0.9979
338,valid qos,208,arbitrary text string,0.9979
338,valid qos,2145,easy way,0.9979
338,valid qos,471,reasonable size,0.9979
338,valid qos,291,size,0.9979
338,valid qos,500,manageable size,0.9979
338,valid qos,478,unwieldy size,0.9979
338,valid qos,2175,n3 State,0.9979
340,QOS values,2008,Migrate values,0.9991
340,QOS values,512,appropriate values,0.9990
340,QOS values,741,nonzero exit value,0.9980
340,QOS values,739,exit value,0.9980
340,QOS values,406,slurmctld execute,0.9977
340,QOS values,425,mysql user grant privileges,0.9977
340,QOS values,2015,correct configuration path values,0.9973
340,QOS values,1251,Scheduling threshold values,0.9968
340,QOS values,191,accounting storage plugin,0.9966
340,QOS values,209,Slurm Accounting Configuration,0.9965
341,QOS limits,889,soft limits,0.9993
341,QOS limits,891,hard limits,0.9993
341,QOS limits,610,Limit Enforcement,0.9993
341,QOS limits,611,Various limits,0.9992
341,QOS limits,343,minutes limit,0.9992
341,QOS limits,1737,swap limit enforcement,0.9977
341,QOS limits,2167,Accounting limits,0.9963
341,QOS limits,543,accounting associations,0.9949
341,QOS limits,62,password data,0.9948
341,QOS limits,126,limits,0.9945
343,minutes limit,611,Various limits,0.9995
343,minutes limit,610,Limit Enforcement,0.9993
343,minutes limit,891,hard limits,0.9992
343,minutes limit,341,QOS limits,0.9992
343,minutes limit,889,soft limits,0.9989
343,minutes limit,1737,swap limit enforcement,0.9988
343,minutes limit,62,password data,0.9966
343,minutes limit,636,usage data,0.9965
343,minutes limit,2167,Accounting limits,0.9961
343,minutes limit,410,NOTE,0.9960
344,completion,419,accounting storage mechanism,0.9978
344,completion,97,local storage,0.9978
344,completion,239,first time,0.9976
344,completion,191,accounting storage plugin,0.9976
344,completion,249,old records,0.9976
344,completion,757,kill signal,0.9976
344,completion,636,usage data,0.9975
344,completion,317,storage,0.9975
344,completion,1645,Communication time,0.9975
344,completion,559,accounting reports,0.9975
345,option set,627,set options,1.0000
345,option set,903,installation options,0.9898
345,option set,214,associations,0.9891
345,option set,1275,submission options,0.9884
345,option set,588,sacctmgr options,0.9880
345,option set,613,Other options,0.9867
345,option set,266,set,0.9865
345,option set,2146,comprehensive set,0.9865
345,option set,1351,appropriate options,0.9865
345,option set,832,different set,0.9859
346,usage,1120,complete usage,0.9992
346,usage,428,password usage,0.9989
346,usage,852,Total resident memory usage,0.9981
346,usage,853,Total virtual memory usage,0.9981
346,usage,674,largest memory peak,0.9977
346,usage,775,individual computer,0.9977
346,usage,1229,different scheduling policies,0.9976
346,usage,639,parallel computing,0.9976
346,usage,2145,easy way,0.9976
346,usage,55,similar tool,0.9976
347,wckeys,1704,Windows password authentication,0.9983
347,wckeys,407,security purposes,0.9983
347,wckeys,523,various reports,0.9983
347,wckeys,479,purge interval,0.9983
347,wckeys,2145,easy way,0.9981
347,wckeys,55,similar tool,0.9980
347,wckeys,500,manageable size,0.9980
347,wckeys,471,reasonable size,0.9980
347,wckeys,478,unwieldy size,0.9980
347,wckeys,291,size,0.9980
348,TrackWCKey,1511,ID mode bit,0.9953
348,TrackWCKey,154,proper key,0.9952
348,TrackWCKey,105,last communicating,0.9950
348,TrackWCKey,308,insensitive collation,0.9949
348,TrackWCKey,1153,EGO_DISABLE_UNRESOLVABLE_HOST mode,0.9948
348,TrackWCKey,1157,product entitlement version array,0.9948
348,TrackWCKey,2172,Many additional scenarios,0.9948
348,TrackWCKey,145,second key,0.9947
348,TrackWCKey,539,performance metrics,0.9947
348,TrackWCKey,159,slurm.conf,0.9947
349,optional partition name,370,unique name,0.9984
349,optional partition name,389,full domain name,0.9973
349,optional partition name,2008,Migrate values,0.9965
349,optional partition name,512,appropriate values,0.9964
349,optional partition name,173,same UID,0.9964
349,optional partition name,1929,user ID uid,0.9959
349,optional partition name,406,slurmctld execute,0.9958
349,optional partition name,1911,Unknown index name,0.9957
349,optional partition name,1251,Scheduling threshold values,0.9956
349,optional partition name,568,execute,0.9956
350,default behavior,607,Default wckey,0.9995
350,default behavior,300,default collation,0.9991
350,default behavior,367,default value,0.9972
350,default behavior,2181,default partition,0.9961
350,default behavior,1021,default application profile,0.9951
350,default behavior,1022,default application profile./usr,0.9951
350,default behavior,420,only acceptable value,0.9946
350,default behavior,780,single machine,0.9946
350,default behavior,609,Slurm partition,0.9931
350,default behavior,406,slurmctld execute,0.9929
351,policies,1180,swp mem,0.9978
351,policies,1248,SCHEDULING POLICIES,0.9974
351,policies,1236,priority,0.9973
351,policies,619,like fashion,0.9972
351,policies,1787,Total Processors,0.9971
351,policies,930,demand,0.9971
351,policies,934,demand basis,0.9971
351,policies,1669,IPv6 address,0.9968
351,policies,2094,APrevents sharing,0.9968
351,policies,491,day,0.9966
352,external slurmdbds,506,archive slurmdbd,0.9987
352,external slurmdbds,469,SlurmDBD Archive,0.9987
352,external slurmdbds,84,SlurmDBD plugin,0.9985
352,external slurmdbds,375,SlurmDBD Configuration,0.9975
352,external slurmdbds,1,Slurm,0.9975
352,external slurmdbds,386,Slurm components,0.9975
352,external slurmdbds,505,Slurm controller,0.9975
352,external slurmdbds,76,Slurm SQL,0.9975
352,external slurmdbds,28,SlurmDBD,0.9971
352,external slurmdbds,81,slurmdbd RPMs,0.9971
353,port,1844,non-privileged port,1.0000
353,port,1843,bad port,0.9991
353,port,162,UIDs,0.9977
353,port,1301,user1 RUN normal hosta hostb,0.9966
353,port,296,db_name,0.9966
353,port,1838,Authentication port mismatch,0.9965
353,port,1930,RES control requests,0.9965
353,port,130,lowercase usernames,0.9965
353,port,133,usernames,0.9965
353,port,1917,doacceptconn,0.9956
354,AccountingStoragePort,232,slurm build,0.9957
354,AccountingStoragePort,1937,RES binary,0.9957
354,AccountingStoragePort,219,place upgrades,0.9956
354,AccountingStoragePort,1345,rename abc,0.9956
354,AccountingStoragePort,674,largest memory peak,0.9955
354,AccountingStoragePort,1188,minus sign,0.9955
354,AccountingStoragePort,1511,ID mode bit,0.9954
354,AccountingStoragePort,94,internal cache,0.9954
354,AccountingStoragePort,1344,abc,0.9954
354,AccountingStoragePort,688,peaks,0.9954
355,non-external cluster,1054,cluster status,1.0000
355,non-external cluster,1072,multi-user cluster,1.0000
355,non-external cluster,85,cluster,1.0000
355,non-external cluster,2007,new cluster,0.9954
355,non-external cluster,726,cluster administrators,0.9948
355,non-external cluster,553,cluster names,0.9914
355,non-external cluster,1073,user cluster,0.9892
355,non-external cluster,973,cluster users,0.9892
355,non-external cluster,724,Cluster characteristics,0.9889
355,non-external cluster,2001,same cluster name,0.9878
356,accounting data,637,Accounting Interpretation,0.9990
356,accounting data,117,Accounting,0.9990
356,accounting data,60,data,0.9989
356,accounting data,96,cached data,0.9989
356,accounting data,476,data retention,0.9989
356,accounting data,473,Purged data,0.9989
356,accounting data,5,Accounting records,0.9984
356,accounting data,925,local data,0.9983
356,accounting data,62,password data,0.9974
356,accounting data,284,database version,0.9970
357,database type storage plugins,196,database server executes,0.9966
357,database type storage plugins,284,database version,0.9962
357,database type storage plugins,499,production database,0.9961
357,database type storage plugins,67,database security,0.9961
357,database type storage plugins,596,database object,0.9959
357,database type storage plugins,603,same level,0.9958
357,database type storage plugins,1832,services database,0.9956
357,database type storage plugins,168,database server,0.9956
357,database type storage plugins,507,certain database entries,0.9955
357,database type storage plugins,20,distinct plugin types,0.9955
358,Database Daemon,1225,daemon time,0.9919
358,Database Daemon,71,Slurm Database Daemon,0.9915
358,Database Daemon,1867,new daemon,0.9912
358,Database Daemon,100,slurmctld starts,0.9895
358,Database Daemon,149,different daemons,0.9894
358,Database Daemon,1724,sbatchd starts,0.9890
358,Database Daemon,58,slurmctld daemon,0.9884
358,Database Daemon,1725,sbatchd daemon starts,0.9881
358,Database Daemon,2043,Administrator Guide,0.9878
358,Database Daemon,124,administrators,0.9878
359,MUNGE authentication,205,jobcomp plugin,0.9984
359,MUNGE authentication,536,various graphs,0.9982
359,MUNGE authentication,2237,cgroup plugin,0.9981
359,MUNGE authentication,1733,parent,0.9981
359,MUNGE authentication,572,physics parent,0.9981
359,MUNGE authentication,1848,ident authentication,0.9980
359,MUNGE authentication,573,science \,0.9979
359,MUNGE authentication,2013,c. Migrate,0.9978
359,MUNGE authentication,1188,minus sign,0.9978
359,MUNGE authentication,232,slurm build,0.9978
360,MUNGE daemon,363,alternate MUNGE daemon,1.0000
360,MUNGE daemon,1971,EGO daemons,0.9985
360,MUNGE daemon,1840,ident daemon,0.9981
360,MUNGE daemon,519,SlurmDBD daemon,0.9979
360,MUNGE daemon,468,daemon mode,0.9974
360,MUNGE daemon,1834,identd daemon,0.9974
360,MUNGE daemon,748,sbatchd daemon,0.9972
360,MUNGE daemon,1039,Management scheduler daemon,0.9964
360,MUNGE daemon,1755,sbatchd daemon logs,0.9956
360,MUNGE daemon,58,slurmctld daemon,0.9956
361,default MUNGE daemon,405,slurmdbd daemon executes,0.9967
361,default MUNGE daemon,624,appropriate Slurm daemons,0.9962
361,default MUNGE daemon,462,other Slurm daemons,0.9960
361,default MUNGE daemon,381,second MUNGE daemon,0.9945
361,default MUNGE daemon,872,startup time,0.9934
361,default MUNGE daemon,99,startup,0.9932
361,default MUNGE daemon,1003,Cluster configuration file,0.9931
361,default MUNGE daemon,702,administrator overview,0.9931
361,default MUNGE daemon,1956,new configuration,0.9930
361,default MUNGE daemon,795,execution time,0.9930
363,alternate MUNGE daemon,360,MUNGE daemon,1.0000
363,alternate MUNGE daemon,1971,EGO daemons,0.9985
363,alternate MUNGE daemon,1840,ident daemon,0.9981
363,alternate MUNGE daemon,519,SlurmDBD daemon,0.9979
363,alternate MUNGE daemon,468,daemon mode,0.9974
363,alternate MUNGE daemon,1834,identd daemon,0.9974
363,alternate MUNGE daemon,748,sbatchd daemon,0.9972
363,alternate MUNGE daemon,1039,Management scheduler daemon,0.9964
363,alternate MUNGE daemon,1755,sbatchd daemon logs,0.9956
363,alternate MUNGE daemon,58,slurmctld daemon,0.9956
365,run,1244,H NJOBS PEND RUN SSUSP,1.0000
365,run,1218,U MAX NJOBS RUN SSUSP,1.0000
365,run,1234,H NJOBS PEND RUN SUSP,1.0000
365,run,1313,RUN status,1.0000
365,run,921,batch job runs,0.9896
365,run,923,job runs,0.9842
365,run,958,new UNIX,0.9797
365,run,65,user commands,0.9787
365,run,1262,Submit batch jobs,0.9783
365,run,1380,new hosts,0.9783
367,default value,350,default behavior,0.9972
367,default value,607,Default wckey,0.9970
367,default value,300,default collation,0.9962
367,default value,2181,default partition,0.9942
367,default value,420,only acceptable value,0.9942
367,default value,129,default,0.9940
367,default value,1022,default application profile./usr,0.9939
367,default value,1021,default application profile,0.9939
367,default value,660,standalone values,0.9935
367,default value,568,execute,0.9919
370,unique name,349,optional partition name,0.9984
370,unique name,389,full domain name,0.9977
370,unique name,173,same UID,0.9965
370,unique name,1913,index names,0.9965
370,unique name,1820,Incorrect path names,0.9960
370,unique name,1895,shorter name,0.9957
370,unique name,1929,user ID uid,0.9956
370,unique name,886,threshold values,0.9956
370,unique name,1911,Unknown index name,0.9956
370,unique name,1912,external load index name,0.9951
372,Workload Characterization Key,1297,shell mode support,0.9977
372,Workload Characterization Key,1719,Contact IBM Support,0.9977
372,Workload Characterization Key,1516,relative path,0.9977
372,Workload Characterization Key,1928,operation permission,0.9977
372,Workload Characterization Key,185,network page,0.9977
372,Workload Characterization Key,2040,monitor,0.9975
372,Workload Characterization Key,1518,full path,0.9973
372,Workload Characterization Key,1324,% lsrun -v,0.9973
372,Workload Characterization Key,1573,following format,0.9972
372,Workload Characterization Key,2031,old EGO password file,0.9972
373,orthogonal way,2145,easy way,0.9994
373,orthogonal way,135,best way,0.9993
373,orthogonal way,2161,readable format,0.9986
373,orthogonal way,55,similar tool,0.9984
373,orthogonal way,1704,Windows password authentication,0.9983
373,orthogonal way,518,few tools,0.9983
373,orthogonal way,1336,Wrapper binary executables,0.9983
373,orthogonal way,224,InnoDB storage engine,0.9982
373,orthogonal way,428,password usage,0.9982
373,orthogonal way,1356,Wrapper binary programs,0.9982
374,unrelated accounts,215,account,1.0000
374,unrelated accounts,125,user accounts,0.9927
374,unrelated accounts,589,account name,0.9896
374,unrelated accounts,555,multiple accounts,0.9896
374,unrelated accounts,579,account test,0.9890
374,unrelated accounts,586,same Account,0.9888
374,unrelated accounts,576,default account,0.9880
374,unrelated accounts,578,user brian Account,0.9874
374,unrelated accounts,571,account chemistry,0.9863
374,unrelated accounts,592,account hierarchy,0.9860
375,SlurmDBD Configuration,158,SlurmDBD configuration files,0.9989
375,SlurmDBD Configuration,187,Slurm JobComp Configuration,0.9983
375,SlurmDBD Configuration,84,SlurmDBD plugin,0.9978
375,SlurmDBD Configuration,1477,Configuration Reference,0.9976
375,SlurmDBD Configuration,2029,old EGO XML configuration files,0.9975
375,SlurmDBD Configuration,352,external slurmdbds,0.9975
375,SlurmDBD Configuration,321,separate configuration file,0.9974
375,SlurmDBD Configuration,28,SlurmDBD,0.9973
375,SlurmDBD Configuration,81,slurmdbd RPMs,0.9973
375,SlurmDBD Configuration,376,own configuration file,0.9973
376,own configuration file,2006,configuration file paths,0.9995
376,own configuration file,731,several configuration files,0.9990
376,own configuration file,2029,old EGO XML configuration files,0.9990
376,own configuration file,1340,executable file,0.9988
376,own configuration file,2014,old file,0.9988
376,own configuration file,2017,old passwd.lsfuser file,0.9988
376,own configuration file,1635,lsid file,0.9987
376,own configuration file,158,SlurmDBD configuration files,0.9987
376,own configuration file,1391,.cshrc file,0.9986
376,own configuration file,1711,such file,0.9986
377,unauthorized access,937,access AFS,1.0000
377,unauthorized access,128,access,1.0000
377,unauthorized access,496,ongoing access,1.0000
377,unauthorized access,419,accounting storage mechanism,0.9980
377,unauthorized access,595,accounting privileges,0.9979
377,unauthorized access,559,accounting reports,0.9979
377,unauthorized access,191,accounting storage plugin,0.9979
377,unauthorized access,249,old records,0.9978
377,unauthorized access,501,sure old records,0.9976
377,unauthorized access,106,critical data,0.9974
378,database login name,182,same database,0.9946
378,database login name,123,same name,0.9944
378,database login name,37,user name,0.9941
378,database login name,446,database storage host,0.9933
378,database login name,1882,Duplicate cluster name name,0.9915
378,database login name,168,database server,0.9912
378,database login name,608,accounting database,0.9910
378,database login name,1000,Defines cluster name,0.9908
378,database login name,46,MariaDB database,0.9906
378,database login name,7,database,0.9906
379,complete description,1120,complete usage,0.9987
379,complete description,1157,product entitlement version array,0.9987
379,complete description,2172,Many additional scenarios,0.9985
379,complete description,2145,easy way,0.9985
379,complete description,686,TresUsage * fields,0.9985
379,complete description,1511,ID mode bit,0.9984
379,complete description,208,arbitrary text string,0.9984
379,complete description,1345,rename abc,0.9984
379,complete description,674,largest memory peak,0.9984
379,complete description,2161,readable format,0.9984
381,second MUNGE daemon,624,appropriate Slurm daemons,0.9983
381,second MUNGE daemon,405,slurmdbd daemon executes,0.9969
381,second MUNGE daemon,462,other Slurm daemons,0.9957
381,second MUNGE daemon,1754,sbatchd,0.9956
381,second MUNGE daemon,1959,LIM restart,0.9955
381,second MUNGE daemon,1440,Restart LIM,0.9955
381,second MUNGE daemon,63,Slurm control daemon,0.9953
381,second MUNGE daemon,1721,mbatchd exit,0.9953
381,second MUNGE daemon,1471,system startup files,0.9946
381,second MUNGE daemon,361,default MUNGE daemon,0.9945
382,socket,2216,Allocate cores,0.9968
382,socket,2165,CPU numbers,0.9876
382,socket,2057,cores,0.9875
382,socket,2225,Allocate,0.9857
382,socket,2210,Socket id,0.9795
382,socket,2152,CPU ids,0.9792
382,socket,108,number,0.9786
382,socket,2189,Allocate CPUs,0.9775
382,socket,2215,task ids,0.9748
382,socket,2142,particular socket,0.9738
385,authentication method,1339,easiest integration method,0.9983
385,authentication method,2049,Optional Distribution,0.9970
385,authentication method,1400,Distribution packages,0.9967
385,authentication method,697,step memory peak,0.9946
385,authentication method,1625,General troubleshooting steps,0.9946
385,authentication method,156,distinct local domain sockets,0.9943
385,authentication method,2067,layout,0.9942
385,authentication method,1413,distribution files,0.9941
385,authentication method,2196,cyclic distribution,0.9938
385,authentication method,509,unique identifiers,0.9938
386,Slurm components,76,Slurm SQL,1.0000
386,Slurm components,1,Slurm,1.0000
386,Slurm components,505,Slurm controller,1.0000
386,Slurm components,74,Slurm plugins,0.9987
386,Slurm components,209,Slurm Accounting Configuration,0.9982
386,Slurm components,84,SlurmDBD plugin,0.9979
386,Slurm components,232,slurm build,0.9978
386,Slurm components,506,archive slurmdbd,0.9978
386,Slurm components,469,SlurmDBD Archive,0.9978
386,Slurm components,352,external slurmdbds,0.9975
388,node name,2114,same node,0.9946
388,node name,121,user ID numbers,0.9903
388,node name,828,host CPU architecture,0.9866
388,node name,2213,default distribution method,0.9863
388,node name,2198,default allocation,0.9862
388,node name,2170,CPU Management Examples,0.9861
388,node name,2117,single node,0.9849
388,node name,2042,CPU Management User,0.9847
388,node name,2166,CPU Management,0.9844
388,node name,695,single task processes,0.9841
389,full domain name,1820,Incorrect path names,0.9982
389,full domain name,1911,Unknown index name,0.9982
389,full domain name,370,unique name,0.9977
389,full domain name,1709,non-uniform file name space,0.9976
389,full domain name,1594,license feature names,0.9974
389,full domain name,1895,shorter name,0.9973
389,full domain name,349,optional partition name,0.9973
389,full domain name,1913,index names,0.9972
389,full domain name,173,same UID,0.9971
389,full domain name,1912,external load index name,0.9968
390,warning message,1158,Last message,0.9990
390,warning message,1916,RES messages,0.9988
390,warning message,1224,following message,0.9985
390,warning message,1726,unknown service error message displays,0.9982
390,warning message,1939,sbatchd messages,0.9979
390,warning message,1684,detailed error message,0.9975
390,warning message,1972,retry error message,0.9969
390,warning message,1979,associated error message output,0.9963
390,warning message,1900,LIM messages,0.9951
390,warning message,1444,unrecoverable errors,0.9948
391,port number,1213,Maximum number,0.9991
391,port number,1888,valid number,0.9990
391,port number,1216,Total number,0.9984
391,port number,2098,minimum number,0.9982
391,port number,1915,index number,0.9977
391,port number,1586,# number,0.9906
391,port number,2056,individual sockets,0.9876
391,port number,1788,Total Cores,0.9875
391,port number,2210,Socket id,0.9875
391,port number,2204,node n,0.9871
392,work,1416,b. Change,0.9981
392,work,971,product installation,0.9978
392,work,1614,incorrect installation,0.9976
392,work,99,startup,0.9976
392,work,1964,configuration changes,0.9973
392,work,1956,new configuration,0.9973
392,work,872,startup time,0.9972
392,work,795,execution time,0.9968
392,work,1941,exists,0.9967
392,work,1145,GSA ADP Schedule Contract,0.9966
393,system build time,1985,system call times,0.9995
393,system build time,412,larger systems,0.9983
393,system build time,1471,system startup files,0.9980
393,system build time,1993,system call,0.9980
393,system build time,1705,file system environment,0.9978
393,system build time,2034,old EGO work directory,0.9978
393,system build time,827,operating system,0.9976
393,system build time,927,Network File System,0.9976
393,system build time,1202,system configuration,0.9975
393,system build time,1713,current working directory,0.9974
394,AccountingStoragePort parameter,2071,Several parameters,0.9990
394,AccountingStoragePort parameter,1555,INTERVAL parameter specifies,0.9989
394,AccountingStoragePort parameter,1567,LOCATION parameter,0.9985
394,AccountingStoragePort parameter,1568,RESOURCENAME parameter,0.9985
394,AccountingStoragePort parameter,193,important parameters,0.9980
394,AccountingStoragePort parameter,1690,LSF_AUTH parameter,0.9978
394,AccountingStoragePort parameter,1245,SCHEDULING PARAMETERS,0.9976
394,AccountingStoragePort parameter,1018,common parameters,0.9971
394,AccountingStoragePort parameter,324,configuration parameters,0.9969
394,AccountingStoragePort parameter,2066,additional parameters,0.9967
395,slurm.conf file,6,simple text file,0.9992
395,slurm.conf file,1112,lsb.events file,0.9990
395,slurm.conf file,1935,file respath,0.9990
395,slurm.conf file,152,key files,0.9989
395,slurm.conf file,992,Global configuration files,0.9989
395,slurm.conf file,710,configuration files,0.9989
395,slurm.conf file,321,separate configuration file,0.9989
395,slurm.conf file,190,flat file,0.9989
395,slurm.conf file,1358,wrapper files,0.9988
395,slurm.conf file,1868,specific files,0.9988
397,qualified pathname,51,pathname,1.0000
397,qualified pathname,1363,source code,0.9978
397,qualified pathname,1247,ut pg io ls,0.9978
397,qualified pathname,2026,EGO consumer tree,0.9977
397,qualified pathname,2237,cgroup plugin,0.9977
397,qualified pathname,485,form,0.9977
397,qualified pathname,2013,c. Migrate,0.9976
397,qualified pathname,1179,ut pg ls,0.9975
397,qualified pathname,1188,minus sign,0.9975
397,qualified pathname,1235,owners,0.9975
399,places,219,place upgrades,0.9990
399,places,674,largest memory peak,0.9982
399,places,523,various reports,0.9982
399,places,639,parallel computing,0.9981
399,places,1157,product entitlement version array,0.9980
399,places,690,average memory peaks,0.9980
399,places,1356,Wrapper binary programs,0.9979
399,places,1336,Wrapper binary executables,0.9978
399,places,1357,wrapper binary,0.9978
399,places,1362,Binary code,0.9977
401,directories,1289,home directory,1.0000
401,directories,945,Non-shared directories,1.0000
401,directories,1508,LSF_SERVERDIR directory,1.0000
401,directories,1392,LSF_TOP directory,1.0000
401,directories,1942,AFS directory,1.0000
401,directories,729,Important directories,0.9918
401,directories,957,directory structure,0.9916
401,directories,1712,directory message,0.9912
401,directories,223,system,0.9907
401,directories,1396,Linux system,0.9907
403,configure time,40,completion time,0.9989
403,configure time,501,sure old records,0.9981
403,configure time,861,fixed time intervals,0.9980
403,configure time,1645,Communication time,0.9979
403,configure time,925,local data,0.9979
403,configure time,239,first time,0.9979
403,configure time,559,accounting reports,0.9974
403,configure time,227,slurm configure script,0.9973
403,configure time,106,critical data,0.9973
403,configure time,1817,Network Time Protocol,0.9973
405,slurmdbd daemon executes,624,appropriate Slurm daemons,0.9990
405,slurmdbd daemon executes,462,other Slurm daemons,0.9972
405,slurmdbd daemon executes,381,second MUNGE daemon,0.9969
405,slurmdbd daemon executes,361,default MUNGE daemon,0.9967
405,slurmdbd daemon executes,1705,file system environment,0.9945
405,slurmdbd daemon executes,1471,system startup files,0.9941
405,slurmdbd daemon executes,71,Slurm Database Daemon,0.9941
405,slurmdbd daemon executes,702,administrator overview,0.9940
405,slurmdbd daemon executes,1840,ident daemon,0.9933
405,slurmdbd daemon executes,519,SlurmDBD daemon,0.9932
406,slurmctld execute,568,execute,0.9984
406,slurmctld execute,512,appropriate values,0.9983
406,slurmctld execute,64,slurmctld,0.9983
406,slurmctld execute,605,served slurmctld,0.9983
406,slurmctld execute,2008,Migrate values,0.9981
406,slurmctld execute,340,QOS values,0.9977
406,slurmctld execute,191,accounting storage plugin,0.9976
406,slurmctld execute,249,old records,0.9976
406,slurmctld execute,1251,Scheduling threshold values,0.9974
406,slurmctld execute,179,different machine,0.9974
407,security purposes,136,security,0.9992
407,security purposes,318,minimal security,0.9990
407,security purposes,139,purpose,0.9990
407,security purposes,69,better security,0.9989
407,security purposes,1157,product entitlement version array,0.9986
407,security purposes,523,various reports,0.9986
407,security purposes,55,similar tool,0.9986
407,security purposes,2145,easy way,0.9986
407,security purposes,219,place upgrades,0.9985
407,security purposes,1356,Wrapper binary programs,0.9985
408,root,1501,root privileges,0.9974
408,root,1585,FLEXlm license server,0.9931
408,root,917,server column,0.9929
408,root,241,MariaDB server settings,0.9927
408,root,1845,ident server,0.9926
408,root,220,DB server packages,0.9923
408,root,502,production server,0.9921
408,root,1741,root process group,0.9919
408,root,438,Server version,0.9919
408,root,1532,software application licenses,0.9916
409,same SlurmUser,119,same person,1.0000
409,same SlurmUser,92,same time,0.9953
409,same SlurmUser,446,database storage host,0.9951
409,same SlurmUser,1922,same user ID,0.9948
409,same SlurmUser,182,same database,0.9946
409,same SlurmUser,123,same name,0.9945
409,same SlurmUser,668,same example,0.9944
409,same SlurmUser,183,same users,0.9942
409,same SlurmUser,1458,different default management host,0.9942
409,same SlurmUser,1457,current default management host,0.9941
410,NOTE,191,accounting storage plugin,0.9980
410,NOTE,97,local storage,0.9979
410,NOTE,249,old records,0.9979
410,NOTE,62,password data,0.9979
410,NOTE,636,usage data,0.9978
410,NOTE,419,accounting storage mechanism,0.9977
410,NOTE,559,accounting reports,0.9976
410,NOTE,106,critical data,0.9976
410,NOTE,595,accounting privileges,0.9975
410,NOTE,501,sure old records,0.9973
412,larger systems,827,operating system,0.9994
412,larger systems,1515,system PATH,0.9988
412,larger systems,1993,system call,0.9987
412,larger systems,1202,system configuration,0.9987
412,larger systems,481,system utilization,0.9985
412,larger systems,1756,lsbatch system,0.9984
412,larger systems,393,system build time,0.9983
412,larger systems,1705,file system environment,0.9981
412,larger systems,1471,system startup files,0.9979
412,larger systems,1985,system call times,0.9978
413,separate machine,141,machine,0.9994
413,separate machine,1141,Copyright International Business Machines Corp.,0.9994
413,separate machine,503,separate instances,0.9989
413,separate machine,1704,Windows password authentication,0.9984
413,separate machine,48,appropriate plugin,0.9983
413,separate machine,2145,easy way,0.9983
413,separate machine,55,similar tool,0.9983
413,separate machine,775,individual computer,0.9982
413,separate machine,135,best way,0.9982
413,separate machine,674,largest memory peak,0.9982
414,default database,507,certain database entries,0.9918
414,default database,629,user records,0.9917
414,default database,608,accounting database,0.9916
414,default database,67,database security,0.9911
414,default database,596,database object,0.9910
414,default database,920,user data,0.9910
414,default database,522,user associations,0.9909
414,default database,459,database slurm_acct_db,0.9908
414,default database,103,user limits,0.9907
414,default database,499,production database,0.9906
415,slurm_acct_db,1838,Authentication port mismatch,0.9981
415,slurm_acct_db,308,insensitive collation,0.9977
415,slurm_acct_db,1668,localhost myhostname,0.9975
415,slurm_acct_db,2172,Many additional scenarios,0.9974
415,slurm_acct_db,670,maximum memory peak,0.9974
415,slurm_acct_db,281,specific situations,0.9973
415,slurm_acct_db,1007,attributes,0.9973
415,slurm_acct_db,539,performance metrics,0.9973
415,slurm_acct_db,203,network port,0.9972
415,slurm_acct_db,303,collation,0.9971
417,job accounting data,199,job completion data,0.9993
417,job accounting data,323,job completion records,0.9984
417,job accounting data,43,only basic job information,0.9981
417,job accounting data,1010,job slot limits,0.9968
417,job accounting data,936,parallel user jobs,0.9965
417,job accounting data,192,job completion plugin,0.9964
417,job accounting data,1311,own jobs,0.9964
417,job accounting data,924,remote jobs access,0.9964
417,job accounting data,35,job completion information,0.9959
417,job accounting data,1529,interactive job execution,0.9957
419,accounting storage mechanism,191,accounting storage plugin,0.9996
419,accounting storage mechanism,595,accounting privileges,0.9994
419,accounting storage mechanism,559,accounting reports,0.9994
419,accounting storage mechanism,172,accounting tools,0.9994
419,accounting storage mechanism,249,old records,0.9988
419,accounting storage mechanism,638,Slurm accounting,0.9987
419,accounting storage mechanism,317,storage,0.9986
419,accounting storage mechanism,97,local storage,0.9985
419,accounting storage mechanism,636,usage data,0.9985
419,accounting storage mechanism,227,slurm configure script,0.9983
420,only acceptable value,886,threshold values,0.9970
420,only acceptable value,1744,only reliable way,0.9968
420,only acceptable value,1251,Scheduling threshold values,0.9965
420,only acceptable value,1021,default application profile,0.9964
420,only acceptable value,1022,default application profile./usr,0.9964
420,only acceptable value,406,slurmctld execute,0.9963
420,only acceptable value,1929,user ID uid,0.9961
420,only acceptable value,2008,Migrate values,0.9958
420,only acceptable value,109,records,0.9958
420,only acceptable value,244,available memory,0.9958
421,StorageLoc parameter,980,LSF_ENVDIR parameter,1.0000
421,StorageLoc parameter,1020,DEFAULT_APPLICATION parameter,1.0000
421,StorageLoc parameter,1504,LSF_STARTUP_PATH parameters,1.0000
421,StorageLoc parameter,1931,LSF_ROOT_REX parameter,1.0000
421,StorageLoc parameter,1634,LSF_MASTER_LIST parameter,1.0000
421,StorageLoc parameter,1046,LSF_LOGDIR parameter,1.0000
421,StorageLoc parameter,1967,LSF_LIM_API_NTRIES parameter,1.0000
421,StorageLoc parameter,761,REMOVE_HUNG_JOBS_FOR parameter,1.0000
421,StorageLoc parameter,1849,LSF_USE_HOSTEQUIV parameter,1.0000
421,StorageLoc parameter,131,Parameters,1.0000
423,MySQL Configuration,436,MySQL monitor,0.9986
423,MySQL Configuration,270,MySQL versions,0.9983
423,MySQL Configuration,240,several MySQL,0.9982
423,MySQL Configuration,83,MySQL plugin,0.9978
423,MySQL Configuration,187,Slurm JobComp Configuration,0.9966
423,MySQL Configuration,547,execute line,0.9959
423,MySQL Configuration,238,MySQL test program,0.9959
423,MySQL Configuration,2024,EGO configuration,0.9959
423,MySQL Configuration,2182,SelectType configuration options,0.9958
423,MySQL Configuration,2232,SelectTypeParameters configuration option,0.9956
424,permissions,1707,correct permissions,0.9994
424,permissions,1928,operation permission,0.9984
424,permissions,1510,file permission mode -rw-------,0.9983
424,permissions,1636,symbolic link,0.9983
424,permissions,1580,ELIM program,0.9981
424,permissions,1819,incorrect file permissions,0.9980
424,permissions,208,arbitrary text string,0.9979
424,permissions,1943,token processing,0.9978
424,permissions,1345,rename abc,0.9978
424,permissions,1092,bash shell,0.9978
425,mysql user grant privileges,340,QOS values,0.9977
425,mysql user grant privileges,1929,user ID uid,0.9974
425,mysql user grant privileges,406,slurmctld execute,0.9973
425,mysql user grant privileges,512,appropriate values,0.9969
425,mysql user grant privileges,2008,Migrate values,0.9969
425,mysql user grant privileges,209,Slurm Accounting Configuration,0.9969
425,mysql user grant privileges,638,Slurm accounting,0.9967
425,mysql user grant privileges,474,sacctmgr,0.9967
425,mysql user grant privileges,595,accounting privileges,0.9962
425,mysql user grant privileges,739,exit value,0.9961
427,info,1946,jobfile,0.9959
427,info,1548,N Y,0.9927
427,info,1167,current LSF version number,0.9917
427,info,1027,logdir,0.9913
427,info,1309,user1 USUSP normal hosta hostb,0.9882
427,info,1329,hosta hostb hostc,0.9860
427,info,1505,sparc,0.9851
427,info,1332,hostb,0.9846
427,info,647,srun -n,0.9837
427,info,1171,hosta,0.9837
428,password usage,1704,Windows password authentication,0.9992
428,password usage,1120,complete usage,0.9991
428,password usage,1701,Windows passwords,0.9990
428,password usage,201,Password,0.9989
428,password usage,346,usage,0.9989
428,password usage,151,different keys,0.9985
428,password usage,135,best way,0.9985
428,password usage,2145,easy way,0.9984
428,password usage,518,few tools,0.9984
428,password usage,55,similar tool,0.9984
429,line,1871,specified line,1.0000
429,line,1878,first line,0.9922
429,line,433,grant line,0.9918
429,line,2054,SelectType,0.9906
429,line,1879,keyword line,0.9903
429,line,2088,salloc,0.9898
429,line,2055,cons_tres,0.9890
429,line,2053,linear,0.9884
429,line,1548,N Y,0.9871
429,line,1945,logJobInfo _,0.9865
431,previous mysql statement,45,MySQL,1.0000
431,previous mysql statement,435,mysql@snowflake:~$ mysql,1.0000
431,previous mysql statement,255,MySQL 8.0.,1.0000
431,previous mysql statement,423,MySQL Configuration,0.9952
431,previous mysql statement,270,MySQL versions,0.9938
431,previous mysql statement,436,MySQL monitor,0.9935
431,previous mysql statement,83,MySQL plugin,0.9926
431,previous mysql statement,240,several MySQL,0.9926
431,previous mysql statement,433,grant line,0.9913
431,previous mysql statement,238,MySQL test program,0.9894
432,more info,1247,ut pg io ls,0.9955
432,more info,1429,b. Edit,0.9953
432,more info,1363,source code,0.9953
432,more info,1179,ut pg ls,0.9953
432,more info,485,form,0.9951
432,more info,2237,cgroup plugin,0.9951
432,more info,1036,res,0.9951
432,more info,1235,owners,0.9950
432,more info,525,man pages,0.9949
432,more info,722,concepts,0.9949
433,grant line,1878,first line,0.9987
433,grant line,1879,keyword line,0.9984
433,grant line,547,execute line,0.9951
433,grant line,2061,SelectTypeParameters,0.9950
433,grant line,423,MySQL Configuration,0.9949
433,grant line,140,normal MUNGE configuration,0.9949
433,grant line,2182,SelectType configuration options,0.9947
433,grant line,2178,linear configuration option,0.9942
433,grant line,436,MySQL monitor,0.9940
433,grant line,307,_ ci suffix,0.9940
434,Live example,626,modify example,0.9968
434,Live example,261,following example,0.9947
434,Live example,668,same example,0.9934
434,Live example,1461,other references,0.9933
434,Live example,1646,other instances,0.9931
434,Live example,244,available memory,0.9930
434,Live example,597,other operators,0.9930
434,Live example,701,other ways,0.9928
434,Live example,679,Other considerations,0.9927
434,Live example,1211,other details,0.9926
435,mysql@snowflake:~$ mysql,45,MySQL,1.0000
435,mysql@snowflake:~$ mysql,255,MySQL 8.0.,1.0000
435,mysql@snowflake:~$ mysql,431,previous mysql statement,1.0000
435,mysql@snowflake:~$ mysql,423,MySQL Configuration,0.9952
435,mysql@snowflake:~$ mysql,270,MySQL versions,0.9938
435,mysql@snowflake:~$ mysql,436,MySQL monitor,0.9935
435,mysql@snowflake:~$ mysql,83,MySQL plugin,0.9926
435,mysql@snowflake:~$ mysql,240,several MySQL,0.9926
435,mysql@snowflake:~$ mysql,433,grant line,0.9913
435,mysql@snowflake:~$ mysql,238,MySQL test program,0.9894
436,MySQL monitor,240,several MySQL,0.9993
436,MySQL monitor,270,MySQL versions,0.9990
436,MySQL monitor,83,MySQL plugin,0.9986
436,MySQL monitor,423,MySQL Configuration,0.9986
436,MySQL monitor,187,Slurm JobComp Configuration,0.9974
436,MySQL monitor,628,following execute line,0.9972
436,MySQL monitor,238,MySQL test program,0.9970
436,MySQL monitor,1385,lsb.queues file,0.9967
436,MySQL monitor,1174,profile.lsf file,0.9966
436,MySQL monitor,547,execute line,0.9965
437,MySQL connection i d,2104,robin fashion,0.9976
437,MySQL connection i d,442,Query OK,0.9968
437,MySQL connection i d,560,hierarchical fashion,0.9967
437,MySQL connection i d,1789,Total Threads,0.9964
437,MySQL connection i d,816,selection,0.9955
437,MySQL connection i d,2058,threads,0.9952
437,MySQL connection i d,776,processor,0.9951
437,MySQL connection i d,156,distinct local domain sockets,0.9951
437,MySQL connection i d,1237,night,0.9949
437,MySQL connection i d,2067,layout,0.9949
438,Server version,258,older SQL server versions,0.9995
438,Server version,220,DB server packages,0.9995
438,Server version,502,production server,0.9994
438,Server version,917,server column,0.9993
438,Server version,241,MariaDB server settings,0.9988
438,Server version,1845,ident server,0.9988
438,Server version,944,Windows server machine,0.9988
438,Server version,495,Archive Server,0.9986
438,Server version,1599,own ELIM,0.9985
438,Server version,988,own keywords,0.9985
441,slurm'@'localhost,447,some_pass,0.9975
441,slurm'@'localhost,1668,localhost myhostname,0.9958
441,slurm'@'localhost,619,like fashion,0.9957
441,slurm'@'localhost,159,slurm.conf,0.9953
441,slurm'@'localhost,313,collation_name,0.9953
441,slurm'@'localhost,1604,myjob,0.9950
441,slurm'@'localhost,1292,% J variable,0.9949
441,slurm'@'localhost,1901,myhostname,0.9946
441,slurm'@'localhost,270,MySQL versions,0.9946
441,slurm'@'localhost,334,nosteps,0.9946
442,Query OK,1237,night,0.9978
442,Query OK,437,MySQL connection i d,0.9968
442,Query OK,1252,loadStop,0.9968
442,Query OK,2104,robin fashion,0.9961
442,Query OK,1441,hostd,0.9950
442,Query OK,560,hierarchical fashion,0.9947
442,Query OK,1283,short sleep,0.9941
442,Query OK,1236,priority,0.9937
442,Query OK,855,active processes,0.9936
442,Query OK,1789,Total Threads,0.9934
443,system name,461,storage host system,0.9948
443,system name,706,cluster operations,0.9939
443,system name,1883,section cluster,0.9934
443,system name,1882,Duplicate cluster name name,0.9923
443,system name,1487,primary administrator,0.9921
443,system name,1026,work/ cluster,0.9919
443,system name,113,multiple clusters,0.9918
443,system name,1000,Defines cluster name,0.9916
443,system name,724,Cluster characteristics,0.9913
443,system name,1006,Server hosts,0.9911
445,localhost,1670,localhost ipv,1.0000
445,localhost,1668,localhost myhostname,0.9990
445,localhost,1511,ID mode bit,0.9978
445,localhost,1153,EGO_DISABLE_UNRESOLVABLE_HOST mode,0.9978
445,localhost,208,arbitrary text string,0.9976
445,localhost,2145,easy way,0.9976
445,localhost,572,physics parent,0.9976
445,localhost,1733,parent,0.9976
445,localhost,1362,Binary code,0.9976
445,localhost,1305,STAT column,0.9975
446,database storage host,948,submission host,0.9959
446,database storage host,1257,best available host,0.9957
446,database storage host,1457,current default management host,0.9955
446,database storage host,919,only hosts,0.9955
446,database storage host,1191,hosts time,0.9954
446,database storage host,1458,different default management host,0.9952
446,database storage host,182,same database,0.9951
446,database storage host,409,same SlurmUser,0.9951
446,database storage host,119,same person,0.9951
446,database storage host,1569,different hosts,0.9950
447,some_pass,441,slurm'@'localhost,0.9975
447,some_pass,619,like fashion,0.9958
447,some_pass,1668,localhost myhostname,0.9958
447,some_pass,270,MySQL versions,0.9955
447,some_pass,105,last communicating,0.9954
447,some_pass,313,collation_name,0.9953
447,some_pass,133,usernames,0.9952
447,some_pass,130,lowercase usernames,0.9952
447,some_pass,159,slurm.conf,0.9951
447,some_pass,1930,RES control requests,0.9951
448,grant option,2063,slurm.conf options,0.9991
448,grant option,329,valid options,0.9991
448,grant option,2132,cgroup.conf options,0.9990
448,grant option,2208,CR_CPU configuration option,0.9987
448,grant option,2233,TaskPlugin configuration option,0.9987
448,grant option,2045,configuration options,0.9987
448,grant option,2084,additional options,0.9987
448,grant option,231,mysql_config option,0.9985
448,grant option,1351,appropriate options,0.9981
448,grant option,2227,CR_CORE_DEFAULT_DIST_BLOCK configuration option specifies,0.9981
449,InnoDB support,1297,shell mode support,0.9987
449,InnoDB support,452,Support,0.9984
449,InnoDB support,1597,IBM Support,0.9984
449,InnoDB support,154,proper key,0.9981
449,InnoDB support,2172,Many additional scenarios,0.9979
449,InnoDB support,620,key words,0.9977
449,InnoDB support,147,keys,0.9977
449,InnoDB support,1510,file permission mode -rw-------,0.9973
449,InnoDB support,536,various graphs,0.9973
449,InnoDB support,1511,ID mode bit,0.9973
450,SHOW ENGINES,299,SHOW TABLE STATUS,0.9981
450,SHOW ENGINES,262,SHOW VARIABLES,0.9926
450,SHOW ENGINES,275,tables,0.9925
450,SHOW ENGINES,1116,typical output,0.9879
450,SHOW ENGINES,480,table sizes,0.9845
450,SHOW ENGINES,772,typical cases,0.9841
450,SHOW ENGINES,661,data structure,0.9837
450,SHOW ENGINES,950,Example directory structures,0.9835
450,SHOW ENGINES,301,table columns,0.9835
450,SHOW ENGINES,952,typical directory structures,0.9829
452,Support,1597,IBM Support,1.0000
452,Support,449,InnoDB support,0.9984
452,Support,1297,shell mode support,0.9977
452,Support,1719,Contact IBM Support,0.9972
452,Support,620,key words,0.9969
452,Support,147,keys,0.9969
452,Support,154,proper key,0.9961
452,Support,465,ps aux,0.9955
452,Support,2172,Many additional scenarios,0.9955
452,Support,372,Workload Characterization Key,0.9954
453,Comment,647,srun -n,0.9946
453,Comment,1309,user1 USUSP normal hosta hostb,0.9932
453,Comment,1332,hostb,0.9931
453,Comment,1176,Normal status,0.9927
453,Comment,1181,hostc -ok,0.9916
453,Comment,1333,hostc,0.9916
453,Comment,1329,hosta hostb hostc,0.9915
453,Comment,1495,user5 PEND night hostA hostC,0.9912
453,Comment,1220,hosta ok,0.9907
453,Comment,1222,hostc ok,0.9903
456,| | | | | |,1589,TMPLICS |,1.0000
456,| | | | | |,264,| innodb_buffer_pool_size |,0.9961
456,| | | | | |,263,| Value |,0.9858
456,| | | | | |,458,foreign keys |,0.9683
456,| | | | | |,2082,CR_Socket,0.8035
456,| | | | | |,242,innodb_buffer_pool_size,0.7692
456,| | | | | |,294,innodb_default_row_format,0.7676
456,| | | | | |,265,row,0.7661
456,| | | | | |,2083,CR_Socket_Memory,0.7565
456,| | | | | |,2205,YES option,0.7506
457,level locking,2168,level,1.0000
457,level locking,2000,current fix pack level,0.9986
457,level locking,151,different keys,0.9975
457,level locking,503,separate instances,0.9974
457,level locking,632,most cases,0.9972
457,level locking,475,plan,0.9972
457,level locking,1704,Windows password authentication,0.9971
457,level locking,1127,current load levels,0.9971
457,level locking,135,best way,0.9971
457,level locking,591,different points,0.9970
458,foreign keys |,263,| Value |,0.9955
458,foreign keys |,264,| innodb_buffer_pool_size |,0.9864
458,foreign keys |,456,| | | | | |,0.9683
458,foreign keys |,1589,TMPLICS |,0.9683
458,foreign keys |,2082,CR_Socket,0.9253
458,foreign keys |,242,innodb_buffer_pool_size,0.9025
458,foreign keys |,294,innodb_default_row_format,0.9020
458,foreign keys |,265,row,0.8992
458,foreign keys |,2083,CR_Socket_Memory,0.8941
458,foreign keys |,2205,YES option,0.8880
459,database slurm_acct_db,284,database version,0.9991
459,database slurm_acct_db,499,production database,0.9990
459,database slurm_acct_db,297,Slurm database,0.9987
459,database slurm_acct_db,67,database security,0.9987
459,database slurm_acct_db,540,Database Configuration,0.9985
459,database slurm_acct_db,1832,services database,0.9984
459,database slurm_acct_db,221,database support,0.9984
459,database slurm_acct_db,507,certain database entries,0.9982
459,database slurm_acct_db,596,database object,0.9978
459,database slurm_acct_db,248,large Slurm databases,0.9976
460,local host,1569,different hosts,0.9993
460,local host,948,submission host,0.9992
460,local host,1766,multiple hosts,0.9992
460,local host,811,best host,0.9992
460,local host,873,appropriate hosts,0.9992
460,local host,812,candidate hosts,0.9992
460,local host,1955,host host_name,0.9989
460,local host,915,first host,0.9989
460,local host,1698,destination host,0.9988
460,local host,1426,host setup,0.9988
461,storage host system,1655,Management host LIM,0.9970
461,storage host system,1006,Server hosts,0.9969
461,storage host system,754,execution host,0.9969
461,storage host system,1962,management host list,0.9965
461,storage host system,948,submission host,0.9963
461,storage host system,1191,hosts time,0.9962
461,storage host system,1955,host host_name,0.9959
461,storage host system,460,local host,0.9959
461,storage host system,1918,RES host,0.9957
461,storage host system,1664,management host LIM address,0.9957
462,other Slurm daemons,624,appropriate Slurm daemons,0.9982
462,other Slurm daemons,405,slurmdbd daemon executes,0.9972
462,other Slurm daemons,702,administrator overview,0.9964
462,other Slurm daemons,361,default MUNGE daemon,0.9960
462,other Slurm daemons,381,second MUNGE daemon,0.9957
462,other Slurm daemons,58,slurmctld daemon,0.9954
462,other Slurm daemons,71,Slurm Database Daemon,0.9953
462,other Slurm daemons,149,different daemons,0.9953
462,other Slurm daemons,468,daemon mode,0.9951
462,other Slurm daemons,1487,primary administrator,0.9950
464,init.d/slurmdbd start,306,start,1.0000
464,init.d/slurmdbd start,1725,sbatchd daemon starts,0.9865
464,init.d/slurmdbd start,68,intermediate daemon,0.9827
464,init.d/slurmdbd start,1685,identification daemon,0.9827
464,init.d/slurmdbd start,1999,vemkd daemon,0.9827
464,init.d/slurmdbd start,79,daemons,0.9827
464,init.d/slurmdbd start,1691,inetd daemon,0.9827
464,init.d/slurmdbd start,1867,new daemon,0.9802
464,init.d/slurmdbd start,1724,sbatchd starts,0.9801
464,init.d/slurmdbd start,1720,Batch daemons,0.9751
465,ps aux,1297,shell mode support,0.9965
465,ps aux,449,InnoDB support,0.9963
465,ps aux,154,proper key,0.9962
465,ps aux,147,keys,0.9959
465,ps aux,620,key words,0.9959
465,ps aux,372,Workload Characterization Key,0.9958
465,ps aux,1597,IBM Support,0.9955
465,ps aux,452,Support,0.9955
465,ps aux,2172,Many additional scenarios,0.9954
465,ps aux,1511,ID mode bit,0.9952
466,grep slurmdbd ',656,freq option,0.9711
466,grep slurmdbd ',155,option,0.9711
466,grep slurmdbd ',2205,YES option,0.9675
466,grep slurmdbd ',448,grant option,0.9657
466,grep slurmdbd ',2132,cgroup.conf options,0.9656
466,grep slurmdbd ',231,mysql_config option,0.9635
466,grep slurmdbd ',345,option set,0.9617
466,grep slurmdbd ',627,set options,0.9617
466,grep slurmdbd ',2084,additional options,0.9613
466,grep slurmdbd ',2063,slurm.conf options,0.9608
467,detailed information,532,relevant information,0.9995
467,detailed information,320,archiving information,0.9994
467,detailed information,1197,historical information,0.9985
467,detailed information,2,accounting information,0.9970
467,detailed information,1043,process information manager,0.9969
467,detailed information,1908,inconsistent configuration information,0.9967
467,detailed information,1909,same configuration information,0.9960
467,detailed information,160,more details,0.9955
467,detailed information,1365,more time,0.9953
467,detailed information,1258,current system load information,0.9952
468,daemon mode,1840,ident daemon,0.9988
468,daemon mode,1834,identd daemon,0.9986
468,daemon mode,58,slurmctld daemon,0.9985
468,daemon mode,519,SlurmDBD daemon,0.9978
468,daemon mode,1039,Management scheduler daemon,0.9976
468,daemon mode,149,different daemons,0.9974
468,daemon mode,360,MUNGE daemon,0.9974
468,daemon mode,363,alternate MUNGE daemon,0.9974
468,daemon mode,748,sbatchd daemon,0.9968
468,daemon mode,1971,EGO daemons,0.9965
469,SlurmDBD Archive,506,archive slurmdbd,1.0000
469,SlurmDBD Archive,352,external slurmdbds,0.9987
469,SlurmDBD Archive,84,SlurmDBD plugin,0.9987
469,SlurmDBD Archive,209,Slurm Accounting Configuration,0.9983
469,SlurmDBD Archive,76,Slurm SQL,0.9978
469,SlurmDBD Archive,386,Slurm components,0.9978
469,SlurmDBD Archive,1,Slurm,0.9978
469,SlurmDBD Archive,505,Slurm controller,0.9978
469,SlurmDBD Archive,498,archive instance,0.9977
469,SlurmDBD Archive,74,Slurm plugins,0.9977
470,Purge,479,purge interval,0.9991
470,Purge,1704,Windows password authentication,0.9982
470,Purge,428,password usage,0.9979
470,Purge,151,different keys,0.9979
470,Purge,55,similar tool,0.9979
470,Purge,135,best way,0.9978
470,Purge,48,appropriate plugin,0.9977
470,Purge,347,wckeys,0.9977
470,Purge,1701,Windows passwords,0.9977
470,Purge,150,different configurations,0.9977
471,reasonable size,478,unwieldy size,1.0000
471,reasonable size,291,size,1.0000
471,reasonable size,500,manageable size,1.0000
471,reasonable size,479,purge interval,0.9984
471,reasonable size,407,security purposes,0.9984
471,reasonable size,208,arbitrary text string,0.9984
471,reasonable size,523,various reports,0.9983
471,reasonable size,1157,product entitlement version array,0.9983
471,reasonable size,1636,symbolic link,0.9983
471,reasonable size,55,similar tool,0.9983
473,Purged data,96,cached data,1.0000
473,Purged data,60,data,1.0000
473,Purged data,476,data retention,1.0000
473,Purged data,356,accounting data,0.9989
473,Purged data,925,local data,0.9979
473,Purged data,284,database version,0.9968
473,Purged data,62,password data,0.9966
473,Purged data,499,production database,0.9962
473,Purged data,67,database security,0.9960
473,Purged data,117,Accounting,0.9958
474,sacctmgr,425,mysql user grant privileges,0.9967
474,sacctmgr,102,valid bank accounts,0.9955
474,sacctmgr,569,account science \,0.9953
474,sacctmgr,568,execute,0.9952
474,sacctmgr,577,test execute,0.9951
474,sacctmgr,512,appropriate values,0.9949
474,sacctmgr,406,slurmctld execute,0.9947
474,sacctmgr,2008,Migrate values,0.9947
474,sacctmgr,1929,user ID uid,0.9946
474,sacctmgr,638,Slurm accounting,0.9945
475,plan,574,similar syntax,0.9979
475,plan,518,few tools,0.9979
475,plan,55,similar tool,0.9978
475,plan,1100,few minutes,0.9978
475,plan,1364,appropriate libraries,0.9978
475,plan,2000,current fix pack level,0.9977
475,plan,1717,automount maps,0.9977
475,plan,1770,automatic detection,0.9977
475,plan,503,separate instances,0.9975
475,plan,72,such services,0.9975
476,data retention,96,cached data,1.0000
476,data retention,473,Purged data,1.0000
476,data retention,60,data,1.0000
476,data retention,356,accounting data,0.9989
476,data retention,925,local data,0.9979
476,data retention,284,database version,0.9968
476,data retention,62,password data,0.9966
476,data retention,499,production database,0.9962
476,data retention,67,database security,0.9960
476,data retention,117,Accounting,0.9958
478,unwieldy size,500,manageable size,1.0000
478,unwieldy size,471,reasonable size,1.0000
478,unwieldy size,291,size,1.0000
478,unwieldy size,479,purge interval,0.9984
478,unwieldy size,407,security purposes,0.9984
478,unwieldy size,208,arbitrary text string,0.9984
478,unwieldy size,523,various reports,0.9983
478,unwieldy size,1157,product entitlement version array,0.9983
478,unwieldy size,1636,symbolic link,0.9983
478,unwieldy size,55,similar tool,0.9983
479,purge interval,470,Purge,0.9991
479,purge interval,55,similar tool,0.9990
479,purge interval,1704,Windows password authentication,0.9988
479,purge interval,518,few tools,0.9987
479,purge interval,523,various reports,0.9986
479,purge interval,2145,easy way,0.9986
479,purge interval,224,InnoDB storage engine,0.9985
479,purge interval,1157,product entitlement version array,0.9985
479,purge interval,407,security purposes,0.9985
479,purge interval,674,largest memory peak,0.9985
480,table sizes,301,table columns,0.9992
480,table sizes,772,typical cases,0.9972
480,table sizes,262,SHOW VARIABLES,0.9969
480,table sizes,275,tables,0.9963
480,table sizes,1584,following example ELIM program,0.9961
480,table sizes,165,case,0.9961
480,table sizes,632,most cases,0.9960
480,table sizes,977,other global configuration,0.9959
480,table sizes,757,kill signal,0.9959
480,table sizes,135,best way,0.9958
481,system utilization,1515,system PATH,0.9992
481,system utilization,827,operating system,0.9988
481,system utilization,412,larger systems,0.9985
481,system utilization,1469,system startup,0.9983
481,system utilization,1708,system environment,0.9974
481,system utilization,1756,lsbatch system,0.9972
481,system utilization,1025,Batch events,0.9970
481,system utilization,1202,system configuration,0.9966
481,system utilization,1993,system call,0.9963
481,system utilization,1355,local directory,0.9961
482,relevant configuration options,2194,configuration option CR_CORE_DEFAULT_DIST_BLOCK,0.9996
482,relevant configuration options,2227,CR_CORE_DEFAULT_DIST_BLOCK configuration option specifies,0.9996
482,relevant configuration options,2233,TaskPlugin configuration option,0.9990
482,relevant configuration options,2208,CR_CPU configuration option,0.9990
482,relevant configuration options,2045,configuration options,0.9990
482,relevant configuration options,2232,SelectTypeParameters configuration option,0.9989
482,relevant configuration options,2063,slurm.conf options,0.9987
482,relevant configuration options,329,valid options,0.9984
482,relevant configuration options,231,mysql_config option,0.9982
482,relevant configuration options,1351,appropriate options,0.9982
483,Archive,498,archive instance,0.9993
483,Archive,172,accounting tools,0.9980
483,Archive,419,accounting storage mechanism,0.9980
483,Archive,191,accounting storage plugin,0.9980
483,Archive,249,old records,0.9980
483,Archive,317,storage,0.9978
483,Archive,19,particular time interval,0.9977
483,Archive,605,served slurmctld,0.9977
483,Archive,64,slurmctld,0.9977
483,Archive,595,accounting privileges,0.9977
484,Purge options,1351,appropriate options,0.9993
484,Purge options,1275,submission options,0.9990
484,Purge options,329,valid options,0.9985
484,Purge options,482,relevant configuration options,0.9980
484,Purge options,2227,CR_CORE_DEFAULT_DIST_BLOCK configuration option specifies,0.9980
484,Purge options,2194,configuration option CR_CORE_DEFAULT_DIST_BLOCK,0.9980
484,Purge options,2063,slurm.conf options,0.9978
484,Purge options,2045,configuration options,0.9978
484,Purge options,2208,CR_CPU configuration option,0.9978
484,Purge options,2233,TaskPlugin configuration option,0.9978
485,form,1738,Linux cgroup memory,0.9978
485,form,1363,source code,0.9977
485,form,397,qualified pathname,0.9977
485,form,51,pathname,0.9977
485,form,1247,ut pg io ls,0.9976
485,form,2237,cgroup plugin,0.9976
485,form,359,MUNGE authentication,0.9974
485,form,308,insensitive collation,0.9974
485,form,1235,owners,0.9974
485,form,2013,c. Migrate,0.9974
487,available configuration parameters,1884,same lsf.shared file,0.9980
487,available configuration parameters,1964,configuration changes,0.9977
487,available configuration parameters,180,primary instance,0.9977
487,available configuration parameters,501,sure old records,0.9974
487,available configuration parameters,1245,SCHEDULING PARAMETERS,0.9973
487,available configuration parameters,198,Location,0.9966
487,available configuration parameters,1827,available swap space,0.9966
487,available configuration parameters,971,product installation,0.9966
487,available configuration parameters,40,completion time,0.9966
487,available configuration parameters,1416,b. Change,0.9966
488,units,853,Total virtual memory usage,0.9982
488,units,852,Total resident memory usage,0.9982
488,units,539,performance metrics,0.9979
488,units,281,specific situations,0.9979
488,units,674,largest memory peak,0.9977
488,units,143,single MUNGE key,0.9977
488,units,775,individual computer,0.9975
488,units,145,second key,0.9975
488,units,690,average memory peaks,0.9975
488,units,70,performance,0.9974
489,beginning,359,MUNGE authentication,0.9963
489,beginning,1738,Linux cgroup memory,0.9963
489,beginning,281,specific situations,0.9962
489,beginning,2237,cgroup plugin,0.9962
489,beginning,308,insensitive collation,0.9962
489,beginning,539,performance metrics,0.9961
489,beginning,670,maximum memory peak,0.9961
489,beginning,599,PrivateData flag,0.9961
489,beginning,485,form,0.9960
489,beginning,674,largest memory peak,0.9960
490,month,539,performance metrics,0.9974
490,month,308,insensitive collation,0.9974
490,month,281,specific situations,0.9974
490,month,536,various graphs,0.9973
490,month,674,largest memory peak,0.9972
490,month,686,TresUsage * fields,0.9972
490,month,494,amount,0.9971
490,month,888,specified amount,0.9971
490,month,379,complete description,0.9970
490,month,303,collation,0.9970
491,day,1738,Linux cgroup memory,0.9971
491,day,61,availability,0.9971
491,day,853,Total virtual memory usage,0.9971
491,day,852,Total resident memory usage,0.9971
491,day,670,maximum memory peak,0.9970
491,day,485,form,0.9970
491,day,1787,Total Processors,0.9969
491,day,539,performance metrics,0.9968
491,day,1007,attributes,0.9968
491,day,308,insensitive collation,0.9968
493,active clusters,737,scheduling,0.9876
493,active clusters,1741,root process group,0.9869
493,active clusters,1229,different scheduling policies,0.9869
493,active clusters,1075,Only root,0.9861
493,active clusters,1353,license availability,0.9858
493,active clusters,1248,SCHEDULING POLICIES,0.9854
493,active clusters,1228,different priorities,0.9852
493,active clusters,1827,available swap space,0.9850
493,active clusters,1501,root privileges,0.9850
493,active clusters,1489,Queue night,0.9850
494,amount,888,specified amount,1.0000
494,amount,674,largest memory peak,0.9982
494,amount,686,TresUsage * fields,0.9982
494,amount,536,various graphs,0.9979
494,amount,852,Total resident memory usage,0.9979
494,amount,853,Total virtual memory usage,0.9979
494,amount,775,individual computer,0.9979
494,amount,1610,best advantage,0.9979
494,amount,539,performance metrics,0.9979
494,amount,1370,closer integration,0.9979
495,Archive Server,502,production server,0.9988
495,Archive Server,438,Server version,0.9986
495,Archive Server,258,older SQL server versions,0.9985
495,Archive Server,180,primary instance,0.9985
495,Archive Server,220,DB server packages,0.9985
495,Archive Server,1035,Remote execution server,0.9985
495,Archive Server,944,Windows server machine,0.9982
495,Archive Server,917,server column,0.9982
495,Archive Server,1817,Network Time Protocol,0.9980
495,Archive Server,1599,own ELIM,0.9979
496,ongoing access,377,unauthorized access,1.0000
496,ongoing access,937,access AFS,1.0000
496,ongoing access,128,access,1.0000
496,ongoing access,419,accounting storage mechanism,0.9980
496,ongoing access,595,accounting privileges,0.9979
496,ongoing access,559,accounting reports,0.9979
496,ongoing access,191,accounting storage plugin,0.9979
496,ongoing access,249,old records,0.9978
496,ongoing access,501,sure old records,0.9976
496,ongoing access,106,critical data,0.9974
497,site,232,slurm build,0.9982
497,site,1345,rename abc,0.9981
497,site,1367,software products,0.9980
497,site,1824,swap space,0.9980
497,site,987,keywords,0.9979
497,site,1092,bash shell,0.9979
497,site,1088,tcsh shell,0.9979
497,site,1937,RES binary,0.9979
497,site,1765,egosh ego,0.9979
497,site,1366,wrapper shell,0.9978
498,archive instance,483,Archive,0.9993
498,archive instance,181,instances,0.9992
498,archive instance,503,separate instances,0.9988
498,archive instance,19,particular time interval,0.9986
498,archive instance,317,storage,0.9982
498,archive instance,1570,different ELIM,0.9982
498,archive instance,419,accounting storage mechanism,0.9982
498,archive instance,172,accounting tools,0.9982
498,archive instance,591,different points,0.9981
498,archive instance,191,accounting storage plugin,0.9981
499,production database,284,database version,0.9995
499,production database,67,database security,0.9994
499,production database,596,database object,0.9992
499,production database,297,Slurm database,0.9991
499,production database,507,certain database entries,0.9991
499,production database,459,database slurm_acct_db,0.9990
499,production database,1832,services database,0.9990
499,production database,540,Database Configuration,0.9984
499,production database,221,database support,0.9984
499,production database,196,database server executes,0.9979
500,manageable size,478,unwieldy size,1.0000
500,manageable size,291,size,1.0000
500,manageable size,471,reasonable size,1.0000
500,manageable size,479,purge interval,0.9984
500,manageable size,407,security purposes,0.9984
500,manageable size,208,arbitrary text string,0.9984
500,manageable size,523,various reports,0.9983
500,manageable size,1157,product entitlement version array,0.9983
500,manageable size,1636,symbolic link,0.9983
500,manageable size,55,similar tool,0.9983
501,sure old records,249,old records,0.9988
501,sure old records,925,local data,0.9983
501,sure old records,559,accounting reports,0.9981
501,sure old records,97,local storage,0.9981
501,sure old records,403,configure time,0.9981
501,sure old records,40,completion time,0.9981
501,sure old records,106,critical data,0.9980
501,sure old records,595,accounting privileges,0.9979
501,sure old records,62,password data,0.9979
501,sure old records,1827,available swap space,0.9979
502,production server,220,DB server packages,0.9995
502,production server,438,Server version,0.9994
502,production server,917,server column,0.9994
502,production server,1845,ident server,0.9991
502,production server,241,MariaDB server settings,0.9990
502,production server,258,older SQL server versions,0.9990
502,production server,495,Archive Server,0.9988
502,production server,944,Windows server machine,0.9987
502,production server,1599,own ELIM,0.9986
502,production server,988,own keywords,0.9986
503,separate instances,176,backup instance,0.9991
503,separate instances,181,instances,0.9990
503,separate instances,413,separate machine,0.9989
503,separate instances,498,archive instance,0.9988
503,separate instances,224,InnoDB storage engine,0.9986
503,separate instances,55,similar tool,0.9986
503,separate instances,2015,correct configuration path values,0.9986
503,separate instances,1364,appropriate libraries,0.9985
503,separate instances,1581,executable program,0.9985
503,separate instances,518,few tools,0.9984
505,Slurm controller,76,Slurm SQL,1.0000
505,Slurm controller,386,Slurm components,1.0000
505,Slurm controller,1,Slurm,1.0000
505,Slurm controller,74,Slurm plugins,0.9987
505,Slurm controller,209,Slurm Accounting Configuration,0.9982
505,Slurm controller,84,SlurmDBD plugin,0.9979
505,Slurm controller,232,slurm build,0.9978
505,Slurm controller,506,archive slurmdbd,0.9978
505,Slurm controller,469,SlurmDBD Archive,0.9978
505,Slurm controller,352,external slurmdbds,0.9975
506,archive slurmdbd,469,SlurmDBD Archive,1.0000
506,archive slurmdbd,352,external slurmdbds,0.9987
506,archive slurmdbd,84,SlurmDBD plugin,0.9987
506,archive slurmdbd,209,Slurm Accounting Configuration,0.9983
506,archive slurmdbd,386,Slurm components,0.9978
506,archive slurmdbd,1,Slurm,0.9978
506,archive slurmdbd,76,Slurm SQL,0.9978
506,archive slurmdbd,505,Slurm controller,0.9978
506,archive slurmdbd,498,archive instance,0.9977
506,archive slurmdbd,74,Slurm plugins,0.9977
507,certain database entries,67,database security,0.9993
507,certain database entries,596,database object,0.9993
507,certain database entries,499,production database,0.9991
507,certain database entries,1832,services database,0.9988
507,certain database entries,284,database version,0.9987
507,certain database entries,608,accounting database,0.9986
507,certain database entries,297,Slurm database,0.9984
507,certain database entries,459,database slurm_acct_db,0.9982
507,certain database entries,221,database support,0.9975
507,certain database entries,540,Database Configuration,0.9972
508,archived information,511,TRES information,1.0000
508,archived information,2149,limited information,1.0000
508,archived information,1104,Exchange initialization information,1.0000
508,archived information,8,Information,1.0000
508,archived information,15,valuable information,1.0000
508,archived information,526,more information,0.9959
508,archived information,1197,historical information,0.9926
508,archived information,2160,same information,0.9919
508,archived information,1266,other information,0.9917
508,archived information,1904,new information,0.9916
509,unique identifiers,144,unique key,0.9971
509,unique identifiers,584,specific partitions,0.9965
509,unique identifiers,164,same i d,0.9956
509,unique identifiers,1339,easiest integration method,0.9956
509,unique identifiers,2072,partition definition,0.9956
509,unique identifiers,696,maximum memory,0.9953
509,unique identifiers,670,maximum memory peak,0.9951
509,unique identifiers,1400,Distribution packages,0.9948
509,unique identifiers,1241,normal low priority jobs,0.9947
509,unique identifiers,2122,subset,0.9947
510,mysqldump,1838,Authentication port mismatch,0.9974
510,mysqldump,308,insensitive collation,0.9969
510,mysqldump,670,maximum memory peak,0.9968
510,mysqldump,1843,bad port,0.9967
510,mysqldump,415,slurm_acct_db,0.9965
510,mysqldump,539,performance metrics,0.9964
510,mysqldump,303,collation,0.9964
510,mysqldump,1180,swp mem,0.9962
510,mysqldump,1668,localhost myhostname,0.9961
510,mysqldump,90,switch,0.9960
511,TRES information,2149,limited information,1.0000
511,TRES information,15,valuable information,1.0000
511,TRES information,1104,Exchange initialization information,1.0000
511,TRES information,508,archived information,1.0000
511,TRES information,8,Information,1.0000
511,TRES information,526,more information,0.9959
511,TRES information,1197,historical information,0.9926
511,TRES information,2160,same information,0.9919
511,TRES information,1266,other information,0.9917
511,TRES information,1904,new information,0.9916
512,appropriate values,2008,Migrate values,0.9995
512,appropriate values,340,QOS values,0.9990
512,appropriate values,406,slurmctld execute,0.9983
512,appropriate values,741,nonzero exit value,0.9983
512,appropriate values,739,exit value,0.9983
512,appropriate values,1251,Scheduling threshold values,0.9980
512,appropriate values,2015,correct configuration path values,0.9976
512,appropriate values,886,threshold values,0.9975
512,appropriate values,660,standalone values,0.9973
512,appropriate values,249,old records,0.9970
513,Purge process,1745,child processes,0.9992
513,Purge process,1734,child process group,0.9991
513,Purge process,1731,process groups,0.9989
513,Purge process,1746,parent process group,0.9988
513,Purge process,1735,parent process,0.9987
513,Purge process,1823,enough available memory,0.9979
513,Purge process,1742,parent process ID,0.9978
513,Purge process,114,single location,0.9976
513,Purge process,782,group,0.9975
513,Purge process,1741,root process group,0.9973
514,slight difference,2139,difference,1.0000
514,slight difference,686,TresUsage * fields,0.9976
514,slight difference,674,largest memory peak,0.9974
514,slight difference,2145,easy way,0.9974
514,slight difference,1370,closer integration,0.9974
514,slight difference,1356,Wrapper binary programs,0.9974
514,slight difference,853,Total virtual memory usage,0.9973
514,slight difference,852,Total resident memory usage,0.9973
514,slight difference,538,exporter tool,0.9973
514,slight difference,775,individual computer,0.9973
515,archive files,2014,old file,0.9990
515,archive files,2017,old passwd.lsfuser file,0.9990
515,archive files,1340,executable file,0.9989
515,archive files,27,text file,0.9986
515,archive files,190,flat file,0.9986
515,archive files,1711,such file,0.9986
515,archive files,1358,wrapper files,0.9984
515,archive files,1635,lsid file,0.9984
515,archive files,376,own configuration file,0.9983
515,archive files,762,lsb.params file,0.9982
517,Tools,529,party tools,1.0000
517,Tools,538,exporter tool,0.9996
517,Tools,55,similar tool,0.9992
517,Tools,518,few tools,0.9988
517,Tools,219,place upgrades,0.9986
517,Tools,1610,best advantage,0.9985
517,Tools,1157,product entitlement version array,0.9985
517,Tools,1356,Wrapper binary programs,0.9985
517,Tools,69,better security,0.9985
517,Tools,674,largest memory peak,0.9984
518,few tools,1100,few minutes,0.9995
518,few tools,55,similar tool,0.9994
518,few tools,1364,appropriate libraries,0.9990
518,few tools,1190,few seconds,0.9989
518,few tools,1336,Wrapper binary executables,0.9989
518,few tools,1581,executable program,0.9988
518,few tools,529,party tools,0.9988
518,few tools,517,Tools,0.9988
518,few tools,135,best way,0.9988
518,few tools,1717,automount maps,0.9988
519,SlurmDBD daemon,1840,ident daemon,0.9981
519,SlurmDBD daemon,363,alternate MUNGE daemon,0.9979
519,SlurmDBD daemon,360,MUNGE daemon,0.9979
519,SlurmDBD daemon,468,daemon mode,0.9978
519,SlurmDBD daemon,1834,identd daemon,0.9974
519,SlurmDBD daemon,58,slurmctld daemon,0.9972
519,SlurmDBD daemon,1971,EGO daemons,0.9970
519,SlurmDBD daemon,1039,Management scheduler daemon,0.9969
519,SlurmDBD daemon,748,sbatchd daemon,0.9961
519,SlurmDBD daemon,149,different daemons,0.9954
520,details,185,network page,0.9977
520,details,279,pages,0.9972
520,details,1581,executable program,0.9971
520,details,1928,operation permission,0.9971
520,details,19,particular time interval,0.9969
520,details,2169,sacctmgr man page,0.9968
520,details,1516,relative path,0.9968
520,details,518,few tools,0.9968
520,details,708,overview,0.9968
520,details,2000,current fix pack level,0.9967
521,entities,633,removed entities,1.0000
521,entities,407,security purposes,0.9981
521,entities,686,TresUsage * fields,0.9979
521,entities,1345,rename abc,0.9979
521,entities,674,largest memory peak,0.9979
521,entities,413,separate machine,0.9979
521,entities,1157,product entitlement version array,0.9979
521,entities,208,arbitrary text string,0.9978
521,entities,219,place upgrades,0.9978
521,entities,2145,easy way,0.9978
522,user associations,629,user records,0.9975
522,user associations,606,slurm user,0.9975
522,user associations,118,user ID,0.9972
522,user associations,1142,US Government Users Restricted Rights,0.9971
522,user associations,103,user limits,0.9971
522,user associations,1919,bad user,0.9967
522,user associations,920,user data,0.9967
522,user associations,575,user da,0.9966
522,user associations,2028,EGO users,0.9965
522,user associations,213,user entities,0.9964
523,various reports,55,similar tool,0.9988
523,various reports,18,reports,0.9988
523,various reports,536,various graphs,0.9988
523,various reports,1336,Wrapper binary executables,0.9987
523,various reports,1157,product entitlement version array,0.9987
523,various reports,219,place upgrades,0.9986
523,various reports,479,purge interval,0.9986
523,various reports,69,better security,0.9986
523,various reports,518,few tools,0.9986
523,various reports,407,security purposes,0.9986
524,time period,253,recovery times,1.0000
524,time period,39,time,1.0000
524,time period,1810,time zones,1.0000
524,time period,872,startup time,0.9986
524,time period,40,completion time,0.9980
524,time period,795,execution time,0.9980
524,time period,403,configure time,0.9970
524,time period,1365,more time,0.9966
524,time period,861,fixed time intervals,0.9956
524,time period,1645,Communication time,0.9951
525,man pages,279,pages,0.9981
525,man pages,2172,Many additional scenarios,0.9981
525,man pages,2136,bindSee man pageControls,0.9980
525,man pages,1343,simple interface,0.9976
525,man pages,1511,ID mode bit,0.9976
525,man pages,536,various graphs,0.9976
525,man pages,2169,sacctmgr man page,0.9976
525,man pages,94,internal cache,0.9975
525,man pages,208,arbitrary text string,0.9974
525,man pages,379,complete description,0.9974
526,more information,1266,other information,0.9966
526,more information,1197,historical information,0.9965
526,more information,2,accounting information,0.9960
526,more information,8,Information,0.9959
526,more information,1104,Exchange initialization information,0.9959
526,more information,15,valuable information,0.9959
526,more information,2149,limited information,0.9959
526,more information,511,TRES information,0.9959
526,more information,508,archived information,0.9959
526,more information,1431,more experience,0.9956
528,additional control,1930,RES control requests,0.9947
528,additional control,2109,parameterPossible valuesDescription,0.9944
528,additional control,1891,maximum,0.9944
528,additional control,1894,maximum length,0.9944
528,additional control,2067,layout,0.9941
528,additional control,1283,short sleep,0.9932
528,additional control,162,UIDs,0.9932
528,additional control,1952,JobId,0.9932
528,additional control,1843,bad port,0.9927
528,additional control,1301,user1 RUN normal hosta hostb,0.9927
529,party tools,517,Tools,1.0000
529,party tools,538,exporter tool,0.9996
529,party tools,55,similar tool,0.9992
529,party tools,518,few tools,0.9988
529,party tools,219,place upgrades,0.9986
529,party tools,1610,best advantage,0.9985
529,party tools,1157,product entitlement version array,0.9985
529,party tools,1356,Wrapper binary programs,0.9985
529,party tools,69,better security,0.9985
529,party tools,674,largest memory peak,0.9984
530,dashboards,536,various graphs,0.9979
530,dashboards,674,largest memory peak,0.9977
530,dashboards,852,Total resident memory usage,0.9975
530,dashboards,853,Total virtual memory usage,0.9975
530,dashboards,531,graphs,0.9975
530,dashboards,1157,product entitlement version array,0.9975
530,dashboards,219,place upgrades,0.9975
530,dashboards,2172,Many additional scenarios,0.9974
530,dashboards,686,TresUsage * fields,0.9974
530,dashboards,379,complete description,0.9974
531,graphs,536,various graphs,0.9990
531,graphs,208,arbitrary text string,0.9979
531,graphs,1157,product entitlement version array,0.9978
531,graphs,69,better security,0.9977
531,graphs,1580,ELIM program,0.9977
531,graphs,1345,rename abc,0.9977
531,graphs,1343,simple interface,0.9976
531,graphs,538,exporter tool,0.9976
531,graphs,955,products,0.9976
531,graphs,1707,correct permissions,0.9975
532,relevant information,467,detailed information,0.9995
532,relevant information,320,archiving information,0.9993
532,relevant information,1197,historical information,0.9986
532,relevant information,2,accounting information,0.9973
532,relevant information,1043,process information manager,0.9965
532,relevant information,1908,inconsistent configuration information,0.9961
532,relevant information,1909,same configuration information,0.9961
532,relevant information,1266,other information,0.9953
532,relevant information,1258,current system load information,0.9949
532,relevant information,1365,more time,0.9947
534,utilities,1596,lic utility,0.9978
534,utilities,208,arbitrary text string,0.9978
534,utilities,94,internal cache,0.9976
534,utilities,1297,shell mode support,0.9976
534,utilities,1343,simple interface,0.9975
534,utilities,2172,Many additional scenarios,0.9974
534,utilities,1511,ID mode bit,0.9973
534,utilities,1937,RES binary,0.9973
534,utilities,536,various graphs,0.9973
534,utilities,1707,correct permissions,0.9973
536,various graphs,531,graphs,0.9990
536,various graphs,208,arbitrary text string,0.9988
536,various graphs,523,various reports,0.9988
536,various graphs,1157,product entitlement version array,0.9988
536,various graphs,539,performance metrics,0.9987
536,various graphs,1343,simple interface,0.9987
536,various graphs,674,largest memory peak,0.9987
536,various graphs,219,place upgrades,0.9986
536,various graphs,69,better security,0.9986
536,various graphs,538,exporter tool,0.9986
538,exporter tool,517,Tools,0.9996
538,exporter tool,529,party tools,0.9996
538,exporter tool,55,similar tool,0.9987
538,exporter tool,1511,ID mode bit,0.9986
538,exporter tool,208,arbitrary text string,0.9986
538,exporter tool,69,better security,0.9986
538,exporter tool,536,various graphs,0.9986
538,exporter tool,1157,product entitlement version array,0.9985
538,exporter tool,1343,simple interface,0.9985
538,exporter tool,1610,best advantage,0.9985
539,performance metrics,70,performance,0.9993
539,performance metrics,666,gathered metrics,0.9992
539,performance metrics,649,metrics,0.9992
539,performance metrics,674,largest memory peak,0.9991
539,performance metrics,690,average memory peaks,0.9988
539,performance metrics,281,specific situations,0.9988
539,performance metrics,536,various graphs,0.9987
539,performance metrics,852,Total resident memory usage,0.9987
539,performance metrics,853,Total virtual memory usage,0.9987
539,performance metrics,1157,product entitlement version array,0.9986
540,Database Configuration,459,database slurm_acct_db,0.9985
540,Database Configuration,297,Slurm database,0.9985
540,Database Configuration,499,production database,0.9984
540,Database Configuration,284,database version,0.9983
540,Database Configuration,67,database security,0.9980
540,Database Configuration,221,database support,0.9980
540,Database Configuration,1832,services database,0.9980
540,Database Configuration,248,large Slurm databases,0.9977
540,Database Configuration,507,certain database entries,0.9972
540,Database Configuration,596,database object,0.9971
542,sacctmgr command,1451,Command Reference,0.9977
542,sacctmgr command,1656,lshosts command,0.9976
542,sacctmgr command,1450,hostsetup command,0.9976
542,sacctmgr command,9,sacct command,0.9975
542,sacctmgr command,1068,following commands,0.9974
542,sacctmgr command,1815,command request,0.9974
542,sacctmgr command,1255,basic commands,0.9970
542,sacctmgr command,2148,several commands,0.9970
542,sacctmgr command,1125,lsid command,0.9969
542,sacctmgr command,1997,egosh command,0.9968
543,accounting associations,248,large Slurm databases,0.9974
543,accounting associations,5,Accounting records,0.9973
543,accounting associations,638,Slurm accounting,0.9973
543,accounting associations,117,Accounting,0.9972
543,accounting associations,637,Accounting Interpretation,0.9972
543,accounting associations,214,associations,0.9972
543,accounting associations,585,other associations,0.9967
543,accounting associations,2167,Accounting limits,0.9967
543,accounting associations,62,password data,0.9966
543,accounting associations,559,accounting reports,0.9965
545,Add,553,cluster names,0.9866
545,Add,2001,same cluster name,0.9837
545,Add,1073,user cluster,0.9836
545,Add,973,cluster users,0.9836
545,Add,1883,section cluster,0.9827
545,Add,1054,cluster status,0.9822
545,Add,85,cluster,0.9822
545,Add,1072,multi-user cluster,0.9822
545,Add,355,non-external cluster,0.9822
545,Add,724,Cluster characteristics,0.9807
546,test,577,test execute,0.9978
546,test,569,account science \,0.9963
546,test,87,snowflake,0.9952
546,test,238,MySQL test program,0.9934
546,test,549,account none,0.9931
546,test,102,valid bank accounts,0.9929
546,test,551,snowflake \,0.9928
546,test,564,account science,0.9912
546,test,631,brian,0.9907
546,test,593,parent account,0.9906
547,execute line,628,following execute line,0.9981
547,execute line,187,Slurm JobComp Configuration,0.9966
547,execute line,621,typical execute line,0.9966
547,execute line,238,MySQL test program,0.9966
547,execute line,573,science \,0.9965
547,execute line,436,MySQL monitor,0.9965
547,execute line,631,brian,0.9964
547,execute line,83,MySQL plugin,0.9962
547,execute line,551,snowflake \,0.9962
547,execute line,570,science,0.9961
549,account none,564,account science,0.9985
549,account none,592,account hierarchy,0.9979
549,account none,579,account test,0.9979
549,account none,330,invalid accounts,0.9977
549,account none,593,parent account,0.9976
549,account none,571,account chemistry,0.9975
549,account none,569,account science \,0.9969
549,account none,1011,configure account mappings,0.9960
549,account none,102,valid bank accounts,0.9960
549,account none,555,multiple accounts,0.9952
550,test Cluster,88,cluster snowflake,0.9987
550,test Cluster,1053,cluster configuration,0.9956
550,test Cluster,2025,cluster define,0.9956
550,test Cluster,86,sacctmgr list cluster,0.9954
550,test Cluster,1000,Defines cluster name,0.9948
550,test Cluster,1026,work/ cluster,0.9942
550,test Cluster,113,multiple clusters,0.9938
550,test Cluster,713,reconfigure cluster properties,0.9934
550,test Cluster,706,cluster operations,0.9931
550,test Cluster,2038,original cluster,0.9929
551,snowflake \,573,science \,0.9987
551,snowflake \,87,snowflake,0.9987
551,snowflake \,631,brian,0.9983
551,snowflake \,238,MySQL test program,0.9981
551,snowflake \,570,science,0.9980
551,snowflake \,187,Slurm JobComp Configuration,0.9971
551,snowflake \,205,jobcomp plugin,0.9969
551,snowflake \,628,following execute line,0.9967
551,snowflake \,359,MUNGE authentication,0.9962
551,snowflake \,547,execute line,0.9962
552,more clusters,724,Cluster characteristics,0.9961
552,more clusters,2038,original cluster,0.9955
552,more clusters,113,multiple clusters,0.9952
552,more clusters,1904,new information,0.9946
552,more clusters,2160,same information,0.9937
552,more clusters,706,cluster operations,0.9934
552,more clusters,870,host information,0.9930
552,more clusters,2025,cluster define,0.9927
552,more clusters,2007,new cluster,0.9925
552,more clusters,953,new installation,0.9924
553,cluster names,2001,same cluster name,0.9982
553,cluster names,1882,Duplicate cluster name name,0.9960
553,cluster names,724,Cluster characteristics,0.9945
553,cluster names,1883,section cluster,0.9938
553,cluster names,984,host names,0.9935
553,cluster names,113,multiple clusters,0.9931
553,cluster names,2038,original cluster,0.9926
553,cluster names,1000,Defines cluster name,0.9925
553,cluster names,1692,Inconsistent host names,0.9925
553,cluster names,2007,new cluster,0.9916
554,cluster option,1053,cluster configuration,0.9929
554,cluster option,86,sacctmgr list cluster,0.9916
554,cluster option,2025,cluster define,0.9909
554,cluster option,713,reconfigure cluster properties,0.9903
554,cluster option,1000,Defines cluster name,0.9902
554,cluster option,706,cluster operations,0.9892
554,cluster option,88,cluster snowflake,0.9890
554,cluster option,1003,Cluster configuration file,0.9889
554,cluster option,903,installation options,0.9889
554,cluster option,168,database server,0.9884
555,multiple accounts,571,account chemistry,0.9990
555,multiple accounts,592,account hierarchy,0.9988
555,multiple accounts,330,invalid accounts,0.9984
555,multiple accounts,578,user brian Account,0.9980
555,multiple accounts,564,account science,0.9978
555,multiple accounts,593,parent account,0.9977
555,multiple accounts,579,account test,0.9974
555,multiple accounts,1011,configure account mappings,0.9965
555,multiple accounts,580,other accounts,0.9964
555,multiple accounts,590,different bank accounts,0.9959
556,description,379,complete description,0.9975
556,description,1668,localhost myhostname,0.9974
556,description,2026,EGO consumer tree,0.9973
556,description,308,insensitive collation,0.9973
556,description,51,pathname,0.9972
556,description,397,qualified pathname,0.9972
556,description,1007,attributes,0.9972
556,description,159,slurm.conf,0.9972
556,description,1247,ut pg io ls,0.9972
556,description,1188,minus sign,0.9972
557,organization,503,separate instances,0.9982
557,organization,1364,appropriate libraries,0.9980
557,organization,604,privileges,0.9978
557,organization,48,appropriate plugin,0.9977
557,organization,574,similar syntax,0.9977
557,organization,2015,correct configuration path values,0.9977
557,organization,224,InnoDB storage engine,0.9977
557,organization,55,similar tool,0.9976
557,organization,135,best way,0.9976
557,organization,413,separate machine,0.9976
558,terms,722,concepts,0.9976
558,terms,1546,RELEASE DESCRIPTION # Keywords,0.9971
558,terms,1036,res,0.9970
558,terms,1367,software products,0.9970
558,terms,1363,source code,0.9970
558,terms,1596,lic utility,0.9969
558,terms,1765,egosh ego,0.9969
558,terms,1429,b. Edit,0.9969
558,terms,2013,c. Migrate,0.9969
558,terms,1805,MODELNAME CPUFACTOR ARCHITECTURE # keyword,0.9968
559,accounting reports,595,accounting privileges,0.9994
559,accounting reports,419,accounting storage mechanism,0.9994
559,accounting reports,191,accounting storage plugin,0.9992
559,accounting reports,172,accounting tools,0.9990
559,accounting reports,249,old records,0.9986
559,accounting reports,636,usage data,0.9984
559,accounting reports,638,Slurm accounting,0.9984
559,accounting reports,5,Accounting records,0.9983
559,accounting reports,106,critical data,0.9982
559,accounting reports,501,sure old records,0.9981
560,hierarchical fashion,2104,robin fashion,0.9993
560,hierarchical fashion,1789,Total Threads,0.9969
560,hierarchical fashion,437,MySQL connection i d,0.9967
560,hierarchical fashion,776,processor,0.9963
560,hierarchical fashion,2067,layout,0.9960
560,hierarchical fashion,619,like fashion,0.9959
560,hierarchical fashion,1339,easiest integration method,0.9956
560,hierarchical fashion,1283,short sleep,0.9953
560,hierarchical fashion,1787,Total Processors,0.9952
560,hierarchical fashion,696,maximum memory,0.9950
561,chemistry,1943,token processing,0.9976
561,chemistry,1511,ID mode bit,0.9976
561,chemistry,1500,setuid bit,0.9975
561,chemistry,359,MUNGE authentication,0.9975
561,chemistry,407,security purposes,0.9975
561,chemistry,1157,product entitlement version array,0.9975
561,chemistry,979,LSF_ENVDIR variable,0.9973
561,chemistry,379,complete description,0.9973
561,chemistry,208,arbitrary text string,0.9973
561,chemistry,145,second key,0.9973
563,children,674,largest memory peak,0.9986
563,children,219,place upgrades,0.9983
563,children,1157,product entitlement version array,0.9983
563,children,2145,easy way,0.9981
563,children,1560,RELEASE column,0.9981
563,children,690,average memory peaks,0.9981
563,children,1848,ident authentication,0.9981
563,children,413,separate machine,0.9980
563,children,775,individual computer,0.9979
563,children,1356,Wrapper binary programs,0.9979
564,account science,592,account hierarchy,0.9993
564,account science,330,invalid accounts,0.9993
564,account science,593,parent account,0.9992
564,account science,571,account chemistry,0.9992
564,account science,549,account none,0.9985
564,account science,579,account test,0.9983
564,account science,1011,configure account mappings,0.9979
564,account science,555,multiple accounts,0.9978
564,account science,102,valid bank accounts,0.9975
564,account science,569,account science \,0.9975
565,hierarchy,397,qualified pathname,0.9974
565,hierarchy,51,pathname,0.9974
565,hierarchy,359,MUNGE authentication,0.9973
565,hierarchy,94,internal cache,0.9971
565,hierarchy,205,jobcomp plugin,0.9970
565,hierarchy,556,description,0.9968
565,hierarchy,1668,localhost myhostname,0.9968
565,hierarchy,2119,sequence,0.9968
565,hierarchy,1188,minus sign,0.9968
565,hierarchy,1500,setuid bit,0.9968
566,arbitrary depth,2111,arbitrary,1.0000
566,arbitrary depth,208,arbitrary text string,0.9976
566,arbitrary depth,1580,ELIM program,0.9969
566,arbitrary depth,69,better security,0.9966
566,arbitrary depth,1356,Wrapper binary programs,0.9965
566,arbitrary depth,1937,RES binary,0.9965
566,arbitrary depth,867,program,0.9965
566,arbitrary depth,1707,correct permissions,0.9965
566,arbitrary depth,1345,rename abc,0.9964
566,arbitrary depth,1970,retry,0.9964
567,add account line,330,invalid accounts,0.9944
567,add account line,571,account chemistry,0.9940
567,add account line,592,account hierarchy,0.9938
567,add account line,555,multiple accounts,0.9938
567,add account line,564,account science,0.9937
567,add account line,579,account test,0.9929
567,add account line,593,parent account,0.9928
567,add account line,549,account none,0.9922
567,add account line,1011,configure account mappings,0.9916
567,add account line,578,user brian Account,0.9905
568,execute,406,slurmctld execute,0.9984
568,execute,577,test execute,0.9972
568,execute,512,appropriate values,0.9969
568,execute,2008,Migrate values,0.9966
568,execute,425,mysql user grant privileges,0.9960
568,execute,340,QOS values,0.9958
568,execute,660,standalone values,0.9957
568,execute,349,optional partition name,0.9956
568,execute,1929,user ID uid,0.9955
568,execute,474,sacctmgr,0.9952
569,account science \,102,valid bank accounts,0.9988
569,account science \,577,test execute,0.9979
569,account science \,593,parent account,0.9976
569,account science \,564,account science,0.9975
569,account science \,1011,configure account mappings,0.9974
569,account science \,549,account none,0.9969
569,account science \,330,invalid accounts,0.9966
569,account science \,546,test,0.9963
569,account science \,590,different bank accounts,0.9960
569,account science \,592,account hierarchy,0.9956
570,science,573,science \,0.9995
570,science,631,brian,0.9983
570,science,551,snowflake \,0.9980
570,science,205,jobcomp plugin,0.9975
570,science,359,MUNGE authentication,0.9973
570,science,238,MySQL test program,0.9972
570,science,187,Slurm JobComp Configuration,0.9972
570,science,132,slurmdbd.conf,0.9971
570,science,628,following execute line,0.9967
570,science,232,slurm build,0.9967
571,account chemistry,592,account hierarchy,0.9995
571,account chemistry,330,invalid accounts,0.9994
571,account chemistry,564,account science,0.9992
571,account chemistry,555,multiple accounts,0.9990
571,account chemistry,593,parent account,0.9989
571,account chemistry,579,account test,0.9981
571,account chemistry,1011,configure account mappings,0.9977
571,account chemistry,549,account none,0.9975
571,account chemistry,578,user brian Account,0.9968
571,account chemistry,590,different bank accounts,0.9967
572,physics parent,1733,parent,1.0000
572,physics parent,1343,simple interface,0.9982
572,physics parent,536,various graphs,0.9982
572,physics parent,2175,n3 State,0.9981
572,physics parent,674,largest memory peak,0.9981
572,physics parent,1345,rename abc,0.9981
572,physics parent,208,arbitrary text string,0.9981
572,physics parent,359,MUNGE authentication,0.9981
572,physics parent,539,performance metrics,0.9980
572,physics parent,281,specific situations,0.9980
573,science \,570,science,0.9995
573,science \,551,snowflake \,0.9987
573,science \,631,brian,0.9987
573,science \,359,MUNGE authentication,0.9979
573,science \,205,jobcomp plugin,0.9979
573,science \,187,Slurm JobComp Configuration,0.9976
573,science \,132,slurmdbd.conf,0.9976
573,science \,238,MySQL test program,0.9975
573,science \,1733,parent,0.9970
573,science \,572,physics parent,0.9970
574,similar syntax,55,similar tool,0.9991
574,similar syntax,1364,appropriate libraries,0.9985
574,similar syntax,503,separate instances,0.9984
574,similar syntax,1584,following example ELIM program,0.9983
574,similar syntax,632,most cases,0.9983
574,similar syntax,1518,full path,0.9983
574,similar syntax,518,few tools,0.9982
574,similar syntax,604,privileges,0.9982
574,similar syntax,1100,few minutes,0.9982
574,similar syntax,135,best way,0.9982
575,user da,1919,bad user,0.9994
575,user da,1142,US Government Users Restricted Rights,0.9993
575,user da,213,user entities,0.9991
575,user da,2028,EGO users,0.9991
575,user da,118,user ID,0.9991
575,user da,1960,User programs,0.9990
575,user da,1377,Manage users,0.9989
575,user da,1681,User permission,0.9986
575,user da,606,slurm user,0.9986
575,user da,629,user records,0.9985
576,default account,578,user brian Account,0.9942
576,default account,555,multiple accounts,0.9934
576,default account,571,account chemistry,0.9922
576,default account,592,account hierarchy,0.9917
576,default account,580,other accounts,0.9915
576,default account,579,account test,0.9911
576,default account,330,invalid accounts,0.9902
576,default account,564,account science,0.9900
576,default account,593,parent account,0.9899
576,default account,125,user accounts,0.9891
577,test execute,569,account science \,0.9979
577,test execute,546,test,0.9978
577,test execute,568,execute,0.9972
577,test execute,102,valid bank accounts,0.9964
577,test execute,474,sacctmgr,0.9951
577,test execute,406,slurmctld execute,0.9946
577,test execute,512,appropriate values,0.9945
577,test execute,425,mysql user grant privileges,0.9942
577,test execute,87,snowflake,0.9942
577,test execute,1011,configure account mappings,0.9941
578,user brian Account,555,multiple accounts,0.9980
578,user brian Account,580,other accounts,0.9971
578,user brian Account,571,account chemistry,0.9968
578,user brian Account,330,invalid accounts,0.9963
578,user brian Account,592,account hierarchy,0.9962
578,user brian Account,630,user brian,0.9961
578,user brian Account,593,parent account,0.9958
578,user brian Account,590,different bank accounts,0.9957
578,user brian Account,2028,EGO users,0.9954
578,user brian Account,606,slurm user,0.9954
579,account test,592,account hierarchy,0.9984
579,account test,564,account science,0.9983
579,account test,571,account chemistry,0.9981
579,account test,549,account none,0.9979
579,account test,555,multiple accounts,0.9974
579,account test,330,invalid accounts,0.9972
579,account test,593,parent account,0.9966
579,account test,1011,configure account mappings,0.9943
579,account test,578,user brian Account,0.9935
579,account test,102,valid bank accounts,0.9931
580,other accounts,578,user brian Account,0.9971
580,other accounts,555,multiple accounts,0.9964
580,other accounts,586,same Account,0.9961
580,other accounts,571,account chemistry,0.9946
580,other accounts,590,different bank accounts,0.9944
580,other accounts,592,account hierarchy,0.9936
580,other accounts,330,invalid accounts,0.9936
580,other accounts,606,slurm user,0.9936
580,other accounts,1011,configure account mappings,0.9931
580,other accounts,593,parent account,0.9929
581,future,1364,appropriate libraries,0.9979
581,future,1717,automount maps,0.9977
581,future,518,few tools,0.9977
581,future,503,separate instances,0.9977
581,future,55,similar tool,0.9977
581,future,135,best way,0.9976
581,future,1100,few minutes,0.9976
581,future,1581,executable program,0.9976
581,future,176,backup instance,0.9975
581,future,1336,Wrapper binary executables,0.9975
582,attempt,1848,ident authentication,0.9970
582,attempt,1824,swap space,0.9968
582,attempt,1581,executable program,0.9966
582,attempt,775,individual computer,0.9965
582,attempt,1636,symbolic link,0.9964
582,attempt,1336,Wrapper binary executables,0.9964
582,attempt,1500,setuid bit,0.9964
582,attempt,72,such services,0.9964
582,attempt,1580,ELIM program,0.9964
582,attempt,1560,RELEASE column,0.9964
583,job submission command,1282,job command sleep,0.9986
583,job submission command,1296,batch interactive job,0.9972
583,job submission command,798,Interactive batch job,0.9972
583,job submission command,1264,Display job status,0.9957
583,job submission command,1262,Submit batch jobs,0.9937
583,job submission command,1294,find job output,0.9928
583,job submission command,35,job completion information,0.9926
583,job submission command,799,batch job,0.9926
583,job submission command,1193,Other useful commands,0.9921
583,job submission command,1529,interactive job execution,0.9920
584,specific partitions,2072,partition definition,0.9993
584,specific partitions,609,Slurm partition,0.9976
584,specific partitions,216,partition,0.9974
584,specific partitions,509,unique identifiers,0.9965
584,specific partitions,2122,subset,0.9959
584,specific partitions,670,maximum memory peak,0.9958
584,specific partitions,144,unique key,0.9958
584,specific partitions,143,single MUNGE key,0.9956
584,specific partitions,652,memory,0.9955
584,specific partitions,693,much memory,0.9955
585,other associations,62,password data,0.9973
585,other associations,925,local data,0.9971
585,other associations,543,accounting associations,0.9967
585,other associations,701,other ways,0.9965
585,other associations,1646,other instances,0.9963
585,other associations,559,accounting reports,0.9959
585,other associations,248,large Slurm databases,0.9957
585,other associations,1461,other references,0.9957
585,other associations,597,other operators,0.9957
585,other associations,356,accounting data,0.9957
586,same Account,580,other accounts,0.9961
586,same Account,125,user accounts,0.9949
586,same Account,589,account name,0.9948
586,same Account,578,user brian Account,0.9942
586,same Account,555,multiple accounts,0.9927
586,same Account,183,same users,0.9917
586,same Account,1922,same user ID,0.9912
586,same Account,37,user name,0.9908
586,same Account,550,test Cluster,0.9906
586,same Account,920,user data,0.9901
587,Account Options,330,invalid accounts,0.9911
587,Account Options,592,account hierarchy,0.9908
587,Account Options,594,User Options,0.9907
587,Account Options,571,account chemistry,0.9906
587,Account Options,564,account science,0.9905
587,Account Options,593,parent account,0.9904
587,Account Options,549,account none,0.9903
587,Account Options,1011,configure account mappings,0.9900
587,Account Options,102,valid bank accounts,0.9893
587,Account Options,555,multiple accounts,0.9893
588,sacctmgr options,1351,appropriate options,0.9978
588,sacctmgr options,484,Purge options,0.9974
588,sacctmgr options,1275,submission options,0.9974
588,sacctmgr options,329,valid options,0.9961
588,sacctmgr options,2045,configuration options,0.9958
588,sacctmgr options,2208,CR_CPU configuration option,0.9958
588,sacctmgr options,2233,TaskPlugin configuration option,0.9958
588,sacctmgr options,482,relevant configuration options,0.9953
588,sacctmgr options,448,grant option,0.9953
588,sacctmgr options,2194,configuration option CR_CORE_DEFAULT_DIST_BLOCK,0.9952
589,account name,586,same Account,0.9948
589,account name,37,user name,0.9916
589,account name,125,user accounts,0.9914
589,account name,578,user brian Account,0.9909
589,account name,555,multiple accounts,0.9908
589,account name,374,unrelated accounts,0.9896
589,account name,215,account,0.9896
589,account name,580,other accounts,0.9892
589,account name,567,add account line,0.9890
589,account name,550,test Cluster,0.9885
590,different bank accounts,1011,configure account mappings,0.9989
590,different bank accounts,102,valid bank accounts,0.9984
590,different bank accounts,593,parent account,0.9982
590,different bank accounts,330,invalid accounts,0.9975
590,different bank accounts,630,user brian,0.9968
590,different bank accounts,571,account chemistry,0.9967
590,different bank accounts,564,account science,0.9965
590,different bank accounts,592,account hierarchy,0.9964
590,different bank accounts,569,account science \,0.9960
590,different bank accounts,555,multiple accounts,0.9959
591,different points,1570,different ELIM,0.9994
591,different points,687,different meanings,0.9993
591,different points,179,different machine,0.9988
591,different points,151,different keys,0.9986
591,different points,150,different configurations,0.9986
591,different points,2125,different subsets,0.9985
591,different points,1364,appropriate libraries,0.9985
591,different points,1228,different priorities,0.9984
591,different points,135,best way,0.9983
591,different points,1229,different scheduling policies,0.9983
592,account hierarchy,571,account chemistry,0.9995
592,account hierarchy,564,account science,0.9993
592,account hierarchy,330,invalid accounts,0.9992
592,account hierarchy,593,parent account,0.9990
592,account hierarchy,555,multiple accounts,0.9988
592,account hierarchy,579,account test,0.9984
592,account hierarchy,549,account none,0.9979
592,account hierarchy,1011,configure account mappings,0.9978
592,account hierarchy,102,valid bank accounts,0.9967
592,account hierarchy,590,different bank accounts,0.9964
593,parent account,330,invalid accounts,0.9993
593,parent account,564,account science,0.9992
593,parent account,1011,configure account mappings,0.9991
593,parent account,592,account hierarchy,0.9990
593,parent account,571,account chemistry,0.9989
593,parent account,102,valid bank accounts,0.9986
593,parent account,590,different bank accounts,0.9982
593,parent account,555,multiple accounts,0.9977
593,parent account,569,account science \,0.9976
593,parent account,549,account none,0.9976
594,User Options,522,user associations,0.9945
594,User Options,606,slurm user,0.9921
594,User Options,213,user entities,0.9908
594,User Options,587,Account Options,0.9907
594,User Options,540,Database Configuration,0.9906
594,User Options,297,Slurm database,0.9903
594,User Options,459,database slurm_acct_db,0.9902
594,User Options,1919,bad user,0.9901
594,User Options,1852,user uid,0.9900
594,User Options,630,user brian,0.9899
595,accounting privileges,559,accounting reports,0.9994
595,accounting privileges,419,accounting storage mechanism,0.9994
595,accounting privileges,172,accounting tools,0.9993
595,accounting privileges,191,accounting storage plugin,0.9992
595,accounting privileges,638,Slurm accounting,0.9989
595,accounting privileges,249,old records,0.9987
595,accounting privileges,106,critical data,0.9983
595,accounting privileges,227,slurm configure script,0.9981
595,accounting privileges,636,usage data,0.9981
595,accounting privileges,5,Accounting records,0.9980
596,database object,67,database security,0.9994
596,database object,507,certain database entries,0.9993
596,database object,499,production database,0.9992
596,database object,1832,services database,0.9988
596,database object,284,database version,0.9987
596,database object,608,accounting database,0.9985
596,database object,297,Slurm database,0.9985
596,database object,459,database slurm_acct_db,0.9978
596,database object,221,database support,0.9977
596,database object,168,database server,0.9975
597,other operators,701,other ways,0.9995
597,other operators,685,other tools,0.9993
597,other operators,1646,other instances,0.9993
597,other operators,1461,other references,0.9992
597,other operators,2085,other aspects,0.9991
597,other operators,1211,other details,0.9990
597,other operators,2143,other subset,0.9987
597,other operators,977,other global configuration,0.9979
597,other operators,1827,available swap space,0.9974
597,other operators,1923,interactive remote execution,0.9973
598,regular uses,668,same example,0.9955
598,regular uses,738,dispatch,0.9951
598,regular uses,1372,application user interfaces,0.9950
598,regular uses,679,Other considerations,0.9950
598,regular uses,417,job accounting data,0.9949
598,regular uses,603,same level,0.9948
598,regular uses,43,only basic job information,0.9947
598,regular uses,781,own process queue,0.9945
598,regular uses,925,local data,0.9945
598,regular uses,1486,other queues,0.9945
599,PrivateData flag,1689,nosuid flag,0.9992
599,PrivateData flag,2013,c. Migrate,0.9979
599,PrivateData flag,1363,source code,0.9977
599,PrivateData flag,359,MUNGE authentication,0.9976
599,PrivateData flag,572,physics parent,0.9976
599,PrivateData flag,1733,parent,0.9976
599,PrivateData flag,1511,ID mode bit,0.9976
599,PrivateData flag,232,slurm build,0.9975
599,PrivateData flag,1345,rename abc,0.9975
599,PrivateData flag,1429,b. Edit,0.9975
600,Create,617,many different options,0.9949
600,Create,1719,Contact IBM Support,0.9948
600,Create,201,Password,0.9942
600,Create,209,Slurm Accounting Configuration,0.9939
600,Create,2137,Additional Notes,0.9938
600,Create,2168,level,0.9937
600,Create,457,level locking,0.9937
600,Create,1984,connect,0.9936
600,Create,419,accounting storage mechanism,0.9933
600,Create,1737,swap limit enforcement,0.9933
601,Alter,94,internal cache,0.9974
601,Alter,1511,ID mode bit,0.9972
601,Alter,536,various graphs,0.9972
601,Alter,1343,simple interface,0.9971
601,Alter,379,complete description,0.9970
601,Alter,1943,token processing,0.9970
601,Alter,2172,Many additional scenarios,0.9970
601,Alter,538,exporter tool,0.9970
601,Alter,1345,rename abc,0.9970
601,Alter,1510,file permission mode -rw-------,0.9969
602,Delete Reservations,686,TresUsage * fields,0.9973
602,Delete Reservations,539,performance metrics,0.9972
602,Delete Reservations,674,largest memory peak,0.9970
602,Delete Reservations,775,individual computer,0.9969
602,Delete Reservations,359,MUNGE authentication,0.9969
602,Delete Reservations,538,exporter tool,0.9968
602,Delete Reservations,70,performance,0.9968
602,Delete Reservations,1188,minus sign,0.9968
602,Delete Reservations,1838,Authentication port mismatch,0.9968
602,Delete Reservations,308,insensitive collation,0.9968
603,same level,2124,same subset,0.9985
603,same level,830,same computer architecture,0.9973
603,same level,1372,application user interfaces,0.9966
603,same level,92,same time,0.9965
603,same level,668,same example,0.9965
603,same level,1884,same lsf.shared file,0.9963
603,same level,925,local data,0.9961
603,same level,196,database server executes,0.9961
603,same level,357,database type storage plugins,0.9958
603,same level,501,sure old records,0.9957
604,privileges,55,similar tool,0.9985
604,privileges,503,separate instances,0.9984
604,privileges,1518,full path,0.9983
604,privileges,1581,executable program,0.9983
604,privileges,2145,easy way,0.9982
604,privileges,1100,few minutes,0.9982
604,privileges,135,best way,0.9982
604,privileges,574,similar syntax,0.9982
604,privileges,1364,appropriate libraries,0.9982
604,privileges,176,backup instance,0.9982
605,served slurmctld,64,slurmctld,1.0000
605,served slurmctld,406,slurmctld execute,0.9983
605,served slurmctld,249,old records,0.9978
605,served slurmctld,498,archive instance,0.9977
605,served slurmctld,483,Archive,0.9977
605,served slurmctld,191,accounting storage plugin,0.9976
605,served slurmctld,636,usage data,0.9975
605,served slurmctld,172,accounting tools,0.9974
605,served slurmctld,19,particular time interval,0.9972
605,served slurmctld,419,accounting storage mechanism,0.9972
606,slurm user,213,user entities,0.9990
606,slurm user,2028,EGO users,0.9989
606,slurm user,1960,User programs,0.9988
606,slurm user,1681,User permission,0.9988
606,slurm user,575,user da,0.9986
606,slurm user,1142,US Government Users Restricted Rights,0.9986
606,slurm user,630,user brian,0.9985
606,slurm user,1377,Manage users,0.9984
606,slurm user,1919,bad user,0.9982
606,slurm user,118,user ID,0.9982
607,Default wckey,350,default behavior,0.9995
607,Default wckey,300,default collation,0.9992
607,Default wckey,367,default value,0.9970
607,Default wckey,2181,default partition,0.9963
607,Default wckey,780,single machine,0.9948
607,Default wckey,420,only acceptable value,0.9946
607,Default wckey,1021,default application profile,0.9944
607,Default wckey,1022,default application profile./usr,0.9944
607,Default wckey,609,Slurm partition,0.9932
607,Default wckey,406,slurmctld execute,0.9926
608,accounting database,507,certain database entries,0.9986
608,accounting database,596,database object,0.9985
608,accounting database,67,database security,0.9982
608,accounting database,499,production database,0.9975
608,accounting database,1832,services database,0.9974
608,accounting database,297,Slurm database,0.9970
608,accounting database,284,database version,0.9969
608,accounting database,168,database server,0.9963
608,accounting database,459,database slurm_acct_db,0.9958
608,accounting database,283,database tables,0.9956
609,Slurm partition,2072,partition definition,0.9981
609,Slurm partition,584,specific partitions,0.9976
609,Slurm partition,143,single MUNGE key,0.9971
609,Slurm partition,413,separate machine,0.9968
609,Slurm partition,1141,Copyright International Business Machines Corp.,0.9968
609,Slurm partition,141,machine,0.9968
609,Slurm partition,983,Defines,0.9965
609,Slurm partition,690,average memory peaks,0.9964
609,Slurm partition,674,largest memory peak,0.9962
609,Slurm partition,1885,second definition,0.9960
610,Limit Enforcement,611,Various limits,0.9994
610,Limit Enforcement,343,minutes limit,0.9993
610,Limit Enforcement,341,QOS limits,0.9993
610,Limit Enforcement,891,hard limits,0.9992
610,Limit Enforcement,1737,swap limit enforcement,0.9989
610,Limit Enforcement,889,soft limits,0.9988
610,Limit Enforcement,2167,Accounting limits,0.9956
610,Limit Enforcement,62,password data,0.9952
610,Limit Enforcement,636,usage data,0.9951
610,Limit Enforcement,233,successful configure,0.9950
611,Various limits,343,minutes limit,0.9995
611,Various limits,610,Limit Enforcement,0.9994
611,Various limits,891,hard limits,0.9993
611,Various limits,341,QOS limits,0.9992
611,Various limits,889,soft limits,0.9990
611,Various limits,1737,swap limit enforcement,0.9987
611,Various limits,62,password data,0.9959
611,Various limits,2167,Accounting limits,0.9959
611,Various limits,636,usage data,0.9959
611,Various limits,233,successful configure,0.9958
612,Resource Limits web page,1250,Resource usage limits,0.9996
612,Resource Limits web page,887,Runtime resource usage limits,0.9995
612,Resource Limits web page,615,Resource Limits document,0.9993
612,Resource Limits web page,847,resource limits,0.9976
612,Resource Limits web page,856,level resource usage,0.9970
612,Resource Limits web page,21,resource accounting,0.9961
612,Resource Limits web page,1065,other shared resources,0.9961
612,Resource Limits web page,1608,resource requirement string,0.9956
612,Resource Limits web page,898,bsub -R option specifies resources requirements,0.9943
612,Resource Limits web page,1746,parent process group,0.9943
613,Other options,617,many different options,0.9967
613,Other options,1275,submission options,0.9965
613,Other options,484,Purge options,0.9953
613,Other options,1351,appropriate options,0.9947
613,Other options,588,sacctmgr options,0.9940
613,Other options,903,installation options,0.9940
613,Other options,585,other associations,0.9938
613,Other options,600,Create,0.9933
613,Other options,214,associations,0.9933
613,Other options,543,accounting associations,0.9927
615,Resource Limits document,1250,Resource usage limits,0.9997
615,Resource Limits document,612,Resource Limits web page,0.9993
615,Resource Limits document,887,Runtime resource usage limits,0.9990
615,Resource Limits document,847,resource limits,0.9990
615,Resource Limits document,21,resource accounting,0.9969
615,Resource Limits document,856,level resource usage,0.9965
615,Resource Limits document,1065,other shared resources,0.9961
615,Resource Limits document,1608,resource requirement string,0.9953
615,Resource Limits document,815,resource requirements,0.9941
615,Resource Limits document,10,resource usage,0.9939
617,many different options,484,Purge options,0.9974
617,many different options,1275,submission options,0.9972
617,many different options,1351,appropriate options,0.9971
617,many different options,613,Other options,0.9967
617,many different options,201,Password,0.9966
617,many different options,1701,Windows passwords,0.9962
617,many different options,150,different configurations,0.9962
617,many different options,209,Slurm Accounting Configuration,0.9960
617,many different options,1737,swap limit enforcement,0.9959
617,many different options,428,password usage,0.9957
619,like fashion,1180,swp mem,0.9980
619,like fashion,2094,APrevents sharing,0.9977
619,like fashion,1787,Total Processors,0.9973
619,like fashion,351,policies,0.9972
619,like fashion,1668,localhost myhostname,0.9970
619,like fashion,1007,attributes,0.9969
619,like fashion,776,processor,0.9969
619,like fashion,1738,Linux cgroup memory,0.9969
619,like fashion,556,description,0.9968
619,like fashion,1247,ut pg io ls,0.9968
620,key words,147,keys,1.0000
620,key words,154,proper key,0.9991
620,key words,145,second key,0.9983
620,key words,449,InnoDB support,0.9977
620,key words,2172,Many additional scenarios,0.9970
620,key words,1597,IBM Support,0.9969
620,key words,452,Support,0.9969
620,key words,293,innodb_default_row_format variable,0.9967
620,key words,144,unique key,0.9967
620,key words,1297,shell mode support,0.9966
621,typical execute line,628,following execute line,0.9989
621,typical execute line,187,Slurm JobComp Configuration,0.9976
621,typical execute line,232,slurm build,0.9973
621,typical execute line,622,following form,0.9971
621,typical execute line,1477,Configuration Reference,0.9970
621,typical execute line,1514,hostsetup,0.9970
621,typical execute line,1806,End HostModel,0.9969
621,typical execute line,1798,End HostType,0.9969
621,typical execute line,1565,End ResourceMap,0.9969
621,typical execute line,132,slurmdbd.conf,0.9967
622,following form,1573,following format,0.9987
622,following form,1928,operation permission,0.9980
622,following form,1092,bash shell,0.9979
622,following form,1856,unknown service,0.9978
622,following form,1824,swap space,0.9977
622,following form,72,such services,0.9977
622,following form,1366,wrapper shell,0.9976
622,following form,2031,old EGO password file,0.9976
622,following form,2040,monitor,0.9976
622,following form,1477,Configuration Reference,0.9975
623,change,2039,new work,0.9957
623,change,962,new Windows installation,0.9952
623,change,959,Linux installation,0.9945
623,change,725,installation,0.9945
623,change,2016,new directory structure changes,0.9943
623,change,953,new installation,0.9941
623,change,1386,new queue definition,0.9926
623,change,829,same operating system,0.9925
623,change,868,new values,0.9925
623,change,1983,new connections,0.9924
624,appropriate Slurm daemons,405,slurmdbd daemon executes,0.9990
624,appropriate Slurm daemons,381,second MUNGE daemon,0.9983
624,appropriate Slurm daemons,462,other Slurm daemons,0.9982
624,appropriate Slurm daemons,361,default MUNGE daemon,0.9962
624,appropriate Slurm daemons,1705,file system environment,0.9956
624,appropriate Slurm daemons,1471,system startup files,0.9955
624,appropriate Slurm daemons,702,administrator overview,0.9948
624,appropriate Slurm daemons,468,daemon mode,0.9947
624,appropriate Slurm daemons,1110,mbatchd,0.9945
624,appropriate Slurm daemons,1840,ident daemon,0.9945
626,modify example,261,following example,0.9979
626,modify example,1646,other instances,0.9973
626,modify example,1461,other references,0.9971
626,modify example,434,Live example,0.9968
626,modify example,925,local data,0.9968
626,modify example,701,other ways,0.9967
626,modify example,830,same computer architecture,0.9966
626,modify example,501,sure old records,0.9966
626,modify example,597,other operators,0.9965
626,modify example,97,local storage,0.9963
627,set options,345,option set,1.0000
627,set options,903,installation options,0.9898
627,set options,214,associations,0.9891
627,set options,1275,submission options,0.9884
627,set options,588,sacctmgr options,0.9880
627,set options,613,Other options,0.9867
627,set options,266,set,0.9865
627,set options,2146,comprehensive set,0.9865
627,set options,1351,appropriate options,0.9865
627,set options,832,different set,0.9859
628,following execute line,621,typical execute line,0.9989
628,following execute line,547,execute line,0.9981
628,following execute line,187,Slurm JobComp Configuration,0.9980
628,following execute line,436,MySQL monitor,0.9972
628,following execute line,622,following form,0.9971
628,following execute line,240,several MySQL,0.9970
628,following execute line,238,MySQL test program,0.9970
628,following execute line,573,science \,0.9969
628,following execute line,570,science,0.9967
628,following execute line,132,slurmdbd.conf,0.9967
629,user records,118,user ID,0.9989
629,user records,1142,US Government Users Restricted Rights,0.9985
629,user records,575,user da,0.9985
629,user records,920,user data,0.9985
629,user records,1919,bad user,0.9984
629,user records,2028,EGO users,0.9982
629,user records,1377,Manage users,0.9981
629,user records,606,slurm user,0.9979
629,user records,213,user entities,0.9978
629,user records,1960,User programs,0.9978
630,user brian,213,user entities,0.9990
630,user brian,1960,User programs,0.9986
630,user brian,606,slurm user,0.9985
630,user brian,575,user da,0.9985
630,user brian,2028,EGO users,0.9984
630,user brian,1681,User permission,0.9984
630,user brian,1919,bad user,0.9982
630,user brian,1142,US Government Users Restricted Rights,0.9978
630,user brian,1852,user uid,0.9975
630,user brian,1377,Manage users,0.9974
631,brian,573,science \,0.9987
631,brian,570,science,0.9983
631,brian,551,snowflake \,0.9983
631,brian,205,jobcomp plugin,0.9976
631,brian,238,MySQL test program,0.9974
631,brian,359,MUNGE authentication,0.9974
631,brian,187,Slurm JobComp Configuration,0.9971
631,brian,628,following execute line,0.9966
631,brian,621,typical execute line,0.9966
631,brian,572,physics parent,0.9966
632,most cases,2000,current fix pack level,0.9987
632,most cases,1518,full path,0.9986
632,most cases,1364,appropriate libraries,0.9985
632,most cases,93,unexpected results,0.9985
632,most cases,258,older SQL server versions,0.9985
632,most cases,1584,following example ELIM program,0.9984
632,most cases,1335,Wrapper shell scripts,0.9984
632,most cases,1717,automount maps,0.9983
632,most cases,1564,RESOURCENAME LOCATION,0.9983
632,most cases,574,similar syntax,0.9983
633,removed entities,521,entities,1.0000
633,removed entities,407,security purposes,0.9981
633,removed entities,686,TresUsage * fields,0.9979
633,removed entities,1345,rename abc,0.9979
633,removed entities,674,largest memory peak,0.9979
633,removed entities,413,separate machine,0.9979
633,removed entities,1157,product entitlement version array,0.9979
633,removed entities,208,arbitrary text string,0.9978
633,removed entities,219,place upgrades,0.9978
633,removed entities,2145,easy way,0.9978
634,typographical errors,282,error,1.0000
634,typographical errors,305,error message,0.9961
634,typographical errors,1048,error logs,0.9911
634,typographical errors,1818,General errors,0.9872
634,typographical errors,1839,protocol error,0.9869
634,typographical errors,1972,retry error message,0.9868
634,typographical errors,1684,detailed error message,0.9851
634,typographical errors,1979,associated error message output,0.9848
634,typographical errors,1995,handshake message,0.9843
634,typographical errors,111,messages,0.9843
635,track,632,most cases,0.9981
635,track,19,particular time interval,0.9979
635,track,757,kill signal,0.9978
635,track,1924,remote execution permission,0.9978
635,track,1827,available swap space,0.9977
635,track,1817,Network Time Protocol,0.9977
635,track,93,unexpected results,0.9976
635,track,1570,different ELIM,0.9976
635,track,2000,current fix pack level,0.9976
635,track,97,local storage,0.9975
636,usage data,106,critical data,0.9991
636,usage data,62,password data,0.9989
636,usage data,419,accounting storage mechanism,0.9985
636,usage data,559,accounting reports,0.9984
636,usage data,249,old records,0.9983
636,usage data,191,accounting storage plugin,0.9983
636,usage data,172,accounting tools,0.9981
636,usage data,595,accounting privileges,0.9981
636,usage data,925,local data,0.9979
636,usage data,410,NOTE,0.9978
637,Accounting Interpretation,117,Accounting,1.0000
637,Accounting Interpretation,5,Accounting records,0.9990
637,Accounting Interpretation,356,accounting data,0.9990
637,Accounting Interpretation,559,accounting reports,0.9977
637,Accounting Interpretation,595,accounting privileges,0.9973
637,Accounting Interpretation,543,accounting associations,0.9972
637,Accounting Interpretation,248,large Slurm databases,0.9969
637,Accounting Interpretation,638,Slurm accounting,0.9968
637,Accounting Interpretation,419,accounting storage mechanism,0.9966
637,Accounting Interpretation,925,local data,0.9966
638,Slurm accounting,595,accounting privileges,0.9989
638,Slurm accounting,419,accounting storage mechanism,0.9987
638,Slurm accounting,209,Slurm Accounting Configuration,0.9987
638,Slurm accounting,191,accounting storage plugin,0.9986
638,Slurm accounting,172,accounting tools,0.9985
638,Slurm accounting,559,accounting reports,0.9984
638,Slurm accounting,227,slurm configure script,0.9983
638,Slurm accounting,5,Accounting records,0.9976
638,Slurm accounting,248,large Slurm databases,0.9975
638,Slurm accounting,469,SlurmDBD Archive,0.9975
639,parallel computing,219,place upgrades,0.9986
639,parallel computing,208,arbitrary text string,0.9985
639,parallel computing,55,similar tool,0.9984
639,parallel computing,1157,product entitlement version array,0.9984
639,parallel computing,518,few tools,0.9984
639,parallel computing,2145,easy way,0.9983
639,parallel computing,517,Tools,0.9983
639,parallel computing,529,party tools,0.9983
639,parallel computing,523,various reports,0.9983
639,parallel computing,1336,Wrapper binary executables,0.9983
640,reason,1345,rename abc,0.9981
640,reason,1707,correct permissions,0.9981
640,reason,208,arbitrary text string,0.9981
640,reason,379,complete description,0.9980
640,reason,224,InnoDB storage engine,0.9980
640,reason,219,place upgrades,0.9980
640,reason,1157,product entitlement version array,0.9980
640,reason,734,several states,0.9980
640,reason,1636,symbolic link,0.9979
640,reason,1336,Wrapper binary executables,0.9979
642,task level,682,many tasks,0.9990
642,task level,818,Local task,0.9989
642,task level,2128,task plugin,0.9987
642,task level,821,Remote task,0.9986
642,task level,2123,Different tasks,0.9986
642,task level,808,Interactive task,0.9980
642,task level,835,CPU speed scaling factor,0.9969
642,task level,876,relative CPU speed,0.9965
642,task level,11,individual tasks,0.9964
642,task level,1771,incorrect CPU factors,0.9957
643,user processes,1215,single user,0.9978
643,user processes,1377,Manage users,0.9974
643,user processes,1142,US Government Users Restricted Rights,0.9973
643,user processes,920,user data,0.9973
643,user processes,118,user ID,0.9973
643,user processes,629,user records,0.9972
643,user processes,1922,same user ID,0.9972
643,user processes,575,user da,0.9964
643,user processes,1919,bad user,0.9962
643,user processes,2028,EGO users,0.9960
644,step,2108,Step 2slurm.conf,1.0000
644,step,1410,major steps,1.0000
644,step,2163,physical CPU layout,0.9878
644,step,2235,task cgroup,0.9875
644,step,2153,Slurm abstract CPU ids,0.9872
644,step,876,relative CPU speed,0.9872
644,step,1628,troubleshooting steps,0.9872
644,step,835,CPU speed scaling factor,0.9863
644,step,2138,CPU Management Steps,0.9862
644,step,2103,cyclic allocation,0.9860
645,part,120,computers,0.9975
645,part,503,separate instances,0.9974
645,part,1742,parent process ID,0.9973
645,part,591,different points,0.9973
645,part,687,different meanings,0.9973
645,part,1570,different ELIM,0.9972
645,part,757,kill signal,0.9971
645,part,1518,full path,0.9971
645,part,413,separate machine,0.9971
645,part,150,different configurations,0.9971
646,many parallel tasks,851,Total CPU time,0.9978
646,many parallel tasks,1771,incorrect CPU factors,0.9975
646,many parallel tasks,2153,Slurm abstract CPU ids,0.9959
646,many parallel tasks,835,CPU speed scaling factor,0.9951
646,many parallel tasks,818,Local task,0.9947
646,many parallel tasks,642,task level,0.9947
646,many parallel tasks,695,single task processes,0.9939
646,many parallel tasks,2138,CPU Management Steps,0.9939
646,many parallel tasks,682,many tasks,0.9938
646,many parallel tasks,808,Interactive task,0.9935
647,srun -n,1332,hostb,0.9951
647,srun -n,453,Comment,0.9946
647,srun -n,1221,hostb ok,0.9941
647,srun -n,1222,hostc ok,0.9941
647,srun -n,1220,hosta ok,0.9937
647,srun -n,1309,user1 USUSP normal hosta hostb,0.9923
647,srun -n,1181,hostc -ok,0.9919
647,srun -n,1333,hostc,0.9919
647,srun -n,1329,hosta hostb hostc,0.9918
647,srun -n,1223,hostd ok,0.9905
648,JobAcctGather plugin,23,plugins,1.0000
648,JobAcctGather plugin,48,appropriate plugin,0.9991
648,JobAcctGather plugin,74,Slurm plugins,0.9984
648,JobAcctGather plugin,1704,Windows password authentication,0.9971
648,JobAcctGather plugin,161,authentication module,0.9970
648,JobAcctGather plugin,75,authentication,0.9970
648,JobAcctGather plugin,523,various reports,0.9970
648,JobAcctGather plugin,413,separate machine,0.9969
648,JobAcctGather plugin,674,largest memory peak,0.9969
648,JobAcctGather plugin,471,reasonable size,0.9969
649,metrics,666,gathered metrics,1.0000
649,metrics,539,performance metrics,0.9992
649,metrics,536,various graphs,0.9982
649,metrics,674,largest memory peak,0.9982
649,metrics,281,specific situations,0.9981
649,metrics,1343,simple interface,0.9979
649,metrics,1157,product entitlement version array,0.9978
649,metrics,690,average memory peaks,0.9978
649,metrics,1511,ID mode bit,0.9977
649,metrics,572,physics parent,0.9977
650,Trackable Resources,810,resources,1.0000
650,Trackable Resources,845,configured resources,1.0000
650,Trackable Resources,859,non-shared resources,1.0000
650,Trackable Resources,1583,quantifiable resource,1.0000
650,Trackable Resources,1535,critical resources,0.9946
650,Trackable Resources,1315,necessary resources,0.9934
650,Trackable Resources,869,Static resources,0.9933
650,Trackable Resources,2188,resource fragmentation,0.9926
650,Trackable Resources,896,resource consumers,0.9925
650,Trackable Resources,1556,resources license,0.9924
651,cpu,2095,Suballocates CPUs,1.0000
651,cpu,2162,CPU Numbering,1.0000
651,cpu,2206,oversubscribe CPUs,1.0000
651,cpu,2191,unallocated CPUs,1.0000
651,cpu,2189,Allocate CPUs,0.9973
651,cpu,13,tasks,0.9949
651,cpu,692,outlier task,0.9949
651,cpu,38,nodes,0.9909
651,cpu,2225,Allocate,0.9892
651,cpu,2099,CPU allocation,0.9891
652,memory,693,much memory,1.0000
652,memory,690,average memory peaks,0.9992
652,memory,853,Total virtual memory usage,0.9986
652,memory,852,Total resident memory usage,0.9986
652,memory,674,largest memory peak,0.9984
652,memory,539,performance metrics,0.9976
652,memory,143,single MUNGE key,0.9974
652,memory,70,performance,0.9973
652,memory,1885,second definition,0.9972
652,memory,281,specific situations,0.9972
653,energy,2172,Many additional scenarios,0.9977
653,energy,674,largest memory peak,0.9976
653,energy,1157,product entitlement version array,0.9975
653,energy,281,specific situations,0.9975
653,energy,539,performance metrics,0.9974
653,energy,955,products,0.9974
653,energy,308,insensitive collation,0.9974
653,energy,852,Total resident memory usage,0.9973
653,energy,853,Total virtual memory usage,0.9973
653,energy,1343,simple interface,0.9973
654,interval,479,purge interval,0.9984
654,interval,208,arbitrary text string,0.9980
654,interval,69,better security,0.9979
654,interval,1345,rename abc,0.9979
654,interval,55,similar tool,0.9978
654,interval,1943,token processing,0.9978
654,interval,1157,product entitlement version array,0.9978
654,interval,1636,symbolic link,0.9977
654,interval,1580,ELIM program,0.9977
654,interval,1707,correct permissions,0.9977
656,freq option,155,option,1.0000
656,freq option,2132,cgroup.conf options,0.9948
656,freq option,448,grant option,0.9928
656,freq option,329,valid options,0.9921
656,freq option,2208,CR_CPU configuration option,0.9919
656,freq option,2233,TaskPlugin configuration option,0.9919
656,freq option,2045,configuration options,0.9919
656,freq option,2084,additional options,0.9914
656,freq option,2063,slurm.conf options,0.9908
656,freq option,231,mysql_config option,0.9906
657,command line,820,ls command,0.9951
657,command line,904,lsfinstall -f install.config command,0.9943
657,command line,1322,hostname command,0.9941
657,command line,1089,source command,0.9939
657,command line,1111,# badmin mbdrestart,0.9936
657,command line,1108,# lsadmin reconfig,0.9934
657,command line,2052,command line options,0.9934
657,command line,1450,hostsetup command,0.9916
657,command line,1807,b * commands,0.9915
657,command line,2105,appropriate command line options,0.9913
660,standalone values,512,appropriate values,0.9973
660,standalone values,886,threshold values,0.9970
660,standalone values,2008,Migrate values,0.9969
660,standalone values,901,load values,0.9962
660,standalone values,340,QOS values,0.9961
660,standalone values,568,execute,0.9957
660,standalone values,406,slurmctld execute,0.9946
660,standalone values,739,exit value,0.9945
660,standalone values,741,nonzero exit value,0.9945
660,standalone values,1251,Scheduling threshold values,0.9945
661,data structure,772,typical cases,0.9975
661,data structure,974,paths,0.9968
661,data structure,1286,standard output,0.9963
661,data structure,1122,proper output,0.9962
661,data structure,1151,advanced workload execution mode,0.9961
661,data structure,1116,typical output,0.9960
661,data structure,258,older SQL server versions,0.9959
661,data structure,1335,Wrapper shell scripts,0.9959
661,data structure,632,most cases,0.9959
661,data structure,1714,current working,0.9958
662,TresUsageInTot field,676,dedicated fields MaxRSS,1.0000
662,TresUsageInTot field,289,field,1.0000
662,TresUsageInTot field,686,TresUsage * fields,0.9990
662,TresUsageInTot field,1345,rename abc,0.9984
662,TresUsageInTot field,1157,product entitlement version array,0.9983
662,TresUsageInTot field,69,better security,0.9982
662,TresUsageInTot field,232,slurm build,0.9981
662,TresUsageInTot field,208,arbitrary text string,0.9981
662,TresUsageInTot field,407,security purposes,0.9981
662,TresUsageInTot field,219,place upgrades,0.9981
663,sstat,1157,product entitlement version array,0.9976
663,sstat,1511,ID mode bit,0.9975
663,sstat,1610,best advantage,0.9975
663,sstat,208,arbitrary text string,0.9974
663,sstat,219,place upgrades,0.9974
663,sstat,538,exporter tool,0.9974
663,sstat,1356,Wrapper binary programs,0.9974
663,sstat,529,party tools,0.9974
663,sstat,517,Tools,0.9974
663,sstat,2161,readable format,0.9973
664,job runtime,1214,job slots,0.9994
664,job runtime,1265,job ID,0.9994
664,job runtime,778,parallel jobs,0.9992
664,job runtime,1347,job abc_real,0.9992
664,job runtime,874,particular jobs,0.9992
664,job runtime,1352,Requeue jobs,0.9992
664,job runtime,766,running job,0.9990
664,job runtime,1304,specific job,0.9989
664,job runtime,1310,Job owners,0.9989
664,job runtime,1274,complete job,0.9989
665,sum,539,performance metrics,0.9978
665,sum,1511,ID mode bit,0.9976
665,sum,674,largest memory peak,0.9975
665,sum,955,products,0.9973
665,sum,536,various graphs,0.9973
665,sum,1157,product entitlement version array,0.9973
665,sum,1937,RES binary,0.9972
665,sum,1343,simple interface,0.9972
665,sum,1500,setuid bit,0.9972
665,sum,2172,Many additional scenarios,0.9972
666,gathered metrics,649,metrics,1.0000
666,gathered metrics,539,performance metrics,0.9992
666,gathered metrics,536,various graphs,0.9982
666,gathered metrics,674,largest memory peak,0.9982
666,gathered metrics,281,specific situations,0.9981
666,gathered metrics,1343,simple interface,0.9979
666,gathered metrics,1157,product entitlement version array,0.9978
666,gathered metrics,690,average memory peaks,0.9978
666,gathered metrics,1511,ID mode bit,0.9977
666,gathered metrics,1733,parent,0.9977
668,same example,603,same level,0.9965
668,same example,92,same time,0.9961
668,same example,2124,same subset,0.9958
668,same example,868,new values,0.9955
668,same example,598,regular uses,0.9955
668,same example,1458,different default management host,0.9949
668,same example,1457,current default management host,0.9945
668,same example,1922,same user ID,0.9944
668,same example,119,same person,0.9944
668,same example,409,same SlurmUser,0.9944
670,maximum memory peak,696,maximum memory,0.9993
670,maximum memory peak,852,Total resident memory usage,0.9982
670,maximum memory peak,853,Total virtual memory usage,0.9982
670,maximum memory peak,1787,Total Processors,0.9978
670,maximum memory peak,1738,Linux cgroup memory,0.9978
670,maximum memory peak,539,performance metrics,0.9978
670,maximum memory peak,1838,Authentication port mismatch,0.9977
670,maximum memory peak,690,average memory peaks,0.9976
670,maximum memory peak,2094,APrevents sharing,0.9975
670,maximum memory peak,144,unique key,0.9975
673,task i d,2223,task i d,1.0000
673,task i d,2214,CPU i d,0.9991
673,task i d,2154,hardware CPU ids,0.9970
673,task i d,2235,task cgroup,0.9968
673,task i d,11,individual tasks,0.9966
673,task i d,2215,task ids,0.9963
673,task i d,2126,task affinity,0.9952
673,task i d,2222,socket i d,0.9945
673,task i d,2197,Task id,0.9944
673,task i d,682,many tasks,0.9938
674,largest memory peak,690,average memory peaks,0.9997
674,largest memory peak,688,peaks,0.9992
674,largest memory peak,539,performance metrics,0.9991
674,largest memory peak,853,Total virtual memory usage,0.9990
674,largest memory peak,852,Total resident memory usage,0.9990
674,largest memory peak,1157,product entitlement version array,0.9989
674,largest memory peak,219,place upgrades,0.9988
674,largest memory peak,2145,easy way,0.9988
674,largest memory peak,775,individual computer,0.9987
674,largest memory peak,1560,RELEASE column,0.9987
675,event,1363,source code,0.9974
675,event,2013,c. Migrate,0.9973
675,event,1247,ut pg io ls,0.9973
675,event,1179,ut pg ls,0.9973
675,event,1596,lic utility,0.9972
675,event,1429,b. Edit,0.9972
675,event,1178,status r15s r1 m,0.9970
675,event,51,pathname,0.9970
675,event,397,qualified pathname,0.9970
675,event,2026,EGO consumer tree,0.9970
676,dedicated fields MaxRSS,662,TresUsageInTot field,1.0000
676,dedicated fields MaxRSS,289,field,1.0000
676,dedicated fields MaxRSS,686,TresUsage * fields,0.9990
676,dedicated fields MaxRSS,1345,rename abc,0.9984
676,dedicated fields MaxRSS,1157,product entitlement version array,0.9983
676,dedicated fields MaxRSS,69,better security,0.9982
676,dedicated fields MaxRSS,232,slurm build,0.9981
676,dedicated fields MaxRSS,208,arbitrary text string,0.9981
676,dedicated fields MaxRSS,407,security purposes,0.9981
676,dedicated fields MaxRSS,219,place upgrades,0.9981
679,Other considerations,1371,other applications,0.9966
679,Other considerations,1461,other references,0.9960
679,Other considerations,1646,other instances,0.9959
679,Other considerations,597,other operators,0.9956
679,Other considerations,1211,other details,0.9954
679,Other considerations,43,only basic job information,0.9951
679,Other considerations,701,other ways,0.9950
679,Other considerations,598,regular uses,0.9950
679,Other considerations,2085,other aspects,0.9948
679,Other considerations,738,dispatch,0.9945
680,consumption,536,various graphs,0.9973
680,consumption,1188,minus sign,0.9970
680,consumption,1007,attributes,0.9969
680,consumption,539,performance metrics,0.9969
680,consumption,308,insensitive collation,0.9968
680,consumption,281,specific situations,0.9968
680,consumption,1937,RES binary,0.9967
680,consumption,379,complete description,0.9967
680,consumption,145,second key,0.9966
680,consumption,491,day,0.9966
681,other jobs,1230,dispatch jobs,0.9988
681,other jobs,843,schedule jobs,0.9984
681,other jobs,806,interactive job,0.9984
681,other jobs,188,job completion,0.9980
681,other jobs,939,job output,0.9978
681,other jobs,751,chunk job,0.9976
681,other jobs,1265,job ID,0.9975
681,other jobs,769,job processes,0.9974
681,other jobs,1730,orphaned job processes,0.9974
681,other jobs,892,job submission,0.9974
682,many tasks,821,Remote task,0.9994
682,many tasks,2128,task plugin,0.9991
682,many tasks,642,task level,0.9990
682,many tasks,818,Local task,0.9986
682,many tasks,2123,Different tasks,0.9982
682,many tasks,11,individual tasks,0.9981
682,many tasks,808,Interactive task,0.9976
682,many tasks,876,relative CPU speed,0.9972
682,many tasks,835,CPU speed scaling factor,0.9971
682,many tasks,2144,CPU usage,0.9967
683,running,1364,appropriate libraries,0.9982
683,running,135,best way,0.9980
683,running,591,different points,0.9980
683,running,757,kill signal,0.9980
683,running,48,appropriate plugin,0.9980
683,running,518,few tools,0.9979
683,running,1190,few seconds,0.9979
683,running,1100,few minutes,0.9979
683,running,1120,complete usage,0.9978
683,running,1581,executable program,0.9978
684,processes,1731,process groups,0.9981
684,processes,813,single process,0.9975
684,processes,513,Purge process,0.9966
684,processes,1745,child processes,0.9958
684,processes,1734,child process group,0.9952
684,processes,114,single location,0.9949
684,processes,1741,root process group,0.9944
684,processes,1925,root job submission,0.9944
684,processes,244,available memory,0.9943
684,processes,1735,parent process,0.9942
685,other tools,701,other ways,0.9994
685,other tools,597,other operators,0.9993
685,other tools,2085,other aspects,0.9993
685,other tools,2143,other subset,0.9991
685,other tools,1211,other details,0.9988
685,other tools,1646,other instances,0.9988
685,other tools,1461,other references,0.9988
685,other tools,977,other global configuration,0.9984
685,other tools,2023,Copy LSB_SHAREDIR_old\cluster_name\ *,0.9978
685,other tools,1827,available swap space,0.9978
686,TresUsage * fields,2035,EGO_WORKDIR_old\ *,0.9991
686,TresUsage * fields,662,TresUsageInTot field,0.9990
686,TresUsage * fields,289,field,0.9990
686,TresUsage * fields,676,dedicated fields MaxRSS,0.9990
686,TresUsage * fields,1157,product entitlement version array,0.9988
686,TresUsage * fields,674,largest memory peak,0.9987
686,TresUsage * fields,1610,best advantage,0.9985
686,TresUsage * fields,379,complete description,0.9985
686,TresUsage * fields,219,place upgrades,0.9985
686,TresUsage * fields,1356,Wrapper binary programs,0.9984
687,different meanings,591,different points,0.9993
687,different meanings,1570,different ELIM,0.9992
687,different meanings,2125,different subsets,0.9991
687,different meanings,179,different machine,0.9990
687,different meanings,151,different keys,0.9987
687,different meanings,1228,different priorities,0.9985
687,different meanings,1229,different scheduling policies,0.9983
687,different meanings,150,different configurations,0.9982
687,different meanings,135,best way,0.9980
687,different meanings,120,computers,0.9980
688,peaks,674,largest memory peak,0.9992
688,peaks,690,average memory peaks,0.9990
688,peaks,539,performance metrics,0.9984
688,peaks,219,place upgrades,0.9983
688,peaks,686,TresUsage * fields,0.9982
688,peaks,1157,product entitlement version array,0.9982
688,peaks,536,various graphs,0.9981
688,peaks,55,similar tool,0.9981
688,peaks,1356,Wrapper binary programs,0.9980
688,peaks,1610,best advantage,0.9980
690,average memory peaks,674,largest memory peak,0.9997
690,average memory peaks,652,memory,0.9992
690,average memory peaks,693,much memory,0.9992
690,average memory peaks,853,Total virtual memory usage,0.9990
690,average memory peaks,852,Total resident memory usage,0.9990
690,average memory peaks,688,peaks,0.9990
690,average memory peaks,539,performance metrics,0.9988
690,average memory peaks,70,performance,0.9985
690,average memory peaks,1885,second definition,0.9984
690,average memory peaks,775,individual computer,0.9983
692,outlier task,13,tasks,1.0000
692,outlier task,2162,CPU Numbering,0.9949
692,outlier task,651,cpu,0.9949
692,outlier task,2191,unallocated CPUs,0.9949
692,outlier task,2206,oversubscribe CPUs,0.9949
692,outlier task,2095,Suballocates CPUs,0.9949
692,outlier task,2189,Allocate CPUs,0.9918
692,outlier task,2099,CPU allocation,0.9869
692,outlier task,38,nodes,0.9866
692,outlier task,2225,Allocate,0.9832
693,much memory,652,memory,1.0000
693,much memory,690,average memory peaks,0.9992
693,much memory,853,Total virtual memory usage,0.9986
693,much memory,852,Total resident memory usage,0.9986
693,much memory,674,largest memory peak,0.9984
693,much memory,539,performance metrics,0.9976
693,much memory,143,single MUNGE key,0.9974
693,much memory,70,performance,0.9973
693,much memory,1885,second definition,0.9972
693,much memory,281,specific situations,0.9972
695,single task processes,2166,CPU Management,0.9946
695,single task processes,851,Total CPU time,0.9943
695,single task processes,646,many parallel tasks,0.9939
695,single task processes,2170,CPU Management Examples,0.9938
695,single task processes,818,Local task,0.9935
695,single task processes,2114,same node,0.9934
695,single task processes,808,Interactive task,0.9933
695,single task processes,2123,Different tasks,0.9933
695,single task processes,2138,CPU Management Steps,0.9926
695,single task processes,2102,available CPUs,0.9924
696,maximum memory,670,maximum memory peak,0.9993
696,maximum memory,2067,layout,0.9977
696,maximum memory,1787,Total Processors,0.9976
696,maximum memory,2094,APrevents sharing,0.9969
696,maximum memory,1738,Linux cgroup memory,0.9969
696,maximum memory,776,processor,0.9967
696,maximum memory,1339,easiest integration method,0.9967
696,maximum memory,144,unique key,0.9964
696,maximum memory,852,Total resident memory usage,0.9962
696,maximum memory,853,Total virtual memory usage,0.9962
697,step memory peak,1625,General troubleshooting steps,0.9990
697,step memory peak,2240,affinity plugin,0.9964
697,step memory peak,2121,optional Step,0.9960
697,step memory peak,1339,easiest integration method,0.9960
697,step memory peak,696,maximum memory,0.9959
697,step memory peak,1400,Distribution packages,0.9957
697,step memory peak,2049,Optional Distribution,0.9954
697,step memory peak,1628,troubleshooting steps,0.9954
697,step memory peak,670,maximum memory peak,0.9950
697,step memory peak,776,processor,0.9948
701,other ways,597,other operators,0.9995
701,other ways,685,other tools,0.9994
701,other ways,1646,other instances,0.9992
701,other ways,2085,other aspects,0.9991
701,other ways,1461,other references,0.9991
701,other ways,1211,other details,0.9989
701,other ways,2143,other subset,0.9989
701,other ways,977,other global configuration,0.9984
701,other ways,1823,enough available memory,0.9979
701,other ways,97,local storage,0.9978
702,administrator overview,1487,primary administrator,0.9981
702,administrator overview,462,other Slurm daemons,0.9964
702,administrator overview,1513,level installation directory,0.9961
702,administrator overview,1469,system startup,0.9958
702,administrator overview,1417,installation script directory,0.9956
702,administrator overview,1708,system environment,0.9955
702,administrator overview,829,same operating system,0.9953
702,administrator overview,624,appropriate Slurm daemons,0.9948
702,administrator overview,1515,system PATH,0.9946
702,administrator overview,827,operating system,0.9946
703,IBM Spectrum LSF,711,LSF,1.0000
703,IBM Spectrum LSF,714,LSF status,1.0000
703,IBM Spectrum LSF,1012,LSF multicluster capability./usr,1.0000
703,IBM Spectrum LSF,236,/usr,0.9847
703,IBM Spectrum LSF,1320,lsfadmin lsf,0.9755
703,IBM Spectrum LSF,910,conf,0.9706
703,IBM Spectrum LSF,1359,LSF API,0.9699
703,IBM Spectrum LSF,721,LSF terms,0.9655
703,IBM Spectrum LSF,1401,LSF releases,0.9643
703,IBM Spectrum LSF,1612,Administering IBM ® Spectrum LSF,0.9637
704,various types,1430,type columns,0.9994
704,various types,1147,binary type,0.9993
704,various types,1779,type detection,0.9991
704,various types,1526,main types,0.9988
704,various types,1758,type UNKNOWN,0.9987
704,various types,20,distinct plugin types,0.9980
704,various types,1769,specific model,0.9971
704,various types,1545,RESOURCENAME TYPE INTERVAL,0.9969
704,various types,357,database type storage plugins,0.9952
704,various types,1633,first few hosts,0.9930
705,workload,1151,advanced workload execution mode,0.9969
705,workload,280,DML operations,0.9964
705,workload,993,operation,0.9964
705,workload,1132,bhosts,0.9963
705,workload,974,paths,0.9959
705,workload,814,batch processing features,0.9953
705,workload,230,mysql_config script,0.9952
705,workload,1531,common application,0.9950
705,workload,372,Workload Characterization Key,0.9948
705,workload,2034,old EGO work directory,0.9948
706,cluster operations,113,multiple clusters,0.9988
706,cluster operations,2038,original cluster,0.9985
706,cluster operations,724,Cluster characteristics,0.9979
706,cluster operations,2025,cluster define,0.9977
706,cluster operations,1053,cluster configuration,0.9974
706,cluster operations,1026,work/ cluster,0.9972
706,cluster operations,713,reconfigure cluster properties,0.9970
706,cluster operations,88,cluster snowflake,0.9967
706,cluster operations,1000,Defines cluster name,0.9956
706,cluster operations,1883,section cluster,0.9956
707,LSF cluster overview,972,primary LSF administrator,0.9970
707,LSF cluster overview,1379,LSF installation script lsfinstall,0.9969
707,LSF cluster overview,1454,IBM Spectrum LSF Cluster Management,0.9964
707,LSF cluster overview,1085,LSF Cluster Management,0.9964
707,LSF cluster overview,994,cluster /usr,0.9962
707,LSF cluster overview,916,LSF server hosts,0.9956
707,LSF cluster overview,1474,IBM Platform LSF Cluster Management,0.9950
707,LSF cluster overview,1050,Use LSF administration,0.9949
707,LSF cluster overview,990,LSF cluster configuration files,0.9945
707,LSF cluster overview,1084,LSF execution environment,0.9945
708,overview,1564,RESOURCENAME LOCATION,0.9977
708,overview,1520,egosh,0.9976
708,overview,1337,application source code,0.9976
708,overview,228,libraries,0.9976
708,overview,1100,few minutes,0.9976
708,overview,1928,operation permission,0.9975
708,overview,2000,current fix pack level,0.9975
708,overview,1717,automount maps,0.9975
708,overview,185,network page,0.9975
708,overview,1335,Wrapper shell scripts,0.9975
709,important LSF directories,1404,LSF System Requirements,0.9979
709,important LSF directories,1201,LSF batch workload,0.9973
709,important LSF directories,1624,most LSF problems,0.9961
709,important LSF directories,972,primary LSF administrator,0.9958
709,important LSF directories,1256,LSF batch scheduler,0.9958
709,important LSF directories,1379,LSF installation script lsfinstall,0.9953
709,important LSF directories,1084,LSF execution environment,0.9951
709,important LSF directories,1118,LSF Command Reference,0.9950
709,important LSF directories,1423,IBM Spectrum LSF Command Reference,0.9950
709,important LSF directories,1078,Troubleshooting LSF problems,0.9947
710,configuration files,992,Global configuration files,1.0000
710,configuration files,321,separate configuration file,0.9992
710,configuration files,731,several configuration files,0.9991
710,configuration files,395,slurm.conf file,0.9989
710,configuration files,190,flat file,0.9988
710,configuration files,158,SlurmDBD configuration files,0.9988
710,configuration files,762,lsb.params file,0.9988
710,configuration files,1935,file respath,0.9988
710,configuration files,2006,configuration file paths,0.9986
710,configuration files,27,text file,0.9986
711,LSF,714,LSF status,1.0000
711,LSF,703,IBM Spectrum LSF,1.0000
711,LSF,1012,LSF multicluster capability./usr,1.0000
711,LSF,236,/usr,0.9847
711,LSF,1320,lsfadmin lsf,0.9755
711,LSF,910,conf,0.9706
711,LSF,1359,LSF API,0.9699
711,LSF,721,LSF terms,0.9655
711,LSF,1401,LSF releases,0.9643
711,LSF,1612,Administering IBM ® Spectrum LSF,0.9637
712,LSF daemons,864,LSF administrator,0.9919
712,LSF daemons,1723,LSF administrator mailbox,0.9919
712,LSF daemons,1045,LSF log directory,0.9913
712,LSF daemons,1099,LSF commands,0.9909
712,LSF daemons,1618,LSF server daemons,0.9900
712,LSF daemons,1452,d. Start LSF,0.9895
712,LSF daemons,745,LSF system,0.9893
712,LSF daemons,1123,LSF daemons lim,0.9891
712,LSF daemons,1639,LSF LIM daemon,0.9891
712,LSF daemons,1256,LSF batch scheduler,0.9889
713,reconfigure cluster properties,1053,cluster configuration,0.9985
713,reconfigure cluster properties,2025,cluster define,0.9975
713,reconfigure cluster properties,86,sacctmgr list cluster,0.9975
713,reconfigure cluster properties,706,cluster operations,0.9970
713,reconfigure cluster properties,88,cluster snowflake,0.9961
713,reconfigure cluster properties,829,same operating system,0.9960
713,reconfigure cluster properties,868,new values,0.9956
713,reconfigure cluster properties,1026,work/ cluster,0.9954
713,reconfigure cluster properties,113,multiple clusters,0.9953
713,reconfigure cluster properties,1983,new connections,0.9953
714,LSF status,703,IBM Spectrum LSF,1.0000
714,LSF status,1012,LSF multicluster capability./usr,1.0000
714,LSF status,711,LSF,1.0000
714,LSF status,236,/usr,0.9847
714,LSF status,1320,lsfadmin lsf,0.9755
714,LSF status,910,conf,0.9706
714,LSF status,1359,LSF API,0.9699
714,LSF status,721,LSF terms,0.9655
714,LSF status,1401,LSF releases,0.9643
714,LSF status,1612,Administering IBM ® Spectrum LSF,0.9637
715,LSF jobs,733,IBM ® Spectrum LSF jobs,0.9942
715,LSF jobs,1376,other advanced LSF features,0.9907
715,LSF jobs,802,LSF scheduling policies,0.9903
715,LSF jobs,1094,LSF operating environment,0.9884
715,LSF jobs,841,LSF system resources,0.9883
715,LSF jobs,1227,LSF queues,0.9882
715,LSF jobs,1969,many times LSF,0.9881
715,LSF jobs,1276,LSF Job Execution,0.9881
715,LSF jobs,1062,Configure LSF startup,0.9879
715,LSF jobs,723,LSF basic terms,0.9876
716,LSF problems,745,LSF system,0.9955
716,LSF problems,1117,LSF installation,0.9942
716,LSF problems,864,LSF administrator,0.9941
716,LSF problems,1723,LSF administrator mailbox,0.9941
716,LSF problems,1256,LSF batch scheduler,0.9936
716,LSF problems,1099,LSF commands,0.9935
716,LSF problems,1078,Troubleshooting LSF problems,0.9934
716,LSF problems,1082,LSF environment,0.9930
716,LSF problems,1651,LSF applications,0.9923
716,LSF problems,1606,LSF time,0.9918
717,common LSF problems,1624,most LSF problems,0.9994
717,common LSF problems,1078,Troubleshooting LSF problems,0.9984
717,common LSF problems,1423,IBM Spectrum LSF Command Reference,0.9957
717,common LSF problems,1118,LSF Command Reference,0.9957
717,common LSF problems,1201,LSF batch workload,0.9954
717,common LSF problems,1512,LSF administration commands,0.9954
717,common LSF problems,1404,LSF System Requirements,0.9949
717,common LSF problems,1866,second LSF daemon,0.9946
717,common LSF problems,709,important LSF directories,0.9945
717,common LSF problems,1024,LSF batch log files,0.9941
718,LSF error messages,1619,LSF logs errors,0.9971
718,LSF error messages,1976,LSF displays error messages,0.9918
718,LSF error messages,1958,LSF command messages,0.9911
718,LSF error messages,1045,LSF log directory,0.9896
718,LSF error messages,1024,LSF batch log files,0.9895
718,LSF error messages,717,common LSF problems,0.9865
718,LSF error messages,1624,most LSF problems,0.9831
718,LSF error messages,1618,LSF server daemons,0.9826
718,LSF error messages,1512,LSF administration commands,0.9825
718,LSF error messages,1078,Troubleshooting LSF problems,0.9823
719,solution,635,track,0.9974
719,solution,19,particular time interval,0.9973
719,solution,317,storage,0.9972
719,solution,2000,current fix pack level,0.9971
719,solution,632,most cases,0.9971
719,solution,1570,different ELIM,0.9970
719,solution,97,local storage,0.9970
719,solution,757,kill signal,0.9970
719,solution,574,similar syntax,0.9969
719,solution,1984,connect,0.9968
721,LSF terms,1401,LSF releases,0.9995
721,LSF terms,1612,Administering IBM ® Spectrum LSF,0.9995
721,LSF terms,1359,LSF API,0.9994
721,LSF terms,1162,IBM Spectrum LSF Standard Edition,0.9992
721,LSF terms,1861,Read LSF Guide,0.9989
721,LSF terms,1119,LSF man,0.9988
721,LSF terms,1539,LSF updates,0.9986
721,LSF terms,1067,LSF administration,0.9985
721,LSF terms,1320,lsfadmin lsf,0.9982
721,LSF terms,730,LSF configuration,0.9981
722,concepts,558,terms,0.9976
722,concepts,1363,source code,0.9975
722,concepts,1036,res,0.9975
722,concepts,1546,RELEASE DESCRIPTION # Keywords,0.9974
722,concepts,1596,lic utility,0.9972
722,concepts,1429,b. Edit,0.9972
722,concepts,2013,c. Migrate,0.9971
722,concepts,1805,MODELNAME CPUFACTOR ARCHITECTURE # keyword,0.9971
722,concepts,1179,ut pg ls,0.9969
722,concepts,1247,ut pg io ls,0.9968
723,LSF basic terms,802,LSF scheduling policies,0.9980
723,LSF basic terms,833,LSF binary files,0.9974
723,LSF basic terms,1519,LSF executable files,0.9974
723,LSF basic terms,1107,LSF configuration files,0.9967
723,LSF basic terms,1418,# cd /usr,0.9966
723,LSF basic terms,1606,LSF time,0.9963
723,LSF basic terms,968,cluster_name,0.9959
723,LSF basic terms,1094,LSF operating environment,0.9958
723,LSF basic terms,785,LSF schedules,0.9952
723,LSF basic terms,1659,LSF client LIM,0.9944
724,Cluster characteristics,2038,original cluster,0.9991
724,Cluster characteristics,113,multiple clusters,0.9990
724,Cluster characteristics,706,cluster operations,0.9979
724,Cluster characteristics,2001,same cluster name,0.9969
724,Cluster characteristics,2025,cluster define,0.9966
724,Cluster characteristics,1883,section cluster,0.9961
724,Cluster characteristics,552,more clusters,0.9961
724,Cluster characteristics,1000,Defines cluster name,0.9947
724,Cluster characteristics,88,cluster snowflake,0.9946
724,Cluster characteristics,553,cluster names,0.9945
725,installation,959,Linux installation,1.0000
725,installation,962,new Windows installation,0.9986
725,installation,953,new installation,0.9980
725,installation,2039,new work,0.9963
725,installation,2016,new directory structure changes,0.9958
725,installation,1417,installation script directory,0.9957
725,installation,623,change,0.9945
725,installation,1487,primary administrator,0.9942
725,installation,1513,level installation directory,0.9938
725,installation,1983,new connections,0.9934
726,cluster administrators,2007,new cluster,0.9975
726,cluster administrators,1054,cluster status,0.9948
726,cluster administrators,355,non-external cluster,0.9948
726,cluster administrators,1072,multi-user cluster,0.9948
726,cluster administrators,85,cluster,0.9948
726,cluster administrators,2043,Administrator Guide,0.9938
726,cluster administrators,124,administrators,0.9938
726,cluster administrators,724,Cluster characteristics,0.9920
726,cluster administrators,1212,batch hosts,0.9915
726,cluster administrators,1883,section cluster,0.9907
727,File systems,929,NFS file systems,1.0000
727,File systems,932,Andrew File System,1.0000
727,File systems,1471,system startup files,0.9990
727,File systems,1705,file system environment,0.9989
727,File systems,927,Network File System,0.9983
727,File systems,1202,system configuration,0.9975
727,File systems,797,batch file,0.9975
727,File systems,412,larger systems,0.9971
727,File systems,1993,system call,0.9966
727,File systems,1756,lsbatch system,0.9965
728,networks,185,network page,0.9985
728,networks,1599,own ELIM,0.9981
728,networks,1337,application source code,0.9980
728,networks,988,own keywords,0.9980
728,networks,319,Several Slurm configuration parameters,0.9979
728,networks,632,most cases,0.9978
728,networks,258,older SQL server versions,0.9978
728,networks,1817,Network Time Protocol,0.9978
728,networks,220,DB server packages,0.9977
728,networks,1714,current working,0.9976
729,Important directories,957,directory structure,0.9985
729,Important directories,1355,local directory,0.9978
729,Important directories,961,Microsoft Windows directory structure,0.9976
729,Important directories,952,typical directory structures,0.9967
729,Important directories,1515,system PATH,0.9961
729,Important directories,1513,level installation directory,0.9961
729,Important directories,1417,installation script directory,0.9957
729,Important directories,481,system utilization,0.9957
729,Important directories,1544,examples directory,0.9955
729,Important directories,975,configuration directories,0.9952
730,LSF configuration,1861,Read LSF Guide,0.9992
730,LSF configuration,1539,LSF updates,0.9989
730,LSF configuration,1162,IBM Spectrum LSF Standard Edition,0.9989
730,LSF configuration,1863,LSF services,0.9988
730,LSF configuration,918,LSF client,0.9986
730,LSF configuration,1119,LSF man,0.9983
730,LSF configuration,1612,Administering IBM ® Spectrum LSF,0.9983
730,LSF configuration,943,LSF files,0.9983
730,LSF configuration,1401,LSF releases,0.9983
730,LSF configuration,721,LSF terms,0.9981
731,several configuration files,2029,old EGO XML configuration files,0.9997
731,several configuration files,2006,configuration file paths,0.9996
731,several configuration files,321,separate configuration file,0.9995
731,several configuration files,710,configuration files,0.9991
731,several configuration files,992,Global configuration files,0.9991
731,several configuration files,999,Keyword definition file,0.9991
731,several configuration files,376,own configuration file,0.9990
731,several configuration files,1711,such file,0.9990
731,several configuration files,1358,wrapper files,0.9990
731,several configuration files,190,flat file,0.9989
732,behavior,48,appropriate plugin,0.9982
732,behavior,135,best way,0.9982
732,behavior,2145,easy way,0.9981
732,behavior,55,similar tool,0.9981
732,behavior,1336,Wrapper binary executables,0.9980
732,behavior,1581,executable program,0.9978
732,behavior,604,privileges,0.9978
732,behavior,373,orthogonal way,0.9978
732,behavior,1364,appropriate libraries,0.9978
732,behavior,1704,Windows password authentication,0.9978
733,IBM ® Spectrum LSF jobs,1276,LSF Job Execution,0.9973
733,IBM ® Spectrum LSF jobs,1376,other advanced LSF features,0.9951
733,IBM ® Spectrum LSF jobs,715,LSF jobs,0.9942
733,IBM ® Spectrum LSF jobs,1050,Use LSF administration,0.9930
733,IBM ® Spectrum LSF jobs,1422,IBM ® Spectrum LSF Configuration Reference,0.9922
733,IBM ® Spectrum LSF jobs,1062,Configure LSF startup,0.9912
733,IBM ® Spectrum LSF jobs,1969,many times LSF,0.9910
733,IBM ® Spectrum LSF jobs,1989,busy bhosts displays LSF,0.9905
733,IBM ® Spectrum LSF jobs,1509,LSF server binary files,0.9904
733,IBM ® Spectrum LSF jobs,1473,automatic LSF startup,0.9895
734,several states,104,state,0.9989
734,several states,752,ZOMBI state,0.9989
734,several states,759,UNKWN state,0.9989
734,several states,1364,appropriate libraries,0.9986
734,several states,1100,few minutes,0.9985
734,several states,523,various reports,0.9985
734,several states,1336,Wrapper binary executables,0.9984
734,several states,55,similar tool,0.9983
734,several states,224,InnoDB storage engine,0.9983
734,several states,185,network page,0.9983
736,queue,1134,available queues,0.9949
736,queue,1486,other queues,0.9919
736,queue,1482,original queue,0.9912
736,queue,1950,Destination queue,0.9903
736,queue,1485,regular queue,0.9893
736,queue,1386,new queue definition,0.9884
736,queue,36,job name,0.9877
736,queue,749,chunk job queue,0.9874
736,queue,1483,queue administrator,0.9869
736,queue,890,queue level,0.9863
737,scheduling,1229,different scheduling policies,0.9988
737,scheduling,900,scheduling conditions,0.9987
737,scheduling,1248,SCHEDULING POLICIES,0.9979
737,scheduling,1228,different priorities,0.9972
737,scheduling,902,scheduling thresholds,0.9969
737,scheduling,1742,parent process ID,0.9969
737,scheduling,1560,RELEASE column,0.9968
737,scheduling,1370,closer integration,0.9967
737,scheduling,135,best way,0.9967
737,scheduling,1120,complete usage,0.9967
738,dispatch,1009,dispatch windows,0.9976
738,dispatch,1145,GSA ADP Schedule Contract,0.9969
738,dispatch,925,local data,0.9964
738,dispatch,1646,other instances,0.9962
738,dispatch,1461,other references,0.9961
738,dispatch,1416,b. Change,0.9961
738,dispatch,1923,interactive remote execution,0.9960
738,dispatch,781,own process queue,0.9960
738,dispatch,795,execution time,0.9958
738,dispatch,1371,other applications,0.9958
739,exit value,741,nonzero exit value,1.0000
739,exit value,512,appropriate values,0.9983
739,exit value,2008,Migrate values,0.9983
739,exit value,2015,correct configuration path values,0.9981
739,exit value,340,QOS values,0.9980
739,exit value,498,archive instance,0.9970
739,exit value,503,separate instances,0.9967
739,exit value,72,such services,0.9967
739,exit value,19,particular time interval,0.9966
739,exit value,209,Slurm Accounting Configuration,0.9966
740,EXIT,1445,reconfiguration exits,1.0000
740,EXIT,41,exit status,1.0000
740,EXIT,1819,incorrect file permissions,0.9969
740,EXIT,1510,file permission mode -rw-------,0.9966
740,EXIT,424,permissions,0.9963
740,EXIT,1707,correct permissions,0.9962
740,EXIT,94,internal cache,0.9962
740,EXIT,999,Keyword definition file,0.9962
740,EXIT,622,following form,0.9960
740,EXIT,2031,old EGO password file,0.9959
741,nonzero exit value,739,exit value,1.0000
741,nonzero exit value,512,appropriate values,0.9983
741,nonzero exit value,2008,Migrate values,0.9983
741,nonzero exit value,2015,correct configuration path values,0.9981
741,nonzero exit value,340,QOS values,0.9980
741,nonzero exit value,498,archive instance,0.9970
741,nonzero exit value,503,separate instances,0.9967
741,nonzero exit value,72,such services,0.9967
741,nonzero exit value,19,particular time interval,0.9966
741,nonzero exit value,209,Slurm Accounting Configuration,0.9966
745,LSF system,864,LSF administrator,0.9974
745,LSF system,1723,LSF administrator mailbox,0.9974
745,LSF system,1117,LSF installation,0.9960
745,LSF system,716,LSF problems,0.9955
745,LSF system,1256,LSF batch scheduler,0.9953
745,LSF system,1082,LSF environment,0.9933
745,LSF system,1651,LSF applications,0.9933
745,LSF system,1099,LSF commands,0.9927
745,LSF system,1470,LSF section,0.9919
745,LSF system,1047,LSF server,0.9918
747,mbatchd daemon,748,sbatchd daemon,0.9979
747,mbatchd daemon,1725,sbatchd daemon starts,0.9974
747,mbatchd daemon,1101,lim daemon,0.9974
747,mbatchd daemon,1971,EGO daemons,0.9966
747,mbatchd daemon,1225,daemon time,0.9955
747,mbatchd daemon,1834,identd daemon,0.9954
747,mbatchd daemon,1041,Server batch daemon,0.9947
747,mbatchd daemon,1037,Management batch daemon,0.9944
747,mbatchd daemon,1752,mbatchd daemon logs,0.9936
747,mbatchd daemon,1039,Management scheduler daemon,0.9935
748,sbatchd daemon,1834,identd daemon,0.9989
748,sbatchd daemon,1971,EGO daemons,0.9988
748,sbatchd daemon,1101,lim daemon,0.9981
748,sbatchd daemon,747,mbatchd daemon,0.9979
748,sbatchd daemon,1039,Management scheduler daemon,0.9973
748,sbatchd daemon,363,alternate MUNGE daemon,0.9972
748,sbatchd daemon,360,MUNGE daemon,0.9972
748,sbatchd daemon,1225,daemon time,0.9972
748,sbatchd daemon,468,daemon mode,0.9968
748,sbatchd daemon,58,slurmctld daemon,0.9967
749,chunk job queue,1230,dispatch jobs,0.9967
749,chunk job queue,843,schedule jobs,0.9963
749,chunk job queue,939,job output,0.9953
749,chunk job queue,188,job completion,0.9953
749,chunk job queue,806,interactive job,0.9952
749,chunk job queue,681,other jobs,0.9947
749,chunk job queue,1311,own jobs,0.9946
749,chunk job queue,892,job submission,0.9946
749,chunk job queue,769,job processes,0.9946
749,chunk job queue,1730,orphaned job processes,0.9946
751,chunk job,1265,job ID,0.9985
751,chunk job,664,job runtime,0.9983
751,chunk job,1214,job slots,0.9982
751,chunk job,806,interactive job,0.9979
751,chunk job,1730,orphaned job processes,0.9978
751,chunk job,769,job processes,0.9978
751,chunk job,1352,Requeue jobs,0.9978
751,chunk job,188,job completion,0.9976
751,chunk job,843,schedule jobs,0.9976
751,chunk job,681,other jobs,0.9976
752,ZOMBI state,104,state,1.0000
752,ZOMBI state,759,UNKWN state,1.0000
752,ZOMBI state,734,several states,0.9989
752,ZOMBI state,2175,n3 State,0.9986
752,ZOMBI state,500,manageable size,0.9976
752,ZOMBI state,291,size,0.9976
752,ZOMBI state,471,reasonable size,0.9976
752,ZOMBI state,478,unwieldy size,0.9976
752,ZOMBI state,2145,easy way,0.9975
752,ZOMBI state,479,purge interval,0.9975
754,execution host,1426,host setup,0.9984
754,execution host,460,local host,0.9983
754,execution host,1766,multiple hosts,0.9983
754,execution host,1006,Server hosts,0.9982
754,execution host,1698,destination host,0.9982
754,execution host,1191,hosts time,0.9982
754,execution host,178,backup host,0.9981
754,execution host,1700,Windows hosts,0.9980
754,execution host,1103,management host,0.9979
754,execution host,1464,other host,0.9978
755,re-runnable job,760,UNKWN job,1.0000
755,re-runnable job,763,hung jobs,1.0000
755,re-runnable job,2041,Monitoring jobs,1.0000
755,re-runnable job,1288,jobs subdirectory,1.0000
755,re-runnable job,3,job,1.0000
755,re-runnable job,879,suspended jobs,1.0000
755,re-runnable job,1314,specified jobs,1.0000
755,re-runnable job,2229,multi-thread job,1.0000
755,re-runnable job,1603,Submit jobs,0.9914
755,re-runnable job,751,chunk job,0.9909
757,kill signal,19,particular time interval,0.9986
757,kill signal,518,few tools,0.9984
757,kill signal,1190,few seconds,0.9984
757,kill signal,1100,few minutes,0.9983
757,kill signal,1364,appropriate libraries,0.9982
757,kill signal,93,unexpected results,0.9982
757,kill signal,768,signal,0.9981
757,kill signal,57,SIGUSR2 signal,0.9981
757,kill signal,135,best way,0.9981
757,kill signal,1984,connect,0.9980
758,bkill command,9,sacct command,0.9994
758,bkill command,1306,bstop command,0.9992
758,bkill command,931,automount command,0.9991
758,bkill command,1255,basic commands,0.9991
758,bkill command,1312,bresume command,0.9991
758,bkill command,1656,lshosts command,0.9991
758,bkill command,1273,lsgrun command,0.9990
758,bkill command,1057,lsrun commands,0.9990
758,bkill command,1997,egosh command,0.9990
758,bkill command,1451,Command Reference,0.9989
759,UNKWN state,104,state,1.0000
759,UNKWN state,752,ZOMBI state,1.0000
759,UNKWN state,734,several states,0.9989
759,UNKWN state,2175,n3 State,0.9986
759,UNKWN state,500,manageable size,0.9976
759,UNKWN state,478,unwieldy size,0.9976
759,UNKWN state,291,size,0.9976
759,UNKWN state,471,reasonable size,0.9976
759,UNKWN state,2145,easy way,0.9975
759,UNKWN state,479,purge interval,0.9975
760,UNKWN job,763,hung jobs,1.0000
760,UNKWN job,2041,Monitoring jobs,1.0000
760,UNKWN job,1288,jobs subdirectory,1.0000
760,UNKWN job,879,suspended jobs,1.0000
760,UNKWN job,3,job,1.0000
760,UNKWN job,755,re-runnable job,1.0000
760,UNKWN job,1314,specified jobs,1.0000
760,UNKWN job,2229,multi-thread job,1.0000
760,UNKWN job,1603,Submit jobs,0.9914
760,UNKWN job,751,chunk job,0.9909
761,REMOVE_HUNG_JOBS_FOR parameter,1967,LSF_LIM_API_NTRIES parameter,1.0000
761,REMOVE_HUNG_JOBS_FOR parameter,1046,LSF_LOGDIR parameter,1.0000
761,REMOVE_HUNG_JOBS_FOR parameter,1706,parameter LSF_MASTER_LIST,1.0000
761,REMOVE_HUNG_JOBS_FOR parameter,131,Parameters,1.0000
761,REMOVE_HUNG_JOBS_FOR parameter,1849,LSF_USE_HOSTEQUIV parameter,1.0000
761,REMOVE_HUNG_JOBS_FOR parameter,1504,LSF_STARTUP_PATH parameters,1.0000
761,REMOVE_HUNG_JOBS_FOR parameter,1931,LSF_ROOT_REX parameter,1.0000
761,REMOVE_HUNG_JOBS_FOR parameter,1634,LSF_MASTER_LIST parameter,1.0000
761,REMOVE_HUNG_JOBS_FOR parameter,1649,parameter LSF_SERVER_HOSTS,1.0000
761,REMOVE_HUNG_JOBS_FOR parameter,421,StorageLoc parameter,1.0000
762,lsb.params file,190,flat file,0.9994
762,lsb.params file,27,text file,0.9993
762,lsb.params file,1358,wrapper files,0.9992
762,lsb.params file,1711,such file,0.9992
762,lsb.params file,2005,ego.shared files,0.9992
762,lsb.params file,1935,file respath,0.9992
762,lsb.params file,946,file space,0.9992
762,lsb.params file,1340,executable file,0.9990
762,lsb.params file,1388,shell files,0.9989
762,lsb.params file,167,passwd file,0.9989
763,hung jobs,760,UNKWN job,1.0000
763,hung jobs,755,re-runnable job,1.0000
763,hung jobs,2041,Monitoring jobs,1.0000
763,hung jobs,1288,jobs subdirectory,1.0000
763,hung jobs,3,job,1.0000
763,hung jobs,879,suspended jobs,1.0000
763,hung jobs,1314,specified jobs,1.0000
763,hung jobs,2229,multi-thread job,1.0000
763,hung jobs,1603,Submit jobs,0.9914
763,hung jobs,751,chunk job,0.9909
765,bkill,757,kill signal,0.9974
765,bkill,1581,executable program,0.9968
765,bkill,1120,complete usage,0.9967
765,bkill,1190,few seconds,0.9966
765,bkill,47,sacct,0.9966
765,bkill,683,running,0.9965
765,bkill,151,different keys,0.9964
765,bkill,2023,Copy LSB_SHAREDIR_old\cluster_name\ *,0.9964
765,bkill,120,computers,0.9964
765,bkill,1370,closer integration,0.9964
766,running job,778,parallel jobs,0.9995
766,running job,1285,job report,0.9994
766,running job,1347,job abc_real,0.9994
766,running job,1274,complete job,0.9994
766,running job,25,detailed job,0.9993
766,running job,1352,Requeue jobs,0.9993
766,running job,892,job submission,0.9992
766,running job,894,job scheduling,0.9992
766,running job,188,job completion,0.9992
766,running job,874,particular jobs,0.9992
768,signal,57,SIGUSR2 signal,1.0000
768,signal,2145,easy way,0.9983
768,signal,55,similar tool,0.9983
768,signal,674,largest memory peak,0.9983
768,signal,734,several states,0.9982
768,signal,2161,readable format,0.9982
768,signal,1157,product entitlement version array,0.9982
768,signal,379,complete description,0.9982
768,signal,518,few tools,0.9981
768,signal,757,kill signal,0.9981
769,job processes,1730,orphaned job processes,1.0000
769,job processes,843,schedule jobs,0.9982
769,job processes,1230,dispatch jobs,0.9982
769,job processes,1265,job ID,0.9981
769,job processes,751,chunk job,0.9978
769,job processes,188,job completion,0.9978
769,job processes,766,running job,0.9977
769,job processes,806,interactive job,0.9976
769,job processes,892,job submission,0.9976
769,job processes,664,job runtime,0.9976
772,typical cases,632,most cases,0.9982
772,typical cases,661,data structure,0.9975
772,typical cases,1286,standard output,0.9975
772,typical cases,1584,following example ELIM program,0.9974
772,typical cases,165,case,0.9973
772,typical cases,97,local storage,0.9972
772,typical cases,480,table sizes,0.9972
772,typical cases,2000,current fix pack level,0.9972
772,typical cases,301,table columns,0.9971
772,typical cases,1122,proper output,0.9969
773,procedure,1236,priority,0.9960
773,procedure,619,like fashion,0.9959
773,procedure,2094,APrevents sharing,0.9959
773,procedure,1180,swp mem,0.9958
773,procedure,1182,% *,0.9958
773,procedure,1897,letter,0.9957
773,procedure,1247,ut pg io ls,0.9956
773,procedure,1787,Total Processors,0.9955
773,procedure,1179,ut pg ls,0.9954
773,procedure,351,policies,0.9953
774,LSF host,1095,LSF cluster,0.9943
774,LSF host,849,fair share scheduling,0.9932
774,LSF host,916,LSF server hosts,0.9920
774,LSF host,1723,LSF administrator mailbox,0.9903
774,LSF host,864,LSF administrator,0.9903
774,LSF host,841,LSF system resources,0.9893
774,LSF host,1117,LSF installation,0.9888
774,LSF host,707,LSF cluster overview,0.9886
774,LSF host,972,primary LSF administrator,0.9881
774,LSF host,1404,LSF System Requirements,0.9879
775,individual computer,875,binary architecture,0.9988
775,individual computer,1560,RELEASE column,0.9987
775,individual computer,674,largest memory peak,0.9987
775,individual computer,1610,best advantage,0.9987
775,individual computer,1362,Binary code,0.9986
775,individual computer,1773,binary incompatibility,0.9986
775,individual computer,853,Total virtual memory usage,0.9986
775,individual computer,852,Total resident memory usage,0.9986
775,individual computer,1356,Wrapper binary programs,0.9986
775,individual computer,1966,binary upgrade,0.9985
776,processor,1787,Total Processors,0.9987
776,processor,2067,layout,0.9978
776,processor,1789,Total Threads,0.9972
776,processor,2094,APrevents sharing,0.9971
776,processor,2240,affinity plugin,0.9970
776,processor,619,like fashion,0.9969
776,processor,696,maximum memory,0.9967
776,processor,1339,easiest integration method,0.9967
776,processor,670,maximum memory peak,0.9964
776,processor,560,hierarchical fashion,0.9963
777,Multiprocessor hosts,80,host,1.0000
777,Multiprocessor hosts,1783,AIX host,1.0000
777,Multiprocessor hosts,1660,official host,1.0000
777,Multiprocessor hosts,1903,non-LSF host,1.0000
777,Multiprocessor hosts,1782,Linux host,1.0000
777,Multiprocessor hosts,1187,host status,1.0000
777,Multiprocessor hosts,1850,equivalent host,1.0000
777,Multiprocessor hosts,1380,new hosts,0.9943
777,Multiprocessor hosts,823,host models,0.9942
777,Multiprocessor hosts,822,Host types,0.9941
778,parallel jobs,1347,job abc_real,0.9996
778,parallel jobs,766,running job,0.9995
778,parallel jobs,1285,job report,0.9995
778,parallel jobs,1274,complete job,0.9994
778,parallel jobs,1310,Job owners,0.9994
778,parallel jobs,874,particular jobs,0.9994
778,parallel jobs,25,detailed job,0.9994
778,parallel jobs,1352,Requeue jobs,0.9994
778,parallel jobs,1214,job slots,0.9994
778,parallel jobs,894,job scheduling,0.9993
779,single process queue,781,own process queue,0.9965
779,single process queue,1387,queue definition,0.9965
779,single process queue,890,queue level,0.9961
779,single process queue,1482,original queue,0.9960
779,single process queue,1485,regular queue,0.9958
779,single process queue,1480,lost_and_found queue,0.9954
779,single process queue,1479,End Queue,0.9953
779,single process queue,323,job completion records,0.9952
779,single process queue,1299,JOBID USER STAT QUEUE,0.9949
779,single process queue,1950,Destination queue,0.9948
780,single machine,114,single location,0.9975
780,single machine,179,different machine,0.9971
780,single machine,2125,different subsets,0.9969
780,single machine,1734,child process group,0.9966
780,single machine,1744,only reliable way,0.9966
780,single machine,1745,child processes,0.9965
780,single machine,513,Purge process,0.9964
780,single machine,792,conditions,0.9963
780,single machine,813,single process,0.9963
780,single machine,1746,parent process group,0.9963
781,own process queue,1479,End Queue,0.9983
781,own process queue,890,queue level,0.9980
781,own process queue,1387,queue definition,0.9977
781,own process queue,989,workload queues,0.9973
781,own process queue,1732,new process group,0.9972
781,own process queue,1485,regular queue,0.9968
781,own process queue,1480,lost_and_found queue,0.9968
781,own process queue,1386,new queue definition,0.9967
781,own process queue,1482,original queue,0.9967
781,own process queue,1950,Destination queue,0.9966
782,group,1734,child process group,0.9991
782,group,1746,parent process group,0.9990
782,group,1731,process groups,0.9982
782,group,1745,child processes,0.9979
782,group,1741,root process group,0.9978
782,group,1735,parent process,0.9978
782,group,1742,parent process ID,0.9975
782,group,513,Purge process,0.9975
782,group,591,different points,0.9971
782,group,179,different machine,0.9970
783,execution,1261,execution scripts,0.9989
783,execution,795,execution time,0.9978
783,execution,1019,execution requirements,0.9966
783,execution,393,system build time,0.9965
783,execution,91,new version,0.9964
783,execution,1614,incorrect installation,0.9962
783,execution,1371,other applications,0.9961
783,execution,971,product installation,0.9960
783,execution,1416,b. Change,0.9959
783,execution,1956,new configuration,0.9958
784,bsub command,1209,bhosts command,0.9992
784,bsub command,14,sstat command,0.9991
784,bsub command,1125,lsid command,0.9990
784,bsub command,931,automount command,0.9990
784,bsub command,1632,ps -ef command,0.9989
784,bsub command,1312,bresume command,0.9989
784,bsub command,1057,lsrun commands,0.9988
784,bsub command,1644,lsload command prints,0.9988
784,bsub command,1126,lsload command,0.9988
784,bsub command,1273,lsgrun command,0.9988
785,LSF schedules,1539,LSF updates,0.9991
785,LSF schedules,1047,LSF server,0.9988
785,LSF schedules,1863,LSF services,0.9988
785,LSF schedules,1067,LSF administration,0.9988
785,LSF schedules,1651,LSF applications,0.9986
785,LSF schedules,1082,LSF environment,0.9984
785,LSF schedules,918,LSF client,0.9984
785,LSF schedules,1861,Read LSF Guide,0.9983
785,LSF schedules,1606,LSF time,0.9982
785,LSF schedules,1317,root lsf,0.9980
786,controls,528,additional control,0.9911
786,controls,2177,minimum,0.9906
786,controls,816,selection,0.9887
786,controls,1894,maximum length,0.9870
786,controls,1891,maximum,0.9870
786,controls,1495,user5 PEND night hostA hostC,0.9859
786,controls,1181,hostc -ok,0.9857
786,controls,1333,hostc,0.9857
786,controls,2212,cyclic,0.9848
786,controls,2226,block --cpu,0.9845
787,complex problems,247,problems,1.0000
787,complex problems,1728,fix LIM problems,0.9906
787,complex problems,1996,EGO command messages,0.9892
787,complex problems,1975,command client messages,0.9884
787,complex problems,1442,lsadmin reconfig command checks,0.9871
787,complex problems,1448,badmin reconfig command checks,0.9866
787,complex problems,1990,bjobs displays,0.9865
787,complex problems,1467,badmin mbdrestart command checks,0.9864
787,complex problems,1627,command output,0.9855
787,complex problems,1900,LIM messages,0.9851
788,simulation scenarios,2171,scenarios,1.0000
788,simulation scenarios,2172,Many additional scenarios,0.9982
788,simulation scenarios,281,specific situations,0.9976
788,simulation scenarios,1885,second definition,0.9973
788,simulation scenarios,674,largest memory peak,0.9972
788,simulation scenarios,2175,n3 State,0.9971
788,simulation scenarios,145,second key,0.9970
788,simulation scenarios,853,Total virtual memory usage,0.9970
788,simulation scenarios,852,Total resident memory usage,0.9970
788,simulation scenarios,1157,product entitlement version array,0.9970
789,extensive calculations,837,calculations,1.0000
789,extensive calculations,1581,executable program,0.9979
789,extensive calculations,518,few tools,0.9978
789,extensive calculations,523,various reports,0.9978
789,extensive calculations,135,best way,0.9977
789,extensive calculations,757,kill signal,0.9977
789,extensive calculations,1336,Wrapper binary executables,0.9977
789,extensive calculations,1364,appropriate libraries,0.9977
789,extensive calculations,1100,few minutes,0.9976
789,extensive calculations,55,similar tool,0.9976
791,Job files,323,job completion records,0.9978
791,Job files,1334,complete job submission,0.9977
791,Job files,924,remote jobs access,0.9976
791,Job files,1373,easy job submission,0.9975
791,Job files,192,job completion plugin,0.9974
791,Job files,199,job completion data,0.9970
791,Job files,1381,additional jobs,0.9970
791,Job files,1740,job RES,0.9969
791,Job files,1481,job state,0.9968
791,Job files,25,detailed job,0.9967
792,conditions,900,scheduling conditions,0.9989
792,conditions,2143,other subset,0.9966
792,conditions,2125,different subsets,0.9966
792,conditions,877,load condition,0.9965
792,conditions,780,single machine,0.9963
792,conditions,1229,different scheduling policies,0.9962
792,conditions,161,authentication module,0.9961
792,conditions,75,authentication,0.9961
792,conditions,685,other tools,0.9960
792,conditions,2085,other aspects,0.9959
794,Bourne shell script,1341,shell script,1.0000
794,Bourne shell script,1342,wrapper script,0.9993
794,Bourne shell script,1335,Wrapper shell scripts,0.9991
794,Bourne shell script,230,mysql_config script,0.9986
794,Bourne shell script,1638,profile.lsf script,0.9986
794,Bourne shell script,1968,environment variable,0.9981
794,Bourne shell script,1173,LSF_ENVDIR environment variable,0.9981
794,Bourne shell script,1035,Remote execution server,0.9979
794,Bourne shell script,1714,current working,0.9979
794,Bourne shell script,180,primary instance,0.9978
795,execution time,872,startup time,0.9988
795,execution time,1261,execution scripts,0.9983
795,execution time,1810,time zones,0.9980
795,execution time,524,time period,0.9980
795,execution time,253,recovery times,0.9980
795,execution time,39,time,0.9980
795,execution time,783,execution,0.9978
795,execution time,1416,b. Change,0.9976
795,execution time,1614,incorrect installation,0.9975
795,execution time,393,system build time,0.9973
796,Windows,954,Microsoft Windows,1.0000
796,Windows,1701,Windows passwords,0.9956
796,Windows,517,Tools,0.9955
796,Windows,529,party tools,0.9955
796,Windows,538,exporter tool,0.9952
796,Windows,572,physics parent,0.9950
796,Windows,1733,parent,0.9950
796,Windows,1704,Windows password authentication,0.9949
796,Windows,1362,Binary code,0.9948
796,Windows,1356,Wrapper binary programs,0.9947
797,batch file,929,NFS file systems,0.9975
797,batch file,727,File systems,0.9975
797,batch file,932,Andrew File System,0.9975
797,batch file,1705,file system environment,0.9966
797,batch file,1025,Batch events,0.9966
797,batch file,1471,system startup files,0.9965
797,batch file,814,batch processing features,0.9950
797,batch file,1202,system configuration,0.9949
797,batch file,1515,system PATH,0.9949
797,batch file,412,larger systems,0.9947
798,Interactive batch job,1296,batch interactive job,1.0000
798,Interactive batch job,583,job submission command,0.9972
798,Interactive batch job,1262,Submit batch jobs,0.9968
798,Interactive batch job,799,batch job,0.9964
798,Interactive batch job,1264,Display job status,0.9964
798,Interactive batch job,1282,job command sleep,0.9962
798,Interactive batch job,1529,interactive job execution,0.9946
798,Interactive batch job,939,job output,0.9931
798,Interactive batch job,35,job completion information,0.9930
798,Interactive batch job,1294,find job output,0.9928
799,batch job,1262,Submit batch jobs,0.9992
799,batch job,921,batch job runs,0.9967
799,batch job,1296,batch interactive job,0.9964
799,batch job,798,Interactive batch job,0.9964
799,batch job,1264,Display job status,0.9957
799,batch job,807,new job,0.9930
799,batch job,583,job submission command,0.9926
799,batch job,1603,Submit jobs,0.9892
799,batch job,333,job information,0.9890
799,batch job,923,job runs,0.9885
800,application,1017,Application profiles,1.0000
800,application,1260,executable applications,0.9969
800,application,1261,execution scripts,0.9966
800,application,1371,other applications,0.9964
800,application,1531,common application,0.9963
800,application,393,system build time,0.9962
800,application,1985,system call times,0.9959
800,application,795,execution time,0.9957
800,application,99,startup,0.9956
800,application,783,execution,0.9955
801,advantage,1403,IBM Passport Advantage,1.0000
801,advantage,1188,minus sign,0.9976
801,advantage,1247,ut pg io ls,0.9975
801,advantage,1610,best advantage,0.9975
801,advantage,2237,cgroup plugin,0.9974
801,advantage,1511,ID mode bit,0.9974
801,advantage,2013,c. Migrate,0.9974
801,advantage,536,various graphs,0.9974
801,advantage,1235,owners,0.9973
801,advantage,359,MUNGE authentication,0.9973
802,LSF scheduling policies,723,LSF basic terms,0.9980
802,LSF scheduling policies,833,LSF binary files,0.9974
802,LSF scheduling policies,968,cluster_name,0.9966
802,LSF scheduling policies,1519,LSF executable files,0.9965
802,LSF scheduling policies,1505,sparc,0.9961
802,LSF scheduling policies,1395,LSF distribution files,0.9960
802,LSF scheduling policies,1107,LSF configuration files,0.9958
802,LSF scheduling policies,1094,LSF operating environment,0.9953
802,LSF scheduling policies,1376,other advanced LSF features,0.9948
802,LSF scheduling policies,1969,many times LSF,0.9948
803,tolerance,949,fault tolerance,0.9981
803,tolerance,308,insensitive collation,0.9957
803,tolerance,1668,localhost myhostname,0.9955
803,tolerance,490,month,0.9955
803,tolerance,1235,owners,0.9955
803,tolerance,485,form,0.9955
803,tolerance,1363,source code,0.9954
803,tolerance,666,gathered metrics,0.9954
803,tolerance,649,metrics,0.9954
803,tolerance,539,performance metrics,0.9953
804,input,1363,source code,0.9974
804,input,485,form,0.9971
804,input,2013,c. Migrate,0.9970
804,input,359,MUNGE authentication,0.9970
804,input,51,pathname,0.9967
804,input,397,qualified pathname,0.9967
804,input,1188,minus sign,0.9966
804,input,1087,csh,0.9966
804,input,1937,RES binary,0.9965
804,input,1235,owners,0.9965
805,terminal,674,largest memory peak,0.9978
805,terminal,1157,product entitlement version array,0.9976
805,terminal,955,products,0.9975
805,terminal,853,Total virtual memory usage,0.9975
805,terminal,852,Total resident memory usage,0.9975
805,terminal,686,TresUsage * fields,0.9975
805,terminal,308,insensitive collation,0.9974
805,terminal,539,performance metrics,0.9974
805,terminal,690,average memory peaks,0.9974
805,terminal,1356,Wrapper binary programs,0.9974
806,interactive job,843,schedule jobs,0.9993
806,interactive job,188,job completion,0.9991
806,interactive job,1230,dispatch jobs,0.9989
806,interactive job,892,job submission,0.9988
806,interactive job,1265,job ID,0.9986
806,interactive job,1285,job report,0.9986
806,interactive job,766,running job,0.9985
806,interactive job,681,other jobs,0.9984
806,interactive job,842,job requirements,0.9984
806,interactive job,778,parallel jobs,0.9984
807,new job,1264,Display job status,0.9958
807,new job,1603,Submit jobs,0.9955
807,new job,923,job runs,0.9945
807,new job,1262,Submit batch jobs,0.9943
807,new job,799,batch job,0.9930
807,new job,939,job output,0.9923
807,new job,333,job information,0.9921
807,new job,921,batch job runs,0.9921
807,new job,681,other jobs,0.9919
807,new job,1230,dispatch jobs,0.9918
808,Interactive task,818,Local task,0.9991
808,Interactive task,2123,Different tasks,0.9984
808,Interactive task,642,task level,0.9980
808,Interactive task,682,many tasks,0.9976
808,Interactive task,821,Remote task,0.9973
808,Interactive task,2128,task plugin,0.9968
808,Interactive task,835,CPU speed scaling factor,0.9941
808,Interactive task,2102,available CPUs,0.9940
808,Interactive task,2166,CPU Management,0.9936
808,Interactive task,2138,CPU Management Steps,0.9936
809,batch queue,1483,queue administrator,0.9955
809,batch queue,953,new installation,0.9902
809,batch queue,958,new UNIX,0.9899
809,batch queue,623,change,0.9897
809,batch queue,2039,new work,0.9888
809,batch queue,1262,Submit batch jobs,0.9887
809,batch queue,2016,new directory structure changes,0.9886
809,batch queue,921,batch job runs,0.9885
809,batch queue,461,storage host system,0.9884
809,batch queue,962,new Windows installation,0.9877
810,resources,1583,quantifiable resource,1.0000
810,resources,845,configured resources,1.0000
810,resources,859,non-shared resources,1.0000
810,resources,650,Trackable Resources,1.0000
810,resources,1535,critical resources,0.9946
810,resources,1315,necessary resources,0.9934
810,resources,869,Static resources,0.9933
810,resources,2188,resource fragmentation,0.9926
810,resources,896,resource consumers,0.9925
810,resources,1558,license resources,0.9924
811,best host,915,first host,0.9995
811,best host,812,candidate hosts,0.9995
811,best host,873,appropriate hosts,0.9995
811,best host,1751,HOSTS definition,0.9994
811,best host,1955,host host_name,0.9994
811,best host,1785,Host Architecture,0.9993
811,best host,460,local host,0.9992
811,best host,948,submission host,0.9992
811,best host,1328,remote hosts,0.9991
811,best host,1569,different hosts,0.9991
812,candidate hosts,873,appropriate hosts,0.9995
812,candidate hosts,915,first host,0.9995
812,candidate hosts,811,best host,0.9995
812,candidate hosts,1955,host host_name,0.9994
812,candidate hosts,1751,HOSTS definition,0.9994
812,candidate hosts,1785,Host Architecture,0.9993
812,candidate hosts,460,local host,0.9992
812,candidate hosts,1328,remote hosts,0.9991
812,candidate hosts,1766,multiple hosts,0.9989
812,candidate hosts,948,submission host,0.9989
813,single process,684,processes,0.9975
813,single process,1731,process groups,0.9970
813,single process,114,single location,0.9969
813,single process,780,single machine,0.9963
813,single process,513,Purge process,0.9961
813,single process,1745,child processes,0.9953
813,single process,244,available memory,0.9953
813,single process,1734,child process group,0.9949
813,single process,779,single process queue,0.9946
813,single process,1925,root job submission,0.9943
814,batch processing features,1993,system call,0.9973
814,batch processing features,412,larger systems,0.9969
814,batch processing features,393,system build time,0.9968
814,batch processing features,1202,system configuration,0.9968
814,batch processing features,2034,old EGO work directory,0.9968
814,batch processing features,1985,system call times,0.9967
814,batch processing features,1756,lsbatch system,0.9965
814,batch processing features,1833,setuid root command,0.9965
814,batch processing features,827,operating system,0.9964
814,batch processing features,1713,current working directory,0.9964
815,resource requirements,1566,resource map,0.9993
815,resource requirements,10,resource usage,0.9991
815,resource requirements,1552,End Resource,0.9988
815,resource requirements,1611,external resources,0.9986
815,resource requirements,1315,necessary resources,0.9984
815,resource requirements,1608,resource requirement string,0.9984
815,resource requirements,896,resource consumers,0.9984
815,resource requirements,2027,EGO resource group,0.9983
815,resource requirements,1001,specific resources,0.9983
815,resource requirements,871,Most static resources,0.9981
816,selection,2177,minimum,0.9976
816,selection,2058,threads,0.9968
816,selection,1891,maximum,0.9965
816,selection,1894,maximum length,0.9965
816,selection,156,distinct local domain sockets,0.9959
816,selection,1789,Total Threads,0.9956
816,selection,437,MySQL connection i d,0.9955
816,selection,2212,cyclic,0.9953
816,selection,2104,robin fashion,0.9950
816,selection,2064,Step 1slurm.conf parameterPossible valuesDescription,0.9945
817,load,12,load imbalance,0.9977
817,load,862,External load,0.9972
817,load,877,load condition,0.9964
817,load,901,load values,0.9964
817,load,1826,program load,0.9964
817,load,848,load thresholds,0.9964
817,load,881,load levels,0.9960
817,load,858,Load indices,0.9958
817,load,1186,marks load indexes,0.9958
817,load,899,load index values,0.9958
818,Local task,2123,Different tasks,0.9994
818,Local task,808,Interactive task,0.9991
818,Local task,642,task level,0.9989
818,Local task,682,many tasks,0.9986
818,Local task,821,Remote task,0.9985
818,Local task,2128,task plugin,0.9980
818,Local task,835,CPU speed scaling factor,0.9963
818,Local task,1771,incorrect CPU factors,0.9955
818,Local task,2138,CPU Management Steps,0.9954
818,Local task,876,relative CPU speed,0.9954
820,ls command,1089,source command,0.9994
820,ls command,904,lsfinstall -f install.config command,0.9992
820,ls command,1450,hostsetup command,0.9981
820,ls command,1133,bqueues command,0.9976
820,ls command,1255,basic commands,0.9975
820,ls command,1306,bstop command,0.9975
820,ls command,2148,several commands,0.9974
820,ls command,1808,* commands,0.9974
820,ls command,1312,bresume command,0.9973
820,ls command,1815,command request,0.9971
821,Remote task,682,many tasks,0.9994
821,Remote task,2128,task plugin,0.9989
821,Remote task,642,task level,0.9986
821,Remote task,818,Local task,0.9985
821,Remote task,2123,Different tasks,0.9980
821,Remote task,11,individual tasks,0.9979
821,Remote task,808,Interactive task,0.9973
821,Remote task,876,relative CPU speed,0.9971
821,Remote task,835,CPU speed scaling factor,0.9970
821,Remote task,2144,CPU usage,0.9968
822,Host types,823,host models,0.9988
822,Host types,1412,new host type,0.9978
822,Host types,1887,host model model,0.9976
822,Host types,1795,host type name,0.9969
822,Host types,1800,new host model,0.9965
822,Host types,1582,same host,0.9942
822,Host types,1850,equivalent host,0.9941
822,Host types,1660,official host,0.9941
822,Host types,1903,non-LSF host,0.9941
822,Host types,1187,host status,0.9941
823,host models,1887,host model model,0.9992
823,host models,822,Host types,0.9988
823,host models,1800,new host model,0.9980
823,host models,1412,new host type,0.9976
823,host models,1795,host type name,0.9968
823,host models,1700,Windows hosts,0.9961
823,host models,1582,same host,0.9958
823,host models,1103,management host,0.9957
823,host models,178,backup host,0.9957
823,host models,1802,host model entries,0.9955
824,type X86_,1790,Matched Type,1.0000
824,type X86_,204,Type,1.0000
824,type X86_,1792,Matched Model,0.9943
824,type X86_,985,models,0.9943
824,type X86_,831,same type,0.9934
824,type X86_,1887,host model model,0.9927
824,type X86_,822,Host types,0.9923
824,type X86_,1272,appropriate host type,0.9923
824,type X86_,1795,host type name,0.9913
824,type X86_,1774,DEFAULT host type,0.9911
826,LSF host type,834,LSF host model,0.9994
826,LSF host type,914,LSF management host,0.9968
826,LSF host type,1168,current LSF management host,0.9955
826,LSF host type,1169,LSF management host name,0.9952
826,LSF host type,916,LSF server hosts,0.9941
826,LSF host type,1474,IBM Platform LSF Cluster Management,0.9919
826,LSF host type,1210,LSF batch server hosts,0.9919
826,LSF host type,2037,new LSF cluster,0.9918
826,LSF host type,1454,IBM Spectrum LSF Cluster Management,0.9916
826,LSF host type,1085,LSF Cluster Management,0.9916
827,operating system,412,larger systems,0.9994
827,operating system,1515,system PATH,0.9992
827,operating system,481,system utilization,0.9988
827,operating system,1756,lsbatch system,0.9979
827,operating system,1202,system configuration,0.9979
827,operating system,1993,system call,0.9979
827,operating system,393,system build time,0.9976
827,operating system,1469,system startup,0.9976
827,operating system,1705,file system environment,0.9971
827,operating system,1713,current working directory,0.9970
828,host CPU architecture,2170,CPU Management Examples,0.9953
828,host CPU architecture,2042,CPU Management User,0.9940
828,host CPU architecture,2147,CPU management information,0.9906
828,host CPU architecture,2114,same node,0.9900
828,host CPU architecture,695,single task processes,0.9886
828,host CPU architecture,304,sensitive one,0.9877
828,host CPU architecture,2166,CPU Management,0.9867
828,host CPU architecture,388,node name,0.9866
828,host CPU architecture,4,job step,0.9857
828,host CPU architecture,216,partition,0.9848
829,same operating system,1983,new connections,0.9968
829,same operating system,91,new version,0.9966
829,same operating system,827,operating system,0.9965
829,same operating system,2039,new work,0.9965
829,same operating system,1258,current system load information,0.9962
829,same operating system,1956,new configuration,0.9961
829,same operating system,1513,level installation directory,0.9960
829,same operating system,713,reconfigure cluster properties,0.9960
829,same operating system,1261,execution scripts,0.9958
829,same operating system,393,system build time,0.9957
830,same computer architecture,2124,same subset,0.9985
830,same computer architecture,173,same UID,0.9980
830,same computer architecture,1827,available swap space,0.9979
830,same computer architecture,1823,enough available memory,0.9977
830,same computer architecture,501,sure old records,0.9977
830,same computer architecture,244,available memory,0.9975
830,same computer architecture,895,different classes,0.9974
830,same computer architecture,1461,other references,0.9973
830,same computer architecture,603,same level,0.9973
830,same computer architecture,1646,other instances,0.9972
831,same type,1272,appropriate host type,0.9971
831,same type,1774,DEFAULT host type,0.9967
831,same type,1776,DEFAULT host model,0.9957
831,same type,1778,automatic host model,0.9952
831,same type,1889,many host models,0.9952
831,same type,1757,Unknown host type,0.9951
831,same type,1802,host model entries,0.9951
831,same type,446,database storage host,0.9947
831,same type,1792,Matched Model,0.9941
831,same type,985,models,0.9941
832,different set,543,accounting associations,0.9938
832,different set,585,other associations,0.9933
832,different set,284,database version,0.9929
832,different set,540,Database Configuration,0.9929
832,different set,248,large Slurm databases,0.9928
832,different set,2167,Accounting limits,0.9927
832,different set,297,Slurm database,0.9926
832,different set,499,production database,0.9923
832,different set,221,database support,0.9923
832,different set,459,database slurm_acct_db,0.9923
833,LSF binary files,1519,LSF executable files,0.9996
833,LSF binary files,1107,LSF configuration files,0.9992
833,LSF binary files,723,LSF basic terms,0.9974
833,LSF binary files,802,LSF scheduling policies,0.9974
833,LSF binary files,1969,many times LSF,0.9965
833,LSF binary files,1094,LSF operating environment,0.9964
833,LSF binary files,968,cluster_name,0.9959
833,LSF binary files,1473,automatic LSF startup,0.9958
833,LSF binary files,1422,IBM ® Spectrum LSF Configuration Reference,0.9958
833,LSF binary files,1659,LSF client LIM,0.9956
834,LSF host model,826,LSF host type,0.9994
834,LSF host model,914,LSF management host,0.9980
834,LSF host model,1168,current LSF management host,0.9963
834,LSF host model,916,LSF server hosts,0.9958
834,LSF host model,1169,LSF management host name,0.9951
834,LSF host model,1474,IBM Platform LSF Cluster Management,0.9933
834,LSF host model,1085,LSF Cluster Management,0.9929
834,LSF host model,1454,IBM Spectrum LSF Cluster Management,0.9929
834,LSF host model,1210,LSF batch server hosts,0.9927
834,LSF host model,2037,new LSF cluster,0.9923
835,CPU speed scaling factor,876,relative CPU speed,0.9995
835,CPU speed scaling factor,1771,incorrect CPU factors,0.9990
835,CPU speed scaling factor,2163,physical CPU layout,0.9990
835,CPU speed scaling factor,682,many tasks,0.9971
835,CPU speed scaling factor,2138,CPU Management Steps,0.9970
835,CPU speed scaling factor,2153,Slurm abstract CPU ids,0.9970
835,CPU speed scaling factor,821,Remote task,0.9970
835,CPU speed scaling factor,2144,CPU usage,0.9970
835,CPU speed scaling factor,642,task level,0.9969
835,CPU speed scaling factor,2202,second node,0.9967
837,calculations,789,extensive calculations,1.0000
837,calculations,1581,executable program,0.9979
837,calculations,518,few tools,0.9978
837,calculations,523,various reports,0.9978
837,calculations,135,best way,0.9977
837,calculations,757,kill signal,0.9977
837,calculations,1336,Wrapper binary executables,0.9977
837,calculations,1364,appropriate libraries,0.9977
837,calculations,1100,few minutes,0.9976
837,calculations,55,similar tool,0.9976
838,CPU factor,2107,specific CPUs,0.9996
838,CPU factor,2186,unique CPUs,0.9995
838,CPU factor,2144,CPU usage,0.9990
838,CPU factor,2069,logical CPUs,0.9987
838,CPU factor,11,individual tasks,0.9976
838,CPU factor,2197,Task id,0.9975
838,CPU factor,2154,hardware CPU ids,0.9966
838,CPU factor,876,relative CPU speed,0.9961
838,CPU factor,2201,first node,0.9958
838,CPU factor,2128,task plugin,0.9958
839,LSF resources,1401,LSF releases,0.9926
839,LSF resources,1539,LSF updates,0.9921
839,LSF resources,1317,root lsf,0.9919
839,LSF resources,1162,IBM Spectrum LSF Standard Edition,0.9919
839,LSF resources,1612,Administering IBM ® Spectrum LSF,0.9918
839,LSF resources,721,LSF terms,0.9914
839,LSF resources,1861,Read LSF Guide,0.9912
839,LSF resources,1359,LSF API,0.9912
839,LSF resources,785,LSF schedules,0.9910
839,LSF resources,918,LSF client,0.9907
840,objects,1580,ELIM program,0.9976
840,objects,1636,symbolic link,0.9974
840,objects,1581,executable program,0.9973
840,objects,1564,RESOURCENAME LOCATION,0.9973
840,objects,1370,closer integration,0.9973
840,objects,176,backup instance,0.9972
840,objects,55,similar tool,0.9972
840,objects,69,better security,0.9971
840,objects,1336,Wrapper binary executables,0.9971
840,objects,1717,automount maps,0.9971
841,LSF system resources,1404,LSF System Requirements,0.9957
841,LSF system resources,849,fair share scheduling,0.9941
841,LSF system resources,1084,LSF execution environment,0.9939
841,LSF system resources,709,important LSF directories,0.9926
841,LSF system resources,1094,LSF operating environment,0.9923
841,LSF system resources,1256,LSF batch scheduler,0.9915
841,LSF system resources,1201,LSF batch workload,0.9915
841,LSF system resources,1379,LSF installation script lsfinstall,0.9914
841,LSF system resources,1117,LSF installation,0.9914
841,LSF system resources,1473,automatic LSF startup,0.9913
842,job requirements,1285,job report,0.9993
842,job requirements,778,parallel jobs,0.9992
842,job requirements,1274,complete job,0.9991
842,job requirements,892,job submission,0.9991
842,job requirements,25,detailed job,0.9990
842,job requirements,766,running job,0.9990
842,job requirements,1347,job abc_real,0.9989
842,job requirements,1259,most jobs,0.9989
842,job requirements,188,job completion,0.9988
842,job requirements,1481,job state,0.9988
843,schedule jobs,1230,dispatch jobs,0.9994
843,schedule jobs,806,interactive job,0.9993
843,schedule jobs,188,job completion,0.9992
843,schedule jobs,892,job submission,0.9990
843,schedule jobs,1285,job report,0.9987
843,schedule jobs,766,running job,0.9987
843,schedule jobs,1265,job ID,0.9986
843,schedule jobs,842,job requirements,0.9985
843,schedule jobs,939,job output,0.9985
843,schedule jobs,681,other jobs,0.9984
844,individual hosts,1785,Host Architecture,0.9994
844,individual hosts,1751,HOSTS definition,0.9992
844,individual hosts,915,first host,0.9991
844,individual hosts,1699,client host,0.9990
844,individual hosts,1918,RES host,0.9989
844,individual hosts,1748,unknown host,0.9989
844,individual hosts,1955,host host_name,0.9989
844,individual hosts,873,appropriate hosts,0.9989
844,individual hosts,1437,End Host,0.9988
844,individual hosts,1328,remote hosts,0.9988
845,configured resources,810,resources,1.0000
845,configured resources,650,Trackable Resources,1.0000
845,configured resources,859,non-shared resources,1.0000
845,configured resources,1583,quantifiable resource,1.0000
845,configured resources,1535,critical resources,0.9946
845,configured resources,1315,necessary resources,0.9934
845,configured resources,869,Static resources,0.9933
845,configured resources,2188,resource fragmentation,0.9926
845,configured resources,896,resource consumers,0.9925
845,configured resources,1556,resources license,0.9924
846,resource availability,2113,resource sharing,0.9994
846,resource availability,896,resource consumers,0.9994
846,resource availability,2188,resource fragmentation,0.9992
846,resource availability,869,Static resources,0.9992
846,resource availability,1001,specific resources,0.9992
846,resource availability,1434,mem RESOURCES REXPRI,0.9990
846,resource availability,10,resource usage,0.9990
846,resource availability,1535,critical resources,0.9989
846,resource availability,1315,necessary resources,0.9989
846,resource availability,1552,End Resource,0.9986
847,resource limits,615,Resource Limits document,0.9990
847,resource limits,1250,Resource usage limits,0.9985
847,resource limits,612,Resource Limits web page,0.9976
847,resource limits,887,Runtime resource usage limits,0.9968
847,resource limits,21,resource accounting,0.9962
847,resource limits,1572,available resources,0.9945
847,resource limits,1065,other shared resources,0.9940
847,resource limits,856,level resource usage,0.9936
847,resource limits,815,resource requirements,0.9930
847,resource limits,10,resource usage,0.9924
848,load thresholds,1008,scheduling load thresholds,0.9989
848,load thresholds,881,load levels,0.9976
848,load thresholds,877,load condition,0.9975
848,load thresholds,901,load values,0.9971
848,load thresholds,1127,current load levels,0.9971
848,load thresholds,1251,Scheduling threshold values,0.9969
848,load thresholds,862,External load,0.9969
848,load thresholds,1826,program load,0.9964
848,load thresholds,817,load,0.9964
848,load thresholds,886,threshold values,0.9963
849,fair share scheduling,1095,LSF cluster,0.9943
849,fair share scheduling,841,LSF system resources,0.9941
849,fair share scheduling,774,LSF host,0.9932
849,fair share scheduling,864,LSF administrator,0.9923
849,fair share scheduling,1723,LSF administrator mailbox,0.9923
849,fair share scheduling,1404,LSF System Requirements,0.9921
849,fair share scheduling,709,important LSF directories,0.9917
849,fair share scheduling,972,primary LSF administrator,0.9915
849,fair share scheduling,1256,LSF batch scheduler,0.9912
849,fair share scheduling,1201,LSF batch workload,0.9904
850,kinds,852,Total resident memory usage,0.9976
850,kinds,853,Total virtual memory usage,0.9976
850,kinds,1343,simple interface,0.9973
850,kinds,281,specific situations,0.9973
850,kinds,538,exporter tool,0.9972
850,kinds,674,largest memory peak,0.9972
850,kinds,536,various graphs,0.9972
850,kinds,686,TresUsage * fields,0.9971
850,kinds,208,arbitrary text string,0.9971
850,kinds,1157,product entitlement version array,0.9970
851,Total CPU time,646,many parallel tasks,0.9978
851,Total CPU time,1771,incorrect CPU factors,0.9977
851,Total CPU time,2138,CPU Management Steps,0.9955
851,Total CPU time,2153,Slurm abstract CPU ids,0.9950
851,Total CPU time,835,CPU speed scaling factor,0.9949
851,Total CPU time,695,single task processes,0.9943
851,Total CPU time,2166,CPU Management,0.9936
851,Total CPU time,2170,CPU Management Examples,0.9928
851,Total CPU time,818,Local task,0.9925
851,Total CPU time,876,relative CPU speed,0.9924
852,Total resident memory usage,853,Total virtual memory usage,1.0000
852,Total resident memory usage,690,average memory peaks,0.9990
852,Total resident memory usage,674,largest memory peak,0.9990
852,Total resident memory usage,539,performance metrics,0.9987
852,Total resident memory usage,281,specific situations,0.9986
852,Total resident memory usage,693,much memory,0.9986
852,Total resident memory usage,652,memory,0.9986
852,Total resident memory usage,775,individual computer,0.9986
852,Total resident memory usage,70,performance,0.9982
852,Total resident memory usage,1885,second definition,0.9982
853,Total virtual memory usage,852,Total resident memory usage,1.0000
853,Total virtual memory usage,690,average memory peaks,0.9990
853,Total virtual memory usage,674,largest memory peak,0.9990
853,Total virtual memory usage,539,performance metrics,0.9987
853,Total virtual memory usage,281,specific situations,0.9986
853,Total virtual memory usage,693,much memory,0.9986
853,Total virtual memory usage,652,memory,0.9986
853,Total virtual memory usage,775,individual computer,0.9986
853,Total virtual memory usage,70,performance,0.9982
853,Total virtual memory usage,1885,second definition,0.9982
854,active process group ID,351,policies,0.9954
854,active process group ID,1248,SCHEDULING POLICIES,0.9952
854,active process group ID,1669,IPv6 address,0.9950
854,active process group ID,1236,priority,0.9948
854,active process group ID,1180,swp mem,0.9941
854,active process group ID,670,maximum memory peak,0.9939
854,active process group ID,2104,robin fashion,0.9938
854,active process group ID,1787,Total Processors,0.9937
854,active process group ID,855,active processes,0.9937
854,active process group ID,696,maximum memory,0.9937
855,active processes,854,active process group ID,0.9937
855,active processes,442,Query OK,0.9936
855,active processes,1252,loadStop,0.9930
855,active processes,2104,robin fashion,0.9918
855,active processes,1237,night,0.9916
855,active processes,560,hierarchical fashion,0.9901
855,active processes,437,MySQL connection i d,0.9901
855,active processes,1669,IPv6 address,0.9876
855,active processes,1441,hostd,0.9873
855,active processes,156,distinct local domain sockets,0.9871
856,level resource usage,1608,resource requirement string,0.9993
856,level resource usage,871,Most static resources,0.9984
856,level resource usage,2027,EGO resource group,0.9983
856,level resource usage,1065,other shared resources,0.9981
856,level resource usage,10,resource usage,0.9977
856,level resource usage,887,Runtime resource usage limits,0.9977
856,level resource usage,815,resource requirements,0.9974
856,level resource usage,1566,resource map,0.9973
856,level resource usage,1611,external resources,0.9972
856,level resource usage,612,Resource Limits web page,0.9970
858,Load indices,1186,marks load indexes,1.0000
858,Load indices,1577,first load index,0.9993
858,Load indices,1538,external load indexes,0.9992
858,Load indices,884,specific load index,0.9991
858,Load indices,1579,second load index,0.9990
858,Load indices,1576,first external load index,0.9986
858,Load indices,1578,second external load index,0.9984
858,Load indices,899,load index values,0.9984
858,Load indices,12,load imbalance,0.9974
858,Load indices,862,External load,0.9970
859,non-shared resources,810,resources,1.0000
859,non-shared resources,845,configured resources,1.0000
859,non-shared resources,1583,quantifiable resource,1.0000
859,non-shared resources,650,Trackable Resources,1.0000
859,non-shared resources,1535,critical resources,0.9946
859,non-shared resources,1315,necessary resources,0.9934
859,non-shared resources,869,Static resources,0.9933
859,non-shared resources,2188,resource fragmentation,0.9926
859,non-shared resources,896,resource consumers,0.9925
859,non-shared resources,1558,license resources,0.9924
860,LIM,1959,LIM restart,0.9990
860,LIM,1440,Restart LIM,0.9990
860,LIM,1652,master LIM,0.9958
860,LIM,1105,# bctrld stop,0.9955
860,LIM,1097,# bctrld start,0.9950
860,LIM,1648,local LIM,0.9945
860,LIM,1630,# bctrld restart lim,0.9943
860,LIM,381,second MUNGE daemon,0.9940
860,LIM,1859,Service lim,0.9939
860,LIM,1858,LIM service,0.9939
861,fixed time intervals,1645,Communication time,0.9994
861,fixed time intervals,239,first time,0.9993
861,fixed time intervals,1817,Network Time Protocol,0.9992
861,fixed time intervals,19,particular time interval,0.9987
861,fixed time intervals,40,completion time,0.9986
861,fixed time intervals,403,configure time,0.9980
861,fixed time intervals,947,copy result files,0.9978
861,fixed time intervals,501,sure old records,0.9977
861,fixed time intervals,180,primary instance,0.9976
861,fixed time intervals,97,local storage,0.9976
862,External load,1826,program load,0.9990
862,External load,12,load imbalance,0.9990
862,External load,1538,external load indexes,0.9987
862,External load,881,load levels,0.9984
862,External load,1578,second external load index,0.9983
862,External load,1576,first external load index,0.9983
862,External load,880,loadStop load threshold,0.9980
862,External load,899,load index values,0.9978
862,External load,1912,external load index name,0.9974
862,External load,1579,second load index,0.9974
864,LSF administrator,1723,LSF administrator mailbox,1.0000
864,LSF administrator,745,LSF system,0.9974
864,LSF administrator,1117,LSF installation,0.9970
864,LSF administrator,1256,LSF batch scheduler,0.9956
864,LSF administrator,716,LSF problems,0.9941
864,LSF administrator,1095,LSF cluster,0.9937
864,LSF administrator,1082,LSF environment,0.9931
864,LSF administrator,1651,LSF applications,0.9926
864,LSF administrator,849,fair share scheduling,0.9923
864,LSF administrator,712,LSF daemons,0.9919
865,External Load Information Manager,1034,Load information manager,0.9991
865,External Load Information Manager,1828,more swap space,0.9969
865,External Load Information Manager,1127,current load levels,0.9967
865,External Load Information Manager,559,accounting reports,0.9963
865,External Load Information Manager,861,fixed time intervals,0.9962
865,External Load Information Manager,239,first time,0.9962
865,External Load Information Manager,1817,Network Time Protocol,0.9961
865,External Load Information Manager,595,accounting privileges,0.9959
865,External Load Information Manager,419,accounting storage mechanism,0.9958
865,External Load Information Manager,19,particular time interval,0.9957
866,ELIM,1580,ELIM program,0.9992
866,ELIM,69,better security,0.9981
866,ELIM,1366,wrapper shell,0.9980
866,ELIM,208,arbitrary text string,0.9980
866,ELIM,1345,rename abc,0.9980
866,ELIM,1717,automount maps,0.9980
866,ELIM,1100,few minutes,0.9979
866,ELIM,1092,bash shell,0.9979
866,ELIM,1088,tcsh shell,0.9979
866,ELIM,1824,swap space,0.9979
867,program,1541,binary program,0.9994
867,program,1580,ELIM program,0.9993
867,program,1581,executable program,0.9992
867,program,1356,Wrapper binary programs,0.9992
867,program,1336,Wrapper binary executables,0.9985
867,program,1362,Binary code,0.9984
867,program,55,similar tool,0.9983
867,program,407,security purposes,0.9983
867,program,208,arbitrary text string,0.9983
867,program,69,better security,0.9983
868,new values,1457,current default management host,0.9966
868,new values,1983,new connections,0.9966
868,new values,91,new version,0.9964
868,new values,92,same time,0.9964
868,new values,1386,new queue definition,0.9959
868,new values,2025,cluster define,0.9959
868,new values,86,sacctmgr list cluster,0.9958
868,new values,2039,new work,0.9957
868,new values,1458,different default management host,0.9956
868,new values,713,reconfigure cluster properties,0.9956
869,Static resources,896,resource consumers,0.9994
869,Static resources,1535,critical resources,0.9993
869,Static resources,2188,resource fragmentation,0.9992
869,Static resources,846,resource availability,0.9992
869,Static resources,1315,necessary resources,0.9992
869,Static resources,2113,resource sharing,0.9990
869,Static resources,1434,mem RESOURCES REXPRI,0.9988
869,Static resources,1001,specific resources,0.9986
869,Static resources,10,resource usage,0.9986
869,Static resources,1549,license1 resource,0.9984
870,host information,1191,hosts time,0.9937
870,host information,1103,management host,0.9933
870,host information,1380,new hosts,0.9932
870,host information,552,more clusters,0.9930
870,host information,1904,new information,0.9929
870,host information,1582,same host,0.9928
870,host information,754,execution host,0.9926
870,host information,2007,new cluster,0.9924
870,host information,1800,new host model,0.9923
870,host information,1464,other host,0.9922
871,Most static resources,1608,resource requirement string,0.9992
871,Most static resources,2027,EGO resource group,0.9988
871,Most static resources,1566,resource map,0.9985
871,Most static resources,856,level resource usage,0.9984
871,Most static resources,1611,external resources,0.9982
871,Most static resources,815,resource requirements,0.9981
871,Most static resources,1552,End Resource,0.9981
871,Most static resources,10,resource usage,0.9977
871,Most static resources,1001,specific resources,0.9971
871,Most static resources,1065,other shared resources,0.9970
872,startup time,795,execution time,0.9988
872,startup time,524,time period,0.9986
872,startup time,39,time,0.9986
872,startup time,1810,time zones,0.9986
872,startup time,253,recovery times,0.9986
872,startup time,99,startup,0.9986
872,startup time,40,completion time,0.9980
872,startup time,1614,incorrect installation,0.9974
872,startup time,971,product installation,0.9972
872,startup time,1416,b. Change,0.9972
873,appropriate hosts,1955,host host_name,0.9995
873,appropriate hosts,1751,HOSTS definition,0.9995
873,appropriate hosts,812,candidate hosts,0.9995
873,appropriate hosts,915,first host,0.9995
873,appropriate hosts,811,best host,0.9995
873,appropriate hosts,1785,Host Architecture,0.9994
873,appropriate hosts,948,submission host,0.9993
873,appropriate hosts,460,local host,0.9992
873,appropriate hosts,1328,remote hosts,0.9991
873,appropriate hosts,1437,End Host,0.9991
874,particular jobs,1310,Job owners,0.9995
874,particular jobs,1347,job abc_real,0.9995
874,particular jobs,1304,specific job,0.9995
874,particular jobs,1352,Requeue jobs,0.9994
874,particular jobs,778,parallel jobs,0.9994
874,particular jobs,1214,job slots,0.9994
874,particular jobs,894,job scheduling,0.9993
874,particular jobs,766,running job,0.9992
874,particular jobs,664,job runtime,0.9992
874,particular jobs,25,detailed job,0.9991
875,binary architecture,1541,binary program,0.9992
875,binary architecture,1773,binary incompatibility,0.9992
875,binary architecture,1791,Architecture,0.9992
875,binary architecture,1362,Binary code,0.9992
875,binary architecture,1966,binary upgrade,0.9991
875,binary architecture,1356,Wrapper binary programs,0.9991
875,binary architecture,1357,wrapper binary,0.9991
875,binary architecture,775,individual computer,0.9988
875,binary architecture,1336,Wrapper binary executables,0.9987
875,binary architecture,1560,RELEASE column,0.9987
876,relative CPU speed,835,CPU speed scaling factor,0.9995
876,relative CPU speed,2163,physical CPU layout,0.9993
876,relative CPU speed,2144,CPU usage,0.9979
876,relative CPU speed,1771,incorrect CPU factors,0.9975
876,relative CPU speed,682,many tasks,0.9972
876,relative CPU speed,821,Remote task,0.9971
876,relative CPU speed,11,individual tasks,0.9970
876,relative CPU speed,2128,task plugin,0.9969
876,relative CPU speed,2107,specific CPUs,0.9968
876,relative CPU speed,2202,second node,0.9967
877,load condition,1008,scheduling load thresholds,0.9983
877,load condition,880,loadStop load threshold,0.9983
877,load condition,1826,program load,0.9982
877,load condition,881,load levels,0.9982
877,load condition,12,load imbalance,0.9975
877,load condition,848,load thresholds,0.9975
877,load condition,862,External load,0.9974
877,load condition,1579,second load index,0.9967
877,load condition,1578,second external load index,0.9967
877,load condition,1127,current load levels,0.9966
878,threshold,902,scheduling thresholds,0.9972
878,threshold,886,threshold values,0.9971
878,threshold,1251,Scheduling threshold values,0.9969
878,threshold,925,local data,0.9967
878,threshold,244,available memory,0.9966
878,threshold,501,sure old records,0.9964
878,threshold,848,load thresholds,0.9963
878,threshold,830,same computer architecture,0.9962
878,threshold,1827,available swap space,0.9960
878,threshold,1008,scheduling load thresholds,0.9959
879,suspended jobs,1288,jobs subdirectory,1.0000
879,suspended jobs,2041,Monitoring jobs,1.0000
879,suspended jobs,755,re-runnable job,1.0000
879,suspended jobs,2229,multi-thread job,1.0000
879,suspended jobs,763,hung jobs,1.0000
879,suspended jobs,1314,specified jobs,1.0000
879,suspended jobs,3,job,1.0000
879,suspended jobs,760,UNKWN job,1.0000
879,suspended jobs,1603,Submit jobs,0.9914
879,suspended jobs,751,chunk job,0.9909
880,loadStop load threshold,1826,program load,0.9988
880,loadStop load threshold,1578,second external load index,0.9983
880,loadStop load threshold,877,load condition,0.9983
880,loadStop load threshold,881,load levels,0.9981
880,loadStop load threshold,1008,scheduling load thresholds,0.9980
880,loadStop load threshold,1579,second load index,0.9980
880,loadStop load threshold,1576,first external load index,0.9980
880,loadStop load threshold,862,External load,0.9980
880,loadStop load threshold,12,load imbalance,0.9979
880,loadStop load threshold,884,specific load index,0.9979
881,load levels,1127,current load levels,0.9990
881,load levels,1826,program load,0.9989
881,load levels,862,External load,0.9984
881,load levels,1008,scheduling load thresholds,0.9984
881,load levels,877,load condition,0.9982
881,load levels,880,loadStop load threshold,0.9981
881,load levels,12,load imbalance,0.9981
881,load levels,848,load thresholds,0.9976
881,load levels,1578,second external load index,0.9971
881,load levels,901,load values,0.9969
882,decrease,1157,product entitlement version array,0.9983
882,decrease,955,products,0.9981
882,decrease,219,place upgrades,0.9981
882,decrease,1966,binary upgrade,0.9979
882,decrease,1511,ID mode bit,0.9979
882,decrease,536,various graphs,0.9979
882,decrease,674,largest memory peak,0.9979
882,decrease,1773,binary incompatibility,0.9979
882,decrease,1343,simple interface,0.9978
882,decrease,1362,Binary code,0.9978
883,meaning,2013,c. Migrate,0.9973
883,meaning,61,availability,0.9968
883,meaning,397,qualified pathname,0.9967
883,meaning,51,pathname,0.9967
883,meaning,539,performance metrics,0.9967
883,meaning,1511,ID mode bit,0.9967
883,meaning,852,Total resident memory usage,0.9967
883,meaning,853,Total virtual memory usage,0.9967
883,meaning,1363,source code,0.9967
883,meaning,536,various graphs,0.9967
884,specific load index,1577,first load index,0.9997
884,specific load index,1579,second load index,0.9996
884,specific load index,1578,second external load index,0.9993
884,specific load index,1576,first external load index,0.9993
884,specific load index,1538,external load indexes,0.9991
884,specific load index,1186,marks load indexes,0.9991
884,specific load index,858,Load indices,0.9991
884,specific load index,899,load index values,0.9982
884,specific load index,880,loadStop load threshold,0.9979
884,specific load index,1826,program load,0.9979
885,host load conditions,1633,first few hosts,0.9970
885,host load conditions,1458,different default management host,0.9965
885,host load conditions,1457,current default management host,0.9963
885,host load conditions,175,Storage Backup Host,0.9963
885,host load conditions,1528,host selection,0.9963
885,host load conditions,1270,current local host,0.9957
885,host load conditions,1257,best available host,0.9955
885,host load conditions,2124,same subset,0.9945
885,host load conditions,603,same level,0.9942
885,host load conditions,1769,specific model,0.9941
886,threshold values,1251,Scheduling threshold values,0.9987
886,threshold values,512,appropriate values,0.9975
886,threshold values,2008,Migrate values,0.9974
886,threshold values,878,threshold,0.9971
886,threshold values,660,standalone values,0.9970
886,threshold values,420,only acceptable value,0.9970
886,threshold values,406,slurmctld execute,0.9964
886,threshold values,848,load thresholds,0.9963
886,threshold values,501,sure old records,0.9963
886,threshold values,901,load values,0.9962
887,Runtime resource usage limits,1250,Resource usage limits,0.9996
887,Runtime resource usage limits,612,Resource Limits web page,0.9995
887,Runtime resource usage limits,615,Resource Limits document,0.9990
887,Runtime resource usage limits,856,level resource usage,0.9977
887,Runtime resource usage limits,847,resource limits,0.9968
887,Runtime resource usage limits,1608,resource requirement string,0.9963
887,Runtime resource usage limits,1065,other shared resources,0.9960
887,Runtime resource usage limits,21,resource accounting,0.9956
887,Runtime resource usage limits,346,usage,0.9954
887,Runtime resource usage limits,898,bsub -R option specifies resources requirements,0.9953
888,specified amount,494,amount,1.0000
888,specified amount,674,largest memory peak,0.9982
888,specified amount,686,TresUsage * fields,0.9982
888,specified amount,536,various graphs,0.9979
888,specified amount,852,Total resident memory usage,0.9979
888,specified amount,853,Total virtual memory usage,0.9979
888,specified amount,775,individual computer,0.9979
888,specified amount,1610,best advantage,0.9979
888,specified amount,539,performance metrics,0.9979
888,specified amount,1370,closer integration,0.9979
889,soft limits,341,QOS limits,0.9993
889,soft limits,891,hard limits,0.9993
889,soft limits,611,Various limits,0.9990
889,soft limits,343,minutes limit,0.9989
889,soft limits,610,Limit Enforcement,0.9988
889,soft limits,2167,Accounting limits,0.9969
889,soft limits,1737,swap limit enforcement,0.9969
889,soft limits,126,limits,0.9956
889,soft limits,62,password data,0.9947
889,soft limits,636,usage data,0.9942
890,queue level,1387,queue definition,0.9989
890,queue level,1485,regular queue,0.9989
890,queue level,1479,End Queue,0.9989
890,queue level,1482,original queue,0.9988
890,queue level,1950,Destination queue,0.9985
890,queue level,1480,lost_and_found queue,0.9985
890,queue level,781,own process queue,0.9980
890,queue level,989,workload queues,0.9977
890,queue level,1299,JOBID USER STAT QUEUE,0.9964
890,queue level,1386,new queue definition,0.9961
891,hard limits,341,QOS limits,0.9993
891,hard limits,611,Various limits,0.9993
891,hard limits,889,soft limits,0.9993
891,hard limits,610,Limit Enforcement,0.9992
891,hard limits,343,minutes limit,0.9992
891,hard limits,1737,swap limit enforcement,0.9977
891,hard limits,2167,Accounting limits,0.9972
891,hard limits,62,password data,0.9956
891,hard limits,636,usage data,0.9953
891,hard limits,543,accounting associations,0.9952
892,job submission,1285,job report,0.9994
892,job submission,188,job completion,0.9994
892,job submission,1274,complete job,0.9992
892,job submission,766,running job,0.9992
892,job submission,778,parallel jobs,0.9992
892,job submission,842,job requirements,0.9991
892,job submission,843,schedule jobs,0.9990
892,job submission,25,detailed job,0.9990
892,job submission,1347,job abc_real,0.9990
892,job submission,1265,job ID,0.9989
893,Resource allocation limits,1400,Distribution packages,0.9919
893,Resource allocation limits,2049,Optional Distribution,0.9918
893,Resource allocation limits,697,step memory peak,0.9906
893,Resource allocation limits,385,authentication method,0.9898
893,Resource allocation limits,1625,General troubleshooting steps,0.9893
893,Resource allocation limits,1339,easiest integration method,0.9888
893,Resource allocation limits,1822,Memory allocation,0.9881
893,Resource allocation limits,2213,default distribution method,0.9881
893,Resource allocation limits,2121,optional Step,0.9878
893,Resource allocation limits,584,specific partitions,0.9877
894,job scheduling,1352,Requeue jobs,0.9994
894,job scheduling,1347,job abc_real,0.9993
894,job scheduling,1310,Job owners,0.9993
894,job scheduling,874,particular jobs,0.9993
894,job scheduling,778,parallel jobs,0.9993
894,job scheduling,1214,job slots,0.9993
894,job scheduling,766,running job,0.9992
894,job scheduling,1285,job report,0.9991
894,job scheduling,25,detailed job,0.9991
894,job scheduling,1274,complete job,0.9991
895,different classes,179,different machine,0.9983
895,different classes,830,same computer architecture,0.9974
895,different classes,687,different meanings,0.9973
895,different classes,1823,enough available memory,0.9973
895,different classes,1570,different ELIM,0.9973
895,different classes,2125,different subsets,0.9972
895,different classes,1827,available swap space,0.9970
895,different classes,1251,Scheduling threshold values,0.9970
895,different classes,244,available memory,0.9970
895,different classes,591,different points,0.9968
896,resource consumers,846,resource availability,0.9994
896,resource consumers,2188,resource fragmentation,0.9994
896,resource consumers,869,Static resources,0.9994
896,resource consumers,1315,necessary resources,0.9993
896,resource consumers,2113,resource sharing,0.9992
896,resource consumers,1535,critical resources,0.9990
896,resource consumers,1001,specific resources,0.9990
896,resource consumers,10,resource usage,0.9989
896,resource consumers,1434,mem RESOURCES REXPRI,0.9986
896,resource consumers,1566,resource map,0.9986
897,more jobs,681,other jobs,0.9966
897,more jobs,939,job output,0.9964
897,more jobs,1230,dispatch jobs,0.9963
897,more jobs,333,job information,0.9958
897,more jobs,806,interactive job,0.9958
897,more jobs,843,schedule jobs,0.9957
897,more jobs,188,job completion,0.9954
897,more jobs,35,job completion information,0.9952
897,more jobs,892,job submission,0.9947
897,more jobs,1311,own jobs,0.9941
898,bsub -R option specifies resources requirements,166,combination,0.9965
898,bsub -R option specifies resources requirements,428,password usage,0.9963
898,bsub -R option specifies resources requirements,1367,software products,0.9962
898,bsub -R option specifies resources requirements,1610,best advantage,0.9962
898,bsub -R option specifies resources requirements,2145,easy way,0.9960
898,bsub -R option specifies resources requirements,379,complete description,0.9960
898,bsub -R option specifies resources requirements,1346,bsub -R,0.9960
898,bsub -R option specifies resources requirements,674,largest memory peak,0.9960
898,bsub -R option specifies resources requirements,55,similar tool,0.9960
898,bsub -R option specifies resources requirements,1297,shell mode support,0.9960
899,load index values,1538,external load indexes,0.9986
899,load index values,1186,marks load indexes,0.9984
899,load index values,858,Load indices,0.9984
899,load index values,884,specific load index,0.9982
899,load index values,1578,second external load index,0.9982
899,load index values,1579,second load index,0.9982
899,load index values,901,load values,0.9981
899,load index values,1576,first external load index,0.9980
899,load index values,1577,first load index,0.9980
899,load index values,862,External load,0.9978
900,scheduling conditions,792,conditions,0.9989
900,scheduling conditions,737,scheduling,0.9987
900,scheduling conditions,1229,different scheduling policies,0.9987
900,scheduling conditions,2125,different subsets,0.9975
900,scheduling conditions,1228,different priorities,0.9974
900,scheduling conditions,902,scheduling thresholds,0.9973
900,scheduling conditions,161,authentication module,0.9972
900,scheduling conditions,75,authentication,0.9972
900,scheduling conditions,135,best way,0.9970
900,scheduling conditions,120,computers,0.9970
901,load values,899,load index values,0.9981
901,load values,848,load thresholds,0.9971
901,load values,1912,external load index name,0.9971
901,load values,881,load levels,0.9969
901,load values,862,External load,0.9968
901,load values,817,load,0.9964
901,load values,877,load condition,0.9964
901,load values,886,threshold values,0.9962
901,load values,512,appropriate values,0.9962
901,load values,660,standalone values,0.9962
902,scheduling thresholds,1251,Scheduling threshold values,0.9986
902,scheduling thresholds,1008,scheduling load thresholds,0.9985
902,scheduling thresholds,1827,available swap space,0.9984
902,scheduling thresholds,1823,enough available memory,0.9980
902,scheduling thresholds,685,other tools,0.9976
902,scheduling thresholds,97,local storage,0.9974
902,scheduling thresholds,701,other ways,0.9974
902,scheduling thresholds,1009,dispatch windows,0.9974
902,scheduling thresholds,900,scheduling conditions,0.9973
902,scheduling thresholds,1570,different ELIM,0.9972
903,installation options,613,Other options,0.9940
903,installation options,225,MySQL installation,0.9913
903,installation options,832,different set,0.9910
903,installation options,2105,appropriate command line options,0.9905
903,installation options,971,product installation,0.9899
903,installation options,1275,submission options,0.9899
903,installation options,345,option set,0.9898
903,installation options,627,set options,0.9898
903,installation options,1614,incorrect installation,0.9898
903,installation options,543,accounting associations,0.9894
904,lsfinstall -f install.config command,1089,source command,0.9992
904,lsfinstall -f install.config command,820,ls command,0.9992
904,lsfinstall -f install.config command,1450,hostsetup command,0.9987
904,lsfinstall -f install.config command,1255,basic commands,0.9981
904,lsfinstall -f install.config command,1306,bstop command,0.9981
904,lsfinstall -f install.config command,1312,bresume command,0.9980
904,lsfinstall -f install.config command,1133,bqueues command,0.9979
904,lsfinstall -f install.config command,2148,several commands,0.9979
904,lsfinstall -f install.config command,1273,lsgrun command,0.9976
904,lsfinstall -f install.config command,1808,* commands,0.9976
905,install.config file,1747,lsb.hosts file,1.0000
905,install.config file,1398,file lsf10.1.0_linux2.,1.0000
905,install.config file,1767,ego.sudoers file,1.0000
905,install.config file,52,file,1.0000
905,install.config file,1697,HOME/.rhosts file,1.0000
905,install.config file,1853,.rhosts file,1.0000
905,install.config file,1394,.profile file,1.0000
905,install.config file,1427,lsf_getting_started.html file,1.0000
905,install.config file,167,passwd file,0.9983
905,install.config file,2005,ego.shared files,0.9981
907,lsf.cluster.cluster_name file,978,lsf.conf file,0.9974
907,lsf.cluster.cluster_name file,2009,old lsf.conf file,0.9959
907,lsf.cluster.cluster_name file,1389,cshrc.lsf file,0.9945
907,lsf.cluster.cluster_name file,1093,files cshrc.lsf,0.9945
907,lsf.cluster.cluster_name file,1537,lsf.shared file,0.9933
907,lsf.cluster.cluster_name file,1063,lsf.sudoers file,0.9928
907,lsf.cluster.cluster_name file,324,configuration parameters,0.9928
907,lsf.cluster.cluster_name file,1690,LSF_AUTH parameter,0.9928
907,lsf.cluster.cluster_name file,1061,cshrc.lsf,0.9928
907,lsf.cluster.cluster_name file,1845,ident server,0.9927
908,share,745,LSF system,0.9607
908,share,864,LSF administrator,0.9580
908,share,1723,LSF administrator mailbox,0.9580
908,share,1470,LSF section,0.9550
908,share,712,LSF daemons,0.9538
908,share,1047,LSF server,0.9500
908,share,1651,LSF applications,0.9494
908,share,849,fair share scheduling,0.9492
908,share,1095,LSF cluster,0.9485
908,share,1082,LSF environment,0.9457
910,conf,1359,LSF API,0.9982
910,conf,721,LSF terms,0.9977
910,conf,1320,lsfadmin lsf,0.9976
910,conf,1401,LSF releases,0.9975
910,conf,1612,Administering IBM ® Spectrum LSF,0.9975
910,conf,1119,LSF man,0.9970
910,conf,1162,IBM Spectrum LSF Standard Edition,0.9967
910,conf,1861,Read LSF Guide,0.9960
910,conf,236,/usr,0.9958
910,conf,1539,LSF updates,0.9956
912,ClusterAdmins section,1799,HostModel section,1.0000
912,ClusterAdmins section,1561,ResourceMap section,1.0000
912,ClusterAdmins section,1873,section section,1.0000
912,ClusterAdmins section,1115,section,1.0000
912,ClusterAdmins section,1750,HostPartition sections,1.0000
912,ClusterAdmins section,1794,HostType section,1.0000
912,ClusterAdmins section,1872,unrecognized section name,0.9934
912,ClusterAdmins section,1869,Section name,0.9920
912,ClusterAdmins section,322,separate section,0.9916
912,ClusterAdmins section,1870,Invalid section name name,0.9899
913,Hosts section,1006,Server hosts,0.9966
913,Hosts section,1426,host setup,0.9964
913,Hosts section,178,backup host,0.9962
913,Hosts section,1698,destination host,0.9958
913,Hosts section,1700,Windows hosts,0.9957
913,Hosts section,1766,multiple hosts,0.9956
913,Hosts section,1103,management host,0.9955
913,Hosts section,754,execution host,0.9955
913,Hosts section,1692,Inconsistent host names,0.9952
913,Hosts section,1962,management host list,0.9949
914,LSF management host,916,LSF server hosts,0.9984
914,LSF management host,834,LSF host model,0.9980
914,LSF management host,1085,LSF Cluster Management,0.9970
914,LSF management host,1454,IBM Spectrum LSF Cluster Management,0.9970
914,LSF management host,1168,current LSF management host,0.9969
914,LSF management host,826,LSF host type,0.9968
914,LSF management host,1474,IBM Platform LSF Cluster Management,0.9958
914,LSF management host,1210,LSF batch server hosts,0.9955
914,LSF management host,2037,new LSF cluster,0.9952
914,LSF management host,994,cluster /usr,0.9946
915,first host,873,appropriate hosts,0.9995
915,first host,812,candidate hosts,0.9995
915,first host,1751,HOSTS definition,0.9995
915,first host,811,best host,0.9995
915,first host,1785,Host Architecture,0.9995
915,first host,1955,host host_name,0.9994
915,first host,1328,remote hosts,0.9993
915,first host,1699,client host,0.9991
915,first host,844,individual hosts,0.9991
915,first host,1437,End Host,0.9990
916,LSF server hosts,914,LSF management host,0.9984
916,LSF server hosts,834,LSF host model,0.9958
916,LSF server hosts,1085,LSF Cluster Management,0.9956
916,LSF server hosts,1454,IBM Spectrum LSF Cluster Management,0.9956
916,LSF server hosts,707,LSF cluster overview,0.9956
916,LSF server hosts,972,primary LSF administrator,0.9951
916,LSF server hosts,1474,IBM Platform LSF Cluster Management,0.9945
916,LSF server hosts,826,LSF host type,0.9941
916,LSF server hosts,1168,current LSF management host,0.9939
916,LSF server hosts,1379,LSF installation script lsfinstall,0.9938
917,server column,220,DB server packages,0.9994
917,server column,502,production server,0.9994
917,server column,438,Server version,0.9993
917,server column,258,older SQL server versions,0.9991
917,server column,944,Windows server machine,0.9990
917,server column,241,MariaDB server settings,0.9988
917,server column,1845,ident server,0.9988
917,server column,1564,RESOURCENAME LOCATION,0.9985
917,server column,1599,own ELIM,0.9985
917,server column,988,own keywords,0.9985
918,LSF client,1539,LSF updates,0.9994
918,LSF client,1861,Read LSF Guide,0.9992
918,LSF client,1162,IBM Spectrum LSF Standard Edition,0.9991
918,LSF client,1863,LSF services,0.9991
918,LSF client,730,LSF configuration,0.9986
918,LSF client,1067,LSF administration,0.9986
918,LSF client,1612,Administering IBM ® Spectrum LSF,0.9984
918,LSF client,1119,LSF man,0.9984
918,LSF client,1401,LSF releases,0.9984
918,LSF client,785,LSF schedules,0.9984
919,only hosts,1569,different hosts,0.9980
919,only hosts,1257,best available host,0.9974
919,only hosts,460,local host,0.9972
919,only hosts,948,submission host,0.9972
919,only hosts,811,best host,0.9970
919,only hosts,1464,other host,0.9969
919,only hosts,1766,multiple hosts,0.9968
919,only hosts,873,appropriate hosts,0.9965
919,only hosts,812,candidate hosts,0.9965
919,only hosts,915,first host,0.9964
920,user data,629,user records,0.9985
920,user data,118,user ID,0.9978
920,user data,1922,same user ID,0.9977
920,user data,643,user processes,0.9973
920,user data,103,user limits,0.9973
920,user data,1377,Manage users,0.9970
920,user data,1142,US Government Users Restricted Rights,0.9970
920,user data,522,user associations,0.9967
920,user data,575,user da,0.9964
920,user data,1919,bad user,0.9963
921,batch job runs,1262,Submit batch jobs,0.9975
921,batch job runs,799,batch job,0.9967
921,batch job runs,1264,Display job status,0.9928
921,batch job runs,923,job runs,0.9928
921,batch job runs,807,new job,0.9921
921,batch job runs,798,Interactive batch job,0.9909
921,batch job runs,1296,batch interactive job,0.9909
921,batch job runs,1218,U MAX NJOBS RUN SSUSP,0.9896
921,batch job runs,1313,RUN status,0.9896
921,batch job runs,365,run,0.9896
922,results,93,unexpected results,0.9989
922,results,947,copy result files,0.9983
922,results,1924,remote execution permission,0.9981
922,results,1938,execution permission,0.9980
922,results,1817,Network Time Protocol,0.9979
922,results,258,older SQL server versions,0.9979
922,results,1375,parallel execution,0.9978
922,results,1682,remote execution,0.9977
922,results,1151,advanced workload execution mode,0.9977
922,results,632,most cases,0.9975
923,job runs,807,new job,0.9945
923,job runs,1603,Submit jobs,0.9945
923,job runs,921,batch job runs,0.9928
923,job runs,1264,Display job status,0.9911
923,job runs,1262,Submit batch jobs,0.9904
923,job runs,799,batch job,0.9885
923,job runs,333,job information,0.9869
923,job runs,365,run,0.9842
923,job runs,1244,H NJOBS PEND RUN SSUSP,0.9842
923,job runs,1234,H NJOBS PEND RUN SUSP,0.9842
924,remote jobs access,192,job completion plugin,0.9991
924,remote jobs access,1334,complete job submission,0.9990
924,remote jobs access,1373,easy job submission,0.9989
924,remote jobs access,323,job completion records,0.9988
924,remote jobs access,1925,root job submission,0.9981
924,remote jobs access,199,job completion data,0.9977
924,remote jobs access,791,Job files,0.9976
924,remote jobs access,1740,job RES,0.9973
924,remote jobs access,1010,job slot limits,0.9968
924,remote jobs access,1259,most jobs,0.9968
925,local data,62,password data,0.9987
925,local data,501,sure old records,0.9983
925,local data,356,accounting data,0.9983
925,local data,106,critical data,0.9981
925,local data,636,usage data,0.9979
925,local data,96,cached data,0.9979
925,local data,473,Purged data,0.9979
925,local data,476,data retention,0.9979
925,local data,60,data,0.9979
925,local data,403,configure time,0.9979
926,UNIX systems,1396,Linux system,1.0000
926,UNIX systems,223,system,1.0000
926,UNIX systems,1131,batch system status,0.9979
926,UNIX systems,1708,system environment,0.9924
926,UNIX systems,1226,batch system daemon,0.9921
926,UNIX systems,1206,Batch,0.9918
926,UNIX systems,1041,Server batch daemon,0.9915
926,UNIX systems,1469,system startup,0.9914
926,UNIX systems,1508,LSF_SERVERDIR directory,0.9907
926,UNIX systems,1289,home directory,0.9907
927,Network File System,1471,system startup files,0.9991
927,Network File System,1705,file system environment,0.9987
927,Network File System,932,Andrew File System,0.9983
927,Network File System,727,File systems,0.9983
927,Network File System,929,NFS file systems,0.9983
927,Network File System,1985,system call times,0.9981
927,Network File System,1993,system call,0.9981
927,Network File System,1202,system configuration,0.9980
927,Network File System,1018,common parameters,0.9977
927,Network File System,393,system build time,0.9976
929,NFS file systems,932,Andrew File System,1.0000
929,NFS file systems,727,File systems,1.0000
929,NFS file systems,1471,system startup files,0.9990
929,NFS file systems,1705,file system environment,0.9989
929,NFS file systems,927,Network File System,0.9983
929,NFS file systems,1202,system configuration,0.9975
929,NFS file systems,797,batch file,0.9975
929,NFS file systems,412,larger systems,0.9971
929,NFS file systems,1993,system call,0.9966
929,NFS file systems,1756,lsbatch system,0.9965
930,demand,934,demand basis,1.0000
930,demand,308,insensitive collation,0.9972
930,demand,1180,swp mem,0.9971
930,demand,351,policies,0.9971
930,demand,1668,localhost myhostname,0.9967
930,demand,619,like fashion,0.9967
930,demand,2094,APrevents sharing,0.9966
930,demand,1007,attributes,0.9965
930,demand,1303,sleep,0.9965
930,demand,1247,ut pg io ls,0.9964
931,automount command,1997,egosh command,0.9995
931,automount command,1125,lsid command,0.9995
931,automount command,14,sstat command,0.9994
931,automount command,9,sacct command,0.9994
931,automount command,1656,lshosts command,0.9993
931,automount command,2148,several commands,0.9993
931,automount command,1209,bhosts command,0.9993
931,automount command,1255,basic commands,0.9992
931,automount command,1057,lsrun commands,0.9992
931,automount command,1306,bstop command,0.9992
932,Andrew File System,929,NFS file systems,1.0000
932,Andrew File System,727,File systems,1.0000
932,Andrew File System,1471,system startup files,0.9990
932,Andrew File System,1705,file system environment,0.9989
932,Andrew File System,927,Network File System,0.9983
932,Andrew File System,1202,system configuration,0.9975
932,Andrew File System,797,batch file,0.9975
932,Andrew File System,412,larger systems,0.9971
932,Andrew File System,1993,system call,0.9966
932,Andrew File System,1756,lsbatch system,0.9965
934,demand basis,930,demand,1.0000
934,demand basis,308,insensitive collation,0.9972
934,demand basis,1180,swp mem,0.9971
934,demand basis,351,policies,0.9971
934,demand basis,1668,localhost myhostname,0.9967
934,demand basis,619,like fashion,0.9967
934,demand basis,2094,APrevents sharing,0.9966
934,demand basis,1007,attributes,0.9965
934,demand basis,1303,sleep,0.9965
934,demand basis,1247,ut pg io ls,0.9964
935,integration,1370,closer integration,0.9992
935,integration,1157,product entitlement version array,0.9981
935,integration,1610,best advantage,0.9980
935,integration,1336,Wrapper binary executables,0.9980
935,integration,1356,Wrapper binary programs,0.9979
935,integration,538,exporter tool,0.9979
935,integration,1362,Binary code,0.9979
935,integration,1541,binary program,0.9978
935,integration,208,arbitrary text string,0.9977
935,integration,1560,RELEASE column,0.9977
936,parallel user jobs,417,job accounting data,0.9965
936,parallel user jobs,199,job completion data,0.9959
936,parallel user jobs,323,job completion records,0.9946
936,parallel user jobs,1311,own jobs,0.9946
936,parallel user jobs,1230,dispatch jobs,0.9945
936,parallel user jobs,892,job submission,0.9944
936,parallel user jobs,1215,single user,0.9943
936,parallel user jobs,188,job completion,0.9942
936,parallel user jobs,643,user processes,0.9941
936,parallel user jobs,36,job name,0.9940
937,access AFS,496,ongoing access,1.0000
937,access AFS,128,access,1.0000
937,access AFS,377,unauthorized access,1.0000
937,access AFS,419,accounting storage mechanism,0.9980
937,access AFS,595,accounting privileges,0.9979
937,access AFS,559,accounting reports,0.9979
937,access AFS,191,accounting storage plugin,0.9979
937,access AFS,249,old records,0.9978
937,access AFS,501,sure old records,0.9976
937,access AFS,106,critical data,0.9974
939,job output,843,schedule jobs,0.9985
939,job output,1230,dispatch jobs,0.9984
939,job output,806,interactive job,0.9982
939,job output,1311,own jobs,0.9978
939,job output,681,other jobs,0.9978
939,job output,188,job completion,0.9976
939,job output,1529,interactive job execution,0.9975
939,job output,892,job submission,0.9974
939,job output,1259,most jobs,0.9969
939,job output,1285,job report,0.9969
940,error files,285,InnoDB error,0.9981
940,error files,1825,internal error,0.9979
940,error files,1443,configuration errors,0.9975
940,error files,1978,error reasons,0.9974
940,error files,1287,standard error,0.9971
940,error files,1839,protocol error,0.9970
940,error files,1818,General errors,0.9968
940,error files,1444,unrecoverable errors,0.9959
940,error files,1616,error log files,0.9947
940,error files,1166,common configuration errors,0.9941
943,LSF files,1863,LSF services,0.9986
943,LSF files,730,LSF configuration,0.9983
943,LSF files,1861,Read LSF Guide,0.9979
943,LSF files,1539,LSF updates,0.9979
943,LSF files,918,LSF client,0.9977
943,LSF files,1162,IBM Spectrum LSF Standard Edition,0.9976
943,LSF files,1067,LSF administration,0.9975
943,LSF files,1612,Administering IBM ® Spectrum LSF,0.9972
943,LSF files,1119,LSF man,0.9972
943,LSF files,721,LSF terms,0.9970
944,Windows server machine,917,server column,0.9990
944,Windows server machine,258,older SQL server versions,0.9988
944,Windows server machine,438,Server version,0.9988
944,Windows server machine,220,DB server packages,0.9987
944,Windows server machine,502,production server,0.9987
944,Windows server machine,1564,RESOURCENAME LOCATION,0.9984
944,Windows server machine,495,Archive Server,0.9982
944,Windows server machine,988,own keywords,0.9981
944,Windows server machine,2000,current fix pack level,0.9980
944,Windows server machine,1714,current working,0.9980
945,Non-shared directories,401,directories,1.0000
945,Non-shared directories,1508,LSF_SERVERDIR directory,1.0000
945,Non-shared directories,1392,LSF_TOP directory,1.0000
945,Non-shared directories,1289,home directory,1.0000
945,Non-shared directories,1942,AFS directory,1.0000
945,Non-shared directories,729,Important directories,0.9918
945,Non-shared directories,957,directory structure,0.9916
945,Non-shared directories,1712,directory message,0.9912
945,Non-shared directories,223,system,0.9907
945,Non-shared directories,1396,Linux system,0.9907
946,file space,1388,shell files,0.9994
946,file space,1711,such file,0.9992
946,file space,1391,.cshrc file,0.9992
946,file space,1358,wrapper files,0.9992
946,file space,762,lsb.params file,0.9992
946,file space,190,flat file,0.9990
946,file space,1340,executable file,0.9990
946,file space,1935,file respath,0.9990
946,file space,999,Keyword definition file,0.9990
946,file space,1411,binary files,0.9989
947,copy result files,2003,work files,0.9989
947,copy result files,922,results,0.9983
947,copy result files,1688,application binary files,0.9983
947,copy result files,1086,shell environment files,0.9982
947,copy result files,1817,Network Time Protocol,0.9982
947,copy result files,1537,lsf.shared file,0.9981
947,copy result files,1383,other configuration files,0.9981
947,copy result files,93,unexpected results,0.9980
947,copy result files,258,older SQL server versions,0.9979
947,copy result files,1645,Communication time,0.9978
948,submission host,873,appropriate hosts,0.9993
948,submission host,460,local host,0.9992
948,submission host,811,best host,0.9992
948,submission host,915,first host,0.9990
948,submission host,1955,host host_name,0.9990
948,submission host,812,candidate hosts,0.9989
948,submission host,1569,different hosts,0.9989
948,submission host,1751,HOSTS definition,0.9988
948,submission host,1328,remote hosts,0.9988
948,submission host,1766,multiple hosts,0.9987
949,fault tolerance,803,tolerance,0.9981
949,fault tolerance,1511,ID mode bit,0.9980
949,fault tolerance,1343,simple interface,0.9980
949,fault tolerance,536,various graphs,0.9977
949,fault tolerance,308,insensitive collation,0.9977
949,fault tolerance,1153,EGO_DISABLE_UNRESOLVABLE_HOST mode,0.9976
949,fault tolerance,1943,token processing,0.9975
949,fault tolerance,1157,product entitlement version array,0.9975
949,fault tolerance,1184,busy status,0.9975
949,fault tolerance,2172,Many additional scenarios,0.9975
950,Example directory structures,1544,examples directory,0.9990
950,Example directory structures,952,typical directory structures,0.9988
950,Example directory structures,961,Microsoft Windows directory structure,0.9983
950,Example directory structures,1355,local directory,0.9980
950,Example directory structures,1513,level installation directory,0.9976
950,Example directory structures,957,directory structure,0.9967
950,Example directory structures,1713,current working directory,0.9963
950,Example directory structures,2034,old EGO work directory,0.9953
950,Example directory structures,1417,installation script directory,0.9953
950,Example directory structures,2016,new directory structure changes,0.9950
952,typical directory structures,961,Microsoft Windows directory structure,0.9996
952,typical directory structures,950,Example directory structures,0.9988
952,typical directory structures,1355,local directory,0.9982
952,typical directory structures,957,directory structure,0.9981
952,typical directory structures,1513,level installation directory,0.9975
952,typical directory structures,1713,current working directory,0.9972
952,typical directory structures,1544,examples directory,0.9970
952,typical directory structures,729,Important directories,0.9967
952,typical directory structures,975,configuration directories,0.9964
952,typical directory structures,2034,old EGO work directory,0.9957
953,new installation,958,new UNIX,0.9983
953,new installation,725,installation,0.9980
953,new installation,959,Linux installation,0.9980
953,new installation,962,new Windows installation,0.9980
953,new installation,2039,new work,0.9967
953,new installation,2016,new directory structure changes,0.9958
953,new installation,461,storage host system,0.9950
953,new installation,1904,new information,0.9944
953,new installation,623,change,0.9941
953,new installation,1483,queue administrator,0.9940
954,Microsoft Windows,796,Windows,1.0000
954,Microsoft Windows,1701,Windows passwords,0.9956
954,Microsoft Windows,517,Tools,0.9955
954,Microsoft Windows,529,party tools,0.9955
954,Microsoft Windows,538,exporter tool,0.9952
954,Microsoft Windows,572,physics parent,0.9950
954,Microsoft Windows,1733,parent,0.9950
954,Microsoft Windows,1704,Windows password authentication,0.9949
954,Microsoft Windows,1362,Binary code,0.9948
954,Microsoft Windows,1356,Wrapper binary programs,0.9947
955,products,1157,product entitlement version array,0.9994
955,products,674,largest memory peak,0.9987
955,products,208,arbitrary text string,0.9986
955,products,1356,Wrapper binary programs,0.9986
955,products,219,place upgrades,0.9985
955,products,536,various graphs,0.9984
955,products,1580,ELIM program,0.9983
955,products,1966,binary upgrade,0.9983
955,products,1336,Wrapper binary executables,0.9983
955,products,1357,wrapper binary,0.9983
956,platforms,686,TresUsage * fields,0.9979
956,platforms,1345,rename abc,0.9979
956,platforms,1610,best advantage,0.9979
956,platforms,1511,ID mode bit,0.9979
956,platforms,2145,easy way,0.9978
956,platforms,1560,RELEASE column,0.9978
956,platforms,1157,product entitlement version array,0.9978
956,platforms,1500,setuid bit,0.9977
956,platforms,1943,token processing,0.9977
956,platforms,219,place upgrades,0.9977
957,directory structure,729,Important directories,0.9985
957,directory structure,961,Microsoft Windows directory structure,0.9984
957,directory structure,952,typical directory structures,0.9981
957,directory structure,1355,local directory,0.9978
957,directory structure,950,Example directory structures,0.9967
957,directory structure,1544,examples directory,0.9967
957,directory structure,1417,installation script directory,0.9967
957,directory structure,1513,level installation directory,0.9965
957,directory structure,2016,new directory structure changes,0.9957
957,directory structure,1515,system PATH,0.9944
958,new UNIX,953,new installation,0.9983
958,new UNIX,2007,new cluster,0.9948
958,new UNIX,962,new Windows installation,0.9939
958,new UNIX,1483,queue administrator,0.9936
958,new UNIX,1380,new hosts,0.9935
958,new UNIX,2039,new work,0.9934
958,new UNIX,461,storage host system,0.9932
958,new UNIX,1904,new information,0.9926
958,new UNIX,959,Linux installation,0.9926
958,new UNIX,725,installation,0.9926
959,Linux installation,725,installation,1.0000
959,Linux installation,962,new Windows installation,0.9986
959,Linux installation,953,new installation,0.9980
959,Linux installation,2039,new work,0.9963
959,Linux installation,2016,new directory structure changes,0.9958
959,Linux installation,1417,installation script directory,0.9957
959,Linux installation,623,change,0.9945
959,Linux installation,1487,primary administrator,0.9942
959,Linux installation,1513,level installation directory,0.9938
959,Linux installation,1983,new connections,0.9934
960,lsfinstall command,2157,Linux command,1.0000
960,lsfinstall command,1253,bparams command,1.0000
960,lsfinstall command,1194,bparams command,1.0000
960,lsfinstall command,1768,rsh command,1.0000
960,lsfinstall command,1702,lspasswd command,1.0000
960,lsfinstall command,295,command,1.0000
960,lsfinstall command,1425,install.config command,1.0000
960,lsfinstall command,1307,bjobs command,1.0000
960,lsfinstall command,1598,FLEXlm command lmstat,1.0000
960,lsfinstall command,1687,filename command,1.0000
961,Microsoft Windows directory structure,952,typical directory structures,0.9996
961,Microsoft Windows directory structure,1355,local directory,0.9988
961,Microsoft Windows directory structure,957,directory structure,0.9984
961,Microsoft Windows directory structure,950,Example directory structures,0.9983
961,Microsoft Windows directory structure,1513,level installation directory,0.9979
961,Microsoft Windows directory structure,1713,current working directory,0.9977
961,Microsoft Windows directory structure,729,Important directories,0.9976
961,Microsoft Windows directory structure,975,configuration directories,0.9970
961,Microsoft Windows directory structure,1544,examples directory,0.9969
961,Microsoft Windows directory structure,2034,old EGO work directory,0.9960
962,new Windows installation,2039,new work,0.9990
962,new Windows installation,959,Linux installation,0.9986
962,new Windows installation,725,installation,0.9986
962,new Windows installation,953,new installation,0.9980
962,new Windows installation,1983,new connections,0.9973
962,new Windows installation,2016,new directory structure changes,0.9967
962,new Windows installation,1417,installation script directory,0.9958
962,new Windows installation,91,new version,0.9957
962,new Windows installation,829,same operating system,0.9953
962,new Windows installation,1487,primary administrator,0.9952
963,important LSF configuration files,1509,LSF server binary files,0.9989
963,important LSF configuration files,1422,IBM ® Spectrum LSF Configuration Reference,0.9984
963,important LSF configuration files,1969,many times LSF,0.9969
963,important LSF configuration files,1062,Configure LSF startup,0.9968
963,important LSF configuration files,1376,other advanced LSF features,0.9965
963,important LSF configuration files,1473,automatic LSF startup,0.9964
963,important LSF configuration files,1109,LSF batch configuration files,0.9961
963,important LSF configuration files,1989,busy bhosts displays LSF,0.9958
963,important LSF configuration files,1050,Use LSF administration,0.9948
963,important LSF configuration files,1519,LSF executable files,0.9945
964,important files,1635,lsid file,0.9985
964,important files,2003,work files,0.9985
964,important files,1086,shell environment files,0.9983
964,important files,1620,following files,0.9983
964,important files,1537,lsf.shared file,0.9983
964,important files,1389,cshrc.lsf file,0.9983
964,important files,1093,files cshrc.lsf,0.9983
964,important files,1354,output files,0.9981
964,important files,376,own configuration file,0.9980
964,important files,1063,lsf.sudoers file,0.9980
965,lsf.conf,966,lsf.cluster.cluster_name,0.9901
965,lsf.conf,982,/etc directory,0.9892
965,lsf.conf,1517,install directory,0.9891
965,lsf.conf,1195,LSF batch system configuration parameters,0.9879
965,lsf.conf,978,lsf.conf file,0.9876
965,lsf.conf,1210,LSF batch server hosts,0.9872
965,lsf.conf,1049,new IBM ® Spectrum LSF cluster,0.9865
965,lsf.conf,1414,a. Log,0.9857
965,lsf.conf,1415,LSF installation script directory,0.9851
965,lsf.conf,1168,current LSF management host,0.9848
966,lsf.cluster.cluster_name,1049,new IBM ® Spectrum LSF cluster,0.9916
966,lsf.cluster.cluster_name,1169,LSF management host name,0.9908
966,lsf.cluster.cluster_name,1210,LSF batch server hosts,0.9904
966,lsf.cluster.cluster_name,965,lsf.conf,0.9901
966,lsf.cluster.cluster_name,1168,current LSF management host,0.9900
966,lsf.cluster.cluster_name,2037,new LSF cluster,0.9900
966,lsf.cluster.cluster_name,1517,install directory,0.9892
966,lsf.cluster.cluster_name,1195,LSF batch system configuration parameters,0.9879
966,lsf.cluster.cluster_name,1474,IBM Platform LSF Cluster Management,0.9877
966,lsf.cluster.cluster_name,982,/etc directory,0.9869
968,cluster_name,802,LSF scheduling policies,0.9966
968,cluster_name,1505,sparc,0.9964
968,cluster_name,1395,LSF distribution files,0.9960
968,cluster_name,833,LSF binary files,0.9959
968,cluster_name,723,LSF basic terms,0.9959
968,cluster_name,1107,LSF configuration files,0.9953
968,cluster_name,1519,LSF executable files,0.9948
968,cluster_name,1418,# cd /usr,0.9934
968,cluster_name,1422,IBM ® Spectrum LSF Configuration Reference,0.9913
968,cluster_name,1094,LSF operating environment,0.9907
970,lsb.queues,1083,profile.lsf,0.9969
970,lsb.queues,1421,c. Edit,0.9967
970,lsb.queues,1013,lsbatch,0.9965
970,lsb.queues,1550,license2 Numeric,0.9959
970,lsb.queues,1291,errors.%J ls -l,0.9958
970,lsb.queues,1829,tcp,0.9957
970,lsb.queues,1246,r1 m,0.9956
970,lsb.queues,146,MUNGE enhancements,0.9954
970,lsb.queues,138,MUNGE,0.9954
970,lsb.queues,1178,status r15s r1 m,0.9954
971,product installation,1614,incorrect installation,0.9995
971,product installation,392,work,0.9978
971,product installation,1416,b. Change,0.9978
971,product installation,1261,execution scripts,0.9977
971,product installation,1956,new configuration,0.9975
971,product installation,99,startup,0.9974
971,product installation,795,execution time,0.9973
971,product installation,872,startup time,0.9972
971,product installation,189,script,0.9972
971,product installation,1428,lsfinstall script,0.9972
972,primary LSF administrator,1379,LSF installation script lsfinstall,0.9978
972,primary LSF administrator,707,LSF cluster overview,0.9970
972,primary LSF administrator,1498,Configure LSF daemons,0.9969
972,primary LSF administrator,1404,LSF System Requirements,0.9967
972,primary LSF administrator,1866,second LSF daemon,0.9964
972,primary LSF administrator,1084,LSF execution environment,0.9961
972,primary LSF administrator,709,important LSF directories,0.9958
972,primary LSF administrator,1201,LSF batch workload,0.9956
972,primary LSF administrator,916,LSF server hosts,0.9951
972,primary LSF administrator,1618,LSF server daemons,0.9950
973,cluster users,1073,user cluster,1.0000
973,cluster users,2001,same cluster name,0.9930
973,cluster users,183,same users,0.9915
973,cluster users,553,cluster names,0.9915
973,cluster users,724,Cluster characteristics,0.9910
973,cluster users,2038,original cluster,0.9898
973,cluster users,37,user name,0.9897
973,cluster users,2007,new cluster,0.9893
973,cluster users,552,more clusters,0.9893
973,cluster users,113,multiple clusters,0.9893
974,paths,1151,advanced workload execution mode,0.9982
974,paths,258,older SQL server versions,0.9981
974,paths,1518,full path,0.9981
974,paths,1516,relative path,0.9981
974,paths,438,Server version,0.9977
974,paths,220,DB server packages,0.9976
974,paths,988,own keywords,0.9976
974,paths,917,server column,0.9976
974,paths,1714,current working,0.9976
974,paths,502,production server,0.9976
975,configuration directories,1713,current working directory,0.9982
975,configuration directories,2034,old EGO work directory,0.9977
975,configuration directories,1202,system configuration,0.9973
975,configuration directories,961,Microsoft Windows directory structure,0.9970
975,configuration directories,1993,system call,0.9967
975,configuration directories,952,typical directory structures,0.9964
975,configuration directories,1756,lsbatch system,0.9962
975,configuration directories,1355,local directory,0.9961
975,configuration directories,412,larger systems,0.9961
975,configuration directories,927,Network File System,0.9961
976,log directories,1712,directory message,0.9918
976,log directories,1615,Log messages,0.9913
976,log directories,1755,sbatchd daemon logs,0.9887
976,log directories,1642,LIM error log,0.9886
976,log directories,1029,Batch accounting log,0.9884
976,log directories,1031,Daemon log files,0.9883
976,log directories,1722,mbatchd daemon error logs,0.9877
976,log directories,53,log,0.9871
976,log directories,1752,mbatchd daemon logs,0.9867
976,log directories,401,directories,0.9867
977,other global configuration,685,other tools,0.9984
977,other global configuration,701,other ways,0.9984
977,other global configuration,597,other operators,0.9979
977,other global configuration,2085,other aspects,0.9979
977,other global configuration,1383,other configuration files,0.9977
977,other global configuration,1646,other instances,0.9977
977,other global configuration,1211,other details,0.9977
977,other global configuration,1984,connect,0.9976
977,other global configuration,2023,Copy LSB_SHAREDIR_old\cluster_name\ *,0.9976
977,other global configuration,2143,other subset,0.9975
978,lsf.conf file,2009,old lsf.conf file,0.9979
978,lsf.conf file,907,lsf.cluster.cluster_name file,0.9974
978,lsf.conf file,1093,files cshrc.lsf,0.9947
978,lsf.conf file,1389,cshrc.lsf file,0.9947
978,lsf.conf file,1063,lsf.sudoers file,0.9943
978,lsf.conf file,1537,lsf.shared file,0.9938
978,lsf.conf file,1690,LSF_AUTH parameter,0.9936
978,lsf.conf file,964,important files,0.9935
978,lsf.conf file,1568,RESOURCENAME parameter,0.9934
978,lsf.conf file,1845,ident server,0.9931
979,LSF_ENVDIR variable,208,arbitrary text string,0.9985
979,LSF_ENVDIR variable,1937,RES binary,0.9982
979,LSF_ENVDIR variable,1345,rename abc,0.9982
979,LSF_ENVDIR variable,1349,string,0.9982
979,LSF_ENVDIR variable,232,slurm build,0.9982
979,LSF_ENVDIR variable,987,keywords,0.9981
979,LSF_ENVDIR variable,1707,correct permissions,0.9981
979,LSF_ENVDIR variable,219,place upgrades,0.9981
979,LSF_ENVDIR variable,1092,bash shell,0.9980
979,LSF_ENVDIR variable,536,various graphs,0.9980
980,LSF_ENVDIR parameter,1967,LSF_LIM_API_NTRIES parameter,1.0000
980,LSF_ENVDIR parameter,1706,parameter LSF_MASTER_LIST,1.0000
980,LSF_ENVDIR parameter,1649,parameter LSF_SERVER_HOSTS,1.0000
980,LSF_ENVDIR parameter,761,REMOVE_HUNG_JOBS_FOR parameter,1.0000
980,LSF_ENVDIR parameter,1504,LSF_STARTUP_PATH parameters,1.0000
980,LSF_ENVDIR parameter,1931,LSF_ROOT_REX parameter,1.0000
980,LSF_ENVDIR parameter,1634,LSF_MASTER_LIST parameter,1.0000
980,LSF_ENVDIR parameter,1046,LSF_LOGDIR parameter,1.0000
980,LSF_ENVDIR parameter,1020,DEFAULT_APPLICATION parameter,1.0000
980,LSF_ENVDIR parameter,131,Parameters,1.0000
982,/etc directory,1517,install directory,0.9986
982,/etc directory,975,configuration directories,0.9946
982,/etc directory,1756,lsbatch system,0.9945
982,/etc directory,729,Important directories,0.9936
982,/etc directory,1713,current working directory,0.9930
982,/etc directory,961,Microsoft Windows directory structure,0.9919
982,/etc directory,1993,system call,0.9917
982,/etc directory,59,new log files,0.9916
982,/etc directory,1355,local directory,0.9913
982,/etc directory,2034,old EGO work directory,0.9912
983,Defines,428,password usage,0.9975
983,Defines,413,separate machine,0.9975
983,Defines,151,different keys,0.9974
983,Defines,1704,Windows password authentication,0.9974
983,Defines,687,different meanings,0.9973
983,Defines,591,different points,0.9973
983,Defines,2125,different subsets,0.9973
983,Defines,150,different configurations,0.9972
983,Defines,1228,different priorities,0.9971
983,Defines,179,different machine,0.9971
984,host names,1795,host type name,0.9981
984,host names,1692,Inconsistent host names,0.9975
984,host names,1700,Windows hosts,0.9951
984,host names,1582,same host,0.9950
984,host names,178,backup host,0.9949
984,host names,1103,management host,0.9948
984,host names,823,host models,0.9942
984,host names,913,Hosts section,0.9938
984,host names,1426,host setup,0.9936
984,host names,553,cluster names,0.9935
985,models,1792,Matched Model,1.0000
985,models,1887,host model model,0.9963
985,models,1802,host model entries,0.9961
985,models,1272,appropriate host type,0.9954
985,models,1778,automatic host model,0.9953
985,models,1889,many host models,0.9953
985,models,1801,host model list,0.9950
985,models,1757,Unknown host type,0.9949
985,models,204,Type,0.9943
985,models,1790,Matched Type,0.9943
987,keywords,1937,RES binary,0.9982
987,keywords,69,better security,0.9982
987,keywords,1345,rename abc,0.9982
987,keywords,1707,correct permissions,0.9982
987,keywords,1092,bash shell,0.9982
987,keywords,1824,swap space,0.9982
987,keywords,208,arbitrary text string,0.9981
987,keywords,1580,ELIM program,0.9981
987,keywords,979,LSF_ENVDIR variable,0.9981
987,keywords,1500,setuid bit,0.9981
988,own keywords,1599,own ELIM,0.9994
988,own keywords,258,older SQL server versions,0.9987
988,own keywords,502,production server,0.9986
988,own keywords,438,Server version,0.9985
988,own keywords,917,server column,0.9985
988,own keywords,220,DB server packages,0.9985
988,own keywords,1564,RESOURCENAME LOCATION,0.9984
988,own keywords,319,Several Slurm configuration parameters,0.9983
988,own keywords,1845,ident server,0.9982
988,own keywords,944,Windows server machine,0.9981
989,workload queues,1479,End Queue,0.9979
989,workload queues,890,queue level,0.9977
989,workload queues,1950,Destination queue,0.9976
989,workload queues,1386,new queue definition,0.9976
989,workload queues,781,own process queue,0.9973
989,workload queues,1485,regular queue,0.9972
989,workload queues,1482,original queue,0.9972
989,workload queues,1387,queue definition,0.9970
989,workload queues,1480,lost_and_found queue,0.9967
989,workload queues,1486,other queues,0.9956
990,LSF cluster configuration files,2019,old LSF batch configuration files,0.9969
990,LSF cluster configuration files,1109,LSF batch configuration files,0.9961
990,LSF cluster configuration files,1050,Use LSF administration,0.9957
990,LSF cluster configuration files,2022,old LSF batch work files,0.9957
990,LSF cluster configuration files,1989,busy bhosts displays LSF,0.9950
990,LSF cluster configuration files,1474,IBM Platform LSF Cluster Management,0.9950
990,LSF cluster configuration files,1420,install,0.9950
990,LSF cluster configuration files,1379,LSF installation script lsfinstall,0.9949
990,LSF cluster configuration files,707,LSF cluster overview,0.9945
990,LSF cluster configuration files,1199,LSF batch system configuration files,0.9943
991,File Example,1383,other configuration files,0.9979
991,File Example,1584,following example ELIM program,0.9974
991,File Example,947,copy result files,0.9974
991,File Example,2003,work files,0.9970
991,File Example,2017,old passwd.lsfuser file,0.9968
991,File Example,2014,old file,0.9968
991,File Example,261,following example,0.9967
991,File Example,1984,connect,0.9966
991,File Example,2015,correct configuration path values,0.9965
991,File Example,19,particular time interval,0.9964
992,Global configuration files,710,configuration files,1.0000
992,Global configuration files,321,separate configuration file,0.9992
992,Global configuration files,731,several configuration files,0.9991
992,Global configuration files,395,slurm.conf file,0.9989
992,Global configuration files,190,flat file,0.9988
992,Global configuration files,158,SlurmDBD configuration files,0.9988
992,Global configuration files,762,lsb.params file,0.9988
992,Global configuration files,1935,file respath,0.9988
992,Global configuration files,2006,configuration file paths,0.9986
992,Global configuration files,27,text file,0.9986
993,operation,280,DML operations,1.0000
993,operation,1928,operation permission,0.9981
993,operation,1151,advanced workload execution mode,0.9976
993,operation,974,paths,0.9975
993,operation,1516,relative path,0.9969
993,operation,1714,current working,0.9968
993,operation,230,mysql_config script,0.9968
993,operation,1564,RESOURCENAME LOCATION,0.9968
993,operation,319,Several Slurm configuration parameters,0.9966
993,operation,1337,application source code,0.9966
994,cluster /usr,1454,IBM Spectrum LSF Cluster Management,0.9987
994,cluster /usr,1085,LSF Cluster Management,0.9987
994,cluster /usr,1474,IBM Platform LSF Cluster Management,0.9969
994,cluster /usr,2037,new LSF cluster,0.9968
994,cluster /usr,707,LSF cluster overview,0.9962
994,cluster /usr,914,LSF management host,0.9946
994,cluster /usr,1049,new IBM ® Spectrum LSF cluster,0.9944
994,cluster /usr,916,LSF server hosts,0.9938
994,cluster /usr,1168,current LSF management host,0.9921
994,cluster /usr,972,primary LSF administrator,0.9918
995,ego,1139,EGO 3.6.,1.0000
995,ego,1013,lsbatch,0.9965
995,ego,2026,EGO consumer tree,0.9965
995,ego,1421,c. Edit,0.9964
995,ego,1083,profile.lsf,0.9963
995,ego,998,ego.conf,0.9960
995,ego,1291,errors.%J ls -l,0.9957
995,ego,235,mysql_config,0.9957
995,ego,1550,license2 Numeric,0.9956
995,ego,1246,r1 m,0.9955
997,kernel,1246,r1 m,0.9965
997,kernel,1291,errors.%J ls -l,0.9962
997,kernel,1178,status r15s r1 m,0.9959
997,kernel,1421,c. Edit,0.9959
997,kernel,1550,license2 Numeric,0.9957
997,kernel,1013,lsbatch,0.9954
997,kernel,1829,tcp,0.9954
997,kernel,1736,Linux cgroups,0.9953
997,kernel,33,cgroup,0.9953
997,kernel,2055,cons_tres,0.9952
998,ego.conf,1421,c. Edit,0.9964
998,ego.conf,1139,EGO 3.6.,0.9960
998,ego.conf,995,ego,0.9960
998,ego.conf,1550,license2 Numeric,0.9959
998,ego.conf,235,mysql_config,0.9958
998,ego.conf,1013,lsbatch,0.9958
998,ego.conf,1083,profile.lsf,0.9953
998,ego.conf,1829,tcp,0.9952
998,ego.conf,970,lsb.queues,0.9950
998,ego.conf,1246,r1 m,0.9950
999,Keyword definition file,6,simple text file,0.9993
999,Keyword definition file,1819,incorrect file permissions,0.9993
999,Keyword definition file,1411,binary files,0.9992
999,Keyword definition file,2029,old EGO XML configuration files,0.9992
999,Keyword definition file,1711,such file,0.9992
999,Keyword definition file,1868,specific files,0.9992
999,Keyword definition file,1358,wrapper files,0.9991
999,Keyword definition file,1510,file permission mode -rw-------,0.9991
999,Keyword definition file,731,several configuration files,0.9991
999,Keyword definition file,946,file space,0.9990
1000,Defines cluster name,1882,Duplicate cluster name name,0.9985
1000,Defines cluster name,2025,cluster define,0.9981
1000,Defines cluster name,123,same name,0.9975
1000,Defines cluster name,86,sacctmgr list cluster,0.9965
1000,Defines cluster name,113,multiple clusters,0.9963
1000,Defines cluster name,1053,cluster configuration,0.9961
1000,Defines cluster name,2001,same cluster name,0.9960
1000,Defines cluster name,88,cluster snowflake,0.9960
1000,Defines cluster name,706,cluster operations,0.9956
1000,Defines cluster name,2038,original cluster,0.9954
1001,specific resources,10,resource usage,0.9993
1001,specific resources,846,resource availability,0.9992
1001,specific resources,2113,resource sharing,0.9990
1001,specific resources,896,resource consumers,0.9990
1001,specific resources,2188,resource fragmentation,0.9988
1001,specific resources,869,Static resources,0.9986
1001,specific resources,1566,resource map,0.9984
1001,specific resources,1315,necessary resources,0.9984
1001,specific resources,2027,EGO resource group,0.9983
1001,specific resources,815,resource requirements,0.9983
1002,usr,2088,salloc,0.9948
1002,usr,1038,log/ mbatchd.log.hosta,0.9945
1002,usr,1044,log/,0.9945
1002,usr,31,jobacct_gather,0.9936
1002,usr,1027,logdir,0.9930
1002,usr,1422,IBM ® Spectrum LSF Configuration Reference,0.9927
1002,usr,1509,LSF server binary files,0.9915
1002,usr,1420,install,0.9910
1002,usr,2055,cons_tres,0.9908
1002,usr,963,important LSF configuration files,0.9906
1003,Cluster configuration file,1884,same lsf.shared file,0.9970
1003,Cluster configuration file,86,sacctmgr list cluster,0.9961
1003,Cluster configuration file,487,available configuration parameters,0.9960
1003,Cluster configuration file,1964,configuration changes,0.9959
1003,Cluster configuration file,1820,Incorrect path names,0.9955
1003,Cluster configuration file,1956,new configuration,0.9954
1003,Cluster configuration file,1053,cluster configuration,0.9948
1003,Cluster configuration file,1985,system call times,0.9947
1003,Cluster configuration file,713,reconfigure cluster properties,0.9947
1003,Cluster configuration file,1416,b. Change,0.9945
1005,LSF batch workload system configuration files,1199,LSF batch system configuration files,0.9994
1005,LSF batch workload system configuration files,2022,old LSF batch work files,0.9989
1005,LSF batch workload system configuration files,1055,LSF batch workload system configuration,0.9988
1005,LSF batch workload system configuration files,1195,LSF batch system configuration parameters,0.9983
1005,LSF batch workload system configuration files,2019,old LSF batch configuration files,0.9969
1005,LSF batch workload system configuration files,1263,LSF batch scheduling queues,0.9966
1005,LSF batch workload system configuration files,1128,LSF batch system configuration,0.9960
1005,LSF batch workload system configuration files,1415,LSF installation script directory,0.9955
1005,LSF batch workload system configuration files,1267,Use LSF commands,0.9952
1005,LSF batch workload system configuration files,1472,automatic LSF daemon startup,0.9944
1006,Server hosts,1698,destination host,0.9985
1006,Server hosts,1426,host setup,0.9983
1006,Server hosts,754,execution host,0.9982
1006,Server hosts,1766,multiple hosts,0.9982
1006,Server hosts,1955,host host_name,0.9980
1006,Server hosts,1962,management host list,0.9979
1006,Server hosts,460,local host,0.9978
1006,Server hosts,178,backup host,0.9978
1006,Server hosts,1918,RES host,0.9978
1006,Server hosts,812,candidate hosts,0.9978
1007,attributes,1247,ut pg io ls,0.9977
1007,attributes,1668,localhost myhostname,0.9976
1007,attributes,359,MUNGE authentication,0.9975
1007,attributes,308,insensitive collation,0.9974
1007,attributes,51,pathname,0.9974
1007,attributes,397,qualified pathname,0.9974
1007,attributes,2094,APrevents sharing,0.9974
1007,attributes,1235,owners,0.9973
1007,attributes,415,slurm_acct_db,0.9973
1007,attributes,1596,lic utility,0.9972
1008,scheduling load thresholds,848,load thresholds,0.9989
1008,scheduling load thresholds,902,scheduling thresholds,0.9985
1008,scheduling load thresholds,1127,current load levels,0.9984
1008,scheduling load thresholds,881,load levels,0.9984
1008,scheduling load thresholds,877,load condition,0.9983
1008,scheduling load thresholds,1251,Scheduling threshold values,0.9983
1008,scheduling load thresholds,880,loadStop load threshold,0.9980
1008,scheduling load thresholds,1826,program load,0.9976
1008,scheduling load thresholds,862,External load,0.9972
1008,scheduling load thresholds,1823,enough available memory,0.9972
1009,dispatch windows,1827,available swap space,0.9981
1009,dispatch windows,97,local storage,0.9979
1009,dispatch windows,1923,interactive remote execution,0.9978
1009,dispatch windows,1145,GSA ADP Schedule Contract,0.9977
1009,dispatch windows,738,dispatch,0.9976
1009,dispatch windows,501,sure old records,0.9976
1009,dispatch windows,701,other ways,0.9976
1009,dispatch windows,685,other tools,0.9976
1009,dispatch windows,1646,other instances,0.9975
1009,dispatch windows,1823,enough available memory,0.9975
1010,job slot limits,323,job completion records,0.9978
1010,job slot limits,199,job completion data,0.9978
1010,job slot limits,1481,job state,0.9974
1010,job slot limits,192,job completion plugin,0.9973
1010,job slot limits,1373,easy job submission,0.9972
1010,job slot limits,1334,complete job submission,0.9971
1010,job slot limits,892,job submission,0.9970
1010,job slot limits,1285,job report,0.9968
1010,job slot limits,924,remote jobs access,0.9968
1010,job slot limits,417,job accounting data,0.9968
1011,configure account mappings,593,parent account,0.9991
1011,configure account mappings,102,valid bank accounts,0.9990
1011,configure account mappings,590,different bank accounts,0.9989
1011,configure account mappings,330,invalid accounts,0.9985
1011,configure account mappings,564,account science,0.9979
1011,configure account mappings,592,account hierarchy,0.9978
1011,configure account mappings,571,account chemistry,0.9977
1011,configure account mappings,569,account science \,0.9974
1011,configure account mappings,555,multiple accounts,0.9965
1011,configure account mappings,549,account none,0.9960
1012,LSF multicluster capability./usr,703,IBM Spectrum LSF,1.0000
1012,LSF multicluster capability./usr,714,LSF status,1.0000
1012,LSF multicluster capability./usr,711,LSF,1.0000
1012,LSF multicluster capability./usr,236,/usr,0.9847
1012,LSF multicluster capability./usr,1320,lsfadmin lsf,0.9755
1012,LSF multicluster capability./usr,910,conf,0.9706
1012,LSF multicluster capability./usr,1359,LSF API,0.9699
1012,LSF multicluster capability./usr,721,LSF terms,0.9655
1012,LSF multicluster capability./usr,1401,LSF releases,0.9643
1012,LSF multicluster capability./usr,1612,Administering IBM ® Spectrum LSF,0.9637
1013,lsbatch,1178,status r15s r1 m,0.9974
1013,lsbatch,1246,r1 m,0.9974
1013,lsbatch,1291,errors.%J ls -l,0.9972
1013,lsbatch,1421,c. Edit,0.9972
1013,lsbatch,1829,tcp,0.9969
1013,lsbatch,1550,license2 Numeric,0.9969
1013,lsbatch,1247,ut pg io ls,0.9967
1013,lsbatch,1179,ut pg ls,0.9967
1013,lsbatch,1393,source,0.9967
1013,lsbatch,1083,profile.lsf,0.9966
1017,Application profiles,800,application,1.0000
1017,Application profiles,1260,executable applications,0.9969
1017,Application profiles,1261,execution scripts,0.9966
1017,Application profiles,1371,other applications,0.9964
1017,Application profiles,1531,common application,0.9963
1017,Application profiles,393,system build time,0.9962
1017,Application profiles,1985,system call times,0.9959
1017,Application profiles,795,execution time,0.9957
1017,Application profiles,99,startup,0.9956
1017,Application profiles,783,execution,0.9955
1018,common parameters,193,important parameters,0.9980
1018,common parameters,927,Network File System,0.9977
1018,common parameters,2071,Several parameters,0.9976
1018,common parameters,394,AccountingStoragePort parameter,0.9971
1018,common parameters,1555,INTERVAL parameter specifies,0.9970
1018,common parameters,1567,LOCATION parameter,0.9969
1018,common parameters,1471,system startup files,0.9969
1018,common parameters,1993,system call,0.9967
1018,common parameters,1705,file system environment,0.9966
1018,common parameters,1985,system call times,0.9965
1019,execution requirements,1375,parallel execution,0.9992
1019,execution requirements,1938,execution permission,0.9985
1019,execution requirements,1682,remote execution,0.9985
1019,execution requirements,1035,Remote execution server,0.9984
1019,execution requirements,1923,interactive remote execution,0.9984
1019,execution requirements,1368,other software application vendors,0.9980
1019,execution requirements,1260,executable applications,0.9979
1019,execution requirements,180,primary instance,0.9976
1019,execution requirements,1341,shell script,0.9975
1019,execution requirements,794,Bourne shell script,0.9975
1020,DEFAULT_APPLICATION parameter,761,REMOVE_HUNG_JOBS_FOR parameter,1.0000
1020,DEFAULT_APPLICATION parameter,421,StorageLoc parameter,1.0000
1020,DEFAULT_APPLICATION parameter,980,LSF_ENVDIR parameter,1.0000
1020,DEFAULT_APPLICATION parameter,1634,LSF_MASTER_LIST parameter,1.0000
1020,DEFAULT_APPLICATION parameter,1931,LSF_ROOT_REX parameter,1.0000
1020,DEFAULT_APPLICATION parameter,1046,LSF_LOGDIR parameter,1.0000
1020,DEFAULT_APPLICATION parameter,1849,LSF_USE_HOSTEQUIV parameter,1.0000
1020,DEFAULT_APPLICATION parameter,1504,LSF_STARTUP_PATH parameters,1.0000
1020,DEFAULT_APPLICATION parameter,1649,parameter LSF_SERVER_HOSTS,1.0000
1020,DEFAULT_APPLICATION parameter,131,Parameters,1.0000
1021,default application profile,1022,default application profile./usr,1.0000
1021,default application profile,420,only acceptable value,0.9964
1021,default application profile,2124,same subset,0.9959
1021,default application profile,830,same computer architecture,0.9956
1021,default application profile,886,threshold values,0.9956
1021,default application profile,350,default behavior,0.9951
1021,default application profile,244,available memory,0.9951
1021,default application profile,925,local data,0.9950
1021,default application profile,895,different classes,0.9949
1021,default application profile,1251,Scheduling threshold values,0.9946
1022,default application profile./usr,1021,default application profile,1.0000
1022,default application profile./usr,420,only acceptable value,0.9964
1022,default application profile./usr,2124,same subset,0.9959
1022,default application profile./usr,830,same computer architecture,0.9956
1022,default application profile./usr,886,threshold values,0.9956
1022,default application profile./usr,350,default behavior,0.9951
1022,default application profile./usr,244,available memory,0.9951
1022,default application profile./usr,925,local data,0.9950
1022,default application profile./usr,895,different classes,0.9949
1022,default application profile./usr,1251,Scheduling threshold values,0.9946
1024,LSF batch log files,1032,LSF server daemon log files,0.9958
1024,LSF batch log files,1618,LSF server daemons,0.9955
1024,LSF batch log files,1866,second LSF daemon,0.9953
1024,LSF batch log files,1498,Configure LSF daemons,0.9953
1024,LSF batch log files,1512,LSF administration commands,0.9949
1024,LSF batch log files,1423,IBM Spectrum LSF Command Reference,0.9948
1024,LSF batch log files,1118,LSF Command Reference,0.9948
1024,LSF batch log files,1201,LSF batch workload,0.9947
1024,LSF batch log files,1958,LSF command messages,0.9945
1024,LSF batch log files,1128,LSF batch system configuration,0.9944
1025,Batch events,481,system utilization,0.9970
1025,Batch events,1515,system PATH,0.9970
1025,Batch events,797,batch file,0.9966
1025,Batch events,827,operating system,0.9962
1025,Batch events,1469,system startup,0.9959
1025,Batch events,814,batch processing features,0.9959
1025,Batch events,412,larger systems,0.9956
1025,Batch events,1708,system environment,0.9951
1025,Batch events,1756,lsbatch system,0.9949
1025,Batch events,1202,system configuration,0.9942
1026,work/ cluster,706,cluster operations,0.9972
1026,work/ cluster,88,cluster snowflake,0.9971
1026,work/ cluster,1053,cluster configuration,0.9959
1026,work/ cluster,113,multiple clusters,0.9956
1026,work/ cluster,713,reconfigure cluster properties,0.9954
1026,work/ cluster,2038,original cluster,0.9952
1026,work/ cluster,2025,cluster define,0.9949
1026,work/ cluster,550,test Cluster,0.9942
1026,work/ cluster,724,Cluster characteristics,0.9940
1026,work/ cluster,1883,section cluster,0.9938
1027,logdir,1946,jobfile,0.9964
1027,logdir,1548,N Y,0.9955
1027,logdir,1002,usr,0.9930
1027,logdir,2088,salloc,0.9914
1027,logdir,427,info,0.9913
1027,logdir,1945,logJobInfo _,0.9909
1027,logdir,1167,current LSF version number,0.9898
1027,logdir,1395,LSF distribution files,0.9897
1027,logdir,1422,IBM ® Spectrum LSF Configuration Reference,0.9896
1027,logdir,1044,log/,0.9894
1028,lsb.events,1429,b. Edit,0.9972
1028,lsb.events,1596,lic utility,0.9970
1028,lsb.events,2013,c. Migrate,0.9965
1028,lsb.events,1363,source code,0.9964
1028,lsb.events,1367,software products,0.9963
1028,lsb.events,1602,swp mem license1 license,0.9962
1028,lsb.events,1036,res,0.9962
1028,lsb.events,1179,ut pg ls,0.9962
1028,lsb.events,1247,ut pg io ls,0.9962
1028,lsb.events,1384,Edit,0.9962
1029,Batch accounting log,59,new log files,0.9966
1029,Batch accounting log,797,batch file,0.9937
1029,Batch accounting log,1025,Batch events,0.9931
1029,Batch accounting log,1939,sbatchd messages,0.9928
1029,Batch accounting log,729,Important directories,0.9924
1029,Batch accounting log,481,system utilization,0.9924
1029,Batch accounting log,1469,system startup,0.9923
1029,Batch accounting log,1708,system environment,0.9921
1029,Batch accounting log,1031,Daemon log files,0.9920
1029,Batch accounting log,1515,system PATH,0.9919
1031,Daemon log files,1755,sbatchd daemon logs,0.9980
1031,Daemon log files,1752,mbatchd daemon logs,0.9961
1031,Daemon log files,1722,mbatchd daemon error logs,0.9959
1031,Daemon log files,360,MUNGE daemon,0.9936
1031,Daemon log files,363,alternate MUNGE daemon,0.9936
1031,Daemon log files,1642,LIM error log,0.9935
1031,Daemon log files,1840,ident daemon,0.9922
1031,Daemon log files,1900,LIM messages,0.9922
1031,Daemon log files,1939,sbatchd messages,0.9922
1031,Daemon log files,1029,Batch accounting log,0.9920
1032,LSF server daemon log files,1472,automatic LSF daemon startup,0.9969
1032,LSF server daemon log files,1024,LSF batch log files,0.9958
1032,LSF server daemon log files,1618,LSF server daemons,0.9944
1032,LSF server daemon log files,1498,Configure LSF daemons,0.9942
1032,LSF server daemon log files,1639,LSF LIM daemon,0.9933
1032,LSF server daemon log files,1123,LSF daemons lim,0.9933
1032,LSF server daemon log files,1128,LSF batch system configuration,0.9929
1032,LSF server daemon log files,1199,LSF batch system configuration files,0.9928
1032,LSF server daemon log files,1866,second LSF daemon,0.9926
1032,LSF server daemon log files,1976,LSF displays error messages,0.9926
1034,Load information manager,865,External Load Information Manager,0.9991
1034,Load information manager,1043,process information manager,0.9968
1034,Load information manager,1908,inconsistent configuration information,0.9963
1034,Load information manager,1828,more swap space,0.9955
1034,Load information manager,160,more details,0.9954
1034,Load information manager,467,detailed information,0.9948
1034,Load information manager,1559,more licenses,0.9946
1034,Load information manager,320,archiving information,0.9944
1034,Load information manager,559,accounting reports,0.9944
1034,Load information manager,861,fixed time intervals,0.9944
1035,Remote execution server,1682,remote execution,0.9991
1035,Remote execution server,1375,parallel execution,0.9988
1035,Remote execution server,1938,execution permission,0.9987
1035,Remote execution server,495,Archive Server,0.9985
1035,Remote execution server,1260,executable applications,0.9984
1035,Remote execution server,180,primary instance,0.9984
1035,Remote execution server,1019,execution requirements,0.9984
1035,Remote execution server,1924,remote execution permission,0.9981
1035,Remote execution server,258,older SQL server versions,0.9980
1035,Remote execution server,1923,interactive remote execution,0.9980
1036,res,1363,source code,0.9977
1036,res,1937,RES binary,0.9976
1036,res,1546,RELEASE DESCRIPTION # Keywords,0.9976
1036,res,1831,tcp service,0.9975
1036,res,1429,b. Edit,0.9975
1036,res,722,concepts,0.9975
1036,res,1765,egosh ego,0.9974
1036,res,1805,MODELNAME CPUFACTOR ARCHITECTURE # keyword,0.9973
1036,res,558,terms,0.9970
1036,res,2013,c. Migrate,0.9970
1037,Management batch daemon,1041,Server batch daemon,0.9985
1037,Management batch daemon,1226,batch system daemon,0.9981
1037,Management batch daemon,1867,new daemon,0.9971
1037,Management batch daemon,1720,Batch daemons,0.9964
1037,Management batch daemon,1039,Management scheduler daemon,0.9951
1037,Management batch daemon,1225,daemon time,0.9947
1037,Management batch daemon,747,mbatchd daemon,0.9944
1037,Management batch daemon,748,sbatchd daemon,0.9941
1037,Management batch daemon,1101,lim daemon,0.9940
1037,Management batch daemon,1834,identd daemon,0.9937
1038,log/ mbatchd.log.hosta,1044,log/,1.0000
1038,log/ mbatchd.log.hosta,2088,salloc,0.9959
1038,log/ mbatchd.log.hosta,31,jobacct_gather,0.9955
1038,log/ mbatchd.log.hosta,1002,usr,0.9945
1038,log/ mbatchd.log.hosta,970,lsb.queues,0.9942
1038,log/ mbatchd.log.hosta,1291,errors.%J ls -l,0.9942
1038,log/ mbatchd.log.hosta,33,cgroup,0.9940
1038,log/ mbatchd.log.hosta,1736,Linux cgroups,0.9940
1038,log/ mbatchd.log.hosta,1246,r1 m,0.9938
1038,log/ mbatchd.log.hosta,1013,lsbatch,0.9936
1039,Management scheduler daemon,1834,identd daemon,0.9988
1039,Management scheduler daemon,149,different daemons,0.9982
1039,Management scheduler daemon,58,slurmctld daemon,0.9981
1039,Management scheduler daemon,468,daemon mode,0.9976
1039,Management scheduler daemon,1840,ident daemon,0.9975
1039,Management scheduler daemon,1225,daemon time,0.9974
1039,Management scheduler daemon,748,sbatchd daemon,0.9973
1039,Management scheduler daemon,519,SlurmDBD daemon,0.9969
1039,Management scheduler daemon,1041,Server batch daemon,0.9968
1039,Management scheduler daemon,1971,EGO daemons,0.9967
1041,Server batch daemon,1037,Management batch daemon,0.9985
1041,Server batch daemon,1039,Management scheduler daemon,0.9968
1041,Server batch daemon,1226,batch system daemon,0.9967
1041,Server batch daemon,1834,identd daemon,0.9963
1041,Server batch daemon,748,sbatchd daemon,0.9963
1041,Server batch daemon,1971,EGO daemons,0.9956
1041,Server batch daemon,1225,daemon time,0.9956
1041,Server batch daemon,1101,lim daemon,0.9951
1041,Server batch daemon,747,mbatchd daemon,0.9947
1041,Server batch daemon,149,different daemons,0.9944
1043,process information manager,467,detailed information,0.9969
1043,process information manager,1034,Load information manager,0.9968
1043,process information manager,320,archiving information,0.9966
1043,process information manager,532,relevant information,0.9965
1043,process information manager,1559,more licenses,0.9963
1043,process information manager,1908,inconsistent configuration information,0.9963
1043,process information manager,1909,same configuration information,0.9962
1043,process information manager,160,more details,0.9960
1043,process information manager,865,External Load Information Manager,0.9948
1043,process information manager,1365,more time,0.9948
1044,log/,1038,log/ mbatchd.log.hosta,1.0000
1044,log/,2088,salloc,0.9959
1044,log/,31,jobacct_gather,0.9955
1044,log/,1002,usr,0.9945
1044,log/,970,lsb.queues,0.9942
1044,log/,1291,errors.%J ls -l,0.9942
1044,log/,33,cgroup,0.9940
1044,log/,1736,Linux cgroups,0.9940
1044,log/,1246,r1 m,0.9938
1044,log/,1013,lsbatch,0.9936
1045,LSF log directory,709,important LSF directories,0.9934
1045,LSF log directory,1619,LSF logs errors,0.9931
1045,LSF log directory,1024,LSF batch log files,0.9924
1045,LSF log directory,1256,LSF batch scheduler,0.9921
1045,LSF log directory,712,LSF daemons,0.9913
1045,LSF log directory,1201,LSF batch workload,0.9909
1045,LSF log directory,1618,LSF server daemons,0.9909
1045,LSF log directory,1099,LSF commands,0.9902
1045,LSF log directory,864,LSF administrator,0.9902
1045,LSF log directory,1723,LSF administrator mailbox,0.9902
1046,LSF_LOGDIR parameter,980,LSF_ENVDIR parameter,1.0000
1046,LSF_LOGDIR parameter,1706,parameter LSF_MASTER_LIST,1.0000
1046,LSF_LOGDIR parameter,1649,parameter LSF_SERVER_HOSTS,1.0000
1046,LSF_LOGDIR parameter,761,REMOVE_HUNG_JOBS_FOR parameter,1.0000
1046,LSF_LOGDIR parameter,1504,LSF_STARTUP_PATH parameters,1.0000
1046,LSF_LOGDIR parameter,1931,LSF_ROOT_REX parameter,1.0000
1046,LSF_LOGDIR parameter,1634,LSF_MASTER_LIST parameter,1.0000
1046,LSF_LOGDIR parameter,1967,LSF_LIM_API_NTRIES parameter,1.0000
1046,LSF_LOGDIR parameter,1020,DEFAULT_APPLICATION parameter,1.0000
1046,LSF_LOGDIR parameter,131,Parameters,1.0000
1047,LSF server,1651,LSF applications,0.9990
1047,LSF server,785,LSF schedules,0.9988
1047,LSF server,1067,LSF administration,0.9986
1047,LSF server,1082,LSF environment,0.9985
1047,LSF server,1317,root lsf,0.9982
1047,LSF server,1863,LSF services,0.9981
1047,LSF server,1539,LSF updates,0.9980
1047,LSF server,1606,LSF time,0.9979
1047,LSF server,1470,LSF section,0.9972
1047,LSF server,918,LSF client,0.9971
1048,error logs,1615,Log messages,0.9961
1048,error logs,1642,LIM error log,0.9932
1048,error logs,1683,RES error log,0.9925
1048,error logs,305,error message,0.9919
1048,error logs,1616,error log files,0.9915
1048,error logs,53,log,0.9914
1048,error logs,282,error,0.9911
1048,error logs,634,typographical errors,0.9911
1048,error logs,1722,mbatchd daemon error logs,0.9868
1048,error logs,1972,retry error message,0.9864
1049,new IBM ® Spectrum LSF cluster,1474,IBM Platform LSF Cluster Management,0.9986
1049,new IBM ® Spectrum LSF cluster,2037,new LSF cluster,0.9978
1049,new IBM ® Spectrum LSF cluster,1168,current LSF management host,0.9977
1049,new IBM ® Spectrum LSF cluster,1210,LSF batch server hosts,0.9966
1049,new IBM ® Spectrum LSF cluster,1415,LSF installation script directory,0.9961
1049,new IBM ® Spectrum LSF cluster,1454,IBM Spectrum LSF Cluster Management,0.9956
1049,new IBM ® Spectrum LSF cluster,1085,LSF Cluster Management,0.9956
1049,new IBM ® Spectrum LSF cluster,1195,LSF batch system configuration parameters,0.9949
1049,new IBM ® Spectrum LSF cluster,1169,LSF management host name,0.9945
1049,new IBM ® Spectrum LSF cluster,1263,LSF batch scheduling queues,0.9945
1050,Use LSF administration,1379,LSF installation script lsfinstall,0.9975
1050,Use LSF administration,1989,busy bhosts displays LSF,0.9974
1050,Use LSF administration,1084,LSF execution environment,0.9973
1050,Use LSF administration,1109,LSF batch configuration files,0.9966
1050,Use LSF administration,1062,Configure LSF startup,0.9963
1050,Use LSF administration,1376,other advanced LSF features,0.9963
1050,Use LSF administration,990,LSF cluster configuration files,0.9957
1050,Use LSF administration,1473,automatic LSF startup,0.9956
1050,Use LSF administration,1509,LSF server binary files,0.9955
1050,Use LSF administration,1969,many times LSF,0.9954
1051,lsadmin,1069,lsadmin command,0.9978
1051,lsadmin,1135,lsadmin ckconfig command,0.9972
1051,lsadmin,1198,badmin ckconfig command,0.9968
1051,lsadmin,1466,badmin mbdrestart command,0.9961
1051,lsadmin,1957,badmin reconfigcommand,0.9957
1051,lsadmin,1459,badmin hclose,0.9957
1051,lsadmin,1052,badmin,0.9957
1051,lsadmin,1467,badmin mbdrestart command checks,0.9952
1051,lsadmin,1070,badmin command,0.9952
1051,lsadmin,1476,badmin reconfig command,0.9949
1052,badmin,1459,badmin hclose,1.0000
1052,badmin,1957,badmin reconfigcommand,1.0000
1052,badmin,1070,badmin command,0.9986
1052,badmin,1069,lsadmin command,0.9971
1052,badmin,1051,lsadmin,0.9957
1052,badmin,1198,badmin ckconfig command,0.9955
1052,badmin,1687,filename command,0.9945
1052,badmin,1307,bjobs command,0.9945
1052,badmin,2157,Linux command,0.9945
1052,badmin,1194,bparams command,0.9945
1053,cluster configuration,713,reconfigure cluster properties,0.9985
1053,cluster configuration,2025,cluster define,0.9980
1053,cluster configuration,86,sacctmgr list cluster,0.9976
1053,cluster configuration,88,cluster snowflake,0.9975
1053,cluster configuration,706,cluster operations,0.9974
1053,cluster configuration,113,multiple clusters,0.9963
1053,cluster configuration,1000,Defines cluster name,0.9961
1053,cluster configuration,1026,work/ cluster,0.9959
1053,cluster configuration,550,test Cluster,0.9956
1053,cluster configuration,2038,original cluster,0.9956
1054,cluster status,355,non-external cluster,1.0000
1054,cluster status,85,cluster,1.0000
1054,cluster status,1072,multi-user cluster,1.0000
1054,cluster status,2007,new cluster,0.9954
1054,cluster status,726,cluster administrators,0.9948
1054,cluster status,553,cluster names,0.9914
1054,cluster status,1073,user cluster,0.9892
1054,cluster status,973,cluster users,0.9892
1054,cluster status,724,Cluster characteristics,0.9889
1054,cluster status,2001,same cluster name,0.9878
1055,LSF batch workload system configuration,1195,LSF batch system configuration parameters,0.9993
1055,LSF batch workload system configuration,1199,LSF batch system configuration files,0.9993
1055,LSF batch workload system configuration,1128,LSF batch system configuration,0.9989
1055,LSF batch workload system configuration,1005,LSF batch workload system configuration files,0.9988
1055,LSF batch workload system configuration,1130,LSF batch workload system,0.9977
1055,LSF batch workload system configuration,1267,Use LSF commands,0.9974
1055,LSF batch workload system configuration,2022,old LSF batch work files,0.9974
1055,LSF batch workload system configuration,1415,LSF installation script directory,0.9973
1055,LSF batch workload system configuration,1263,LSF batch scheduling queues,0.9967
1055,LSF batch workload system configuration,1472,automatic LSF daemon startup,0.9956
1056,bsub,1295,bsub -I,1.0000
1056,bsub,1346,bsub -R,0.9960
1056,bsub,1132,bhosts,0.9959
1056,bsub,993,operation,0.9951
1056,bsub,280,DML operations,0.9951
1056,bsub,1439,% lsadmin reconfig,0.9945
1056,bsub,1151,advanced workload execution mode,0.9944
1056,bsub,1124,lsload,0.9944
1056,bsub,1254,lsrun,0.9940
1056,bsub,1928,operation permission,0.9938
1057,lsrun commands,1125,lsid command,0.9992
1057,lsrun commands,931,automount command,0.9992
1057,lsrun commands,1126,lsload command,0.9992
1057,lsrun commands,1644,lsload command prints,0.9992
1057,lsrun commands,1997,egosh command,0.9992
1057,lsrun commands,1656,lshosts command,0.9991
1057,lsrun commands,9,sacct command,0.9991
1057,lsrun commands,1209,bhosts command,0.9991
1057,lsrun commands,758,bkill command,0.9990
1057,lsrun commands,14,sstat command,0.9989
1059,Control job execution,1279,unique job ID,0.9978
1059,Control job execution,1277,sleep job,0.9973
1059,Control job execution,1373,easy job submission,0.9968
1059,Control job execution,1381,additional jobs,0.9966
1059,Control job execution,1334,complete job submission,0.9965
1059,Control job execution,192,job completion plugin,0.9961
1059,Control job execution,924,remote jobs access,0.9959
1059,Control job execution,1740,job RES,0.9958
1059,Control job execution,791,Job files,0.9946
1059,Control job execution,1310,Job owners,0.9945
1060,bstop,1943,token processing,0.9978
1060,bstop,1345,rename abc,0.9976
1060,bstop,1324,% lsrun -v,0.9975
1060,bstop,1157,product entitlement version array,0.9973
1060,bstop,1610,best advantage,0.9973
1060,bstop,69,better security,0.9973
1060,bstop,1336,Wrapper binary executables,0.9973
1060,bstop,2172,Many additional scenarios,0.9972
1060,bstop,686,TresUsage * fields,0.9972
1060,bstop,1647,communication timeouts,0.9972
1061,cshrc.lsf,241,MariaDB server settings,0.9956
1061,cshrc.lsf,1638,profile.lsf script,0.9955
1061,cshrc.lsf,1845,ident server,0.9953
1061,cshrc.lsf,1599,own ELIM,0.9953
1061,cshrc.lsf,230,mysql_config script,0.9952
1061,cshrc.lsf,502,production server,0.9951
1061,cshrc.lsf,220,DB server packages,0.9950
1061,cshrc.lsf,1497,lsf.sudoers,0.9948
1061,cshrc.lsf,1173,LSF_ENVDIR environment variable,0.9948
1061,cshrc.lsf,1968,environment variable,0.9948
1062,Configure LSF startup,1969,many times LSF,0.9994
1062,Configure LSF startup,1473,automatic LSF startup,0.9993
1062,Configure LSF startup,1094,LSF operating environment,0.9988
1062,Configure LSF startup,1376,other advanced LSF features,0.9986
1062,Configure LSF startup,1422,IBM ® Spectrum LSF Configuration Reference,0.9980
1062,Configure LSF startup,1066,LSF external LIM,0.9979
1062,Configure LSF startup,1084,LSF execution environment,0.9975
1062,Configure LSF startup,1509,LSF server binary files,0.9975
1062,Configure LSF startup,1659,LSF client LIM,0.9969
1062,Configure LSF startup,963,important LSF configuration files,0.9968
1063,lsf.sudoers file,1093,files cshrc.lsf,0.9987
1063,lsf.sudoers file,1389,cshrc.lsf file,0.9987
1063,lsf.sudoers file,376,own configuration file,0.9981
1063,lsf.sudoers file,1635,lsid file,0.9981
1063,lsf.sudoers file,1391,.cshrc file,0.9981
1063,lsf.sudoers file,1340,executable file,0.9980
1063,lsf.sudoers file,1388,shell files,0.9980
1063,lsf.sudoers file,964,important files,0.9980
1063,lsf.sudoers file,1640,LIM configuration files,0.9980
1063,lsf.sudoers file,946,file space,0.9979
1064,software licenses,1350,Manage software licenses,0.9991
1064,software licenses,1588,license.dat -f license,0.9984
1064,software licenses,1353,license availability,0.9983
1064,software licenses,1238,license,0.9977
1064,software licenses,1374,license maximization,0.9977
1064,software licenses,1532,software application licenses,0.9977
1064,software licenses,1527,software,0.9976
1064,software licenses,1367,software products,0.9966
1064,software licenses,871,Most static resources,0.9965
1064,software licenses,1602,swp mem license1 license,0.9964
1065,other shared resources,856,level resource usage,0.9981
1065,other shared resources,1608,resource requirement string,0.9976
1065,other shared resources,815,resource requirements,0.9971
1065,other shared resources,871,Most static resources,0.9970
1065,other shared resources,2027,EGO resource group,0.9970
1065,other shared resources,21,resource accounting,0.9969
1065,other shared resources,10,resource usage,0.9966
1065,other shared resources,1566,resource map,0.9965
1065,other shared resources,1250,Resource usage limits,0.9961
1065,other shared resources,612,Resource Limits web page,0.9961
1066,LSF external LIM,1659,LSF client LIM,0.9994
1066,LSF external LIM,1473,automatic LSF startup,0.9988
1066,LSF external LIM,1094,LSF operating environment,0.9985
1066,LSF external LIM,1969,many times LSF,0.9981
1066,LSF external LIM,1062,Configure LSF startup,0.9979
1066,LSF external LIM,1084,LSF execution environment,0.9970
1066,LSF external LIM,1376,other advanced LSF features,0.9965
1066,LSF external LIM,1519,LSF executable files,0.9963
1066,LSF external LIM,1509,LSF server binary files,0.9959
1066,LSF external LIM,1422,IBM ® Spectrum LSF Configuration Reference,0.9956
1067,LSF administration,1539,LSF updates,0.9991
1067,LSF administration,1863,LSF services,0.9988
1067,LSF administration,785,LSF schedules,0.9988
1067,LSF administration,1861,Read LSF Guide,0.9988
1067,LSF administration,1162,IBM Spectrum LSF Standard Edition,0.9987
1067,LSF administration,1612,Administering IBM ® Spectrum LSF,0.9986
1067,LSF administration,1047,LSF server,0.9986
1067,LSF administration,918,LSF client,0.9986
1067,LSF administration,1401,LSF releases,0.9985
1067,LSF administration,721,LSF terms,0.9985
1068,following commands,14,sstat command,0.9991
1068,following commands,1125,lsid command,0.9991
1068,following commands,1997,egosh command,0.9990
1068,following commands,1656,lshosts command,0.9990
1068,following commands,931,automount command,0.9989
1068,following commands,1451,Command Reference,0.9989
1068,following commands,1209,bhosts command,0.9988
1068,following commands,1126,lsload command,0.9988
1068,following commands,1644,lsload command prints,0.9988
1068,following commands,1133,bqueues command,0.9988
1069,lsadmin command,1070,badmin command,0.9990
1069,lsadmin command,1598,FLEXlm command lmstat,0.9981
1069,lsadmin command,1768,rsh command,0.9981
1069,lsadmin command,1194,bparams command,0.9981
1069,lsadmin command,295,command,0.9981
1069,lsadmin command,2157,Linux command,0.9981
1069,lsadmin command,1687,filename command,0.9981
1069,lsadmin command,1307,bjobs command,0.9981
1069,lsadmin command,960,lsfinstall command,0.9981
1069,lsadmin command,1425,install.config command,0.9981
1070,badmin command,1069,lsadmin command,0.9990
1070,badmin command,1253,bparams command,0.9987
1070,badmin command,1307,bjobs command,0.9987
1070,badmin command,1687,filename command,0.9987
1070,badmin command,1768,rsh command,0.9987
1070,badmin command,1194,bparams command,0.9987
1070,badmin command,295,command,0.9987
1070,badmin command,1702,lspasswd command,0.9987
1070,badmin command,960,lsfinstall command,0.9987
1070,badmin command,2157,Linux command,0.9987
1071,non-root user,66,users,1.0000
1071,non-root user,1847,user claimed_user,1.0000
1071,non-root user,116,user naming,1.0000
1071,non-root user,183,same users,0.9948
1071,non-root user,920,user data,0.9926
1071,non-root user,125,user accounts,0.9922
1071,non-root user,37,user name,0.9914
1071,non-root user,103,user limits,0.9906
1071,non-root user,643,user processes,0.9893
1071,non-root user,629,user records,0.9890
1072,multi-user cluster,355,non-external cluster,1.0000
1072,multi-user cluster,1054,cluster status,1.0000
1072,multi-user cluster,85,cluster,1.0000
1072,multi-user cluster,2007,new cluster,0.9954
1072,multi-user cluster,726,cluster administrators,0.9948
1072,multi-user cluster,553,cluster names,0.9914
1072,multi-user cluster,1073,user cluster,0.9892
1072,multi-user cluster,973,cluster users,0.9892
1072,multi-user cluster,724,Cluster characteristics,0.9889
1072,multi-user cluster,2001,same cluster name,0.9878
1073,user cluster,973,cluster users,1.0000
1073,user cluster,2001,same cluster name,0.9930
1073,user cluster,183,same users,0.9915
1073,user cluster,553,cluster names,0.9915
1073,user cluster,724,Cluster characteristics,0.9910
1073,user cluster,2038,original cluster,0.9898
1073,user cluster,37,user name,0.9897
1073,user cluster,2007,new cluster,0.9893
1073,user cluster,552,more clusters,0.9893
1073,user cluster,113,multiple clusters,0.9893
1074,Multi-user configuration,73,configuration,1.0000
1074,Multi-user configuration,1666,IP configuration,1.0000
1074,Multi-user configuration,2024,EGO configuration,0.9985
1074,Multi-user configuration,321,separate configuration file,0.9980
1074,Multi-user configuration,187,Slurm JobComp Configuration,0.9977
1074,Multi-user configuration,731,several configuration files,0.9976
1074,Multi-user configuration,1477,Configuration Reference,0.9976
1074,Multi-user configuration,2029,old EGO XML configuration files,0.9976
1074,Multi-user configuration,710,configuration files,0.9974
1074,Multi-user configuration,992,Global configuration files,0.9974
1075,Only root,1741,root process group,0.9975
1075,Only root,1744,only reliable way,0.9966
1075,Only root,1827,available swap space,0.9963
1075,Only root,249,old records,0.9962
1075,Only root,1823,enough available memory,0.9961
1075,Only root,1746,parent process group,0.9961
1075,Only root,513,Purge process,0.9960
1075,Only root,1734,child process group,0.9960
1075,Only root,1735,parent process,0.9959
1075,Only root,1745,child processes,0.9958
1078,Troubleshooting LSF problems,1624,most LSF problems,0.9989
1078,Troubleshooting LSF problems,717,common LSF problems,0.9984
1078,Troubleshooting LSF problems,1084,LSF execution environment,0.9956
1078,Troubleshooting LSF problems,1404,LSF System Requirements,0.9956
1078,Troubleshooting LSF problems,1473,automatic LSF startup,0.9956
1078,Troubleshooting LSF problems,1256,LSF batch scheduler,0.9953
1078,Troubleshooting LSF problems,1094,LSF operating environment,0.9953
1078,Troubleshooting LSF problems,1066,LSF external LIM,0.9952
1078,Troubleshooting LSF problems,1659,LSF client LIM,0.9949
1078,Troubleshooting LSF problems,709,important LSF directories,0.9947
1079,system kernel information,1258,current system load information,0.9967
1079,system kernel information,827,operating system,0.9959
1079,system kernel information,1469,system startup,0.9959
1079,system kernel information,481,system utilization,0.9959
1079,system kernel information,1515,system PATH,0.9956
1079,system kernel information,412,larger systems,0.9954
1079,system kernel information,1708,system environment,0.9952
1079,system kernel information,393,system build time,0.9945
1079,system kernel information,1705,file system environment,0.9941
1079,system kernel information,1985,system call times,0.9939
1082,LSF environment,1651,LSF applications,0.9992
1082,LSF environment,1606,LSF time,0.9986
1082,LSF environment,1047,LSF server,0.9985
1082,LSF environment,785,LSF schedules,0.9984
1082,LSF environment,1117,LSF installation,0.9972
1082,LSF environment,1067,LSF administration,0.9970
1082,LSF environment,1863,LSF services,0.9967
1082,LSF environment,1539,LSF updates,0.9966
1082,LSF environment,1470,LSF section,0.9964
1082,LSF environment,1317,root lsf,0.9960
1083,profile.lsf,1421,c. Edit,0.9977
1083,profile.lsf,970,lsb.queues,0.9969
1083,profile.lsf,1013,lsbatch,0.9966
1083,profile.lsf,235,mysql_config,0.9965
1083,profile.lsf,1291,errors.%J ls -l,0.9964
1083,profile.lsf,995,ego,0.9963
1083,profile.lsf,1139,EGO 3.6.,0.9963
1083,profile.lsf,1178,status r15s r1 m,0.9962
1083,profile.lsf,1829,tcp,0.9962
1083,profile.lsf,1550,license2 Numeric,0.9961
1084,LSF execution environment,1404,LSF System Requirements,0.9982
1084,LSF execution environment,1473,automatic LSF startup,0.9982
1084,LSF execution environment,1379,LSF installation script lsfinstall,0.9982
1084,LSF execution environment,1094,LSF operating environment,0.9976
1084,LSF execution environment,1062,Configure LSF startup,0.9975
1084,LSF execution environment,1050,Use LSF administration,0.9973
1084,LSF execution environment,1969,many times LSF,0.9971
1084,LSF execution environment,1066,LSF external LIM,0.9970
1084,LSF execution environment,1624,most LSF problems,0.9967
1084,LSF execution environment,1989,busy bhosts displays LSF,0.9963
1085,LSF Cluster Management,1454,IBM Spectrum LSF Cluster Management,1.0000
1085,LSF Cluster Management,994,cluster /usr,0.9987
1085,LSF Cluster Management,2037,new LSF cluster,0.9982
1085,LSF Cluster Management,1474,IBM Platform LSF Cluster Management,0.9979
1085,LSF Cluster Management,914,LSF management host,0.9970
1085,LSF Cluster Management,707,LSF cluster overview,0.9964
1085,LSF Cluster Management,916,LSF server hosts,0.9956
1085,LSF Cluster Management,1049,new IBM ® Spectrum LSF cluster,0.9956
1085,LSF Cluster Management,1168,current LSF management host,0.9943
1085,LSF Cluster Management,1210,LSF batch server hosts,0.9942
1086,shell environment files,1688,application binary files,0.9988
1086,shell environment files,2003,work files,0.9985
1086,shell environment files,1537,lsf.shared file,0.9985
1086,shell environment files,964,important files,0.9983
1086,shell environment files,947,copy result files,0.9982
1086,shell environment files,1173,LSF_ENVDIR environment variable,0.9982
1086,shell environment files,1968,environment variable,0.9982
1086,shell environment files,1093,files cshrc.lsf,0.9980
1086,shell environment files,1389,cshrc.lsf file,0.9980
1086,shell environment files,319,Several Slurm configuration parameters,0.9979
1087,csh,1363,source code,0.9976
1087,csh,2013,c. Migrate,0.9974
1087,csh,397,qualified pathname,0.9973
1087,csh,51,pathname,0.9973
1087,csh,1367,software products,0.9973
1087,csh,1596,lic utility,0.9973
1087,csh,1247,ut pg io ls,0.9972
1087,csh,1937,RES binary,0.9971
1087,csh,1235,owners,0.9970
1087,csh,94,internal cache,0.9970
1088,tcsh shell,1092,bash shell,0.9994
1088,tcsh shell,1366,wrapper shell,0.9990
1088,tcsh shell,1367,software products,0.9984
1088,tcsh shell,1937,RES binary,0.9984
1088,tcsh shell,1297,shell mode support,0.9983
1088,tcsh shell,1824,swap space,0.9981
1088,tcsh shell,1345,rename abc,0.9980
1088,tcsh shell,208,arbitrary text string,0.9980
1088,tcsh shell,232,slurm build,0.9980
1088,tcsh shell,1765,egosh ego,0.9980
1089,source command,820,ls command,0.9994
1089,source command,904,lsfinstall -f install.config command,0.9992
1089,source command,1450,hostsetup command,0.9986
1089,source command,1133,bqueues command,0.9985
1089,source command,1306,bstop command,0.9984
1089,source command,1255,basic commands,0.9983
1089,source command,2148,several commands,0.9983
1089,source command,1312,bresume command,0.9982
1089,source command,1815,command request,0.9982
1089,source command,1808,* commands,0.9982
1090,% source,1292,% J variable,0.9987
1090,% source,1182,% *,0.9976
1090,% source,1298,% bjobs,0.9976
1090,% source,1293,% J,0.9976
1090,% source,1178,status r15s r1 m,0.9976
1090,% source,1247,ut pg io ls,0.9975
1090,% source,1179,ut pg ls,0.9974
1090,% source,1246,r1 m,0.9974
1090,% source,1393,source,0.9973
1090,% source,1291,errors.%J ls -l,0.9973
1091,ksh,1179,ut pg ls,0.9974
1091,ksh,1247,ut pg io ls,0.9974
1091,ksh,1609,license1 myjob,0.9971
1091,ksh,1596,lic utility,0.9971
1091,ksh,2013,c. Migrate,0.9971
1091,ksh,1363,source code,0.9970
1091,ksh,2237,cgroup plugin,0.9970
1091,ksh,2026,EGO consumer tree,0.9969
1091,ksh,1178,status r15s r1 m,0.9969
1091,ksh,1393,source,0.9968
1092,bash shell,1088,tcsh shell,0.9994
1092,bash shell,1366,wrapper shell,0.9994
1092,bash shell,1824,swap space,0.9986
1092,bash shell,1297,shell mode support,0.9985
1092,bash shell,208,arbitrary text string,0.9984
1092,bash shell,1937,RES binary,0.9984
1092,bash shell,1336,Wrapper binary executables,0.9984
1092,bash shell,1580,ELIM program,0.9983
1092,bash shell,1345,rename abc,0.9982
1092,bash shell,1707,correct permissions,0.9982
1093,files cshrc.lsf,1389,cshrc.lsf file,1.0000
1093,files cshrc.lsf,1063,lsf.sudoers file,0.9987
1093,files cshrc.lsf,376,own configuration file,0.9983
1093,files cshrc.lsf,1620,following files,0.9983
1093,files cshrc.lsf,964,important files,0.9983
1093,files cshrc.lsf,1391,.cshrc file,0.9982
1093,files cshrc.lsf,1388,shell files,0.9981
1093,files cshrc.lsf,1537,lsf.shared file,0.9980
1093,files cshrc.lsf,1086,shell environment files,0.9980
1093,files cshrc.lsf,1635,lsid file,0.9979
1094,LSF operating environment,1473,automatic LSF startup,0.9993
1094,LSF operating environment,1062,Configure LSF startup,0.9988
1094,LSF operating environment,1969,many times LSF,0.9987
1094,LSF operating environment,1066,LSF external LIM,0.9985
1094,LSF operating environment,1659,LSF client LIM,0.9981
1094,LSF operating environment,1084,LSF execution environment,0.9976
1094,LSF operating environment,1376,other advanced LSF features,0.9972
1094,LSF operating environment,1519,LSF executable files,0.9970
1094,LSF operating environment,833,LSF binary files,0.9964
1094,LSF operating environment,1422,IBM ® Spectrum LSF Configuration Reference,0.9964
1095,LSF cluster,849,fair share scheduling,0.9943
1095,LSF cluster,774,LSF host,0.9943
1095,LSF cluster,864,LSF administrator,0.9937
1095,LSF cluster,1723,LSF administrator mailbox,0.9937
1095,LSF cluster,707,LSF cluster overview,0.9924
1095,LSF cluster,1117,LSF installation,0.9913
1095,LSF cluster,1256,LSF batch scheduler,0.9904
1095,LSF cluster,709,important LSF directories,0.9903
1095,LSF cluster,745,LSF system,0.9896
1095,LSF cluster,972,primary LSF administrator,0.9895
1096,# bctrld,1631,# bctrld restart,0.9973
1096,# bctrld,1762,bctrld,0.9954
1096,# bctrld,1525,# lsfrestart,0.9951
1096,# bctrld,1630,# bctrld restart lim,0.9946
1096,# bctrld,1592,LICS #,0.9944
1096,# bctrld,1155,lim -C,0.9924
1096,# bctrld,1805,MODELNAME CPUFACTOR ARCHITECTURE # keyword,0.9911
1096,# bctrld,1105,# bctrld stop,0.9906
1096,# bctrld,1546,RELEASE DESCRIPTION # Keywords,0.9898
1096,# bctrld,1150,3.6.0 Lim,0.9891
1097,# bctrld start,1105,# bctrld stop,0.9955
1097,# bctrld start,860,LIM,0.9950
1097,# bctrld start,1440,Restart LIM,0.9943
1097,# bctrld start,1959,LIM restart,0.9943
1097,# bctrld start,1111,# badmin mbdrestart,0.9915
1097,# bctrld start,381,second MUNGE daemon,0.9914
1097,# bctrld start,468,daemon mode,0.9912
1097,# bctrld start,1728,fix LIM problems,0.9909
1097,# bctrld start,1630,# bctrld restart lim,0.9901
1097,# bctrld start,1108,# lsadmin reconfig,0.9900
1098,sbd,1511,ID mode bit,0.9974
1098,sbd,1500,setuid bit,0.9971
1098,sbd,1184,busy status,0.9970
1098,sbd,1937,RES binary,0.9970
1098,sbd,1943,token processing,0.9970
1098,sbd,94,internal cache,0.9969
1098,sbd,1157,product entitlement version array,0.9969
1098,sbd,1345,rename abc,0.9969
1098,sbd,1343,simple interface,0.9968
1098,sbd,1152,3.6.0 Master LIM,0.9968
1099,LSF commands,1256,LSF batch scheduler,0.9953
1099,LSF commands,716,LSF problems,0.9935
1099,LSF commands,745,LSF system,0.9927
1099,LSF commands,1723,LSF administrator mailbox,0.9918
1099,LSF commands,864,LSF administrator,0.9918
1099,LSF commands,1201,LSF batch workload,0.9916
1099,LSF commands,712,LSF daemons,0.9909
1099,LSF commands,1512,LSF administration commands,0.9909
1099,LSF commands,1045,LSF log directory,0.9902
1099,LSF commands,1118,LSF Command Reference,0.9900
1100,few minutes,518,few tools,0.9995
1100,few minutes,1364,appropriate libraries,0.9991
1100,few minutes,55,similar tool,0.9989
1100,few minutes,1336,Wrapper binary executables,0.9988
1100,few minutes,1190,few seconds,0.9988
1100,few minutes,1581,executable program,0.9988
1100,few minutes,1605,minute,0.9987
1100,few minutes,1717,automount maps,0.9987
1100,few minutes,1824,swap space,0.9986
1100,few minutes,1518,full path,0.9986
1101,lim daemon,748,sbatchd daemon,0.9981
1101,lim daemon,1971,EGO daemons,0.9978
1101,lim daemon,747,mbatchd daemon,0.9974
1101,lim daemon,1834,identd daemon,0.9971
1101,lim daemon,1725,sbatchd daemon starts,0.9965
1101,lim daemon,1039,Management scheduler daemon,0.9958
1101,lim daemon,1225,daemon time,0.9954
1101,lim daemon,360,MUNGE daemon,0.9954
1101,lim daemon,363,alternate MUNGE daemon,0.9954
1101,lim daemon,1041,Server batch daemon,0.9951
1102,Select,309,SELECT default_collation_name,1.0000
1102,Select,311,SELECT table_name,1.0000
1102,Select,647,srun -n,0.9852
1102,Select,453,Comment,0.9808
1102,Select,1167,current LSF version number,0.9802
1102,Select,2130,affinity,0.9792
1102,Select,2062,select plugin,0.9789
1102,Select,2135,Step 4Command line optionPossible valuesDescription,0.9781
1102,Select,2118,Step 3Command line optionPossible valuesDescription,0.9781
1102,Select,2110,Step 2Command line optionPossible valuesDescription,0.9781
1103,management host,754,execution host,0.9979
1103,management host,1800,new host model,0.9978
1103,management host,1700,Windows hosts,0.9976
1103,management host,1380,new hosts,0.9976
1103,management host,178,backup host,0.9975
1103,management host,1582,same host,0.9970
1103,management host,1412,new host type,0.9969
1103,management host,1426,host setup,0.9967
1103,management host,1006,Server hosts,0.9966
1103,management host,1698,destination host,0.9965
1104,Exchange initialization information,2149,limited information,1.0000
1104,Exchange initialization information,15,valuable information,1.0000
1104,Exchange initialization information,508,archived information,1.0000
1104,Exchange initialization information,8,Information,1.0000
1104,Exchange initialization information,511,TRES information,1.0000
1104,Exchange initialization information,526,more information,0.9959
1104,Exchange initialization information,1197,historical information,0.9926
1104,Exchange initialization information,2160,same information,0.9919
1104,Exchange initialization information,1266,other information,0.9917
1104,Exchange initialization information,1904,new information,0.9916
1105,# bctrld stop,1630,# bctrld restart lim,0.9983
1105,# bctrld stop,1631,# bctrld restart,0.9967
1105,# bctrld stop,1108,# lsadmin reconfig,0.9963
1105,# bctrld stop,1762,bctrld,0.9961
1105,# bctrld stop,860,LIM,0.9955
1105,# bctrld stop,1097,# bctrld start,0.9955
1105,# bctrld stop,1111,# badmin mbdrestart,0.9952
1105,# bctrld stop,1959,LIM restart,0.9951
1105,# bctrld stop,1440,Restart LIM,0.9951
1105,# bctrld stop,1652,master LIM,0.9944
1107,LSF configuration files,1519,LSF executable files,0.9993
1107,LSF configuration files,833,LSF binary files,0.9992
1107,LSF configuration files,723,LSF basic terms,0.9967
1107,LSF configuration files,802,LSF scheduling policies,0.9958
1107,LSF configuration files,1969,many times LSF,0.9954
1107,LSF configuration files,1094,LSF operating environment,0.9953
1107,LSF configuration files,968,cluster_name,0.9953
1107,LSF configuration files,1418,# cd /usr,0.9952
1107,LSF configuration files,1422,IBM ® Spectrum LSF Configuration Reference,0.9952
1107,LSF configuration files,1473,automatic LSF startup,0.9948
1108,# lsadmin reconfig,1111,# badmin mbdrestart,0.9985
1108,# lsadmin reconfig,1439,% lsadmin reconfig,0.9964
1108,# lsadmin reconfig,1105,# bctrld stop,0.9963
1108,# lsadmin reconfig,1630,# bctrld restart lim,0.9957
1108,# lsadmin reconfig,1631,# bctrld restart,0.9945
1108,# lsadmin reconfig,1488,badmin qclose night,0.9941
1108,# lsadmin reconfig,1322,hostname command,0.9938
1108,# lsadmin reconfig,1652,master LIM,0.9936
1108,# lsadmin reconfig,657,command line,0.9934
1108,# lsadmin reconfig,1959,LIM restart,0.9933
1109,LSF batch configuration files,1989,busy bhosts displays LSF,0.9986
1109,LSF batch configuration files,2019,old LSF batch configuration files,0.9977
1109,LSF batch configuration files,1499,LSF daemon startup control,0.9970
1109,LSF batch configuration files,1050,Use LSF administration,0.9966
1109,LSF batch configuration files,1379,LSF installation script lsfinstall,0.9961
1109,LSF batch configuration files,963,important LSF configuration files,0.9961
1109,LSF batch configuration files,990,LSF cluster configuration files,0.9961
1109,LSF batch configuration files,1423,IBM Spectrum LSF Command Reference,0.9956
1109,LSF batch configuration files,1118,LSF Command Reference,0.9956
1109,LSF batch configuration files,2022,old LSF batch work files,0.9954
1110,mbatchd,468,daemon mode,0.9964
1110,mbatchd,1840,ident daemon,0.9962
1110,mbatchd,58,slurmctld daemon,0.9950
1110,mbatchd,624,appropriate Slurm daemons,0.9945
1110,mbatchd,1834,identd daemon,0.9944
1110,mbatchd,519,SlurmDBD daemon,0.9942
1110,mbatchd,462,other Slurm daemons,0.9935
1110,mbatchd,149,different daemons,0.9933
1110,mbatchd,381,second MUNGE daemon,0.9932
1110,mbatchd,363,alternate MUNGE daemon,0.9929
1111,# badmin mbdrestart,1108,# lsadmin reconfig,0.9985
1111,# badmin mbdrestart,1105,# bctrld stop,0.9952
1111,# badmin mbdrestart,820,ls command,0.9947
1111,# badmin mbdrestart,1488,badmin qclose night,0.9944
1111,# badmin mbdrestart,1200,badmin ckconfig -v,0.9938
1111,# badmin mbdrestart,657,command line,0.9936
1111,# badmin mbdrestart,1089,source command,0.9936
1111,# badmin mbdrestart,1439,% lsadmin reconfig,0.9934
1111,# badmin mbdrestart,1322,hostname command,0.9933
1111,# badmin mbdrestart,1600,lsadmin reconfig,0.9932
1112,lsb.events file,1696,hosts.equiv file,0.9994
1112,lsb.events file,167,passwd file,0.9992
1112,lsb.events file,1935,file respath,0.9992
1112,lsb.events file,1174,profile.lsf file,0.9992
1112,lsb.events file,1998,ego.conf file,0.9991
1112,lsb.events file,395,slurm.conf file,0.9990
1112,lsb.events file,2005,ego.shared files,0.9988
1112,lsb.events file,190,flat file,0.9988
1112,lsb.events file,1358,wrapper files,0.9987
1112,lsb.events file,1711,such file,0.9987
1113,lot,1362,Binary code,0.9944
1113,lot,1344,abc,0.9943
1113,lot,1356,Wrapper binary programs,0.9943
1113,lot,471,reasonable size,0.9941
1113,lot,500,manageable size,0.9941
1113,lot,478,unwieldy size,0.9941
1113,lot,291,size,0.9941
1113,lot,55,similar tool,0.9941
1113,lot,686,TresUsage * fields,0.9941
1113,lot,1966,binary upgrade,0.9941
1114,Example command output,1193,Other useful commands,0.9979
1114,Example command output,78,other Slurm commands,0.9978
1114,Example command output,9,sacct command,0.9968
1114,Example command output,1451,Command Reference,0.9967
1114,Example command output,1808,* commands,0.9967
1114,Example command output,758,bkill command,0.9965
1114,Example command output,1656,lshosts command,0.9964
1114,Example command output,542,sacctmgr command,0.9962
1114,Example command output,1815,command request,0.9962
1114,Example command output,1255,basic commands,0.9960
1115,section,1750,HostPartition sections,1.0000
1115,section,1799,HostModel section,1.0000
1115,section,1873,section section,1.0000
1115,section,1561,ResourceMap section,1.0000
1115,section,1794,HostType section,1.0000
1115,section,912,ClusterAdmins section,1.0000
1115,section,1872,unrecognized section name,0.9934
1115,section,1869,Section name,0.9920
1115,section,322,separate section,0.9916
1115,section,1870,Invalid section name name,0.9899
1116,typical output,234,output,0.9979
1116,typical output,1122,proper output,0.9977
1116,typical output,1286,standard output,0.9971
1116,typical output,971,product installation,0.9966
1116,typical output,772,typical cases,0.9966
1116,typical output,1614,incorrect installation,0.9965
1116,typical output,661,data structure,0.9960
1116,typical output,2034,old EGO work directory,0.9957
1116,typical output,1124,lsload,0.9956
1116,typical output,392,work,0.9956
1117,LSF installation,1082,LSF environment,0.9972
1117,LSF installation,864,LSF administrator,0.9970
1117,LSF installation,1723,LSF administrator mailbox,0.9970
1117,LSF installation,1651,LSF applications,0.9965
1117,LSF installation,1606,LSF time,0.9962
1117,LSF installation,745,LSF system,0.9960
1117,LSF installation,1256,LSF batch scheduler,0.9951
1117,LSF installation,1047,LSF server,0.9945
1117,LSF installation,1470,LSF section,0.9943
1117,LSF installation,716,LSF problems,0.9942
1118,LSF Command Reference,1423,IBM Spectrum LSF Command Reference,1.0000
1118,LSF Command Reference,1512,LSF administration commands,0.9995
1118,LSF Command Reference,1201,LSF batch workload,0.9975
1118,LSF Command Reference,1624,most LSF problems,0.9963
1118,LSF Command Reference,1866,second LSF daemon,0.9961
1118,LSF Command Reference,1404,LSF System Requirements,0.9959
1118,LSF Command Reference,717,common LSF problems,0.9957
1118,LSF Command Reference,1109,LSF batch configuration files,0.9956
1118,LSF Command Reference,1989,busy bhosts displays LSF,0.9954
1118,LSF Command Reference,1379,LSF installation script lsfinstall,0.9952
1119,LSF man,1162,IBM Spectrum LSF Standard Edition,0.9991
1119,LSF man,1612,Administering IBM ® Spectrum LSF,0.9991
1119,LSF man,1401,LSF releases,0.9988
1119,LSF man,721,LSF terms,0.9988
1119,LSF man,1861,Read LSF Guide,0.9988
1119,LSF man,1359,LSF API,0.9985
1119,LSF man,918,LSF client,0.9984
1119,LSF man,730,LSF configuration,0.9983
1119,LSF man,1539,LSF updates,0.9983
1119,LSF man,1863,LSF services,0.9978
1120,complete usage,346,usage,0.9992
1120,complete usage,428,password usage,0.9991
1120,complete usage,379,complete description,0.9987
1120,complete usage,135,best way,0.9985
1120,complete usage,518,few tools,0.9985
1120,complete usage,523,various reports,0.9984
1120,complete usage,55,similar tool,0.9984
1120,complete usage,2145,easy way,0.9983
1120,complete usage,734,several states,0.9983
1120,complete usage,1336,Wrapper binary executables,0.9983
1121,command options,1632,ps -ef command,0.9902
1121,command options,904,lsfinstall -f install.config command,0.9902
1121,command options,542,sacctmgr command,0.9901
1121,command options,1450,hostsetup command,0.9900
1121,command options,1306,bstop command,0.9899
1121,command options,1656,lshosts command,0.9898
1121,command options,1068,following commands,0.9898
1121,command options,14,sstat command,0.9898
1121,command options,9,sacct command,0.9897
1121,command options,1089,source command,0.9895
1122,proper output,1286,standard output,0.9991
1122,proper output,1116,typical output,0.9977
1122,proper output,1645,Communication time,0.9974
1122,proper output,861,fixed time intervals,0.9974
1122,proper output,1124,lsload,0.9973
1122,proper output,947,copy result files,0.9973
1122,proper output,1817,Network Time Protocol,0.9972
1122,proper output,922,results,0.9971
1122,proper output,1938,execution permission,0.9970
1122,proper output,1968,environment variable,0.9969
1123,LSF daemons lim,1639,LSF LIM daemon,1.0000
1123,LSF daemons lim,1618,LSF server daemons,0.9989
1123,LSF daemons lim,1452,d. Start LSF,0.9978
1123,LSF daemons lim,1498,Configure LSF daemons,0.9970
1123,LSF daemons lim,1866,second LSF daemon,0.9967
1123,LSF daemons lim,1032,LSF server daemon log files,0.9933
1123,LSF daemons lim,1472,automatic LSF daemon startup,0.9931
1123,LSF daemons lim,1024,LSF batch log files,0.9929
1123,LSF daemons lim,972,primary LSF administrator,0.9917
1123,LSF daemons lim,1512,LSF administration commands,0.9913
1124,lsload,1286,standard output,0.9973
1124,lsload,1122,proper output,0.9973
1124,lsload,1714,current working,0.9966
1124,lsload,922,results,0.9965
1124,lsload,1173,LSF_ENVDIR environment variable,0.9964
1124,lsload,1968,environment variable,0.9964
1124,lsload,1342,wrapper script,0.9964
1124,lsload,947,copy result files,0.9964
1124,lsload,861,fixed time intervals,0.9963
1124,lsload,1341,shell script,0.9962
1125,lsid command,1997,egosh command,0.9995
1125,lsid command,1126,lsload command,0.9995
1125,lsid command,1644,lsload command prints,0.9995
1125,lsid command,931,automount command,0.9995
1125,lsid command,14,sstat command,0.9995
1125,lsid command,1209,bhosts command,0.9994
1125,lsid command,1656,lshosts command,0.9993
1125,lsid command,1057,lsrun commands,0.9992
1125,lsid command,2148,several commands,0.9992
1125,lsid command,1451,Command Reference,0.9992
1126,lsload command,1644,lsload command prints,1.0000
1126,lsload command,1125,lsid command,0.9995
1126,lsload command,1209,bhosts command,0.9993
1126,lsload command,1997,egosh command,0.9992
1126,lsload command,14,sstat command,0.9992
1126,lsload command,1057,lsrun commands,0.9992
1126,lsload command,931,automount command,0.9992
1126,lsload command,1656,lshosts command,0.9991
1126,lsload command,1632,ps -ef command,0.9989
1126,lsload command,1627,command output,0.9989
1127,current load levels,881,load levels,0.9990
1127,current load levels,1008,scheduling load thresholds,0.9984
1127,current load levels,2000,current fix pack level,0.9978
1127,current load levels,1251,Scheduling threshold values,0.9978
1127,current load levels,1826,program load,0.9976
1127,current load levels,1827,available swap space,0.9975
1127,current load levels,498,archive instance,0.9974
1127,current load levels,1570,different ELIM,0.9974
1127,current load levels,19,particular time interval,0.9973
1127,current load levels,97,local storage,0.9973
1128,LSF batch system configuration,1130,LSF batch workload system,0.9991
1128,LSF batch system configuration,1055,LSF batch workload system configuration,0.9989
1128,LSF batch system configuration,1195,LSF batch system configuration parameters,0.9981
1128,LSF batch system configuration,1199,LSF batch system configuration files,0.9980
1128,LSF batch system configuration,1267,Use LSF commands,0.9974
1128,LSF batch system configuration,1415,LSF installation script directory,0.9969
1128,LSF batch system configuration,1005,LSF batch workload system configuration files,0.9960
1128,LSF batch system configuration,1472,automatic LSF daemon startup,0.9957
1128,LSF batch system configuration,2022,old LSF batch work files,0.9950
1128,LSF batch system configuration,1263,LSF batch scheduling queues,0.9947
1129,badmin command controls,1601,badmin reconfig,0.9971
1129,badmin command controls,1133,bqueues command,0.9966
1129,badmin command controls,1808,* commands,0.9966
1129,badmin command controls,1306,bstop command,0.9965
1129,badmin command controls,1626,lsadmin ckconfig -v command,0.9964
1129,badmin command controls,1312,bresume command,0.9963
1129,badmin command controls,784,bsub command,0.9962
1129,badmin command controls,1273,lsgrun command,0.9960
1129,badmin command controls,1089,source command,0.9959
1129,badmin command controls,14,sstat command,0.9958
1130,LSF batch workload system,1128,LSF batch system configuration,0.9991
1130,LSF batch workload system,1055,LSF batch workload system configuration,0.9977
1130,LSF batch workload system,1195,LSF batch system configuration parameters,0.9974
1130,LSF batch workload system,1267,Use LSF commands,0.9965
1130,LSF batch workload system,1415,LSF installation script directory,0.9961
1130,LSF batch workload system,1199,LSF batch system configuration files,0.9957
1130,LSF batch workload system,1208,LSF batch commands,0.9955
1130,LSF batch workload system,1472,automatic LSF daemon startup,0.9941
1130,LSF batch workload system,1005,LSF batch workload system configuration files,0.9937
1130,LSF batch workload system,1210,LSF batch server hosts,0.9936
1131,batch system status,1206,Batch,0.9980
1131,batch system status,926,UNIX systems,0.9979
1131,batch system status,1396,Linux system,0.9979
1131,batch system status,223,system,0.9979
1131,batch system status,1226,batch system daemon,0.9955
1131,batch system status,1041,Server batch daemon,0.9934
1131,batch system status,1037,Management batch daemon,0.9930
1131,batch system status,1977,batch command,0.9920
1131,batch system status,1720,Batch daemons,0.9889
1131,batch system status,1708,system environment,0.9888
1132,bhosts,1151,advanced workload execution mode,0.9969
1132,bhosts,1286,standard output,0.9964
1132,bhosts,993,operation,0.9963
1132,bhosts,280,DML operations,0.9963
1132,bhosts,974,paths,0.9963
1132,bhosts,705,workload,0.9963
1132,bhosts,1122,proper output,0.9962
1132,bhosts,1124,lsload,0.9961
1132,bhosts,1714,current working,0.9960
1132,bhosts,1295,bsub -I,0.9959
1133,bqueues command,1306,bstop command,0.9995
1133,bqueues command,2148,several commands,0.9994
1133,bqueues command,1273,lsgrun command,0.9994
1133,bqueues command,1255,basic commands,0.9994
1133,bqueues command,1312,bresume command,0.9993
1133,bqueues command,14,sstat command,0.9993
1133,bqueues command,1997,egosh command,0.9992
1133,bqueues command,931,automount command,0.9991
1133,bqueues command,1656,lshosts command,0.9991
1133,bqueues command,1125,lsid command,0.9990
1134,available queues,1486,other queues,0.9978
1134,available queues,1482,original queue,0.9960
1134,available queues,1386,new queue definition,0.9956
1134,available queues,736,queue,0.9949
1134,available queues,36,job name,0.9948
1134,available queues,1950,Destination queue,0.9946
1134,available queues,1485,regular queue,0.9944
1134,available queues,890,queue level,0.9939
1134,available queues,1299,JOBID USER STAT QUEUE,0.9934
1134,available queues,779,single process queue,0.9926
1135,lsadmin ckconfig command,1466,badmin mbdrestart command,0.9993
1135,lsadmin ckconfig command,1198,badmin ckconfig command,0.9992
1135,lsadmin ckconfig command,1476,badmin reconfig command,0.9991
1135,lsadmin ckconfig command,1465,lsadmin reconfig command,0.9990
1135,lsadmin ckconfig command,1442,lsadmin reconfig command checks,0.9985
1135,lsadmin ckconfig command,1196,bhist command,0.9985
1135,lsadmin ckconfig command,1448,badmin reconfig command checks,0.9981
1135,lsadmin ckconfig command,1467,badmin mbdrestart command checks,0.9980
1135,lsadmin ckconfig command,1051,lsadmin,0.9972
1135,lsadmin ckconfig command,1644,lsload command prints,0.9971
1136,lsadmin ckconfig -v,1200,badmin ckconfig -v,0.9990
1136,lsadmin ckconfig -v,1807,b * commands,0.9979
1136,lsadmin ckconfig -v,1600,lsadmin reconfig,0.9978
1136,lsadmin ckconfig -v,1193,Other useful commands,0.9963
1136,lsadmin ckconfig -v,1833,setuid root command,0.9962
1136,lsadmin ckconfig -v,78,other Slurm commands,0.9959
1136,lsadmin ckconfig -v,1808,* commands,0.9958
1136,lsadmin ckconfig -v,1488,badmin qclose night,0.9952
1136,lsadmin ckconfig -v,1439,% lsadmin reconfig,0.9952
1136,lsadmin ckconfig -v,1138,lsadmin ckconfig,0.9950
1137,Other messages,1975,command client messages,0.9952
1137,Other messages,1613,Most problems,0.9947
1137,Other messages,1939,sbatchd messages,0.9944
1137,Other messages,1224,following message,0.9943
1137,Other messages,1726,unknown service error message displays,0.9938
1137,Other messages,390,warning message,0.9926
1137,Other messages,1815,command request,0.9925
1137,Other messages,797,batch file,0.9924
1137,Other messages,1158,Last message,0.9924
1137,Other messages,1900,LIM messages,0.9923
1138,lsadmin ckconfig,1626,lsadmin ckconfig -v command,0.9989
1138,lsadmin ckconfig,1600,lsadmin reconfig,0.9982
1138,lsadmin ckconfig,1601,badmin reconfig,0.9978
1138,lsadmin ckconfig,1203,badmin ckconfig,0.9976
1138,lsadmin ckconfig,1465,lsadmin reconfig command,0.9972
1138,lsadmin ckconfig,1306,bstop command,0.9966
1138,lsadmin ckconfig,1997,egosh command,0.9966
1138,lsadmin ckconfig,1200,badmin ckconfig -v,0.9965
1138,lsadmin ckconfig,1656,lshosts command,0.9965
1138,lsadmin ckconfig,1815,command request,0.9964
1139,EGO 3.6.,995,ego,1.0000
1139,EGO 3.6.,1013,lsbatch,0.9965
1139,EGO 3.6.,2026,EGO consumer tree,0.9965
1139,EGO 3.6.,1421,c. Edit,0.9964
1139,EGO 3.6.,1083,profile.lsf,0.9963
1139,EGO 3.6.,998,ego.conf,0.9960
1139,EGO 3.6.,1291,errors.%J ls -l,0.9957
1139,EGO 3.6.,235,mysql_config,0.9957
1139,EGO 3.6.,1550,license2 Numeric,0.9956
1139,EGO 3.6.,1246,r1 m,0.9955
1141,Copyright International Business Machines Corp.,141,machine,1.0000
1141,Copyright International Business Machines Corp.,413,separate machine,0.9994
1141,Copyright International Business Machines Corp.,179,different machine,0.9982
1141,Copyright International Business Machines Corp.,1704,Windows password authentication,0.9979
1141,Copyright International Business Machines Corp.,135,best way,0.9976
1141,Copyright International Business Machines Corp.,55,similar tool,0.9976
1141,Copyright International Business Machines Corp.,48,appropriate plugin,0.9976
1141,Copyright International Business Machines Corp.,503,separate instances,0.9976
1141,Copyright International Business Machines Corp.,775,individual computer,0.9975
1141,Copyright International Business Machines Corp.,479,purge interval,0.9975
1142,US Government Users Restricted Rights,575,user da,0.9993
1142,US Government Users Restricted Rights,1377,Manage users,0.9992
1142,US Government Users Restricted Rights,1960,User programs,0.9992
1142,US Government Users Restricted Rights,118,user ID,0.9992
1142,US Government Users Restricted Rights,1919,bad user,0.9991
1142,US Government Users Restricted Rights,213,user entities,0.9990
1142,US Government Users Restricted Rights,1681,User permission,0.9989
1142,US Government Users Restricted Rights,2028,EGO users,0.9989
1142,US Government Users Restricted Rights,606,slurm user,0.9986
1142,US Government Users Restricted Rights,629,user records,0.9985
1145,GSA ADP Schedule Contract,1923,interactive remote execution,0.9981
1145,GSA ADP Schedule Contract,1009,dispatch windows,0.9977
1145,GSA ADP Schedule Contract,1375,parallel execution,0.9975
1145,GSA ADP Schedule Contract,1682,remote execution,0.9973
1145,GSA ADP Schedule Contract,1019,execution requirements,0.9972
1145,GSA ADP Schedule Contract,1646,other instances,0.9970
1145,GSA ADP Schedule Contract,1461,other references,0.9970
1145,GSA ADP Schedule Contract,97,local storage,0.9970
1145,GSA ADP Schedule Contract,738,dispatch,0.9969
1145,GSA ADP Schedule Contract,1827,available swap space,0.9968
1147,binary type,1430,type columns,0.9993
1147,binary type,704,various types,0.9993
1147,binary type,1779,type detection,0.9989
1147,binary type,1526,main types,0.9986
1147,binary type,1758,type UNKNOWN,0.9984
1147,binary type,20,distinct plugin types,0.9976
1147,binary type,1769,specific model,0.9973
1147,binary type,1545,RESOURCENAME TYPE INTERVAL,0.9965
1147,binary type,357,database type storage plugins,0.9943
1147,binary type,1633,first few hosts,0.9933
1150,3.6.0 Lim,1152,3.6.0 Master LIM,0.9996
1150,3.6.0 Lim,1438,d. Reconfigure lim,0.9973
1150,3.6.0 Lim,1155,lim -C,0.9973
1150,3.6.0 Lim,1643,LIM communication,0.9971
1150,3.6.0 Lim,1961,LIM API,0.9964
1150,3.6.0 Lim,1805,MODELNAME CPUFACTOR ARCHITECTURE # keyword,0.9962
1150,3.6.0 Lim,1546,RELEASE DESCRIPTION # Keywords,0.9959
1150,3.6.0 Lim,1520,egosh,0.9958
1150,3.6.0 Lim,1640,LIM configuration files,0.9958
1150,3.6.0 Lim,1337,application source code,0.9958
1151,advanced workload execution mode,1924,remote execution permission,0.9988
1151,advanced workload execution mode,1938,execution permission,0.9987
1151,advanced workload execution mode,258,older SQL server versions,0.9984
1151,advanced workload execution mode,974,paths,0.9982
1151,advanced workload execution mode,1714,current working,0.9982
1151,advanced workload execution mode,1928,operation permission,0.9981
1151,advanced workload execution mode,1375,parallel execution,0.9981
1151,advanced workload execution mode,1564,RESOURCENAME LOCATION,0.9980
1151,advanced workload execution mode,1337,application source code,0.9980
1151,advanced workload execution mode,1335,Wrapper shell scripts,0.9980
1152,3.6.0 Master LIM,1150,3.6.0 Lim,0.9996
1152,3.6.0 Master LIM,1155,lim -C,0.9971
1152,3.6.0 Master LIM,1805,MODELNAME CPUFACTOR ARCHITECTURE # keyword,0.9971
1152,3.6.0 Master LIM,1546,RELEASE DESCRIPTION # Keywords,0.9970
1152,3.6.0 Master LIM,1337,application source code,0.9969
1152,3.6.0 Master LIM,1100,few minutes,0.9969
1152,3.6.0 Master LIM,1438,d. Reconfigure lim,0.9968
1152,3.6.0 Master LIM,1520,egosh,0.9968
1152,3.6.0 Master LIM,1098,sbd,0.9968
1152,3.6.0 Master LIM,1928,operation permission,0.9968
1153,EGO_DISABLE_UNRESOLVABLE_HOST mode,1511,ID mode bit,0.9992
1153,EGO_DISABLE_UNRESOLVABLE_HOST mode,1297,shell mode support,0.9984
1153,EGO_DISABLE_UNRESOLVABLE_HOST mode,1157,product entitlement version array,0.9982
1153,EGO_DISABLE_UNRESOLVABLE_HOST mode,2172,Many additional scenarios,0.9979
1153,EGO_DISABLE_UNRESOLVABLE_HOST mode,1670,localhost ipv,0.9978
1153,EGO_DISABLE_UNRESOLVABLE_HOST mode,445,localhost,0.9978
1153,EGO_DISABLE_UNRESOLVABLE_HOST mode,379,complete description,0.9978
1153,EGO_DISABLE_UNRESOLVABLE_HOST mode,208,arbitrary text string,0.9978
1153,EGO_DISABLE_UNRESOLVABLE_HOST mode,276,recent versions,0.9978
1153,EGO_DISABLE_UNRESOLVABLE_HOST mode,94,internal cache,0.9977
1155,lim -C,1805,MODELNAME CPUFACTOR ARCHITECTURE # keyword,0.9973
1155,lim -C,1150,3.6.0 Lim,0.9973
1155,lim -C,1152,3.6.0 Master LIM,0.9971
1155,lim -C,1546,RELEASE DESCRIPTION # Keywords,0.9965
1155,lim -C,1098,sbd,0.9947
1155,lim -C,1765,egosh ego,0.9943
1155,lim -C,1438,d. Reconfigure lim,0.9941
1155,lim -C,1631,# bctrld restart,0.9938
1155,lim -C,1961,LIM API,0.9935
1155,lim -C,1643,LIM communication,0.9934
1157,product entitlement version array,276,recent versions,0.9994
1157,product entitlement version array,955,products,0.9994
1157,product entitlement version array,219,place upgrades,0.9990
1157,product entitlement version array,208,arbitrary text string,0.9990
1157,product entitlement version array,674,largest memory peak,0.9989
1157,product entitlement version array,1511,ID mode bit,0.9988
1157,product entitlement version array,1356,Wrapper binary programs,0.9988
1157,product entitlement version array,686,TresUsage * fields,0.9988
1157,product entitlement version array,536,various graphs,0.9988
1157,product entitlement version array,2145,easy way,0.9987
1158,Last message,1916,RES messages,0.9994
1158,Last message,390,warning message,0.9990
1158,Last message,1224,following message,0.9986
1158,Last message,1726,unknown service error message displays,0.9984
1158,Last message,1939,sbatchd messages,0.9968
1158,Last message,1684,detailed error message,0.9959
1158,Last message,1172,lsf.conf file message,0.9956
1158,Last message,1981,failure Possible reason Error message output,0.9956
1158,Last message,1978,error reasons,0.9952
1158,Last message,1972,retry error message,0.9950
1159,initEntitlement,1247,ut pg io ls,0.9956
1159,initEntitlement,1007,attributes,0.9954
1159,initEntitlement,1596,lic utility,0.9954
1159,initEntitlement,1179,ut pg ls,0.9954
1159,initEntitlement,1363,source code,0.9952
1159,initEntitlement,51,pathname,0.9952
1159,initEntitlement,397,qualified pathname,0.9952
1159,initEntitlement,1609,license1 myjob,0.9950
1159,initEntitlement,556,description,0.9949
1159,initEntitlement,2094,APrevents sharing,0.9949
1162,IBM Spectrum LSF Standard Edition,1861,Read LSF Guide,0.9995
1162,IBM Spectrum LSF Standard Edition,1401,LSF releases,0.9994
1162,IBM Spectrum LSF Standard Edition,1539,LSF updates,0.9994
1162,IBM Spectrum LSF Standard Edition,1612,Administering IBM ® Spectrum LSF,0.9993
1162,IBM Spectrum LSF Standard Edition,721,LSF terms,0.9992
1162,IBM Spectrum LSF Standard Edition,918,LSF client,0.9991
1162,IBM Spectrum LSF Standard Edition,1119,LSF man,0.9991
1162,IBM Spectrum LSF Standard Edition,1863,LSF services,0.9989
1162,IBM Spectrum LSF Standard Edition,730,LSF configuration,0.9989
1162,IBM Spectrum LSF Standard Edition,1067,LSF administration,0.9987
1165,3.6.0 Checking,776,processor,0.9960
1165,3.6.0 Checking,2094,APrevents sharing,0.9960
1165,3.6.0 Checking,1182,% *,0.9958
1165,3.6.0 Checking,1787,Total Processors,0.9957
1165,3.6.0 Checking,619,like fashion,0.9953
1165,3.6.0 Checking,1292,% J variable,0.9949
1165,3.6.0 Checking,1180,swp mem,0.9949
1165,3.6.0 Checking,1247,ut pg io ls,0.9949
1165,3.6.0 Checking,1236,priority,0.9948
1165,3.6.0 Checking,1897,letter,0.9948
1166,common configuration errors,1641,most configuration errors,0.9992
1166,common configuration errors,1994,Internal library error,0.9989
1166,common configuration errors,1443,configuration errors,0.9985
1166,common configuration errors,1287,standard error,0.9971
1166,common configuration errors,1978,error reasons,0.9967
1166,common configuration errors,1981,failure Possible reason Error message output,0.9966
1166,common configuration errors,1825,internal error,0.9962
1166,common configuration errors,1916,RES messages,0.9955
1166,common configuration errors,285,InnoDB error,0.9950
1166,common configuration errors,1158,Last message,0.9948
1167,current LSF version number,427,info,0.9917
1167,current LSF version number,1395,LSF distribution files,0.9907
1167,current LSF version number,1548,N Y,0.9906
1167,current LSF version number,1946,jobfile,0.9904
1167,current LSF version number,1027,logdir,0.9898
1167,current LSF version number,1505,sparc,0.9890
1167,current LSF version number,1316,r--,0.9844
1167,current LSF version number,968,cluster_name,0.9843
1167,current LSF version number,1002,usr,0.9836
1167,current LSF version number,802,LSF scheduling policies,0.9830
1168,current LSF management host,1049,new IBM ® Spectrum LSF cluster,0.9977
1168,current LSF management host,1474,IBM Platform LSF Cluster Management,0.9976
1168,current LSF management host,1169,LSF management host name,0.9975
1168,current LSF management host,1210,LSF batch server hosts,0.9973
1168,current LSF management host,914,LSF management host,0.9969
1168,current LSF management host,834,LSF host model,0.9963
1168,current LSF management host,826,LSF host type,0.9955
1168,current LSF management host,2037,new LSF cluster,0.9952
1168,current LSF management host,1454,IBM Spectrum LSF Cluster Management,0.9943
1168,current LSF management host,1085,LSF Cluster Management,0.9943
1169,LSF management host name,1168,current LSF management host,0.9975
1169,LSF management host name,826,LSF host type,0.9952
1169,LSF management host name,834,LSF host model,0.9951
1169,LSF management host name,1049,new IBM ® Spectrum LSF cluster,0.9945
1169,LSF management host name,1210,LSF batch server hosts,0.9944
1169,LSF management host name,914,LSF management host,0.9942
1169,LSF management host name,1474,IBM Platform LSF Cluster Management,0.9937
1169,LSF management host name,2037,new LSF cluster,0.9930
1169,LSF management host name,1085,LSF Cluster Management,0.9910
1169,LSF management host name,1454,IBM Spectrum LSF Cluster Management,0.9910
1170,master name,127,consistent names,0.9994
1170,master name,1870,Invalid section name name,0.9986
1170,master name,1715,different name,0.9978
1170,master name,1693,name server,0.9978
1170,master name,1872,unrecognized section name,0.9969
1170,master name,1820,Incorrect path names,0.9952
1170,master name,1869,Section name,0.9948
1170,master name,86,sacctmgr list cluster,0.9943
1170,master name,1913,index names,0.9939
1170,master name,1709,non-uniform file name space,0.9937
1171,hosta,1325,hosta hostname,0.9969
1171,hosta,1329,hosta hostb hostc,0.9964
1171,hosta,1309,user1 USUSP normal hosta hostb,0.9921
1171,hosta,1333,hostc,0.9916
1171,hosta,1181,hostc -ok,0.9916
1171,hosta,1332,hostb,0.9902
1171,hosta,1220,hosta ok,0.9898
1171,hosta,1495,user5 PEND night hostA hostC,0.9885
1171,hosta,1330,hostname,0.9877
1171,hosta,1331,Executing hostname,0.9846
1172,lsf.conf file message,1916,RES messages,0.9966
1172,lsf.conf file message,1158,Last message,0.9956
1172,lsf.conf file message,59,new log files,0.9956
1172,lsf.conf file message,1726,unknown service error message displays,0.9950
1172,lsf.conf file message,56,log files,0.9947
1172,lsf.conf file message,1224,following message,0.9944
1172,lsf.conf file message,1414,a. Log,0.9944
1172,lsf.conf file message,390,warning message,0.9942
1172,lsf.conf file message,1641,most configuration errors,0.9941
1172,lsf.conf file message,1166,common configuration errors,0.9936
1173,LSF_ENVDIR environment variable,1968,environment variable,1.0000
1173,LSF_ENVDIR environment variable,1335,Wrapper shell scripts,0.9983
1173,LSF_ENVDIR environment variable,1714,current working,0.9982
1173,LSF_ENVDIR environment variable,1086,shell environment files,0.9982
1173,LSF_ENVDIR environment variable,1342,wrapper script,0.9981
1173,LSF_ENVDIR environment variable,794,Bourne shell script,0.9981
1173,LSF_ENVDIR environment variable,1341,shell script,0.9981
1173,LSF_ENVDIR environment variable,230,mysql_config script,0.9981
1173,LSF_ENVDIR environment variable,1151,advanced workload execution mode,0.9979
1173,LSF_ENVDIR environment variable,258,older SQL server versions,0.9979
1174,profile.lsf file,1385,lsb.queues file,0.9993
1174,profile.lsf file,1998,ego.conf file,0.9992
1174,profile.lsf file,1112,lsb.events file,0.9992
1174,profile.lsf file,1696,hosts.equiv file,0.9990
1174,profile.lsf file,167,passwd file,0.9987
1174,profile.lsf file,1391,.cshrc file,0.9985
1174,profile.lsf file,1935,file respath,0.9985
1174,profile.lsf file,395,slurm.conf file,0.9985
1174,profile.lsf file,946,file space,0.9983
1174,profile.lsf file,1388,shell files,0.9981
1175,more help,1365,more time,0.9975
1175,more help,160,more details,0.9975
1175,more help,467,detailed information,0.9952
1175,more help,872,startup time,0.9952
1175,more help,532,relevant information,0.9946
1175,more help,1431,more experience,0.9944
1175,more help,320,archiving information,0.9944
1175,more help,40,completion time,0.9943
1175,more help,1908,inconsistent configuration information,0.9941
1175,more help,253,recovery times,0.9941
1176,Normal status,1495,user5 PEND night hostA hostC,0.9972
1176,Normal status,2173,IDLE,0.9965
1176,Normal status,1309,user1 USUSP normal hosta hostb,0.9960
1176,Normal status,1441,hostd,0.9958
1176,Normal status,1333,hostc,0.9945
1176,Normal status,1181,hostc -ok,0.9945
1176,Normal status,1237,night,0.9940
1176,Normal status,1252,loadStop,0.9931
1176,Normal status,1283,short sleep,0.9930
1176,Normal status,442,Query OK,0.9929
1177,% lsload,1278,% bsub,0.9986
1177,% lsload,1324,% lsrun -v,0.9986
1177,% lsload,1292,% J variable,0.9971
1177,% lsload,1188,minus sign,0.9970
1177,% lsload,1184,busy status,0.9970
1177,% lsload,1240,bqueues,0.9969
1177,% lsload,1943,token processing,0.9966
1177,% lsload,94,internal cache,0.9965
1177,% lsload,1182,% *,0.9964
1177,% lsload,1546,RELEASE DESCRIPTION # Keywords,0.9964
1178,status r15s r1 m,1246,r1 m,0.9995
1178,status r15s r1 m,1247,ut pg io ls,0.9986
1178,status r15s r1 m,1179,ut pg ls,0.9985
1178,status r15s r1 m,1550,license2 Numeric,0.9977
1178,status r15s r1 m,1291,errors.%J ls -l,0.9976
1178,status r15s r1 m,1609,license1 myjob,0.9976
1178,status r15s r1 m,1090,% source,0.9976
1178,status r15s r1 m,1292,% J variable,0.9975
1178,status r15s r1 m,1421,c. Edit,0.9974
1178,status r15s r1 m,1013,lsbatch,0.9974
1179,ut pg ls,1247,ut pg io ls,0.9998
1179,ut pg ls,1178,status r15s r1 m,0.9985
1179,ut pg ls,1303,sleep,0.9980
1179,ut pg ls,1291,errors.%J ls -l,0.9979
1179,ut pg ls,1363,source code,0.9979
1179,ut pg ls,1393,source,0.9979
1179,ut pg ls,1609,license1 myjob,0.9978
1179,ut pg ls,1292,% J variable,0.9978
1179,ut pg ls,1596,lic utility,0.9976
1179,ut pg ls,2176,cons_tres plugin,0.9975
1180,swp mem,619,like fashion,0.9980
1180,swp mem,351,policies,0.9978
1180,swp mem,1247,ut pg io ls,0.9976
1180,swp mem,2094,APrevents sharing,0.9974
1180,swp mem,1669,IPv6 address,0.9973
1180,swp mem,1236,priority,0.9973
1180,swp mem,485,form,0.9972
1180,swp mem,1602,swp mem license1 license,0.9972
1180,swp mem,1738,Linux cgroup memory,0.9972
1180,swp mem,934,demand basis,0.9971
1181,hostc -ok,1333,hostc,1.0000
1181,hostc -ok,1329,hosta hostb hostc,0.9983
1181,hostc -ok,1495,user5 PEND night hostA hostC,0.9980
1181,hostc -ok,1309,user1 USUSP normal hosta hostb,0.9976
1181,hostc -ok,1332,hostb,0.9959
1181,hostc -ok,1220,hosta ok,0.9955
1181,hostc -ok,2173,IDLE,0.9952
1181,hostc -ok,1222,hostc ok,0.9946
1181,hostc -ok,1176,Normal status,0.9945
1181,hostc -ok,1325,hosta hostname,0.9941
1182,% *,1292,% J variable,0.9989
1182,% *,1090,% source,0.9976
1182,% *,1247,ut pg io ls,0.9976
1182,% *,1930,RES control requests,0.9973
1182,% *,1179,ut pg ls,0.9973
1182,% *,1303,sleep,0.9971
1182,% *,1180,swp mem,0.9969
1182,% *,2094,APrevents sharing,0.9969
1182,% *,1007,attributes,0.9969
1182,% *,1236,priority,0.9968
1184,busy status,1943,token processing,0.9983
1184,busy status,1511,ID mode bit,0.9982
1184,busy status,1157,product entitlement version array,0.9982
1184,busy status,1362,Binary code,0.9982
1184,busy status,1188,minus sign,0.9981
1184,busy status,536,various graphs,0.9981
1184,busy status,1937,RES binary,0.9981
1184,busy status,955,products,0.9980
1184,busy status,1610,best advantage,0.9979
1184,busy status,94,internal cache,0.9979
1186,marks load indexes,858,Load indices,1.0000
1186,marks load indexes,1577,first load index,0.9993
1186,marks load indexes,1538,external load indexes,0.9992
1186,marks load indexes,884,specific load index,0.9991
1186,marks load indexes,1579,second load index,0.9990
1186,marks load indexes,1576,first external load index,0.9986
1186,marks load indexes,1578,second external load index,0.9984
1186,marks load indexes,899,load index values,0.9984
1186,marks load indexes,12,load imbalance,0.9974
1186,marks load indexes,862,External load,0.9970
1187,host status,80,host,1.0000
1187,host status,1783,AIX host,1.0000
1187,host status,1782,Linux host,1.0000
1187,host status,1903,non-LSF host,1.0000
1187,host status,1660,official host,1.0000
1187,host status,1850,equivalent host,1.0000
1187,host status,777,Multiprocessor hosts,1.0000
1187,host status,1380,new hosts,0.9943
1187,host status,823,host models,0.9942
1187,host status,822,Host types,0.9941
1188,minus sign,94,internal cache,0.9983
1188,minus sign,1943,token processing,0.9983
1188,minus sign,1937,RES binary,0.9982
1188,minus sign,1511,ID mode bit,0.9982
1188,minus sign,308,insensitive collation,0.9982
1188,minus sign,1184,busy status,0.9981
1188,minus sign,1343,simple interface,0.9980
1188,minus sign,536,various graphs,0.9980
1188,minus sign,1500,setuid bit,0.9980
1188,minus sign,1363,source code,0.9980
1189,front,1937,RES binary,0.9974
1189,front,1511,ID mode bit,0.9970
1189,front,686,TresUsage * fields,0.9970
1189,front,979,LSF_ENVDIR variable,0.9969
1189,front,674,largest memory peak,0.9969
1189,front,1580,ELIM program,0.9968
1189,front,1356,Wrapper binary programs,0.9968
1189,front,1345,rename abc,0.9968
1189,front,1500,setuid bit,0.9967
1189,front,232,slurm build,0.9967
1190,few seconds,518,few tools,0.9989
1190,few seconds,1100,few minutes,0.9988
1190,few seconds,757,kill signal,0.9984
1190,few seconds,55,similar tool,0.9983
1190,few seconds,1336,Wrapper binary executables,0.9983
1190,few seconds,1120,complete usage,0.9983
1190,few seconds,1885,second definition,0.9983
1190,few seconds,135,best way,0.9983
1190,few seconds,2145,easy way,0.9982
1190,few seconds,1364,appropriate libraries,0.9982
1191,hosts time,460,local host,0.9985
1191,hosts time,754,execution host,0.9982
1191,hosts time,948,submission host,0.9980
1191,hosts time,1766,multiple hosts,0.9979
1191,hosts time,1426,host setup,0.9976
1191,hosts time,1569,different hosts,0.9975
1191,hosts time,1464,other host,0.9975
1191,hosts time,1006,Server hosts,0.9973
1191,hosts time,1698,destination host,0.9973
1191,hosts time,873,appropriate hosts,0.9972
1193,Other useful commands,78,other Slurm commands,0.9993
1193,Other useful commands,1114,Example command output,0.9979
1193,Other useful commands,1808,* commands,0.9973
1193,Other useful commands,1807,b * commands,0.9970
1193,Other useful commands,1136,lsadmin ckconfig -v,0.9963
1193,Other useful commands,1200,badmin ckconfig -v,0.9958
1193,Other useful commands,758,bkill command,0.9957
1193,Other useful commands,9,sacct command,0.9957
1193,Other useful commands,1815,command request,0.9955
1193,Other useful commands,1451,Command Reference,0.9954
1194,bparams command,1253,bparams command,1.0000
1194,bparams command,1687,filename command,1.0000
1194,bparams command,1598,FLEXlm command lmstat,1.0000
1194,bparams command,1307,bjobs command,1.0000
1194,bparams command,960,lsfinstall command,1.0000
1194,bparams command,1702,lspasswd command,1.0000
1194,bparams command,2157,Linux command,1.0000
1194,bparams command,295,command,1.0000
1194,bparams command,1768,rsh command,1.0000
1194,bparams command,1425,install.config command,1.0000
1195,LSF batch system configuration parameters,1055,LSF batch workload system configuration,0.9993
1195,LSF batch system configuration parameters,1199,LSF batch system configuration files,0.9986
1195,LSF batch system configuration parameters,1005,LSF batch workload system configuration files,0.9983
1195,LSF batch system configuration parameters,1128,LSF batch system configuration,0.9981
1195,LSF batch system configuration parameters,1415,LSF installation script directory,0.9975
1195,LSF batch system configuration parameters,1130,LSF batch workload system,0.9974
1195,LSF batch system configuration parameters,1267,Use LSF commands,0.9964
1195,LSF batch system configuration parameters,1263,LSF batch scheduling queues,0.9961
1195,LSF batch system configuration parameters,2022,old LSF batch work files,0.9961
1195,LSF batch system configuration parameters,1210,LSF batch server hosts,0.9952
1196,bhist command,1466,badmin mbdrestart command,0.9986
1196,bhist command,1135,lsadmin ckconfig command,0.9985
1196,bhist command,1476,badmin reconfig command,0.9985
1196,bhist command,1198,badmin ckconfig command,0.9982
1196,bhist command,1465,lsadmin reconfig command,0.9980
1196,bhist command,1442,lsadmin reconfig command checks,0.9980
1196,bhist command,1448,badmin reconfig command checks,0.9978
1196,bhist command,1644,lsload command prints,0.9978
1196,bhist command,1126,lsload command,0.9978
1196,bhist command,1209,bhosts command,0.9978
1197,historical information,532,relevant information,0.9986
1197,historical information,320,archiving information,0.9985
1197,historical information,467,detailed information,0.9985
1197,historical information,2,accounting information,0.9977
1197,historical information,526,more information,0.9965
1197,historical information,1266,other information,0.9964
1197,historical information,1909,same configuration information,0.9942
1197,historical information,1043,process information manager,0.9937
1197,historical information,1258,current system load information,0.9935
1197,historical information,1365,more time,0.9934
1198,badmin ckconfig command,1466,badmin mbdrestart command,0.9996
1198,badmin ckconfig command,1135,lsadmin ckconfig command,0.9992
1198,badmin ckconfig command,1476,badmin reconfig command,0.9989
1198,badmin ckconfig command,1467,badmin mbdrestart command checks,0.9988
1198,badmin ckconfig command,1448,badmin reconfig command checks,0.9985
1198,badmin ckconfig command,1196,bhist command,0.9982
1198,badmin ckconfig command,1442,lsadmin reconfig command checks,0.9980
1198,badmin ckconfig command,1069,lsadmin command,0.9975
1198,badmin ckconfig command,1465,lsadmin reconfig command,0.9974
1198,badmin ckconfig command,1051,lsadmin,0.9968
1199,LSF batch system configuration files,1005,LSF batch workload system configuration files,0.9994
1199,LSF batch system configuration files,1055,LSF batch workload system configuration,0.9993
1199,LSF batch system configuration files,2022,old LSF batch work files,0.9987
1199,LSF batch system configuration files,1195,LSF batch system configuration parameters,0.9986
1199,LSF batch system configuration files,1128,LSF batch system configuration,0.9980
1199,LSF batch system configuration files,2019,old LSF batch configuration files,0.9973
1199,LSF batch system configuration files,1415,LSF installation script directory,0.9965
1199,LSF batch system configuration files,1263,LSF batch scheduling queues,0.9964
1199,LSF batch system configuration files,1267,Use LSF commands,0.9963
1199,LSF batch system configuration files,1472,automatic LSF daemon startup,0.9959
1200,badmin ckconfig -v,1136,lsadmin ckconfig -v,0.9990
1200,badmin ckconfig -v,1600,lsadmin reconfig,0.9984
1200,badmin ckconfig -v,1601,badmin reconfig,0.9973
1200,badmin ckconfig -v,1808,* commands,0.9972
1200,badmin ckconfig -v,1807,b * commands,0.9971
1200,badmin ckconfig -v,1626,lsadmin ckconfig -v command,0.9968
1200,badmin ckconfig -v,1089,source command,0.9967
1200,badmin ckconfig -v,1138,lsadmin ckconfig,0.9965
1200,badmin ckconfig -v,1488,badmin qclose night,0.9962
1200,badmin ckconfig -v,820,ls command,0.9960
1201,LSF batch workload,1256,LSF batch scheduler,0.9977
1201,LSF batch workload,1404,LSF System Requirements,0.9977
1201,LSF batch workload,1423,IBM Spectrum LSF Command Reference,0.9975
1201,LSF batch workload,1118,LSF Command Reference,0.9975
1201,LSF batch workload,709,important LSF directories,0.9973
1201,LSF batch workload,1512,LSF administration commands,0.9969
1201,LSF batch workload,1624,most LSF problems,0.9963
1201,LSF batch workload,972,primary LSF administrator,0.9956
1201,LSF batch workload,717,common LSF problems,0.9954
1201,LSF batch workload,1866,second LSF daemon,0.9953
1202,system configuration,412,larger systems,0.9987
1202,system configuration,1993,system call,0.9986
1202,system configuration,1471,system startup files,0.9983
1202,system configuration,1705,file system environment,0.9982
1202,system configuration,927,Network File System,0.9980
1202,system configuration,827,operating system,0.9979
1202,system configuration,1756,lsbatch system,0.9978
1202,system configuration,1985,system call times,0.9977
1202,system configuration,393,system build time,0.9975
1202,system configuration,932,Andrew File System,0.9975
1203,badmin ckconfig,1476,badmin reconfig command,0.9982
1203,badmin ckconfig,1465,lsadmin reconfig command,0.9979
1203,badmin ckconfig,1601,badmin reconfig,0.9979
1203,badmin ckconfig,1138,lsadmin ckconfig,0.9976
1203,badmin ckconfig,1626,lsadmin ckconfig -v command,0.9972
1203,badmin ckconfig,1466,badmin mbdrestart command,0.9972
1203,badmin ckconfig,1135,lsadmin ckconfig command,0.9971
1203,badmin ckconfig,1442,lsadmin reconfig command checks,0.9967
1203,badmin ckconfig,1198,badmin ckconfig command,0.9966
1203,badmin ckconfig,1448,badmin reconfig command checks,0.9965
1206,Batch,1131,batch system status,0.9980
1206,Batch,1977,batch command,0.9952
1206,Batch,1226,batch system daemon,0.9947
1206,Batch,1037,Management batch daemon,0.9919
1206,Batch,223,system,0.9918
1206,Batch,926,UNIX systems,0.9918
1206,Batch,1396,Linux system,0.9918
1206,Batch,1041,Server batch daemon,0.9912
1206,Batch,1720,Batch daemons,0.9906
1206,Batch,1467,badmin mbdrestart command checks,0.9855
1208,LSF batch commands,1958,LSF command messages,0.9959
1208,LSF batch commands,1130,LSF batch workload system,0.9955
1208,LSF batch commands,1267,Use LSF commands,0.9934
1208,LSF batch commands,1128,LSF batch system configuration,0.9934
1208,LSF batch commands,1512,LSF administration commands,0.9928
1208,LSF batch commands,1024,LSF batch log files,0.9916
1208,LSF batch commands,1118,LSF Command Reference,0.9908
1208,LSF batch commands,1423,IBM Spectrum LSF Command Reference,0.9908
1208,LSF batch commands,1055,LSF batch workload system configuration,0.9899
1208,LSF batch commands,1639,LSF LIM daemon,0.9897
1209,bhosts command,1125,lsid command,0.9994
1209,bhosts command,931,automount command,0.9993
1209,bhosts command,1126,lsload command,0.9993
1209,bhosts command,1644,lsload command prints,0.9993
1209,bhosts command,1632,ps -ef command,0.9992
1209,bhosts command,14,sstat command,0.9992
1209,bhosts command,1997,egosh command,0.9992
1209,bhosts command,784,bsub command,0.9992
1209,bhosts command,1057,lsrun commands,0.9991
1209,bhosts command,2148,several commands,0.9989
1210,LSF batch server hosts,1168,current LSF management host,0.9973
1210,LSF batch server hosts,1049,new IBM ® Spectrum LSF cluster,0.9966
1210,LSF batch server hosts,2037,new LSF cluster,0.9964
1210,LSF batch server hosts,914,LSF management host,0.9955
1210,LSF batch server hosts,1474,IBM Platform LSF Cluster Management,0.9953
1210,LSF batch server hosts,1415,LSF installation script directory,0.9952
1210,LSF batch server hosts,1195,LSF batch system configuration parameters,0.9952
1210,LSF batch server hosts,1169,LSF management host name,0.9944
1210,LSF batch server hosts,1454,IBM Spectrum LSF Cluster Management,0.9942
1210,LSF batch server hosts,1085,LSF Cluster Management,0.9942
1211,other details,1646,other instances,0.9990
1211,other details,597,other operators,0.9990
1211,other details,1461,other references,0.9990
1211,other details,701,other ways,0.9989
1211,other details,685,other tools,0.9988
1211,other details,2085,other aspects,0.9988
1211,other details,2143,other subset,0.9979
1211,other details,977,other global configuration,0.9977
1211,other details,1923,interactive remote execution,0.9975
1211,other details,1828,more swap space,0.9971
1212,batch hosts,1380,new hosts,0.9937
1212,batch hosts,1103,management host,0.9924
1212,batch hosts,726,cluster administrators,0.9915
1212,batch hosts,2007,new cluster,0.9914
1212,batch hosts,958,new UNIX,0.9911
1212,batch hosts,754,execution host,0.9904
1212,batch hosts,870,host information,0.9902
1212,batch hosts,461,storage host system,0.9900
1212,batch hosts,2043,Administrator Guide,0.9898
1212,batch hosts,124,administrators,0.9898
1213,Maximum number,2098,minimum number,0.9994
1213,Maximum number,1888,valid number,0.9993
1213,Maximum number,391,port number,0.9991
1213,Maximum number,1216,Total number,0.9991
1213,Maximum number,1915,index number,0.9977
1213,Maximum number,1586,# number,0.9899
1213,Maximum number,2210,Socket id,0.9888
1213,Maximum number,2204,node n,0.9887
1213,Maximum number,2056,individual sockets,0.9884
1213,Maximum number,2142,particular socket,0.9878
1214,job slots,664,job runtime,0.9994
1214,job slots,1352,Requeue jobs,0.9994
1214,job slots,778,parallel jobs,0.9994
1214,job slots,1347,job abc_real,0.9994
1214,job slots,874,particular jobs,0.9994
1214,job slots,1265,job ID,0.9993
1214,job slots,894,job scheduling,0.9993
1214,job slots,1310,Job owners,0.9992
1214,job slots,1274,complete job,0.9991
1214,job slots,766,running job,0.9991
1215,single user,643,user processes,0.9978
1215,single user,118,user ID,0.9966
1215,single user,1142,US Government Users Restricted Rights,0.9965
1215,single user,1919,bad user,0.9964
1215,single user,629,user records,0.9963
1215,single user,575,user da,0.9963
1215,single user,1377,Manage users,0.9962
1215,single user,920,user data,0.9956
1215,single user,1960,User programs,0.9952
1215,single user,2028,EGO users,0.9951
1216,Total number,1888,valid number,0.9992
1216,Total number,1213,Maximum number,0.9991
1216,Total number,391,port number,0.9984
1216,Total number,1915,index number,0.9982
1216,Total number,2098,minimum number,0.9982
1216,Total number,1586,# number,0.9919
1216,Total number,2204,node n,0.9906
1216,Total number,2056,individual sockets,0.9905
1216,Total number,1788,Total Cores,0.9904
1216,Total number,2210,Socket id,0.9899
1218,U MAX NJOBS RUN SSUSP,365,run,1.0000
1218,U MAX NJOBS RUN SSUSP,1234,H NJOBS PEND RUN SUSP,1.0000
1218,U MAX NJOBS RUN SSUSP,1313,RUN status,1.0000
1218,U MAX NJOBS RUN SSUSP,1244,H NJOBS PEND RUN SSUSP,1.0000
1218,U MAX NJOBS RUN SSUSP,921,batch job runs,0.9896
1218,U MAX NJOBS RUN SSUSP,923,job runs,0.9842
1218,U MAX NJOBS RUN SSUSP,958,new UNIX,0.9797
1218,U MAX NJOBS RUN SSUSP,65,user commands,0.9787
1218,U MAX NJOBS RUN SSUSP,1262,Submit batch jobs,0.9783
1218,U MAX NJOBS RUN SSUSP,1380,new hosts,0.9783
1220,hosta ok,1332,hostb,0.9981
1220,hosta ok,1222,hostc ok,0.9978
1220,hosta ok,1221,hostb ok,0.9975
1220,hosta ok,1329,hosta hostb hostc,0.9969
1220,hosta ok,1181,hostc -ok,0.9955
1220,hosta ok,1333,hostc,0.9955
1220,hosta ok,1309,user1 USUSP normal hosta hostb,0.9938
1220,hosta ok,647,srun -n,0.9937
1220,hosta ok,1223,hostd ok,0.9932
1220,hosta ok,2173,IDLE,0.9927
1221,hostb ok,1222,hostc ok,0.9990
1221,hostb ok,1220,hosta ok,0.9975
1221,hostb ok,1223,hostd ok,0.9974
1221,hostb ok,1332,hostb,0.9964
1221,hostb ok,647,srun -n,0.9941
1221,hostb ok,1333,hostc,0.9910
1221,hostb ok,1181,hostc -ok,0.9910
1221,hostb ok,1329,hosta hostb hostc,0.9910
1221,hostb ok,2173,IDLE,0.9905
1221,hostb ok,453,Comment,0.9895
1222,hostc ok,1221,hostb ok,0.9990
1222,hostc ok,1223,hostd ok,0.9979
1222,hostc ok,1220,hosta ok,0.9978
1222,hostc ok,1332,hostb,0.9959
1222,hostc ok,1181,hostc -ok,0.9946
1222,hostc ok,1333,hostc,0.9946
1222,hostc ok,647,srun -n,0.9941
1222,hostc ok,2173,IDLE,0.9937
1222,hostc ok,1329,hosta hostb hostc,0.9928
1222,hostc ok,1495,user5 PEND night hostA hostC,0.9919
1223,hostd ok,1222,hostc ok,0.9979
1223,hostd ok,1221,hostb ok,0.9974
1223,hostd ok,1220,hosta ok,0.9932
1223,hostd ok,2173,IDLE,0.9921
1223,hostd ok,1441,hostd,0.9918
1223,hostd ok,1237,night,0.9917
1223,hostd ok,647,srun -n,0.9905
1223,hostd ok,1332,hostb,0.9905
1223,hostd ok,442,Query OK,0.9898
1223,hostd ok,1176,Normal status,0.9895
1224,following message,1726,unknown service error message displays,0.9989
1224,following message,1158,Last message,0.9986
1224,following message,390,warning message,0.9985
1224,following message,1916,RES messages,0.9983
1224,following message,1939,sbatchd messages,0.9978
1224,following message,1900,LIM messages,0.9958
1224,following message,1684,detailed error message,0.9954
1224,following message,1979,associated error message output,0.9948
1224,following message,1972,retry error message,0.9946
1224,following message,1975,command client messages,0.9945
1225,daemon time,1834,identd daemon,0.9982
1225,daemon time,58,slurmctld daemon,0.9978
1225,daemon time,149,different daemons,0.9975
1225,daemon time,1039,Management scheduler daemon,0.9974
1225,daemon time,748,sbatchd daemon,0.9972
1225,daemon time,468,daemon mode,0.9956
1225,daemon time,1041,Server batch daemon,0.9956
1225,daemon time,747,mbatchd daemon,0.9955
1225,daemon time,1101,lim daemon,0.9954
1225,daemon time,1724,sbatchd starts,0.9954
1226,batch system daemon,1720,Batch daemons,0.9983
1226,batch system daemon,1037,Management batch daemon,0.9981
1226,batch system daemon,1041,Server batch daemon,0.9967
1226,batch system daemon,1131,batch system status,0.9955
1226,batch system daemon,1206,Batch,0.9947
1226,batch system daemon,1867,new daemon,0.9944
1226,batch system daemon,1396,Linux system,0.9921
1226,batch system daemon,223,system,0.9921
1226,batch system daemon,926,UNIX systems,0.9921
1226,batch system daemon,747,mbatchd daemon,0.9920
1227,LSF queues,1117,LSF installation,0.9938
1227,LSF queues,1094,LSF operating environment,0.9935
1227,LSF queues,1378,LSF users,0.9926
1227,LSF queues,1066,LSF external LIM,0.9923
1227,LSF queues,1659,LSF client LIM,0.9922
1227,LSF queues,723,LSF basic terms,0.9919
1227,LSF queues,1606,LSF time,0.9918
1227,LSF queues,1473,automatic LSF startup,0.9918
1227,LSF queues,1519,LSF executable files,0.9916
1227,LSF queues,1969,many times LSF,0.9914
1228,different priorities,1229,different scheduling policies,0.9993
1228,different priorities,687,different meanings,0.9985
1228,different priorities,2125,different subsets,0.9985
1228,different priorities,591,different points,0.9984
1228,different priorities,151,different keys,0.9982
1228,different priorities,875,binary architecture,0.9982
1228,different priorities,1560,RELEASE column,0.9982
1228,different priorities,135,best way,0.9981
1228,different priorities,1570,different ELIM,0.9980
1228,different priorities,674,largest memory peak,0.9979
1229,different scheduling policies,1228,different priorities,0.9993
1229,different scheduling policies,737,scheduling,0.9988
1229,different scheduling policies,900,scheduling conditions,0.9987
1229,different scheduling policies,2125,different subsets,0.9984
1229,different scheduling policies,687,different meanings,0.9983
1229,different scheduling policies,591,different points,0.9983
1229,different scheduling policies,135,best way,0.9983
1229,different scheduling policies,1560,RELEASE column,0.9983
1229,different scheduling policies,1248,SCHEDULING POLICIES,0.9983
1229,different scheduling policies,1120,complete usage,0.9981
1230,dispatch jobs,843,schedule jobs,0.9994
1230,dispatch jobs,806,interactive job,0.9989
1230,dispatch jobs,188,job completion,0.9988
1230,dispatch jobs,681,other jobs,0.9988
1230,dispatch jobs,892,job submission,0.9985
1230,dispatch jobs,939,job output,0.9984
1230,dispatch jobs,1265,job ID,0.9982
1230,dispatch jobs,1730,orphaned job processes,0.9982
1230,dispatch jobs,769,job processes,0.9982
1230,dispatch jobs,766,running job,0.9980
1234,H NJOBS PEND RUN SUSP,1218,U MAX NJOBS RUN SSUSP,1.0000
1234,H NJOBS PEND RUN SUSP,1313,RUN status,1.0000
1234,H NJOBS PEND RUN SUSP,365,run,1.0000
1234,H NJOBS PEND RUN SUSP,1244,H NJOBS PEND RUN SSUSP,1.0000
1234,H NJOBS PEND RUN SUSP,921,batch job runs,0.9896
1234,H NJOBS PEND RUN SUSP,923,job runs,0.9842
1234,H NJOBS PEND RUN SUSP,958,new UNIX,0.9797
1234,H NJOBS PEND RUN SUSP,65,user commands,0.9787
1234,H NJOBS PEND RUN SUSP,1262,Submit batch jobs,0.9783
1234,H NJOBS PEND RUN SUSP,1380,new hosts,0.9783
1235,owners,1937,RES binary,0.9982
1235,owners,1188,minus sign,0.9979
1235,owners,536,various graphs,0.9979
1235,owners,1511,ID mode bit,0.9979
1235,owners,539,performance metrics,0.9978
1235,owners,1363,source code,0.9977
1235,owners,219,place upgrades,0.9977
1235,owners,2164,actual hardware,0.9977
1235,owners,1689,nosuid flag,0.9976
1235,owners,94,internal cache,0.9976
1236,priority,1180,swp mem,0.9973
1236,priority,351,policies,0.9973
1236,priority,1182,% *,0.9968
1236,priority,2094,APrevents sharing,0.9968
1236,priority,1787,Total Processors,0.9964
1236,priority,1669,IPv6 address,0.9963
1236,priority,1247,ut pg io ls,0.9963
1236,priority,934,demand basis,0.9962
1236,priority,930,demand,0.9962
1236,priority,773,procedure,0.9960
1237,night,442,Query OK,0.9978
1237,night,1252,loadStop,0.9963
1237,night,1441,hostd,0.9957
1237,night,2104,robin fashion,0.9949
1237,night,437,MySQL connection i d,0.9949
1237,night,2173,IDLE,0.9943
1237,night,1176,Normal status,0.9940
1237,night,560,hierarchical fashion,0.9935
1237,night,1495,user5 PEND night hostA hostC,0.9927
1237,night,1283,short sleep,0.9926
1238,license,1374,license maximization,1.0000
1238,license,1064,software licenses,0.9977
1238,license,1353,license availability,0.9973
1238,license,1350,Manage software licenses,0.9971
1238,license,1532,software application licenses,0.9970
1238,license,1585,FLEXlm license server,0.9965
1238,license,1533,application licenses,0.9954
1238,license,1588,license.dat -f license,0.9950
1238,license,871,Most static resources,0.9938
1238,license,856,level resource usage,0.9930
1239,detailed queue information,1909,same configuration information,0.9958
1239,detailed queue information,1365,more time,0.9955
1239,detailed queue information,989,workload queues,0.9950
1239,detailed queue information,1386,new queue definition,0.9950
1239,detailed queue information,1266,other information,0.9947
1239,detailed queue information,2,accounting information,0.9946
1239,detailed queue information,781,own process queue,0.9946
1239,detailed queue information,92,same time,0.9944
1239,detailed queue information,1258,current system load information,0.9942
1239,detailed queue information,1416,b. Change,0.9937
1240,bqueues,1324,% lsrun -v,0.9980
1240,bqueues,1943,token processing,0.9976
1240,bqueues,1707,correct permissions,0.9973
1240,bqueues,1336,Wrapper binary executables,0.9973
1240,bqueues,640,reason,0.9971
1240,bqueues,1346,bsub -R,0.9971
1240,bqueues,734,several states,0.9971
1240,bqueues,1345,rename abc,0.9970
1240,bqueues,1060,bstop,0.9970
1240,bqueues,1928,operation permission,0.9970
1241,normal low priority jobs,900,scheduling conditions,0.9958
1241,normal low priority jobs,1229,different scheduling policies,0.9950
1241,normal low priority jobs,737,scheduling,0.9949
1241,normal low priority jobs,509,unique identifiers,0.9947
1241,normal low priority jobs,1248,SCHEDULING POLICIES,0.9946
1241,normal low priority jobs,1228,different priorities,0.9945
1241,normal low priority jobs,792,conditions,0.9942
1241,normal low priority jobs,144,unique key,0.9938
1241,normal low priority jobs,693,much memory,0.9938
1241,normal low priority jobs,652,memory,0.9938
1242,default queue,1299,JOBID USER STAT QUEUE,0.9943
1242,default queue,779,single process queue,0.9928
1242,default queue,1482,original queue,0.9920
1242,default queue,1215,single user,0.9916
1242,default queue,1134,available queues,0.9914
1242,default queue,1485,regular queue,0.9913
1242,default queue,1486,other queues,0.9909
1242,default queue,890,queue level,0.9907
1242,default queue,1387,queue definition,0.9906
1242,default queue,1480,lost_and_found queue,0.9903
1243,PRIO NICE STATUS MAX JL,1247,ut pg io ls,0.9969
1243,PRIO NICE STATUS MAX JL,2094,APrevents sharing,0.9968
1243,PRIO NICE STATUS MAX JL,485,form,0.9968
1243,PRIO NICE STATUS MAX JL,1179,ut pg ls,0.9967
1243,PRIO NICE STATUS MAX JL,359,MUNGE authentication,0.9967
1243,PRIO NICE STATUS MAX JL,1738,Linux cgroup memory,0.9966
1243,PRIO NICE STATUS MAX JL,1449,Optional,0.9965
1243,PRIO NICE STATUS MAX JL,105,last communicating,0.9964
1243,PRIO NICE STATUS MAX JL,2237,cgroup plugin,0.9964
1243,PRIO NICE STATUS MAX JL,1180,swp mem,0.9964
1244,H NJOBS PEND RUN SSUSP,1218,U MAX NJOBS RUN SSUSP,1.0000
1244,H NJOBS PEND RUN SSUSP,1313,RUN status,1.0000
1244,H NJOBS PEND RUN SSUSP,365,run,1.0000
1244,H NJOBS PEND RUN SSUSP,1234,H NJOBS PEND RUN SUSP,1.0000
1244,H NJOBS PEND RUN SSUSP,921,batch job runs,0.9896
1244,H NJOBS PEND RUN SSUSP,923,job runs,0.9842
1244,H NJOBS PEND RUN SSUSP,958,new UNIX,0.9797
1244,H NJOBS PEND RUN SSUSP,65,user commands,0.9787
1244,H NJOBS PEND RUN SSUSP,1262,Submit batch jobs,0.9783
1244,H NJOBS PEND RUN SSUSP,1380,new hosts,0.9783
1245,SCHEDULING PARAMETERS,2071,Several parameters,0.9988
1245,SCHEDULING PARAMETERS,1555,INTERVAL parameter specifies,0.9986
1245,SCHEDULING PARAMETERS,1568,RESOURCENAME parameter,0.9983
1245,SCHEDULING PARAMETERS,1690,LSF_AUTH parameter,0.9978
1245,SCHEDULING PARAMETERS,394,AccountingStoragePort parameter,0.9976
1245,SCHEDULING PARAMETERS,1567,LOCATION parameter,0.9976
1245,SCHEDULING PARAMETERS,198,Location,0.9974
1245,SCHEDULING PARAMETERS,487,available configuration parameters,0.9973
1245,SCHEDULING PARAMETERS,324,configuration parameters,0.9968
1245,SCHEDULING PARAMETERS,180,primary instance,0.9967
1246,r1 m,1178,status r15s r1 m,0.9995
1246,r1 m,1550,license2 Numeric,0.9977
1246,r1 m,1291,errors.%J ls -l,0.9976
1246,r1 m,1247,ut pg io ls,0.9975
1246,r1 m,1179,ut pg ls,0.9974
1246,r1 m,1090,% source,0.9974
1246,r1 m,1013,lsbatch,0.9974
1246,r1 m,1421,c. Edit,0.9973
1246,r1 m,1829,tcp,0.9972
1246,r1 m,2061,SelectTypeParameters,0.9970
1247,ut pg io ls,1179,ut pg ls,0.9998
1247,ut pg io ls,1178,status r15s r1 m,0.9986
1247,ut pg io ls,1303,sleep,0.9983
1247,ut pg io ls,1292,% J variable,0.9981
1247,ut pg io ls,1363,source code,0.9980
1247,ut pg io ls,1609,license1 myjob,0.9978
1247,ut pg io ls,1393,source,0.9978
1247,ut pg io ls,1596,lic utility,0.9978
1247,ut pg io ls,397,qualified pathname,0.9978
1247,ut pg io ls,51,pathname,0.9978
1248,SCHEDULING POLICIES,1229,different scheduling policies,0.9983
1248,SCHEDULING POLICIES,737,scheduling,0.9979
1248,SCHEDULING POLICIES,853,Total virtual memory usage,0.9978
1248,SCHEDULING POLICIES,852,Total resident memory usage,0.9978
1248,SCHEDULING POLICIES,686,TresUsage * fields,0.9976
1248,SCHEDULING POLICIES,1560,RELEASE column,0.9976
1248,SCHEDULING POLICIES,70,performance,0.9975
1248,SCHEDULING POLICIES,775,individual computer,0.9975
1248,SCHEDULING POLICIES,61,availability,0.9974
1248,SCHEDULING POLICIES,539,performance metrics,0.9974
1250,Resource usage limits,615,Resource Limits document,0.9997
1250,Resource usage limits,612,Resource Limits web page,0.9996
1250,Resource usage limits,887,Runtime resource usage limits,0.9996
1250,Resource usage limits,847,resource limits,0.9985
1250,Resource usage limits,856,level resource usage,0.9970
1250,Resource usage limits,21,resource accounting,0.9964
1250,Resource usage limits,1065,other shared resources,0.9961
1250,Resource usage limits,1608,resource requirement string,0.9954
1250,Resource usage limits,10,resource usage,0.9939
1250,Resource usage limits,815,resource requirements,0.9937
1251,Scheduling threshold values,886,threshold values,0.9987
1251,Scheduling threshold values,902,scheduling thresholds,0.9986
1251,Scheduling threshold values,1008,scheduling load thresholds,0.9983
1251,Scheduling threshold values,2008,Migrate values,0.9980
1251,Scheduling threshold values,512,appropriate values,0.9980
1251,Scheduling threshold values,1827,available swap space,0.9978
1251,Scheduling threshold values,1823,enough available memory,0.9978
1251,Scheduling threshold values,1127,current load levels,0.9978
1251,Scheduling threshold values,249,old records,0.9977
1251,Scheduling threshold values,179,different machine,0.9977
1252,loadStop,442,Query OK,0.9968
1252,loadStop,1237,night,0.9963
1252,loadStop,2104,robin fashion,0.9962
1252,loadStop,1441,hostd,0.9953
1252,loadStop,560,hierarchical fashion,0.9947
1252,loadStop,437,MySQL connection i d,0.9945
1252,loadStop,1283,short sleep,0.9943
1252,loadStop,1669,IPv6 address,0.9941
1252,loadStop,2173,IDLE,0.9937
1252,loadStop,1176,Normal status,0.9931
1253,bparams command,1194,bparams command,1.0000
1253,bparams command,1687,filename command,1.0000
1253,bparams command,1598,FLEXlm command lmstat,1.0000
1253,bparams command,1307,bjobs command,1.0000
1253,bparams command,960,lsfinstall command,1.0000
1253,bparams command,1702,lspasswd command,1.0000
1253,bparams command,2157,Linux command,1.0000
1253,bparams command,295,command,1.0000
1253,bparams command,1768,rsh command,1.0000
1253,bparams command,1425,install.config command,1.0000
1254,lsrun,1923,interactive remote execution,0.9977
1254,lsrun,1682,remote execution,0.9973
1254,lsrun,1375,parallel execution,0.9970
1254,lsrun,1646,other instances,0.9970
1254,lsrun,2023,Copy LSB_SHAREDIR_old\cluster_name\ *,0.9970
1254,lsrun,97,local storage,0.9968
1254,lsrun,1211,other details,0.9968
1254,lsrun,1461,other references,0.9968
1254,lsrun,685,other tools,0.9967
1254,lsrun,597,other operators,0.9967
1255,basic commands,2148,several commands,0.9994
1255,basic commands,1306,bstop command,0.9994
1255,basic commands,1312,bresume command,0.9994
1255,basic commands,9,sacct command,0.9994
1255,basic commands,1133,bqueues command,0.9994
1255,basic commands,1997,egosh command,0.9993
1255,basic commands,1656,lshosts command,0.9993
1255,basic commands,1273,lsgrun command,0.9993
1255,basic commands,931,automount command,0.9992
1255,basic commands,1451,Command Reference,0.9992
1256,LSF batch scheduler,1201,LSF batch workload,0.9977
1256,LSF batch scheduler,709,important LSF directories,0.9958
1256,LSF batch scheduler,864,LSF administrator,0.9956
1256,LSF batch scheduler,1723,LSF administrator mailbox,0.9956
1256,LSF batch scheduler,1404,LSF System Requirements,0.9956
1256,LSF batch scheduler,745,LSF system,0.9953
1256,LSF batch scheduler,1078,Troubleshooting LSF problems,0.9953
1256,LSF batch scheduler,1099,LSF commands,0.9953
1256,LSF batch scheduler,1117,LSF installation,0.9951
1256,LSF batch scheduler,1624,most LSF problems,0.9943
1257,best available host,948,submission host,0.9985
1257,best available host,811,best host,0.9982
1257,best available host,1270,current local host,0.9982
1257,best available host,1457,current default management host,0.9982
1257,best available host,1751,HOSTS definition,0.9981
1257,best available host,175,Storage Backup Host,0.9981
1257,best available host,873,appropriate hosts,0.9981
1257,best available host,1569,different hosts,0.9981
1257,best available host,1328,remote hosts,0.9980
1257,best available host,1785,Host Architecture,0.9980
1258,current system load information,393,system build time,0.9970
1258,current system load information,1079,system kernel information,0.9967
1258,current system load information,1985,system call times,0.9966
1258,current system load information,829,same operating system,0.9962
1258,current system load information,1909,same configuration information,0.9962
1258,current system load information,795,execution time,0.9957
1258,current system load information,1261,execution scripts,0.9953
1258,current system load information,467,detailed information,0.9952
1258,current system load information,827,operating system,0.9952
1258,current system load information,412,larger systems,0.9951
1259,most jobs,1311,own jobs,0.9989
1259,most jobs,842,job requirements,0.9989
1259,most jobs,1740,job RES,0.9988
1259,most jobs,1285,job report,0.9987
1259,most jobs,1529,interactive job execution,0.9986
1259,most jobs,1274,complete job,0.9986
1259,most jobs,25,detailed job,0.9986
1259,most jobs,892,job submission,0.9985
1259,most jobs,766,running job,0.9983
1259,most jobs,1310,Job owners,0.9981
1260,executable applications,1368,other software application vendors,0.9985
1260,executable applications,1035,Remote execution server,0.9984
1260,executable applications,1375,parallel execution,0.9980
1260,executable applications,1019,execution requirements,0.9979
1260,executable applications,180,primary instance,0.9979
1260,executable applications,495,Archive Server,0.9978
1260,executable applications,794,Bourne shell script,0.9978
1260,executable applications,1341,shell script,0.9978
1260,executable applications,1938,execution permission,0.9978
1260,executable applications,1342,wrapper script,0.9976
1261,execution scripts,783,execution,0.9989
1261,execution scripts,189,script,0.9989
1261,execution scripts,1428,lsfinstall script,0.9989
1261,execution scripts,795,execution time,0.9983
1261,execution scripts,971,product installation,0.9977
1261,execution scripts,1614,incorrect installation,0.9976
1261,execution scripts,1416,b. Change,0.9973
1261,execution scripts,91,new version,0.9972
1261,execution scripts,393,system build time,0.9972
1261,execution scripts,1956,new configuration,0.9972
1262,Submit batch jobs,799,batch job,0.9992
1262,Submit batch jobs,921,batch job runs,0.9975
1262,Submit batch jobs,1264,Display job status,0.9969
1262,Submit batch jobs,798,Interactive batch job,0.9968
1262,Submit batch jobs,1296,batch interactive job,0.9968
1262,Submit batch jobs,807,new job,0.9943
1262,Submit batch jobs,583,job submission command,0.9937
1262,Submit batch jobs,1603,Submit jobs,0.9912
1262,Submit batch jobs,923,job runs,0.9904
1262,Submit batch jobs,333,job information,0.9897
1263,LSF batch scheduling queues,2022,old LSF batch work files,0.9972
1263,LSF batch scheduling queues,1055,LSF batch workload system configuration,0.9967
1263,LSF batch scheduling queues,1005,LSF batch workload system configuration files,0.9966
1263,LSF batch scheduling queues,1199,LSF batch system configuration files,0.9964
1263,LSF batch scheduling queues,1195,LSF batch system configuration parameters,0.9961
1263,LSF batch scheduling queues,2019,old LSF batch configuration files,0.9948
1263,LSF batch scheduling queues,1128,LSF batch system configuration,0.9947
1263,LSF batch scheduling queues,1415,LSF installation script directory,0.9947
1263,LSF batch scheduling queues,1049,new IBM ® Spectrum LSF cluster,0.9945
1263,LSF batch scheduling queues,1474,IBM Platform LSF Cluster Management,0.9940
1264,Display job status,1262,Submit batch jobs,0.9969
1264,Display job status,798,Interactive batch job,0.9964
1264,Display job status,1296,batch interactive job,0.9964
1264,Display job status,807,new job,0.9958
1264,Display job status,799,batch job,0.9957
1264,Display job status,583,job submission command,0.9957
1264,Display job status,939,job output,0.9956
1264,Display job status,1603,Submit jobs,0.9947
1264,Display job status,333,job information,0.9941
1264,Display job status,897,more jobs,0.9930
1265,job ID,664,job runtime,0.9994
1265,job ID,1214,job slots,0.9993
1265,job ID,778,parallel jobs,0.9992
1265,job ID,1352,Requeue jobs,0.9992
1265,job ID,766,running job,0.9991
1265,job ID,188,job completion,0.9991
1265,job ID,1347,job abc_real,0.9990
1265,job ID,894,job scheduling,0.9990
1265,job ID,874,particular jobs,0.9989
1265,job ID,1285,job report,0.9989
1266,other information,2,accounting information,0.9969
1266,other information,526,more information,0.9966
1266,other information,1197,historical information,0.9964
1266,other information,2160,same information,0.9956
1266,other information,532,relevant information,0.9953
1266,other information,1909,same configuration information,0.9952
1266,other information,320,archiving information,0.9949
1266,other information,467,detailed information,0.9949
1266,other information,1239,detailed queue information,0.9947
1266,other information,1365,more time,0.9940
1267,Use LSF commands,1055,LSF batch workload system configuration,0.9974
1267,Use LSF commands,1128,LSF batch system configuration,0.9974
1267,Use LSF commands,1130,LSF batch workload system,0.9965
1267,Use LSF commands,1195,LSF batch system configuration parameters,0.9964
1267,Use LSF commands,1199,LSF batch system configuration files,0.9963
1267,Use LSF commands,1415,LSF installation script directory,0.9954
1267,Use LSF commands,1005,LSF batch workload system configuration files,0.9952
1267,Use LSF commands,1472,automatic LSF daemon startup,0.9946
1267,Use LSF commands,2022,old LSF batch work files,0.9938
1267,Use LSF commands,1263,LSF batch scheduling queues,0.9937
1268,bresume,1943,token processing,0.9972
1268,bresume,1345,rename abc,0.9972
1268,bresume,1060,bstop,0.9971
1268,bresume,1580,ELIM program,0.9971
1268,bresume,1157,product entitlement version array,0.9969
1268,bresume,1937,RES binary,0.9969
1268,bresume,1336,Wrapper binary executables,0.9969
1268,bresume,1324,% lsrun -v,0.9968
1268,bresume,379,complete description,0.9968
1268,bresume,94,internal cache,0.9968
1269,lsgrun,1343,simple interface,0.9976
1269,lsgrun,674,largest memory peak,0.9976
1269,lsgrun,686,TresUsage * fields,0.9975
1269,lsgrun,1157,product entitlement version array,0.9975
1269,lsgrun,494,amount,0.9974
1269,lsgrun,888,specified amount,0.9974
1269,lsgrun,536,various graphs,0.9973
1269,lsgrun,1345,rename abc,0.9973
1269,lsgrun,379,complete description,0.9973
1269,lsgrun,1610,best advantage,0.9973
1270,current local host,175,Storage Backup Host,0.9992
1270,current local host,1633,first few hosts,0.9986
1270,current local host,1457,current default management host,0.9982
1270,current local host,1257,best available host,0.9982
1270,current local host,1328,remote hosts,0.9982
1270,current local host,1751,HOSTS definition,0.9981
1270,current local host,1963,server host list,0.9981
1270,current local host,873,appropriate hosts,0.9981
1270,current local host,948,submission host,0.9981
1270,current local host,1918,RES host,0.9980
1271,find,234,output,0.9873
1271,find,1837,Authentication data format error,0.9869
1271,find,1721,mbatchd exit,0.9853
1271,find,1810,time zones,0.9852
1271,find,253,recovery times,0.9852
1271,find,39,time,0.9852
1271,find,524,time period,0.9852
1271,find,1137,Other messages,0.9852
1271,find,872,startup time,0.9851
1271,find,1981,failure Possible reason Error message output,0.9851
1272,appropriate host type,1757,Unknown host type,0.9994
1272,appropriate host type,1889,many host models,0.9990
1272,appropriate host type,1778,automatic host model,0.9990
1272,appropriate host type,1802,host model entries,0.9990
1272,appropriate host type,1801,host model list,0.9987
1272,appropriate host type,873,appropriate hosts,0.9979
1272,appropriate host type,1569,different hosts,0.9976
1272,appropriate host type,460,local host,0.9976
1272,appropriate host type,812,candidate hosts,0.9975
1272,appropriate host type,1766,multiple hosts,0.9975
1273,lsgrun command,1997,egosh command,0.9994
1273,lsgrun command,1133,bqueues command,0.9994
1273,lsgrun command,2148,several commands,0.9994
1273,lsgrun command,14,sstat command,0.9993
1273,lsgrun command,1306,bstop command,0.9993
1273,lsgrun command,1312,bresume command,0.9993
1273,lsgrun command,1255,basic commands,0.9993
1273,lsgrun command,9,sacct command,0.9992
1273,lsgrun command,1656,lshosts command,0.9992
1273,lsgrun command,931,automount command,0.9991
1274,complete job,25,detailed job,0.9995
1274,complete job,778,parallel jobs,0.9994
1274,complete job,1285,job report,0.9994
1274,complete job,766,running job,0.9994
1274,complete job,1347,job abc_real,0.9993
1274,complete job,892,job submission,0.9992
1274,complete job,1310,Job owners,0.9992
1274,complete job,1214,job slots,0.9991
1274,complete job,1481,job state,0.9991
1274,complete job,894,job scheduling,0.9991
1275,submission options,1351,appropriate options,0.9991
1275,submission options,484,Purge options,0.9990
1275,submission options,329,valid options,0.9977
1275,submission options,588,sacctmgr options,0.9974
1275,submission options,617,many different options,0.9972
1275,submission options,2208,CR_CPU configuration option,0.9971
1275,submission options,2045,configuration options,0.9971
1275,submission options,2233,TaskPlugin configuration option,0.9971
1275,submission options,482,relevant configuration options,0.9971
1275,submission options,2194,configuration option CR_CORE_DEFAULT_DIST_BLOCK,0.9968
1276,LSF Job Execution,733,IBM ® Spectrum LSF jobs,0.9973
1276,LSF Job Execution,1050,Use LSF administration,0.9931
1276,LSF Job Execution,1989,busy bhosts displays LSF,0.9910
1276,LSF Job Execution,1263,LSF batch scheduling queues,0.9909
1276,LSF Job Execution,1376,other advanced LSF features,0.9902
1276,LSF Job Execution,2019,old LSF batch configuration files,0.9901
1276,LSF Job Execution,2022,old LSF batch work files,0.9894
1276,LSF Job Execution,1379,LSF installation script lsfinstall,0.9889
1276,LSF Job Execution,1420,install,0.9888
1276,LSF Job Execution,1084,LSF execution environment,0.9883
1277,sleep job,1740,job RES,0.9989
1277,sleep job,1381,additional jobs,0.9987
1277,sleep job,1310,Job owners,0.9987
1277,sleep job,1279,unique job ID,0.9985
1277,sleep job,1304,specific job,0.9984
1277,sleep job,874,particular jobs,0.9982
1277,sleep job,1481,job state,0.9982
1277,sleep job,1347,job abc_real,0.9981
1277,sleep job,25,detailed job,0.9980
1277,sleep job,1373,easy job submission,0.9980
1278,% bsub,1177,% lsload,0.9986
1278,% bsub,1324,% lsrun -v,0.9977
1278,% bsub,1292,% J variable,0.9966
1278,% bsub,1346,bsub -R,0.9966
1278,% bsub,1182,% *,0.9960
1278,% bsub,1240,bqueues,0.9955
1278,% bsub,1188,minus sign,0.9954
1278,% bsub,1184,busy status,0.9953
1278,% bsub,1363,source code,0.9948
1278,% bsub,1546,RELEASE DESCRIPTION # Keywords,0.9947
1279,unique job ID,1277,sleep job,0.9985
1279,unique job ID,1381,additional jobs,0.9979
1279,unique job ID,1059,Control job execution,0.9978
1279,unique job ID,1373,easy job submission,0.9974
1279,unique job ID,1304,specific job,0.9972
1279,unique job ID,192,job completion plugin,0.9971
1279,unique job ID,1740,job RES,0.9970
1279,unique job ID,1310,Job owners,0.9969
1279,unique job ID,1334,complete job submission,0.9968
1279,unique job ID,874,particular jobs,0.9964
1280,wide range,1362,Binary code,0.9962
1280,wide range,536,various graphs,0.9962
1280,wide range,539,performance metrics,0.9961
1280,wide range,775,individual computer,0.9961
1280,wide range,1773,binary incompatibility,0.9961
1280,wide range,1357,wrapper binary,0.9961
1280,wide range,529,party tools,0.9961
1280,wide range,517,Tools,0.9961
1280,wide range,538,exporter tool,0.9961
1280,wide range,2172,Many additional scenarios,0.9960
1281,job options,1010,job slot limits,0.9937
1281,job options,1373,easy job submission,0.9918
1281,job options,1334,complete job submission,0.9916
1281,job options,1381,additional jobs,0.9915
1281,job options,192,job completion plugin,0.9908
1281,job options,323,job completion records,0.9907
1281,job options,199,job completion data,0.9905
1281,job options,1481,job state,0.9904
1281,job options,791,Job files,0.9902
1281,job options,924,remote jobs access,0.9900
1282,job command sleep,583,job submission command,0.9986
1282,job command sleep,798,Interactive batch job,0.9962
1282,job command sleep,1296,batch interactive job,0.9962
1282,job command sleep,1193,Other useful commands,0.9941
1282,job command sleep,1529,interactive job execution,0.9934
1282,job command sleep,1294,find job output,0.9933
1282,job command sleep,1264,Display job status,0.9923
1282,job command sleep,35,job completion information,0.9920
1282,job command sleep,1114,Example command output,0.9916
1282,job command sleep,78,other Slurm commands,0.9915
1283,short sleep,1301,user1 RUN normal hosta hostb,0.9974
1283,short sleep,1303,sleep,0.9973
1283,short sleep,140,normal MUNGE configuration,0.9972
1283,short sleep,307,_ ci suffix,0.9964
1283,short sleep,1917,doacceptconn,0.9963
1283,short sleep,1090,% source,0.9963
1283,short sleep,1180,swp mem,0.9962
1283,short sleep,1247,ut pg io ls,0.9962
1283,short sleep,1952,JobId,0.9962
1283,short sleep,1236,priority,0.9960
1284,email,1297,shell mode support,0.9973
1284,email,208,arbitrary text string,0.9973
1284,email,1511,ID mode bit,0.9973
1284,email,1707,correct permissions,0.9973
1284,email,1092,bash shell,0.9972
1284,email,379,complete description,0.9972
1284,email,1343,simple interface,0.9972
1284,email,1157,product entitlement version array,0.9971
1284,email,1647,communication timeouts,0.9970
1284,email,137,communications,0.9970
1285,job report,778,parallel jobs,0.9995
1285,job report,766,running job,0.9994
1285,job report,892,job submission,0.9994
1285,job report,1274,complete job,0.9994
1285,job report,25,detailed job,0.9994
1285,job report,1347,job abc_real,0.9993
1285,job report,842,job requirements,0.9993
1285,job report,188,job completion,0.9993
1285,job report,894,job scheduling,0.9991
1285,job report,1481,job state,0.9991
1286,standard output,1122,proper output,0.9991
1286,standard output,1584,following example ELIM program,0.9975
1286,standard output,772,typical cases,0.9975
1286,standard output,947,copy result files,0.9975
1286,standard output,1645,Communication time,0.9974
1286,standard output,1984,connect,0.9974
1286,standard output,1817,Network Time Protocol,0.9973
1286,standard output,1124,lsload,0.9973
1286,standard output,1924,remote execution permission,0.9973
1286,standard output,1714,current working,0.9972
1287,standard error,1978,error reasons,0.9993
1287,standard error,1825,internal error,0.9991
1287,standard error,285,InnoDB error,0.9988
1287,standard error,1443,configuration errors,0.9985
1287,standard error,1444,unrecoverable errors,0.9975
1287,standard error,1839,protocol error,0.9973
1287,standard error,1818,General errors,0.9972
1287,standard error,1166,common configuration errors,0.9971
1287,standard error,940,error files,0.9971
1287,standard error,1994,Internal library error,0.9968
1288,jobs subdirectory,763,hung jobs,1.0000
1288,jobs subdirectory,2041,Monitoring jobs,1.0000
1288,jobs subdirectory,1314,specified jobs,1.0000
1288,jobs subdirectory,879,suspended jobs,1.0000
1288,jobs subdirectory,3,job,1.0000
1288,jobs subdirectory,755,re-runnable job,1.0000
1288,jobs subdirectory,760,UNKWN job,1.0000
1288,jobs subdirectory,2229,multi-thread job,1.0000
1288,jobs subdirectory,1603,Submit jobs,0.9914
1288,jobs subdirectory,751,chunk job,0.9909
1289,home directory,1508,LSF_SERVERDIR directory,1.0000
1289,home directory,401,directories,1.0000
1289,home directory,1392,LSF_TOP directory,1.0000
1289,home directory,945,Non-shared directories,1.0000
1289,home directory,1942,AFS directory,1.0000
1289,home directory,729,Important directories,0.9918
1289,home directory,957,directory structure,0.9916
1289,home directory,1712,directory message,0.9912
1289,home directory,926,UNIX systems,0.9907
1289,home directory,1396,Linux system,0.9907
1291,errors.%J ls -l,1179,ut pg ls,0.9979
1291,errors.%J ls -l,1421,c. Edit,0.9977
1291,errors.%J ls -l,1393,source,0.9976
1291,errors.%J ls -l,1247,ut pg io ls,0.9976
1291,errors.%J ls -l,1178,status r15s r1 m,0.9976
1291,errors.%J ls -l,1246,r1 m,0.9976
1291,errors.%J ls -l,1090,% source,0.9973
1291,errors.%J ls -l,1013,lsbatch,0.9972
1291,errors.%J ls -l,1829,tcp,0.9969
1291,errors.%J ls -l,140,normal MUNGE configuration,0.9967
1292,% J variable,1182,% *,0.9989
1292,% J variable,1090,% source,0.9987
1292,% J variable,1247,ut pg io ls,0.9981
1292,% J variable,1179,ut pg ls,0.9978
1292,% J variable,1178,status r15s r1 m,0.9975
1292,% J variable,1303,sleep,0.9973
1292,% J variable,1609,license1 myjob,0.9971
1292,% J variable,1177,% lsload,0.9971
1292,% J variable,1007,attributes,0.9969
1292,% J variable,1930,RES control requests,0.9968
1293,% J,1298,% bjobs,1.0000
1293,% J,1090,% source,0.9976
1293,% J,1292,% J variable,0.9959
1293,% J,1182,% *,0.9953
1293,% J,1283,short sleep,0.9934
1293,% J,140,normal MUNGE configuration,0.9934
1293,% J,1246,r1 m,0.9932
1293,% J,307,_ ci suffix,0.9931
1293,% J,1178,status r15s r1 m,0.9928
1293,% J,267,sec,0.9927
1294,find job output,1529,interactive job execution,0.9964
1294,find job output,939,job output,0.9962
1294,find job output,1311,own jobs,0.9950
1294,find job output,199,job completion data,0.9950
1294,find job output,35,job completion information,0.9950
1294,find job output,43,only basic job information,0.9949
1294,find job output,1259,most jobs,0.9944
1294,find job output,417,job accounting data,0.9941
1294,find job output,791,Job files,0.9940
1294,find job output,323,job completion records,0.9937
1295,bsub -I,1056,bsub,1.0000
1295,bsub -I,1346,bsub -R,0.9960
1295,bsub -I,1132,bhosts,0.9959
1295,bsub -I,993,operation,0.9951
1295,bsub -I,280,DML operations,0.9951
1295,bsub -I,1439,% lsadmin reconfig,0.9945
1295,bsub -I,1151,advanced workload execution mode,0.9944
1295,bsub -I,1124,lsload,0.9944
1295,bsub -I,1254,lsrun,0.9940
1295,bsub -I,1928,operation permission,0.9938
1296,batch interactive job,798,Interactive batch job,1.0000
1296,batch interactive job,583,job submission command,0.9972
1296,batch interactive job,1262,Submit batch jobs,0.9968
1296,batch interactive job,799,batch job,0.9964
1296,batch interactive job,1264,Display job status,0.9964
1296,batch interactive job,1282,job command sleep,0.9962
1296,batch interactive job,1529,interactive job execution,0.9946
1296,batch interactive job,939,job output,0.9931
1296,batch interactive job,35,job completion information,0.9930
1296,batch interactive job,1294,find job output,0.9928
1297,shell mode support,449,InnoDB support,0.9987
1297,shell mode support,1366,wrapper shell,0.9986
1297,shell mode support,1092,bash shell,0.9985
1297,shell mode support,1511,ID mode bit,0.9985
1297,shell mode support,1153,EGO_DISABLE_UNRESOLVABLE_HOST mode,0.9984
1297,shell mode support,208,arbitrary text string,0.9983
1297,shell mode support,1088,tcsh shell,0.9983
1297,shell mode support,1157,product entitlement version array,0.9983
1297,shell mode support,2172,Many additional scenarios,0.9982
1297,shell mode support,1636,symbolic link,0.9982
1298,% bjobs,1293,% J,1.0000
1298,% bjobs,1090,% source,0.9976
1298,% bjobs,1292,% J variable,0.9959
1298,% bjobs,1182,% *,0.9953
1298,% bjobs,1283,short sleep,0.9934
1298,% bjobs,140,normal MUNGE configuration,0.9934
1298,% bjobs,1246,r1 m,0.9932
1298,% bjobs,307,_ ci suffix,0.9931
1298,% bjobs,1178,status r15s r1 m,0.9928
1298,% bjobs,267,sec,0.9927
1299,JOBID USER STAT QUEUE,890,queue level,0.9964
1299,JOBID USER STAT QUEUE,213,user entities,0.9963
1299,JOBID USER STAT QUEUE,1485,regular queue,0.9961
1299,JOBID USER STAT QUEUE,1142,US Government Users Restricted Rights,0.9960
1299,JOBID USER STAT QUEUE,575,user da,0.9960
1299,JOBID USER STAT QUEUE,1960,User programs,0.9960
1299,JOBID USER STAT QUEUE,1387,queue definition,0.9960
1299,JOBID USER STAT QUEUE,1377,Manage users,0.9959
1299,JOBID USER STAT QUEUE,1482,original queue,0.9957
1299,JOBID USER STAT QUEUE,1479,End Queue,0.9956
1300,JOB_NAME,1247,ut pg io ls,0.9963
1300,JOB_NAME,1292,% J variable,0.9961
1300,JOB_NAME,1179,ut pg ls,0.9959
1300,JOB_NAME,1303,sleep,0.9959
1300,JOB_NAME,1301,user1 RUN normal hosta hostb,0.9958
1300,JOB_NAME,1917,doacceptconn,0.9956
1300,JOB_NAME,1180,swp mem,0.9956
1300,JOB_NAME,1090,% source,0.9956
1300,JOB_NAME,1182,% *,0.9954
1300,JOB_NAME,1393,source,0.9953
1301,user1 RUN normal hosta hostb,1930,RES control requests,0.9981
1301,user1 RUN normal hosta hostb,1303,sleep,0.9977
1301,user1 RUN normal hosta hostb,130,lowercase usernames,0.9975
1301,user1 RUN normal hosta hostb,133,usernames,0.9975
1301,user1 RUN normal hosta hostb,162,UIDs,0.9975
1301,user1 RUN normal hosta hostb,1283,short sleep,0.9974
1301,user1 RUN normal hosta hostb,1843,bad port,0.9973
1301,user1 RUN normal hosta hostb,1917,doacceptconn,0.9972
1301,user1 RUN normal hosta hostb,1247,ut pg io ls,0.9970
1301,user1 RUN normal hosta hostb,1949,rmLogJobInfo,0.9968
1303,sleep,1247,ut pg io ls,0.9983
1303,sleep,1179,ut pg ls,0.9980
1303,sleep,1301,user1 RUN normal hosta hostb,0.9977
1303,sleep,140,normal MUNGE configuration,0.9974
1303,sleep,1930,RES control requests,0.9973
1303,sleep,485,form,0.9973
1303,sleep,1283,short sleep,0.9973
1303,sleep,1292,% J variable,0.9973
1303,sleep,1949,rmLogJobInfo,0.9972
1303,sleep,1182,% *,0.9971
1304,specific job,874,particular jobs,0.9995
1304,specific job,1347,job abc_real,0.9994
1304,specific job,1310,Job owners,0.9994
1304,specific job,778,parallel jobs,0.9993
1304,specific job,1352,Requeue jobs,0.9991
1304,specific job,1214,job slots,0.9991
1304,specific job,1481,job state,0.9990
1304,specific job,766,running job,0.9990
1304,specific job,664,job runtime,0.9989
1304,specific job,25,detailed job,0.9989
1305,STAT column,1557,INCREASING column,1.0000
1305,STAT column,310,columns,1.0000
1305,STAT column,1560,RELEASE column,0.9993
1305,STAT column,775,individual computer,0.9984
1305,STAT column,875,binary architecture,0.9982
1305,STAT column,1356,Wrapper binary programs,0.9981
1305,STAT column,674,largest memory peak,0.9981
1305,STAT column,1610,best advantage,0.9981
1305,STAT column,1773,binary incompatibility,0.9980
1305,STAT column,1966,binary upgrade,0.9980
1306,bstop command,1312,bresume command,0.9995
1306,bstop command,1133,bqueues command,0.9995
1306,bstop command,1255,basic commands,0.9994
1306,bstop command,2148,several commands,0.9994
1306,bstop command,1273,lsgrun command,0.9993
1306,bstop command,9,sacct command,0.9993
1306,bstop command,14,sstat command,0.9993
1306,bstop command,1997,egosh command,0.9992
1306,bstop command,758,bkill command,0.9992
1306,bstop command,1656,lshosts command,0.9992
1307,bjobs command,2157,Linux command,1.0000
1307,bjobs command,1687,filename command,1.0000
1307,bjobs command,1598,FLEXlm command lmstat,1.0000
1307,bjobs command,960,lsfinstall command,1.0000
1307,bjobs command,1253,bparams command,1.0000
1307,bjobs command,1194,bparams command,1.0000
1307,bjobs command,295,command,1.0000
1307,bjobs command,1702,lspasswd command,1.0000
1307,bjobs command,1425,install.config command,1.0000
1307,bjobs command,1768,rsh command,1.0000
1309,user1 USUSP normal hosta hostb,1495,user5 PEND night hostA hostC,0.9978
1309,user1 USUSP normal hosta hostb,1329,hosta hostb hostc,0.9977
1309,user1 USUSP normal hosta hostb,1181,hostc -ok,0.9976
1309,user1 USUSP normal hosta hostb,1333,hostc,0.9976
1309,user1 USUSP normal hosta hostb,1176,Normal status,0.9960
1309,user1 USUSP normal hosta hostb,1332,hostb,0.9959
1309,user1 USUSP normal hosta hostb,1325,hosta hostname,0.9950
1309,user1 USUSP normal hosta hostb,2173,IDLE,0.9944
1309,user1 USUSP normal hosta hostb,1945,logJobInfo _,0.9944
1309,user1 USUSP normal hosta hostb,1220,hosta ok,0.9938
1310,Job owners,874,particular jobs,0.9995
1310,Job owners,1347,job abc_real,0.9995
1310,Job owners,778,parallel jobs,0.9994
1310,Job owners,25,detailed job,0.9994
1310,Job owners,1304,specific job,0.9994
1310,Job owners,894,job scheduling,0.9993
1310,Job owners,1740,job RES,0.9993
1310,Job owners,1274,complete job,0.9992
1310,Job owners,1352,Requeue jobs,0.9992
1310,Job owners,766,running job,0.9992
1311,own jobs,1259,most jobs,0.9989
1311,own jobs,1529,interactive job execution,0.9987
1311,own jobs,843,schedule jobs,0.9983
1311,own jobs,842,job requirements,0.9982
1311,own jobs,892,job submission,0.9982
1311,own jobs,1285,job report,0.9980
1311,own jobs,939,job output,0.9978
1311,own jobs,188,job completion,0.9977
1311,own jobs,1230,dispatch jobs,0.9977
1311,own jobs,766,running job,0.9975
1312,bresume command,1306,bstop command,0.9995
1312,bresume command,1255,basic commands,0.9994
1312,bresume command,1133,bqueues command,0.9993
1312,bresume command,1273,lsgrun command,0.9993
1312,bresume command,2148,several commands,0.9992
1312,bresume command,1997,egosh command,0.9992
1312,bresume command,14,sstat command,0.9992
1312,bresume command,9,sacct command,0.9992
1312,bresume command,931,automount command,0.9991
1312,bresume command,758,bkill command,0.9991
1313,RUN status,1234,H NJOBS PEND RUN SUSP,1.0000
1313,RUN status,1244,H NJOBS PEND RUN SSUSP,1.0000
1313,RUN status,1218,U MAX NJOBS RUN SSUSP,1.0000
1313,RUN status,365,run,1.0000
1313,RUN status,921,batch job runs,0.9896
1313,RUN status,923,job runs,0.9842
1313,RUN status,958,new UNIX,0.9797
1313,RUN status,65,user commands,0.9787
1313,RUN status,1262,Submit batch jobs,0.9783
1313,RUN status,1380,new hosts,0.9783
1314,specified jobs,763,hung jobs,1.0000
1314,specified jobs,2041,Monitoring jobs,1.0000
1314,specified jobs,1288,jobs subdirectory,1.0000
1314,specified jobs,879,suspended jobs,1.0000
1314,specified jobs,3,job,1.0000
1314,specified jobs,755,re-runnable job,1.0000
1314,specified jobs,760,UNKWN job,1.0000
1314,specified jobs,2229,multi-thread job,1.0000
1314,specified jobs,1603,Submit jobs,0.9914
1314,specified jobs,751,chunk job,0.9909
1315,necessary resources,896,resource consumers,0.9993
1315,necessary resources,869,Static resources,0.9992
1315,necessary resources,1535,critical resources,0.9990
1315,necessary resources,2188,resource fragmentation,0.9990
1315,necessary resources,846,resource availability,0.9989
1315,necessary resources,1566,resource map,0.9988
1315,necessary resources,10,resource usage,0.9985
1315,necessary resources,2113,resource sharing,0.9985
1315,necessary resources,815,resource requirements,0.9984
1315,necessary resources,1552,End Resource,0.9984
1316,r--,2088,salloc,0.9940
1316,r--,1945,logJobInfo _,0.9938
1316,r--,1736,Linux cgroups,0.9931
1316,r--,33,cgroup,0.9931
1316,r--,2055,cons_tres,0.9928
1316,r--,2054,SelectType,0.9922
1316,r--,307,_ ci suffix,0.9922
1316,r--,1548,N Y,0.9921
1316,r--,2053,linear,0.9918
1316,r--,1176,Normal status,0.9917
1317,root lsf,1539,LSF updates,0.9983
1317,root lsf,1047,LSF server,0.9982
1317,root lsf,1861,Read LSF Guide,0.9981
1317,root lsf,785,LSF schedules,0.9980
1317,root lsf,1067,LSF administration,0.9980
1317,root lsf,1863,LSF services,0.9978
1317,root lsf,918,LSF client,0.9978
1317,root lsf,1401,LSF releases,0.9976
1317,root lsf,1162,IBM Spectrum LSF Standard Edition,0.9976
1317,root lsf,1612,Administering IBM ® Spectrum LSF,0.9972
1320,lsfadmin lsf,1359,LSF API,0.9989
1320,lsfadmin lsf,721,LSF terms,0.9982
1320,lsfadmin lsf,1401,LSF releases,0.9981
1320,lsfadmin lsf,1612,Administering IBM ® Spectrum LSF,0.9977
1320,lsfadmin lsf,910,conf,0.9976
1320,lsfadmin lsf,1119,LSF man,0.9974
1320,lsfadmin lsf,1162,IBM Spectrum LSF Standard Edition,0.9968
1320,lsfadmin lsf,1861,Read LSF Guide,0.9957
1320,lsfadmin lsf,236,/usr,0.9956
1320,lsfadmin lsf,730,LSF configuration,0.9949
1322,hostname command,1807,b * commands,0.9950
1322,hostname command,820,ls command,0.9947
1322,hostname command,1439,% lsadmin reconfig,0.9943
1322,hostname command,1089,source command,0.9942
1322,hostname command,657,command line,0.9941
1322,hostname command,1108,# lsadmin reconfig,0.9938
1322,hostname command,1111,# badmin mbdrestart,0.9933
1322,hostname command,1200,badmin ckconfig -v,0.9931
1322,hostname command,1136,lsadmin ckconfig -v,0.9929
1322,hostname command,904,lsfinstall -f install.config command,0.9925
1323,host hosta,1327,remote host hosta,0.9980
1323,host hosta,1753,Host hostname,0.9976
1323,host hosta,1528,host selection,0.9921
1323,host hosta,1433,HOSTNAME model type server r,0.9914
1323,host hosta,1895,shorter name,0.9913
1323,host hosta,1820,Incorrect path names,0.9892
1323,host hosta,1911,Unknown index name,0.9890
1323,host hosta,1455,dynamic host configuration,0.9887
1323,host hosta,1709,non-uniform file name space,0.9884
1323,host hosta,370,unique name,0.9884
1324,% lsrun -v,1177,% lsload,0.9986
1324,% lsrun -v,1346,bsub -R,0.9981
1324,% lsrun -v,1240,bqueues,0.9980
1324,% lsrun -v,1184,busy status,0.9979
1324,% lsrun -v,1943,token processing,0.9978
1324,% lsrun -v,1278,% bsub,0.9977
1324,% lsrun -v,379,complete description,0.9977
1324,% lsrun -v,1060,bstop,0.9975
1324,% lsrun -v,1345,rename abc,0.9975
1324,% lsrun -v,1707,correct permissions,0.9974
1325,hosta hostname,1330,hostname,0.9970
1325,hosta hostname,1171,hosta,0.9969
1325,hosta hostname,1329,hosta hostb hostc,0.9956
1325,hosta hostname,1309,user1 USUSP normal hosta hostb,0.9950
1325,hosta hostname,1331,Executing hostname,0.9949
1325,hosta hostname,1761,hostA UNKNOWN Ultra,0.9942
1325,hosta hostname,1333,hostc,0.9941
1325,hosta hostname,1181,hostc -ok,0.9941
1325,hosta hostname,1495,user5 PEND night hostA hostC,0.9940
1325,hosta hostname,1945,logJobInfo _,0.9897
1326,Execute hostname,270,MySQL versions,0.9960
1326,Execute hostname,83,MySQL plugin,0.9958
1326,Execute hostname,1843,bad port,0.9958
1326,Execute hostname,1838,Authentication port mismatch,0.9957
1326,Execute hostname,353,port,0.9956
1326,Execute hostname,1844,non-privileged port,0.9956
1326,Execute hostname,162,UIDs,0.9955
1326,Execute hostname,415,slurm_acct_db,0.9954
1326,Execute hostname,133,usernames,0.9953
1326,Execute hostname,130,lowercase usernames,0.9953
1327,remote host hosta,1323,host hosta,0.9980
1327,remote host hosta,1433,HOSTNAME model type server r,0.9951
1327,remote host hosta,1753,Host hostname,0.9945
1327,remote host hosta,1895,shorter name,0.9942
1327,remote host hosta,1911,Unknown index name,0.9933
1327,remote host hosta,173,same UID,0.9932
1327,remote host hosta,328,list,0.9930
1327,remote host hosta,389,full domain name,0.9930
1327,remote host hosta,1820,Incorrect path names,0.9929
1327,remote host hosta,1709,non-uniform file name space,0.9924
1328,remote hosts,1699,client host,0.9994
1328,remote hosts,915,first host,0.9993
1328,remote hosts,1751,HOSTS definition,0.9993
1328,remote hosts,1955,host host_name,0.9992
1328,remote hosts,811,best host,0.9991
1328,remote hosts,873,appropriate hosts,0.9991
1328,remote hosts,1785,Host Architecture,0.9991
1328,remote hosts,812,candidate hosts,0.9991
1328,remote hosts,844,individual hosts,0.9988
1328,remote hosts,1918,RES host,0.9988
1329,hosta hostb hostc,1181,hostc -ok,0.9983
1329,hosta hostb hostc,1333,hostc,0.9983
1329,hosta hostb hostc,1332,hostb,0.9979
1329,hosta hostb hostc,1309,user1 USUSP normal hosta hostb,0.9977
1329,hosta hostb hostc,1220,hosta ok,0.9969
1329,hosta hostb hostc,1171,hosta,0.9964
1329,hosta hostb hostc,1325,hosta hostname,0.9956
1329,hosta hostb hostc,1495,user5 PEND night hostA hostC,0.9955
1329,hosta hostb hostc,1222,hostc ok,0.9928
1329,hosta hostb hostc,2173,IDLE,0.9925
1330,hostname,1331,Executing hostname,0.9990
1330,hostname,1761,hostA UNKNOWN Ultra,0.9980
1330,hostname,1325,hosta hostname,0.9970
1330,hostname,1952,JobId,0.9935
1330,hostname,1495,user5 PEND night hostA hostC,0.9933
1330,hostname,1945,logJobInfo _,0.9920
1330,hostname,1309,user1 USUSP normal hosta hostb,0.9917
1330,hostname,307,_ ci suffix,0.9910
1330,hostname,162,UIDs,0.9909
1330,hostname,1181,hostc -ok,0.9905
1331,Executing hostname,1330,hostname,0.9990
1331,Executing hostname,1761,hostA UNKNOWN Ultra,0.9989
1331,Executing hostname,1952,JobId,0.9962
1331,Executing hostname,1325,hosta hostname,0.9949
1331,Executing hostname,162,UIDs,0.9947
1331,Executing hostname,1495,user5 PEND night hostA hostC,0.9944
1331,Executing hostname,307,_ ci suffix,0.9937
1331,Executing hostname,1945,logJobInfo _,0.9930
1331,Executing hostname,1283,short sleep,0.9927
1331,Executing hostname,353,port,0.9926
1332,hostb,1220,hosta ok,0.9981
1332,hostb,1329,hosta hostb hostc,0.9979
1332,hostb,1221,hostb ok,0.9964
1332,hostb,1309,user1 USUSP normal hosta hostb,0.9959
1332,hostb,1222,hostc ok,0.9959
1332,hostb,1181,hostc -ok,0.9959
1332,hostb,1333,hostc,0.9959
1332,hostb,647,srun -n,0.9951
1332,hostb,453,Comment,0.9931
1332,hostb,1495,user5 PEND night hostA hostC,0.9928
1333,hostc,1181,hostc -ok,1.0000
1333,hostc,1329,hosta hostb hostc,0.9983
1333,hostc,1495,user5 PEND night hostA hostC,0.9980
1333,hostc,1309,user1 USUSP normal hosta hostb,0.9976
1333,hostc,1332,hostb,0.9959
1333,hostc,1220,hosta ok,0.9955
1333,hostc,2173,IDLE,0.9952
1333,hostc,1222,hostc ok,0.9946
1333,hostc,1176,Normal status,0.9945
1333,hostc,1325,hosta hostname,0.9941
1334,complete job submission,1373,easy job submission,0.9997
1334,complete job submission,192,job completion plugin,0.9991
1334,complete job submission,924,remote jobs access,0.9990
1334,complete job submission,323,job completion records,0.9984
1334,complete job submission,1925,root job submission,0.9982
1334,complete job submission,1740,job RES,0.9982
1334,complete job submission,1259,most jobs,0.9978
1334,complete job submission,1381,additional jobs,0.9978
1334,complete job submission,791,Job files,0.9977
1334,complete job submission,1277,sleep job,0.9976
1335,Wrapper shell scripts,1342,wrapper script,0.9994
1335,Wrapper shell scripts,794,Bourne shell script,0.9991
1335,Wrapper shell scripts,1341,shell script,0.9991
1335,Wrapper shell scripts,1714,current working,0.9988
1335,Wrapper shell scripts,230,mysql_config script,0.9988
1335,Wrapper shell scripts,1638,profile.lsf script,0.9987
1335,Wrapper shell scripts,2000,current fix pack level,0.9985
1335,Wrapper shell scripts,258,older SQL server versions,0.9985
1335,Wrapper shell scripts,632,most cases,0.9984
1335,Wrapper shell scripts,1924,remote execution permission,0.9983
1336,Wrapper binary executables,1356,Wrapper binary programs,0.9996
1336,Wrapper binary executables,1357,wrapper binary,0.9996
1336,Wrapper binary executables,1581,executable program,0.9992
1336,Wrapper binary executables,1966,binary upgrade,0.9992
1336,Wrapper binary executables,1541,binary program,0.9992
1336,Wrapper binary executables,1362,Binary code,0.9992
1336,Wrapper binary executables,1366,wrapper shell,0.9990
1336,Wrapper binary executables,55,similar tool,0.9990
1336,Wrapper binary executables,219,place upgrades,0.9989
1336,Wrapper binary executables,518,few tools,0.9989
1337,application source code,1928,operation permission,0.9983
1337,application source code,1564,RESOURCENAME LOCATION,0.9983
1337,application source code,1688,application binary files,0.9982
1337,application source code,185,network page,0.9981
1337,application source code,1599,own ELIM,0.9981
1337,application source code,988,own keywords,0.9981
1337,application source code,728,networks,0.9980
1337,application source code,1151,advanced workload execution mode,0.9980
1337,application source code,1717,automount maps,0.9980
1337,application source code,438,Server version,0.9980
1338,interfaces,1343,simple interface,0.9981
1338,interfaces,518,few tools,0.9981
1338,interfaces,1100,few minutes,0.9980
1338,interfaces,1581,executable program,0.9980
1338,interfaces,55,similar tool,0.9979
1338,interfaces,1336,Wrapper binary executables,0.9976
1338,interfaces,1370,closer integration,0.9976
1338,interfaces,523,various reports,0.9976
1338,interfaces,19,particular time interval,0.9975
1338,interfaces,1364,appropriate libraries,0.9975
1339,easiest integration method,385,authentication method,0.9983
1339,easiest integration method,2067,layout,0.9972
1339,easiest integration method,696,maximum memory,0.9967
1339,easiest integration method,776,processor,0.9967
1339,easiest integration method,2240,affinity plugin,0.9962
1339,easiest integration method,2050,Binding,0.9961
1339,easiest integration method,697,step memory peak,0.9960
1339,easiest integration method,144,unique key,0.9960
1339,easiest integration method,2049,Optional Distribution,0.9959
1339,easiest integration method,1789,Total Threads,0.9959
1340,executable file,27,text file,0.9992
1340,executable file,190,flat file,0.9992
1340,executable file,1635,lsid file,0.9992
1340,executable file,1388,shell files,0.9992
1340,executable file,1358,wrapper files,0.9991
1340,executable file,1711,such file,0.9991
1340,executable file,762,lsb.params file,0.9990
1340,executable file,946,file space,0.9990
1340,executable file,2014,old file,0.9990
1340,executable file,2017,old passwd.lsfuser file,0.9990
1341,shell script,794,Bourne shell script,1.0000
1341,shell script,1342,wrapper script,0.9993
1341,shell script,1335,Wrapper shell scripts,0.9991
1341,shell script,230,mysql_config script,0.9986
1341,shell script,1638,profile.lsf script,0.9986
1341,shell script,1173,LSF_ENVDIR environment variable,0.9981
1341,shell script,1968,environment variable,0.9981
1341,shell script,1035,Remote execution server,0.9979
1341,shell script,1714,current working,0.9979
1341,shell script,180,primary instance,0.9978
1342,wrapper script,1335,Wrapper shell scripts,0.9994
1342,wrapper script,1341,shell script,0.9993
1342,wrapper script,794,Bourne shell script,0.9993
1342,wrapper script,230,mysql_config script,0.9984
1342,wrapper script,227,slurm configure script,0.9983
1342,wrapper script,1714,current working,0.9983
1342,wrapper script,1638,profile.lsf script,0.9982
1342,wrapper script,1173,LSF_ENVDIR environment variable,0.9981
1342,wrapper script,1968,environment variable,0.9981
1342,wrapper script,1817,Network Time Protocol,0.9980
1343,simple interface,208,arbitrary text string,0.9987
1343,simple interface,536,various graphs,0.9987
1343,simple interface,219,place upgrades,0.9987
1343,simple interface,1157,product entitlement version array,0.9986
1343,simple interface,1943,token processing,0.9985
1343,simple interface,538,exporter tool,0.9985
1343,simple interface,1511,ID mode bit,0.9984
1343,simple interface,1345,rename abc,0.9983
1343,simple interface,674,largest memory peak,0.9983
1343,simple interface,94,internal cache,0.9983
1344,abc,1345,rename abc,0.9994
1344,abc,1943,token processing,0.9985
1344,abc,219,place upgrades,0.9982
1344,abc,2145,easy way,0.9981
1344,abc,232,slurm build,0.9981
1344,abc,1157,product entitlement version array,0.9981
1344,abc,379,complete description,0.9981
1344,abc,55,similar tool,0.9981
1344,abc,1511,ID mode bit,0.9981
1344,abc,1824,swap space,0.9980
1345,rename abc,1344,abc,0.9994
1345,rename abc,1824,swap space,0.9988
1345,rename abc,1943,token processing,0.9988
1345,rename abc,208,arbitrary text string,0.9987
1345,rename abc,69,better security,0.9987
1345,rename abc,55,similar tool,0.9987
1345,rename abc,219,place upgrades,0.9987
1345,rename abc,1580,ELIM program,0.9987
1345,rename abc,1157,product entitlement version array,0.9986
1345,rename abc,1707,correct permissions,0.9986
1346,bsub -R,1324,% lsrun -v,0.9981
1346,bsub -R,1928,operation permission,0.9973
1346,bsub -R,1581,executable program,0.9972
1346,bsub -R,1240,bqueues,0.9971
1346,bsub -R,1707,correct permissions,0.9971
1346,bsub -R,372,Workload Characterization Key,0.9971
1346,bsub -R,734,several states,0.9969
1346,bsub -R,1580,ELIM program,0.9969
1346,bsub -R,1943,token processing,0.9969
1346,bsub -R,1518,full path,0.9969
1347,job abc_real,778,parallel jobs,0.9996
1347,job abc_real,874,particular jobs,0.9995
1347,job abc_real,1310,Job owners,0.9995
1347,job abc_real,1304,specific job,0.9994
1347,job abc_real,1352,Requeue jobs,0.9994
1347,job abc_real,766,running job,0.9994
1347,job abc_real,1214,job slots,0.9994
1347,job abc_real,1285,job report,0.9993
1347,job abc_real,894,job scheduling,0.9993
1347,job abc_real,1274,complete job,0.9993
1348,rusage,1363,source code,0.9969
1348,rusage,281,specific situations,0.9969
1348,rusage,1343,simple interface,0.9969
1348,rusage,536,various graphs,0.9969
1348,rusage,94,internal cache,0.9969
1348,rusage,51,pathname,0.9968
1348,rusage,397,qualified pathname,0.9968
1348,rusage,1703,characters,0.9968
1348,rusage,134,uppercase characters,0.9968
1348,rusage,1896,illegal character,0.9968
1349,string,208,arbitrary text string,0.9989
1349,string,1157,product entitlement version array,0.9982
1349,string,979,LSF_ENVDIR variable,0.9982
1349,string,536,various graphs,0.9982
1349,string,1511,ID mode bit,0.9981
1349,string,955,products,0.9980
1349,string,1500,setuid bit,0.9980
1349,string,1343,simple interface,0.9980
1349,string,1943,token processing,0.9980
1349,string,219,place upgrades,0.9980
1350,Manage software licenses,1064,software licenses,0.9991
1350,Manage software licenses,1353,license availability,0.9988
1350,Manage software licenses,1532,software application licenses,0.9986
1350,Manage software licenses,1367,software products,0.9974
1350,Manage software licenses,1588,license.dat -f license,0.9973
1350,Manage software licenses,1238,license,0.9971
1350,Manage software licenses,1374,license maximization,0.9971
1350,Manage software licenses,1564,RESOURCENAME LOCATION,0.9970
1350,Manage software licenses,1824,swap space,0.9970
1350,Manage software licenses,1337,application source code,0.9969
1351,appropriate options,484,Purge options,0.9993
1351,appropriate options,1275,submission options,0.9991
1351,appropriate options,329,valid options,0.9988
1351,appropriate options,2063,slurm.conf options,0.9982
1351,appropriate options,482,relevant configuration options,0.9982
1351,appropriate options,2233,TaskPlugin configuration option,0.9982
1351,appropriate options,2208,CR_CPU configuration option,0.9982
1351,appropriate options,2045,configuration options,0.9982
1351,appropriate options,2194,configuration option CR_CORE_DEFAULT_DIST_BLOCK,0.9981
1351,appropriate options,2227,CR_CORE_DEFAULT_DIST_BLOCK configuration option specifies,0.9981
1352,Requeue jobs,874,particular jobs,0.9994
1352,Requeue jobs,1347,job abc_real,0.9994
1352,Requeue jobs,1214,job slots,0.9994
1352,Requeue jobs,778,parallel jobs,0.9994
1352,Requeue jobs,894,job scheduling,0.9994
1352,Requeue jobs,766,running job,0.9993
1352,Requeue jobs,1310,Job owners,0.9992
1352,Requeue jobs,1265,job ID,0.9992
1352,Requeue jobs,664,job runtime,0.9992
1352,Requeue jobs,1274,complete job,0.9991
1353,license availability,1350,Manage software licenses,0.9988
1353,license availability,1064,software licenses,0.9983
1353,license availability,1588,license.dat -f license,0.9979
1353,license availability,1602,swp mem license1 license,0.9974
1353,license availability,1374,license maximization,0.9973
1353,license availability,1238,license,0.9973
1353,license availability,1824,swap space,0.9966
1353,license availability,1367,software products,0.9966
1353,license availability,1532,software application licenses,0.9962
1353,license availability,1370,closer integration,0.9962
1354,output files,2003,work files,0.9986
1354,output files,964,important files,0.9981
1354,output files,1635,lsid file,0.9976
1354,output files,947,copy result files,0.9975
1354,output files,1837,Authentication data format error,0.9974
1354,output files,1086,shell environment files,0.9973
1354,output files,1537,lsf.shared file,0.9973
1354,output files,1620,following files,0.9970
1354,output files,2014,old file,0.9970
1354,output files,2017,old passwd.lsfuser file,0.9970
1355,local directory,961,Microsoft Windows directory structure,0.9988
1355,local directory,1513,level installation directory,0.9986
1355,local directory,952,typical directory structures,0.9982
1355,local directory,950,Example directory structures,0.9980
1355,local directory,1544,examples directory,0.9979
1355,local directory,729,Important directories,0.9978
1355,local directory,957,directory structure,0.9978
1355,local directory,1713,current working directory,0.9976
1355,local directory,1417,installation script directory,0.9974
1355,local directory,1515,system PATH,0.9973
1356,Wrapper binary programs,1541,binary program,0.9998
1356,Wrapper binary programs,1357,wrapper binary,0.9998
1356,Wrapper binary programs,1336,Wrapper binary executables,0.9996
1356,Wrapper binary programs,1362,Binary code,0.9995
1356,Wrapper binary programs,1966,binary upgrade,0.9994
1356,Wrapper binary programs,867,program,0.9992
1356,Wrapper binary programs,1580,ELIM program,0.9991
1356,Wrapper binary programs,1773,binary incompatibility,0.9991
1356,Wrapper binary programs,875,binary architecture,0.9991
1356,Wrapper binary programs,219,place upgrades,0.9989
1357,wrapper binary,1356,Wrapper binary programs,0.9998
1357,wrapper binary,1336,Wrapper binary executables,0.9996
1357,wrapper binary,1966,binary upgrade,0.9994
1357,wrapper binary,1362,Binary code,0.9994
1357,wrapper binary,1541,binary program,0.9994
1357,wrapper binary,1773,binary incompatibility,0.9992
1357,wrapper binary,875,binary architecture,0.9991
1357,wrapper binary,1937,RES binary,0.9988
1357,wrapper binary,1366,wrapper shell,0.9987
1357,wrapper binary,219,place upgrades,0.9987
1358,wrapper files,1711,such file,0.9994
1358,wrapper files,190,flat file,0.9994
1358,wrapper files,27,text file,0.9993
1358,wrapper files,1388,shell files,0.9992
1358,wrapper files,762,lsb.params file,0.9992
1358,wrapper files,1935,file respath,0.9992
1358,wrapper files,1411,binary files,0.9992
1358,wrapper files,946,file space,0.9992
1358,wrapper files,6,simple text file,0.9991
1358,wrapper files,1340,executable file,0.9991
1359,LSF API,1401,LSF releases,0.9994
1359,LSF API,721,LSF terms,0.9994
1359,LSF API,1612,Administering IBM ® Spectrum LSF,0.9992
1359,LSF API,1320,lsfadmin lsf,0.9989
1359,LSF API,1162,IBM Spectrum LSF Standard Edition,0.9986
1359,LSF API,1119,LSF man,0.9985
1359,LSF API,910,conf,0.9982
1359,LSF API,1861,Read LSF Guide,0.9981
1359,LSF API,1539,LSF updates,0.9977
1359,LSF API,1067,LSF administration,0.9974
1362,Binary code,1356,Wrapper binary programs,0.9995
1362,Binary code,1357,wrapper binary,0.9994
1362,Binary code,1541,binary program,0.9994
1362,Binary code,1966,binary upgrade,0.9994
1362,Binary code,1773,binary incompatibility,0.9994
1362,Binary code,1336,Wrapper binary executables,0.9992
1362,Binary code,875,binary architecture,0.9992
1362,Binary code,1937,RES binary,0.9991
1362,Binary code,219,place upgrades,0.9987
1362,Binary code,775,individual computer,0.9986
1363,source code,1393,source,0.9986
1363,source code,2013,c. Migrate,0.9985
1363,source code,1429,b. Edit,0.9984
1363,source code,94,internal cache,0.9981
1363,source code,1247,ut pg io ls,0.9980
1363,source code,1188,minus sign,0.9980
1363,source code,1937,RES binary,0.9980
1363,source code,1831,tcp service,0.9979
1363,source code,1367,software products,0.9979
1363,source code,1179,ut pg ls,0.9979
1364,appropriate libraries,228,libraries,0.9994
1364,appropriate libraries,1100,few minutes,0.9991
1364,appropriate libraries,1717,automount maps,0.9990
1364,appropriate libraries,518,few tools,0.9990
1364,appropriate libraries,55,similar tool,0.9988
1364,appropriate libraries,48,appropriate plugin,0.9986
1364,appropriate libraries,734,several states,0.9986
1364,appropriate libraries,135,best way,0.9986
1364,appropriate libraries,503,separate instances,0.9985
1364,appropriate libraries,632,most cases,0.9985
1365,more time,1175,more help,0.9975
1365,more time,1431,more experience,0.9968
1365,more time,253,recovery times,0.9966
1365,more time,1810,time zones,0.9966
1365,more time,524,time period,0.9966
1365,more time,39,time,0.9966
1365,more time,160,more details,0.9965
1365,more time,1909,same configuration information,0.9956
1365,more time,1239,detailed queue information,0.9955
1365,more time,467,detailed information,0.9953
1366,wrapper shell,1092,bash shell,0.9994
1366,wrapper shell,1336,Wrapper binary executables,0.9990
1366,wrapper shell,1088,tcsh shell,0.9990
1366,wrapper shell,1357,wrapper binary,0.9987
1366,wrapper shell,1356,Wrapper binary programs,0.9987
1366,wrapper shell,1824,swap space,0.9987
1366,wrapper shell,1297,shell mode support,0.9986
1366,wrapper shell,55,similar tool,0.9985
1366,wrapper shell,208,arbitrary text string,0.9985
1366,wrapper shell,1580,ELIM program,0.9985
1367,software products,2013,c. Migrate,0.9985
1367,software products,1937,RES binary,0.9985
1367,software products,1088,tcsh shell,0.9984
1367,software products,1602,swp mem license1 license,0.9982
1367,software products,536,various graphs,0.9981
1367,software products,1092,bash shell,0.9980
1367,software products,497,site,0.9980
1367,software products,1527,software,0.9980
1367,software products,1429,b. Edit,0.9980
1367,software products,1500,setuid bit,0.9979
1368,other software application vendors,1260,executable applications,0.9985
1368,other software application vendors,1019,execution requirements,0.9980
1368,other software application vendors,1375,parallel execution,0.9979
1368,other software application vendors,1533,application licenses,0.9976
1368,other software application vendors,1461,other references,0.9975
1368,other software application vendors,1938,execution permission,0.9975
1368,other software application vendors,1035,Remote execution server,0.9973
1368,other software application vendors,1646,other instances,0.9973
1368,other software application vendors,198,Location,0.9972
1368,other software application vendors,1342,wrapper script,0.9972
1370,closer integration,935,integration,0.9992
1370,closer integration,1336,Wrapper binary executables,0.9987
1370,closer integration,1560,RELEASE column,0.9986
1370,closer integration,55,similar tool,0.9986
1370,closer integration,1356,Wrapper binary programs,0.9986
1370,closer integration,1610,best advantage,0.9986
1370,closer integration,1157,product entitlement version array,0.9985
1370,closer integration,518,few tools,0.9985
1370,closer integration,1581,executable program,0.9985
1370,closer integration,1362,Binary code,0.9985
1371,other applications,1461,other references,0.9969
1371,other applications,1416,b. Change,0.9969
1371,other applications,795,execution time,0.9968
1371,other applications,1261,execution scripts,0.9968
1371,other applications,1646,other instances,0.9968
1371,other applications,679,Other considerations,0.9966
1371,other applications,971,product installation,0.9966
1371,other applications,1368,other software application vendors,0.9965
1371,other applications,1017,Application profiles,0.9964
1371,other applications,800,application,0.9964
1372,application user interfaces,1681,User permission,0.9980
1372,application user interfaces,1377,Manage users,0.9975
1372,application user interfaces,1960,User programs,0.9974
1372,application user interfaces,606,slurm user,0.9970
1372,application user interfaces,1142,US Government Users Restricted Rights,0.9968
1372,application user interfaces,603,same level,0.9966
1372,application user interfaces,213,user entities,0.9965
1372,application user interfaces,2028,EGO users,0.9961
1372,application user interfaces,1922,same user ID,0.9960
1372,application user interfaces,92,same time,0.9959
1373,easy job submission,1334,complete job submission,0.9997
1373,easy job submission,192,job completion plugin,0.9992
1373,easy job submission,924,remote jobs access,0.9989
1373,easy job submission,1740,job RES,0.9984
1373,easy job submission,323,job completion records,0.9983
1373,easy job submission,1381,additional jobs,0.9982
1373,easy job submission,1925,root job submission,0.9982
1373,easy job submission,1277,sleep job,0.9980
1373,easy job submission,1481,job state,0.9978
1373,easy job submission,1259,most jobs,0.9976
1374,license maximization,1238,license,1.0000
1374,license maximization,1064,software licenses,0.9977
1374,license maximization,1353,license availability,0.9973
1374,license maximization,1350,Manage software licenses,0.9971
1374,license maximization,1532,software application licenses,0.9970
1374,license maximization,1585,FLEXlm license server,0.9965
1374,license maximization,1533,application licenses,0.9954
1374,license maximization,1588,license.dat -f license,0.9950
1374,license maximization,871,Most static resources,0.9938
1374,license maximization,856,level resource usage,0.9930
1375,parallel execution,1019,execution requirements,0.9992
1375,parallel execution,1682,remote execution,0.9992
1375,parallel execution,1938,execution permission,0.9992
1375,parallel execution,1923,interactive remote execution,0.9989
1375,parallel execution,1035,Remote execution server,0.9988
1375,parallel execution,1924,remote execution permission,0.9986
1375,parallel execution,1151,advanced workload execution mode,0.9981
1375,parallel execution,1260,executable applications,0.9980
1375,parallel execution,1342,wrapper script,0.9979
1375,parallel execution,1368,other software application vendors,0.9979
1376,other advanced LSF features,1422,IBM ® Spectrum LSF Configuration Reference,0.9986
1376,other advanced LSF features,1062,Configure LSF startup,0.9986
1376,other advanced LSF features,1969,many times LSF,0.9985
1376,other advanced LSF features,1473,automatic LSF startup,0.9979
1376,other advanced LSF features,1509,LSF server binary files,0.9974
1376,other advanced LSF features,1094,LSF operating environment,0.9972
1376,other advanced LSF features,963,important LSF configuration files,0.9965
1376,other advanced LSF features,1066,LSF external LIM,0.9965
1376,other advanced LSF features,1050,Use LSF administration,0.9963
1376,other advanced LSF features,1084,LSF execution environment,0.9960
1377,Manage users,1142,US Government Users Restricted Rights,0.9992
1377,Manage users,1960,User programs,0.9990
1377,Manage users,575,user da,0.9989
1377,Manage users,118,user ID,0.9988
1377,Manage users,2028,EGO users,0.9987
1377,Manage users,1681,User permission,0.9986
1377,Manage users,1919,bad user,0.9985
1377,Manage users,213,user entities,0.9985
1377,Manage users,606,slurm user,0.9984
1377,Manage users,629,user records,0.9981
1378,LSF users,1094,LSF operating environment,0.9930
1378,LSF users,1227,LSF queues,0.9926
1378,LSF users,1062,Configure LSF startup,0.9921
1378,LSF users,1969,many times LSF,0.9917
1378,LSF users,1473,automatic LSF startup,0.9908
1378,LSF users,1084,LSF execution environment,0.9904
1378,LSF users,1066,LSF external LIM,0.9903
1378,LSF users,1117,LSF installation,0.9903
1378,LSF users,723,LSF basic terms,0.9892
1378,LSF users,1606,LSF time,0.9892
1379,LSF installation script lsfinstall,1084,LSF execution environment,0.9982
1379,LSF installation script lsfinstall,972,primary LSF administrator,0.9978
1379,LSF installation script lsfinstall,1050,Use LSF administration,0.9975
1379,LSF installation script lsfinstall,1404,LSF System Requirements,0.9974
1379,LSF installation script lsfinstall,707,LSF cluster overview,0.9969
1379,LSF installation script lsfinstall,1989,busy bhosts displays LSF,0.9967
1379,LSF installation script lsfinstall,1109,LSF batch configuration files,0.9961
1379,LSF installation script lsfinstall,1624,most LSF problems,0.9954
1379,LSF installation script lsfinstall,709,important LSF directories,0.9953
1379,LSF installation script lsfinstall,1118,LSF Command Reference,0.9952
1380,new hosts,1800,new host model,0.9981
1380,new hosts,1412,new host type,0.9979
1380,new hosts,1103,management host,0.9976
1380,new hosts,1582,same host,0.9965
1380,new hosts,754,execution host,0.9954
1380,new hosts,823,host models,0.9946
1380,new hosts,1700,Windows hosts,0.9943
1380,new hosts,1660,official host,0.9943
1380,new hosts,80,host,0.9943
1380,new hosts,1782,Linux host,0.9943
1381,additional jobs,1277,sleep job,0.9987
1381,additional jobs,1481,job state,0.9984
1381,additional jobs,1310,Job owners,0.9984
1381,additional jobs,1304,specific job,0.9984
1381,additional jobs,1740,job RES,0.9984
1381,additional jobs,25,detailed job,0.9983
1381,additional jobs,1373,easy job submission,0.9982
1381,additional jobs,874,particular jobs,0.9980
1381,additional jobs,1274,complete job,0.9979
1381,additional jobs,1279,unique job ID,0.9979
1382,references,1564,RESOURCENAME LOCATION,0.9984
1382,references,258,older SQL server versions,0.9981
1382,references,2000,current fix pack level,0.9981
1382,references,181,instances,0.9979
1382,references,1584,following example ELIM program,0.9979
1382,references,944,Windows server machine,0.9979
1382,references,1100,few minutes,0.9978
1382,references,1518,full path,0.9978
1382,references,503,separate instances,0.9977
1382,references,1364,appropriate libraries,0.9977
1383,other configuration files,2014,old file,0.9981
1383,other configuration files,2017,old passwd.lsfuser file,0.9981
1383,other configuration files,2015,correct configuration path values,0.9981
1383,other configuration files,947,copy result files,0.9981
1383,other configuration files,2031,old EGO password file,0.9981
1383,other configuration files,150,different configurations,0.9980
1383,other configuration files,1984,connect,0.9980
1383,other configuration files,991,File Example,0.9979
1383,other configuration files,376,own configuration file,0.9979
1383,other configuration files,2006,configuration file paths,0.9979
1384,Edit,1429,b. Edit,0.9982
1384,Edit,1421,c. Edit,0.9981
1384,Edit,1596,lic utility,0.9966
1384,Edit,1036,res,0.9965
1384,Edit,1363,source code,0.9963
1384,Edit,2013,c. Migrate,0.9962
1384,Edit,1028,lsb.events,0.9962
1384,Edit,235,mysql_config,0.9961
1384,Edit,2026,EGO consumer tree,0.9960
1384,Edit,1247,ut pg io ls,0.9960
1385,lsb.queues file,1174,profile.lsf file,0.9993
1385,lsb.queues file,1998,ego.conf file,0.9989
1385,lsb.queues file,1696,hosts.equiv file,0.9986
1385,lsb.queues file,1112,lsb.events file,0.9986
1385,lsb.queues file,167,passwd file,0.9980
1385,lsb.queues file,1391,.cshrc file,0.9979
1385,lsb.queues file,395,slurm.conf file,0.9979
1385,lsb.queues file,1935,file respath,0.9977
1385,lsb.queues file,946,file space,0.9975
1385,lsb.queues file,1711,such file,0.9973
1386,new queue definition,989,workload queues,0.9976
1386,new queue definition,1486,other queues,0.9973
1386,new queue definition,781,own process queue,0.9967
1386,new queue definition,890,queue level,0.9961
1386,new queue definition,1482,original queue,0.9961
1386,new queue definition,1983,new connections,0.9960
1386,new queue definition,868,new values,0.9959
1386,new queue definition,91,new version,0.9958
1386,new queue definition,2039,new work,0.9956
1386,new queue definition,1479,End Queue,0.9956
1387,queue definition,1480,lost_and_found queue,0.9992
1387,queue definition,1485,regular queue,0.9991
1387,queue definition,890,queue level,0.9989
1387,queue definition,1479,End Queue,0.9987
1387,queue definition,1950,Destination queue,0.9986
1387,queue definition,1482,original queue,0.9985
1387,queue definition,781,own process queue,0.9977
1387,queue definition,989,workload queues,0.9970
1387,queue definition,779,single process queue,0.9965
1387,queue definition,1299,JOBID USER STAT QUEUE,0.9960
1388,shell files,946,file space,0.9994
1388,shell files,1391,.cshrc file,0.9994
1388,shell files,1358,wrapper files,0.9992
1388,shell files,1711,such file,0.9992
1388,shell files,1340,executable file,0.9992
1388,shell files,190,flat file,0.9991
1388,shell files,27,text file,0.9990
1388,shell files,1935,file respath,0.9990
1388,shell files,762,lsb.params file,0.9989
1388,shell files,1819,incorrect file permissions,0.9989
1389,cshrc.lsf file,1093,files cshrc.lsf,1.0000
1389,cshrc.lsf file,1063,lsf.sudoers file,0.9987
1389,cshrc.lsf file,376,own configuration file,0.9983
1389,cshrc.lsf file,1620,following files,0.9983
1389,cshrc.lsf file,964,important files,0.9983
1389,cshrc.lsf file,1391,.cshrc file,0.9982
1389,cshrc.lsf file,1388,shell files,0.9981
1389,cshrc.lsf file,1537,lsf.shared file,0.9980
1389,cshrc.lsf file,1086,shell environment files,0.9980
1389,cshrc.lsf file,1635,lsid file,0.9979
1390,contents,1356,Wrapper binary programs,0.9973
1390,contents,208,arbitrary text string,0.9973
1390,contents,1580,ELIM program,0.9973
1390,contents,55,similar tool,0.9973
1390,contents,1336,Wrapper binary executables,0.9973
1390,contents,1943,token processing,0.9973
1390,contents,69,better security,0.9973
1390,contents,232,slurm build,0.9973
1390,contents,674,largest memory peak,0.9972
1390,contents,1560,RELEASE column,0.9972
1391,.cshrc file,1388,shell files,0.9994
1391,.cshrc file,946,file space,0.9992
1391,.cshrc file,1711,such file,0.9991
1391,.cshrc file,2006,configuration file paths,0.9990
1391,.cshrc file,1358,wrapper files,0.9990
1391,.cshrc file,731,several configuration files,0.9989
1391,.cshrc file,190,flat file,0.9989
1391,.cshrc file,2029,old EGO XML configuration files,0.9989
1391,.cshrc file,1935,file respath,0.9988
1391,.cshrc file,1340,executable file,0.9988
1392,LSF_TOP directory,1289,home directory,1.0000
1392,LSF_TOP directory,945,Non-shared directories,1.0000
1392,LSF_TOP directory,1508,LSF_SERVERDIR directory,1.0000
1392,LSF_TOP directory,401,directories,1.0000
1392,LSF_TOP directory,1942,AFS directory,1.0000
1392,LSF_TOP directory,729,Important directories,0.9918
1392,LSF_TOP directory,957,directory structure,0.9916
1392,LSF_TOP directory,1712,directory message,0.9912
1392,LSF_TOP directory,1396,Linux system,0.9907
1392,LSF_TOP directory,926,UNIX systems,0.9907
1393,source,1363,source code,0.9986
1393,source,1179,ut pg ls,0.9979
1393,source,1247,ut pg io ls,0.9978
1393,source,1291,errors.%J ls -l,0.9976
1393,source,1178,status r15s r1 m,0.9974
1393,source,1090,% source,0.9973
1393,source,1429,b. Edit,0.9969
1393,source,1091,ksh,0.9968
1393,source,1596,lic utility,0.9968
1393,source,1013,lsbatch,0.9967
1394,.profile file,1767,ego.sudoers file,1.0000
1394,.profile file,905,install.config file,1.0000
1394,.profile file,1398,file lsf10.1.0_linux2.,1.0000
1394,.profile file,52,file,1.0000
1394,.profile file,1747,lsb.hosts file,1.0000
1394,.profile file,1697,HOME/.rhosts file,1.0000
1394,.profile file,1427,lsf_getting_started.html file,1.0000
1394,.profile file,1853,.rhosts file,1.0000
1394,.profile file,167,passwd file,0.9983
1394,.profile file,2005,ego.shared files,0.9981
1395,LSF distribution files,1505,sparc,0.9962
1395,LSF distribution files,802,LSF scheduling policies,0.9960
1395,LSF distribution files,968,cluster_name,0.9960
1395,LSF distribution files,833,LSF binary files,0.9948
1395,LSF distribution files,1107,LSF configuration files,0.9942
1395,LSF distribution files,723,LSF basic terms,0.9935
1395,LSF distribution files,1519,LSF executable files,0.9932
1395,LSF distribution files,1422,IBM ® Spectrum LSF Configuration Reference,0.9929
1395,LSF distribution files,1376,other advanced LSF features,0.9920
1395,LSF distribution files,1167,current LSF version number,0.9907
1396,Linux system,223,system,1.0000
1396,Linux system,926,UNIX systems,1.0000
1396,Linux system,1131,batch system status,0.9979
1396,Linux system,1708,system environment,0.9924
1396,Linux system,1226,batch system daemon,0.9921
1396,Linux system,1206,Batch,0.9918
1396,Linux system,1041,Server batch daemon,0.9915
1396,Linux system,1469,system startup,0.9914
1396,Linux system,1392,LSF_TOP directory,0.9907
1396,Linux system,1942,AFS directory,0.9907
1398,file lsf10.1.0_linux2.,905,install.config file,1.0000
1398,file lsf10.1.0_linux2.,1767,ego.sudoers file,1.0000
1398,file lsf10.1.0_linux2.,1427,lsf_getting_started.html file,1.0000
1398,file lsf10.1.0_linux2.,52,file,1.0000
1398,file lsf10.1.0_linux2.,1853,.rhosts file,1.0000
1398,file lsf10.1.0_linux2.,1747,lsb.hosts file,1.0000
1398,file lsf10.1.0_linux2.,1394,.profile file,1.0000
1398,file lsf10.1.0_linux2.,1697,HOME/.rhosts file,1.0000
1398,file lsf10.1.0_linux2.,167,passwd file,0.9983
1398,file lsf10.1.0_linux2.,2005,ego.shared files,0.9981
1400,Distribution packages,2049,Optional Distribution,0.9995
1400,Distribution packages,385,authentication method,0.9967
1400,Distribution packages,1339,easiest integration method,0.9958
1400,Distribution packages,697,step memory peak,0.9957
1400,Distribution packages,1413,distribution files,0.9952
1400,Distribution packages,509,unique identifiers,0.9948
1400,Distribution packages,1625,General troubleshooting steps,0.9947
1400,Distribution packages,2213,default distribution method,0.9943
1400,Distribution packages,584,specific partitions,0.9938
1400,Distribution packages,1822,Memory allocation,0.9936
1401,LSF releases,721,LSF terms,0.9995
1401,LSF releases,1612,Administering IBM ® Spectrum LSF,0.9995
1401,LSF releases,1359,LSF API,0.9994
1401,LSF releases,1162,IBM Spectrum LSF Standard Edition,0.9994
1401,LSF releases,1861,Read LSF Guide,0.9990
1401,LSF releases,1539,LSF updates,0.9989
1401,LSF releases,1119,LSF man,0.9988
1401,LSF releases,1067,LSF administration,0.9985
1401,LSF releases,918,LSF client,0.9984
1401,LSF releases,730,LSF configuration,0.9983
1402,download,1188,minus sign,0.9969
1402,download,1235,owners,0.9968
1402,download,882,decrease,0.9968
1402,download,536,various graphs,0.9968
1402,download,308,insensitive collation,0.9967
1402,download,1511,ID mode bit,0.9966
1402,download,1937,RES binary,0.9966
1402,download,379,complete description,0.9966
1402,download,1363,source code,0.9965
1402,download,649,metrics,0.9965
1403,IBM Passport Advantage,801,advantage,1.0000
1403,IBM Passport Advantage,1188,minus sign,0.9976
1403,IBM Passport Advantage,1247,ut pg io ls,0.9975
1403,IBM Passport Advantage,1610,best advantage,0.9975
1403,IBM Passport Advantage,2237,cgroup plugin,0.9974
1403,IBM Passport Advantage,1511,ID mode bit,0.9974
1403,IBM Passport Advantage,2013,c. Migrate,0.9974
1403,IBM Passport Advantage,536,various graphs,0.9974
1403,IBM Passport Advantage,1235,owners,0.9973
1403,IBM Passport Advantage,359,MUNGE authentication,0.9973
1404,LSF System Requirements,1084,LSF execution environment,0.9982
1404,LSF System Requirements,709,important LSF directories,0.9979
1404,LSF System Requirements,1201,LSF batch workload,0.9977
1404,LSF System Requirements,1379,LSF installation script lsfinstall,0.9974
1404,LSF System Requirements,1624,most LSF problems,0.9970
1404,LSF System Requirements,972,primary LSF administrator,0.9967
1404,LSF System Requirements,1118,LSF Command Reference,0.9959
1404,LSF System Requirements,1423,IBM Spectrum LSF Command Reference,0.9959
1404,LSF System Requirements,841,LSF system resources,0.9957
1404,LSF System Requirements,1078,Troubleshooting LSF problems,0.9956
1406,complete list,328,list,0.9978
1406,complete list,503,separate instances,0.9978
1406,complete list,1518,full path,0.9977
1406,complete list,1564,RESOURCENAME LOCATION,0.9976
1406,complete list,1120,complete usage,0.9976
1406,complete list,224,InnoDB storage engine,0.9975
1406,complete list,1584,following example ELIM program,0.9975
1406,complete list,1100,few minutes,0.9975
1406,complete list,135,best way,0.9974
1406,complete list,1364,appropriate libraries,0.9974
1410,major steps,644,step,1.0000
1410,major steps,2108,Step 2slurm.conf,1.0000
1410,major steps,2163,physical CPU layout,0.9878
1410,major steps,2235,task cgroup,0.9875
1410,major steps,2153,Slurm abstract CPU ids,0.9872
1410,major steps,876,relative CPU speed,0.9872
1410,major steps,1628,troubleshooting steps,0.9872
1410,major steps,835,CPU speed scaling factor,0.9863
1410,major steps,2138,CPU Management Steps,0.9862
1410,major steps,2103,cyclic allocation,0.9860
1411,binary files,999,Keyword definition file,0.9992
1411,binary files,1358,wrapper files,0.9992
1411,binary files,1819,incorrect file permissions,0.9992
1411,binary files,1711,such file,0.9991
1411,binary files,6,simple text file,0.9991
1411,binary files,1868,specific files,0.9990
1411,binary files,190,flat file,0.9990
1411,binary files,946,file space,0.9989
1411,binary files,1388,shell files,0.9988
1411,binary files,27,text file,0.9988
1412,new host type,1800,new host model,0.9994
1412,new host type,1380,new hosts,0.9979
1412,new host type,822,Host types,0.9978
1412,new host type,823,host models,0.9976
1412,new host type,1103,management host,0.9969
1412,new host type,1582,same host,0.9967
1412,new host type,1887,host model model,0.9967
1412,new host type,1795,host type name,0.9960
1412,new host type,754,execution host,0.9956
1412,new host type,1700,Windows hosts,0.9955
1413,distribution files,1339,easiest integration method,0.9958
1413,distribution files,696,maximum memory,0.9957
1413,distribution files,670,maximum memory peak,0.9954
1413,distribution files,2049,Optional Distribution,0.9952
1413,distribution files,1400,Distribution packages,0.9952
1413,distribution files,584,specific partitions,0.9951
1413,distribution files,2072,partition definition,0.9950
1413,distribution files,2050,Binding,0.9945
1413,distribution files,144,unique key,0.9944
1413,distribution files,2067,layout,0.9944
1414,a. Log,1953,event log,0.9991
1414,a. Log,56,log files,0.9974
1414,a. Log,1172,lsf.conf file message,0.9944
1414,a. Log,1683,RES error log,0.9932
1414,a. Log,1616,error log files,0.9915
1414,a. Log,59,new log files,0.9903
1414,a. Log,1916,RES messages,0.9901
1414,a. Log,1642,LIM error log,0.9893
1414,a. Log,982,/etc directory,0.9886
1414,a. Log,1517,install directory,0.9883
1415,LSF installation script directory,1195,LSF batch system configuration parameters,0.9975
1415,LSF installation script directory,1055,LSF batch workload system configuration,0.9973
1415,LSF installation script directory,1128,LSF batch system configuration,0.9969
1415,LSF installation script directory,1199,LSF batch system configuration files,0.9965
1415,LSF installation script directory,1130,LSF batch workload system,0.9961
1415,LSF installation script directory,1049,new IBM ® Spectrum LSF cluster,0.9961
1415,LSF installation script directory,1474,IBM Platform LSF Cluster Management,0.9960
1415,LSF installation script directory,1005,LSF batch workload system configuration files,0.9955
1415,LSF installation script directory,1267,Use LSF commands,0.9954
1415,LSF installation script directory,1210,LSF batch server hosts,0.9952
1416,b. Change,1964,configuration changes,0.9982
1416,b. Change,392,work,0.9981
1416,b. Change,971,product installation,0.9978
1416,b. Change,1614,incorrect installation,0.9976
1416,b. Change,795,execution time,0.9976
1416,b. Change,1956,new configuration,0.9974
1416,b. Change,1261,execution scripts,0.9973
1416,b. Change,872,startup time,0.9972
1416,b. Change,91,new version,0.9970
1416,b. Change,1371,other applications,0.9969
1417,installation script directory,2016,new directory structure changes,0.9987
1417,installation script directory,1513,level installation directory,0.9985
1417,installation script directory,1355,local directory,0.9974
1417,installation script directory,1708,system environment,0.9970
1417,installation script directory,1469,system startup,0.9968
1417,installation script directory,957,directory structure,0.9967
1417,installation script directory,1487,primary administrator,0.9960
1417,installation script directory,962,new Windows installation,0.9958
1417,installation script directory,961,Microsoft Windows directory structure,0.9957
1417,installation script directory,729,Important directories,0.9957
1418,# cd /usr,723,LSF basic terms,0.9966
1418,# cd /usr,1659,LSF client LIM,0.9957
1418,# cd /usr,1519,LSF executable files,0.9957
1418,# cd /usr,833,LSF binary files,0.9954
1418,# cd /usr,1107,LSF configuration files,0.9952
1418,# cd /usr,802,LSF scheduling policies,0.9947
1418,# cd /usr,1066,LSF external LIM,0.9943
1418,# cd /usr,1094,LSF operating environment,0.9937
1418,# cd /usr,968,cluster_name,0.9934
1418,# cd /usr,1606,LSF time,0.9930
1420,install,2019,old LSF batch configuration files,0.9953
1420,install,990,LSF cluster configuration files,0.9950
1420,install,1989,busy bhosts displays LSF,0.9938
1420,install,1050,Use LSF administration,0.9936
1420,install,1502,/etc,0.9933
1420,install,963,important LSF configuration files,0.9930
1420,install,1509,LSF server binary files,0.9928
1420,install,2022,old LSF batch work files,0.9926
1420,install,1109,LSF batch configuration files,0.9923
1420,install,31,jobacct_gather,0.9922
1421,c. Edit,1384,Edit,0.9981
1421,c. Edit,1083,profile.lsf,0.9977
1421,c. Edit,1291,errors.%J ls -l,0.9977
1421,c. Edit,1178,status r15s r1 m,0.9974
1421,c. Edit,1246,r1 m,0.9973
1421,c. Edit,1829,tcp,0.9973
1421,c. Edit,1013,lsbatch,0.9972
1421,c. Edit,1179,ut pg ls,0.9972
1421,c. Edit,1587,lic,0.9971
1421,c. Edit,1247,ut pg io ls,0.9970
1422,IBM ® Spectrum LSF Configuration Reference,1376,other advanced LSF features,0.9986
1422,IBM ® Spectrum LSF Configuration Reference,963,important LSF configuration files,0.9984
1422,IBM ® Spectrum LSF Configuration Reference,1509,LSF server binary files,0.9983
1422,IBM ® Spectrum LSF Configuration Reference,1969,many times LSF,0.9980
1422,IBM ® Spectrum LSF Configuration Reference,1062,Configure LSF startup,0.9980
1422,IBM ® Spectrum LSF Configuration Reference,1473,automatic LSF startup,0.9973
1422,IBM ® Spectrum LSF Configuration Reference,1094,LSF operating environment,0.9964
1422,IBM ® Spectrum LSF Configuration Reference,833,LSF binary files,0.9958
1422,IBM ® Spectrum LSF Configuration Reference,1066,LSF external LIM,0.9956
1422,IBM ® Spectrum LSF Configuration Reference,1519,LSF executable files,0.9955
1423,IBM Spectrum LSF Command Reference,1118,LSF Command Reference,1.0000
1423,IBM Spectrum LSF Command Reference,1512,LSF administration commands,0.9995
1423,IBM Spectrum LSF Command Reference,1201,LSF batch workload,0.9975
1423,IBM Spectrum LSF Command Reference,1624,most LSF problems,0.9963
1423,IBM Spectrum LSF Command Reference,1866,second LSF daemon,0.9961
1423,IBM Spectrum LSF Command Reference,1404,LSF System Requirements,0.9959
1423,IBM Spectrum LSF Command Reference,717,common LSF problems,0.9957
1423,IBM Spectrum LSF Command Reference,1109,LSF batch configuration files,0.9956
1423,IBM Spectrum LSF Command Reference,1989,busy bhosts displays LSF,0.9954
1423,IBM Spectrum LSF Command Reference,1379,LSF installation script lsfinstall,0.9952
1425,install.config command,960,lsfinstall command,1.0000
1425,install.config command,1702,lspasswd command,1.0000
1425,install.config command,2157,Linux command,1.0000
1425,install.config command,1253,bparams command,1.0000
1425,install.config command,1194,bparams command,1.0000
1425,install.config command,1768,rsh command,1.0000
1425,install.config command,295,command,1.0000
1425,install.config command,1307,bjobs command,1.0000
1425,install.config command,1598,FLEXlm command lmstat,1.0000
1425,install.config command,1687,filename command,1.0000
1426,host setup,1766,multiple hosts,0.9993
1426,host setup,178,backup host,0.9993
1426,host setup,1698,destination host,0.9993
1426,host setup,1700,Windows hosts,0.9991
1426,host setup,460,local host,0.9988
1426,host setup,812,candidate hosts,0.9986
1426,host setup,811,best host,0.9986
1426,host setup,1955,host host_name,0.9984
1426,host setup,754,execution host,0.9984
1426,host setup,1006,Server hosts,0.9983
1427,lsf_getting_started.html file,1767,ego.sudoers file,1.0000
1427,lsf_getting_started.html file,905,install.config file,1.0000
1427,lsf_getting_started.html file,52,file,1.0000
1427,lsf_getting_started.html file,1697,HOME/.rhosts file,1.0000
1427,lsf_getting_started.html file,1747,lsb.hosts file,1.0000
1427,lsf_getting_started.html file,1853,.rhosts file,1.0000
1427,lsf_getting_started.html file,1394,.profile file,1.0000
1427,lsf_getting_started.html file,1398,file lsf10.1.0_linux2.,1.0000
1427,lsf_getting_started.html file,167,passwd file,0.9983
1427,lsf_getting_started.html file,2005,ego.shared files,0.9981
1428,lsfinstall script,189,script,1.0000
1428,lsfinstall script,1261,execution scripts,0.9989
1428,lsfinstall script,971,product installation,0.9972
1428,lsfinstall script,1614,incorrect installation,0.9968
1428,lsfinstall script,795,execution time,0.9965
1428,lsfinstall script,1416,b. Change,0.9964
1428,lsfinstall script,1956,new configuration,0.9964
1428,lsfinstall script,872,startup time,0.9959
1428,lsfinstall script,91,new version,0.9959
1428,lsfinstall script,336,environment,0.9958
1429,b. Edit,2013,c. Migrate,0.9985
1429,b. Edit,1363,source code,0.9984
1429,b. Edit,1384,Edit,0.9982
1429,b. Edit,1367,software products,0.9980
1429,b. Edit,1596,lic utility,0.9979
1429,b. Edit,2026,EGO consumer tree,0.9979
1429,b. Edit,1765,egosh ego,0.9978
1429,b. Edit,1609,license1 myjob,0.9976
1429,b. Edit,1689,nosuid flag,0.9976
1429,b. Edit,1511,ID mode bit,0.9976
1430,type columns,704,various types,0.9994
1430,type columns,1147,binary type,0.9993
1430,type columns,1779,type detection,0.9989
1430,type columns,1526,main types,0.9987
1430,type columns,1758,type UNKNOWN,0.9986
1430,type columns,20,distinct plugin types,0.9981
1430,type columns,1769,specific model,0.9974
1430,type columns,1545,RESOURCENAME TYPE INTERVAL,0.9970
1430,type columns,357,database type storage plugins,0.9947
1430,type columns,1633,first few hosts,0.9936
1431,more experience,1365,more time,0.9968
1431,more experience,526,more information,0.9956
1431,more experience,1175,more help,0.9944
1431,more experience,160,more details,0.9936
1431,more experience,1266,other information,0.9931
1431,more experience,2,accounting information,0.9926
1431,more experience,467,detailed information,0.9921
1431,more experience,1239,detailed queue information,0.9919
1431,more experience,1197,historical information,0.9918
1431,more experience,320,archiving information,0.9918
1432,client,1992,client side,1.0000
1432,client,1663,client requests,0.9991
1432,client,1100,few minutes,0.9972
1432,client,1493,user5 RUN night hostA hostD,0.9971
1432,client,1662,loopback address,0.9971
1432,client,1605,minute,0.9970
1432,client,518,few tools,0.9970
1432,client,1966,binary upgrade,0.9969
1432,client,1336,Wrapper binary executables,0.9968
1432,client,69,better security,0.9968
1433,HOSTNAME model type server r,1545,RESOURCENAME TYPE INTERVAL,0.9972
1433,HOSTNAME model type server r,1327,remote host hosta,0.9951
1433,HOSTNAME model type server r,917,server column,0.9951
1433,HOSTNAME model type server r,1594,license feature names,0.9950
1433,HOSTNAME model type server r,389,full domain name,0.9948
1433,HOSTNAME model type server r,1911,Unknown index name,0.9947
1433,HOSTNAME model type server r,1820,Incorrect path names,0.9947
1433,HOSTNAME model type server r,944,Windows server machine,0.9945
1433,HOSTNAME model type server r,20,distinct plugin types,0.9945
1433,HOSTNAME model type server r,220,DB server packages,0.9945
1434,mem RESOURCES REXPRI,2113,resource sharing,0.9993
1434,mem RESOURCES REXPRI,846,resource availability,0.9990
1434,mem RESOURCES REXPRI,2188,resource fragmentation,0.9989
1434,mem RESOURCES REXPRI,869,Static resources,0.9988
1434,mem RESOURCES REXPRI,896,resource consumers,0.9986
1434,mem RESOURCES REXPRI,1535,critical resources,0.9985
1434,mem RESOURCES REXPRI,1549,license1 resource,0.9985
1434,mem RESOURCES REXPRI,1551,license2 resource,0.9983
1434,mem RESOURCES REXPRI,1001,specific resources,0.9983
1434,mem RESOURCES REXPRI,1315,necessary resources,0.9979
1437,End Host,1918,RES host,0.9991
1437,End Host,873,appropriate hosts,0.9991
1437,End Host,1955,host host_name,0.9991
1437,End Host,915,first host,0.9990
1437,End Host,1751,HOSTS definition,0.9990
1437,End Host,1785,Host Architecture,0.9989
1437,End Host,812,candidate hosts,0.9989
1437,End Host,1962,management host list,0.9989
1437,End Host,1748,unknown host,0.9989
1437,End Host,844,individual hosts,0.9988
1438,d. Reconfigure lim,1643,LIM communication,0.9993
1438,d. Reconfigure lim,1961,LIM API,0.9991
1438,d. Reconfigure lim,1858,LIM service,0.9987
1438,d. Reconfigure lim,1859,Service lim,0.9987
1438,d. Reconfigure lim,1652,master LIM,0.9982
1438,d. Reconfigure lim,1934,restart request,0.9981
1438,d. Reconfigure lim,1729,LIM communication times,0.9978
1438,d. Reconfigure lim,1150,3.6.0 Lim,0.9973
1438,d. Reconfigure lim,1648,local LIM,0.9972
1438,d. Reconfigure lim,1446,e. Reconfigure mbatchd,0.9970
1439,% lsadmin reconfig,1108,# lsadmin reconfig,0.9964
1439,% lsadmin reconfig,1488,badmin qclose night,0.9961
1439,% lsadmin reconfig,1136,lsadmin ckconfig -v,0.9952
1439,% lsadmin reconfig,1807,b * commands,0.9951
1439,% lsadmin reconfig,1132,bhosts,0.9950
1439,% lsadmin reconfig,1056,bsub,0.9945
1439,% lsadmin reconfig,1295,bsub -I,0.9945
1439,% lsadmin reconfig,1322,hostname command,0.9943
1439,% lsadmin reconfig,1200,badmin ckconfig -v,0.9935
1439,% lsadmin reconfig,1934,restart request,0.9935
1440,Restart LIM,1959,LIM restart,1.0000
1440,Restart LIM,860,LIM,0.9990
1440,Restart LIM,1652,master LIM,0.9968
1440,Restart LIM,1648,local LIM,0.9968
1440,Restart LIM,1858,LIM service,0.9960
1440,Restart LIM,1859,Service lim,0.9960
1440,Restart LIM,381,second MUNGE daemon,0.9955
1440,Restart LIM,1961,LIM API,0.9953
1440,Restart LIM,1105,# bctrld stop,0.9951
1440,Restart LIM,1643,LIM communication,0.9946
1441,hostd,2173,IDLE,0.9961
1441,hostd,1176,Normal status,0.9958
1441,hostd,1237,night,0.9957
1441,hostd,1252,loadStop,0.9953
1441,hostd,442,Query OK,0.9950
1441,hostd,1495,user5 PEND night hostA hostC,0.9947
1441,hostd,1283,short sleep,0.9935
1441,hostd,437,MySQL connection i d,0.9935
1441,hostd,2104,robin fashion,0.9933
1441,hostd,1223,hostd ok,0.9918
1442,lsadmin reconfig command checks,1448,badmin reconfig command checks,0.9997
1442,lsadmin reconfig command checks,1467,badmin mbdrestart command checks,0.9991
1442,lsadmin reconfig command checks,1476,badmin reconfig command,0.9991
1442,lsadmin reconfig command checks,1465,lsadmin reconfig command,0.9988
1442,lsadmin reconfig command checks,1466,badmin mbdrestart command,0.9986
1442,lsadmin reconfig command checks,1135,lsadmin ckconfig command,0.9985
1442,lsadmin reconfig command checks,1196,bhist command,0.9980
1442,lsadmin reconfig command checks,1198,badmin ckconfig command,0.9980
1442,lsadmin reconfig command checks,1763,lim command,0.9975
1442,lsadmin reconfig command checks,1209,bhosts command,0.9973
1443,configuration errors,1287,standard error,0.9985
1443,configuration errors,1166,common configuration errors,0.9985
1443,configuration errors,1825,internal error,0.9983
1443,configuration errors,1978,error reasons,0.9983
1443,configuration errors,285,InnoDB error,0.9979
1443,configuration errors,940,error files,0.9975
1443,configuration errors,1641,most configuration errors,0.9971
1443,configuration errors,1994,Internal library error,0.9970
1443,configuration errors,1839,protocol error,0.9954
1443,configuration errors,1444,unrecoverable errors,0.9952
1444,unrecoverable errors,1818,General errors,0.9980
1444,unrecoverable errors,1978,error reasons,0.9978
1444,unrecoverable errors,1839,protocol error,0.9976
1444,unrecoverable errors,1287,standard error,0.9975
1444,unrecoverable errors,1684,detailed error message,0.9973
1444,unrecoverable errors,1825,internal error,0.9973
1444,unrecoverable errors,285,InnoDB error,0.9972
1444,unrecoverable errors,1972,retry error message,0.9969
1444,unrecoverable errors,940,error files,0.9959
1444,unrecoverable errors,1443,configuration errors,0.9952
1445,reconfiguration exits,41,exit status,1.0000
1445,reconfiguration exits,740,EXIT,1.0000
1445,reconfiguration exits,1819,incorrect file permissions,0.9969
1445,reconfiguration exits,1510,file permission mode -rw-------,0.9966
1445,reconfiguration exits,424,permissions,0.9963
1445,reconfiguration exits,1707,correct permissions,0.9962
1445,reconfiguration exits,94,internal cache,0.9962
1445,reconfiguration exits,999,Keyword definition file,0.9962
1445,reconfiguration exits,622,following form,0.9960
1445,reconfiguration exits,2031,old EGO password file,0.9959
1446,e. Reconfigure mbatchd,1721,mbatchd exit,0.9985
1446,e. Reconfigure mbatchd,1858,LIM service,0.9976
1446,e. Reconfigure mbatchd,1859,Service lim,0.9976
1446,e. Reconfigure mbatchd,1754,sbatchd,0.9975
1446,e. Reconfigure mbatchd,1934,restart request,0.9973
1446,e. Reconfigure mbatchd,1729,LIM communication times,0.9973
1446,e. Reconfigure mbatchd,63,Slurm control daemon,0.9970
1446,e. Reconfigure mbatchd,1438,d. Reconfigure lim,0.9970
1446,e. Reconfigure mbatchd,1531,common application,0.9965
1446,e. Reconfigure mbatchd,1643,LIM communication,0.9965
1448,badmin reconfig command checks,1467,badmin mbdrestart command checks,0.9997
1448,badmin reconfig command checks,1442,lsadmin reconfig command checks,0.9997
1448,badmin reconfig command checks,1476,badmin reconfig command,0.9990
1448,badmin reconfig command checks,1466,badmin mbdrestart command,0.9989
1448,badmin reconfig command checks,1198,badmin ckconfig command,0.9985
1448,badmin reconfig command checks,1135,lsadmin ckconfig command,0.9981
1448,badmin reconfig command checks,1465,lsadmin reconfig command,0.9979
1448,badmin reconfig command checks,1196,bhist command,0.9978
1448,badmin reconfig command checks,1763,lim command,0.9969
1448,badmin reconfig command checks,1203,badmin ckconfig,0.9965
1449,Optional,852,Total resident memory usage,0.9979
1449,Optional,853,Total virtual memory usage,0.9979
1449,Optional,308,insensitive collation,0.9978
1449,Optional,539,performance metrics,0.9977
1449,Optional,281,specific situations,0.9977
1449,Optional,1885,second definition,0.9976
1449,Optional,674,largest memory peak,0.9976
1449,Optional,775,individual computer,0.9974
1449,Optional,1896,illegal character,0.9973
1449,Optional,1703,characters,0.9973
1450,hostsetup command,1255,basic commands,0.9988
1450,hostsetup command,2148,several commands,0.9988
1450,hostsetup command,904,lsfinstall -f install.config command,0.9987
1450,hostsetup command,1451,Command Reference,0.9986
1450,hostsetup command,1306,bstop command,0.9986
1450,hostsetup command,1089,source command,0.9986
1450,hostsetup command,1068,following commands,0.9985
1450,hostsetup command,1133,bqueues command,0.9985
1450,hostsetup command,1312,bresume command,0.9985
1450,hostsetup command,1273,lsgrun command,0.9984
1451,Command Reference,1656,lshosts command,0.9994
1451,Command Reference,1997,egosh command,0.9993
1451,Command Reference,1815,command request,0.9993
1451,Command Reference,9,sacct command,0.9992
1451,Command Reference,2148,several commands,0.9992
1451,Command Reference,1255,basic commands,0.9992
1451,Command Reference,1125,lsid command,0.9992
1451,Command Reference,931,automount command,0.9991
1451,Command Reference,1273,lsgrun command,0.9991
1451,Command Reference,14,sstat command,0.9991
1452,d. Start LSF,1639,LSF LIM daemon,0.9978
1452,d. Start LSF,1123,LSF daemons lim,0.9978
1452,d. Start LSF,1618,LSF server daemons,0.9978
1452,d. Start LSF,1866,second LSF daemon,0.9975
1452,d. Start LSF,1498,Configure LSF daemons,0.9974
1452,d. Start LSF,972,primary LSF administrator,0.9938
1452,d. Start LSF,1512,LSF administration commands,0.9929
1452,d. Start LSF,1118,LSF Command Reference,0.9926
1452,d. Start LSF,1423,IBM Spectrum LSF Command Reference,0.9926
1452,d. Start LSF,1024,LSF batch log files,0.9923
1453,Working,1100,few minutes,0.9981
1453,Working,518,few tools,0.9979
1453,Working,1580,ELIM program,0.9979
1453,Working,219,place upgrades,0.9978
1453,Working,1366,wrapper shell,0.9978
1453,Working,1581,executable program,0.9978
1453,Working,1824,swap space,0.9978
1453,Working,1336,Wrapper binary executables,0.9977
1453,Working,55,similar tool,0.9977
1453,Working,1717,automount maps,0.9977
1454,IBM Spectrum LSF Cluster Management,1085,LSF Cluster Management,1.0000
1454,IBM Spectrum LSF Cluster Management,994,cluster /usr,0.9987
1454,IBM Spectrum LSF Cluster Management,2037,new LSF cluster,0.9982
1454,IBM Spectrum LSF Cluster Management,1474,IBM Platform LSF Cluster Management,0.9979
1454,IBM Spectrum LSF Cluster Management,914,LSF management host,0.9970
1454,IBM Spectrum LSF Cluster Management,707,LSF cluster overview,0.9964
1454,IBM Spectrum LSF Cluster Management,916,LSF server hosts,0.9956
1454,IBM Spectrum LSF Cluster Management,1049,new IBM ® Spectrum LSF cluster,0.9956
1454,IBM Spectrum LSF Cluster Management,1168,current LSF management host,0.9943
1454,IBM Spectrum LSF Cluster Management,1210,LSF batch server hosts,0.9942
1455,dynamic host configuration,1633,first few hosts,0.9961
1455,dynamic host configuration,1594,license feature names,0.9961
1455,dynamic host configuration,1884,same lsf.shared file,0.9955
1455,dynamic host configuration,1820,Incorrect path names,0.9954
1455,dynamic host configuration,198,Location,0.9950
1455,dynamic host configuration,1545,RESOURCENAME TYPE INTERVAL,0.9948
1455,dynamic host configuration,1963,server host list,0.9948
1455,dynamic host configuration,487,available configuration parameters,0.9946
1455,dynamic host configuration,180,primary instance,0.9945
1455,dynamic host configuration,1956,new configuration,0.9944
1457,current default management host,1458,different default management host,0.9996
1457,current default management host,1270,current local host,0.9982
1457,current default management host,1257,best available host,0.9982
1457,current default management host,175,Storage Backup Host,0.9980
1457,current default management host,948,submission host,0.9971
1457,current default management host,873,appropriate hosts,0.9970
1457,current default management host,1633,first few hosts,0.9970
1457,current default management host,1751,HOSTS definition,0.9968
1457,current default management host,1785,Host Architecture,0.9968
1457,current default management host,868,new values,0.9966
1458,different default management host,1457,current default management host,0.9996
1458,different default management host,1257,best available host,0.9979
1458,different default management host,175,Storage Backup Host,0.9972
1458,different default management host,1270,current local host,0.9968
1458,different default management host,885,host load conditions,0.9965
1458,different default management host,948,submission host,0.9961
1458,different default management host,1569,different hosts,0.9960
1458,different default management host,873,appropriate hosts,0.9960
1458,different default management host,1633,first few hosts,0.9960
1458,different default management host,1785,Host Architecture,0.9960
1459,badmin hclose,1052,badmin,1.0000
1459,badmin hclose,1957,badmin reconfigcommand,1.0000
1459,badmin hclose,1070,badmin command,0.9986
1459,badmin hclose,1069,lsadmin command,0.9971
1459,badmin hclose,1051,lsadmin,0.9957
1459,badmin hclose,1198,badmin ckconfig command,0.9955
1459,badmin hclose,1687,filename command,0.9945
1459,badmin hclose,1307,bjobs command,0.9945
1459,badmin hclose,2157,Linux command,0.9945
1459,badmin hclose,1194,bparams command,0.9945
1460,finish,536,various graphs,0.9971
1460,finish,219,place upgrades,0.9969
1460,finish,538,exporter tool,0.9969
1460,finish,208,arbitrary text string,0.9969
1460,finish,1733,parent,0.9968
1460,finish,572,physics parent,0.9968
1460,finish,539,performance metrics,0.9968
1460,finish,1349,string,0.9967
1460,finish,2172,Many additional scenarios,0.9967
1460,finish,1343,simple interface,0.9967
1461,other references,1646,other instances,0.9995
1461,other references,597,other operators,0.9992
1461,other references,701,other ways,0.9991
1461,other references,1211,other details,0.9990
1461,other references,685,other tools,0.9988
1461,other references,2085,other aspects,0.9986
1461,other references,2143,other subset,0.9981
1461,other references,1923,interactive remote execution,0.9977
1461,other references,1827,available swap space,0.9976
1461,other references,1368,other software application vendors,0.9975
1464,other host,460,local host,0.9982
1464,other host,1569,different hosts,0.9979
1464,other host,754,execution host,0.9978
1464,other host,1766,multiple hosts,0.9976
1464,other host,948,submission host,0.9976
1464,other host,1191,hosts time,0.9975
1464,other host,811,best host,0.9972
1464,other host,919,only hosts,0.9969
1464,other host,1426,host setup,0.9969
1464,other host,873,appropriate hosts,0.9967
1465,lsadmin reconfig command,1476,badmin reconfig command,0.9994
1465,lsadmin reconfig command,1135,lsadmin ckconfig command,0.9990
1465,lsadmin reconfig command,1442,lsadmin reconfig command checks,0.9988
1465,lsadmin reconfig command,1125,lsid command,0.9986
1465,lsadmin reconfig command,1209,bhosts command,0.9986
1465,lsadmin reconfig command,1126,lsload command,0.9986
1465,lsadmin reconfig command,1644,lsload command prints,0.9986
1465,lsadmin reconfig command,1626,lsadmin ckconfig -v command,0.9984
1465,lsadmin reconfig command,1466,badmin mbdrestart command,0.9984
1465,lsadmin reconfig command,1632,ps -ef command,0.9984
1466,badmin mbdrestart command,1198,badmin ckconfig command,0.9996
1466,badmin mbdrestart command,1476,badmin reconfig command,0.9995
1466,badmin mbdrestart command,1135,lsadmin ckconfig command,0.9993
1466,badmin mbdrestart command,1467,badmin mbdrestart command checks,0.9990
1466,badmin mbdrestart command,1448,badmin reconfig command checks,0.9989
1466,badmin mbdrestart command,1442,lsadmin reconfig command checks,0.9986
1466,badmin mbdrestart command,1196,bhist command,0.9986
1466,badmin mbdrestart command,1465,lsadmin reconfig command,0.9984
1466,badmin mbdrestart command,1203,badmin ckconfig,0.9972
1466,badmin mbdrestart command,1763,lim command,0.9971
1467,badmin mbdrestart command checks,1448,badmin reconfig command checks,0.9997
1467,badmin mbdrestart command checks,1442,lsadmin reconfig command checks,0.9991
1467,badmin mbdrestart command checks,1466,badmin mbdrestart command,0.9990
1467,badmin mbdrestart command checks,1198,badmin ckconfig command,0.9988
1467,badmin mbdrestart command checks,1476,badmin reconfig command,0.9984
1467,badmin mbdrestart command checks,1135,lsadmin ckconfig command,0.9980
1467,badmin mbdrestart command checks,1196,bhist command,0.9977
1467,badmin mbdrestart command checks,1465,lsadmin reconfig command,0.9969
1467,badmin mbdrestart command checks,1763,lim command,0.9964
1467,badmin mbdrestart command checks,1069,lsadmin command,0.9961
1469,system startup,1708,system environment,0.9993
1469,system startup,1515,system PATH,0.9985
1469,system startup,481,system utilization,0.9983
1469,system startup,827,operating system,0.9976
1469,system startup,1417,installation script directory,0.9968
1469,system startup,412,larger systems,0.9968
1469,system startup,1513,level installation directory,0.9962
1469,system startup,1355,local directory,0.9960
1469,system startup,1025,Batch events,0.9959
1469,system startup,1079,system kernel information,0.9959
1470,LSF section,1047,LSF server,0.9972
1470,LSF section,1651,LSF applications,0.9966
1470,LSF section,1082,LSF environment,0.9964
1470,LSF section,785,LSF schedules,0.9958
1470,LSF section,1606,LSF time,0.9951
1470,LSF section,1863,LSF services,0.9948
1470,LSF section,1317,root lsf,0.9948
1470,LSF section,1067,LSF administration,0.9946
1470,LSF section,1539,LSF updates,0.9946
1470,LSF section,1117,LSF installation,0.9943
1471,system startup files,1705,file system environment,0.9997
1471,system startup files,927,Network File System,0.9991
1471,system startup files,727,File systems,0.9990
1471,system startup files,932,Andrew File System,0.9990
1471,system startup files,929,NFS file systems,0.9990
1471,system startup files,1202,system configuration,0.9983
1471,system startup files,1985,system call times,0.9981
1471,system startup files,393,system build time,0.9980
1471,system startup files,412,larger systems,0.9979
1471,system startup files,1993,system call,0.9975
1472,automatic LSF daemon startup,1032,LSF server daemon log files,0.9969
1472,automatic LSF daemon startup,1499,LSF daemon startup control,0.9962
1472,automatic LSF daemon startup,1199,LSF batch system configuration files,0.9959
1472,automatic LSF daemon startup,1498,Configure LSF daemons,0.9958
1472,automatic LSF daemon startup,1128,LSF batch system configuration,0.9957
1472,automatic LSF daemon startup,1055,LSF batch workload system configuration,0.9956
1472,automatic LSF daemon startup,1415,LSF installation script directory,0.9949
1472,automatic LSF daemon startup,1195,LSF batch system configuration parameters,0.9947
1472,automatic LSF daemon startup,1866,second LSF daemon,0.9947
1472,automatic LSF daemon startup,1267,Use LSF commands,0.9946
1473,automatic LSF startup,1062,Configure LSF startup,0.9993
1473,automatic LSF startup,1094,LSF operating environment,0.9993
1473,automatic LSF startup,1969,many times LSF,0.9991
1473,automatic LSF startup,1066,LSF external LIM,0.9988
1473,automatic LSF startup,1659,LSF client LIM,0.9983
1473,automatic LSF startup,1084,LSF execution environment,0.9982
1473,automatic LSF startup,1376,other advanced LSF features,0.9979
1473,automatic LSF startup,1422,IBM ® Spectrum LSF Configuration Reference,0.9973
1473,automatic LSF startup,1509,LSF server binary files,0.9971
1473,automatic LSF startup,1519,LSF executable files,0.9964
1474,IBM Platform LSF Cluster Management,1049,new IBM ® Spectrum LSF cluster,0.9986
1474,IBM Platform LSF Cluster Management,1085,LSF Cluster Management,0.9979
1474,IBM Platform LSF Cluster Management,1454,IBM Spectrum LSF Cluster Management,0.9979
1474,IBM Platform LSF Cluster Management,1168,current LSF management host,0.9976
1474,IBM Platform LSF Cluster Management,2037,new LSF cluster,0.9973
1474,IBM Platform LSF Cluster Management,994,cluster /usr,0.9969
1474,IBM Platform LSF Cluster Management,1415,LSF installation script directory,0.9960
1474,IBM Platform LSF Cluster Management,914,LSF management host,0.9958
1474,IBM Platform LSF Cluster Management,1210,LSF batch server hosts,0.9953
1474,IBM Platform LSF Cluster Management,990,LSF cluster configuration files,0.9950
1475,starting point,1980,Point,1.0000
1475,starting point,1345,rename abc,0.9984
1475,starting point,1511,ID mode bit,0.9981
1475,starting point,1092,bash shell,0.9980
1475,starting point,94,internal cache,0.9980
1475,starting point,1500,setuid bit,0.9980
1475,starting point,1088,tcsh shell,0.9979
1475,starting point,1824,swap space,0.9979
1475,starting point,379,complete description,0.9979
1475,starting point,1943,token processing,0.9979
1476,badmin reconfig command,1466,badmin mbdrestart command,0.9995
1476,badmin reconfig command,1465,lsadmin reconfig command,0.9994
1476,badmin reconfig command,1442,lsadmin reconfig command checks,0.9991
1476,badmin reconfig command,1135,lsadmin ckconfig command,0.9991
1476,badmin reconfig command,1448,badmin reconfig command checks,0.9990
1476,badmin reconfig command,1198,badmin ckconfig command,0.9989
1476,badmin reconfig command,1196,bhist command,0.9985
1476,badmin reconfig command,1467,badmin mbdrestart command checks,0.9984
1476,badmin reconfig command,1203,badmin ckconfig,0.9982
1476,badmin reconfig command,1209,bhosts command,0.9979
1477,Configuration Reference,2029,old EGO XML configuration files,0.9987
1477,Configuration Reference,2015,correct configuration path values,0.9986
1477,Configuration Reference,2031,old EGO password file,0.9984
1477,Configuration Reference,72,such services,0.9983
1477,Configuration Reference,2006,configuration file paths,0.9982
1477,Configuration Reference,1580,ELIM program,0.9982
1477,Configuration Reference,1345,rename abc,0.9981
1477,Configuration Reference,731,several configuration files,0.9981
1477,Configuration Reference,503,separate instances,0.9981
1477,Configuration Reference,768,signal,0.9980
1478,# job limit,1334,complete job submission,0.9966
1478,# job limit,1925,root job submission,0.9966
1478,# job limit,1373,easy job submission,0.9966
1478,# job limit,924,remote jobs access,0.9964
1478,# job limit,192,job completion plugin,0.9958
1478,# job limit,323,job completion records,0.9950
1478,# job limit,1010,job slot limits,0.9943
1478,# job limit,738,dispatch,0.9938
1478,# job limit,701,other ways,0.9937
1478,# job limit,1009,dispatch windows,0.9937
1479,End Queue,890,queue level,0.9989
1479,End Queue,1387,queue definition,0.9987
1479,End Queue,1480,lost_and_found queue,0.9986
1479,End Queue,1485,regular queue,0.9984
1479,End Queue,781,own process queue,0.9983
1479,End Queue,1950,Destination queue,0.9980
1479,End Queue,989,workload queues,0.9979
1479,End Queue,1482,original queue,0.9976
1479,End Queue,1299,JOBID USER STAT QUEUE,0.9956
1479,End Queue,1386,new queue definition,0.9956
1480,lost_and_found queue,1387,queue definition,0.9992
1480,lost_and_found queue,1485,regular queue,0.9989
1480,lost_and_found queue,1950,Destination queue,0.9987
1480,lost_and_found queue,1479,End Queue,0.9986
1480,lost_and_found queue,890,queue level,0.9985
1480,lost_and_found queue,1482,original queue,0.9981
1480,lost_and_found queue,781,own process queue,0.9968
1480,lost_and_found queue,989,workload queues,0.9967
1480,lost_and_found queue,1299,JOBID USER STAT QUEUE,0.9956
1480,lost_and_found queue,779,single process queue,0.9954
1481,job state,25,detailed job,0.9993
1481,job state,1347,job abc_real,0.9992
1481,job state,1310,Job owners,0.9991
1481,job state,1274,complete job,0.9991
1481,job state,778,parallel jobs,0.9991
1481,job state,1285,job report,0.9991
1481,job state,1304,specific job,0.9990
1481,job state,1352,Requeue jobs,0.9990
1481,job state,766,running job,0.9990
1481,job state,874,particular jobs,0.9989
1482,original queue,1485,regular queue,0.9993
1482,original queue,1950,Destination queue,0.9992
1482,original queue,890,queue level,0.9988
1482,original queue,1387,queue definition,0.9985
1482,original queue,1480,lost_and_found queue,0.9981
1482,original queue,1479,End Queue,0.9976
1482,original queue,1486,other queues,0.9974
1482,original queue,989,workload queues,0.9972
1482,original queue,781,own process queue,0.9967
1482,original queue,1386,new queue definition,0.9961
1483,queue administrator,809,batch queue,0.9955
1483,queue administrator,953,new installation,0.9940
1483,queue administrator,958,new UNIX,0.9936
1483,queue administrator,2039,new work,0.9922
1483,queue administrator,623,change,0.9920
1483,queue administrator,461,storage host system,0.9919
1483,queue administrator,1191,hosts time,0.9918
1483,queue administrator,962,new Windows installation,0.9918
1483,queue administrator,1386,new queue definition,0.9917
1483,queue administrator,725,installation,0.9907
1484,bswitch,539,performance metrics,0.9971
1484,bswitch,308,insensitive collation,0.9971
1484,bswitch,2175,n3 State,0.9970
1484,bswitch,852,Total resident memory usage,0.9969
1484,bswitch,853,Total virtual memory usage,0.9969
1484,bswitch,2172,Many additional scenarios,0.9969
1484,bswitch,686,TresUsage * fields,0.9969
1484,bswitch,1235,owners,0.9969
1484,bswitch,674,largest memory peak,0.9969
1484,bswitch,1937,RES binary,0.9968
1485,regular queue,1950,Destination queue,0.9993
1485,regular queue,1482,original queue,0.9993
1485,regular queue,1387,queue definition,0.9991
1485,regular queue,890,queue level,0.9989
1485,regular queue,1480,lost_and_found queue,0.9989
1485,regular queue,1479,End Queue,0.9984
1485,regular queue,989,workload queues,0.9972
1485,regular queue,781,own process queue,0.9968
1485,regular queue,1299,JOBID USER STAT QUEUE,0.9961
1485,regular queue,1486,other queues,0.9961
1486,other queues,1134,available queues,0.9978
1486,other queues,1482,original queue,0.9974
1486,other queues,1386,new queue definition,0.9973
1486,other queues,1485,regular queue,0.9961
1486,other queues,1950,Destination queue,0.9960
1486,other queues,890,queue level,0.9960
1486,other queues,989,workload queues,0.9956
1486,other queues,781,own process queue,0.9950
1486,other queues,1387,queue definition,0.9950
1486,other queues,598,regular uses,0.9945
1487,primary administrator,702,administrator overview,0.9981
1487,primary administrator,1417,installation script directory,0.9960
1487,primary administrator,1708,system environment,0.9960
1487,primary administrator,1469,system startup,0.9955
1487,primary administrator,962,new Windows installation,0.9952
1487,primary administrator,2016,new directory structure changes,0.9951
1487,primary administrator,2039,new work,0.9950
1487,primary administrator,462,other Slurm daemons,0.9950
1487,primary administrator,1513,level installation directory,0.9947
1487,primary administrator,959,Linux installation,0.9942
1488,badmin qclose night,1200,badmin ckconfig -v,0.9962
1488,badmin qclose night,1439,% lsadmin reconfig,0.9961
1488,badmin qclose night,1136,lsadmin ckconfig -v,0.9952
1488,badmin qclose night,1807,b * commands,0.9945
1488,badmin qclose night,1111,# badmin mbdrestart,0.9944
1488,badmin qclose night,1108,# lsadmin reconfig,0.9941
1488,badmin qclose night,1600,lsadmin reconfig,0.9938
1488,badmin qclose night,1601,badmin reconfig,0.9927
1488,badmin qclose night,1322,hostname command,0.9923
1488,badmin qclose night,820,ls command,0.9916
1489,Queue night,1490,night queue,1.0000
1489,Queue night,1491,idle queue,0.9984
1489,Queue night,110,maximum queue size,0.9971
1489,Queue night,1480,lost_and_found queue,0.9941
1489,Queue night,1387,queue definition,0.9938
1489,Queue night,902,scheduling thresholds,0.9934
1489,Queue night,1744,only reliable way,0.9928
1489,Queue night,1823,enough available memory,0.9926
1489,Queue night,1734,child process group,0.9925
1489,Queue night,895,different classes,0.9925
1490,night queue,1489,Queue night,1.0000
1490,night queue,1491,idle queue,0.9984
1490,night queue,110,maximum queue size,0.9971
1490,night queue,1480,lost_and_found queue,0.9941
1490,night queue,1387,queue definition,0.9938
1490,night queue,902,scheduling thresholds,0.9934
1490,night queue,1744,only reliable way,0.9928
1490,night queue,1823,enough available memory,0.9926
1490,night queue,1734,child process group,0.9925
1490,night queue,895,different classes,0.9925
1491,idle queue,1489,Queue night,0.9984
1491,idle queue,1490,night queue,0.9984
1491,idle queue,110,maximum queue size,0.9972
1491,idle queue,1229,different scheduling policies,0.9913
1491,idle queue,1480,lost_and_found queue,0.9912
1491,idle queue,1228,different priorities,0.9910
1491,idle queue,90,switch,0.9909
1491,idle queue,2125,different subsets,0.9907
1491,idle queue,1744,only reliable way,0.9906
1491,idle queue,1493,user5 RUN night hostA hostD,0.9906
1492,job ID number,2220,other socket,0.9918
1492,job ID number,2093,Restricts node selection,0.9916
1492,job ID number,1771,incorrect CPU factors,0.9914
1492,job ID number,2202,second node,0.9912
1492,job ID number,835,CPU speed scaling factor,0.9906
1492,job ID number,851,Total CPU time,0.9906
1492,job ID number,2096,node file,0.9903
1492,job ID number,2097,specific nodes,0.9897
1492,job ID number,646,many parallel tasks,0.9894
1492,job ID number,1786,Total NUMA Nodes,0.9888
1493,user5 RUN night hostA hostD,203,network port,0.9972
1493,user5 RUN night hostA hostD,1838,Authentication port mismatch,0.9971
1493,user5 RUN night hostA hostD,1432,client,0.9971
1493,user5 RUN night hostA hostD,1992,client side,0.9971
1493,user5 RUN night hostA hostD,686,TresUsage * fields,0.9971
1493,user5 RUN night hostA hostD,1248,SCHEDULING POLICIES,0.9970
1493,user5 RUN night hostA hostD,1951,lost_and_found,0.9970
1493,user5 RUN night hostA hostD,308,insensitive collation,0.9970
1493,user5 RUN night hostA hostD,303,collation,0.9970
1493,user5 RUN night hostA hostD,90,switch,0.9970
1495,user5 PEND night hostA hostC,1181,hostc -ok,0.9980
1495,user5 PEND night hostA hostC,1333,hostc,0.9980
1495,user5 PEND night hostA hostC,1309,user1 USUSP normal hosta hostb,0.9978
1495,user5 PEND night hostA hostC,2173,IDLE,0.9974
1495,user5 PEND night hostA hostC,1176,Normal status,0.9972
1495,user5 PEND night hostA hostC,1329,hosta hostb hostc,0.9955
1495,user5 PEND night hostA hostC,1441,hostd,0.9947
1495,user5 PEND night hostA hostC,1761,hostA UNKNOWN Ultra,0.9946
1495,user5 PEND night hostA hostC,1331,Executing hostname,0.9944
1495,user5 PEND night hostA hostC,1952,JobId,0.9943
1496,definition,1885,second definition,0.9986
1496,definition,853,Total virtual memory usage,0.9981
1496,definition,852,Total resident memory usage,0.9981
1496,definition,674,largest memory peak,0.9980
1496,definition,539,performance metrics,0.9979
1496,definition,2172,Many additional scenarios,0.9978
1496,definition,219,place upgrades,0.9978
1496,definition,1610,best advantage,0.9977
1496,definition,690,average memory peaks,0.9976
1496,definition,208,arbitrary text string,0.9976
1497,lsf.sudoers,241,MariaDB server settings,0.9955
1497,lsf.sudoers,1337,application source code,0.9951
1497,lsf.sudoers,1845,ident server,0.9951
1497,lsf.sudoers,502,production server,0.9951
1497,lsf.sudoers,1599,own ELIM,0.9950
1497,lsf.sudoers,1151,advanced workload execution mode,0.9949
1497,lsf.sudoers,1063,lsf.sudoers file,0.9949
1497,lsf.sudoers,1532,software application licenses,0.9949
1497,lsf.sudoers,1061,cshrc.lsf,0.9948
1497,lsf.sudoers,220,DB server packages,0.9948
1498,Configure LSF daemons,1866,second LSF daemon,0.9992
1498,Configure LSF daemons,1618,LSF server daemons,0.9986
1498,Configure LSF daemons,1452,d. Start LSF,0.9974
1498,Configure LSF daemons,1639,LSF LIM daemon,0.9970
1498,Configure LSF daemons,1123,LSF daemons lim,0.9970
1498,Configure LSF daemons,972,primary LSF administrator,0.9969
1498,Configure LSF daemons,1472,automatic LSF daemon startup,0.9958
1498,Configure LSF daemons,1024,LSF batch log files,0.9953
1498,Configure LSF daemons,1423,IBM Spectrum LSF Command Reference,0.9945
1498,Configure LSF daemons,1118,LSF Command Reference,0.9945
1499,LSF daemon startup control,1109,LSF batch configuration files,0.9970
1499,LSF daemon startup control,1989,busy bhosts displays LSF,0.9969
1499,LSF daemon startup control,1472,automatic LSF daemon startup,0.9962
1499,LSF daemon startup control,2019,old LSF batch configuration files,0.9956
1499,LSF daemon startup control,1866,second LSF daemon,0.9955
1499,LSF daemon startup control,2022,old LSF batch work files,0.9947
1499,LSF daemon startup control,1498,Configure LSF daemons,0.9944
1499,LSF daemon startup control,1050,Use LSF administration,0.9943
1499,LSF daemon startup control,1199,LSF batch system configuration files,0.9942
1499,LSF daemon startup control,1379,LSF installation script lsfinstall,0.9942
1500,setuid bit,1511,ID mode bit,0.9991
1500,setuid bit,1157,product entitlement version array,0.9985
1500,setuid bit,1943,token processing,0.9985
1500,setuid bit,1345,rename abc,0.9984
1500,setuid bit,208,arbitrary text string,0.9984
1500,setuid bit,69,better security,0.9984
1500,setuid bit,536,various graphs,0.9984
1500,setuid bit,538,exporter tool,0.9984
1500,setuid bit,1580,ELIM program,0.9983
1500,setuid bit,674,largest memory peak,0.9983
1501,root privileges,408,root,0.9974
1501,root privileges,917,server column,0.9974
1501,root privileges,944,Windows server machine,0.9969
1501,root privileges,1599,own ELIM,0.9969
1501,root privileges,988,own keywords,0.9969
1501,root privileges,604,privileges,0.9968
1501,root privileges,258,older SQL server versions,0.9968
1501,root privileges,438,Server version,0.9968
1501,root privileges,220,DB server packages,0.9968
1501,root privileges,502,production server,0.9967
1502,/etc,2022,old LSF batch work files,0.9955
1502,/etc,2019,old LSF batch configuration files,0.9951
1502,/etc,1420,install,0.9933
1502,/etc,1005,LSF batch workload system configuration files,0.9929
1502,/etc,990,LSF cluster configuration files,0.9927
1502,/etc,1199,LSF batch system configuration files,0.9915
1502,/etc,1263,LSF batch scheduling queues,0.9913
1502,/etc,277,DYNAMIC,0.9912
1502,/etc,970,lsb.queues,0.9908
1502,/etc,1499,LSF daemon startup control,0.9905
1504,LSF_STARTUP_PATH parameters,980,LSF_ENVDIR parameter,1.0000
1504,LSF_STARTUP_PATH parameters,1706,parameter LSF_MASTER_LIST,1.0000
1504,LSF_STARTUP_PATH parameters,1649,parameter LSF_SERVER_HOSTS,1.0000
1504,LSF_STARTUP_PATH parameters,761,REMOVE_HUNG_JOBS_FOR parameter,1.0000
1504,LSF_STARTUP_PATH parameters,1931,LSF_ROOT_REX parameter,1.0000
1504,LSF_STARTUP_PATH parameters,1634,LSF_MASTER_LIST parameter,1.0000
1504,LSF_STARTUP_PATH parameters,1046,LSF_LOGDIR parameter,1.0000
1504,LSF_STARTUP_PATH parameters,1967,LSF_LIM_API_NTRIES parameter,1.0000
1504,LSF_STARTUP_PATH parameters,1020,DEFAULT_APPLICATION parameter,1.0000
1504,LSF_STARTUP_PATH parameters,131,Parameters,1.0000
1505,sparc,968,cluster_name,0.9964
1505,sparc,1395,LSF distribution files,0.9962
1505,sparc,802,LSF scheduling policies,0.9961
1505,sparc,833,LSF binary files,0.9934
1505,sparc,723,LSF basic terms,0.9931
1505,sparc,1107,LSF configuration files,0.9924
1505,sparc,1519,LSF executable files,0.9914
1505,sparc,1422,IBM ® Spectrum LSF Configuration Reference,0.9902
1505,sparc,1418,# cd /usr,0.9899
1505,sparc,1167,current LSF version number,0.9890
1508,LSF_SERVERDIR directory,1289,home directory,1.0000
1508,LSF_SERVERDIR directory,945,Non-shared directories,1.0000
1508,LSF_SERVERDIR directory,1392,LSF_TOP directory,1.0000
1508,LSF_SERVERDIR directory,401,directories,1.0000
1508,LSF_SERVERDIR directory,1942,AFS directory,1.0000
1508,LSF_SERVERDIR directory,729,Important directories,0.9918
1508,LSF_SERVERDIR directory,957,directory structure,0.9916
1508,LSF_SERVERDIR directory,1712,directory message,0.9912
1508,LSF_SERVERDIR directory,1396,Linux system,0.9907
1508,LSF_SERVERDIR directory,926,UNIX systems,0.9907
1509,LSF server binary files,963,important LSF configuration files,0.9989
1509,LSF server binary files,1422,IBM ® Spectrum LSF Configuration Reference,0.9983
1509,LSF server binary files,1969,many times LSF,0.9977
1509,LSF server binary files,1062,Configure LSF startup,0.9975
1509,LSF server binary files,1376,other advanced LSF features,0.9974
1509,LSF server binary files,1473,automatic LSF startup,0.9971
1509,LSF server binary files,1989,busy bhosts displays LSF,0.9959
1509,LSF server binary files,1066,LSF external LIM,0.9959
1509,LSF server binary files,1050,Use LSF administration,0.9955
1509,LSF server binary files,1109,LSF batch configuration files,0.9953
1510,file permission mode -rw-------,1819,incorrect file permissions,0.9994
1510,file permission mode -rw-------,999,Keyword definition file,0.9991
1510,file permission mode -rw-------,6,simple text file,0.9989
1510,file permission mode -rw-------,2029,old EGO XML configuration files,0.9989
1510,file permission mode -rw-------,94,internal cache,0.9987
1510,file permission mode -rw-------,731,several configuration files,0.9986
1510,file permission mode -rw-------,1411,binary files,0.9985
1510,file permission mode -rw-------,2031,old EGO password file,0.9985
1510,file permission mode -rw-------,946,file space,0.9984
1510,file permission mode -rw-------,321,separate configuration file,0.9984
1511,ID mode bit,1153,EGO_DISABLE_UNRESOLVABLE_HOST mode,0.9992
1511,ID mode bit,1500,setuid bit,0.9991
1511,ID mode bit,1157,product entitlement version array,0.9988
1511,ID mode bit,208,arbitrary text string,0.9986
1511,ID mode bit,538,exporter tool,0.9986
1511,ID mode bit,1943,token processing,0.9986
1511,ID mode bit,1297,shell mode support,0.9985
1511,ID mode bit,94,internal cache,0.9985
1511,ID mode bit,1345,rename abc,0.9985
1511,ID mode bit,379,complete description,0.9984
1512,LSF administration commands,1118,LSF Command Reference,0.9995
1512,LSF administration commands,1423,IBM Spectrum LSF Command Reference,0.9995
1512,LSF administration commands,1201,LSF batch workload,0.9969
1512,LSF administration commands,1866,second LSF daemon,0.9955
1512,LSF administration commands,717,common LSF problems,0.9954
1512,LSF administration commands,1624,most LSF problems,0.9953
1512,LSF administration commands,1024,LSF batch log files,0.9949
1512,LSF administration commands,1498,Configure LSF daemons,0.9940
1512,LSF administration commands,1128,LSF batch system configuration,0.9940
1512,LSF administration commands,1404,LSF System Requirements,0.9939
1513,level installation directory,1355,local directory,0.9986
1513,level installation directory,1417,installation script directory,0.9985
1513,level installation directory,961,Microsoft Windows directory structure,0.9979
1513,level installation directory,950,Example directory structures,0.9976
1513,level installation directory,952,typical directory structures,0.9975
1513,level installation directory,2016,new directory structure changes,0.9970
1513,level installation directory,1544,examples directory,0.9968
1513,level installation directory,1713,current working directory,0.9966
1513,level installation directory,1515,system PATH,0.9966
1513,level installation directory,957,directory structure,0.9965
1514,hostsetup,187,Slurm JobComp Configuration,0.9971
1514,hostsetup,621,typical execute line,0.9970
1514,hostsetup,232,slurm build,0.9966
1514,hostsetup,628,following execute line,0.9965
1514,hostsetup,497,site,0.9965
1514,hostsetup,375,SlurmDBD Configuration,0.9964
1514,hostsetup,1477,Configuration Reference,0.9962
1514,hostsetup,386,Slurm components,0.9961
1514,hostsetup,1,Slurm,0.9961
1514,hostsetup,76,Slurm SQL,0.9961
1515,system PATH,827,operating system,0.9992
1515,system PATH,481,system utilization,0.9992
1515,system PATH,412,larger systems,0.9988
1515,system PATH,1469,system startup,0.9985
1515,system PATH,1708,system environment,0.9976
1515,system PATH,1355,local directory,0.9973
1515,system PATH,1756,lsbatch system,0.9971
1515,system PATH,1202,system configuration,0.9970
1515,system PATH,1025,Batch events,0.9970
1515,system PATH,1993,system call,0.9966
1516,relative path,1518,full path,0.9991
1516,relative path,1928,operation permission,0.9986
1516,relative path,1564,RESOURCENAME LOCATION,0.9985
1516,relative path,1824,swap space,0.9983
1516,relative path,185,network page,0.9982
1516,relative path,1717,automount maps,0.9982
1516,relative path,1100,few minutes,0.9982
1516,relative path,974,paths,0.9981
1516,relative path,518,few tools,0.9980
1516,relative path,1364,appropriate libraries,0.9979
1517,install directory,982,/etc directory,0.9986
1517,install directory,975,configuration directories,0.9936
1517,install directory,1756,lsbatch system,0.9930
1517,install directory,1713,current working directory,0.9913
1517,install directory,1993,system call,0.9908
1517,install directory,729,Important directories,0.9905
1517,install directory,1195,LSF batch system configuration parameters,0.9898
1517,install directory,2034,old EGO work directory,0.9897
1517,install directory,961,Microsoft Windows directory structure,0.9893
1517,install directory,966,lsf.cluster.cluster_name,0.9892
1518,full path,1516,relative path,0.9991
1518,full path,1564,RESOURCENAME LOCATION,0.9988
1518,full path,632,most cases,0.9986
1518,full path,1100,few minutes,0.9986
1518,full path,1717,automount maps,0.9986
1518,full path,1364,appropriate libraries,0.9985
1518,full path,518,few tools,0.9984
1518,full path,1584,following example ELIM program,0.9984
1518,full path,1581,executable program,0.9984
1518,full path,2000,current fix pack level,0.9984
1519,LSF executable files,833,LSF binary files,0.9996
1519,LSF executable files,1107,LSF configuration files,0.9993
1519,LSF executable files,723,LSF basic terms,0.9974
1519,LSF executable files,1094,LSF operating environment,0.9970
1519,LSF executable files,1969,many times LSF,0.9969
1519,LSF executable files,802,LSF scheduling policies,0.9965
1519,LSF executable files,1473,automatic LSF startup,0.9964
1519,LSF executable files,1066,LSF external LIM,0.9963
1519,LSF executable files,1659,LSF client LIM,0.9963
1519,LSF executable files,1062,Configure LSF startup,0.9960
1520,egosh,1100,few minutes,0.9985
1520,egosh,518,few tools,0.9983
1520,egosh,1770,automatic detection,0.9981
1520,egosh,1364,appropriate libraries,0.9981
1520,egosh,93,unexpected results,0.9979
1520,egosh,1717,automount maps,0.9979
1520,egosh,1518,full path,0.9979
1520,egosh,632,most cases,0.9979
1520,egosh,1928,operation permission,0.9978
1520,egosh,1824,swap space,0.9978
1525,# lsfrestart,1592,LICS #,0.9962
1525,# lsfrestart,1096,# bctrld,0.9951
1525,# lsfrestart,1631,# bctrld restart,0.9860
1525,# lsfrestart,1499,LSF daemon startup control,0.9854
1525,# lsfrestart,2019,old LSF batch configuration files,0.9839
1525,# lsfrestart,1805,MODELNAME CPUFACTOR ARCHITECTURE # keyword,0.9827
1525,# lsfrestart,1989,busy bhosts displays LSF,0.9827
1525,# lsfrestart,2022,old LSF batch work files,0.9824
1525,# lsfrestart,1155,lim -C,0.9823
1525,# lsfrestart,1420,install,0.9818
1526,main types,1779,type detection,0.9993
1526,main types,704,various types,0.9988
1526,main types,1758,type UNKNOWN,0.9988
1526,main types,1430,type columns,0.9987
1526,main types,1147,binary type,0.9986
1526,main types,20,distinct plugin types,0.9957
1526,main types,1769,specific model,0.9947
1526,main types,1545,RESOURCENAME TYPE INTERVAL,0.9945
1526,main types,1757,Unknown host type,0.9925
1526,main types,1553,TYPE parameter,0.9921
1527,software,1367,software products,0.9980
1527,software,1064,software licenses,0.9976
1527,software,1588,license.dat -f license,0.9971
1527,software,1602,swp mem license1 license,0.9967
1527,software,1350,Manage software licenses,0.9964
1527,software,2013,c. Migrate,0.9959
1527,software,1609,license1 myjob,0.9955
1527,software,1088,tcsh shell,0.9955
1527,software,1429,b. Edit,0.9954
1527,software,1596,lic utility,0.9954
1528,host selection,1633,first few hosts,0.9964
1528,host selection,885,host load conditions,0.9963
1528,host selection,1753,Host hostname,0.9956
1528,host selection,175,Storage Backup Host,0.9954
1528,host selection,844,individual hosts,0.9953
1528,host selection,1458,different default management host,0.9941
1528,host selection,1785,Host Architecture,0.9939
1528,host selection,1270,current local host,0.9938
1528,host selection,1963,server host list,0.9937
1528,host selection,1457,current default management host,0.9937
1529,interactive job execution,1311,own jobs,0.9987
1529,interactive job execution,1259,most jobs,0.9986
1529,interactive job execution,842,job requirements,0.9977
1529,interactive job execution,939,job output,0.9975
1529,interactive job execution,843,schedule jobs,0.9973
1529,interactive job execution,199,job completion data,0.9973
1529,interactive job execution,892,job submission,0.9972
1529,interactive job execution,1285,job report,0.9971
1529,interactive job execution,806,interactive job,0.9970
1529,interactive job execution,25,detailed job,0.9969
1530,dynamic resources,1549,license1 resource,0.9977
1530,dynamic resources,1551,license2 resource,0.9976
1530,dynamic resources,1535,critical resources,0.9972
1530,dynamic resources,1315,necessary resources,0.9971
1530,dynamic resources,1552,End Resource,0.9971
1530,dynamic resources,1566,resource map,0.9969
1530,dynamic resources,2188,resource fragmentation,0.9968
1530,dynamic resources,869,Static resources,0.9968
1530,dynamic resources,896,resource consumers,0.9966
1530,dynamic resources,846,resource availability,0.9965
1531,common application,1260,executable applications,0.9975
1531,common application,1985,system call times,0.9969
1531,common application,927,Network File System,0.9967
1531,common application,1446,e. Reconfigure mbatchd,0.9965
1531,common application,393,system build time,0.9965
1531,common application,2034,old EGO work directory,0.9964
1531,common application,1017,Application profiles,0.9963
1531,common application,800,application,0.9963
1531,common application,1018,common parameters,0.9963
1531,common application,1035,Remote execution server,0.9963
1532,software application licenses,1350,Manage software licenses,0.9986
1532,software application licenses,1585,FLEXlm license server,0.9985
1532,software application licenses,1533,application licenses,0.9984
1532,software application licenses,1064,software licenses,0.9977
1532,software application licenses,1337,application source code,0.9971
1532,software application licenses,1238,license,0.9970
1532,software application licenses,1374,license maximization,0.9970
1532,software application licenses,220,DB server packages,0.9969
1532,software application licenses,917,server column,0.9968
1532,software application licenses,1368,other software application vendors,0.9968
1533,application licenses,1585,FLEXlm license server,0.9985
1533,application licenses,1532,software application licenses,0.9984
1533,application licenses,1368,other software application vendors,0.9976
1533,application licenses,1260,executable applications,0.9972
1533,application licenses,1035,Remote execution server,0.9963
1533,application licenses,1019,execution requirements,0.9961
1533,application licenses,495,Archive Server,0.9960
1533,application licenses,1375,parallel execution,0.9958
1533,application licenses,1938,execution permission,0.9957
1533,application licenses,502,production server,0.9955
1534,optimal use,1780,efficient use,1.0000
1534,optimal use,77,database use,0.9952
1534,optimal use,1134,available queues,0.9898
1534,optimal use,36,job name,0.9897
1534,optimal use,598,regular uses,0.9896
1534,optimal use,1486,other queues,0.9894
1534,optimal use,182,same database,0.9892
1534,optimal use,183,same users,0.9883
1534,optimal use,623,change,0.9874
1534,optimal use,119,same person,0.9874
1535,critical resources,869,Static resources,0.9993
1535,critical resources,2188,resource fragmentation,0.9991
1535,critical resources,896,resource consumers,0.9990
1535,critical resources,1315,necessary resources,0.9990
1535,critical resources,846,resource availability,0.9989
1535,critical resources,2113,resource sharing,0.9986
1535,critical resources,1434,mem RESOURCES REXPRI,0.9985
1535,critical resources,1549,license1 resource,0.9982
1535,critical resources,1001,specific resources,0.9979
1535,critical resources,10,resource usage,0.9978
1536,Resource section,1893,section resource,1.0000
1536,Resource section,1552,End Resource,0.9934
1536,Resource section,21,resource accounting,0.9933
1536,Resource section,815,resource requirements,0.9933
1536,Resource section,1566,resource map,0.9928
1536,Resource section,1611,external resources,0.9919
1536,Resource section,1595,resource names,0.9919
1536,Resource section,871,Most static resources,0.9913
1536,Resource section,1558,license resources,0.9910
1536,Resource section,1556,resources license,0.9910
1537,lsf.shared file,2003,work files,0.9985
1537,lsf.shared file,1086,shell environment files,0.9985
1537,lsf.shared file,964,important files,0.9983
1537,lsf.shared file,1688,application binary files,0.9982
1537,lsf.shared file,947,copy result files,0.9981
1537,lsf.shared file,1093,files cshrc.lsf,0.9980
1537,lsf.shared file,1389,cshrc.lsf file,0.9980
1537,lsf.shared file,319,Several Slurm configuration parameters,0.9976
1537,lsf.shared file,22,Slurm configuration parameters,0.9976
1537,lsf.shared file,2009,old lsf.conf file,0.9976
1538,external load indexes,1576,first external load index,0.9997
1538,external load indexes,1578,second external load index,0.9996
1538,external load indexes,1577,first load index,0.9994
1538,external load indexes,1579,second load index,0.9992
1538,external load indexes,858,Load indices,0.9992
1538,external load indexes,1186,marks load indexes,0.9992
1538,external load indexes,884,specific load index,0.9991
1538,external load indexes,862,External load,0.9987
1538,external load indexes,899,load index values,0.9986
1538,external load indexes,1826,program load,0.9983
1539,LSF updates,1861,Read LSF Guide,0.9995
1539,LSF updates,1863,LSF services,0.9995
1539,LSF updates,918,LSF client,0.9994
1539,LSF updates,1162,IBM Spectrum LSF Standard Edition,0.9994
1539,LSF updates,1067,LSF administration,0.9991
1539,LSF updates,785,LSF schedules,0.9991
1539,LSF updates,730,LSF configuration,0.9989
1539,LSF updates,1612,Administering IBM ® Spectrum LSF,0.9989
1539,LSF updates,1401,LSF releases,0.9989
1539,LSF updates,721,LSF terms,0.9986
1540,indexes,1577,first load index,0.9963
1540,indexes,292,index leaf page,0.9962
1540,indexes,858,Load indices,0.9960
1540,indexes,1186,marks load indexes,0.9960
1540,indexes,884,specific load index,0.9959
1540,indexes,1579,second load index,0.9954
1540,indexes,1576,first external load index,0.9952
1540,indexes,1538,external load indexes,0.9950
1540,indexes,1578,second external load index,0.9946
1540,indexes,899,load index values,0.9928
1541,binary program,1356,Wrapper binary programs,0.9998
1541,binary program,1362,Binary code,0.9994
1541,binary program,1357,wrapper binary,0.9994
1541,binary program,867,program,0.9994
1541,binary program,1966,binary upgrade,0.9993
1541,binary program,875,binary architecture,0.9992
1541,binary program,1336,Wrapper binary executables,0.9992
1541,binary program,1773,binary incompatibility,0.9992
1541,binary program,1580,ELIM program,0.9989
1541,binary program,1581,executable program,0.9988
1544,examples directory,950,Example directory structures,0.9990
1544,examples directory,1355,local directory,0.9979
1544,examples directory,952,typical directory structures,0.9970
1544,examples directory,961,Microsoft Windows directory structure,0.9969
1544,examples directory,1513,level installation directory,0.9968
1544,examples directory,957,directory structure,0.9967
1544,examples directory,2016,new directory structure changes,0.9956
1544,examples directory,1417,installation script directory,0.9955
1544,examples directory,729,Important directories,0.9955
1544,examples directory,1713,current working directory,0.9945
1545,RESOURCENAME TYPE INTERVAL,20,distinct plugin types,0.9988
1545,RESOURCENAME TYPE INTERVAL,1769,specific model,0.9976
1545,RESOURCENAME TYPE INTERVAL,1433,HOSTNAME model type server r,0.9972
1545,RESOURCENAME TYPE INTERVAL,1430,type columns,0.9970
1545,RESOURCENAME TYPE INTERVAL,704,various types,0.9969
1545,RESOURCENAME TYPE INTERVAL,1758,type UNKNOWN,0.9965
1545,RESOURCENAME TYPE INTERVAL,1147,binary type,0.9965
1545,RESOURCENAME TYPE INTERVAL,830,same computer architecture,0.9956
1545,RESOURCENAME TYPE INTERVAL,1820,Incorrect path names,0.9949
1545,RESOURCENAME TYPE INTERVAL,1455,dynamic host configuration,0.9948
1546,RELEASE DESCRIPTION # Keywords,1805,MODELNAME CPUFACTOR ARCHITECTURE # keyword,0.9996
1546,RELEASE DESCRIPTION # Keywords,1765,egosh ego,0.9977
1546,RELEASE DESCRIPTION # Keywords,1036,res,0.9976
1546,RELEASE DESCRIPTION # Keywords,722,concepts,0.9974
1546,RELEASE DESCRIPTION # Keywords,1363,source code,0.9973
1546,RELEASE DESCRIPTION # Keywords,1429,b. Edit,0.9973
1546,RELEASE DESCRIPTION # Keywords,558,terms,0.9971
1546,RELEASE DESCRIPTION # Keywords,1152,3.6.0 Master LIM,0.9970
1546,RELEASE DESCRIPTION # Keywords,1367,software products,0.9970
1546,RELEASE DESCRIPTION # Keywords,94,internal cache,0.9968
1547,license1 Numeric,1609,license1 myjob,0.9990
1547,license1 Numeric,1550,license2 Numeric,0.9973
1547,license1 Numeric,1179,ut pg ls,0.9968
1547,license1 Numeric,1602,swp mem license1 license,0.9968
1547,license1 Numeric,1178,status r15s r1 m,0.9967
1547,license1 Numeric,1247,ut pg io ls,0.9966
1547,license1 Numeric,2176,cons_tres plugin,0.9963
1547,license1 Numeric,2026,EGO consumer tree,0.9962
1547,license1 Numeric,1596,lic utility,0.9961
1547,license1 Numeric,1091,ksh,0.9960
1548,N Y,1946,jobfile,0.9956
1548,N Y,1027,logdir,0.9955
1548,N Y,427,info,0.9927
1548,N Y,1945,logJobInfo _,0.9925
1548,N Y,1309,user1 USUSP normal hosta hostb,0.9924
1548,N Y,1316,r--,0.9921
1548,N Y,2088,salloc,0.9913
1548,N Y,1167,current LSF version number,0.9906
1548,N Y,2054,SelectType,0.9891
1548,N Y,1002,usr,0.9889
1549,license1 resource,1551,license2 resource,0.9994
1549,license1 resource,2113,resource sharing,0.9988
1549,license1 resource,2188,resource fragmentation,0.9986
1549,license1 resource,1434,mem RESOURCES REXPRI,0.9985
1549,license1 resource,896,resource consumers,0.9985
1549,license1 resource,846,resource availability,0.9984
1549,license1 resource,869,Static resources,0.9984
1549,license1 resource,1535,critical resources,0.9982
1549,license1 resource,1530,dynamic resources,0.9977
1549,license1 resource,1315,necessary resources,0.9977
1550,license2 Numeric,1246,r1 m,0.9977
1550,license2 Numeric,1178,status r15s r1 m,0.9977
1550,license2 Numeric,1547,license1 Numeric,0.9973
1550,license2 Numeric,1609,license1 myjob,0.9972
1550,license2 Numeric,1013,lsbatch,0.9969
1550,license2 Numeric,1421,c. Edit,0.9968
1550,license2 Numeric,1829,tcp,0.9968
1550,license2 Numeric,1291,errors.%J ls -l,0.9967
1550,license2 Numeric,1179,ut pg ls,0.9966
1550,license2 Numeric,1247,ut pg io ls,0.9965
1551,license2 resource,1549,license1 resource,0.9994
1551,license2 resource,2113,resource sharing,0.9983
1551,license2 resource,1434,mem RESOURCES REXPRI,0.9983
1551,license2 resource,2188,resource fragmentation,0.9980
1551,license2 resource,846,resource availability,0.9978
1551,license2 resource,869,Static resources,0.9978
1551,license2 resource,896,resource consumers,0.9978
1551,license2 resource,1535,critical resources,0.9976
1551,license2 resource,1530,dynamic resources,0.9976
1551,license2 resource,1315,necessary resources,0.9970
1552,End Resource,1566,resource map,0.9991
1552,End Resource,815,resource requirements,0.9988
1552,End Resource,2027,EGO resource group,0.9987
1552,End Resource,10,resource usage,0.9986
1552,End Resource,846,resource availability,0.9986
1552,End Resource,1315,necessary resources,0.9984
1552,End Resource,896,resource consumers,0.9984
1552,End Resource,1611,external resources,0.9984
1552,End Resource,1001,specific resources,0.9982
1552,End Resource,2188,resource fragmentation,0.9981
1553,TYPE parameter,1757,Unknown host type,0.9953
1553,TYPE parameter,1272,appropriate host type,0.9950
1553,TYPE parameter,1778,automatic host model,0.9943
1553,TYPE parameter,1889,many host models,0.9942
1553,TYPE parameter,1801,host model list,0.9939
1553,TYPE parameter,1962,management host list,0.9938
1553,TYPE parameter,1437,End Host,0.9935
1553,TYPE parameter,1963,server host list,0.9934
1553,TYPE parameter,873,appropriate hosts,0.9932
1553,TYPE parameter,1270,current local host,0.9932
1555,INTERVAL parameter specifies,2071,Several parameters,0.9993
1555,INTERVAL parameter specifies,1568,RESOURCENAME parameter,0.9992
1555,INTERVAL parameter specifies,394,AccountingStoragePort parameter,0.9989
1555,INTERVAL parameter specifies,1690,LSF_AUTH parameter,0.9988
1555,INTERVAL parameter specifies,1245,SCHEDULING PARAMETERS,0.9986
1555,INTERVAL parameter specifies,324,configuration parameters,0.9983
1555,INTERVAL parameter specifies,2066,additional parameters,0.9981
1555,INTERVAL parameter specifies,1567,LOCATION parameter,0.9981
1555,INTERVAL parameter specifies,193,important parameters,0.9972
1555,INTERVAL parameter specifies,1018,common parameters,0.9970
1556,resources license,1558,license resources,1.0000
1556,resources license,1315,necessary resources,0.9981
1556,resources license,1566,resource map,0.9980
1556,resources license,869,Static resources,0.9978
1556,resources license,1535,critical resources,0.9977
1556,resources license,815,resource requirements,0.9977
1556,resources license,896,resource consumers,0.9974
1556,resources license,10,resource usage,0.9973
1556,resources license,846,resource availability,0.9972
1556,resources license,1552,End Resource,0.9969
1557,INCREASING column,310,columns,1.0000
1557,INCREASING column,1305,STAT column,1.0000
1557,INCREASING column,1560,RELEASE column,0.9993
1557,INCREASING column,775,individual computer,0.9984
1557,INCREASING column,875,binary architecture,0.9982
1557,INCREASING column,1356,Wrapper binary programs,0.9981
1557,INCREASING column,674,largest memory peak,0.9981
1557,INCREASING column,1610,best advantage,0.9981
1557,INCREASING column,1773,binary incompatibility,0.9980
1557,INCREASING column,1966,binary upgrade,0.9980
1558,license resources,1556,resources license,1.0000
1558,license resources,1315,necessary resources,0.9981
1558,license resources,1566,resource map,0.9980
1558,license resources,869,Static resources,0.9978
1558,license resources,1535,critical resources,0.9977
1558,license resources,815,resource requirements,0.9977
1558,license resources,896,resource consumers,0.9974
1558,license resources,10,resource usage,0.9973
1558,license resources,846,resource availability,0.9972
1558,license resources,1552,End Resource,0.9969
1559,more licenses,1828,more swap space,0.9968
1559,more licenses,160,more details,0.9965
1559,more licenses,1043,process information manager,0.9963
1559,more licenses,1034,Load information manager,0.9946
1559,more licenses,1368,other software application vendors,0.9946
1559,more licenses,1533,application licenses,0.9944
1559,more licenses,1211,other details,0.9942
1559,more licenses,865,External Load Information Manager,0.9941
1559,more licenses,1827,available swap space,0.9941
1559,more licenses,1461,other references,0.9941
1560,RELEASE column,310,columns,0.9993
1560,RELEASE column,1305,STAT column,0.9993
1560,RELEASE column,1557,INCREASING column,0.9993
1560,RELEASE column,775,individual computer,0.9987
1560,RELEASE column,674,largest memory peak,0.9987
1560,RELEASE column,1356,Wrapper binary programs,0.9987
1560,RELEASE column,875,binary architecture,0.9987
1560,RELEASE column,55,similar tool,0.9987
1560,RELEASE column,1370,closer integration,0.9986
1560,RELEASE column,1157,product entitlement version array,0.9986
1561,ResourceMap section,1794,HostType section,1.0000
1561,ResourceMap section,1799,HostModel section,1.0000
1561,ResourceMap section,1115,section,1.0000
1561,ResourceMap section,1873,section section,1.0000
1561,ResourceMap section,912,ClusterAdmins section,1.0000
1561,ResourceMap section,1750,HostPartition sections,1.0000
1561,ResourceMap section,1872,unrecognized section name,0.9934
1561,ResourceMap section,1869,Section name,0.9920
1561,ResourceMap section,322,separate section,0.9916
1561,ResourceMap section,1870,Invalid section name name,0.9899
1562,mapping,1609,license1 myjob,0.9967
1562,mapping,2013,c. Migrate,0.9965
1562,mapping,1363,source code,0.9965
1562,mapping,2026,EGO consumer tree,0.9965
1562,mapping,1429,b. Edit,0.9963
1562,mapping,1596,lic utility,0.9961
1562,mapping,1393,source,0.9960
1562,mapping,397,qualified pathname,0.9960
1562,mapping,51,pathname,0.9960
1562,mapping,359,MUNGE authentication,0.9960
1564,RESOURCENAME LOCATION,1518,full path,0.9988
1564,RESOURCENAME LOCATION,258,older SQL server versions,0.9987
1564,RESOURCENAME LOCATION,917,server column,0.9985
1564,RESOURCENAME LOCATION,1516,relative path,0.9985
1564,RESOURCENAME LOCATION,1100,few minutes,0.9984
1564,RESOURCENAME LOCATION,1717,automount maps,0.9984
1564,RESOURCENAME LOCATION,988,own keywords,0.9984
1564,RESOURCENAME LOCATION,944,Windows server machine,0.9984
1564,RESOURCENAME LOCATION,1382,references,0.9984
1564,RESOURCENAME LOCATION,1824,swap space,0.9983
1565,End ResourceMap,1806,End HostModel,1.0000
1565,End ResourceMap,1798,End HostType,1.0000
1565,End ResourceMap,1518,full path,0.9974
1565,End ResourceMap,1564,RESOURCENAME LOCATION,0.9972
1565,End ResourceMap,1516,relative path,0.9972
1565,End ResourceMap,1477,Configuration Reference,0.9971
1565,End ResourceMap,621,typical execute line,0.9969
1565,End ResourceMap,497,site,0.9968
1565,End ResourceMap,1877,Ignore,0.9968
1565,End ResourceMap,2015,correct configuration path values,0.9967
1566,resource map,815,resource requirements,0.9993
1566,resource map,1552,End Resource,0.9991
1566,resource map,1611,external resources,0.9990
1566,resource map,10,resource usage,0.9989
1566,resource map,2027,EGO resource group,0.9988
1566,resource map,1315,necessary resources,0.9988
1566,resource map,896,resource consumers,0.9986
1566,resource map,871,Most static resources,0.9985
1566,resource map,846,resource availability,0.9985
1566,resource map,1001,specific resources,0.9984
1567,LOCATION parameter,193,important parameters,0.9989
1567,LOCATION parameter,394,AccountingStoragePort parameter,0.9985
1567,LOCATION parameter,2071,Several parameters,0.9985
1567,LOCATION parameter,1555,INTERVAL parameter specifies,0.9981
1567,LOCATION parameter,2010,new lsf.conf file,0.9978
1567,LOCATION parameter,1245,SCHEDULING PARAMETERS,0.9976
1567,LOCATION parameter,1018,common parameters,0.9969
1567,LOCATION parameter,1568,RESOURCENAME parameter,0.9968
1567,LOCATION parameter,1504,LSF_STARTUP_PATH parameters,0.9966
1567,LOCATION parameter,761,REMOVE_HUNG_JOBS_FOR parameter,0.9966
1568,RESOURCENAME parameter,1690,LSF_AUTH parameter,0.9992
1568,RESOURCENAME parameter,1555,INTERVAL parameter specifies,0.9992
1568,RESOURCENAME parameter,2071,Several parameters,0.9989
1568,RESOURCENAME parameter,2066,additional parameters,0.9987
1568,RESOURCENAME parameter,394,AccountingStoragePort parameter,0.9985
1568,RESOURCENAME parameter,324,configuration parameters,0.9984
1568,RESOURCENAME parameter,1245,SCHEDULING PARAMETERS,0.9983
1568,RESOURCENAME parameter,22,Slurm configuration parameters,0.9974
1568,RESOURCENAME parameter,319,Several Slurm configuration parameters,0.9972
1568,RESOURCENAME parameter,2009,old lsf.conf file,0.9972
1569,different hosts,460,local host,0.9993
1569,different hosts,811,best host,0.9991
1569,different hosts,1766,multiple hosts,0.9990
1569,different hosts,873,appropriate hosts,0.9990
1569,different hosts,948,submission host,0.9989
1569,different hosts,812,candidate hosts,0.9989
1569,different hosts,915,first host,0.9987
1569,different hosts,1751,HOSTS definition,0.9987
1569,different hosts,1785,Host Architecture,0.9985
1569,different hosts,1328,remote hosts,0.9985
1570,different ELIM,591,different points,0.9994
1570,different ELIM,687,different meanings,0.9992
1570,different ELIM,179,different machine,0.9988
1570,different ELIM,2125,different subsets,0.9985
1570,different ELIM,150,different configurations,0.9985
1570,different ELIM,135,best way,0.9984
1570,different ELIM,151,different keys,0.9983
1570,different ELIM,1584,following example ELIM program,0.9983
1570,different ELIM,1364,appropriate libraries,0.9982
1570,different ELIM,18,reports,0.9982
1571,count,1367,software products,0.9973
1571,count,536,various graphs,0.9973
1571,count,1937,RES binary,0.9971
1571,count,1363,source code,0.9970
1571,count,1511,ID mode bit,0.9970
1571,count,1088,tcsh shell,0.9970
1571,count,1943,token processing,0.9970
1571,count,1343,simple interface,0.9970
1571,count,359,MUNGE authentication,0.9969
1571,count,232,slurm build,0.9969
1572,available resources,21,resource accounting,0.9958
1572,available resources,1065,other shared resources,0.9952
1572,available resources,847,resource limits,0.9945
1572,available resources,615,Resource Limits document,0.9937
1572,available resources,1250,Resource usage limits,0.9932
1572,available resources,815,resource requirements,0.9926
1572,available resources,1965,new resources,0.9924
1572,available resources,612,Resource Limits web page,0.9924
1572,available resources,2060,consumable resource type,0.9919
1572,available resources,856,level resource usage,0.9917
1573,following format,622,following form,0.9987
1573,following format,2031,old EGO password file,0.9980
1573,following format,1584,following example ELIM program,0.9979
1573,following format,1928,operation permission,0.9978
1573,following format,1477,Configuration Reference,0.9977
1573,following format,72,such services,0.9977
1573,following format,1100,few minutes,0.9976
1573,following format,185,network page,0.9975
1573,following format,2006,configuration file paths,0.9975
1573,following format,2161,readable format,0.9975
1576,first external load index,1538,external load indexes,0.9997
1576,first external load index,1578,second external load index,0.9997
1576,first external load index,1577,first load index,0.9996
1576,first external load index,884,specific load index,0.9993
1576,first external load index,1579,second load index,0.9993
1576,first external load index,1186,marks load indexes,0.9986
1576,first external load index,858,Load indices,0.9986
1576,first external load index,1826,program load,0.9984
1576,first external load index,862,External load,0.9983
1576,first external load index,292,index leaf page,0.9981
1577,first load index,884,specific load index,0.9997
1577,first load index,1576,first external load index,0.9996
1577,first load index,1579,second load index,0.9995
1577,first load index,1538,external load indexes,0.9994
1577,first load index,1186,marks load indexes,0.9993
1577,first load index,858,Load indices,0.9993
1577,first load index,1578,second external load index,0.9993
1577,first load index,899,load index values,0.9980
1577,first load index,1826,program load,0.9978
1577,first load index,12,load imbalance,0.9977
1578,second external load index,1576,first external load index,0.9997
1578,second external load index,1579,second load index,0.9997
1578,second external load index,1538,external load indexes,0.9996
1578,second external load index,884,specific load index,0.9993
1578,second external load index,1577,first load index,0.9993
1578,second external load index,1826,program load,0.9986
1578,second external load index,858,Load indices,0.9984
1578,second external load index,1186,marks load indexes,0.9984
1578,second external load index,880,loadStop load threshold,0.9983
1578,second external load index,862,External load,0.9983
1579,second load index,1578,second external load index,0.9997
1579,second load index,884,specific load index,0.9996
1579,second load index,1577,first load index,0.9995
1579,second load index,1576,first external load index,0.9993
1579,second load index,1538,external load indexes,0.9992
1579,second load index,858,Load indices,0.9990
1579,second load index,1186,marks load indexes,0.9990
1579,second load index,899,load index values,0.9982
1579,second load index,1826,program load,0.9981
1579,second load index,880,loadStop load threshold,0.9980
1580,ELIM program,867,program,0.9993
1580,ELIM program,866,ELIM,0.9992
1580,ELIM program,1581,executable program,0.9992
1580,ELIM program,1356,Wrapper binary programs,0.9991
1580,ELIM program,1541,binary program,0.9989
1580,ELIM program,69,better security,0.9989
1580,ELIM program,208,arbitrary text string,0.9989
1580,ELIM program,1336,Wrapper binary executables,0.9988
1580,ELIM program,55,similar tool,0.9988
1580,ELIM program,1157,product entitlement version array,0.9987
1581,executable program,1336,Wrapper binary executables,0.9992
1581,executable program,867,program,0.9992
1581,executable program,1580,ELIM program,0.9992
1581,executable program,1356,Wrapper binary programs,0.9989
1581,executable program,518,few tools,0.9988
1581,executable program,55,similar tool,0.9988
1581,executable program,1541,binary program,0.9988
1581,executable program,1100,few minutes,0.9988
1581,executable program,69,better security,0.9987
1581,executable program,136,security,0.9987
1582,same host,1800,new host model,0.9974
1582,same host,1700,Windows hosts,0.9970
1582,same host,1103,management host,0.9970
1582,same host,1412,new host type,0.9967
1582,same host,178,backup host,0.9967
1582,same host,1380,new hosts,0.9965
1582,same host,1464,other host,0.9964
1582,same host,754,execution host,0.9962
1582,same host,1191,hosts time,0.9960
1582,same host,823,host models,0.9958
1583,quantifiable resource,810,resources,1.0000
1583,quantifiable resource,845,configured resources,1.0000
1583,quantifiable resource,859,non-shared resources,1.0000
1583,quantifiable resource,650,Trackable Resources,1.0000
1583,quantifiable resource,1535,critical resources,0.9946
1583,quantifiable resource,1315,necessary resources,0.9934
1583,quantifiable resource,869,Static resources,0.9933
1583,quantifiable resource,2188,resource fragmentation,0.9926
1583,quantifiable resource,896,resource consumers,0.9925
1583,quantifiable resource,1558,license resources,0.9924
1584,following example ELIM program,2000,current fix pack level,0.9985
1584,following example ELIM program,1984,connect,0.9985
1584,following example ELIM program,1518,full path,0.9984
1584,following example ELIM program,632,most cases,0.9984
1584,following example ELIM program,574,similar syntax,0.9983
1584,following example ELIM program,1364,appropriate libraries,0.9983
1584,following example ELIM program,1570,different ELIM,0.9983
1584,following example ELIM program,2015,correct configuration path values,0.9982
1584,following example ELIM program,1581,executable program,0.9982
1584,following example ELIM program,1714,current working,0.9982
1585,FLEXlm license server,1532,software application licenses,0.9985
1585,FLEXlm license server,1533,application licenses,0.9985
1585,FLEXlm license server,241,MariaDB server settings,0.9974
1585,FLEXlm license server,220,DB server packages,0.9974
1585,FLEXlm license server,502,production server,0.9974
1585,FLEXlm license server,917,server column,0.9972
1585,FLEXlm license server,438,Server version,0.9971
1585,FLEXlm license server,1845,ident server,0.9971
1585,FLEXlm license server,495,Archive Server,0.9966
1585,FLEXlm license server,1374,license maximization,0.9965
1586,# number,1216,Total number,0.9919
1586,# number,391,port number,0.9906
1586,# number,1888,valid number,0.9903
1586,# number,1213,Maximum number,0.9899
1586,# number,1788,Total Cores,0.9899
1586,# number,1915,index number,0.9898
1586,# number,2098,minimum number,0.9886
1586,# number,647,srun -n,0.9832
1586,# number,2056,individual sockets,0.9831
1586,# number,1332,hostb,0.9818
1587,lic,1596,lic utility,0.9975
1587,lic,1421,c. Edit,0.9971
1587,lic,1178,status r15s r1 m,0.9966
1587,lic,1246,r1 m,0.9966
1587,lic,1179,ut pg ls,0.9963
1587,lic,1247,ut pg io ls,0.9963
1587,lic,235,mysql_config,0.9960
1587,lic,1013,lsbatch,0.9959
1587,lic,1550,license2 Numeric,0.9958
1587,lic,1291,errors.%J ls -l,0.9958
1588,license.dat -f license,1064,software licenses,0.9984
1588,license.dat -f license,1602,swp mem license1 license,0.9983
1588,license.dat -f license,1353,license availability,0.9979
1588,license.dat -f license,1350,Manage software licenses,0.9973
1588,license.dat -f license,1527,software,0.9971
1588,license.dat -f license,1367,software products,0.9968
1588,license.dat -f license,2013,c. Migrate,0.9961
1588,license.dat -f license,1429,b. Edit,0.9957
1588,license.dat -f license,1596,lic utility,0.9955
1588,license.dat -f license,599,PrivateData flag,0.9954
1589,TMPLICS |,456,| | | | | |,1.0000
1589,TMPLICS |,264,| innodb_buffer_pool_size |,0.9961
1589,TMPLICS |,263,| Value |,0.9858
1589,TMPLICS |,458,foreign keys |,0.9683
1589,TMPLICS |,2082,CR_Socket,0.8035
1589,TMPLICS |,242,innodb_buffer_pool_size,0.7692
1589,TMPLICS |,294,innodb_default_row_format,0.7676
1589,TMPLICS |,265,row,0.7661
1589,TMPLICS |,2083,CR_Socket_Memory,0.7565
1589,TMPLICS |,2205,YES option,0.7506
1592,LICS #,1525,# lsfrestart,0.9962
1592,LICS #,1096,# bctrld,0.9944
1592,LICS #,1805,MODELNAME CPUFACTOR ARCHITECTURE # keyword,0.9928
1592,LICS #,1546,RELEASE DESCRIPTION # Keywords,0.9921
1592,LICS #,1291,errors.%J ls -l,0.9909
1592,LICS #,1155,lim -C,0.9904
1592,LICS #,235,mysql_config,0.9903
1592,LICS #,1421,c. Edit,0.9902
1592,LICS #,1587,lic,0.9898
1592,LICS #,31,jobacct_gather,0.9897
1593,# Resource,1551,license2 resource,0.9935
1593,# Resource,1530,dynamic resources,0.9930
1593,# Resource,1549,license1 resource,0.9926
1593,# Resource,871,Most static resources,0.9911
1593,# Resource,869,Static resources,0.9906
1593,# Resource,1552,End Resource,0.9906
1593,# Resource,1434,mem RESOURCES REXPRI,0.9905
1593,# Resource,1535,critical resources,0.9903
1593,# Resource,846,resource availability,0.9901
1593,# Resource,1566,resource map,0.9901
1594,license feature names,1820,Incorrect path names,0.9979
1594,license feature names,389,full domain name,0.9974
1594,license feature names,495,Archive Server,0.9964
1594,license feature names,1709,non-uniform file name space,0.9962
1594,license feature names,1455,dynamic host configuration,0.9961
1594,license feature names,180,primary instance,0.9957
1594,license feature names,1884,same lsf.shared file,0.9957
1594,license feature names,1911,Unknown index name,0.9954
1594,license feature names,173,same UID,0.9952
1594,license feature names,487,available configuration parameters,0.9952
1595,resource names,1892,Resource name name,0.9965
1595,resource names,1893,section resource,0.9919
1595,resource names,1536,Resource section,0.9919
1595,resource names,1572,available resources,0.9910
1595,resource names,1594,license feature names,0.9909
1595,resource names,21,resource accounting,0.9901
1595,resource names,1965,new resources,0.9893
1595,resource names,1913,index names,0.9877
1595,resource names,1455,dynamic host configuration,0.9872
1595,resource names,1872,unrecognized section name,0.9868
1596,lic utility,2013,c. Migrate,0.9981
1596,lic utility,1429,b. Edit,0.9979
1596,lic utility,534,utilities,0.9978
1596,lic utility,1247,ut pg io ls,0.9978
1596,lic utility,1363,source code,0.9978
1596,lic utility,1609,license1 myjob,0.9978
1596,lic utility,1179,ut pg ls,0.9976
1596,lic utility,1602,swp mem license1 license,0.9976
1596,lic utility,1587,lic,0.9975
1596,lic utility,1367,software products,0.9975
1597,IBM Support,452,Support,1.0000
1597,IBM Support,449,InnoDB support,0.9984
1597,IBM Support,1297,shell mode support,0.9977
1597,IBM Support,1719,Contact IBM Support,0.9972
1597,IBM Support,620,key words,0.9969
1597,IBM Support,147,keys,0.9969
1597,IBM Support,154,proper key,0.9961
1597,IBM Support,465,ps aux,0.9955
1597,IBM Support,2172,Many additional scenarios,0.9955
1597,IBM Support,372,Workload Characterization Key,0.9954
1598,FLEXlm command lmstat,960,lsfinstall command,1.0000
1598,FLEXlm command lmstat,2157,Linux command,1.0000
1598,FLEXlm command lmstat,1307,bjobs command,1.0000
1598,FLEXlm command lmstat,1425,install.config command,1.0000
1598,FLEXlm command lmstat,295,command,1.0000
1598,FLEXlm command lmstat,1253,bparams command,1.0000
1598,FLEXlm command lmstat,1768,rsh command,1.0000
1598,FLEXlm command lmstat,1194,bparams command,1.0000
1598,FLEXlm command lmstat,1702,lspasswd command,1.0000
1598,FLEXlm command lmstat,1687,filename command,1.0000
1599,own ELIM,988,own keywords,0.9994
1599,own ELIM,502,production server,0.9986
1599,own ELIM,258,older SQL server versions,0.9986
1599,own ELIM,438,Server version,0.9985
1599,own ELIM,917,server column,0.9985
1599,own ELIM,220,DB server packages,0.9985
1599,own ELIM,1564,RESOURCENAME LOCATION,0.9982
1599,own ELIM,728,networks,0.9981
1599,own ELIM,1337,application source code,0.9981
1599,own ELIM,1845,ident server,0.9981
1600,lsadmin reconfig,1200,badmin ckconfig -v,0.9984
1600,lsadmin reconfig,1601,badmin reconfig,0.9984
1600,lsadmin reconfig,1138,lsadmin ckconfig,0.9982
1600,lsadmin reconfig,1626,lsadmin ckconfig -v command,0.9978
1600,lsadmin reconfig,1136,lsadmin ckconfig -v,0.9978
1600,lsadmin reconfig,1808,* commands,0.9971
1600,lsadmin reconfig,1089,source command,0.9967
1600,lsadmin reconfig,1815,command request,0.9965
1600,lsadmin reconfig,1306,bstop command,0.9964
1600,lsadmin reconfig,1133,bqueues command,0.9963
1601,badmin reconfig,1600,lsadmin reconfig,0.9984
1601,badmin reconfig,1626,lsadmin ckconfig -v command,0.9980
1601,badmin reconfig,1203,badmin ckconfig,0.9979
1601,badmin reconfig,1138,lsadmin ckconfig,0.9978
1601,badmin reconfig,1200,badmin ckconfig -v,0.9973
1601,badmin reconfig,1129,badmin command controls,0.9971
1601,badmin reconfig,1133,bqueues command,0.9971
1601,badmin reconfig,1306,bstop command,0.9971
1601,badmin reconfig,1465,lsadmin reconfig command,0.9969
1601,badmin reconfig,2148,several commands,0.9968
1602,swp mem license1 license,1588,license.dat -f license,0.9983
1602,swp mem license1 license,1367,software products,0.9982
1602,swp mem license1 license,2013,c. Migrate,0.9980
1602,swp mem license1 license,1609,license1 myjob,0.9977
1602,swp mem license1 license,210,Build,0.9976
1602,swp mem license1 license,1596,lic utility,0.9976
1602,swp mem license1 license,1429,b. Edit,0.9975
1602,swp mem license1 license,1353,license availability,0.9974
1602,swp mem license1 license,1937,RES binary,0.9972
1602,swp mem license1 license,1363,source code,0.9972
1603,Submit jobs,807,new job,0.9955
1603,Submit jobs,1264,Display job status,0.9947
1603,Submit jobs,1230,dispatch jobs,0.9945
1603,Submit jobs,923,job runs,0.9945
1603,Submit jobs,681,other jobs,0.9940
1603,Submit jobs,749,chunk job queue,0.9935
1603,Submit jobs,939,job output,0.9934
1603,Submit jobs,843,schedule jobs,0.9930
1603,Submit jobs,897,more jobs,0.9929
1603,Submit jobs,806,interactive job,0.9927
1604,myjob,1609,license1 myjob,0.9981
1604,myjob,979,LSF_ENVDIR variable,0.9974
1604,myjob,1363,source code,0.9973
1604,myjob,1429,b. Edit,0.9972
1604,myjob,2013,c. Migrate,0.9972
1604,myjob,94,internal cache,0.9971
1604,myjob,51,pathname,0.9971
1604,myjob,397,qualified pathname,0.9971
1604,myjob,1510,file permission mode -rw-------,0.9971
1604,myjob,2172,Many additional scenarios,0.9970
1605,minute,1100,few minutes,0.9987
1605,minute,219,place upgrades,0.9986
1605,minute,1943,token processing,0.9984
1605,minute,1345,rename abc,0.9984
1605,minute,208,arbitrary text string,0.9983
1605,minute,1966,binary upgrade,0.9983
1605,minute,1824,swap space,0.9983
1605,minute,538,exporter tool,0.9982
1605,minute,69,better security,0.9982
1605,minute,1500,setuid bit,0.9982
1606,LSF time,1082,LSF environment,0.9986
1606,LSF time,1651,LSF applications,0.9985
1606,LSF time,785,LSF schedules,0.9982
1606,LSF time,1047,LSF server,0.9979
1606,LSF time,1863,LSF services,0.9969
1606,LSF time,1539,LSF updates,0.9966
1606,LSF time,1067,LSF administration,0.9964
1606,LSF time,723,LSF basic terms,0.9963
1606,LSF time,1117,LSF installation,0.9962
1606,LSF time,1317,root lsf,0.9961
1608,resource requirement string,856,level resource usage,0.9993
1608,resource requirement string,871,Most static resources,0.9992
1608,resource requirement string,2027,EGO resource group,0.9988
1608,resource requirement string,815,resource requirements,0.9984
1608,resource requirement string,1566,resource map,0.9982
1608,resource requirement string,10,resource usage,0.9981
1608,resource requirement string,1611,external resources,0.9980
1608,resource requirement string,1552,End Resource,0.9979
1608,resource requirement string,1065,other shared resources,0.9976
1608,resource requirement string,1001,specific resources,0.9975
1609,license1 myjob,1547,license1 Numeric,0.9990
1609,license1 myjob,1604,myjob,0.9981
1609,license1 myjob,1247,ut pg io ls,0.9978
1609,license1 myjob,1179,ut pg ls,0.9978
1609,license1 myjob,2026,EGO consumer tree,0.9978
1609,license1 myjob,1596,lic utility,0.9978
1609,license1 myjob,1602,swp mem license1 license,0.9977
1609,license1 myjob,1429,b. Edit,0.9976
1609,license1 myjob,1178,status r15s r1 m,0.9976
1609,license1 myjob,1363,source code,0.9975
1610,best advantage,1356,Wrapper binary programs,0.9987
1610,best advantage,1157,product entitlement version array,0.9987
1610,best advantage,775,individual computer,0.9987
1610,best advantage,135,best way,0.9987
1610,best advantage,55,similar tool,0.9986
1610,best advantage,1336,Wrapper binary executables,0.9986
1610,best advantage,1370,closer integration,0.9986
1610,best advantage,1966,binary upgrade,0.9986
1610,best advantage,1362,Binary code,0.9985
1610,best advantage,517,Tools,0.9985
1611,external resources,1566,resource map,0.9990
1611,external resources,10,resource usage,0.9987
1611,external resources,815,resource requirements,0.9986
1611,external resources,1552,End Resource,0.9984
1611,external resources,2027,EGO resource group,0.9983
1611,external resources,896,resource consumers,0.9982
1611,external resources,871,Most static resources,0.9982
1611,external resources,846,resource availability,0.9982
1611,external resources,1315,necessary resources,0.9981
1611,external resources,1608,resource requirement string,0.9980
1612,Administering IBM ® Spectrum LSF,721,LSF terms,0.9995
1612,Administering IBM ® Spectrum LSF,1401,LSF releases,0.9995
1612,Administering IBM ® Spectrum LSF,1162,IBM Spectrum LSF Standard Edition,0.9993
1612,Administering IBM ® Spectrum LSF,1359,LSF API,0.9992
1612,Administering IBM ® Spectrum LSF,1119,LSF man,0.9991
1612,Administering IBM ® Spectrum LSF,1861,Read LSF Guide,0.9989
1612,Administering IBM ® Spectrum LSF,1539,LSF updates,0.9989
1612,Administering IBM ® Spectrum LSF,1067,LSF administration,0.9986
1612,Administering IBM ® Spectrum LSF,918,LSF client,0.9984
1612,Administering IBM ® Spectrum LSF,1863,LSF services,0.9983
1613,Most problems,1728,fix LIM problems,0.9948
1613,Most problems,1137,Other messages,0.9947
1613,Most problems,1705,file system environment,0.9944
1613,Most problems,1471,system startup files,0.9943
1613,Most problems,1531,common application,0.9939
1613,Most problems,1833,setuid root command,0.9938
1613,Most problems,412,larger systems,0.9933
1613,Most problems,797,batch file,0.9933
1613,Most problems,727,File systems,0.9929
1613,Most problems,929,NFS file systems,0.9929
1614,incorrect installation,971,product installation,0.9995
1614,incorrect installation,392,work,0.9976
1614,incorrect installation,1261,execution scripts,0.9976
1614,incorrect installation,1416,b. Change,0.9976
1614,incorrect installation,99,startup,0.9975
1614,incorrect installation,795,execution time,0.9975
1614,incorrect installation,872,startup time,0.9974
1614,incorrect installation,1956,new configuration,0.9973
1614,incorrect installation,91,new version,0.9969
1614,incorrect installation,189,script,0.9968
1615,Log messages,1048,error logs,0.9961
1615,Log messages,1642,LIM error log,0.9946
1615,Log messages,1722,mbatchd daemon error logs,0.9930
1615,Log messages,53,log,0.9921
1615,Log messages,1995,handshake message,0.9920
1615,Log messages,111,messages,0.9920
1615,Log messages,976,log directories,0.9913
1615,Log messages,305,error message,0.9911
1615,Log messages,1683,RES error log,0.9908
1615,Log messages,1616,error log files,0.9895
1616,error log files,1683,RES error log,0.9990
1616,error log files,1642,LIM error log,0.9960
1616,error log files,56,log files,0.9951
1616,error log files,1839,protocol error,0.9951
1616,error log files,940,error files,0.9947
1616,error log files,1818,General errors,0.9945
1616,error log files,1972,retry error message,0.9942
1616,error log files,1684,detailed error message,0.9941
1616,error log files,1825,internal error,0.9941
1616,error log files,285,InnoDB error,0.9939
1617,LSF error,716,LSF problems,0.9915
1617,LSF error,1619,LSF logs errors,0.9899
1617,LSF error,745,LSF system,0.9850
1617,LSF error,1047,LSF server,0.9833
1617,LSF error,1099,LSF commands,0.9830
1617,LSF error,1067,LSF administration,0.9821
1617,LSF error,1651,LSF applications,0.9818
1617,LSF error,1082,LSF environment,0.9818
1617,LSF error,943,LSF files,0.9815
1617,LSF error,1606,LSF time,0.9813
1618,LSF server daemons,1639,LSF LIM daemon,0.9989
1618,LSF server daemons,1123,LSF daemons lim,0.9989
1618,LSF server daemons,1498,Configure LSF daemons,0.9986
1618,LSF server daemons,1866,second LSF daemon,0.9979
1618,LSF server daemons,1452,d. Start LSF,0.9978
1618,LSF server daemons,1024,LSF batch log files,0.9955
1618,LSF server daemons,972,primary LSF administrator,0.9950
1618,LSF server daemons,1032,LSF server daemon log files,0.9944
1618,LSF server daemons,1472,automatic LSF daemon startup,0.9936
1618,LSF server daemons,1201,LSF batch workload,0.9928
1619,LSF logs errors,718,LSF error messages,0.9971
1619,LSF logs errors,1045,LSF log directory,0.9931
1619,LSF logs errors,1617,LSF error,0.9899
1619,LSF logs errors,716,LSF problems,0.9872
1619,LSF logs errors,712,LSF daemons,0.9868
1619,LSF logs errors,1024,LSF batch log files,0.9861
1619,LSF logs errors,1099,LSF commands,0.9856
1619,LSF logs errors,1958,LSF command messages,0.9841
1619,LSF logs errors,717,common LSF problems,0.9839
1619,LSF logs errors,1256,LSF batch scheduler,0.9828
1620,following files,1635,lsid file,0.9991
1620,following files,1340,executable file,0.9985
1620,following files,964,important files,0.9983
1620,following files,1389,cshrc.lsf file,0.9983
1620,following files,1093,files cshrc.lsf,0.9983
1620,following files,1388,shell files,0.9982
1620,following files,2006,configuration file paths,0.9981
1620,following files,376,own configuration file,0.9981
1620,following files,1391,.cshrc file,0.9981
1620,following files,762,lsb.params file,0.9980
1624,most LSF problems,717,common LSF problems,0.9994
1624,most LSF problems,1078,Troubleshooting LSF problems,0.9989
1624,most LSF problems,1404,LSF System Requirements,0.9970
1624,most LSF problems,1084,LSF execution environment,0.9967
1624,most LSF problems,1201,LSF batch workload,0.9963
1624,most LSF problems,1118,LSF Command Reference,0.9963
1624,most LSF problems,1423,IBM Spectrum LSF Command Reference,0.9963
1624,most LSF problems,709,important LSF directories,0.9961
1624,most LSF problems,1379,LSF installation script lsfinstall,0.9954
1624,most LSF problems,1512,LSF administration commands,0.9953
1625,General troubleshooting steps,697,step memory peak,0.9990
1625,General troubleshooting steps,2121,optional Step,0.9977
1625,General troubleshooting steps,1628,troubleshooting steps,0.9976
1625,General troubleshooting steps,2240,affinity plugin,0.9959
1625,General troubleshooting steps,1339,easiest integration method,0.9953
1625,General troubleshooting steps,1789,Total Threads,0.9948
1625,General troubleshooting steps,2049,Optional Distribution,0.9948
1625,General troubleshooting steps,1400,Distribution packages,0.9947
1625,General troubleshooting steps,385,authentication method,0.9946
1625,General troubleshooting steps,2115,Step 3slurm.conf parameterPossible valuesDescription,0.9944
1626,lsadmin ckconfig -v command,1997,egosh command,0.9990
1626,lsadmin ckconfig -v command,1306,bstop command,0.9990
1626,lsadmin ckconfig -v command,1656,lshosts command,0.9989
1626,lsadmin ckconfig -v command,1138,lsadmin ckconfig,0.9989
1626,lsadmin ckconfig -v command,1133,bqueues command,0.9989
1626,lsadmin ckconfig -v command,1125,lsid command,0.9988
1626,lsadmin ckconfig -v command,9,sacct command,0.9988
1626,lsadmin ckconfig -v command,1273,lsgrun command,0.9988
1626,lsadmin ckconfig -v command,931,automount command,0.9988
1626,lsadmin ckconfig -v command,1312,bresume command,0.9988
1627,command output,1126,lsload command,0.9989
1627,command output,1644,lsload command prints,0.9989
1627,command output,1057,lsrun commands,0.9984
1627,command output,1125,lsid command,0.9984
1627,command output,1209,bhosts command,0.9983
1627,command output,931,automount command,0.9981
1627,command output,1997,egosh command,0.9980
1627,command output,1656,lshosts command,0.9978
1627,command output,14,sstat command,0.9978
1627,command output,1632,ps -ef command,0.9977
1628,troubleshooting steps,2121,optional Step,0.9994
1628,troubleshooting steps,1625,General troubleshooting steps,0.9976
1628,troubleshooting steps,697,step memory peak,0.9954
1628,troubleshooting steps,2115,Step 3slurm.conf parameterPossible valuesDescription,0.9945
1628,troubleshooting steps,2064,Step 1slurm.conf parameterPossible valuesDescription,0.9945
1628,troubleshooting steps,1822,Memory allocation,0.9931
1628,troubleshooting steps,2196,cyclic distribution,0.9930
1628,troubleshooting steps,2049,Optional Distribution,0.9922
1628,troubleshooting steps,1400,Distribution packages,0.9918
1628,troubleshooting steps,2224,cyclic distribution method,0.9915
1629,situation,281,specific situations,0.9979
1629,situation,94,internal cache,0.9973
1629,situation,536,various graphs,0.9971
1629,situation,1943,token processing,0.9970
1629,situation,1936,respath,0.9970
1629,situation,1511,ID mode bit,0.9970
1629,situation,1345,rename abc,0.9969
1629,situation,1937,RES binary,0.9969
1629,situation,1184,busy status,0.9968
1629,situation,1363,source code,0.9968
1630,# bctrld restart lim,1631,# bctrld restart,0.9994
1630,# bctrld restart lim,1762,bctrld,0.9986
1630,# bctrld restart lim,1105,# bctrld stop,0.9983
1630,# bctrld restart lim,1652,master LIM,0.9969
1630,# bctrld restart lim,1961,LIM API,0.9962
1630,# bctrld restart lim,1108,# lsadmin reconfig,0.9957
1630,# bctrld restart lim,1643,LIM communication,0.9954
1630,# bctrld restart lim,1859,Service lim,0.9952
1630,# bctrld restart lim,1858,LIM service,0.9952
1630,# bctrld restart lim,1438,d. Reconfigure lim,0.9952
1631,# bctrld restart,1630,# bctrld restart lim,0.9994
1631,# bctrld restart,1762,bctrld,0.9989
1631,# bctrld restart,1096,# bctrld,0.9973
1631,# bctrld restart,1105,# bctrld stop,0.9967
1631,# bctrld restart,1652,master LIM,0.9948
1631,# bctrld restart,1108,# lsadmin reconfig,0.9945
1631,# bctrld restart,1961,LIM API,0.9945
1631,# bctrld restart,1438,d. Reconfigure lim,0.9940
1631,# bctrld restart,1155,lim -C,0.9938
1631,# bctrld restart,1643,LIM communication,0.9938
1632,ps -ef command,1209,bhosts command,0.9992
1632,ps -ef command,1125,lsid command,0.9991
1632,ps -ef command,14,sstat command,0.9990
1632,ps -ef command,1997,egosh command,0.9990
1632,ps -ef command,931,automount command,0.9990
1632,ps -ef command,1644,lsload command prints,0.9989
1632,ps -ef command,1126,lsload command,0.9989
1632,ps -ef command,784,bsub command,0.9989
1632,ps -ef command,1273,lsgrun command,0.9987
1632,ps -ef command,9,sacct command,0.9987
1633,first few hosts,175,Storage Backup Host,0.9989
1633,first few hosts,1270,current local host,0.9986
1633,first few hosts,1963,server host list,0.9980
1633,first few hosts,844,individual hosts,0.9974
1633,first few hosts,885,host load conditions,0.9970
1633,first few hosts,1457,current default management host,0.9970
1633,first few hosts,1667,management host LIM IP address,0.9968
1633,first few hosts,1664,management host LIM address,0.9968
1633,first few hosts,1918,RES host,0.9965
1633,first few hosts,1699,client host,0.9965
1634,LSF_MASTER_LIST parameter,980,LSF_ENVDIR parameter,1.0000
1634,LSF_MASTER_LIST parameter,1706,parameter LSF_MASTER_LIST,1.0000
1634,LSF_MASTER_LIST parameter,1649,parameter LSF_SERVER_HOSTS,1.0000
1634,LSF_MASTER_LIST parameter,761,REMOVE_HUNG_JOBS_FOR parameter,1.0000
1634,LSF_MASTER_LIST parameter,1504,LSF_STARTUP_PATH parameters,1.0000
1634,LSF_MASTER_LIST parameter,1931,LSF_ROOT_REX parameter,1.0000
1634,LSF_MASTER_LIST parameter,1046,LSF_LOGDIR parameter,1.0000
1634,LSF_MASTER_LIST parameter,1967,LSF_LIM_API_NTRIES parameter,1.0000
1634,LSF_MASTER_LIST parameter,1020,DEFAULT_APPLICATION parameter,1.0000
1634,LSF_MASTER_LIST parameter,131,Parameters,1.0000
1635,lsid file,1340,executable file,0.9992
1635,lsid file,1620,following files,0.9991
1635,lsid file,2014,old file,0.9989
1635,lsid file,2017,old passwd.lsfuser file,0.9989
1635,lsid file,2006,configuration file paths,0.9988
1635,lsid file,376,own configuration file,0.9987
1635,lsid file,1388,shell files,0.9986
1635,lsid file,27,text file,0.9986
1635,lsid file,964,important files,0.9985
1635,lsid file,762,lsb.params file,0.9985
1636,symbolic link,224,InnoDB storage engine,0.9988
1636,symbolic link,208,arbitrary text string,0.9988
1636,symbolic link,55,similar tool,0.9988
1636,symbolic link,1707,correct permissions,0.9988
1636,symbolic link,1336,Wrapper binary executables,0.9987
1636,symbolic link,1157,product entitlement version array,0.9986
1636,symbolic link,518,few tools,0.9986
1636,symbolic link,219,place upgrades,0.9986
1636,symbolic link,1580,ELIM program,0.9986
1636,symbolic link,1356,Wrapper binary programs,0.9985
1638,profile.lsf script,230,mysql_config script,0.9993
1638,profile.lsf script,1335,Wrapper shell scripts,0.9987
1638,profile.lsf script,1341,shell script,0.9986
1638,profile.lsf script,794,Bourne shell script,0.9986
1638,profile.lsf script,1342,wrapper script,0.9982
1638,profile.lsf script,502,production server,0.9980
1638,profile.lsf script,220,DB server packages,0.9980
1638,profile.lsf script,1714,current working,0.9980
1638,profile.lsf script,438,Server version,0.9979
1638,profile.lsf script,258,older SQL server versions,0.9978
1639,LSF LIM daemon,1123,LSF daemons lim,1.0000
1639,LSF LIM daemon,1618,LSF server daemons,0.9989
1639,LSF LIM daemon,1452,d. Start LSF,0.9978
1639,LSF LIM daemon,1498,Configure LSF daemons,0.9970
1639,LSF LIM daemon,1866,second LSF daemon,0.9967
1639,LSF LIM daemon,1032,LSF server daemon log files,0.9933
1639,LSF LIM daemon,1472,automatic LSF daemon startup,0.9931
1639,LSF LIM daemon,1024,LSF batch log files,0.9929
1639,LSF LIM daemon,972,primary LSF administrator,0.9917
1639,LSF LIM daemon,1512,LSF administration commands,0.9913
1640,LIM configuration files,1635,lsid file,0.9980
1640,LIM configuration files,376,own configuration file,0.9980
1640,LIM configuration files,1063,lsf.sudoers file,0.9980
1640,LIM configuration files,2006,configuration file paths,0.9978
1640,LIM configuration files,1620,following files,0.9977
1640,LIM configuration files,1389,cshrc.lsf file,0.9974
1640,LIM configuration files,1093,files cshrc.lsf,0.9974
1640,LIM configuration files,1340,executable file,0.9974
1640,LIM configuration files,964,important files,0.9974
1640,LIM configuration files,1086,shell environment files,0.9974
1641,most configuration errors,1166,common configuration errors,0.9992
1641,most configuration errors,1994,Internal library error,0.9989
1641,most configuration errors,1981,failure Possible reason Error message output,0.9972
1641,most configuration errors,1443,configuration errors,0.9971
1641,most configuration errors,1287,standard error,0.9953
1641,most configuration errors,1978,error reasons,0.9949
1641,most configuration errors,1837,Authentication data format error,0.9948
1641,most configuration errors,1916,RES messages,0.9946
1641,most configuration errors,1876,keyword line format error,0.9945
1641,most configuration errors,1172,lsf.conf file message,0.9941
1642,LIM error log,1683,RES error log,0.9972
1642,LIM error log,1616,error log files,0.9960
1642,LIM error log,1653,LIM error,0.9958
1642,LIM error log,1615,Log messages,0.9946
1642,LIM error log,1972,retry error message,0.9943
1642,LIM error log,1684,detailed error message,0.9937
1642,LIM error log,1722,mbatchd daemon error logs,0.9936
1642,LIM error log,1031,Daemon log files,0.9935
1642,LIM error log,1048,error logs,0.9932
1642,LIM error log,1979,associated error message output,0.9918
1643,LIM communication,1961,LIM API,0.9994
1643,LIM communication,1438,d. Reconfigure lim,0.9993
1643,LIM communication,1652,master LIM,0.9990
1643,LIM communication,1859,Service lim,0.9989
1643,LIM communication,1858,LIM service,0.9989
1643,LIM communication,1729,LIM communication times,0.9983
1643,LIM communication,1934,restart request,0.9980
1643,LIM communication,1648,local LIM,0.9980
1643,LIM communication,1150,3.6.0 Lim,0.9971
1643,LIM communication,1152,3.6.0 Master LIM,0.9965
1644,lsload command prints,1126,lsload command,1.0000
1644,lsload command prints,1125,lsid command,0.9995
1644,lsload command prints,1209,bhosts command,0.9993
1644,lsload command prints,1997,egosh command,0.9992
1644,lsload command prints,14,sstat command,0.9992
1644,lsload command prints,1057,lsrun commands,0.9992
1644,lsload command prints,931,automount command,0.9992
1644,lsload command prints,1656,lshosts command,0.9991
1644,lsload command prints,1632,ps -ef command,0.9989
1644,lsload command prints,1627,command output,0.9989
1645,Communication time,861,fixed time intervals,0.9994
1645,Communication time,239,first time,0.9994
1645,Communication time,1817,Network Time Protocol,0.9992
1645,Communication time,19,particular time interval,0.9986
1645,Communication time,40,completion time,0.9986
1645,Communication time,97,local storage,0.9980
1645,Communication time,403,configure time,0.9979
1645,Communication time,947,copy result files,0.9978
1645,Communication time,227,slurm configure script,0.9978
1645,Communication time,501,sure old records,0.9975
1646,other instances,1461,other references,0.9995
1646,other instances,597,other operators,0.9993
1646,other instances,701,other ways,0.9992
1646,other instances,1211,other details,0.9990
1646,other instances,685,other tools,0.9988
1646,other instances,2085,other aspects,0.9986
1646,other instances,2143,other subset,0.9980
1646,other instances,977,other global configuration,0.9977
1646,other instances,1827,available swap space,0.9976
1646,other instances,1923,interactive remote execution,0.9976
1647,communication timeouts,137,communications,1.0000
1647,communication timeouts,1157,product entitlement version array,0.9984
1647,communication timeouts,208,arbitrary text string,0.9984
1647,communication timeouts,55,similar tool,0.9983
1647,communication timeouts,2161,readable format,0.9982
1647,communication timeouts,1336,Wrapper binary executables,0.9982
1647,communication timeouts,219,place upgrades,0.9982
1647,communication timeouts,2145,easy way,0.9981
1647,communication timeouts,1356,Wrapper binary programs,0.9981
1647,communication timeouts,407,security purposes,0.9981
1648,local LIM,1729,LIM communication times,0.9987
1648,local LIM,1858,LIM service,0.9982
1648,local LIM,1859,Service lim,0.9982
1648,local LIM,1643,LIM communication,0.9980
1648,local LIM,1652,master LIM,0.9979
1648,local LIM,1961,LIM API,0.9979
1648,local LIM,1934,restart request,0.9976
1648,local LIM,1438,d. Reconfigure lim,0.9972
1648,local LIM,1959,LIM restart,0.9968
1648,local LIM,1440,Restart LIM,0.9968
1649,parameter LSF_SERVER_HOSTS,980,LSF_ENVDIR parameter,1.0000
1649,parameter LSF_SERVER_HOSTS,421,StorageLoc parameter,1.0000
1649,parameter LSF_SERVER_HOSTS,1504,LSF_STARTUP_PATH parameters,1.0000
1649,parameter LSF_SERVER_HOSTS,761,REMOVE_HUNG_JOBS_FOR parameter,1.0000
1649,parameter LSF_SERVER_HOSTS,1931,LSF_ROOT_REX parameter,1.0000
1649,parameter LSF_SERVER_HOSTS,1634,LSF_MASTER_LIST parameter,1.0000
1649,parameter LSF_SERVER_HOSTS,1046,LSF_LOGDIR parameter,1.0000
1649,parameter LSF_SERVER_HOSTS,1967,LSF_LIM_API_NTRIES parameter,1.0000
1649,parameter LSF_SERVER_HOSTS,131,Parameters,1.0000
1649,parameter LSF_SERVER_HOSTS,1849,LSF_USE_HOSTEQUIV parameter,1.0000
1651,LSF applications,1082,LSF environment,0.9992
1651,LSF applications,1047,LSF server,0.9990
1651,LSF applications,785,LSF schedules,0.9986
1651,LSF applications,1606,LSF time,0.9985
1651,LSF applications,1067,LSF administration,0.9975
1651,LSF applications,1539,LSF updates,0.9971
1651,LSF applications,1863,LSF services,0.9970
1651,LSF applications,1317,root lsf,0.9968
1651,LSF applications,1470,LSF section,0.9966
1651,LSF applications,1117,LSF installation,0.9965
1652,master LIM,1961,LIM API,0.9993
1652,master LIM,1859,Service lim,0.9990
1652,master LIM,1858,LIM service,0.9990
1652,master LIM,1643,LIM communication,0.9990
1652,master LIM,1438,d. Reconfigure lim,0.9982
1652,master LIM,1648,local LIM,0.9979
1652,master LIM,1729,LIM communication times,0.9971
1652,master LIM,1934,restart request,0.9971
1652,master LIM,1630,# bctrld restart lim,0.9969
1652,master LIM,1959,LIM restart,0.9968
1653,LIM error,1972,retry error message,0.9964
1653,LIM error,1684,detailed error message,0.9962
1653,LIM error,1642,LIM error log,0.9958
1653,LIM error,1900,LIM messages,0.9955
1653,LIM error,1979,associated error message output,0.9949
1653,LIM error,1939,sbatchd messages,0.9948
1653,LIM error,1726,unknown service error message displays,0.9946
1653,LIM error,390,warning message,0.9943
1653,LIM error,1818,General errors,0.9943
1653,LIM error,1839,protocol error,0.9941
1655,Management host LIM,1910,lim host,0.9991
1655,Management host LIM,1006,Server hosts,0.9978
1655,Management host LIM,1667,management host LIM IP address,0.9973
1655,Management host LIM,1664,management host LIM address,0.9973
1655,Management host LIM,1962,management host list,0.9970
1655,Management host LIM,461,storage host system,0.9970
1655,Management host LIM,754,execution host,0.9968
1655,Management host LIM,1191,hosts time,0.9962
1655,Management host LIM,1918,RES host,0.9962
1655,Management host LIM,1698,destination host,0.9961
1656,lshosts command,1451,Command Reference,0.9994
1656,lshosts command,1997,egosh command,0.9994
1656,lshosts command,9,sacct command,0.9994
1656,lshosts command,931,automount command,0.9993
1656,lshosts command,1125,lsid command,0.9993
1656,lshosts command,1255,basic commands,0.9993
1656,lshosts command,14,sstat command,0.9993
1656,lshosts command,2148,several commands,0.9993
1656,lshosts command,1273,lsgrun command,0.9992
1656,lshosts command,1306,bstop command,0.9992
1657,hosts file,1748,unknown host,0.9977
1657,hosts file,1918,RES host,0.9974
1657,hosts file,1963,server host list,0.9974
1657,hosts file,1962,management host list,0.9972
1657,hosts file,1699,client host,0.9969
1657,hosts file,1270,current local host,0.9969
1657,hosts file,1328,remote hosts,0.9968
1657,hosts file,175,Storage Backup Host,0.9968
1657,hosts file,1955,host host_name,0.9968
1657,hosts file,873,appropriate hosts,0.9967
1658,loopback IP,1671,loopback,1.0000
1658,loopback IP,1662,loopback address,0.9983
1658,loopback IP,308,insensitive collation,0.9978
1658,loopback IP,1937,RES binary,0.9977
1658,loopback IP,1188,minus sign,0.9976
1658,loopback IP,1943,token processing,0.9975
1658,loopback IP,1668,localhost myhostname,0.9975
1658,loopback IP,1511,ID mode bit,0.9975
1658,loopback IP,1362,Binary code,0.9974
1658,loopback IP,1773,binary incompatibility,0.9974
1659,LSF client LIM,1066,LSF external LIM,0.9994
1659,LSF client LIM,1473,automatic LSF startup,0.9983
1659,LSF client LIM,1094,LSF operating environment,0.9981
1659,LSF client LIM,1969,many times LSF,0.9973
1659,LSF client LIM,1062,Configure LSF startup,0.9969
1659,LSF client LIM,1519,LSF executable files,0.9963
1659,LSF client LIM,1084,LSF execution environment,0.9960
1659,LSF client LIM,1376,other advanced LSF features,0.9958
1659,LSF client LIM,1418,# cd /usr,0.9957
1659,LSF client LIM,833,LSF binary files,0.9956
1660,official host,80,host,1.0000
1660,official host,1783,AIX host,1.0000
1660,official host,1903,non-LSF host,1.0000
1660,official host,1782,Linux host,1.0000
1660,official host,1187,host status,1.0000
1660,official host,1850,equivalent host,1.0000
1660,official host,777,Multiprocessor hosts,1.0000
1660,official host,1380,new hosts,0.9943
1660,official host,823,host models,0.9942
1660,official host,822,Host types,0.9941
1661,IP address,195,address,1.0000
1661,IP address,1662,loopback address,0.9987
1661,IP address,518,few tools,0.9975
1661,IP address,503,separate instances,0.9974
1661,IP address,135,best way,0.9974
1661,IP address,1100,few minutes,0.9973
1661,IP address,1581,executable program,0.9972
1661,IP address,1717,automount maps,0.9972
1661,IP address,1364,appropriate libraries,0.9972
1661,IP address,1770,automatic detection,0.9971
1662,loopback address,1661,IP address,0.9987
1662,loopback address,195,address,0.9987
1662,loopback address,1580,ELIM program,0.9984
1662,loopback address,1356,Wrapper binary programs,0.9984
1662,loopback address,1560,RELEASE column,0.9983
1662,loopback address,1671,loopback,0.9983
1662,loopback address,1658,loopback IP,0.9983
1662,loopback address,1943,token processing,0.9982
1662,loopback address,1541,binary program,0.9982
1662,loopback address,1336,Wrapper binary executables,0.9982
1663,client requests,1842,Request,0.9992
1663,client requests,1992,client side,0.9991
1663,client requests,1432,client,0.9991
1663,client requests,1846,service request,0.9985
1663,client requests,1100,few minutes,0.9983
1663,client requests,518,few tools,0.9980
1663,client requests,1824,swap space,0.9980
1663,client requests,72,such services,0.9977
1663,client requests,69,better security,0.9977
1663,client requests,1345,rename abc,0.9977
1664,management host LIM address,1667,management host LIM IP address,1.0000
1664,management host LIM address,1270,current local host,0.9979
1664,management host LIM address,1962,management host list,0.9978
1664,management host LIM address,1918,RES host,0.9977
1664,management host LIM address,1963,server host list,0.9977
1664,management host LIM address,1655,Management host LIM,0.9973
1664,management host LIM address,1748,unknown host,0.9970
1664,management host LIM address,175,Storage Backup Host,0.9970
1664,management host LIM address,1633,first few hosts,0.9968
1664,management host LIM address,1437,End Host,0.9967
1666,IP configuration,73,configuration,1.0000
1666,IP configuration,1074,Multi-user configuration,1.0000
1666,IP configuration,2024,EGO configuration,0.9985
1666,IP configuration,321,separate configuration file,0.9980
1666,IP configuration,187,Slurm JobComp Configuration,0.9977
1666,IP configuration,731,several configuration files,0.9976
1666,IP configuration,1477,Configuration Reference,0.9976
1666,IP configuration,2029,old EGO XML configuration files,0.9976
1666,IP configuration,992,Global configuration files,0.9974
1666,IP configuration,710,configuration files,0.9974
1667,management host LIM IP address,1664,management host LIM address,1.0000
1667,management host LIM IP address,1270,current local host,0.9979
1667,management host LIM IP address,1962,management host list,0.9978
1667,management host LIM IP address,1918,RES host,0.9977
1667,management host LIM IP address,1963,server host list,0.9977
1667,management host LIM IP address,1655,Management host LIM,0.9973
1667,management host LIM IP address,1748,unknown host,0.9970
1667,management host LIM IP address,175,Storage Backup Host,0.9970
1667,management host LIM IP address,1633,first few hosts,0.9968
1667,management host LIM IP address,1437,End Host,0.9967
1668,localhost myhostname,445,localhost,0.9990
1668,localhost myhostname,1670,localhost ipv,0.9990
1668,localhost myhostname,308,insensitive collation,0.9981
1668,localhost myhostname,1511,ID mode bit,0.9979
1668,localhost myhostname,159,slurm.conf,0.9977
1668,localhost myhostname,1007,attributes,0.9976
1668,localhost myhostname,1733,parent,0.9976
1668,localhost myhostname,572,physics parent,0.9976
1668,localhost myhostname,415,slurm_acct_db,0.9975
1668,localhost myhostname,979,LSF_ENVDIR variable,0.9975
1669,IPv6 address,1180,swp mem,0.9973
1669,IPv6 address,351,policies,0.9968
1669,IPv6 address,1236,priority,0.9963
1669,IPv6 address,1283,short sleep,0.9960
1669,IPv6 address,619,like fashion,0.9958
1669,IPv6 address,934,demand basis,0.9957
1669,IPv6 address,930,demand,0.9957
1669,IPv6 address,1897,letter,0.9952
1669,IPv6 address,1901,myhostname,0.9952
1669,IPv6 address,1668,localhost myhostname,0.9952
1670,localhost ipv,445,localhost,1.0000
1670,localhost ipv,1668,localhost myhostname,0.9990
1670,localhost ipv,1511,ID mode bit,0.9978
1670,localhost ipv,1153,EGO_DISABLE_UNRESOLVABLE_HOST mode,0.9978
1670,localhost ipv,208,arbitrary text string,0.9976
1670,localhost ipv,2145,easy way,0.9976
1670,localhost ipv,572,physics parent,0.9976
1670,localhost ipv,1733,parent,0.9976
1670,localhost ipv,1362,Binary code,0.9976
1670,localhost ipv,1305,STAT column,0.9975
1671,loopback,1658,loopback IP,1.0000
1671,loopback,1662,loopback address,0.9983
1671,loopback,308,insensitive collation,0.9978
1671,loopback,1937,RES binary,0.9977
1671,loopback,1188,minus sign,0.9976
1671,loopback,1943,token processing,0.9975
1671,loopback,1668,localhost myhostname,0.9975
1671,loopback,1511,ID mode bit,0.9975
1671,loopback,1362,Binary code,0.9974
1671,loopback,1773,binary incompatibility,0.9974
1681,User permission,1960,User programs,0.9994
1681,User permission,213,user entities,0.9991
1681,User permission,1142,US Government Users Restricted Rights,0.9989
1681,User permission,606,slurm user,0.9988
1681,User permission,575,user da,0.9986
1681,User permission,1377,Manage users,0.9986
1681,User permission,1919,bad user,0.9984
1681,User permission,2028,EGO users,0.9984
1681,User permission,630,user brian,0.9984
1681,User permission,1372,application user interfaces,0.9980
1682,remote execution,1923,interactive remote execution,0.9994
1682,remote execution,1375,parallel execution,0.9992
1682,remote execution,1035,Remote execution server,0.9991
1682,remote execution,1924,remote execution permission,0.9990
1682,remote execution,1938,execution permission,0.9989
1682,remote execution,1019,execution requirements,0.9985
1682,remote execution,1151,advanced workload execution mode,0.9977
1682,remote execution,1342,wrapper script,0.9977
1682,remote execution,922,results,0.9977
1682,remote execution,1260,executable applications,0.9975
1683,RES error log,1616,error log files,0.9990
1683,RES error log,1642,LIM error log,0.9972
1683,RES error log,1839,protocol error,0.9942
1683,RES error log,56,log files,0.9940
1683,RES error log,1972,retry error message,0.9937
1683,RES error log,1953,event log,0.9936
1683,RES error log,1818,General errors,0.9936
1683,RES error log,1684,detailed error message,0.9935
1683,RES error log,1825,internal error,0.9934
1683,RES error log,1414,a. Log,0.9932
1684,detailed error message,1972,retry error message,0.9997
1684,detailed error message,1979,associated error message output,0.9984
1684,detailed error message,1818,General errors,0.9976
1684,detailed error message,390,warning message,0.9975
1684,detailed error message,1444,unrecoverable errors,0.9973
1684,detailed error message,1839,protocol error,0.9971
1684,detailed error message,1653,LIM error,0.9962
1684,detailed error message,1978,error reasons,0.9961
1684,detailed error message,1158,Last message,0.9959
1684,detailed error message,1916,RES messages,0.9958
1685,identification daemon,79,daemons,1.0000
1685,identification daemon,1691,inetd daemon,1.0000
1685,identification daemon,1999,vemkd daemon,1.0000
1685,identification daemon,68,intermediate daemon,1.0000
1685,identification daemon,1720,Batch daemons,0.9923
1685,identification daemon,747,mbatchd daemon,0.9908
1685,identification daemon,1725,sbatchd daemon starts,0.9901
1685,identification daemon,1867,new daemon,0.9855
1685,identification daemon,1101,lim daemon,0.9855
1685,identification daemon,1226,batch system daemon,0.9854
1687,filename command,960,lsfinstall command,1.0000
1687,filename command,2157,Linux command,1.0000
1687,filename command,1307,bjobs command,1.0000
1687,filename command,1425,install.config command,1.0000
1687,filename command,295,command,1.0000
1687,filename command,1253,bparams command,1.0000
1687,filename command,1768,rsh command,1.0000
1687,filename command,1194,bparams command,1.0000
1687,filename command,1598,FLEXlm command lmstat,1.0000
1687,filename command,1702,lspasswd command,1.0000
1688,application binary files,1086,shell environment files,0.9988
1688,application binary files,947,copy result files,0.9983
1688,application binary files,2014,old file,0.9983
1688,application binary files,2017,old passwd.lsfuser file,0.9983
1688,application binary files,1537,lsf.shared file,0.9982
1688,application binary files,1337,application source code,0.9982
1688,application binary files,2003,work files,0.9981
1688,application binary files,2031,old EGO password file,0.9981
1688,application binary files,258,older SQL server versions,0.9979
1688,application binary files,1335,Wrapper shell scripts,0.9979
1689,nosuid flag,599,PrivateData flag,0.9992
1689,nosuid flag,1345,rename abc,0.9981
1689,nosuid flag,1937,RES binary,0.9981
1689,nosuid flag,1511,ID mode bit,0.9981
1689,nosuid flag,1500,setuid bit,0.9980
1689,nosuid flag,69,better security,0.9980
1689,nosuid flag,2013,c. Migrate,0.9979
1689,nosuid flag,1943,token processing,0.9979
1689,nosuid flag,536,various graphs,0.9978
1689,nosuid flag,1824,swap space,0.9978
1690,LSF_AUTH parameter,1568,RESOURCENAME parameter,0.9992
1690,LSF_AUTH parameter,1555,INTERVAL parameter specifies,0.9988
1690,LSF_AUTH parameter,2066,additional parameters,0.9986
1690,LSF_AUTH parameter,324,configuration parameters,0.9985
1690,LSF_AUTH parameter,2071,Several parameters,0.9983
1690,LSF_AUTH parameter,22,Slurm configuration parameters,0.9980
1690,LSF_AUTH parameter,319,Several Slurm configuration parameters,0.9979
1690,LSF_AUTH parameter,1245,SCHEDULING PARAMETERS,0.9978
1690,LSF_AUTH parameter,394,AccountingStoragePort parameter,0.9978
1690,LSF_AUTH parameter,2009,old lsf.conf file,0.9973
1691,inetd daemon,79,daemons,1.0000
1691,inetd daemon,1999,vemkd daemon,1.0000
1691,inetd daemon,1685,identification daemon,1.0000
1691,inetd daemon,68,intermediate daemon,1.0000
1691,inetd daemon,1720,Batch daemons,0.9923
1691,inetd daemon,747,mbatchd daemon,0.9908
1691,inetd daemon,1725,sbatchd daemon starts,0.9901
1691,inetd daemon,1867,new daemon,0.9855
1691,inetd daemon,1101,lim daemon,0.9855
1691,inetd daemon,1226,batch system daemon,0.9854
1692,Inconsistent host names,984,host names,0.9975
1692,Inconsistent host names,1766,multiple hosts,0.9969
1692,Inconsistent host names,1698,destination host,0.9966
1692,Inconsistent host names,1795,host type name,0.9966
1692,Inconsistent host names,1426,host setup,0.9966
1692,Inconsistent host names,178,backup host,0.9963
1692,Inconsistent host names,460,local host,0.9962
1692,Inconsistent host names,1890,model name,0.9962
1692,Inconsistent host names,873,appropriate hosts,0.9962
1692,Inconsistent host names,1700,Windows hosts,0.9961
1693,name server,1870,Invalid section name name,0.9982
1693,name server,1170,master name,0.9978
1693,name server,127,consistent names,0.9976
1693,name server,1872,unrecognized section name,0.9971
1693,name server,1869,Section name,0.9961
1693,name server,1715,different name,0.9959
1693,name server,86,sacctmgr list cluster,0.9950
1693,name server,1963,server host list,0.9943
1693,name server,1820,Incorrect path names,0.9941
1693,name server,1000,Defines cluster name,0.9939
1694,hosts.equiv,2026,EGO consumer tree,0.9972
1694,hosts.equiv,1363,source code,0.9971
1694,hosts.equiv,722,concepts,0.9966
1694,hosts.equiv,1429,b. Edit,0.9966
1694,hosts.equiv,2013,c. Migrate,0.9965
1694,hosts.equiv,1036,res,0.9965
1694,hosts.equiv,1609,license1 myjob,0.9965
1694,hosts.equiv,1367,software products,0.9965
1694,hosts.equiv,1596,lic utility,0.9965
1694,hosts.equiv,558,terms,0.9964
1696,hosts.equiv file,1112,lsb.events file,0.9994
1696,hosts.equiv file,167,passwd file,0.9994
1696,hosts.equiv file,1935,file respath,0.9992
1696,hosts.equiv file,1998,ego.conf file,0.9991
1696,hosts.equiv file,1174,profile.lsf file,0.9990
1696,hosts.equiv file,762,lsb.params file,0.9988
1696,hosts.equiv file,1391,.cshrc file,0.9988
1696,hosts.equiv file,190,flat file,0.9988
1696,hosts.equiv file,2005,ego.shared files,0.9988
1696,hosts.equiv file,1711,such file,0.9988
1697,HOME/.rhosts file,1398,file lsf10.1.0_linux2.,1.0000
1697,HOME/.rhosts file,52,file,1.0000
1697,HOME/.rhosts file,1853,.rhosts file,1.0000
1697,HOME/.rhosts file,905,install.config file,1.0000
1697,HOME/.rhosts file,1767,ego.sudoers file,1.0000
1697,HOME/.rhosts file,1427,lsf_getting_started.html file,1.0000
1697,HOME/.rhosts file,1747,lsb.hosts file,1.0000
1697,HOME/.rhosts file,1394,.profile file,1.0000
1697,HOME/.rhosts file,167,passwd file,0.9983
1697,HOME/.rhosts file,2005,ego.shared files,0.9981
1698,destination host,1426,host setup,0.9993
1698,destination host,1766,multiple hosts,0.9992
1698,destination host,178,backup host,0.9990
1698,destination host,1700,Windows hosts,0.9988
1698,destination host,460,local host,0.9988
1698,destination host,812,candidate hosts,0.9987
1698,destination host,811,best host,0.9987
1698,destination host,873,appropriate hosts,0.9985
1698,destination host,1006,Server hosts,0.9985
1698,destination host,1955,host host_name,0.9984
1699,client host,1328,remote hosts,0.9994
1699,client host,1748,unknown host,0.9992
1699,client host,1955,host host_name,0.9991
1699,client host,1785,Host Architecture,0.9991
1699,client host,915,first host,0.9991
1699,client host,844,individual hosts,0.9990
1699,client host,1751,HOSTS definition,0.9990
1699,client host,1918,RES host,0.9990
1699,client host,873,appropriate hosts,0.9990
1699,client host,812,candidate hosts,0.9989
1700,Windows hosts,178,backup host,0.9994
1700,Windows hosts,1426,host setup,0.9991
1700,Windows hosts,1698,destination host,0.9988
1700,Windows hosts,1766,multiple hosts,0.9986
1700,Windows hosts,754,execution host,0.9980
1700,Windows hosts,460,local host,0.9980
1700,Windows hosts,1103,management host,0.9976
1700,Windows hosts,1006,Server hosts,0.9976
1700,Windows hosts,1569,different hosts,0.9974
1700,Windows hosts,811,best host,0.9973
1701,Windows passwords,1704,Windows password authentication,0.9995
1701,Windows passwords,201,Password,0.9992
1701,Windows passwords,428,password usage,0.9990
1701,Windows passwords,518,few tools,0.9982
1701,Windows passwords,479,purge interval,0.9981
1701,Windows passwords,55,similar tool,0.9981
1701,Windows passwords,2145,easy way,0.9981
1701,Windows passwords,135,best way,0.9979
1701,Windows passwords,151,different keys,0.9979
1701,Windows passwords,373,orthogonal way,0.9979
1702,lspasswd command,1768,rsh command,1.0000
1702,lspasswd command,960,lsfinstall command,1.0000
1702,lspasswd command,1425,install.config command,1.0000
1702,lspasswd command,1687,filename command,1.0000
1702,lspasswd command,1253,bparams command,1.0000
1702,lspasswd command,295,command,1.0000
1702,lspasswd command,1194,bparams command,1.0000
1702,lspasswd command,1598,FLEXlm command lmstat,1.0000
1702,lspasswd command,1307,bjobs command,1.0000
1702,lspasswd command,2157,Linux command,1.0000
1703,characters,134,uppercase characters,1.0000
1703,characters,1896,illegal character,1.0000
1703,characters,1500,setuid bit,0.9980
1703,characters,1511,ID mode bit,0.9980
1703,characters,232,slurm build,0.9979
1703,characters,536,various graphs,0.9979
1703,characters,2013,c. Migrate,0.9978
1703,characters,210,Build,0.9978
1703,characters,1937,RES binary,0.9978
1703,characters,1689,nosuid flag,0.9978
1704,Windows password authentication,1701,Windows passwords,0.9995
1704,Windows password authentication,428,password usage,0.9992
1704,Windows password authentication,161,authentication module,0.9990
1704,Windows password authentication,75,authentication,0.9990
1704,Windows password authentication,201,Password,0.9988
1704,Windows password authentication,479,purge interval,0.9988
1704,Windows password authentication,2145,easy way,0.9987
1704,Windows password authentication,55,similar tool,0.9986
1704,Windows password authentication,151,different keys,0.9986
1704,Windows password authentication,523,various reports,0.9985
1705,file system environment,1471,system startup files,0.9997
1705,file system environment,727,File systems,0.9989
1705,file system environment,932,Andrew File System,0.9989
1705,file system environment,929,NFS file systems,0.9989
1705,file system environment,927,Network File System,0.9987
1705,file system environment,1202,system configuration,0.9982
1705,file system environment,412,larger systems,0.9981
1705,file system environment,1985,system call times,0.9979
1705,file system environment,393,system build time,0.9978
1705,file system environment,2010,new lsf.conf file,0.9975
1706,parameter LSF_MASTER_LIST,980,LSF_ENVDIR parameter,1.0000
1706,parameter LSF_MASTER_LIST,421,StorageLoc parameter,1.0000
1706,parameter LSF_MASTER_LIST,1504,LSF_STARTUP_PATH parameters,1.0000
1706,parameter LSF_MASTER_LIST,761,REMOVE_HUNG_JOBS_FOR parameter,1.0000
1706,parameter LSF_MASTER_LIST,1931,LSF_ROOT_REX parameter,1.0000
1706,parameter LSF_MASTER_LIST,1634,LSF_MASTER_LIST parameter,1.0000
1706,parameter LSF_MASTER_LIST,1046,LSF_LOGDIR parameter,1.0000
1706,parameter LSF_MASTER_LIST,1967,LSF_LIM_API_NTRIES parameter,1.0000
1706,parameter LSF_MASTER_LIST,131,Parameters,1.0000
1706,parameter LSF_MASTER_LIST,1849,LSF_USE_HOSTEQUIV parameter,1.0000
1707,correct permissions,424,permissions,0.9994
1707,correct permissions,1636,symbolic link,0.9988
1707,correct permissions,1928,operation permission,0.9987
1707,correct permissions,208,arbitrary text string,0.9986
1707,correct permissions,1345,rename abc,0.9986
1707,correct permissions,1580,ELIM program,0.9986
1707,correct permissions,1943,token processing,0.9985
1707,correct permissions,1336,Wrapper binary executables,0.9984
1707,correct permissions,69,better security,0.9984
1707,correct permissions,1824,swap space,0.9984
1708,system environment,1469,system startup,0.9993
1708,system environment,1515,system PATH,0.9976
1708,system environment,481,system utilization,0.9974
1708,system environment,1417,installation script directory,0.9970
1708,system environment,827,operating system,0.9964
1708,system environment,1487,primary administrator,0.9960
1708,system environment,1513,level installation directory,0.9957
1708,system environment,702,administrator overview,0.9955
1708,system environment,412,larger systems,0.9955
1708,system environment,2016,new directory structure changes,0.9954
1709,non-uniform file name space,1820,Incorrect path names,0.9981
1709,non-uniform file name space,389,full domain name,0.9976
1709,non-uniform file name space,1911,Unknown index name,0.9970
1709,non-uniform file name space,1537,lsf.shared file,0.9966
1709,non-uniform file name space,1594,license feature names,0.9962
1709,non-uniform file name space,1895,shorter name,0.9962
1709,non-uniform file name space,1913,index names,0.9954
1709,non-uniform file name space,1884,same lsf.shared file,0.9953
1709,non-uniform file name space,225,MySQL installation,0.9952
1709,non-uniform file name space,2003,work files,0.9950
1711,such file,1358,wrapper files,0.9994
1711,such file,190,flat file,0.9994
1711,such file,27,text file,0.9993
1711,such file,946,file space,0.9992
1711,such file,762,lsb.params file,0.9992
1711,such file,1388,shell files,0.9992
1711,such file,999,Keyword definition file,0.9992
1711,such file,1935,file respath,0.9991
1711,such file,6,simple text file,0.9991
1711,such file,1340,executable file,0.9991
1712,directory message,976,log directories,0.9918
1712,directory message,1995,handshake message,0.9913
1712,directory message,111,messages,0.9913
1712,directory message,1392,LSF_TOP directory,0.9912
1712,directory message,1508,LSF_SERVERDIR directory,0.9912
1712,directory message,945,Non-shared directories,0.9912
1712,directory message,401,directories,0.9912
1712,directory message,1289,home directory,0.9912
1712,directory message,1942,AFS directory,0.9912
1712,directory message,1996,EGO command messages,0.9912
1713,current working directory,2034,old EGO work directory,0.9991
1713,current working directory,975,configuration directories,0.9982
1713,current working directory,1993,system call,0.9977
1713,current working directory,961,Microsoft Windows directory structure,0.9977
1713,current working directory,1355,local directory,0.9976
1713,current working directory,412,larger systems,0.9975
1713,current working directory,393,system build time,0.9974
1713,current working directory,1985,system call times,0.9973
1713,current working directory,952,typical directory structures,0.9972
1713,current working directory,827,operating system,0.9970
1714,current working,2000,current fix pack level,0.9989
1714,current working,1335,Wrapper shell scripts,0.9988
1714,current working,258,older SQL server versions,0.9987
1714,current working,1924,remote execution permission,0.9983
1714,current working,1342,wrapper script,0.9983
1714,current working,1968,environment variable,0.9982
1714,current working,1173,LSF_ENVDIR environment variable,0.9982
1714,current working,632,most cases,0.9982
1714,current working,1151,advanced workload execution mode,0.9982
1714,current working,1584,following example ELIM program,0.9982
1715,different name,127,consistent names,0.9986
1715,different name,1170,master name,0.9978
1715,different name,1870,Invalid section name name,0.9967
1715,different name,1693,name server,0.9959
1715,different name,370,unique name,0.9951
1715,different name,1872,unrecognized section name,0.9951
1715,different name,1820,Incorrect path names,0.9949
1715,different name,86,sacctmgr list cluster,0.9948
1715,different name,1458,different default management host,0.9941
1715,different name,1457,current default management host,0.9940
1716,automount,1717,automount maps,0.9988
1716,automount,1364,appropriate libraries,0.9978
1716,automount,523,various reports,0.9976
1716,automount,55,similar tool,0.9976
1716,automount,518,few tools,0.9975
1716,automount,1581,executable program,0.9975
1716,automount,69,better security,0.9975
1716,automount,1580,ELIM program,0.9974
1716,automount,1157,product entitlement version array,0.9974
1716,automount,674,largest memory peak,0.9974
1717,automount maps,1364,appropriate libraries,0.9990
1717,automount maps,55,similar tool,0.9989
1717,automount maps,518,few tools,0.9988
1717,automount maps,1716,automount,0.9988
1717,automount maps,1100,few minutes,0.9987
1717,automount maps,1581,executable program,0.9986
1717,automount maps,1824,swap space,0.9986
1717,automount maps,1580,ELIM program,0.9986
1717,automount maps,185,network page,0.9986
1717,automount maps,1518,full path,0.9986
1719,Contact IBM Support,1297,shell mode support,0.9981
1719,Contact IBM Support,372,Workload Characterization Key,0.9977
1719,Contact IBM Support,185,network page,0.9976
1719,Contact IBM Support,2031,old EGO password file,0.9974
1719,Contact IBM Support,2000,current fix pack level,0.9973
1719,Contact IBM Support,1364,appropriate libraries,0.9973
1719,Contact IBM Support,1770,automatic detection,0.9972
1719,Contact IBM Support,452,Support,0.9972
1719,Contact IBM Support,1597,IBM Support,0.9972
1719,Contact IBM Support,1717,automount maps,0.9972
1720,Batch daemons,1226,batch system daemon,0.9983
1720,Batch daemons,1037,Management batch daemon,0.9964
1720,Batch daemons,1041,Server batch daemon,0.9937
1720,Batch daemons,1867,new daemon,0.9934
1720,Batch daemons,747,mbatchd daemon,0.9933
1720,Batch daemons,1999,vemkd daemon,0.9923
1720,Batch daemons,68,intermediate daemon,0.9923
1720,Batch daemons,79,daemons,0.9923
1720,Batch daemons,1691,inetd daemon,0.9923
1720,Batch daemons,1685,identification daemon,0.9923
1721,mbatchd exit,1446,e. Reconfigure mbatchd,0.9985
1721,mbatchd exit,1754,sbatchd,0.9970
1721,mbatchd exit,1837,Authentication data format error,0.9963
1721,mbatchd exit,1858,LIM service,0.9960
1721,mbatchd exit,1859,Service lim,0.9960
1721,mbatchd exit,63,Slurm control daemon,0.9960
1721,mbatchd exit,1531,common application,0.9959
1721,mbatchd exit,927,Network File System,0.9954
1721,mbatchd exit,1934,restart request,0.9954
1721,mbatchd exit,381,second MUNGE daemon,0.9953
1722,mbatchd daemon error logs,1752,mbatchd daemon logs,0.9975
1722,mbatchd daemon error logs,1755,sbatchd daemon logs,0.9968
1722,mbatchd daemon error logs,1031,Daemon log files,0.9959
1722,mbatchd daemon error logs,1642,LIM error log,0.9936
1722,mbatchd daemon error logs,1615,Log messages,0.9930
1722,mbatchd daemon error logs,1995,handshake message,0.9909
1722,mbatchd daemon error logs,111,messages,0.9909
1722,mbatchd daemon error logs,1900,LIM messages,0.9900
1722,mbatchd daemon error logs,1653,LIM error,0.9896
1722,mbatchd daemon error logs,1712,directory message,0.9891
1723,LSF administrator mailbox,864,LSF administrator,1.0000
1723,LSF administrator mailbox,745,LSF system,0.9974
1723,LSF administrator mailbox,1117,LSF installation,0.9970
1723,LSF administrator mailbox,1256,LSF batch scheduler,0.9956
1723,LSF administrator mailbox,716,LSF problems,0.9941
1723,LSF administrator mailbox,1095,LSF cluster,0.9937
1723,LSF administrator mailbox,1082,LSF environment,0.9931
1723,LSF administrator mailbox,1651,LSF applications,0.9926
1723,LSF administrator mailbox,849,fair share scheduling,0.9923
1723,LSF administrator mailbox,712,LSF daemons,0.9919
1724,sbatchd starts,1725,sbatchd daemon starts,0.9969
1724,sbatchd starts,100,slurmctld starts,0.9967
1724,sbatchd starts,1225,daemon time,0.9954
1724,sbatchd starts,149,different daemons,0.9949
1724,sbatchd starts,1834,identd daemon,0.9945
1724,sbatchd starts,58,slurmctld daemon,0.9944
1724,sbatchd starts,748,sbatchd daemon,0.9942
1724,sbatchd starts,1101,lim daemon,0.9942
1724,sbatchd starts,1039,Management scheduler daemon,0.9932
1724,sbatchd starts,468,daemon mode,0.9925
1725,sbatchd daemon starts,747,mbatchd daemon,0.9974
1725,sbatchd daemon starts,1724,sbatchd starts,0.9969
1725,sbatchd daemon starts,1101,lim daemon,0.9965
1725,sbatchd daemon starts,748,sbatchd daemon,0.9953
1725,sbatchd daemon starts,1225,daemon time,0.9951
1725,sbatchd daemon starts,1867,new daemon,0.9942
1725,sbatchd daemon starts,1037,Management batch daemon,0.9936
1725,sbatchd daemon starts,1834,identd daemon,0.9934
1725,sbatchd daemon starts,1971,EGO daemons,0.9927
1725,sbatchd daemon starts,1041,Server batch daemon,0.9919
1726,unknown service error message displays,1224,following message,0.9989
1726,unknown service error message displays,1916,RES messages,0.9984
1726,unknown service error message displays,1158,Last message,0.9984
1726,unknown service error message displays,390,warning message,0.9982
1726,unknown service error message displays,1939,sbatchd messages,0.9976
1726,unknown service error message displays,1684,detailed error message,0.9957
1726,unknown service error message displays,1981,failure Possible reason Error message output,0.9957
1726,unknown service error message displays,1978,error reasons,0.9955
1726,unknown service error message displays,1287,standard error,0.9951
1726,unknown service error message displays,1444,unrecoverable errors,0.9950
1728,fix LIM problems,1613,Most problems,0.9948
1728,fix LIM problems,1900,LIM messages,0.9946
1728,fix LIM problems,468,daemon mode,0.9939
1728,fix LIM problems,1975,command client messages,0.9937
1728,fix LIM problems,1763,lim command,0.9925
1728,fix LIM problems,1840,ident daemon,0.9924
1728,fix LIM problems,1815,command request,0.9922
1728,fix LIM problems,1110,mbatchd,0.9922
1728,fix LIM problems,1137,Other messages,0.9918
1728,fix LIM problems,1834,identd daemon,0.9918
1729,LIM communication times,1648,local LIM,0.9987
1729,LIM communication times,1934,restart request,0.9986
1729,LIM communication times,1643,LIM communication,0.9983
1729,LIM communication times,1858,LIM service,0.9982
1729,LIM communication times,1859,Service lim,0.9982
1729,LIM communication times,1438,d. Reconfigure lim,0.9978
1729,LIM communication times,1961,LIM API,0.9977
1729,LIM communication times,1645,Communication time,0.9975
1729,LIM communication times,1260,executable applications,0.9975
1729,LIM communication times,1035,Remote execution server,0.9973
1730,orphaned job processes,769,job processes,1.0000
1730,orphaned job processes,843,schedule jobs,0.9982
1730,orphaned job processes,1230,dispatch jobs,0.9982
1730,orphaned job processes,1265,job ID,0.9981
1730,orphaned job processes,751,chunk job,0.9978
1730,orphaned job processes,188,job completion,0.9978
1730,orphaned job processes,766,running job,0.9977
1730,orphaned job processes,806,interactive job,0.9976
1730,orphaned job processes,892,job submission,0.9976
1730,orphaned job processes,664,job runtime,0.9976
1731,process groups,1734,child process group,0.9990
1731,process groups,513,Purge process,0.9989
1731,process groups,1745,child processes,0.9987
1731,process groups,1746,parent process group,0.9984
1731,process groups,782,group,0.9982
1731,process groups,684,processes,0.9981
1731,process groups,1741,root process group,0.9980
1731,process groups,1735,parent process,0.9978
1731,process groups,114,single location,0.9976
1731,process groups,813,single process,0.9970
1732,new process group,91,new version,0.9979
1732,new process group,781,own process queue,0.9972
1732,new process group,1983,new connections,0.9970
1732,new process group,1956,new configuration,0.9962
1732,new process group,738,dispatch,0.9957
1732,new process group,603,same level,0.9956
1732,new process group,1386,new queue definition,0.9956
1732,new process group,1371,other applications,0.9954
1732,new process group,1261,execution scripts,0.9949
1732,new process group,868,new values,0.9949
1733,parent,572,physics parent,1.0000
1733,parent,1343,simple interface,0.9982
1733,parent,536,various graphs,0.9982
1733,parent,2175,n3 State,0.9981
1733,parent,674,largest memory peak,0.9981
1733,parent,1345,rename abc,0.9981
1733,parent,208,arbitrary text string,0.9981
1733,parent,359,MUNGE authentication,0.9981
1733,parent,539,performance metrics,0.9980
1733,parent,281,specific situations,0.9980
1734,child process group,1745,child processes,0.9998
1734,child process group,1746,parent process group,0.9997
1734,child process group,1735,parent process,0.9993
1734,child process group,782,group,0.9991
1734,child process group,513,Purge process,0.9991
1734,child process group,1731,process groups,0.9990
1734,child process group,1742,parent process ID,0.9987
1734,child process group,1741,root process group,0.9984
1734,child process group,1823,enough available memory,0.9975
1734,child process group,114,single location,0.9974
1735,parent process,1746,parent process group,0.9998
1735,parent process,1742,parent process ID,0.9995
1735,parent process,1745,child processes,0.9994
1735,parent process,1734,child process group,0.9993
1735,parent process,513,Purge process,0.9987
1735,parent process,1741,root process group,0.9979
1735,parent process,1731,process groups,0.9978
1735,parent process,782,group,0.9978
1735,parent process,591,different points,0.9973
1735,parent process,687,different meanings,0.9972
1736,Linux cgroups,33,cgroup,1.0000
1736,Linux cgroups,1246,r1 m,0.9967
1736,Linux cgroups,1291,errors.%J ls -l,0.9966
1736,Linux cgroups,1421,c. Edit,0.9963
1736,Linux cgroups,140,normal MUNGE configuration,0.9961
1736,Linux cgroups,2061,SelectTypeParameters,0.9960
1736,Linux cgroups,1178,status r15s r1 m,0.9959
1736,Linux cgroups,1283,short sleep,0.9959
1736,Linux cgroups,2088,salloc,0.9959
1736,Linux cgroups,307,_ ci suffix,0.9957
1737,swap limit enforcement,610,Limit Enforcement,0.9989
1737,swap limit enforcement,343,minutes limit,0.9988
1737,swap limit enforcement,611,Various limits,0.9987
1737,swap limit enforcement,341,QOS limits,0.9977
1737,swap limit enforcement,891,hard limits,0.9977
1737,swap limit enforcement,191,accounting storage plugin,0.9971
1737,swap limit enforcement,428,password usage,0.9971
1737,swap limit enforcement,636,usage data,0.9970
1737,swap limit enforcement,172,accounting tools,0.9970
1737,swap limit enforcement,201,Password,0.9970
1738,Linux cgroup memory,2237,cgroup plugin,0.9989
1738,Linux cgroup memory,2094,APrevents sharing,0.9982
1738,Linux cgroup memory,1787,Total Processors,0.9980
1738,Linux cgroup memory,670,maximum memory peak,0.9978
1738,Linux cgroup memory,485,form,0.9978
1738,Linux cgroup memory,1247,ut pg io ls,0.9976
1738,Linux cgroup memory,2176,cons_tres plugin,0.9975
1738,Linux cgroup memory,51,pathname,0.9974
1738,Linux cgroup memory,397,qualified pathname,0.9974
1738,Linux cgroup memory,853,Total virtual memory usage,0.9973
1740,job RES,1310,Job owners,0.9993
1740,job RES,25,detailed job,0.9993
1740,job RES,1347,job abc_real,0.9990
1740,job RES,1274,complete job,0.9989
1740,job RES,1481,job state,0.9989
1740,job RES,1277,sleep job,0.9989
1740,job RES,1285,job report,0.9988
1740,job RES,1259,most jobs,0.9988
1740,job RES,778,parallel jobs,0.9988
1740,job RES,894,job scheduling,0.9987
1741,root process group,1734,child process group,0.9984
1741,root process group,1746,parent process group,0.9984
1741,root process group,1745,child processes,0.9980
1741,root process group,1731,process groups,0.9980
1741,root process group,1735,parent process,0.9979
1741,root process group,782,group,0.9978
1741,root process group,1075,Only root,0.9975
1741,root process group,1742,parent process ID,0.9973
1741,root process group,513,Purge process,0.9973
1741,root process group,1827,available swap space,0.9967
1742,parent process ID,1735,parent process,0.9995
1742,parent process ID,1746,parent process group,0.9993
1742,parent process ID,1734,child process group,0.9987
1742,parent process ID,1745,child processes,0.9987
1742,parent process ID,135,best way,0.9983
1742,parent process ID,591,different points,0.9982
1742,parent process ID,1229,different scheduling policies,0.9980
1742,parent process ID,2145,easy way,0.9979
1742,parent process ID,55,similar tool,0.9979
1742,parent process ID,687,different meanings,0.9979
1744,only reliable way,1823,enough available memory,0.9977
1744,only reliable way,513,Purge process,0.9971
1744,only reliable way,410,NOTE,0.9970
1744,only reliable way,179,different machine,0.9970
1744,only reliable way,249,old records,0.9969
1744,only reliable way,420,only acceptable value,0.9968
1744,only reliable way,165,case,0.9968
1744,only reliable way,64,slurmctld,0.9967
1744,only reliable way,605,served slurmctld,0.9967
1744,only reliable way,780,single machine,0.9966
1745,child processes,1734,child process group,0.9998
1745,child processes,1746,parent process group,0.9994
1745,child processes,1735,parent process,0.9994
1745,child processes,513,Purge process,0.9992
1745,child processes,1731,process groups,0.9987
1745,child processes,1742,parent process ID,0.9987
1745,child processes,1741,root process group,0.9980
1745,child processes,782,group,0.9979
1745,child processes,1823,enough available memory,0.9972
1745,child processes,114,single location,0.9972
1746,parent process group,1735,parent process,0.9998
1746,parent process group,1734,child process group,0.9997
1746,parent process group,1745,child processes,0.9994
1746,parent process group,1742,parent process ID,0.9993
1746,parent process group,782,group,0.9990
1746,parent process group,513,Purge process,0.9988
1746,parent process group,1731,process groups,0.9984
1746,parent process group,1741,root process group,0.9984
1746,parent process group,591,different points,0.9977
1746,parent process group,687,different meanings,0.9976
1747,lsb.hosts file,1767,ego.sudoers file,1.0000
1747,lsb.hosts file,905,install.config file,1.0000
1747,lsb.hosts file,52,file,1.0000
1747,lsb.hosts file,1697,HOME/.rhosts file,1.0000
1747,lsb.hosts file,1853,.rhosts file,1.0000
1747,lsb.hosts file,1394,.profile file,1.0000
1747,lsb.hosts file,1427,lsf_getting_started.html file,1.0000
1747,lsb.hosts file,1398,file lsf10.1.0_linux2.,1.0000
1747,lsb.hosts file,167,passwd file,0.9983
1747,lsb.hosts file,2005,ego.shared files,0.9981
1748,unknown host,1918,RES host,0.9994
1748,unknown host,1699,client host,0.9992
1748,unknown host,844,individual hosts,0.9989
1748,unknown host,1955,host host_name,0.9989
1748,unknown host,1437,End Host,0.9989
1748,unknown host,915,first host,0.9987
1748,unknown host,1962,management host list,0.9987
1748,unknown host,1751,HOSTS definition,0.9987
1748,unknown host,1785,Host Architecture,0.9987
1748,unknown host,812,candidate hosts,0.9987
1750,HostPartition sections,1873,section section,1.0000
1750,HostPartition sections,1794,HostType section,1.0000
1750,HostPartition sections,912,ClusterAdmins section,1.0000
1750,HostPartition sections,1115,section,1.0000
1750,HostPartition sections,1799,HostModel section,1.0000
1750,HostPartition sections,1561,ResourceMap section,1.0000
1750,HostPartition sections,1872,unrecognized section name,0.9934
1750,HostPartition sections,1869,Section name,0.9920
1750,HostPartition sections,322,separate section,0.9916
1750,HostPartition sections,1870,Invalid section name name,0.9899
1751,HOSTS definition,873,appropriate hosts,0.9995
1751,HOSTS definition,915,first host,0.9995
1751,HOSTS definition,811,best host,0.9994
1751,HOSTS definition,1785,Host Architecture,0.9994
1751,HOSTS definition,812,candidate hosts,0.9994
1751,HOSTS definition,1955,host host_name,0.9994
1751,HOSTS definition,1328,remote hosts,0.9993
1751,HOSTS definition,844,individual hosts,0.9992
1751,HOSTS definition,1437,End Host,0.9990
1751,HOSTS definition,1699,client host,0.9990
1752,mbatchd daemon logs,1755,sbatchd daemon logs,0.9990
1752,mbatchd daemon logs,1722,mbatchd daemon error logs,0.9975
1752,mbatchd daemon logs,1031,Daemon log files,0.9961
1752,mbatchd daemon logs,1971,EGO daemons,0.9948
1752,mbatchd daemon logs,747,mbatchd daemon,0.9936
1752,mbatchd daemon logs,360,MUNGE daemon,0.9935
1752,mbatchd daemon logs,363,alternate MUNGE daemon,0.9935
1752,mbatchd daemon logs,748,sbatchd daemon,0.9932
1752,mbatchd daemon logs,1041,Server batch daemon,0.9914
1752,mbatchd daemon logs,1101,lim daemon,0.9910
1753,Host hostname,1323,host hosta,0.9976
1753,Host hostname,1528,host selection,0.9956
1753,Host hostname,1963,server host list,0.9946
1753,Host hostname,1327,remote host hosta,0.9945
1753,Host hostname,1633,first few hosts,0.9941
1753,Host hostname,1748,unknown host,0.9939
1753,Host hostname,844,individual hosts,0.9934
1753,Host hostname,175,Storage Backup Host,0.9929
1753,Host hostname,1699,client host,0.9928
1753,Host hostname,1657,hosts file,0.9923
1754,sbatchd,1446,e. Reconfigure mbatchd,0.9975
1754,sbatchd,1721,mbatchd exit,0.9970
1754,sbatchd,63,Slurm control daemon,0.9965
1754,sbatchd,1859,Service lim,0.9959
1754,sbatchd,1858,LIM service,0.9959
1754,sbatchd,381,second MUNGE daemon,0.9956
1754,sbatchd,1729,LIM communication times,0.9951
1754,sbatchd,1648,local LIM,0.9949
1754,sbatchd,1652,master LIM,0.9947
1754,sbatchd,1643,LIM communication,0.9946
1755,sbatchd daemon logs,1752,mbatchd daemon logs,0.9990
1755,sbatchd daemon logs,1031,Daemon log files,0.9980
1755,sbatchd daemon logs,1722,mbatchd daemon error logs,0.9968
1755,sbatchd daemon logs,360,MUNGE daemon,0.9956
1755,sbatchd daemon logs,363,alternate MUNGE daemon,0.9956
1755,sbatchd daemon logs,1971,EGO daemons,0.9954
1755,sbatchd daemon logs,748,sbatchd daemon,0.9937
1755,sbatchd daemon logs,1840,ident daemon,0.9931
1755,sbatchd daemon logs,519,SlurmDBD daemon,0.9926
1755,sbatchd daemon logs,1834,identd daemon,0.9921
1756,lsbatch system,1993,system call,0.9987
1756,lsbatch system,412,larger systems,0.9984
1756,lsbatch system,827,operating system,0.9979
1756,lsbatch system,1202,system configuration,0.9978
1756,lsbatch system,481,system utilization,0.9972
1756,lsbatch system,1515,system PATH,0.9971
1756,lsbatch system,927,Network File System,0.9969
1756,lsbatch system,1713,current working directory,0.9966
1756,lsbatch system,1705,file system environment,0.9966
1756,lsbatch system,814,batch processing features,0.9965
1757,Unknown host type,1272,appropriate host type,0.9994
1757,Unknown host type,1801,host model list,0.9990
1757,Unknown host type,1889,many host models,0.9989
1757,Unknown host type,1778,automatic host model,0.9989
1757,Unknown host type,1802,host model entries,0.9987
1757,Unknown host type,1748,unknown host,0.9977
1757,Unknown host type,873,appropriate hosts,0.9977
1757,Unknown host type,812,candidate hosts,0.9976
1757,Unknown host type,1955,host host_name,0.9976
1757,Unknown host type,1785,Host Architecture,0.9975
1758,type UNKNOWN,1779,type detection,0.9988
1758,type UNKNOWN,1526,main types,0.9988
1758,type UNKNOWN,704,various types,0.9987
1758,type UNKNOWN,1430,type columns,0.9986
1758,type UNKNOWN,1147,binary type,0.9984
1758,type UNKNOWN,20,distinct plugin types,0.9967
1758,type UNKNOWN,1545,RESOURCENAME TYPE INTERVAL,0.9965
1758,type UNKNOWN,1769,specific model,0.9957
1758,type UNKNOWN,1633,first few hosts,0.9931
1758,type UNKNOWN,1433,HOSTNAME model type server r,0.9929
1759,immediate action,170,action,1.0000
1759,immediate action,1511,ID mode bit,0.9970
1759,immediate action,1500,setuid bit,0.9970
1759,immediate action,538,exporter tool,0.9969
1759,immediate action,219,place upgrades,0.9968
1759,immediate action,208,arbitrary text string,0.9968
1759,immediate action,1349,string,0.9968
1759,immediate action,1345,rename abc,0.9967
1759,immediate action,674,largest memory peak,0.9967
1759,immediate action,2172,Many additional scenarios,0.9967
1760,lshosts,1584,following example ELIM program,0.9978
1760,lshosts,1770,automatic detection,0.9977
1760,lshosts,93,unexpected results,0.9977
1760,lshosts,1364,appropriate libraries,0.9977
1760,lshosts,2000,current fix pack level,0.9977
1760,lshosts,1924,remote execution permission,0.9977
1760,lshosts,1714,current working,0.9976
1760,lshosts,1100,few minutes,0.9976
1760,lshosts,518,few tools,0.9976
1760,lshosts,1984,connect,0.9976
1761,hostA UNKNOWN Ultra,1331,Executing hostname,0.9989
1761,hostA UNKNOWN Ultra,1330,hostname,0.9980
1761,hostA UNKNOWN Ultra,1952,JobId,0.9961
1761,hostA UNKNOWN Ultra,307,_ ci suffix,0.9948
1761,hostA UNKNOWN Ultra,162,UIDs,0.9948
1761,hostA UNKNOWN Ultra,1495,user5 PEND night hostA hostC,0.9946
1761,hostA UNKNOWN Ultra,1325,hosta hostname,0.9942
1761,hostA UNKNOWN Ultra,1945,logJobInfo _,0.9941
1761,hostA UNKNOWN Ultra,1301,user1 RUN normal hosta hostb,0.9932
1761,hostA UNKNOWN Ultra,1283,short sleep,0.9930
1762,bctrld,1631,# bctrld restart,0.9989
1762,bctrld,1630,# bctrld restart lim,0.9986
1762,bctrld,1105,# bctrld stop,0.9961
1762,bctrld,1096,# bctrld,0.9954
1762,bctrld,1652,master LIM,0.9948
1762,bctrld,1961,LIM API,0.9948
1762,bctrld,1643,LIM communication,0.9944
1762,bctrld,1438,d. Reconfigure lim,0.9944
1762,bctrld,1150,3.6.0 Lim,0.9941
1762,bctrld,1858,LIM service,0.9935
1763,lim command,1465,lsadmin reconfig command,0.9976
1763,lim command,1476,badmin reconfig command,0.9975
1763,lim command,1442,lsadmin reconfig command checks,0.9975
1763,lim command,1466,badmin mbdrestart command,0.9971
1763,lim command,1135,lsadmin ckconfig command,0.9970
1763,lim command,1448,badmin reconfig command checks,0.9969
1763,lim command,1196,bhist command,0.9968
1763,lim command,1209,bhosts command,0.9967
1763,lim command,1125,lsid command,0.9966
1763,lim command,1126,lsload command,0.9966
1764,lim hostA,1301,user1 RUN normal hosta hostb,0.9943
1764,lim hostA,162,UIDs,0.9929
1764,lim hostA,130,lowercase usernames,0.9925
1764,lim hostA,133,usernames,0.9925
1764,lim hostA,1291,errors.%J ls -l,0.9925
1764,lim hostA,296,db_name,0.9919
1764,lim hostA,1761,hostA UNKNOWN Ultra,0.9919
1764,lim hostA,1805,MODELNAME CPUFACTOR ARCHITECTURE # keyword,0.9916
1764,lim hostA,1930,RES control requests,0.9914
1764,lim hostA,1155,lim -C,0.9914
1765,egosh ego,2013,c. Migrate,0.9981
1765,egosh ego,1088,tcsh shell,0.9980
1765,egosh ego,1500,setuid bit,0.9979
1765,egosh ego,497,site,0.9979
1765,egosh ego,1367,software products,0.9979
1765,egosh ego,94,internal cache,0.9978
1765,egosh ego,1345,rename abc,0.9978
1765,egosh ego,1824,swap space,0.9978
1765,egosh ego,1511,ID mode bit,0.9978
1765,egosh ego,1689,nosuid flag,0.9978
1766,multiple hosts,1426,host setup,0.9993
1766,multiple hosts,1698,destination host,0.9992
1766,multiple hosts,460,local host,0.9992
1766,multiple hosts,811,best host,0.9990
1766,multiple hosts,1569,different hosts,0.9990
1766,multiple hosts,812,candidate hosts,0.9989
1766,multiple hosts,178,backup host,0.9989
1766,multiple hosts,873,appropriate hosts,0.9989
1766,multiple hosts,1955,host host_name,0.9988
1766,multiple hosts,948,submission host,0.9987
1767,ego.sudoers file,52,file,1.0000
1767,ego.sudoers file,1427,lsf_getting_started.html file,1.0000
1767,ego.sudoers file,1394,.profile file,1.0000
1767,ego.sudoers file,1697,HOME/.rhosts file,1.0000
1767,ego.sudoers file,1853,.rhosts file,1.0000
1767,ego.sudoers file,1747,lsb.hosts file,1.0000
1767,ego.sudoers file,905,install.config file,1.0000
1767,ego.sudoers file,1398,file lsf10.1.0_linux2.,1.0000
1767,ego.sudoers file,167,passwd file,0.9983
1767,ego.sudoers file,2005,ego.shared files,0.9981
1768,rsh command,960,lsfinstall command,1.0000
1768,rsh command,2157,Linux command,1.0000
1768,rsh command,1307,bjobs command,1.0000
1768,rsh command,1425,install.config command,1.0000
1768,rsh command,295,command,1.0000
1768,rsh command,1253,bparams command,1.0000
1768,rsh command,1702,lspasswd command,1.0000
1768,rsh command,1194,bparams command,1.0000
1768,rsh command,1598,FLEXlm command lmstat,1.0000
1768,rsh command,1687,filename command,1.0000
1769,specific model,20,distinct plugin types,0.9979
1769,specific model,1545,RESOURCENAME TYPE INTERVAL,0.9976
1769,specific model,1430,type columns,0.9974
1769,specific model,1147,binary type,0.9973
1769,specific model,704,various types,0.9971
1769,specific model,1758,type UNKNOWN,0.9957
1769,specific model,1779,type detection,0.9955
1769,specific model,830,same computer architecture,0.9953
1769,specific model,1526,main types,0.9947
1769,specific model,357,database type storage plugins,0.9943
1770,automatic detection,1100,few minutes,0.9985
1770,automatic detection,518,few tools,0.9984
1770,automatic detection,185,network page,0.9983
1770,automatic detection,1717,automount maps,0.9983
1770,automatic detection,1581,executable program,0.9982
1770,automatic detection,2000,current fix pack level,0.9982
1770,automatic detection,1877,Ignore,0.9982
1770,automatic detection,1928,operation permission,0.9982
1770,automatic detection,224,InnoDB storage engine,0.9982
1770,automatic detection,503,separate instances,0.9981
1771,incorrect CPU factors,835,CPU speed scaling factor,0.9990
1771,incorrect CPU factors,2153,Slurm abstract CPU ids,0.9978
1771,incorrect CPU factors,851,Total CPU time,0.9977
1771,incorrect CPU factors,876,relative CPU speed,0.9975
1771,incorrect CPU factors,646,many parallel tasks,0.9975
1771,incorrect CPU factors,2163,physical CPU layout,0.9972
1771,incorrect CPU factors,2138,CPU Management Steps,0.9969
1771,incorrect CPU factors,2093,Restricts node selection,0.9959
1771,incorrect CPU factors,642,task level,0.9957
1771,incorrect CPU factors,2220,other socket,0.9956
1772,DEFAULT type,1775,DEFAULT model,0.9984
1772,DEFAULT type,1774,DEFAULT host type,0.9918
1772,DEFAULT type,1776,DEFAULT host model,0.9916
1772,DEFAULT type,1458,different default management host,0.9905
1772,DEFAULT type,357,database type storage plugins,0.9903
1772,DEFAULT type,1430,type columns,0.9898
1772,DEFAULT type,704,various types,0.9896
1772,DEFAULT type,1147,binary type,0.9894
1772,DEFAULT type,1779,type detection,0.9893
1772,DEFAULT type,1526,main types,0.9889
1773,binary incompatibility,1966,binary upgrade,0.9994
1773,binary incompatibility,1362,Binary code,0.9994
1773,binary incompatibility,875,binary architecture,0.9992
1773,binary incompatibility,1541,binary program,0.9992
1773,binary incompatibility,1357,wrapper binary,0.9992
1773,binary incompatibility,1356,Wrapper binary programs,0.9991
1773,binary incompatibility,1937,RES binary,0.9989
1773,binary incompatibility,1336,Wrapper binary executables,0.9987
1773,binary incompatibility,775,individual computer,0.9986
1773,binary incompatibility,219,place upgrades,0.9985
1774,DEFAULT host type,1776,DEFAULT host model,0.9994
1774,DEFAULT host type,831,same type,0.9967
1774,DEFAULT host type,1272,appropriate host type,0.9963
1774,DEFAULT host type,1802,host model entries,0.9949
1774,DEFAULT host type,1569,different hosts,0.9947
1774,DEFAULT host type,919,only hosts,0.9945
1774,DEFAULT host type,1889,many host models,0.9944
1774,DEFAULT host type,1757,Unknown host type,0.9943
1774,DEFAULT host type,1801,host model list,0.9940
1774,DEFAULT host type,1778,automatic host model,0.9940
1775,DEFAULT model,1772,DEFAULT type,0.9984
1775,DEFAULT model,1458,different default management host,0.9919
1775,DEFAULT model,1776,DEFAULT host model,0.9911
1775,DEFAULT model,357,database type storage plugins,0.9911
1775,DEFAULT model,1769,specific model,0.9911
1775,DEFAULT model,1021,default application profile,0.9909
1775,DEFAULT model,1022,default application profile./usr,0.9909
1775,DEFAULT model,1430,type columns,0.9899
1775,DEFAULT model,1147,binary type,0.9896
1775,DEFAULT model,1457,current default management host,0.9895
1776,DEFAULT host model,1774,DEFAULT host type,0.9994
1776,DEFAULT host model,1272,appropriate host type,0.9960
1776,DEFAULT host model,919,only hosts,0.9958
1776,DEFAULT host model,1569,different hosts,0.9958
1776,DEFAULT host model,1802,host model entries,0.9957
1776,DEFAULT host model,1458,different default management host,0.9957
1776,DEFAULT host model,831,same type,0.9957
1776,DEFAULT host model,1889,many host models,0.9956
1776,DEFAULT host model,1801,host model list,0.9951
1776,DEFAULT host model,1778,automatic host model,0.9950
1777,hostA DEFAULT DEFAULT,300,default collation,0.9936
1777,hostA DEFAULT DEFAULT,2181,default partition,0.9931
1777,hostA DEFAULT DEFAULT,216,partition,0.9926
1777,hostA DEFAULT DEFAULT,584,specific partitions,0.9916
1777,hostA DEFAULT DEFAULT,607,Default wckey,0.9912
1777,hostA DEFAULT DEFAULT,2072,partition definition,0.9907
1777,hostA DEFAULT DEFAULT,350,default behavior,0.9904
1777,hostA DEFAULT DEFAULT,609,Slurm partition,0.9898
1777,hostA DEFAULT DEFAULT,271,default row format,0.9893
1777,hostA DEFAULT DEFAULT,1413,distribution files,0.9884
1778,automatic host model,1889,many host models,0.9997
1778,automatic host model,1802,host model entries,0.9995
1778,automatic host model,1801,host model list,0.9992
1778,automatic host model,1272,appropriate host type,0.9990
1778,automatic host model,1757,Unknown host type,0.9989
1778,automatic host model,873,appropriate hosts,0.9986
1778,automatic host model,812,candidate hosts,0.9985
1778,automatic host model,811,best host,0.9984
1778,automatic host model,1955,host host_name,0.9984
1778,automatic host model,460,local host,0.9983
1779,type detection,1526,main types,0.9993
1779,type detection,704,various types,0.9991
1779,type detection,1147,binary type,0.9989
1779,type detection,1430,type columns,0.9989
1779,type detection,1758,type UNKNOWN,0.9988
1779,type detection,20,distinct plugin types,0.9963
1779,type detection,1769,specific model,0.9955
1779,type detection,1545,RESOURCENAME TYPE INTERVAL,0.9947
1779,type detection,357,database type storage plugins,0.9941
1779,type detection,1757,Unknown host type,0.9930
1780,efficient use,1534,optimal use,1.0000
1780,efficient use,77,database use,0.9952
1780,efficient use,1134,available queues,0.9898
1780,efficient use,36,job name,0.9897
1780,efficient use,598,regular uses,0.9896
1780,efficient use,1486,other queues,0.9894
1780,efficient use,182,same database,0.9892
1780,efficient use,183,same users,0.9883
1780,efficient use,623,change,0.9874
1780,efficient use,119,same person,0.9874
1782,Linux host,777,Multiprocessor hosts,1.0000
1782,Linux host,1903,non-LSF host,1.0000
1782,Linux host,80,host,1.0000
1782,Linux host,1783,AIX host,1.0000
1782,Linux host,1187,host status,1.0000
1782,Linux host,1850,equivalent host,1.0000
1782,Linux host,1660,official host,1.0000
1782,Linux host,1380,new hosts,0.9943
1782,Linux host,823,host models,0.9942
1782,Linux host,822,Host types,0.9941
1783,AIX host,777,Multiprocessor hosts,1.0000
1783,AIX host,1660,official host,1.0000
1783,AIX host,1782,Linux host,1.0000
1783,AIX host,1187,host status,1.0000
1783,AIX host,80,host,1.0000
1783,AIX host,1850,equivalent host,1.0000
1783,AIX host,1903,non-LSF host,1.0000
1783,AIX host,1380,new hosts,0.9943
1783,AIX host,823,host models,0.9942
1783,AIX host,822,Host types,0.9941
1785,Host Architecture,915,first host,0.9995
1785,Host Architecture,1751,HOSTS definition,0.9994
1785,Host Architecture,844,individual hosts,0.9994
1785,Host Architecture,873,appropriate hosts,0.9994
1785,Host Architecture,812,candidate hosts,0.9993
1785,Host Architecture,811,best host,0.9993
1785,Host Architecture,1955,host host_name,0.9992
1785,Host Architecture,1699,client host,0.9991
1785,Host Architecture,1328,remote hosts,0.9991
1785,Host Architecture,1437,End Host,0.9989
1786,Total NUMA Nodes,2078,whole nodes,0.9994
1786,Total NUMA Nodes,2075,node definition,0.9990
1786,Total NUMA Nodes,2201,first node,0.9989
1786,Total NUMA Nodes,2097,specific nodes,0.9989
1786,Total NUMA Nodes,2203,third node,0.9986
1786,Total NUMA Nodes,2174,hypernode Nodes,0.9983
1786,Total NUMA Nodes,2202,second node,0.9981
1786,Total NUMA Nodes,2051,Node selection,0.9974
1786,Total NUMA Nodes,2091,ARestricts node selection,0.9974
1786,Total NUMA Nodes,2141,whole node allocation,0.9973
1787,Total Processors,776,processor,0.9987
1787,Total Processors,2094,APrevents sharing,0.9986
1787,Total Processors,1738,Linux cgroup memory,0.9980
1787,Total Processors,670,maximum memory peak,0.9978
1787,Total Processors,696,maximum memory,0.9976
1787,Total Processors,619,like fashion,0.9973
1787,Total Processors,1789,Total Threads,0.9973
1787,Total Processors,2067,layout,0.9971
1787,Total Processors,351,policies,0.9971
1787,Total Processors,1247,ut pg io ls,0.9971
1788,Total Cores,2226,block --cpu,0.9939
1788,Total Cores,2056,individual sockets,0.9935
1788,Total Cores,2142,particular socket,0.9921
1788,Total Cores,1216,Total number,0.9904
1788,Total Cores,1586,# number,0.9899
1788,Total Cores,2210,Socket id,0.9899
1788,Total Cores,2212,cyclic,0.9898
1788,Total Cores,157,local domain socket,0.9898
1788,Total Cores,2222,socket i d,0.9893
1788,Total Cores,2058,threads,0.9892
1789,Total Threads,2104,robin fashion,0.9975
1789,Total Threads,1787,Total Processors,0.9973
1789,Total Threads,776,processor,0.9972
1789,Total Threads,560,hierarchical fashion,0.9969
1789,Total Threads,2067,layout,0.9969
1789,Total Threads,1894,maximum length,0.9966
1789,Total Threads,1891,maximum,0.9966
1789,Total Threads,437,MySQL connection i d,0.9964
1789,Total Threads,696,maximum memory,0.9961
1789,Total Threads,2240,affinity plugin,0.9960
1790,Matched Type,204,Type,1.0000
1790,Matched Type,824,type X86_,1.0000
1790,Matched Type,1792,Matched Model,0.9943
1790,Matched Type,985,models,0.9943
1790,Matched Type,831,same type,0.9934
1790,Matched Type,1887,host model model,0.9927
1790,Matched Type,822,Host types,0.9923
1790,Matched Type,1272,appropriate host type,0.9923
1790,Matched Type,1795,host type name,0.9913
1790,Matched Type,1774,DEFAULT host type,0.9911
1791,Architecture,875,binary architecture,0.9992
1791,Architecture,775,individual computer,0.9983
1791,Architecture,1560,RELEASE column,0.9982
1791,Architecture,674,largest memory peak,0.9981
1791,Architecture,690,average memory peaks,0.9979
1791,Architecture,1305,STAT column,0.9978
1791,Architecture,310,columns,0.9978
1791,Architecture,1557,INCREASING column,0.9978
1791,Architecture,1610,best advantage,0.9978
1791,Architecture,1362,Binary code,0.9977
1792,Matched Model,985,models,1.0000
1792,Matched Model,1887,host model model,0.9963
1792,Matched Model,1802,host model entries,0.9961
1792,Matched Model,1272,appropriate host type,0.9954
1792,Matched Model,1778,automatic host model,0.9953
1792,Matched Model,1889,many host models,0.9953
1792,Matched Model,1801,host model list,0.9950
1792,Matched Model,1757,Unknown host type,0.9949
1792,Matched Model,204,Type,0.9943
1792,Matched Model,824,type X86_,0.9943
1794,HostType section,1873,section section,1.0000
1794,HostType section,1115,section,1.0000
1794,HostType section,1750,HostPartition sections,1.0000
1794,HostType section,912,ClusterAdmins section,1.0000
1794,HostType section,1799,HostModel section,1.0000
1794,HostType section,1561,ResourceMap section,1.0000
1794,HostType section,1872,unrecognized section name,0.9934
1794,HostType section,1869,Section name,0.9920
1794,HostType section,322,separate section,0.9916
1794,HostType section,1870,Invalid section name name,0.9899
1795,host type name,984,host names,0.9981
1795,host type name,822,Host types,0.9969
1795,host type name,823,host models,0.9968
1795,host type name,1887,host model model,0.9967
1795,host type name,1692,Inconsistent host names,0.9966
1795,host type name,1412,new host type,0.9960
1795,host type name,1272,appropriate host type,0.9956
1795,host type name,1800,new host model,0.9955
1795,host type name,1700,Windows hosts,0.9954
1795,host type name,178,backup host,0.9952
1798,End HostType,1806,End HostModel,1.0000
1798,End HostType,1565,End ResourceMap,1.0000
1798,End HostType,1518,full path,0.9974
1798,End HostType,1564,RESOURCENAME LOCATION,0.9972
1798,End HostType,1516,relative path,0.9972
1798,End HostType,1477,Configuration Reference,0.9971
1798,End HostType,621,typical execute line,0.9969
1798,End HostType,497,site,0.9968
1798,End HostType,1877,Ignore,0.9968
1798,End HostType,2015,correct configuration path values,0.9967
1799,HostModel section,1873,section section,1.0000
1799,HostModel section,1750,HostPartition sections,1.0000
1799,HostModel section,1115,section,1.0000
1799,HostModel section,912,ClusterAdmins section,1.0000
1799,HostModel section,1794,HostType section,1.0000
1799,HostModel section,1561,ResourceMap section,1.0000
1799,HostModel section,1872,unrecognized section name,0.9934
1799,HostModel section,1869,Section name,0.9920
1799,HostModel section,322,separate section,0.9916
1799,HostModel section,1870,Invalid section name name,0.9899
1800,new host model,1412,new host type,0.9994
1800,new host model,1380,new hosts,0.9981
1800,new host model,823,host models,0.9980
1800,new host model,1103,management host,0.9978
1800,new host model,1582,same host,0.9974
1800,new host model,1887,host model model,0.9973
1800,new host model,754,execution host,0.9973
1800,new host model,1700,Windows hosts,0.9967
1800,new host model,178,backup host,0.9966
1800,new host model,822,Host types,0.9965
1801,host model list,1889,many host models,0.9993
1801,host model list,1802,host model entries,0.9992
1801,host model list,1778,automatic host model,0.9992
1801,host model list,1757,Unknown host type,0.9990
1801,host model list,1272,appropriate host type,0.9987
1801,host model list,873,appropriate hosts,0.9983
1801,host model list,812,candidate hosts,0.9982
1801,host model list,811,best host,0.9982
1801,host model list,1785,Host Architecture,0.9982
1801,host model list,1955,host host_name,0.9980
1802,host model entries,1778,automatic host model,0.9995
1802,host model entries,1889,many host models,0.9993
1802,host model entries,1801,host model list,0.9992
1802,host model entries,1272,appropriate host type,0.9990
1802,host model entries,1757,Unknown host type,0.9987
1802,host model entries,1766,multiple hosts,0.9982
1802,host model entries,811,best host,0.9980
1802,host model entries,460,local host,0.9979
1802,host model entries,812,candidate hosts,0.9979
1802,host model entries,1569,different hosts,0.9978
1803,line limit,2232,SelectTypeParameters configuration option,0.9956
1803,line limit,482,relevant configuration options,0.9954
1803,line limit,338,valid qos,0.9953
1803,line limit,159,slurm.conf,0.9950
1803,line limit,2063,slurm.conf options,0.9950
1803,line limit,331,qos,0.9949
1803,line limit,2194,configuration option CR_CORE_DEFAULT_DIST_BLOCK,0.9949
1803,line limit,2227,CR_CORE_DEFAULT_DIST_BLOCK configuration option specifies,0.9949
1803,line limit,617,many different options,0.9945
1803,line limit,484,Purge options,0.9945
1805,MODELNAME CPUFACTOR ARCHITECTURE # keyword,1546,RELEASE DESCRIPTION # Keywords,0.9996
1805,MODELNAME CPUFACTOR ARCHITECTURE # keyword,1155,lim -C,0.9973
1805,MODELNAME CPUFACTOR ARCHITECTURE # keyword,1036,res,0.9973
1805,MODELNAME CPUFACTOR ARCHITECTURE # keyword,1765,egosh ego,0.9973
1805,MODELNAME CPUFACTOR ARCHITECTURE # keyword,1152,3.6.0 Master LIM,0.9971
1805,MODELNAME CPUFACTOR ARCHITECTURE # keyword,722,concepts,0.9971
1805,MODELNAME CPUFACTOR ARCHITECTURE # keyword,1429,b. Edit,0.9969
1805,MODELNAME CPUFACTOR ARCHITECTURE # keyword,1363,source code,0.9969
1805,MODELNAME CPUFACTOR ARCHITECTURE # keyword,558,terms,0.9968
1805,MODELNAME CPUFACTOR ARCHITECTURE # keyword,2013,c. Migrate,0.9966
1806,End HostModel,1798,End HostType,1.0000
1806,End HostModel,1565,End ResourceMap,1.0000
1806,End HostModel,1518,full path,0.9974
1806,End HostModel,1564,RESOURCENAME LOCATION,0.9972
1806,End HostModel,1516,relative path,0.9972
1806,End HostModel,1477,Configuration Reference,0.9971
1806,End HostModel,621,typical execute line,0.9969
1806,End HostModel,497,site,0.9968
1806,End HostModel,1877,Ignore,0.9968
1806,End HostModel,2015,correct configuration path values,0.9967
1807,b * commands,1136,lsadmin ckconfig -v,0.9979
1807,b * commands,1833,setuid root command,0.9974
1807,b * commands,1200,badmin ckconfig -v,0.9971
1807,b * commands,1193,Other useful commands,0.9970
1807,b * commands,78,other Slurm commands,0.9969
1807,b * commands,1808,* commands,0.9967
1807,b * commands,1089,source command,0.9956
1807,b * commands,820,ls command,0.9953
1807,b * commands,1439,% lsadmin reconfig,0.9951
1807,b * commands,814,batch processing features,0.9951
1808,* commands,1306,bstop command,0.9989
1808,* commands,1133,bqueues command,0.9989
1808,* commands,1255,basic commands,0.9988
1808,* commands,1273,lsgrun command,0.9987
1808,* commands,2148,several commands,0.9987
1808,* commands,9,sacct command,0.9986
1808,* commands,1815,command request,0.9986
1808,* commands,1312,bresume command,0.9986
1808,* commands,758,bkill command,0.9986
1808,* commands,1656,lshosts command,0.9984
1809,clocks,2013,c. Migrate,0.9968
1809,clocks,1596,lic utility,0.9967
1809,clocks,539,performance metrics,0.9967
1809,clocks,1363,source code,0.9966
1809,clocks,159,slurm.conf,0.9966
1809,clocks,359,MUNGE authentication,0.9966
1809,clocks,1511,ID mode bit,0.9965
1809,clocks,1343,simple interface,0.9965
1809,clocks,666,gathered metrics,0.9965
1809,clocks,649,metrics,0.9965
1810,time zones,253,recovery times,1.0000
1810,time zones,39,time,1.0000
1810,time zones,524,time period,1.0000
1810,time zones,872,startup time,0.9986
1810,time zones,40,completion time,0.9980
1810,time zones,795,execution time,0.9980
1810,time zones,403,configure time,0.9970
1810,time zones,1365,more time,0.9966
1810,time zones,861,fixed time intervals,0.9956
1810,time zones,1645,Communication time,0.9951
1811,sync,1707,correct permissions,0.9966
1811,sync,1703,characters,0.9965
1811,sync,134,uppercase characters,0.9965
1811,sync,1896,illegal character,0.9965
1811,sync,1511,ID mode bit,0.9965
1811,sync,1297,shell mode support,0.9964
1811,sync,1610,best advantage,0.9964
1811,sync,536,various graphs,0.9964
1811,sync,1943,token processing,0.9964
1811,sync,538,exporter tool,0.9964
1813,token,1943,token processing,0.9992
1813,token,55,similar tool,0.9984
1813,token,1580,ELIM program,0.9984
1813,token,1560,RELEASE column,0.9984
1813,token,1336,Wrapper binary executables,0.9983
1813,token,69,better security,0.9983
1813,token,1345,rename abc,0.9983
1813,token,1157,product entitlement version array,0.9983
1813,token,208,arbitrary text string,0.9983
1813,token,1356,Wrapper binary programs,0.9983
1815,command request,1451,Command Reference,0.9993
1815,command request,1255,basic commands,0.9992
1815,command request,1997,egosh command,0.9992
1815,command request,2148,several commands,0.9992
1815,command request,1273,lsgrun command,0.9991
1815,command request,1656,lshosts command,0.9991
1815,command request,1133,bqueues command,0.9990
1815,command request,1306,bstop command,0.9990
1815,command request,1312,bresume command,0.9990
1815,command request,9,sacct command,0.9989
1817,Network Time Protocol,239,first time,0.9993
1817,Network Time Protocol,1645,Communication time,0.9992
1817,Network Time Protocol,861,fixed time intervals,0.9992
1817,Network Time Protocol,19,particular time interval,0.9987
1817,Network Time Protocol,227,slurm configure script,0.9982
1817,Network Time Protocol,947,copy result files,0.9982
1817,Network Time Protocol,258,older SQL server versions,0.9981
1817,Network Time Protocol,180,primary instance,0.9980
1817,Network Time Protocol,1342,wrapper script,0.9980
1817,Network Time Protocol,495,Archive Server,0.9980
1818,General errors,1839,protocol error,0.9992
1818,General errors,285,InnoDB error,0.9983
1818,General errors,1444,unrecoverable errors,0.9980
1818,General errors,1825,internal error,0.9979
1818,General errors,1978,error reasons,0.9977
1818,General errors,1684,detailed error message,0.9976
1818,General errors,1972,retry error message,0.9976
1818,General errors,1287,standard error,0.9972
1818,General errors,940,error files,0.9968
1818,General errors,1443,configuration errors,0.9950
1819,incorrect file permissions,1510,file permission mode -rw-------,0.9994
1819,incorrect file permissions,999,Keyword definition file,0.9993
1819,incorrect file permissions,1411,binary files,0.9992
1819,incorrect file permissions,6,simple text file,0.9991
1819,incorrect file permissions,1358,wrapper files,0.9990
1819,incorrect file permissions,2031,old EGO password file,0.9990
1819,incorrect file permissions,2029,old EGO XML configuration files,0.9989
1819,incorrect file permissions,946,file space,0.9989
1819,incorrect file permissions,1388,shell files,0.9989
1819,incorrect file permissions,1711,such file,0.9988
1820,Incorrect path names,389,full domain name,0.9982
1820,Incorrect path names,1709,non-uniform file name space,0.9981
1820,Incorrect path names,1594,license feature names,0.9979
1820,Incorrect path names,1884,same lsf.shared file,0.9974
1820,Incorrect path names,173,same UID,0.9967
1820,Incorrect path names,180,primary instance,0.9964
1820,Incorrect path names,487,available configuration parameters,0.9964
1820,Incorrect path names,495,Archive Server,0.9961
1820,Incorrect path names,1911,Unknown index name,0.9960
1820,Incorrect path names,370,unique name,0.9960
1822,Memory allocation,2180,Simple allocation,0.9983
1822,Memory allocation,2196,cyclic distribution,0.9974
1822,Memory allocation,2219,block distribution method,0.9970
1822,Memory allocation,2224,cyclic distribution method,0.9970
1822,Memory allocation,2199,plane distribution,0.9959
1822,Memory allocation,2048,Distribution,0.9959
1822,Memory allocation,2100,default allocation method,0.9957
1822,Memory allocation,2200,blocks,0.9947
1822,Memory allocation,2238,block method,0.9947
1822,Memory allocation,2049,Optional Distribution,0.9943
1823,enough available memory,244,available memory,0.9992
1823,enough available memory,1827,available swap space,0.9989
1823,enough available memory,902,scheduling thresholds,0.9980
1823,enough available memory,513,Purge process,0.9979
1823,enough available memory,701,other ways,0.9979
1823,enough available memory,97,local storage,0.9979
1823,enough available memory,1251,Scheduling threshold values,0.9978
1823,enough available memory,830,same computer architecture,0.9977
1823,enough available memory,1744,only reliable way,0.9977
1823,enough available memory,179,different machine,0.9977
1824,swap space,1345,rename abc,0.9988
1824,swap space,1366,wrapper shell,0.9987
1824,swap space,1336,Wrapper binary executables,0.9987
1824,swap space,1717,automount maps,0.9986
1824,swap space,1092,bash shell,0.9986
1824,swap space,69,better security,0.9986
1824,swap space,1100,few minutes,0.9986
1824,swap space,1581,executable program,0.9986
1824,swap space,1580,ELIM program,0.9986
1824,swap space,1364,appropriate libraries,0.9985
1825,internal error,285,InnoDB error,0.9994
1825,internal error,1978,error reasons,0.9992
1825,internal error,1287,standard error,0.9991
1825,internal error,1443,configuration errors,0.9983
1825,internal error,1839,protocol error,0.9980
1825,internal error,940,error files,0.9979
1825,internal error,1818,General errors,0.9979
1825,internal error,1444,unrecoverable errors,0.9973
1825,internal error,1166,common configuration errors,0.9962
1825,internal error,1994,Internal library error,0.9960
1826,program load,862,External load,0.9990
1826,program load,12,load imbalance,0.9989
1826,program load,881,load levels,0.9989
1826,program load,880,loadStop load threshold,0.9988
1826,program load,1578,second external load index,0.9986
1826,program load,1576,first external load index,0.9984
1826,program load,1538,external load indexes,0.9983
1826,program load,877,load condition,0.9982
1826,program load,1579,second load index,0.9981
1826,program load,884,specific load index,0.9979
1827,available swap space,1823,enough available memory,0.9989
1827,available swap space,97,local storage,0.9986
1827,available swap space,902,scheduling thresholds,0.9984
1827,available swap space,1009,dispatch windows,0.9981
1827,available swap space,501,sure old records,0.9979
1827,available swap space,830,same computer architecture,0.9979
1827,available swap space,1251,Scheduling threshold values,0.9978
1827,available swap space,701,other ways,0.9978
1827,available swap space,685,other tools,0.9978
1827,available swap space,249,old records,0.9978
1828,more swap space,1827,available swap space,0.9977
1828,more swap space,922,results,0.9973
1828,more swap space,861,fixed time intervals,0.9973
1828,more swap space,239,first time,0.9973
1828,more swap space,19,particular time interval,0.9972
1828,more swap space,1817,Network Time Protocol,0.9972
1828,more swap space,160,more details,0.9972
1828,more swap space,93,unexpected results,0.9972
1828,more swap space,97,local storage,0.9971
1828,more swap space,1211,other details,0.9971
1829,tcp,1421,c. Edit,0.9973
1829,tcp,1178,status r15s r1 m,0.9972
1829,tcp,1246,r1 m,0.9972
1829,tcp,1013,lsbatch,0.9969
1829,tcp,1291,errors.%J ls -l,0.9969
1829,tcp,1550,license2 Numeric,0.9968
1829,tcp,1393,source,0.9965
1829,tcp,1083,profile.lsf,0.9962
1829,tcp,1179,ut pg ls,0.9962
1829,tcp,1247,ut pg io ls,0.9961
1830,ident,1848,ident authentication,0.9983
1830,ident,1831,tcp service,0.9971
1830,ident,497,site,0.9970
1830,ident,987,keywords,0.9970
1830,ident,251,unnecessary small writes,0.9968
1830,ident,1367,software products,0.9968
1830,ident,1088,tcsh shell,0.9967
1830,ident,232,slurm build,0.9967
1830,ident,1824,swap space,0.9967
1830,ident,1689,nosuid flag,0.9967
1831,tcp service,251,unnecessary small writes,0.9981
1831,tcp service,1856,unknown service,0.9980
1831,tcp service,94,internal cache,0.9980
1831,tcp service,1510,file permission mode -rw-------,0.9980
1831,tcp service,1363,source code,0.9979
1831,tcp service,999,Keyword definition file,0.9977
1831,tcp service,203,network port,0.9977
1831,tcp service,2029,old EGO XML configuration files,0.9977
1831,tcp service,72,such services,0.9976
1831,tcp service,232,slurm build,0.9976
1832,services database,67,database security,0.9990
1832,services database,499,production database,0.9990
1832,services database,297,Slurm database,0.9990
1832,services database,284,database version,0.9988
1832,services database,507,certain database entries,0.9988
1832,services database,596,database object,0.9988
1832,services database,459,database slurm_acct_db,0.9984
1832,services database,540,Database Configuration,0.9980
1832,services database,196,database server executes,0.9977
1832,services database,221,database support,0.9976
1833,setuid root command,1807,b * commands,0.9974
1833,setuid root command,814,batch processing features,0.9965
1833,setuid root command,1136,lsadmin ckconfig -v,0.9962
1833,setuid root command,78,other Slurm commands,0.9962
1833,setuid root command,1985,system call times,0.9957
1833,setuid root command,393,system build time,0.9956
1833,setuid root command,1202,system configuration,0.9956
1833,setuid root command,1200,badmin ckconfig -v,0.9954
1833,setuid root command,1471,system startup files,0.9954
1833,setuid root command,1089,source command,0.9954
1834,identd daemon,748,sbatchd daemon,0.9989
1834,identd daemon,1039,Management scheduler daemon,0.9988
1834,identd daemon,58,slurmctld daemon,0.9987
1834,identd daemon,468,daemon mode,0.9986
1834,identd daemon,149,different daemons,0.9982
1834,identd daemon,1225,daemon time,0.9982
1834,identd daemon,1840,ident daemon,0.9981
1834,identd daemon,1971,EGO daemons,0.9980
1834,identd daemon,363,alternate MUNGE daemon,0.9974
1834,identd daemon,360,MUNGE daemon,0.9974
1835,identd,258,older SQL server versions,0.9981
1835,identd,1100,few minutes,0.9980
1835,identd,1924,remote execution permission,0.9980
1835,identd,632,most cases,0.9979
1835,identd,2000,current fix pack level,0.9979
1835,identd,19,particular time interval,0.9978
1835,identd,93,unexpected results,0.9978
1835,identd,1364,appropriate libraries,0.9977
1835,identd,518,few tools,0.9977
1835,identd,1518,full path,0.9977
1837,Authentication data format error,1354,output files,0.9974
1837,Authentication data format error,2003,work files,0.9967
1837,Authentication data format error,1122,proper output,0.9965
1837,Authentication data format error,947,copy result files,0.9965
1837,Authentication data format error,1721,mbatchd exit,0.9963
1837,Authentication data format error,1981,failure Possible reason Error message output,0.9962
1837,Authentication data format error,964,important files,0.9961
1837,Authentication data format error,1446,e. Reconfigure mbatchd,0.9960
1837,Authentication data format error,1286,standard output,0.9959
1837,Authentication data format error,1086,shell environment files,0.9958
1838,Authentication port mismatch,203,network port,0.9983
1838,Authentication port mismatch,415,slurm_acct_db,0.9981
1838,Authentication port mismatch,308,insensitive collation,0.9980
1838,Authentication port mismatch,539,performance metrics,0.9979
1838,Authentication port mismatch,1951,lost_and_found,0.9978
1838,Authentication port mismatch,303,collation,0.9978
1838,Authentication port mismatch,670,maximum memory peak,0.9977
1838,Authentication port mismatch,70,performance,0.9975
1838,Authentication port mismatch,510,mysqldump,0.9974
1838,Authentication port mismatch,2172,Many additional scenarios,0.9974
1839,protocol error,1818,General errors,0.9992
1839,protocol error,285,InnoDB error,0.9983
1839,protocol error,1825,internal error,0.9980
1839,protocol error,1978,error reasons,0.9976
1839,protocol error,1444,unrecoverable errors,0.9976
1839,protocol error,1287,standard error,0.9973
1839,protocol error,1972,retry error message,0.9971
1839,protocol error,1684,detailed error message,0.9971
1839,protocol error,940,error files,0.9970
1839,protocol error,1443,configuration errors,0.9954
1840,ident daemon,468,daemon mode,0.9988
1840,ident daemon,1834,identd daemon,0.9981
1840,ident daemon,519,SlurmDBD daemon,0.9981
1840,ident daemon,363,alternate MUNGE daemon,0.9981
1840,ident daemon,360,MUNGE daemon,0.9981
1840,ident daemon,58,slurmctld daemon,0.9980
1840,ident daemon,1039,Management scheduler daemon,0.9975
1840,ident daemon,149,different daemons,0.9967
1840,ident daemon,1971,EGO daemons,0.9966
1840,ident daemon,748,sbatchd daemon,0.9965
1841,userok,1292,% J variable,0.9961
1841,userok,1247,ut pg io ls,0.9956
1841,userok,1180,swp mem,0.9956
1841,userok,1949,rmLogJobInfo,0.9955
1841,userok,1303,sleep,0.9954
1841,userok,619,like fashion,0.9954
1841,userok,1843,bad port,0.9953
1841,userok,1917,doacceptconn,0.9952
1841,userok,1886,Bad cpuFactor,0.9951
1841,userok,1182,% *,0.9950
1842,Request,1846,service request,0.9992
1842,Request,1663,client requests,0.9992
1842,Request,1100,few minutes,0.9978
1842,Request,72,such services,0.9977
1842,Request,1824,swap space,0.9975
1842,Request,1520,egosh,0.9975
1842,Request,518,few tools,0.9973
1842,Request,1364,appropriate libraries,0.9973
1842,Request,258,older SQL server versions,0.9972
1842,Request,19,particular time interval,0.9971
1843,bad port,1844,non-privileged port,0.9991
1843,bad port,353,port,0.9991
1843,bad port,162,UIDs,0.9979
1843,bad port,1886,Bad cpuFactor,0.9976
1843,bad port,1930,RES control requests,0.9976
1843,bad port,130,lowercase usernames,0.9975
1843,bad port,133,usernames,0.9975
1843,bad port,1838,Authentication port mismatch,0.9973
1843,bad port,1301,user1 RUN normal hosta hostb,0.9973
1843,bad port,296,db_name,0.9972
1844,non-privileged port,353,port,1.0000
1844,non-privileged port,1843,bad port,0.9991
1844,non-privileged port,162,UIDs,0.9977
1844,non-privileged port,1301,user1 RUN normal hosta hostb,0.9966
1844,non-privileged port,296,db_name,0.9966
1844,non-privileged port,1838,Authentication port mismatch,0.9965
1844,non-privileged port,1930,RES control requests,0.9965
1844,non-privileged port,130,lowercase usernames,0.9965
1844,non-privileged port,133,usernames,0.9965
1844,non-privileged port,1917,doacceptconn,0.9956
1845,ident server,502,production server,0.9991
1845,ident server,241,MariaDB server settings,0.9990
1845,ident server,220,DB server packages,0.9989
1845,ident server,917,server column,0.9988
1845,ident server,438,Server version,0.9988
1845,ident server,988,own keywords,0.9982
1845,ident server,1599,own ELIM,0.9981
1845,ident server,944,Windows server machine,0.9979
1845,ident server,258,older SQL server versions,0.9979
1845,ident server,495,Archive Server,0.9978
1846,service request,1842,Request,0.9992
1846,service request,95,service,0.9991
1846,service request,72,such services,0.9990
1846,service request,1856,unknown service,0.9986
1846,service request,1663,client requests,0.9985
1846,service request,2031,old EGO password file,0.9981
1846,service request,1100,few minutes,0.9979
1846,service request,1688,application binary files,0.9978
1846,service request,224,InnoDB storage engine,0.9978
1846,service request,2017,old passwd.lsfuser file,0.9978
1847,user claimed_user,116,user naming,1.0000
1847,user claimed_user,1071,non-root user,1.0000
1847,user claimed_user,66,users,1.0000
1847,user claimed_user,183,same users,0.9948
1847,user claimed_user,920,user data,0.9926
1847,user claimed_user,125,user accounts,0.9922
1847,user claimed_user,37,user name,0.9914
1847,user claimed_user,103,user limits,0.9906
1847,user claimed_user,643,user processes,0.9893
1847,user claimed_user,629,user records,0.9890
1848,ident authentication,208,arbitrary text string,0.9984
1848,ident authentication,219,place upgrades,0.9984
1848,ident authentication,69,better security,0.9984
1848,ident authentication,75,authentication,0.9983
1848,ident authentication,161,authentication module,0.9983
1848,ident authentication,1830,ident,0.9983
1848,ident authentication,1336,Wrapper binary executables,0.9983
1848,ident authentication,523,various reports,0.9982
1848,ident authentication,674,largest memory peak,0.9982
1848,ident authentication,1356,Wrapper binary programs,0.9982
1849,LSF_USE_HOSTEQUIV parameter,980,LSF_ENVDIR parameter,1.0000
1849,LSF_USE_HOSTEQUIV parameter,1706,parameter LSF_MASTER_LIST,1.0000
1849,LSF_USE_HOSTEQUIV parameter,1649,parameter LSF_SERVER_HOSTS,1.0000
1849,LSF_USE_HOSTEQUIV parameter,761,REMOVE_HUNG_JOBS_FOR parameter,1.0000
1849,LSF_USE_HOSTEQUIV parameter,1931,LSF_ROOT_REX parameter,1.0000
1849,LSF_USE_HOSTEQUIV parameter,1634,LSF_MASTER_LIST parameter,1.0000
1849,LSF_USE_HOSTEQUIV parameter,1046,LSF_LOGDIR parameter,1.0000
1849,LSF_USE_HOSTEQUIV parameter,1967,LSF_LIM_API_NTRIES parameter,1.0000
1849,LSF_USE_HOSTEQUIV parameter,1020,DEFAULT_APPLICATION parameter,1.0000
1849,LSF_USE_HOSTEQUIV parameter,131,Parameters,1.0000
1850,equivalent host,1903,non-LSF host,1.0000
1850,equivalent host,80,host,1.0000
1850,equivalent host,1187,host status,1.0000
1850,equivalent host,1783,AIX host,1.0000
1850,equivalent host,1782,Linux host,1.0000
1850,equivalent host,777,Multiprocessor hosts,1.0000
1850,equivalent host,1660,official host,1.0000
1850,equivalent host,1380,new hosts,0.9943
1850,equivalent host,823,host models,0.9942
1850,equivalent host,822,Host types,0.9941
1852,user uid,1929,user ID uid,0.9989
1852,user uid,213,user entities,0.9977
1852,user uid,630,user brian,0.9975
1852,user uid,1681,User permission,0.9969
1852,user uid,1960,User programs,0.9967
1852,user uid,606,slurm user,0.9962
1852,user uid,575,user da,0.9960
1852,user uid,1919,bad user,0.9959
1852,user uid,1142,US Government Users Restricted Rights,0.9953
1852,user uid,420,only acceptable value,0.9953
1853,.rhosts file,1767,ego.sudoers file,1.0000
1853,.rhosts file,905,install.config file,1.0000
1853,.rhosts file,1398,file lsf10.1.0_linux2.,1.0000
1853,.rhosts file,52,file,1.0000
1853,.rhosts file,1747,lsb.hosts file,1.0000
1853,.rhosts file,1697,HOME/.rhosts file,1.0000
1853,.rhosts file,1427,lsf_getting_started.html file,1.0000
1853,.rhosts file,1394,.profile file,1.0000
1853,.rhosts file,167,passwd file,0.9983
1853,.rhosts file,2005,ego.shared files,0.9981
1856,unknown service,72,such services,0.9987
1856,unknown service,95,service,0.9986
1856,unknown service,1846,service request,0.9986
1856,unknown service,2031,old EGO password file,0.9981
1856,unknown service,1831,tcp service,0.9980
1856,unknown service,622,following form,0.9978
1856,unknown service,1819,incorrect file permissions,0.9977
1856,unknown service,946,file space,0.9975
1856,unknown service,1663,client requests,0.9975
1856,unknown service,1573,following format,0.9974
1857,initSock,2164,actual hardware,0.9966
1857,initSock,561,chemistry,0.9964
1857,initSock,1668,localhost myhostname,0.9962
1857,initSock,51,pathname,0.9962
1857,initSock,397,qualified pathname,0.9962
1857,initSock,1363,source code,0.9961
1857,initSock,203,network port,0.9961
1857,initSock,485,form,0.9960
1857,initSock,1937,RES binary,0.9959
1857,initSock,415,slurm_acct_db,0.9959
1858,LIM service,1859,Service lim,1.0000
1858,LIM service,1652,master LIM,0.9990
1858,LIM service,1643,LIM communication,0.9989
1858,LIM service,1961,LIM API,0.9988
1858,LIM service,1438,d. Reconfigure lim,0.9987
1858,LIM service,1729,LIM communication times,0.9982
1858,LIM service,1934,restart request,0.9982
1858,LIM service,1648,local LIM,0.9982
1858,LIM service,1446,e. Reconfigure mbatchd,0.9976
1858,LIM service,63,Slurm control daemon,0.9966
1859,Service lim,1858,LIM service,1.0000
1859,Service lim,1652,master LIM,0.9990
1859,Service lim,1643,LIM communication,0.9989
1859,Service lim,1961,LIM API,0.9988
1859,Service lim,1438,d. Reconfigure lim,0.9987
1859,Service lim,1729,LIM communication times,0.9982
1859,Service lim,1934,restart request,0.9982
1859,Service lim,1648,local LIM,0.9982
1859,Service lim,1446,e. Reconfigure mbatchd,0.9976
1859,Service lim,63,Slurm control daemon,0.9966
1861,Read LSF Guide,1539,LSF updates,0.9995
1861,Read LSF Guide,1162,IBM Spectrum LSF Standard Edition,0.9995
1861,Read LSF Guide,730,LSF configuration,0.9992
1861,Read LSF Guide,1863,LSF services,0.9992
1861,Read LSF Guide,918,LSF client,0.9992
1861,Read LSF Guide,1401,LSF releases,0.9990
1861,Read LSF Guide,1612,Administering IBM ® Spectrum LSF,0.9989
1861,Read LSF Guide,721,LSF terms,0.9989
1861,Read LSF Guide,1067,LSF administration,0.9988
1861,Read LSF Guide,1119,LSF man,0.9988
1863,LSF services,1539,LSF updates,0.9995
1863,LSF services,1861,Read LSF Guide,0.9992
1863,LSF services,918,LSF client,0.9991
1863,LSF services,1162,IBM Spectrum LSF Standard Edition,0.9989
1863,LSF services,1067,LSF administration,0.9988
1863,LSF services,730,LSF configuration,0.9988
1863,LSF services,785,LSF schedules,0.9988
1863,LSF services,943,LSF files,0.9986
1863,LSF services,1612,Administering IBM ® Spectrum LSF,0.9983
1863,LSF services,1401,LSF releases,0.9982
1864,daemon socket,1241,normal low priority jobs,0.9884
1864,daemon socket,509,unique identifiers,0.9868
1864,daemon socket,164,same i d,0.9867
1864,daemon socket,1493,user5 RUN night hostA hostD,0.9866
1864,daemon socket,1248,SCHEDULING POLICIES,0.9860
1864,daemon socket,2035,EGO_WORKDIR_old\ *,0.9850
1864,daemon socket,670,maximum memory peak,0.9847
1864,daemon socket,900,scheduling conditions,0.9846
1864,daemon socket,2122,subset,0.9845
1864,daemon socket,854,active process group ID,0.9843
1866,second LSF daemon,1498,Configure LSF daemons,0.9992
1866,second LSF daemon,1618,LSF server daemons,0.9979
1866,second LSF daemon,1452,d. Start LSF,0.9975
1866,second LSF daemon,1123,LSF daemons lim,0.9967
1866,second LSF daemon,1639,LSF LIM daemon,0.9967
1866,second LSF daemon,972,primary LSF administrator,0.9964
1866,second LSF daemon,1423,IBM Spectrum LSF Command Reference,0.9961
1866,second LSF daemon,1118,LSF Command Reference,0.9961
1866,second LSF daemon,1512,LSF administration commands,0.9955
1866,second LSF daemon,1499,LSF daemon startup control,0.9955
1867,new daemon,1037,Management batch daemon,0.9971
1867,new daemon,1226,batch system daemon,0.9944
1867,new daemon,1725,sbatchd daemon starts,0.9942
1867,new daemon,124,administrators,0.9940
1867,new daemon,2043,Administrator Guide,0.9940
1867,new daemon,1720,Batch daemons,0.9934
1867,new daemon,1041,Server batch daemon,0.9933
1867,new daemon,1225,daemon time,0.9927
1867,new daemon,747,mbatchd daemon,0.9917
1867,new daemon,1039,Management scheduler daemon,0.9912
1868,specific files,6,simple text file,0.9992
1868,specific files,999,Keyword definition file,0.9992
1868,specific files,1411,binary files,0.9990
1868,specific files,1711,such file,0.9989
1868,specific files,1358,wrapper files,0.9989
1868,specific files,321,separate configuration file,0.9989
1868,specific files,190,flat file,0.9989
1868,specific files,395,slurm.conf file,0.9988
1868,specific files,1819,incorrect file permissions,0.9987
1868,specific files,1935,file respath,0.9986
1869,Section name,1870,Invalid section name name,0.9982
1869,Section name,1872,unrecognized section name,0.9978
1869,Section name,1693,name server,0.9961
1869,Section name,1170,master name,0.9948
1869,Section name,127,consistent names,0.9941
1869,Section name,1000,Defines cluster name,0.9933
1869,Section name,1882,Duplicate cluster name name,0.9931
1869,Section name,1881,Name name,0.9929
1869,Section name,1715,different name,0.9925
1869,Section name,123,same name,0.9921
1870,Invalid section name name,1872,unrecognized section name,0.9993
1870,Invalid section name name,1170,master name,0.9986
1870,Invalid section name name,127,consistent names,0.9982
1870,Invalid section name name,1869,Section name,0.9982
1870,Invalid section name name,1693,name server,0.9982
1870,Invalid section name name,1715,different name,0.9967
1870,Invalid section name name,1820,Incorrect path names,0.9946
1870,Invalid section name name,1892,Resource name name,0.9945
1870,Invalid section name name,86,sacctmgr list cluster,0.9944
1870,Invalid section name name,1000,Defines cluster name,0.9928
1871,specified line,429,line,1.0000
1871,specified line,1878,first line,0.9922
1871,specified line,433,grant line,0.9918
1871,specified line,2054,SelectType,0.9906
1871,specified line,1879,keyword line,0.9903
1871,specified line,2088,salloc,0.9898
1871,specified line,2055,cons_tres,0.9890
1871,specified line,2053,linear,0.9884
1871,specified line,1548,N Y,0.9871
1871,specified line,1945,logJobInfo _,0.9865
1872,unrecognized section name,1870,Invalid section name name,0.9993
1872,unrecognized section name,1869,Section name,0.9978
1872,unrecognized section name,1693,name server,0.9971
1872,unrecognized section name,1170,master name,0.9969
1872,unrecognized section name,127,consistent names,0.9966
1872,unrecognized section name,1820,Incorrect path names,0.9951
1872,unrecognized section name,1715,different name,0.9951
1872,unrecognized section name,86,sacctmgr list cluster,0.9943
1872,unrecognized section name,1892,Resource name name,0.9937
1872,unrecognized section name,1799,HostModel section,0.9934
1873,section section,1794,HostType section,1.0000
1873,section section,1561,ResourceMap section,1.0000
1873,section section,1750,HostPartition sections,1.0000
1873,section section,912,ClusterAdmins section,1.0000
1873,section section,1799,HostModel section,1.0000
1873,section section,1115,section,1.0000
1873,section section,1872,unrecognized section name,0.9934
1873,section section,1869,Section name,0.9920
1873,section section,322,separate section,0.9916
1873,section section,1870,Invalid section name name,0.9899
1875,End section line,621,typical execute line,0.9959
1875,End section line,1806,End HostModel,0.9959
1875,End section line,1798,End HostType,0.9959
1875,End section line,1565,End ResourceMap,0.9959
1875,End section line,628,following execute line,0.9957
1875,End section line,1880,configuration section,0.9945
1875,End section line,1974,N parameter,0.9939
1875,End section line,1514,hostsetup,0.9932
1875,End section line,547,execute line,0.9932
1875,End section line,497,site,0.9931
1876,keyword line format error,1063,lsf.sudoers file,0.9947
1876,keyword line format error,1641,most configuration errors,0.9945
1876,keyword line format error,1620,following files,0.9943
1876,keyword line format error,1093,files cshrc.lsf,0.9942
1876,keyword line format error,1389,cshrc.lsf file,0.9942
1876,keyword line format error,1391,.cshrc file,0.9939
1876,keyword line format error,1696,hosts.equiv file,0.9936
1876,keyword line format error,1388,shell files,0.9936
1876,keyword line format error,1635,lsid file,0.9935
1876,keyword line format error,1174,profile.lsf file,0.9935
1877,Ignore,1770,automatic detection,0.9982
1877,Ignore,503,separate instances,0.9980
1877,Ignore,2015,correct configuration path values,0.9979
1877,Ignore,1100,few minutes,0.9977
1877,Ignore,72,such services,0.9976
1877,Ignore,518,few tools,0.9976
1877,Ignore,224,InnoDB storage engine,0.9976
1877,Ignore,55,similar tool,0.9976
1877,Ignore,2000,current fix pack level,0.9975
1877,Ignore,1717,automount maps,0.9975
1878,first line,1879,keyword line,0.9990
1878,first line,433,grant line,0.9987
1878,first line,2061,SelectTypeParameters,0.9968
1878,first line,140,normal MUNGE configuration,0.9962
1878,first line,1291,errors.%J ls -l,0.9960
1878,first line,1246,r1 m,0.9958
1878,first line,2055,cons_tres,0.9957
1878,first line,1178,status r15s r1 m,0.9954
1878,first line,2054,SelectType,0.9953
1878,first line,1090,% source,0.9951
1879,keyword line,1878,first line,0.9990
1879,keyword line,433,grant line,0.9984
1879,keyword line,2061,SelectTypeParameters,0.9964
1879,keyword line,1291,errors.%J ls -l,0.9961
1879,keyword line,547,execute line,0.9961
1879,keyword line,140,normal MUNGE configuration,0.9959
1879,keyword line,1246,r1 m,0.9959
1879,keyword line,1178,status r15s r1 m,0.9958
1879,keyword line,1013,lsbatch,0.9954
1879,keyword line,1247,ut pg io ls,0.9953
1880,configuration section,322,separate section,0.9985
1880,configuration section,22,Slurm configuration parameters,0.9967
1880,configuration section,324,configuration parameters,0.9966
1880,configuration section,319,Several Slurm configuration parameters,0.9963
1880,configuration section,1537,lsf.shared file,0.9951
1880,configuration section,1690,LSF_AUTH parameter,0.9950
1880,configuration section,1568,RESOURCENAME parameter,0.9947
1880,configuration section,2066,additional parameters,0.9946
1880,configuration section,988,own keywords,0.9946
1880,configuration section,1599,own ELIM,0.9945
1881,Name name,1882,Duplicate cluster name name,0.9963
1881,Name name,123,same name,0.9943
1881,Name name,1890,model name,0.9935
1881,Name name,1869,Section name,0.9929
1881,Name name,1000,Defines cluster name,0.9925
1881,Name name,1170,master name,0.9920
1881,Name name,1692,Inconsistent host names,0.9919
1881,Name name,1870,Invalid section name name,0.9914
1881,Name name,1693,name server,0.9912
1881,Name name,127,consistent names,0.9911
1882,Duplicate cluster name name,1000,Defines cluster name,0.9985
1882,Duplicate cluster name name,123,same name,0.9975
1882,Duplicate cluster name name,2001,same cluster name,0.9971
1882,Duplicate cluster name name,1881,Name name,0.9963
1882,Duplicate cluster name name,553,cluster names,0.9960
1882,Duplicate cluster name name,1692,Inconsistent host names,0.9957
1882,Duplicate cluster name name,1890,model name,0.9952
1882,Duplicate cluster name name,113,multiple clusters,0.9939
1882,Duplicate cluster name name,2025,cluster define,0.9939
1882,Duplicate cluster name name,724,Cluster characteristics,0.9931
1883,section cluster,724,Cluster characteristics,0.9961
1883,section cluster,113,multiple clusters,0.9956
1883,section cluster,2038,original cluster,0.9956
1883,section cluster,706,cluster operations,0.9956
1883,section cluster,2001,same cluster name,0.9945
1883,section cluster,1026,work/ cluster,0.9938
1883,section cluster,553,cluster names,0.9938
1883,section cluster,443,system name,0.9934
1883,section cluster,913,Hosts section,0.9930
1883,section cluster,2025,cluster define,0.9928
1884,same lsf.shared file,487,available configuration parameters,0.9980
1884,same lsf.shared file,1820,Incorrect path names,0.9974
1884,same lsf.shared file,1003,Cluster configuration file,0.9970
1884,same lsf.shared file,180,primary instance,0.9968
1884,same lsf.shared file,501,sure old records,0.9966
1884,same lsf.shared file,1964,configuration changes,0.9964
1884,same lsf.shared file,603,same level,0.9963
1884,same lsf.shared file,1416,b. Change,0.9961
1884,same lsf.shared file,173,same UID,0.9961
1884,same lsf.shared file,495,Archive Server,0.9961
1885,second definition,145,second key,0.9987
1885,second definition,674,largest memory peak,0.9987
1885,second definition,1496,definition,0.9986
1885,second definition,690,average memory peaks,0.9984
1885,second definition,686,TresUsage * fields,0.9984
1885,second definition,539,performance metrics,0.9983
1885,second definition,379,complete description,0.9983
1885,second definition,2172,Many additional scenarios,0.9983
1885,second definition,1190,few seconds,0.9983
1885,second definition,281,specific situations,0.9982
1886,Bad cpuFactor,1843,bad port,0.9976
1886,Bad cpuFactor,1180,swp mem,0.9962
1886,Bad cpuFactor,1247,ut pg io ls,0.9961
1886,Bad cpuFactor,1668,localhost myhostname,0.9960
1886,Bad cpuFactor,485,form,0.9960
1886,Bad cpuFactor,1007,attributes,0.9958
1886,Bad cpuFactor,619,like fashion,0.9957
1886,Bad cpuFactor,1902,function,0.9957
1886,Bad cpuFactor,1658,loopback IP,0.9956
1886,Bad cpuFactor,1671,loopback,0.9956
1887,host model model,823,host models,0.9992
1887,host model model,822,Host types,0.9976
1887,host model model,1802,host model entries,0.9974
1887,host model model,1800,new host model,0.9973
1887,host model model,1795,host type name,0.9967
1887,host model model,1412,new host type,0.9967
1887,host model model,985,models,0.9963
1887,host model model,1792,Matched Model,0.9963
1887,host model model,1272,appropriate host type,0.9960
1887,host model model,1778,automatic host model,0.9955
1888,valid number,1213,Maximum number,0.9993
1888,valid number,1216,Total number,0.9992
1888,valid number,391,port number,0.9990
1888,valid number,2098,minimum number,0.9985
1888,valid number,1915,index number,0.9980
1888,valid number,2204,node n,0.9906
1888,valid number,1586,# number,0.9903
1888,valid number,2056,individual sockets,0.9902
1888,valid number,2210,Socket id,0.9901
1888,valid number,2142,particular socket,0.9895
1889,many host models,1778,automatic host model,0.9997
1889,many host models,1802,host model entries,0.9993
1889,many host models,1801,host model list,0.9993
1889,many host models,1272,appropriate host type,0.9990
1889,many host models,1757,Unknown host type,0.9989
1889,many host models,873,appropriate hosts,0.9988
1889,many host models,1785,Host Architecture,0.9987
1889,many host models,811,best host,0.9986
1889,many host models,812,candidate hosts,0.9986
1889,many host models,1955,host host_name,0.9986
1890,model name,1692,Inconsistent host names,0.9962
1890,model name,1757,Unknown host type,0.9954
1890,model name,1801,host model list,0.9953
1890,model name,1882,Duplicate cluster name name,0.9952
1890,model name,123,same name,0.9952
1890,model name,1272,appropriate host type,0.9950
1890,model name,1795,host type name,0.9949
1890,model name,1778,automatic host model,0.9946
1890,model name,1889,many host models,0.9945
1890,model name,1802,host model entries,0.9944
1891,maximum,1894,maximum length,1.0000
1891,maximum,2177,minimum,0.9975
1891,maximum,1789,Total Threads,0.9966
1891,maximum,816,selection,0.9965
1891,maximum,696,maximum memory,0.9959
1891,maximum,2067,layout,0.9952
1891,maximum,2104,robin fashion,0.9951
1891,maximum,437,MySQL connection i d,0.9948
1891,maximum,560,hierarchical fashion,0.9947
1891,maximum,528,additional control,0.9944
1892,Resource name name,1595,resource names,0.9965
1892,Resource name name,1870,Invalid section name name,0.9945
1892,Resource name name,127,consistent names,0.9942
1892,Resource name name,1872,unrecognized section name,0.9937
1892,Resource name name,1715,different name,0.9936
1892,Resource name name,1170,master name,0.9934
1892,Resource name name,1693,name server,0.9931
1892,Resource name name,1869,Section name,0.9920
1892,Resource name name,1594,license feature names,0.9917
1892,Resource name name,1913,index names,0.9909
1893,section resource,1536,Resource section,1.0000
1893,section resource,1552,End Resource,0.9934
1893,section resource,21,resource accounting,0.9933
1893,section resource,815,resource requirements,0.9933
1893,section resource,1566,resource map,0.9928
1893,section resource,1611,external resources,0.9919
1893,section resource,1595,resource names,0.9919
1893,section resource,871,Most static resources,0.9913
1893,section resource,1558,license resources,0.9910
1893,section resource,1556,resources license,0.9910
1894,maximum length,1891,maximum,1.0000
1894,maximum length,2177,minimum,0.9975
1894,maximum length,1789,Total Threads,0.9966
1894,maximum length,816,selection,0.9965
1894,maximum length,696,maximum memory,0.9959
1894,maximum length,2067,layout,0.9952
1894,maximum length,2104,robin fashion,0.9951
1894,maximum length,437,MySQL connection i d,0.9948
1894,maximum length,560,hierarchical fashion,0.9947
1894,maximum length,528,additional control,0.9944
1895,shorter name,1911,Unknown index name,0.9982
1895,shorter name,389,full domain name,0.9973
1895,shorter name,1913,index names,0.9970
1895,shorter name,1709,non-uniform file name space,0.9962
1895,shorter name,370,unique name,0.9957
1895,shorter name,349,optional partition name,0.9953
1895,shorter name,1912,external load index name,0.9953
1895,shorter name,1820,Incorrect path names,0.9951
1895,shorter name,1594,license feature names,0.9949
1895,shorter name,1327,remote host hosta,0.9942
1896,illegal character,1703,characters,1.0000
1896,illegal character,134,uppercase characters,1.0000
1896,illegal character,1500,setuid bit,0.9980
1896,illegal character,1511,ID mode bit,0.9980
1896,illegal character,232,slurm build,0.9979
1896,illegal character,536,various graphs,0.9979
1896,illegal character,2013,c. Migrate,0.9978
1896,illegal character,210,Build,0.9978
1896,illegal character,1937,RES binary,0.9978
1896,illegal character,1689,nosuid flag,0.9978
1897,letter,1180,swp mem,0.9969
1897,letter,2094,APrevents sharing,0.9968
1897,letter,1247,ut pg io ls,0.9966
1897,letter,1303,sleep,0.9966
1897,letter,1738,Linux cgroup memory,0.9964
1897,letter,1787,Total Processors,0.9964
1897,letter,619,like fashion,0.9962
1897,letter,485,form,0.9961
1897,letter,351,policies,0.9961
1897,letter,1182,% *,0.9960
1900,LIM messages,1939,sbatchd messages,0.9979
1900,LIM messages,1224,following message,0.9958
1900,LIM messages,1653,LIM error,0.9955
1900,LIM messages,1975,command client messages,0.9954
1900,LIM messages,390,warning message,0.9951
1900,LIM messages,1726,unknown service error message displays,0.9949
1900,LIM messages,1996,EGO command messages,0.9947
1900,LIM messages,1728,fix LIM problems,0.9946
1900,LIM messages,1158,Last message,0.9938
1900,LIM messages,1916,RES messages,0.9936
1901,myhostname,1668,localhost myhostname,0.9975
1901,myhostname,1247,ut pg io ls,0.9968
1901,myhostname,1179,ut pg ls,0.9963
1901,myhostname,1930,RES control requests,0.9961
1901,myhostname,1902,function,0.9961
1901,myhostname,1843,bad port,0.9960
1901,myhostname,1180,swp mem,0.9959
1901,myhostname,1292,% J variable,0.9959
1901,myhostname,485,form,0.9959
1901,myhostname,619,like fashion,0.9958
1902,function,1303,sleep,0.9967
1902,function,1247,ut pg io ls,0.9965
1902,function,130,lowercase usernames,0.9962
1902,function,133,usernames,0.9962
1902,function,1901,myhostname,0.9961
1902,function,1179,ut pg ls,0.9960
1902,function,1930,RES control requests,0.9960
1902,function,485,form,0.9959
1902,function,1917,doacceptconn,0.9959
1902,function,1843,bad port,0.9958
1903,non-LSF host,80,host,1.0000
1903,non-LSF host,1783,AIX host,1.0000
1903,non-LSF host,1660,official host,1.0000
1903,non-LSF host,1782,Linux host,1.0000
1903,non-LSF host,1187,host status,1.0000
1903,non-LSF host,1850,equivalent host,1.0000
1903,non-LSF host,777,Multiprocessor hosts,1.0000
1903,non-LSF host,1380,new hosts,0.9943
1903,non-LSF host,823,host models,0.9942
1903,non-LSF host,822,Host types,0.9941
1904,new information,2160,same information,0.9960
1904,new information,552,more clusters,0.9946
1904,new information,953,new installation,0.9944
1904,new information,870,host information,0.9929
1904,new information,958,new UNIX,0.9926
1904,new information,959,Linux installation,0.9924
1904,new information,725,installation,0.9924
1904,new information,962,new Windows installation,0.9924
1904,new information,623,change,0.9921
1904,new information,1266,other information,0.9920
1906,config,485,form,0.9953
1906,config,1247,ut pg io ls,0.9952
1906,config,2164,actual hardware,0.9951
1906,config,1363,source code,0.9951
1906,config,1007,attributes,0.9951
1906,config,1235,owners,0.9950
1906,config,397,qualified pathname,0.9949
1906,config,51,pathname,0.9949
1906,config,159,slurm.conf,0.9949
1906,config,133,usernames,0.9949
1908,inconsistent configuration information,467,detailed information,0.9967
1908,inconsistent configuration information,320,archiving information,0.9964
1908,inconsistent configuration information,1043,process information manager,0.9963
1908,inconsistent configuration information,1034,Load information manager,0.9963
1908,inconsistent configuration information,532,relevant information,0.9961
1908,inconsistent configuration information,160,more details,0.9959
1908,inconsistent configuration information,865,External Load Information Manager,0.9956
1908,inconsistent configuration information,1828,more swap space,0.9955
1908,inconsistent configuration information,1964,configuration changes,0.9951
1908,inconsistent configuration information,1909,same configuration information,0.9950
1909,same configuration information,2,accounting information,0.9967
1909,same configuration information,320,archiving information,0.9964
1909,same configuration information,1043,process information manager,0.9962
1909,same configuration information,92,same time,0.9962
1909,same configuration information,1258,current system load information,0.9962
1909,same configuration information,532,relevant information,0.9961
1909,same configuration information,467,detailed information,0.9960
1909,same configuration information,1239,detailed queue information,0.9958
1909,same configuration information,1365,more time,0.9956
1909,same configuration information,1371,other applications,0.9953
1910,lim host,1655,Management host LIM,0.9991
1910,lim host,1006,Server hosts,0.9973
1910,lim host,754,execution host,0.9967
1910,lim host,1698,destination host,0.9965
1910,lim host,1103,management host,0.9964
1910,lim host,1426,host setup,0.9962
1910,lim host,1700,Windows hosts,0.9959
1910,lim host,1766,multiple hosts,0.9958
1910,lim host,178,backup host,0.9957
1910,lim host,1191,hosts time,0.9954
1911,Unknown index name,1913,index names,0.9984
1911,Unknown index name,1912,external load index name,0.9982
1911,Unknown index name,389,full domain name,0.9982
1911,Unknown index name,1895,shorter name,0.9982
1911,Unknown index name,1709,non-uniform file name space,0.9970
1911,Unknown index name,1820,Incorrect path names,0.9960
1911,Unknown index name,349,optional partition name,0.9957
1911,Unknown index name,370,unique name,0.9956
1911,Unknown index name,1594,license feature names,0.9954
1911,Unknown index name,512,appropriate values,0.9949
1912,external load index name,1911,Unknown index name,0.9982
1912,external load index name,1913,index names,0.9974
1912,external load index name,862,External load,0.9974
1912,external load index name,901,load values,0.9971
1912,external load index name,899,load index values,0.9968
1912,external load index name,389,full domain name,0.9968
1912,external load index name,1127,current load levels,0.9963
1912,external load index name,881,load levels,0.9963
1912,external load index name,1826,program load,0.9959
1912,external load index name,848,load thresholds,0.9959
1913,index names,1911,Unknown index name,0.9984
1913,index names,1912,external load index name,0.9974
1913,index names,389,full domain name,0.9972
1913,index names,1895,shorter name,0.9970
1913,index names,370,unique name,0.9965
1913,index names,1709,non-uniform file name space,0.9954
1913,index names,1820,Incorrect path names,0.9952
1913,index names,349,optional partition name,0.9952
1913,index names,127,consistent names,0.9949
1913,index names,1594,license feature names,0.9946
1915,index number,1216,Total number,0.9982
1915,index number,1888,valid number,0.9980
1915,index number,391,port number,0.9977
1915,index number,1213,Maximum number,0.9977
1915,index number,2098,minimum number,0.9965
1915,index number,1586,# number,0.9898
1915,index number,1788,Total Cores,0.9890
1915,index number,2204,node n,0.9890
1915,index number,2056,individual sockets,0.9889
1915,index number,2142,particular socket,0.9882
1916,RES messages,1158,Last message,0.9994
1916,RES messages,390,warning message,0.9988
1916,RES messages,1726,unknown service error message displays,0.9984
1916,RES messages,1224,following message,0.9983
1916,RES messages,1172,lsf.conf file message,0.9966
1916,RES messages,1939,sbatchd messages,0.9966
1916,RES messages,1684,detailed error message,0.9958
1916,RES messages,1978,error reasons,0.9958
1916,RES messages,1287,standard error,0.9956
1916,RES messages,1981,failure Possible reason Error message output,0.9956
1917,doacceptconn,133,usernames,0.9973
1917,doacceptconn,130,lowercase usernames,0.9973
1917,doacceptconn,1301,user1 RUN normal hosta hostb,0.9972
1917,doacceptconn,1843,bad port,0.9969
1917,doacceptconn,162,UIDs,0.9969
1917,doacceptconn,1930,RES control requests,0.9968
1917,doacceptconn,1303,sleep,0.9968
1917,doacceptconn,1247,ut pg io ls,0.9967
1917,doacceptconn,140,normal MUNGE configuration,0.9964
1917,doacceptconn,1949,rmLogJobInfo,0.9964
1918,RES host,1748,unknown host,0.9994
1918,RES host,1955,host host_name,0.9992
1918,RES host,1437,End Host,0.9991
1918,RES host,1962,management host list,0.9991
1918,RES host,1699,client host,0.9990
1918,RES host,915,first host,0.9990
1918,RES host,873,appropriate hosts,0.9990
1918,RES host,844,individual hosts,0.9989
1918,RES host,1751,HOSTS definition,0.9989
1918,RES host,812,candidate hosts,0.9988
1919,bad user,575,user da,0.9994
1919,bad user,118,user ID,0.9991
1919,bad user,1142,US Government Users Restricted Rights,0.9991
1919,bad user,213,user entities,0.9991
1919,bad user,1960,User programs,0.9988
1919,bad user,2028,EGO users,0.9988
1919,bad user,1377,Manage users,0.9985
1919,bad user,629,user records,0.9984
1919,bad user,1681,User permission,0.9984
1919,bad user,606,slurm user,0.9982
1922,same user ID,1377,Manage users,0.9981
1922,same user ID,118,user ID,0.9979
1922,same user ID,920,user data,0.9977
1922,same user ID,629,user records,0.9973
1922,same user ID,1142,US Government Users Restricted Rights,0.9972
1922,same user ID,643,user processes,0.9972
1922,same user ID,2028,EGO users,0.9968
1922,same user ID,183,same users,0.9967
1922,same user ID,1960,User programs,0.9965
1922,same user ID,575,user da,0.9965
1923,interactive remote execution,1682,remote execution,0.9994
1923,interactive remote execution,1375,parallel execution,0.9989
1923,interactive remote execution,1019,execution requirements,0.9984
1923,interactive remote execution,1924,remote execution permission,0.9981
1923,interactive remote execution,1145,GSA ADP Schedule Contract,0.9981
1923,interactive remote execution,1938,execution permission,0.9980
1923,interactive remote execution,1035,Remote execution server,0.9980
1923,interactive remote execution,97,local storage,0.9978
1923,interactive remote execution,1009,dispatch windows,0.9978
1923,interactive remote execution,1254,lsrun,0.9977
1924,remote execution permission,1938,execution permission,0.9993
1924,remote execution permission,1682,remote execution,0.9990
1924,remote execution permission,1151,advanced workload execution mode,0.9988
1924,remote execution permission,93,unexpected results,0.9986
1924,remote execution permission,258,older SQL server versions,0.9986
1924,remote execution permission,1375,parallel execution,0.9986
1924,remote execution permission,1335,Wrapper shell scripts,0.9983
1924,remote execution permission,1714,current working,0.9983
1924,remote execution permission,632,most cases,0.9982
1924,remote execution permission,1035,Remote execution server,0.9981
1925,root job submission,1334,complete job submission,0.9982
1925,root job submission,1373,easy job submission,0.9982
1925,root job submission,924,remote jobs access,0.9981
1925,root job submission,192,job completion plugin,0.9976
1925,root job submission,323,job completion records,0.9970
1925,root job submission,1478,# job limit,0.9966
1925,root job submission,1740,job RES,0.9963
1925,root job submission,1259,most jobs,0.9963
1925,root job submission,199,job completion data,0.9958
1925,root job submission,1529,interactive job execution,0.9957
1927,resControl,2237,cgroup plugin,0.9951
1927,resControl,485,form,0.9950
1927,resControl,359,MUNGE authentication,0.9948
1927,resControl,1363,source code,0.9947
1927,resControl,2164,actual hardware,0.9946
1927,resControl,1738,Linux cgroup memory,0.9944
1927,resControl,159,slurm.conf,0.9944
1927,resControl,1247,ut pg io ls,0.9942
1927,resControl,61,availability,0.9942
1927,resControl,203,network port,0.9941
1928,operation permission,1707,correct permissions,0.9987
1928,operation permission,1516,relative path,0.9986
1928,operation permission,185,network page,0.9984
1928,operation permission,424,permissions,0.9984
1928,operation permission,1337,application source code,0.9983
1928,operation permission,1564,RESOURCENAME LOCATION,0.9983
1928,operation permission,1824,swap space,0.9983
1928,operation permission,1518,full path,0.9982
1928,operation permission,1581,executable program,0.9982
1928,operation permission,1770,automatic detection,0.9982
1929,user ID uid,1852,user uid,0.9989
1929,user ID uid,425,mysql user grant privileges,0.9974
1929,user ID uid,406,slurmctld execute,0.9969
1929,user ID uid,420,only acceptable value,0.9961
1929,user ID uid,173,same UID,0.9961
1929,user ID uid,410,NOTE,0.9959
1929,user ID uid,349,optional partition name,0.9959
1929,user ID uid,249,old records,0.9958
1929,user ID uid,377,unauthorized access,0.9958
1929,user ID uid,128,access,0.9958
1930,RES control requests,1301,user1 RUN normal hosta hostb,0.9981
1930,RES control requests,1843,bad port,0.9976
1930,RES control requests,1303,sleep,0.9973
1930,RES control requests,1182,% *,0.9973
1930,RES control requests,133,usernames,0.9971
1930,RES control requests,130,lowercase usernames,0.9971
1930,RES control requests,162,UIDs,0.9969
1930,RES control requests,1292,% J variable,0.9968
1930,RES control requests,1247,ut pg io ls,0.9968
1930,RES control requests,1917,doacceptconn,0.9968
1931,LSF_ROOT_REX parameter,980,LSF_ENVDIR parameter,1.0000
1931,LSF_ROOT_REX parameter,1706,parameter LSF_MASTER_LIST,1.0000
1931,LSF_ROOT_REX parameter,1649,parameter LSF_SERVER_HOSTS,1.0000
1931,LSF_ROOT_REX parameter,761,REMOVE_HUNG_JOBS_FOR parameter,1.0000
1931,LSF_ROOT_REX parameter,1504,LSF_STARTUP_PATH parameters,1.0000
1931,LSF_ROOT_REX parameter,1634,LSF_MASTER_LIST parameter,1.0000
1931,LSF_ROOT_REX parameter,1046,LSF_LOGDIR parameter,1.0000
1931,LSF_ROOT_REX parameter,1967,LSF_LIM_API_NTRIES parameter,1.0000
1931,LSF_ROOT_REX parameter,1020,DEFAULT_APPLICATION parameter,1.0000
1931,LSF_ROOT_REX parameter,131,Parameters,1.0000
1934,restart request,1729,LIM communication times,0.9986
1934,restart request,1859,Service lim,0.9982
1934,restart request,1858,LIM service,0.9982
1934,restart request,1438,d. Reconfigure lim,0.9981
1934,restart request,1643,LIM communication,0.9980
1934,restart request,1961,LIM API,0.9977
1934,restart request,1648,local LIM,0.9976
1934,restart request,1446,e. Reconfigure mbatchd,0.9973
1934,restart request,1652,master LIM,0.9971
1934,restart request,1035,Remote execution server,0.9970
1935,file respath,190,flat file,0.9993
1935,file respath,167,passwd file,0.9993
1935,file respath,27,text file,0.9992
1935,file respath,1358,wrapper files,0.9992
1935,file respath,1112,lsb.events file,0.9992
1935,file respath,762,lsb.params file,0.9992
1935,file respath,1696,hosts.equiv file,0.9992
1935,file respath,1711,such file,0.9991
1935,file respath,2005,ego.shared files,0.9991
1935,file respath,946,file space,0.9990
1936,respath,1511,ID mode bit,0.9977
1936,respath,94,internal cache,0.9976
1936,respath,2013,c. Migrate,0.9974
1936,respath,208,arbitrary text string,0.9973
1936,respath,1500,setuid bit,0.9973
1936,respath,1345,rename abc,0.9972
1936,respath,1937,RES binary,0.9972
1936,respath,1343,simple interface,0.9971
1936,respath,1605,minute,0.9971
1936,respath,2172,Many additional scenarios,0.9971
1937,RES binary,1362,Binary code,0.9991
1937,RES binary,1966,binary upgrade,0.9990
1937,RES binary,1773,binary incompatibility,0.9989
1937,RES binary,1357,wrapper binary,0.9988
1937,RES binary,1356,Wrapper binary programs,0.9988
1937,RES binary,1336,Wrapper binary executables,0.9986
1937,RES binary,1541,binary program,0.9986
1937,RES binary,208,arbitrary text string,0.9985
1937,RES binary,1580,ELIM program,0.9985
1937,RES binary,1367,software products,0.9985
1938,execution permission,1924,remote execution permission,0.9993
1938,execution permission,1375,parallel execution,0.9992
1938,execution permission,1682,remote execution,0.9989
1938,execution permission,1035,Remote execution server,0.9987
1938,execution permission,1151,advanced workload execution mode,0.9987
1938,execution permission,1019,execution requirements,0.9985
1938,execution permission,1923,interactive remote execution,0.9980
1938,execution permission,258,older SQL server versions,0.9980
1938,execution permission,922,results,0.9980
1938,execution permission,1173,LSF_ENVDIR environment variable,0.9978
1939,sbatchd messages,1900,LIM messages,0.9979
1939,sbatchd messages,390,warning message,0.9979
1939,sbatchd messages,1224,following message,0.9978
1939,sbatchd messages,1726,unknown service error message displays,0.9976
1939,sbatchd messages,1158,Last message,0.9968
1939,sbatchd messages,1916,RES messages,0.9966
1939,sbatchd messages,1979,associated error message output,0.9951
1939,sbatchd messages,1684,detailed error message,0.9949
1939,sbatchd messages,1653,LIM error,0.9948
1939,sbatchd messages,1975,command client messages,0.9948
1941,exists,392,work,0.9967
1941,exists,1416,b. Change,0.9967
1941,exists,795,execution time,0.9964
1941,exists,872,startup time,0.9963
1941,exists,1964,configuration changes,0.9963
1941,exists,180,primary instance,0.9962
1941,exists,501,sure old records,0.9962
1941,exists,971,product installation,0.9961
1941,exists,40,completion time,0.9961
1941,exists,1145,GSA ADP Schedule Contract,0.9960
1942,AFS directory,1508,LSF_SERVERDIR directory,1.0000
1942,AFS directory,1392,LSF_TOP directory,1.0000
1942,AFS directory,401,directories,1.0000
1942,AFS directory,945,Non-shared directories,1.0000
1942,AFS directory,1289,home directory,1.0000
1942,AFS directory,729,Important directories,0.9918
1942,AFS directory,957,directory structure,0.9916
1942,AFS directory,1712,directory message,0.9912
1942,AFS directory,1396,Linux system,0.9907
1942,AFS directory,223,system,0.9907
1943,token processing,1813,token,0.9992
1943,token processing,1345,rename abc,0.9988
1943,token processing,69,better security,0.9987
1943,token processing,208,arbitrary text string,0.9987
1943,token processing,1580,ELIM program,0.9986
1943,token processing,1511,ID mode bit,0.9986
1943,token processing,1157,product entitlement version array,0.9985
1943,token processing,1707,correct permissions,0.9985
1943,token processing,1343,simple interface,0.9985
1943,token processing,1560,RELEASE column,0.9985
1944,setup,1943,token processing,0.9969
1944,setup,1937,RES binary,0.9965
1944,setup,987,keywords,0.9965
1944,setup,536,various graphs,0.9965
1944,setup,1345,rename abc,0.9964
1944,setup,1235,owners,0.9964
1944,setup,1092,bash shell,0.9963
1944,setup,1188,minus sign,0.9963
1944,setup,1500,setuid bit,0.9962
1944,setup,208,arbitrary text string,0.9962
1945,logJobInfo _,307,_ ci suffix,0.9978
1945,logJobInfo _,1952,JobId,0.9950
1945,logJobInfo _,2054,SelectType,0.9949
1945,logJobInfo _,1309,user1 USUSP normal hosta hostb,0.9944
1945,logJobInfo _,1495,user5 PEND night hostA hostC,0.9942
1945,logJobInfo _,1761,hostA UNKNOWN Ultra,0.9941
1945,logJobInfo _,1316,r--,0.9938
1945,logJobInfo _,2055,cons_tres,0.9936
1945,logJobInfo _,2109,parameterPossible valuesDescription,0.9935
1945,logJobInfo _,1331,Executing hostname,0.9930
1946,jobfile,1027,logdir,0.9964
1946,jobfile,427,info,0.9959
1946,jobfile,1548,N Y,0.9956
1946,jobfile,1167,current LSF version number,0.9904
1946,jobfile,1309,user1 USUSP normal hosta hostb,0.9893
1946,jobfile,1945,logJobInfo _,0.9887
1946,jobfile,1505,sparc,0.9864
1946,jobfile,1395,LSF distribution files,0.9862
1946,jobfile,1002,usr,0.9859
1946,jobfile,1316,r--,0.9851
1947,data,1949,rmLogJobInfo,0.9960
1947,data,130,lowercase usernames,0.9960
1947,data,133,usernames,0.9960
1947,data,1247,ut pg io ls,0.9958
1947,data,1291,errors.%J ls -l,0.9958
1947,data,1917,doacceptconn,0.9957
1947,data,1179,ut pg ls,0.9956
1947,data,1178,status r15s r1 m,0.9955
1947,data,1393,source,0.9953
1947,data,1303,sleep,0.9952
1949,rmLogJobInfo,1247,ut pg io ls,0.9976
1949,rmLogJobInfo,140,normal MUNGE configuration,0.9972
1949,rmLogJobInfo,1303,sleep,0.9972
1949,rmLogJobInfo,1179,ut pg ls,0.9971
1949,rmLogJobInfo,1301,user1 RUN normal hosta hostb,0.9968
1949,rmLogJobInfo,1930,RES control requests,0.9967
1949,rmLogJobInfo,1292,% J variable,0.9967
1949,rmLogJobInfo,1393,source,0.9965
1949,rmLogJobInfo,1178,status r15s r1 m,0.9964
1949,rmLogJobInfo,130,lowercase usernames,0.9964
1950,Destination queue,1485,regular queue,0.9993
1950,Destination queue,1482,original queue,0.9992
1950,Destination queue,1480,lost_and_found queue,0.9987
1950,Destination queue,1387,queue definition,0.9986
1950,Destination queue,890,queue level,0.9985
1950,Destination queue,1479,End Queue,0.9980
1950,Destination queue,989,workload queues,0.9976
1950,Destination queue,781,own process queue,0.9966
1950,Destination queue,1486,other queues,0.9960
1950,Destination queue,1386,new queue definition,0.9956
1951,lost_and_found,203,network port,0.9979
1951,lost_and_found,1838,Authentication port mismatch,0.9978
1951,lost_and_found,1157,product entitlement version array,0.9976
1951,lost_and_found,219,place upgrades,0.9975
1951,lost_and_found,327,comma,0.9974
1951,lost_and_found,281,specific situations,0.9974
1951,lost_and_found,955,products,0.9974
1951,lost_and_found,674,largest memory peak,0.9974
1951,lost_and_found,208,arbitrary text string,0.9973
1951,lost_and_found,2172,Many additional scenarios,0.9973
1952,JobId,307,_ ci suffix,0.9971
1952,JobId,1331,Executing hostname,0.9962
1952,JobId,1283,short sleep,0.9962
1952,JobId,1761,hostA UNKNOWN Ultra,0.9961
1952,JobId,1945,logJobInfo _,0.9950
1952,JobId,140,normal MUNGE configuration,0.9948
1952,JobId,2109,parameterPossible valuesDescription,0.9948
1952,JobId,162,UIDs,0.9948
1952,JobId,1301,user1 RUN normal hosta hostb,0.9946
1952,JobId,1495,user5 PEND night hostA hostC,0.9943
1953,event log,1414,a. Log,0.9991
1953,event log,56,log files,0.9970
1953,event log,1683,RES error log,0.9936
1953,event log,1172,lsf.conf file message,0.9919
1953,event log,1616,error log files,0.9915
1953,event log,1032,LSF server daemon log files,0.9908
1953,event log,1642,LIM error log,0.9891
1953,event log,1976,LSF displays error messages,0.9882
1953,event log,1195,LSF batch system configuration parameters,0.9876
1953,event log,1916,RES messages,0.9875
1955,host host_name,873,appropriate hosts,0.9995
1955,host host_name,812,candidate hosts,0.9994
1955,host host_name,915,first host,0.9994
1955,host host_name,811,best host,0.9994
1955,host host_name,1751,HOSTS definition,0.9994
1955,host host_name,1785,Host Architecture,0.9992
1955,host host_name,1918,RES host,0.9992
1955,host host_name,1328,remote hosts,0.9992
1955,host host_name,1699,client host,0.9991
1955,host host_name,1437,End Host,0.9991
1956,new configuration,91,new version,0.9983
1956,new configuration,1983,new connections,0.9978
1956,new configuration,971,product installation,0.9975
1956,new configuration,1416,b. Change,0.9974
1956,new configuration,392,work,0.9973
1956,new configuration,1614,incorrect installation,0.9973
1956,new configuration,1261,execution scripts,0.9972
1956,new configuration,1964,configuration changes,0.9967
1956,new configuration,1428,lsfinstall script,0.9964
1956,new configuration,189,script,0.9964
1957,badmin reconfigcommand,1052,badmin,1.0000
1957,badmin reconfigcommand,1459,badmin hclose,1.0000
1957,badmin reconfigcommand,1070,badmin command,0.9986
1957,badmin reconfigcommand,1069,lsadmin command,0.9971
1957,badmin reconfigcommand,1051,lsadmin,0.9957
1957,badmin reconfigcommand,1198,badmin ckconfig command,0.9955
1957,badmin reconfigcommand,1687,filename command,0.9945
1957,badmin reconfigcommand,1307,bjobs command,0.9945
1957,badmin reconfigcommand,2157,Linux command,0.9945
1957,badmin reconfigcommand,1194,bparams command,0.9945
1958,LSF command messages,1208,LSF batch commands,0.9959
1958,LSF command messages,1976,LSF displays error messages,0.9958
1958,LSF command messages,1024,LSF batch log files,0.9945
1958,LSF command messages,1512,LSF administration commands,0.9930
1958,LSF command messages,1032,LSF server daemon log files,0.9911
1958,LSF command messages,718,LSF error messages,0.9911
1958,LSF command messages,1118,LSF Command Reference,0.9909
1958,LSF command messages,1423,IBM Spectrum LSF Command Reference,0.9909
1958,LSF command messages,1130,LSF batch workload system,0.9903
1958,LSF command messages,1639,LSF LIM daemon,0.9902
1959,LIM restart,1440,Restart LIM,1.0000
1959,LIM restart,860,LIM,0.9990
1959,LIM restart,1652,master LIM,0.9968
1959,LIM restart,1648,local LIM,0.9968
1959,LIM restart,1858,LIM service,0.9960
1959,LIM restart,1859,Service lim,0.9960
1959,LIM restart,381,second MUNGE daemon,0.9955
1959,LIM restart,1961,LIM API,0.9953
1959,LIM restart,1105,# bctrld stop,0.9951
1959,LIM restart,1643,LIM communication,0.9946
1960,User programs,1681,User permission,0.9994
1960,User programs,213,user entities,0.9993
1960,User programs,1142,US Government Users Restricted Rights,0.9992
1960,User programs,1377,Manage users,0.9990
1960,User programs,575,user da,0.9990
1960,User programs,606,slurm user,0.9988
1960,User programs,1919,bad user,0.9988
1960,User programs,2028,EGO users,0.9986
1960,User programs,630,user brian,0.9986
1960,User programs,118,user ID,0.9985
1961,LIM API,1643,LIM communication,0.9994
1961,LIM API,1652,master LIM,0.9993
1961,LIM API,1438,d. Reconfigure lim,0.9991
1961,LIM API,1859,Service lim,0.9988
1961,LIM API,1858,LIM service,0.9988
1961,LIM API,1648,local LIM,0.9979
1961,LIM API,1729,LIM communication times,0.9977
1961,LIM API,1934,restart request,0.9977
1961,LIM API,1150,3.6.0 Lim,0.9964
1961,LIM API,1446,e. Reconfigure mbatchd,0.9962
1962,management host list,1918,RES host,0.9991
1962,management host list,1437,End Host,0.9989
1962,management host list,1748,unknown host,0.9987
1962,management host list,873,appropriate hosts,0.9987
1962,management host list,1955,host host_name,0.9986
1962,management host list,915,first host,0.9985
1962,management host list,1751,HOSTS definition,0.9984
1962,management host list,812,candidate hosts,0.9983
1962,management host list,1328,remote hosts,0.9983
1962,management host list,1699,client host,0.9983
1963,server host list,1918,RES host,0.9984
1963,server host list,1748,unknown host,0.9984
1963,server host list,1962,management host list,0.9982
1963,server host list,175,Storage Backup Host,0.9982
1963,server host list,1270,current local host,0.9981
1963,server host list,844,individual hosts,0.9981
1963,server host list,1633,first few hosts,0.9980
1963,server host list,1437,End Host,0.9979
1963,server host list,1667,management host LIM IP address,0.9977
1963,server host list,1664,management host LIM address,0.9977
1964,configuration changes,1416,b. Change,0.9982
1964,configuration changes,487,available configuration parameters,0.9977
1964,configuration changes,392,work,0.9973
1964,configuration changes,872,startup time,0.9969
1964,configuration changes,40,completion time,0.9968
1964,configuration changes,1956,new configuration,0.9967
1964,configuration changes,971,product installation,0.9967
1964,configuration changes,180,primary instance,0.9965
1964,configuration changes,1884,same lsf.shared file,0.9964
1964,configuration changes,501,sure old records,0.9963
1965,new resources,1572,available resources,0.9924
1965,new resources,1595,resource names,0.9893
1965,new resources,1732,new process group,0.9890
1965,new resources,1893,section resource,0.9884
1965,new resources,1536,Resource section,0.9884
1965,new resources,91,new version,0.9874
1965,new resources,1455,dynamic host configuration,0.9872
1965,new resources,1983,new connections,0.9867
1965,new resources,829,same operating system,0.9865
1965,new resources,1533,application licenses,0.9864
1966,binary upgrade,1357,wrapper binary,0.9994
1966,binary upgrade,1356,Wrapper binary programs,0.9994
1966,binary upgrade,1362,Binary code,0.9994
1966,binary upgrade,1773,binary incompatibility,0.9994
1966,binary upgrade,1541,binary program,0.9993
1966,binary upgrade,219,place upgrades,0.9992
1966,binary upgrade,1336,Wrapper binary executables,0.9992
1966,binary upgrade,875,binary architecture,0.9991
1966,binary upgrade,218,Upgrade Guide,0.9991
1966,binary upgrade,274,upgrade,0.9991
1967,LSF_LIM_API_NTRIES parameter,980,LSF_ENVDIR parameter,1.0000
1967,LSF_LIM_API_NTRIES parameter,1706,parameter LSF_MASTER_LIST,1.0000
1967,LSF_LIM_API_NTRIES parameter,1649,parameter LSF_SERVER_HOSTS,1.0000
1967,LSF_LIM_API_NTRIES parameter,761,REMOVE_HUNG_JOBS_FOR parameter,1.0000
1967,LSF_LIM_API_NTRIES parameter,1504,LSF_STARTUP_PATH parameters,1.0000
1967,LSF_LIM_API_NTRIES parameter,1931,LSF_ROOT_REX parameter,1.0000
1967,LSF_LIM_API_NTRIES parameter,1634,LSF_MASTER_LIST parameter,1.0000
1967,LSF_LIM_API_NTRIES parameter,1046,LSF_LOGDIR parameter,1.0000
1967,LSF_LIM_API_NTRIES parameter,1020,DEFAULT_APPLICATION parameter,1.0000
1967,LSF_LIM_API_NTRIES parameter,131,Parameters,1.0000
1968,environment variable,1173,LSF_ENVDIR environment variable,1.0000
1968,environment variable,1335,Wrapper shell scripts,0.9983
1968,environment variable,1714,current working,0.9982
1968,environment variable,1086,shell environment files,0.9982
1968,environment variable,1342,wrapper script,0.9981
1968,environment variable,794,Bourne shell script,0.9981
1968,environment variable,1341,shell script,0.9981
1968,environment variable,230,mysql_config script,0.9981
1968,environment variable,1151,advanced workload execution mode,0.9979
1968,environment variable,258,older SQL server versions,0.9979
1969,many times LSF,1062,Configure LSF startup,0.9994
1969,many times LSF,1473,automatic LSF startup,0.9991
1969,many times LSF,1094,LSF operating environment,0.9987
1969,many times LSF,1376,other advanced LSF features,0.9985
1969,many times LSF,1066,LSF external LIM,0.9981
1969,many times LSF,1422,IBM ® Spectrum LSF Configuration Reference,0.9980
1969,many times LSF,1509,LSF server binary files,0.9977
1969,many times LSF,1659,LSF client LIM,0.9973
1969,many times LSF,1084,LSF execution environment,0.9971
1969,many times LSF,963,important LSF configuration files,0.9969
1970,retry,208,arbitrary text string,0.9981
1970,retry,987,keywords,0.9980
1970,retry,1636,symbolic link,0.9980
1970,retry,1707,correct permissions,0.9980
1970,retry,1580,ELIM program,0.9979
1970,retry,1157,product entitlement version array,0.9979
1970,retry,1345,rename abc,0.9979
1970,retry,185,network page,0.9978
1970,retry,69,better security,0.9977
1970,retry,1581,executable program,0.9977
1971,EGO daemons,748,sbatchd daemon,0.9988
1971,EGO daemons,363,alternate MUNGE daemon,0.9985
1971,EGO daemons,360,MUNGE daemon,0.9985
1971,EGO daemons,1834,identd daemon,0.9980
1971,EGO daemons,1101,lim daemon,0.9978
1971,EGO daemons,519,SlurmDBD daemon,0.9970
1971,EGO daemons,1039,Management scheduler daemon,0.9967
1971,EGO daemons,1840,ident daemon,0.9966
1971,EGO daemons,747,mbatchd daemon,0.9966
1971,EGO daemons,468,daemon mode,0.9965
1972,retry error message,1684,detailed error message,0.9997
1972,retry error message,1979,associated error message output,0.9986
1972,retry error message,1818,General errors,0.9976
1972,retry error message,1839,protocol error,0.9971
1972,retry error message,390,warning message,0.9969
1972,retry error message,1444,unrecoverable errors,0.9969
1972,retry error message,1653,LIM error,0.9964
1972,retry error message,1978,error reasons,0.9955
1972,retry error message,1158,Last message,0.9950
1972,retry error message,1916,RES messages,0.9949
1974,N parameter,1830,ident,0.9953
1974,N parameter,1036,res,0.9951
1974,N parameter,1831,tcp service,0.9950
1974,N parameter,1385,lsb.queues file,0.9949
1974,N parameter,1174,profile.lsf file,0.9945
1974,N parameter,1391,.cshrc file,0.9941
1974,N parameter,235,mysql_config,0.9941
1974,N parameter,1689,nosuid flag,0.9939
1974,N parameter,1875,End section line,0.9939
1974,N parameter,1765,egosh ego,0.9938
1975,command client messages,1996,EGO command messages,0.9984
1975,command client messages,1068,following commands,0.9963
1975,command client messages,1815,command request,0.9962
1975,command client messages,1997,egosh command,0.9957
1975,command client messages,1125,lsid command,0.9955
1975,command client messages,14,sstat command,0.9954
1975,command client messages,2148,several commands,0.9954
1975,command client messages,1900,LIM messages,0.9954
1975,command client messages,931,automount command,0.9953
1975,command client messages,1451,Command Reference,0.9953
1976,LSF displays error messages,1958,LSF command messages,0.9958
1976,LSF displays error messages,1032,LSF server daemon log files,0.9926
1976,LSF displays error messages,1024,LSF batch log files,0.9922
1976,LSF displays error messages,718,LSF error messages,0.9918
1976,LSF displays error messages,1953,event log,0.9882
1976,LSF displays error messages,1208,LSF batch commands,0.9880
1976,LSF displays error messages,1130,LSF batch workload system,0.9862
1976,LSF displays error messages,1472,automatic LSF daemon startup,0.9856
1976,LSF displays error messages,1128,LSF batch system configuration,0.9852
1976,LSF displays error messages,1512,LSF administration commands,0.9848
1977,batch command,1194,bparams command,0.9956
1977,batch command,1307,bjobs command,0.9956
1977,batch command,1598,FLEXlm command lmstat,0.9956
1977,batch command,2157,Linux command,0.9956
1977,batch command,295,command,0.9956
1977,batch command,1253,bparams command,0.9956
1977,batch command,1768,rsh command,0.9956
1977,batch command,960,lsfinstall command,0.9956
1977,batch command,1702,lspasswd command,0.9956
1977,batch command,1687,filename command,0.9956
1978,error reasons,1287,standard error,0.9993
1978,error reasons,1825,internal error,0.9992
1978,error reasons,285,InnoDB error,0.9989
1978,error reasons,1443,configuration errors,0.9983
1978,error reasons,1444,unrecoverable errors,0.9978
1978,error reasons,1818,General errors,0.9977
1978,error reasons,1839,protocol error,0.9976
1978,error reasons,940,error files,0.9974
1978,error reasons,1166,common configuration errors,0.9967
1978,error reasons,1994,Internal library error,0.9964
1979,associated error message output,1972,retry error message,0.9986
1979,associated error message output,1684,detailed error message,0.9984
1979,associated error message output,390,warning message,0.9963
1979,associated error message output,1939,sbatchd messages,0.9951
1979,associated error message output,1653,LIM error,0.9949
1979,associated error message output,111,messages,0.9948
1979,associated error message output,1995,handshake message,0.9948
1979,associated error message output,1224,following message,0.9948
1979,associated error message output,1444,unrecoverable errors,0.9945
1979,associated error message output,1726,unknown service error message displays,0.9944
1980,Point,1475,starting point,1.0000
1980,Point,1345,rename abc,0.9984
1980,Point,1511,ID mode bit,0.9981
1980,Point,1092,bash shell,0.9980
1980,Point,94,internal cache,0.9980
1980,Point,1500,setuid bit,0.9980
1980,Point,1088,tcsh shell,0.9979
1980,Point,1824,swap space,0.9979
1980,Point,379,complete description,0.9979
1980,Point,1943,token processing,0.9979
1981,failure Possible reason Error message output,1641,most configuration errors,0.9972
1981,failure Possible reason Error message output,1994,Internal library error,0.9970
1981,failure Possible reason Error message output,1166,common configuration errors,0.9966
1981,failure Possible reason Error message output,1837,Authentication data format error,0.9962
1981,failure Possible reason Error message output,1726,unknown service error message displays,0.9957
1981,failure Possible reason Error message output,1158,Last message,0.9956
1981,failure Possible reason Error message output,1916,RES messages,0.9956
1981,failure Possible reason Error message output,1721,mbatchd exit,0.9947
1981,failure Possible reason Error message output,1224,following message,0.9940
1981,failure Possible reason Error message output,1287,standard error,0.9933
1982,connection,1184,busy status,0.9978
1982,connection,1157,product entitlement version array,0.9978
1982,connection,1511,ID mode bit,0.9977
1982,connection,1943,token processing,0.9977
1982,connection,2161,readable format,0.9976
1982,connection,538,exporter tool,0.9976
1982,connection,1937,RES binary,0.9975
1982,connection,2172,Many additional scenarios,0.9975
1982,connection,379,complete description,0.9975
1982,connection,208,arbitrary text string,0.9974
1983,new connections,91,new version,0.9992
1983,new connections,2039,new work,0.9982
1983,new connections,1956,new configuration,0.9978
1983,new connections,962,new Windows installation,0.9973
1983,new connections,1732,new process group,0.9970
1983,new connections,829,same operating system,0.9968
1983,new connections,868,new values,0.9966
1983,new connections,1261,execution scripts,0.9961
1983,new connections,1386,new queue definition,0.9960
1983,new connections,1270,current local host,0.9957
1984,connect,1584,following example ELIM program,0.9985
1984,connect,19,particular time interval,0.9981
1984,connect,632,most cases,0.9981
1984,connect,1364,appropriate libraries,0.9981
1984,connect,2000,current fix pack level,0.9981
1984,connect,1570,different ELIM,0.9981
1984,connect,757,kill signal,0.9980
1984,connect,1383,other configuration files,0.9980
1984,connect,93,unexpected results,0.9980
1984,connect,2015,correct configuration path values,0.9979
1985,system call times,393,system build time,0.9995
1985,system call times,1993,system call,0.9985
1985,system call times,1471,system startup files,0.9981
1985,system call times,927,Network File System,0.9981
1985,system call times,1705,file system environment,0.9979
1985,system call times,2034,old EGO work directory,0.9978
1985,system call times,412,larger systems,0.9978
1985,system call times,1202,system configuration,0.9977
1985,system call times,1713,current working directory,0.9973
1985,system call times,795,execution time,0.9970
1989,busy bhosts displays LSF,1109,LSF batch configuration files,0.9986
1989,busy bhosts displays LSF,1050,Use LSF administration,0.9974
1989,busy bhosts displays LSF,2019,old LSF batch configuration files,0.9970
1989,busy bhosts displays LSF,1499,LSF daemon startup control,0.9969
1989,busy bhosts displays LSF,1379,LSF installation script lsfinstall,0.9967
1989,busy bhosts displays LSF,1084,LSF execution environment,0.9963
1989,busy bhosts displays LSF,1509,LSF server binary files,0.9959
1989,busy bhosts displays LSF,963,important LSF configuration files,0.9958
1989,busy bhosts displays LSF,1118,LSF Command Reference,0.9954
1989,busy bhosts displays LSF,1423,IBM Spectrum LSF Command Reference,0.9954
1990,bjobs displays,1627,command output,0.9961
1990,bjobs displays,1644,lsload command prints,0.9951
1990,bjobs displays,1126,lsload command,0.9951
1990,bjobs displays,1125,lsid command,0.9948
1990,bjobs displays,1451,Command Reference,0.9948
1990,bjobs displays,1057,lsrun commands,0.9947
1990,bjobs displays,1656,lshosts command,0.9944
1990,bjobs displays,1997,egosh command,0.9943
1990,bjobs displays,931,automount command,0.9942
1990,bjobs displays,1209,bhosts command,0.9939
1991,Socket error,2173,IDLE,0.9816
1991,Socket error,1237,night,0.9807
1991,Socket error,1495,user5 PEND night hostA hostC,0.9804
1991,Socket error,2104,robin fashion,0.9804
1991,Socket error,2177,minimum,0.9804
1991,Socket error,156,distinct local domain sockets,0.9803
1991,Socket error,437,MySQL connection i d,0.9803
1991,Socket error,816,selection,0.9800
1991,Socket error,1894,maximum length,0.9798
1991,Socket error,1891,maximum,0.9798
1992,client side,1432,client,1.0000
1992,client side,1663,client requests,0.9991
1992,client side,1100,few minutes,0.9972
1992,client side,1493,user5 RUN night hostA hostD,0.9971
1992,client side,1662,loopback address,0.9971
1992,client side,1605,minute,0.9970
1992,client side,518,few tools,0.9970
1992,client side,1966,binary upgrade,0.9969
1992,client side,1336,Wrapper binary executables,0.9968
1992,client side,69,better security,0.9968
1993,system call,412,larger systems,0.9987
1993,system call,1756,lsbatch system,0.9987
1993,system call,1202,system configuration,0.9986
1993,system call,1985,system call times,0.9985
1993,system call,927,Network File System,0.9981
1993,system call,393,system build time,0.9980
1993,system call,2034,old EGO work directory,0.9979
1993,system call,827,operating system,0.9979
1993,system call,1713,current working directory,0.9977
1993,system call,1471,system startup files,0.9975
1994,Internal library error,1641,most configuration errors,0.9989
1994,Internal library error,1166,common configuration errors,0.9989
1994,Internal library error,1443,configuration errors,0.9970
1994,Internal library error,1981,failure Possible reason Error message output,0.9970
1994,Internal library error,1287,standard error,0.9968
1994,Internal library error,1978,error reasons,0.9964
1994,Internal library error,1825,internal error,0.9960
1994,Internal library error,1916,RES messages,0.9950
1994,Internal library error,285,InnoDB error,0.9947
1994,Internal library error,1158,Last message,0.9943
1995,handshake message,111,messages,1.0000
1995,handshake message,305,error message,0.9961
1995,handshake message,1979,associated error message output,0.9948
1995,handshake message,1615,Log messages,0.9920
1995,handshake message,1972,retry error message,0.9915
1995,handshake message,1712,directory message,0.9913
1995,handshake message,1722,mbatchd daemon error logs,0.9909
1995,handshake message,1684,detailed error message,0.9905
1995,handshake message,1996,EGO command messages,0.9887
1995,handshake message,1900,LIM messages,0.9875
1996,EGO command messages,1975,command client messages,0.9984
1996,EGO command messages,1900,LIM messages,0.9947
1996,EGO command messages,1442,lsadmin reconfig command checks,0.9945
1996,EGO command messages,1448,badmin reconfig command checks,0.9942
1996,EGO command messages,1068,following commands,0.9939
1996,EGO command messages,1939,sbatchd messages,0.9935
1996,EGO command messages,1209,bhosts command,0.9932
1996,EGO command messages,1467,badmin mbdrestart command checks,0.9932
1996,EGO command messages,1125,lsid command,0.9930
1996,EGO command messages,1997,egosh command,0.9927
1997,egosh command,14,sstat command,0.9996
1997,egosh command,1125,lsid command,0.9995
1997,egosh command,931,automount command,0.9995
1997,egosh command,1656,lshosts command,0.9994
1997,egosh command,1273,lsgrun command,0.9994
1997,egosh command,2148,several commands,0.9994
1997,egosh command,9,sacct command,0.9994
1997,egosh command,1451,Command Reference,0.9993
1997,egosh command,1255,basic commands,0.9993
1997,egosh command,1306,bstop command,0.9992
1998,ego.conf file,1174,profile.lsf file,0.9992
1998,ego.conf file,1696,hosts.equiv file,0.9991
1998,ego.conf file,1112,lsb.events file,0.9991
1998,ego.conf file,1385,lsb.queues file,0.9989
1998,ego.conf file,167,passwd file,0.9988
1998,ego.conf file,1935,file respath,0.9985
1998,ego.conf file,395,slurm.conf file,0.9983
1998,ego.conf file,1391,.cshrc file,0.9982
1998,ego.conf file,992,Global configuration files,0.9980
1998,ego.conf file,710,configuration files,0.9980
1999,vemkd daemon,79,daemons,1.0000
1999,vemkd daemon,1691,inetd daemon,1.0000
1999,vemkd daemon,68,intermediate daemon,1.0000
1999,vemkd daemon,1685,identification daemon,1.0000
1999,vemkd daemon,1720,Batch daemons,0.9923
1999,vemkd daemon,747,mbatchd daemon,0.9908
1999,vemkd daemon,1725,sbatchd daemon starts,0.9901
1999,vemkd daemon,1867,new daemon,0.9855
1999,vemkd daemon,1101,lim daemon,0.9855
1999,vemkd daemon,1226,batch system daemon,0.9854
2000,current fix pack level,1714,current working,0.9989
2000,current fix pack level,632,most cases,0.9987
2000,current fix pack level,2168,level,0.9986
2000,current fix pack level,457,level locking,0.9986
2000,current fix pack level,1335,Wrapper shell scripts,0.9985
2000,current fix pack level,1584,following example ELIM program,0.9985
2000,current fix pack level,258,older SQL server versions,0.9985
2000,current fix pack level,1518,full path,0.9984
2000,current fix pack level,1564,RESOURCENAME LOCATION,0.9983
2000,current fix pack level,503,separate instances,0.9983
2001,same cluster name,553,cluster names,0.9982
2001,same cluster name,1882,Duplicate cluster name name,0.9971
2001,same cluster name,724,Cluster characteristics,0.9969
2001,same cluster name,113,multiple clusters,0.9963
2001,same cluster name,1000,Defines cluster name,0.9960
2001,same cluster name,123,same name,0.9960
2001,same cluster name,2038,original cluster,0.9957
2001,same cluster name,1692,Inconsistent host names,0.9947
2001,same cluster name,1883,section cluster,0.9945
2001,same cluster name,2025,cluster define,0.9939
2003,work files,947,copy result files,0.9989
2003,work files,1354,output files,0.9986
2003,work files,1086,shell environment files,0.9985
2003,work files,1537,lsf.shared file,0.9985
2003,work files,964,important files,0.9985
2003,work files,1635,lsid file,0.9983
2003,work files,2014,old file,0.9982
2003,work files,2017,old passwd.lsfuser file,0.9982
2003,work files,1688,application binary files,0.9981
2003,work files,1383,other configuration files,0.9975
2004,ego.cluster,379,complete description,0.9974
2004,ego.cluster,2172,Many additional scenarios,0.9971
2004,ego.cluster,2145,easy way,0.9971
2004,ego.cluster,1157,product entitlement version array,0.9970
2004,ego.cluster,1344,abc,0.9970
2004,ego.cluster,2175,n3 State,0.9969
2004,ego.cluster,538,exporter tool,0.9969
2004,ego.cluster,219,place upgrades,0.9969
2004,ego.cluster,1345,rename abc,0.9969
2004,ego.cluster,539,performance metrics,0.9968
2005,ego.shared files,762,lsb.params file,0.9992
2005,ego.shared files,1935,file respath,0.9991
2005,ego.shared files,190,flat file,0.9991
2005,ego.shared files,167,passwd file,0.9991
2005,ego.shared files,27,text file,0.9990
2005,ego.shared files,1358,wrapper files,0.9989
2005,ego.shared files,1711,such file,0.9989
2005,ego.shared files,1388,shell files,0.9988
2005,ego.shared files,946,file space,0.9988
2005,ego.shared files,1112,lsb.events file,0.9988
2006,configuration file paths,731,several configuration files,0.9996
2006,configuration file paths,376,own configuration file,0.9995
2006,configuration file paths,2029,old EGO XML configuration files,0.9995
2006,configuration file paths,321,separate configuration file,0.9992
2006,configuration file paths,1391,.cshrc file,0.9990
2006,configuration file paths,1340,executable file,0.9990
2006,configuration file paths,1711,such file,0.9988
2006,configuration file paths,2031,old EGO password file,0.9988
2006,configuration file paths,946,file space,0.9988
2006,configuration file paths,1635,lsid file,0.9988
2007,new cluster,726,cluster administrators,0.9975
2007,new cluster,1072,multi-user cluster,0.9954
2007,new cluster,85,cluster,0.9954
2007,new cluster,1054,cluster status,0.9954
2007,new cluster,355,non-external cluster,0.9954
2007,new cluster,958,new UNIX,0.9948
2007,new cluster,724,Cluster characteristics,0.9945
2007,new cluster,1380,new hosts,0.9940
2007,new cluster,2038,original cluster,0.9927
2007,new cluster,552,more clusters,0.9925
2008,Migrate values,512,appropriate values,0.9995
2008,Migrate values,340,QOS values,0.9991
2008,Migrate values,739,exit value,0.9983
2008,Migrate values,741,nonzero exit value,0.9983
2008,Migrate values,406,slurmctld execute,0.9981
2008,Migrate values,1251,Scheduling threshold values,0.9980
2008,Migrate values,2015,correct configuration path values,0.9976
2008,Migrate values,886,threshold values,0.9974
2008,Migrate values,249,old records,0.9971
2008,Migrate values,191,accounting storage plugin,0.9970
2009,old lsf.conf file,978,lsf.conf file,0.9979
2009,old lsf.conf file,1537,lsf.shared file,0.9976
2009,old lsf.conf file,1690,LSF_AUTH parameter,0.9973
2009,old lsf.conf file,1845,ident server,0.9973
2009,old lsf.conf file,1568,RESOURCENAME parameter,0.9972
2009,old lsf.conf file,1389,cshrc.lsf file,0.9972
2009,old lsf.conf file,1093,files cshrc.lsf,0.9972
2009,old lsf.conf file,964,important files,0.9969
2009,old lsf.conf file,1063,lsf.sudoers file,0.9968
2009,old lsf.conf file,324,configuration parameters,0.9968
2010,new lsf.conf file,1567,LOCATION parameter,0.9978
2010,new lsf.conf file,193,important parameters,0.9978
2010,new lsf.conf file,1705,file system environment,0.9975
2010,new lsf.conf file,927,Network File System,0.9972
2010,new lsf.conf file,1471,system startup files,0.9971
2010,new lsf.conf file,2034,old EGO work directory,0.9970
2010,new lsf.conf file,1713,current working directory,0.9970
2010,new lsf.conf file,412,larger systems,0.9968
2010,new lsf.conf file,393,system build time,0.9968
2010,new lsf.conf file,1993,system call,0.9966
2013,c. Migrate,1429,b. Edit,0.9985
2013,c. Migrate,1363,source code,0.9985
2013,c. Migrate,1367,software products,0.9985
2013,c. Migrate,1511,ID mode bit,0.9983
2013,c. Migrate,1765,egosh ego,0.9981
2013,c. Migrate,1937,RES binary,0.9981
2013,c. Migrate,1596,lic utility,0.9981
2013,c. Migrate,1602,swp mem license1 license,0.9980
2013,c. Migrate,2026,EGO consumer tree,0.9979
2013,c. Migrate,599,PrivateData flag,0.9979
2014,old file,2017,old passwd.lsfuser file,1.0000
2014,old file,2031,old EGO password file,0.9990
2014,old file,1340,executable file,0.9990
2014,old file,515,archive files,0.9990
2014,old file,1635,lsid file,0.9989
2014,old file,376,own configuration file,0.9988
2014,old file,2006,configuration file paths,0.9987
2014,old file,1711,such file,0.9986
2014,old file,1819,incorrect file permissions,0.9985
2014,old file,1388,shell files,0.9985
2015,correct configuration path values,150,different configurations,0.9986
2015,correct configuration path values,503,separate instances,0.9986
2015,correct configuration path values,1477,Configuration Reference,0.9986
2015,correct configuration path values,1518,full path,0.9983
2015,correct configuration path values,209,Slurm Accounting Configuration,0.9982
2015,correct configuration path values,1584,following example ELIM program,0.9982
2015,correct configuration path values,574,similar syntax,0.9982
2015,correct configuration path values,72,such services,0.9982
2015,correct configuration path values,604,privileges,0.9982
2015,correct configuration path values,739,exit value,0.9981
2016,new directory structure changes,1417,installation script directory,0.9987
2016,new directory structure changes,1513,level installation directory,0.9970
2016,new directory structure changes,962,new Windows installation,0.9967
2016,new directory structure changes,2039,new work,0.9966
2016,new directory structure changes,953,new installation,0.9958
2016,new directory structure changes,959,Linux installation,0.9958
2016,new directory structure changes,725,installation,0.9958
2016,new directory structure changes,957,directory structure,0.9957
2016,new directory structure changes,1355,local directory,0.9956
2016,new directory structure changes,1544,examples directory,0.9956
2017,old passwd.lsfuser file,2014,old file,1.0000
2017,old passwd.lsfuser file,2031,old EGO password file,0.9990
2017,old passwd.lsfuser file,1340,executable file,0.9990
2017,old passwd.lsfuser file,515,archive files,0.9990
2017,old passwd.lsfuser file,1635,lsid file,0.9989
2017,old passwd.lsfuser file,376,own configuration file,0.9988
2017,old passwd.lsfuser file,2006,configuration file paths,0.9987
2017,old passwd.lsfuser file,1711,such file,0.9986
2017,old passwd.lsfuser file,1819,incorrect file permissions,0.9985
2017,old passwd.lsfuser file,1388,shell files,0.9985
2019,old LSF batch configuration files,2022,old LSF batch work files,0.9991
2019,old LSF batch configuration files,1109,LSF batch configuration files,0.9977
2019,old LSF batch configuration files,1199,LSF batch system configuration files,0.9973
2019,old LSF batch configuration files,1989,busy bhosts displays LSF,0.9970
2019,old LSF batch configuration files,990,LSF cluster configuration files,0.9969
2019,old LSF batch configuration files,1005,LSF batch workload system configuration files,0.9969
2019,old LSF batch configuration files,1499,LSF daemon startup control,0.9956
2019,old LSF batch configuration files,1420,install,0.9953
2019,old LSF batch configuration files,1055,LSF batch workload system configuration,0.9951
2019,old LSF batch configuration files,1502,/etc,0.9951
2022,old LSF batch work files,2019,old LSF batch configuration files,0.9991
2022,old LSF batch work files,1005,LSF batch workload system configuration files,0.9989
2022,old LSF batch work files,1199,LSF batch system configuration files,0.9987
2022,old LSF batch work files,1055,LSF batch workload system configuration,0.9974
2022,old LSF batch work files,1263,LSF batch scheduling queues,0.9972
2022,old LSF batch work files,1195,LSF batch system configuration parameters,0.9961
2022,old LSF batch work files,990,LSF cluster configuration files,0.9957
2022,old LSF batch work files,1502,/etc,0.9955
2022,old LSF batch work files,1109,LSF batch configuration files,0.9954
2022,old LSF batch work files,1128,LSF batch system configuration,0.9950
2023,Copy LSB_SHAREDIR_old\cluster_name\ *,1584,following example ELIM program,0.9980
2023,Copy LSB_SHAREDIR_old\cluster_name\ *,1570,different ELIM,0.9979
2023,Copy LSB_SHAREDIR_old\cluster_name\ *,685,other tools,0.9978
2023,Copy LSB_SHAREDIR_old\cluster_name\ *,97,local storage,0.9977
2023,Copy LSB_SHAREDIR_old\cluster_name\ *,977,other global configuration,0.9976
2023,Copy LSB_SHAREDIR_old\cluster_name\ *,701,other ways,0.9976
2023,Copy LSB_SHAREDIR_old\cluster_name\ *,1984,connect,0.9975
2023,Copy LSB_SHAREDIR_old\cluster_name\ *,591,different points,0.9975
2023,Copy LSB_SHAREDIR_old\cluster_name\ *,2000,current fix pack level,0.9975
2023,Copy LSB_SHAREDIR_old\cluster_name\ *,1827,available swap space,0.9975
2024,EGO configuration,1074,Multi-user configuration,0.9985
2024,EGO configuration,73,configuration,0.9985
2024,EGO configuration,1666,IP configuration,0.9985
2024,EGO configuration,187,Slurm JobComp Configuration,0.9983
2024,EGO configuration,2026,EGO consumer tree,0.9974
2024,EGO configuration,2029,old EGO XML configuration files,0.9974
2024,EGO configuration,375,SlurmDBD Configuration,0.9971
2024,EGO configuration,321,separate configuration file,0.9969
2024,EGO configuration,132,slurmdbd.conf,0.9969
2024,EGO configuration,731,several configuration files,0.9968
2025,cluster define,113,multiple clusters,0.9981
2025,cluster define,1000,Defines cluster name,0.9981
2025,cluster define,1053,cluster configuration,0.9980
2025,cluster define,2038,original cluster,0.9978
2025,cluster define,706,cluster operations,0.9977
2025,cluster define,713,reconfigure cluster properties,0.9975
2025,cluster define,88,cluster snowflake,0.9972
2025,cluster define,86,sacctmgr list cluster,0.9967
2025,cluster define,724,Cluster characteristics,0.9966
2025,cluster define,868,new values,0.9959
2026,EGO consumer tree,2013,c. Migrate,0.9979
2026,EGO consumer tree,1429,b. Edit,0.9979
2026,EGO consumer tree,1363,source code,0.9978
2026,EGO consumer tree,1609,license1 myjob,0.9978
2026,EGO consumer tree,397,qualified pathname,0.9977
2026,EGO consumer tree,51,pathname,0.9977
2026,EGO consumer tree,1247,ut pg io ls,0.9976
2026,EGO consumer tree,1765,egosh ego,0.9975
2026,EGO consumer tree,2237,cgroup plugin,0.9975
2026,EGO consumer tree,2024,EGO configuration,0.9974
2027,EGO resource group,1608,resource requirement string,0.9988
2027,EGO resource group,871,Most static resources,0.9988
2027,EGO resource group,1566,resource map,0.9988
2027,EGO resource group,1552,End Resource,0.9987
2027,EGO resource group,10,resource usage,0.9985
2027,EGO resource group,1001,specific resources,0.9983
2027,EGO resource group,1611,external resources,0.9983
2027,EGO resource group,815,resource requirements,0.9983
2027,EGO resource group,856,level resource usage,0.9983
2027,EGO resource group,846,resource availability,0.9981
2028,EGO users,575,user da,0.9991
2028,EGO users,606,slurm user,0.9989
2028,EGO users,1142,US Government Users Restricted Rights,0.9989
2028,EGO users,118,user ID,0.9989
2028,EGO users,1919,bad user,0.9988
2028,EGO users,213,user entities,0.9987
2028,EGO users,1377,Manage users,0.9987
2028,EGO users,1960,User programs,0.9986
2028,EGO users,1681,User permission,0.9984
2028,EGO users,630,user brian,0.9984
2029,old EGO XML configuration files,731,several configuration files,0.9997
2029,old EGO XML configuration files,2006,configuration file paths,0.9995
2029,old EGO XML configuration files,321,separate configuration file,0.9994
2029,old EGO XML configuration files,2031,old EGO password file,0.9993
2029,old EGO XML configuration files,999,Keyword definition file,0.9992
2029,old EGO XML configuration files,376,own configuration file,0.9990
2029,old EGO XML configuration files,1819,incorrect file permissions,0.9989
2029,old EGO XML configuration files,1510,file permission mode -rw-------,0.9989
2029,old EGO XML configuration files,1711,such file,0.9989
2029,old EGO XML configuration files,1391,.cshrc file,0.9989
2031,old EGO password file,2029,old EGO XML configuration files,0.9993
2031,old EGO password file,2017,old passwd.lsfuser file,0.9990
2031,old EGO password file,2014,old file,0.9990
2031,old EGO password file,1819,incorrect file permissions,0.9990
2031,old EGO password file,999,Keyword definition file,0.9989
2031,old EGO password file,2006,configuration file paths,0.9988
2031,old EGO password file,72,such services,0.9988
2031,old EGO password file,731,several configuration files,0.9987
2031,old EGO password file,224,InnoDB storage engine,0.9986
2031,old EGO password file,376,own configuration file,0.9985
2034,old EGO work directory,1713,current working directory,0.9991
2034,old EGO work directory,1993,system call,0.9979
2034,old EGO work directory,1985,system call times,0.9978
2034,old EGO work directory,393,system build time,0.9978
2034,old EGO work directory,975,configuration directories,0.9977
2034,old EGO work directory,927,Network File System,0.9972
2034,old EGO work directory,412,larger systems,0.9971
2034,old EGO work directory,2010,new lsf.conf file,0.9970
2034,old EGO work directory,1202,system configuration,0.9969
2034,old EGO work directory,814,batch processing features,0.9968
2035,EGO_WORKDIR_old\ *,686,TresUsage * fields,0.9991
2035,EGO_WORKDIR_old\ *,1885,second definition,0.9977
2035,EGO_WORKDIR_old\ *,303,collation,0.9976
2035,EGO_WORKDIR_old\ *,539,performance metrics,0.9975
2035,EGO_WORKDIR_old\ *,308,insensitive collation,0.9974
2035,EGO_WORKDIR_old\ *,674,largest memory peak,0.9974
2035,EGO_WORKDIR_old\ *,1157,product entitlement version array,0.9974
2035,EGO_WORKDIR_old\ *,70,performance,0.9973
2035,EGO_WORKDIR_old\ *,281,specific situations,0.9973
2035,EGO_WORKDIR_old\ *,1248,SCHEDULING POLICIES,0.9973
2037,new LSF cluster,1085,LSF Cluster Management,0.9982
2037,new LSF cluster,1454,IBM Spectrum LSF Cluster Management,0.9982
2037,new LSF cluster,1049,new IBM ® Spectrum LSF cluster,0.9978
2037,new LSF cluster,1474,IBM Platform LSF Cluster Management,0.9973
2037,new LSF cluster,994,cluster /usr,0.9968
2037,new LSF cluster,1210,LSF batch server hosts,0.9964
2037,new LSF cluster,914,LSF management host,0.9952
2037,new LSF cluster,1168,current LSF management host,0.9952
2037,new LSF cluster,1415,LSF installation script directory,0.9944
2037,new LSF cluster,1169,LSF management host name,0.9930
2038,original cluster,113,multiple clusters,0.9994
2038,original cluster,724,Cluster characteristics,0.9991
2038,original cluster,706,cluster operations,0.9985
2038,original cluster,2025,cluster define,0.9978
2038,original cluster,88,cluster snowflake,0.9958
2038,original cluster,2001,same cluster name,0.9957
2038,original cluster,1053,cluster configuration,0.9956
2038,original cluster,1883,section cluster,0.9956
2038,original cluster,552,more clusters,0.9955
2038,original cluster,1000,Defines cluster name,0.9954
2039,new work,962,new Windows installation,0.9990
2039,new work,1983,new connections,0.9982
2039,new work,91,new version,0.9969
2039,new work,953,new installation,0.9967
2039,new work,2016,new directory structure changes,0.9966
2039,new work,829,same operating system,0.9965
2039,new work,725,installation,0.9963
2039,new work,959,Linux installation,0.9963
2039,new work,868,new values,0.9957
2039,new work,623,change,0.9957
2040,monitor,1092,bash shell,0.9980
2040,monitor,1928,operation permission,0.9980
2040,monitor,1366,wrapper shell,0.9979
2040,monitor,1824,swap space,0.9978
2040,monitor,1564,RESOURCENAME LOCATION,0.9978
2040,monitor,1516,relative path,0.9978
2040,monitor,1707,correct permissions,0.9978
2040,monitor,1580,ELIM program,0.9978
2040,monitor,1088,tcsh shell,0.9977
2040,monitor,1367,software products,0.9977
2041,Monitoring jobs,1288,jobs subdirectory,1.0000
2041,Monitoring jobs,755,re-runnable job,1.0000
2041,Monitoring jobs,763,hung jobs,1.0000
2041,Monitoring jobs,2229,multi-thread job,1.0000
2041,Monitoring jobs,879,suspended jobs,1.0000
2041,Monitoring jobs,760,UNKWN job,1.0000
2041,Monitoring jobs,3,job,1.0000
2041,Monitoring jobs,1314,specified jobs,1.0000
2041,Monitoring jobs,1603,Submit jobs,0.9914
2041,Monitoring jobs,751,chunk job,0.9909
2042,CPU Management User,828,host CPU architecture,0.9940
2042,CPU Management User,2170,CPU Management Examples,0.9936
2042,CPU Management User,2147,CPU management information,0.9928
2042,CPU Management User,2181,default partition,0.9892
2042,CPU Management User,2114,same node,0.9891
2042,CPU Management User,304,sensitive one,0.9887
2042,CPU Management User,4,job step,0.9873
2042,CPU Management User,695,single task processes,0.9870
2042,CPU Management User,1279,unique job ID,0.9868
2042,CPU Management User,216,partition,0.9850
2043,Administrator Guide,124,administrators,1.0000
2043,Administrator Guide,1867,new daemon,0.9940
2043,Administrator Guide,726,cluster administrators,0.9938
2043,Administrator Guide,1037,Management batch daemon,0.9927
2043,Administrator Guide,1487,primary administrator,0.9924
2043,Administrator Guide,1041,Server batch daemon,0.9910
2043,Administrator Guide,1039,Management scheduler daemon,0.9904
2043,Administrator Guide,1212,batch hosts,0.9898
2043,Administrator Guide,953,new installation,0.9895
2043,Administrator Guide,149,different daemons,0.9894
2045,configuration options,2233,TaskPlugin configuration option,1.0000
2045,configuration options,2208,CR_CPU configuration option,1.0000
2045,configuration options,2227,CR_CORE_DEFAULT_DIST_BLOCK configuration option specifies,0.9993
2045,configuration options,2194,configuration option CR_CORE_DEFAULT_DIST_BLOCK,0.9993
2045,configuration options,482,relevant configuration options,0.9990
2045,configuration options,329,valid options,0.9989
2045,configuration options,2063,slurm.conf options,0.9989
2045,configuration options,448,grant option,0.9987
2045,configuration options,231,mysql_config option,0.9985
2045,configuration options,2132,cgroup.conf options,0.9984
2046,CPU resources,2086,CPU resource allocation,0.9972
2046,CPU resources,2144,CPU usage,0.9910
2046,CPU resources,838,CPU factor,0.9908
2046,CPU resources,2107,specific CPUs,0.9902
2046,CPU resources,2186,unique CPUs,0.9895
2046,CPU resources,2069,logical CPUs,0.9886
2046,CPU resources,2154,hardware CPU ids,0.9885
2046,CPU resources,876,relative CPU speed,0.9879
2046,CPU resources,11,individual tasks,0.9878
2046,CPU resources,1786,Total NUMA Nodes,0.9868
2047,Allocation,2185,balanced allocation,1.0000
2047,Allocation,2106,allocation methods,0.9956
2047,Allocation,2221,block allocation method CPU,0.9943
2047,Allocation,2101,block allocation,0.9939
2047,Allocation,2141,whole node allocation,0.9931
2047,Allocation,2217,block allocation method,0.9911
2047,Allocation,2103,cyclic allocation,0.9908
2047,Allocation,2086,CPU resource allocation,0.9876
2047,Allocation,2174,hypernode Nodes,0.9846
2047,Allocation,2078,whole nodes,0.9841
2048,Distribution,2199,plane distribution,1.0000
2048,Distribution,1822,Memory allocation,0.9959
2048,Distribution,2219,block distribution method,0.9958
2048,Distribution,2213,default distribution method,0.9955
2048,Distribution,2100,default allocation method,0.9955
2048,Distribution,2196,cyclic distribution,0.9953
2048,Distribution,2224,cyclic distribution method,0.9942
2048,Distribution,2180,Simple allocation,0.9935
2048,Distribution,2198,default allocation,0.9931
2048,Distribution,2049,Optional Distribution,0.9924
2049,Optional Distribution,1400,Distribution packages,0.9995
2049,Optional Distribution,385,authentication method,0.9970
2049,Optional Distribution,1339,easiest integration method,0.9959
2049,Optional Distribution,697,step memory peak,0.9954
2049,Optional Distribution,1413,distribution files,0.9952
2049,Optional Distribution,1625,General troubleshooting steps,0.9948
2049,Optional Distribution,2213,default distribution method,0.9945
2049,Optional Distribution,2196,cyclic distribution,0.9945
2049,Optional Distribution,509,unique identifiers,0.9944
2049,Optional Distribution,1822,Memory allocation,0.9943
2050,Binding,144,unique key,0.9964
2050,Binding,670,maximum memory peak,0.9963
2050,Binding,696,maximum memory,0.9961
2050,Binding,1339,easiest integration method,0.9961
2050,Binding,776,processor,0.9957
2050,Binding,2067,layout,0.9957
2050,Binding,2094,APrevents sharing,0.9954
2050,Binding,1787,Total Processors,0.9954
2050,Binding,2240,affinity plugin,0.9951
2050,Binding,619,like fashion,0.9948
2051,Node selection,2091,ARestricts node selection,1.0000
2051,Node selection,2174,hypernode Nodes,0.9993
2051,Node selection,2092,contiguous nodes,0.9992
2051,Node selection,2203,third node,0.9988
2051,Node selection,2078,whole nodes,0.9984
2051,Node selection,2201,first node,0.9979
2051,Node selection,1786,Total NUMA Nodes,0.9974
2051,Node selection,2075,node definition,0.9973
2051,Node selection,2141,whole node allocation,0.9970
2051,Node selection,2097,specific nodes,0.9966
2052,command line options,2105,appropriate command line options,0.9987
2052,command line options,2089,sbatch command line options,0.9975
2052,command line options,657,command line,0.9934
2052,command line options,1439,% lsadmin reconfig,0.9898
2052,command line options,903,installation options,0.9883
2052,command line options,1322,hostname command,0.9881
2052,command line options,1121,command options,0.9878
2052,command line options,1295,bsub -I,0.9878
2052,command line options,1056,bsub,0.9878
2052,command line options,1108,# lsadmin reconfig,0.9868
2053,linear,2055,cons_tres,0.9964
2053,linear,2054,SelectType,0.9956
2053,linear,2109,parameterPossible valuesDescription,0.9952
2053,linear,2088,salloc,0.9950
2053,linear,2077,cons_tresControls,0.9949
2053,linear,1878,first line,0.9940
2053,linear,2061,SelectTypeParameters,0.9939
2053,linear,307,_ ci suffix,0.9939
2053,linear,2090,Step 1Command line optionPossible valuesDescription,0.9936
2053,linear,2135,Step 4Command line optionPossible valuesDescription,0.9936
2054,SelectType,2055,cons_tres,0.9977
2054,SelectType,307,_ ci suffix,0.9962
2054,SelectType,2061,SelectTypeParameters,0.9961
2054,SelectType,2053,linear,0.9956
2054,SelectType,1878,first line,0.9953
2054,SelectType,1945,logJobInfo _,0.9949
2054,SelectType,140,normal MUNGE configuration,0.9944
2054,SelectType,33,cgroup,0.9943
2054,SelectType,1736,Linux cgroups,0.9943
2054,SelectType,2088,salloc,0.9942
2055,cons_tres,2054,SelectType,0.9977
2055,cons_tres,2053,linear,0.9964
2055,cons_tres,2061,SelectTypeParameters,0.9960
2055,cons_tres,2088,salloc,0.9960
2055,cons_tres,1736,Linux cgroups,0.9957
2055,cons_tres,33,cgroup,0.9957
2055,cons_tres,1878,first line,0.9957
2055,cons_tres,307,_ ci suffix,0.9952
2055,cons_tres,997,kernel,0.9952
2055,cons_tres,1246,r1 m,0.9949
2056,individual sockets,2142,particular socket,0.9994
2056,individual sockets,2210,Socket id,0.9991
2056,individual sockets,2222,socket i d,0.9976
2056,individual sockets,2204,node n,0.9946
2056,individual sockets,2231,single socket,0.9936
2056,individual sockets,1788,Total Cores,0.9935
2056,individual sockets,2154,hardware CPU ids,0.9912
2056,individual sockets,2214,CPU i d,0.9911
2056,individual sockets,1216,Total number,0.9905
2056,individual sockets,1888,valid number,0.9902
2057,cores,2216,Allocate cores,0.9884
2057,cores,382,socket,0.9875
2057,cores,2098,minimum number,0.9865
2057,cores,2210,Socket id,0.9848
2057,cores,1213,Maximum number,0.9836
2057,cores,1888,valid number,0.9828
2057,cores,2056,individual sockets,0.9817
2057,cores,391,port number,0.9816
2057,cores,2142,particular socket,0.9811
2057,cores,1216,Total number,0.9810
2058,threads,2212,cyclic,0.9972
2058,threads,816,selection,0.9968
2058,threads,156,distinct local domain sockets,0.9962
2058,threads,1789,Total Threads,0.9958
2058,threads,2226,block --cpu,0.9958
2058,threads,2177,minimum,0.9957
2058,threads,437,MySQL connection i d,0.9952
2058,threads,2112,overcommitment,0.9950
2058,threads,2064,Step 1slurm.conf parameterPossible valuesDescription,0.9947
2058,threads,2115,Step 3slurm.conf parameterPossible valuesDescription,0.9947
2059,consumable resources,1434,mem RESOURCES REXPRI,0.9926
2059,consumable resources,2113,resource sharing,0.9918
2059,consumable resources,2188,resource fragmentation,0.9902
2059,consumable resources,846,resource availability,0.9897
2059,consumable resources,1001,specific resources,0.9893
2059,consumable resources,869,Static resources,0.9888
2059,consumable resources,896,resource consumers,0.9888
2059,consumable resources,1551,license2 resource,0.9886
2059,consumable resources,1549,license1 resource,0.9886
2059,consumable resources,1535,critical resources,0.9884
2060,consumable resource type,10,resource usage,0.9947
2060,consumable resource type,1001,specific resources,0.9944
2060,consumable resource type,815,resource requirements,0.9943
2060,consumable resource type,856,level resource usage,0.9937
2060,consumable resource type,1566,resource map,0.9937
2060,consumable resource type,1065,other shared resources,0.9936
2060,consumable resource type,1608,resource requirement string,0.9935
2060,consumable resource type,1611,external resources,0.9934
2060,consumable resource type,1552,End Resource,0.9933
2060,consumable resource type,2027,EGO resource group,0.9933
2061,SelectTypeParameters,140,normal MUNGE configuration,0.9974
2061,SelectTypeParameters,1246,r1 m,0.9970
2061,SelectTypeParameters,1178,status r15s r1 m,0.9969
2061,SelectTypeParameters,1247,ut pg io ls,0.9969
2061,SelectTypeParameters,1878,first line,0.9968
2061,SelectTypeParameters,1179,ut pg ls,0.9966
2061,SelectTypeParameters,2176,cons_tres plugin,0.9965
2061,SelectTypeParameters,1879,keyword line,0.9964
2061,SelectTypeParameters,1090,% source,0.9963
2061,SelectTypeParameters,1550,license2 Numeric,0.9962
2062,select plugin,2110,Step 2Command line optionPossible valuesDescription,0.9972
2062,select plugin,2118,Step 3Command line optionPossible valuesDescription,0.9972
2062,select plugin,2135,Step 4Command line optionPossible valuesDescription,0.9972
2062,select plugin,2090,Step 1Command line optionPossible valuesDescription,0.9972
2062,select plugin,2064,Step 1slurm.conf parameterPossible valuesDescription,0.9950
2062,select plugin,2115,Step 3slurm.conf parameterPossible valuesDescription,0.9950
2062,select plugin,2240,affinity plugin,0.9944
2062,select plugin,2130,affinity,0.9941
2062,select plugin,2055,cons_tres,0.9936
2062,select plugin,1789,Total Threads,0.9933
2063,slurm.conf options,329,valid options,0.9993
2063,slurm.conf options,448,grant option,0.9991
2063,slurm.conf options,2227,CR_CORE_DEFAULT_DIST_BLOCK configuration option specifies,0.9989
2063,slurm.conf options,2194,configuration option CR_CORE_DEFAULT_DIST_BLOCK,0.9989
2063,slurm.conf options,2084,additional options,0.9989
2063,slurm.conf options,231,mysql_config option,0.9989
2063,slurm.conf options,2233,TaskPlugin configuration option,0.9989
2063,slurm.conf options,2208,CR_CPU configuration option,0.9989
2063,slurm.conf options,2045,configuration options,0.9989
2063,slurm.conf options,482,relevant configuration options,0.9987
2064,Step 1slurm.conf parameterPossible valuesDescription,2115,Step 3slurm.conf parameterPossible valuesDescription,1.0000
2064,Step 1slurm.conf parameterPossible valuesDescription,2130,affinity,0.9979
2064,Step 1slurm.conf parameterPossible valuesDescription,2135,Step 4Command line optionPossible valuesDescription,0.9975
2064,Step 1slurm.conf parameterPossible valuesDescription,2118,Step 3Command line optionPossible valuesDescription,0.9975
2064,Step 1slurm.conf parameterPossible valuesDescription,2110,Step 2Command line optionPossible valuesDescription,0.9975
2064,Step 1slurm.conf parameterPossible valuesDescription,2090,Step 1Command line optionPossible valuesDescription,0.9975
2064,Step 1slurm.conf parameterPossible valuesDescription,2121,optional Step,0.9952
2064,Step 1slurm.conf parameterPossible valuesDescription,2062,select plugin,0.9950
2064,Step 1slurm.conf parameterPossible valuesDescription,2058,threads,0.9947
2064,Step 1slurm.conf parameterPossible valuesDescription,816,selection,0.9945
2066,additional parameters,1568,RESOURCENAME parameter,0.9987
2066,additional parameters,1690,LSF_AUTH parameter,0.9986
2066,additional parameters,324,configuration parameters,0.9984
2066,additional parameters,1555,INTERVAL parameter specifies,0.9981
2066,additional parameters,22,Slurm configuration parameters,0.9980
2066,additional parameters,319,Several Slurm configuration parameters,0.9978
2066,additional parameters,2071,Several parameters,0.9975
2066,additional parameters,1537,lsf.shared file,0.9968
2066,additional parameters,1245,SCHEDULING PARAMETERS,0.9967
2066,additional parameters,394,AccountingStoragePort parameter,0.9967
2067,layout,776,processor,0.9978
2067,layout,696,maximum memory,0.9977
2067,layout,1339,easiest integration method,0.9972
2067,layout,1787,Total Processors,0.9971
2067,layout,1789,Total Threads,0.9969
2067,layout,670,maximum memory peak,0.9968
2067,layout,2094,APrevents sharing,0.9964
2067,layout,2240,affinity plugin,0.9963
2067,layout,619,like fashion,0.9961
2067,layout,560,hierarchical fashion,0.9960
2068,boards,1787,Total Processors,0.9964
2068,boards,2094,APrevents sharing,0.9964
2068,boards,670,maximum memory peak,0.9963
2068,boards,696,maximum memory,0.9961
2068,boards,1738,Linux cgroup memory,0.9960
2068,boards,930,demand,0.9959
2068,boards,934,demand basis,0.9959
2068,boards,619,like fashion,0.9956
2068,boards,2067,layout,0.9956
2068,boards,776,processor,0.9955
2069,logical CPUs,838,CPU factor,0.9987
2069,logical CPUs,2186,unique CPUs,0.9986
2069,logical CPUs,2107,specific CPUs,0.9984
2069,logical CPUs,2152,CPU ids,0.9971
2069,logical CPUs,2144,CPU usage,0.9967
2069,logical CPUs,2197,Task id,0.9966
2069,logical CPUs,2154,hardware CPU ids,0.9963
2069,logical CPUs,11,individual tasks,0.9960
2069,logical CPUs,2126,task affinity,0.9955
2069,logical CPUs,2215,task ids,0.9951
2071,Several parameters,1555,INTERVAL parameter specifies,0.9993
2071,Several parameters,394,AccountingStoragePort parameter,0.9990
2071,Several parameters,1568,RESOURCENAME parameter,0.9989
2071,Several parameters,1245,SCHEDULING PARAMETERS,0.9988
2071,Several parameters,1567,LOCATION parameter,0.9985
2071,Several parameters,1690,LSF_AUTH parameter,0.9983
2071,Several parameters,324,configuration parameters,0.9979
2071,Several parameters,193,important parameters,0.9979
2071,Several parameters,1018,common parameters,0.9976
2071,Several parameters,2066,additional parameters,0.9975
2072,partition definition,584,specific partitions,0.9993
2072,partition definition,609,Slurm partition,0.9981
2072,partition definition,216,partition,0.9966
2072,partition definition,143,single MUNGE key,0.9964
2072,partition definition,2122,subset,0.9964
2072,partition definition,670,maximum memory peak,0.9963
2072,partition definition,652,memory,0.9961
2072,partition definition,693,much memory,0.9961
2072,partition definition,144,unique key,0.9960
2072,partition definition,690,average memory peaks,0.9956
2075,node definition,2097,specific nodes,0.9995
2075,node definition,2201,first node,0.9994
2075,node definition,2078,whole nodes,0.9994
2075,node definition,2203,third node,0.9991
2075,node definition,1786,Total NUMA Nodes,0.9990
2075,node definition,2202,second node,0.9989
2075,node definition,2174,hypernode Nodes,0.9984
2075,node definition,2051,Node selection,0.9973
2075,node definition,2091,ARestricts node selection,0.9973
2075,node definition,2141,whole node allocation,0.9971
2077,cons_tresControls,2053,linear,0.9949
2077,cons_tresControls,2109,parameterPossible valuesDescription,0.9939
2077,cons_tresControls,1550,license2 Numeric,0.9935
2077,cons_tresControls,1246,r1 m,0.9928
2077,cons_tresControls,2061,SelectTypeParameters,0.9927
2077,cons_tresControls,2055,cons_tres,0.9927
2077,cons_tresControls,290,row size,0.9927
2077,cons_tresControls,293,innodb_default_row_format variable,0.9926
2077,cons_tresControls,1547,license1 Numeric,0.9925
2077,cons_tresControls,278,row format,0.9924
2078,whole nodes,2201,first node,0.9995
2078,whole nodes,2075,node definition,0.9994
2078,whole nodes,2203,third node,0.9994
2078,whole nodes,1786,Total NUMA Nodes,0.9994
2078,whole nodes,2097,specific nodes,0.9993
2078,whole nodes,2174,hypernode Nodes,0.9991
2078,whole nodes,2202,second node,0.9984
2078,whole nodes,2091,ARestricts node selection,0.9984
2078,whole nodes,2051,Node selection,0.9984
2078,whole nodes,2141,whole node allocation,0.9981
2080,CR_Core,1247,ut pg io ls,0.9967
2080,CR_Core,1179,ut pg ls,0.9962
2080,CR_Core,2176,cons_tres plugin,0.9960
2080,CR_Core,2026,EGO consumer tree,0.9960
2080,CR_Core,1087,csh,0.9959
2080,CR_Core,397,qualified pathname,0.9959
2080,CR_Core,51,pathname,0.9959
2080,CR_Core,1178,status r15s r1 m,0.9958
2080,CR_Core,159,slurm.conf,0.9958
2080,CR_Core,2061,SelectTypeParameters,0.9956
2082,CR_Socket,294,innodb_default_row_format,0.9941
2082,CR_Socket,242,innodb_buffer_pool_size,0.9939
2082,CR_Socket,2083,CR_Socket_Memory,0.9928
2082,CR_Socket,265,row,0.9920
2082,CR_Socket,2205,YES option,0.9848
2082,CR_Socket,278,row format,0.9834
2082,CR_Socket,290,row size,0.9805
2082,CR_Socket,2077,cons_tresControls,0.9795
2082,CR_Socket,2158,grep,0.9793
2082,CR_Socket,2053,linear,0.9792
2083,CR_Socket_Memory,294,innodb_default_row_format,0.9953
2083,CR_Socket_Memory,242,innodb_buffer_pool_size,0.9946
2083,CR_Socket_Memory,265,row,0.9930
2083,CR_Socket_Memory,2082,CR_Socket,0.9928
2083,CR_Socket_Memory,278,row format,0.9927
2083,CR_Socket_Memory,290,row size,0.9909
2083,CR_Socket_Memory,293,innodb_default_row_format variable,0.9901
2083,CR_Socket_Memory,2158,grep,0.9901
2083,CR_Socket_Memory,2077,cons_tresControls,0.9882
2083,CR_Socket_Memory,268,cat my.cnf,0.9878
2084,additional options,2063,slurm.conf options,0.9989
2084,additional options,329,valid options,0.9988
2084,additional options,448,grant option,0.9987
2084,additional options,2132,cgroup.conf options,0.9987
2084,additional options,2233,TaskPlugin configuration option,0.9983
2084,additional options,2045,configuration options,0.9983
2084,additional options,2208,CR_CPU configuration option,0.9983
2084,additional options,231,mysql_config option,0.9983
2084,additional options,2227,CR_CORE_DEFAULT_DIST_BLOCK configuration option specifies,0.9981
2084,additional options,2194,configuration option CR_CORE_DEFAULT_DIST_BLOCK,0.9981
2085,other aspects,685,other tools,0.9993
2085,other aspects,2143,other subset,0.9992
2085,other aspects,597,other operators,0.9991
2085,other aspects,701,other ways,0.9991
2085,other aspects,1211,other details,0.9988
2085,other aspects,1461,other references,0.9986
2085,other aspects,1646,other instances,0.9986
2085,other aspects,977,other global configuration,0.9979
2085,other aspects,2023,Copy LSB_SHAREDIR_old\cluster_name\ *,0.9970
2085,other aspects,902,scheduling thresholds,0.9970
2086,CPU resource allocation,2046,CPU resources,0.9972
2086,CPU resource allocation,2221,block allocation method CPU,0.9938
2086,CPU resource allocation,838,CPU factor,0.9938
2086,CPU resource allocation,2144,CPU usage,0.9938
2086,CPU resource allocation,2141,whole node allocation,0.9937
2086,CPU resource allocation,2107,specific CPUs,0.9936
2086,CPU resource allocation,2154,hardware CPU ids,0.9926
2086,CPU resource allocation,2186,unique CPUs,0.9923
2086,CPU resource allocation,2069,logical CPUs,0.9922
2086,CPU resource allocation,876,relative CPU speed,0.9920
2087,srun,647,srun -n,0.9886
2087,srun,1221,hostb ok,0.9828
2087,srun,1332,hostb,0.9811
2087,srun,1220,hosta ok,0.9800
2087,srun,1222,hostc ok,0.9782
2087,srun,453,Comment,0.9779
2087,srun,309,SELECT default_collation_name,0.9759
2087,srun,1102,Select,0.9759
2087,srun,311,SELECT table_name,0.9759
2087,srun,427,info,0.9745
2088,salloc,2055,cons_tres,0.9960
2088,salloc,1044,log/,0.9959
2088,salloc,1038,log/ mbatchd.log.hosta,0.9959
2088,salloc,33,cgroup,0.9959
2088,salloc,1736,Linux cgroups,0.9959
2088,salloc,2053,linear,0.9950
2088,salloc,1002,usr,0.9948
2088,salloc,31,jobacct_gather,0.9948
2088,salloc,997,kernel,0.9942
2088,salloc,2054,SelectType,0.9942
2089,sbatch command line options,2105,appropriate command line options,0.9983
2089,sbatch command line options,2052,command line options,0.9975
2089,sbatch command line options,482,relevant configuration options,0.9913
2089,sbatch command line options,1573,following format,0.9909
2089,sbatch command line options,375,SlurmDBD Configuration,0.9909
2089,sbatch command line options,1640,LIM configuration files,0.9908
2089,sbatch command line options,231,mysql_config option,0.9907
2089,sbatch command line options,158,SlurmDBD configuration files,0.9905
2089,sbatch command line options,1876,keyword line format error,0.9905
2089,sbatch command line options,2006,configuration file paths,0.9904
2090,Step 1Command line optionPossible valuesDescription,2135,Step 4Command line optionPossible valuesDescription,1.0000
2090,Step 1Command line optionPossible valuesDescription,2118,Step 3Command line optionPossible valuesDescription,1.0000
2090,Step 1Command line optionPossible valuesDescription,2110,Step 2Command line optionPossible valuesDescription,1.0000
2090,Step 1Command line optionPossible valuesDescription,2064,Step 1slurm.conf parameterPossible valuesDescription,0.9975
2090,Step 1Command line optionPossible valuesDescription,2115,Step 3slurm.conf parameterPossible valuesDescription,0.9975
2090,Step 1Command line optionPossible valuesDescription,2062,select plugin,0.9972
2090,Step 1Command line optionPossible valuesDescription,2130,affinity,0.9963
2090,Step 1Command line optionPossible valuesDescription,2109,parameterPossible valuesDescription,0.9958
2090,Step 1Command line optionPossible valuesDescription,1789,Total Threads,0.9949
2090,Step 1Command line optionPossible valuesDescription,2053,linear,0.9936
2091,ARestricts node selection,2051,Node selection,1.0000
2091,ARestricts node selection,2174,hypernode Nodes,0.9993
2091,ARestricts node selection,2092,contiguous nodes,0.9992
2091,ARestricts node selection,2203,third node,0.9988
2091,ARestricts node selection,2078,whole nodes,0.9984
2091,ARestricts node selection,2201,first node,0.9979
2091,ARestricts node selection,1786,Total NUMA Nodes,0.9974
2091,ARestricts node selection,2075,node definition,0.9973
2091,ARestricts node selection,2141,whole node allocation,0.9970
2091,ARestricts node selection,2097,specific nodes,0.9966
2092,contiguous nodes,2091,ARestricts node selection,0.9992
2092,contiguous nodes,2051,Node selection,0.9992
2092,contiguous nodes,2174,hypernode Nodes,0.9986
2092,contiguous nodes,2203,third node,0.9982
2092,contiguous nodes,2078,whole nodes,0.9972
2092,contiguous nodes,2201,first node,0.9970
2092,contiguous nodes,2075,node definition,0.9962
2092,contiguous nodes,1786,Total NUMA Nodes,0.9957
2092,contiguous nodes,2141,whole node allocation,0.9956
2092,contiguous nodes,2097,specific nodes,0.9955
2093,Restricts node selection,2096,node file,0.9980
2093,Restricts node selection,1786,Total NUMA Nodes,0.9970
2093,Restricts node selection,2202,second node,0.9967
2093,Restricts node selection,2153,Slurm abstract CPU ids,0.9963
2093,Restricts node selection,2097,specific nodes,0.9962
2093,Restricts node selection,2075,node definition,0.9960
2093,Restricts node selection,2163,physical CPU layout,0.9960
2093,Restricts node selection,2078,whole nodes,0.9959
2093,Restricts node selection,1771,incorrect CPU factors,0.9959
2093,Restricts node selection,835,CPU speed scaling factor,0.9957
2094,APrevents sharing,1787,Total Processors,0.9986
2094,APrevents sharing,1738,Linux cgroup memory,0.9982
2094,APrevents sharing,619,like fashion,0.9977
2094,APrevents sharing,1247,ut pg io ls,0.9976
2094,APrevents sharing,670,maximum memory peak,0.9975
2094,APrevents sharing,1180,swp mem,0.9974
2094,APrevents sharing,2237,cgroup plugin,0.9974
2094,APrevents sharing,1179,ut pg ls,0.9974
2094,APrevents sharing,1007,attributes,0.9974
2094,APrevents sharing,2176,cons_tres plugin,0.9973
2095,Suballocates CPUs,651,cpu,1.0000
2095,Suballocates CPUs,2191,unallocated CPUs,1.0000
2095,Suballocates CPUs,2162,CPU Numbering,1.0000
2095,Suballocates CPUs,2206,oversubscribe CPUs,1.0000
2095,Suballocates CPUs,2189,Allocate CPUs,0.9973
2095,Suballocates CPUs,692,outlier task,0.9949
2095,Suballocates CPUs,13,tasks,0.9949
2095,Suballocates CPUs,38,nodes,0.9909
2095,Suballocates CPUs,2225,Allocate,0.9892
2095,Suballocates CPUs,2099,CPU allocation,0.9891
2096,node file,2093,Restricts node selection,0.9980
2096,node file,2202,second node,0.9961
2096,node file,2097,specific nodes,0.9956
2096,node file,1786,Total NUMA Nodes,0.9954
2096,node file,2075,node definition,0.9954
2096,node file,2078,whole nodes,0.9947
2096,node file,2201,first node,0.9945
2096,node file,1771,incorrect CPU factors,0.9938
2096,node file,835,CPU speed scaling factor,0.9934
2096,node file,2163,physical CPU layout,0.9934
2097,specific nodes,2075,node definition,0.9995
2097,specific nodes,2201,first node,0.9993
2097,specific nodes,2078,whole nodes,0.9993
2097,specific nodes,2202,second node,0.9992
2097,specific nodes,1786,Total NUMA Nodes,0.9989
2097,specific nodes,2203,third node,0.9988
2097,specific nodes,2174,hypernode Nodes,0.9980
2097,specific nodes,2141,whole node allocation,0.9970
2097,specific nodes,2117,single node,0.9966
2097,specific nodes,2051,Node selection,0.9966
2098,minimum number,1213,Maximum number,0.9994
2098,minimum number,1888,valid number,0.9985
2098,minimum number,391,port number,0.9982
2098,minimum number,1216,Total number,0.9982
2098,minimum number,1915,index number,0.9965
2098,minimum number,1586,# number,0.9886
2098,minimum number,2210,Socket id,0.9885
2098,minimum number,2204,node n,0.9877
2098,minimum number,2056,individual sockets,0.9875
2098,minimum number,2142,particular socket,0.9868
2099,CPU allocation,2152,CPU ids,0.9925
2099,CPU allocation,2069,logical CPUs,0.9923
2099,CPU allocation,2189,Allocate CPUs,0.9898
2099,CPU allocation,38,nodes,0.9895
2099,CPU allocation,651,cpu,0.9891
2099,CPU allocation,2191,unallocated CPUs,0.9891
2099,CPU allocation,2095,Suballocates CPUs,0.9891
2099,CPU allocation,2206,oversubscribe CPUs,0.9891
2099,CPU allocation,2162,CPU Numbering,0.9891
2099,CPU allocation,2221,block allocation method CPU,0.9881
2100,default allocation method,2198,default allocation,0.9979
2100,default allocation method,2213,default distribution method,0.9974
2100,default allocation method,2219,block distribution method,0.9967
2100,default allocation method,1822,Memory allocation,0.9957
2100,default allocation method,2199,plane distribution,0.9955
2100,default allocation method,2048,Distribution,0.9955
2100,default allocation method,2224,cyclic distribution method,0.9945
2100,default allocation method,2217,block allocation method,0.9945
2100,default allocation method,2180,Simple allocation,0.9944
2100,default allocation method,2238,block method,0.9943
2101,block allocation,2217,block allocation method,0.9995
2101,block allocation,2106,allocation methods,0.9991
2101,block allocation,2103,cyclic allocation,0.9985
2101,block allocation,2219,block distribution method,0.9961
2101,block allocation,2238,block method,0.9958
2101,block allocation,2195,methods,0.9957
2101,block allocation,2180,Simple allocation,0.9955
2101,block allocation,2224,cyclic distribution method,0.9945
2101,block allocation,2200,blocks,0.9943
2101,block allocation,2141,whole node allocation,0.9939
2102,available CPUs,2166,CPU Management,0.9964
2102,available CPUs,2123,Different tasks,0.9961
2102,available CPUs,818,Local task,0.9951
2102,available CPUs,808,Interactive task,0.9940
2102,available CPUs,2117,single node,0.9940
2102,available CPUs,2138,CPU Management Steps,0.9931
2102,available CPUs,642,task level,0.9929
2102,available CPUs,2144,CPU usage,0.9925
2102,available CPUs,695,single task processes,0.9924
2102,available CPUs,821,Remote task,0.9920
2103,cyclic allocation,2217,block allocation method,0.9988
2103,cyclic allocation,2101,block allocation,0.9985
2103,cyclic allocation,2106,allocation methods,0.9980
2103,cyclic allocation,2180,Simple allocation,0.9971
2103,cyclic allocation,2195,methods,0.9964
2103,cyclic allocation,2224,cyclic distribution method,0.9963
2103,cyclic allocation,2238,block method,0.9962
2103,cyclic allocation,2219,block distribution method,0.9959
2103,cyclic allocation,2196,cyclic distribution,0.9946
2103,cyclic allocation,2200,blocks,0.9944
2104,robin fashion,560,hierarchical fashion,0.9993
2104,robin fashion,437,MySQL connection i d,0.9976
2104,robin fashion,1789,Total Threads,0.9975
2104,robin fashion,776,processor,0.9963
2104,robin fashion,1252,loadStop,0.9962
2104,robin fashion,442,Query OK,0.9961
2104,robin fashion,2067,layout,0.9958
2104,robin fashion,1283,short sleep,0.9955
2104,robin fashion,1339,easiest integration method,0.9952
2104,robin fashion,1787,Total Processors,0.9952
2105,appropriate command line options,2052,command line options,0.9987
2105,appropriate command line options,2089,sbatch command line options,0.9983
2105,appropriate command line options,1573,following format,0.9926
2105,appropriate command line options,1439,% lsadmin reconfig,0.9925
2105,appropriate command line options,1295,bsub -I,0.9924
2105,appropriate command line options,1056,bsub,0.9924
2105,appropriate command line options,1640,LIM configuration files,0.9924
2105,appropriate command line options,1086,shell environment files,0.9920
2105,appropriate command line options,225,MySQL installation,0.9920
2105,appropriate command line options,1132,bhosts,0.9919
2106,allocation methods,2101,block allocation,0.9991
2106,allocation methods,2217,block allocation method,0.9989
2106,allocation methods,2103,cyclic allocation,0.9980
2106,allocation methods,2195,methods,0.9957
2106,allocation methods,2047,Allocation,0.9956
2106,allocation methods,2185,balanced allocation,0.9956
2106,allocation methods,2221,block allocation method CPU,0.9953
2106,allocation methods,2141,whole node allocation,0.9944
2106,allocation methods,2238,block method,0.9940
2106,allocation methods,2219,block distribution method,0.9940
2107,specific CPUs,838,CPU factor,0.9996
2107,specific CPUs,2186,unique CPUs,0.9995
2107,specific CPUs,2144,CPU usage,0.9993
2107,specific CPUs,2069,logical CPUs,0.9984
2107,specific CPUs,11,individual tasks,0.9975
2107,specific CPUs,2197,Task id,0.9971
2107,specific CPUs,876,relative CPU speed,0.9968
2107,specific CPUs,2154,hardware CPU ids,0.9963
2107,specific CPUs,2201,first node,0.9962
2107,specific CPUs,2128,task plugin,0.9961
2108,Step 2slurm.conf,644,step,1.0000
2108,Step 2slurm.conf,1410,major steps,1.0000
2108,Step 2slurm.conf,2163,physical CPU layout,0.9878
2108,Step 2slurm.conf,2235,task cgroup,0.9875
2108,Step 2slurm.conf,2153,Slurm abstract CPU ids,0.9872
2108,Step 2slurm.conf,876,relative CPU speed,0.9872
2108,Step 2slurm.conf,1628,troubleshooting steps,0.9872
2108,Step 2slurm.conf,835,CPU speed scaling factor,0.9863
2108,Step 2slurm.conf,2138,CPU Management Steps,0.9862
2108,Step 2slurm.conf,2103,cyclic allocation,0.9860
2109,parameterPossible valuesDescription,307,_ ci suffix,0.9968
2109,parameterPossible valuesDescription,267,sec,0.9963
2109,parameterPossible valuesDescription,2118,Step 3Command line optionPossible valuesDescription,0.9958
2109,parameterPossible valuesDescription,2110,Step 2Command line optionPossible valuesDescription,0.9958
2109,parameterPossible valuesDescription,2090,Step 1Command line optionPossible valuesDescription,0.9958
2109,parameterPossible valuesDescription,2135,Step 4Command line optionPossible valuesDescription,0.9958
2109,parameterPossible valuesDescription,140,normal MUNGE configuration,0.9957
2109,parameterPossible valuesDescription,1283,short sleep,0.9952
2109,parameterPossible valuesDescription,2053,linear,0.9952
2109,parameterPossible valuesDescription,2061,SelectTypeParameters,0.9949
2110,Step 2Command line optionPossible valuesDescription,2135,Step 4Command line optionPossible valuesDescription,1.0000
2110,Step 2Command line optionPossible valuesDescription,2118,Step 3Command line optionPossible valuesDescription,1.0000
2110,Step 2Command line optionPossible valuesDescription,2090,Step 1Command line optionPossible valuesDescription,1.0000
2110,Step 2Command line optionPossible valuesDescription,2064,Step 1slurm.conf parameterPossible valuesDescription,0.9975
2110,Step 2Command line optionPossible valuesDescription,2115,Step 3slurm.conf parameterPossible valuesDescription,0.9975
2110,Step 2Command line optionPossible valuesDescription,2062,select plugin,0.9972
2110,Step 2Command line optionPossible valuesDescription,2130,affinity,0.9963
2110,Step 2Command line optionPossible valuesDescription,2109,parameterPossible valuesDescription,0.9958
2110,Step 2Command line optionPossible valuesDescription,1789,Total Threads,0.9949
2110,Step 2Command line optionPossible valuesDescription,2053,linear,0.9936
2111,arbitrary,566,arbitrary depth,1.0000
2111,arbitrary,208,arbitrary text string,0.9976
2111,arbitrary,1580,ELIM program,0.9969
2111,arbitrary,69,better security,0.9966
2111,arbitrary,1356,Wrapper binary programs,0.9965
2111,arbitrary,1937,RES binary,0.9965
2111,arbitrary,867,program,0.9965
2111,arbitrary,1707,correct permissions,0.9965
2111,arbitrary,1345,rename abc,0.9964
2111,arbitrary,1970,retry,0.9964
2112,overcommitment,2058,threads,0.9950
2112,overcommitment,156,distinct local domain sockets,0.9942
2112,overcommitment,816,selection,0.9941
2112,overcommitment,2212,cyclic,0.9938
2112,overcommitment,437,MySQL connection i d,0.9934
2112,overcommitment,1789,Total Threads,0.9933
2112,overcommitment,2177,minimum,0.9929
2112,overcommitment,2196,cyclic distribution,0.9925
2112,overcommitment,2064,Step 1slurm.conf parameterPossible valuesDescription,0.9924
2112,overcommitment,2115,Step 3slurm.conf parameterPossible valuesDescription,0.9924
2113,resource sharing,846,resource availability,0.9994
2113,resource sharing,2188,resource fragmentation,0.9993
2113,resource sharing,1434,mem RESOURCES REXPRI,0.9993
2113,resource sharing,896,resource consumers,0.9992
2113,resource sharing,869,Static resources,0.9990
2113,resource sharing,1001,specific resources,0.9990
2113,resource sharing,1549,license1 resource,0.9988
2113,resource sharing,1535,critical resources,0.9986
2113,resource sharing,1315,necessary resources,0.9985
2113,resource sharing,10,resource usage,0.9984
2114,same node,388,node name,0.9946
2114,same node,695,single task processes,0.9934
2114,same node,2166,CPU Management,0.9926
2114,same node,2170,CPU Management Examples,0.9915
2114,same node,2102,available CPUs,0.9914
2114,same node,2117,single node,0.9905
2114,same node,828,host CPU architecture,0.9900
2114,same node,2042,CPU Management User,0.9891
2114,same node,2123,Different tasks,0.9879
2114,same node,851,Total CPU time,0.9876
2115,Step 3slurm.conf parameterPossible valuesDescription,2064,Step 1slurm.conf parameterPossible valuesDescription,1.0000
2115,Step 3slurm.conf parameterPossible valuesDescription,2130,affinity,0.9979
2115,Step 3slurm.conf parameterPossible valuesDescription,2135,Step 4Command line optionPossible valuesDescription,0.9975
2115,Step 3slurm.conf parameterPossible valuesDescription,2090,Step 1Command line optionPossible valuesDescription,0.9975
2115,Step 3slurm.conf parameterPossible valuesDescription,2110,Step 2Command line optionPossible valuesDescription,0.9975
2115,Step 3slurm.conf parameterPossible valuesDescription,2118,Step 3Command line optionPossible valuesDescription,0.9975
2115,Step 3slurm.conf parameterPossible valuesDescription,2121,optional Step,0.9952
2115,Step 3slurm.conf parameterPossible valuesDescription,2062,select plugin,0.9950
2115,Step 3slurm.conf parameterPossible valuesDescription,2058,threads,0.9947
2115,Step 3slurm.conf parameterPossible valuesDescription,816,selection,0.9945
2117,single node,2097,specific nodes,0.9966
2117,single node,2202,second node,0.9962
2117,single node,2075,node definition,0.9961
2117,single node,2201,first node,0.9955
2117,single node,2078,whole nodes,0.9948
2117,single node,2203,third node,0.9944
2117,single node,2102,available CPUs,0.9940
2117,single node,1786,Total NUMA Nodes,0.9937
2117,single node,2144,CPU usage,0.9928
2117,single node,2123,Different tasks,0.9928
2118,Step 3Command line optionPossible valuesDescription,2135,Step 4Command line optionPossible valuesDescription,1.0000
2118,Step 3Command line optionPossible valuesDescription,2110,Step 2Command line optionPossible valuesDescription,1.0000
2118,Step 3Command line optionPossible valuesDescription,2090,Step 1Command line optionPossible valuesDescription,1.0000
2118,Step 3Command line optionPossible valuesDescription,2064,Step 1slurm.conf parameterPossible valuesDescription,0.9975
2118,Step 3Command line optionPossible valuesDescription,2115,Step 3slurm.conf parameterPossible valuesDescription,0.9975
2118,Step 3Command line optionPossible valuesDescription,2062,select plugin,0.9972
2118,Step 3Command line optionPossible valuesDescription,2130,affinity,0.9963
2118,Step 3Command line optionPossible valuesDescription,2109,parameterPossible valuesDescription,0.9958
2118,Step 3Command line optionPossible valuesDescription,1789,Total Threads,0.9949
2118,Step 3Command line optionPossible valuesDescription,2053,linear,0.9936
2119,sequence,2237,cgroup plugin,0.9973
2119,sequence,1738,Linux cgroup memory,0.9970
2119,sequence,666,gathered metrics,0.9969
2119,sequence,649,metrics,0.9969
2119,sequence,359,MUNGE authentication,0.9969
2119,sequence,2094,APrevents sharing,0.9968
2119,sequence,565,hierarchy,0.9968
2119,sequence,2176,cons_tres plugin,0.9967
2119,sequence,670,maximum memory peak,0.9967
2119,sequence,205,jobcomp plugin,0.9966
2121,optional Step,1628,troubleshooting steps,0.9994
2121,optional Step,1625,General troubleshooting steps,0.9977
2121,optional Step,697,step memory peak,0.9960
2121,optional Step,2115,Step 3slurm.conf parameterPossible valuesDescription,0.9952
2121,optional Step,2064,Step 1slurm.conf parameterPossible valuesDescription,0.9952
2121,optional Step,2196,cyclic distribution,0.9937
2121,optional Step,2049,Optional Distribution,0.9935
2121,optional Step,1822,Memory allocation,0.9934
2121,optional Step,385,authentication method,0.9927
2121,optional Step,1400,Distribution packages,0.9926
2122,subset,670,maximum memory peak,0.9974
2122,subset,539,performance metrics,0.9972
2122,subset,853,Total virtual memory usage,0.9972
2122,subset,852,Total resident memory usage,0.9972
2122,subset,143,single MUNGE key,0.9972
2122,subset,144,unique key,0.9971
2122,subset,281,specific situations,0.9970
2122,subset,70,performance,0.9967
2122,subset,690,average memory peaks,0.9967
2122,subset,1449,Optional,0.9966
2123,Different tasks,818,Local task,0.9994
2123,Different tasks,642,task level,0.9986
2123,Different tasks,808,Interactive task,0.9984
2123,Different tasks,682,many tasks,0.9982
2123,Different tasks,821,Remote task,0.9980
2123,Different tasks,2128,task plugin,0.9978
2123,Different tasks,2102,available CPUs,0.9961
2123,Different tasks,835,CPU speed scaling factor,0.9958
2123,Different tasks,2144,CPU usage,0.9953
2123,Different tasks,2138,CPU Management Steps,0.9952
2124,same subset,603,same level,0.9985
2124,same subset,830,same computer architecture,0.9985
2124,same subset,244,available memory,0.9963
2124,same subset,173,same UID,0.9961
2124,same subset,925,local data,0.9961
2124,same subset,1021,default application profile,0.9959
2124,same subset,1022,default application profile./usr,0.9959
2124,same subset,668,same example,0.9958
2124,same subset,895,different classes,0.9958
2124,same subset,501,sure old records,0.9958
2125,different subsets,687,different meanings,0.9991
2125,different subsets,179,different machine,0.9990
2125,different subsets,1228,different priorities,0.9985
2125,different subsets,1570,different ELIM,0.9985
2125,different subsets,591,different points,0.9985
2125,different subsets,1229,different scheduling policies,0.9984
2125,different subsets,151,different keys,0.9984
2125,different subsets,150,different configurations,0.9976
2125,different subsets,120,computers,0.9976
2125,different subsets,900,scheduling conditions,0.9975
2126,task affinity,2235,task cgroup,0.9981
2126,task affinity,11,individual tasks,0.9977
2126,task affinity,2197,Task id,0.9969
2126,task affinity,2154,hardware CPU ids,0.9967
2126,task affinity,2215,task ids,0.9960
2126,task affinity,2214,CPU i d,0.9958
2126,task affinity,2069,logical CPUs,0.9955
2126,task affinity,838,CPU factor,0.9953
2126,task affinity,673,task i d,0.9952
2126,task affinity,2223,task i d,0.9952
2128,task plugin,682,many tasks,0.9991
2128,task plugin,821,Remote task,0.9989
2128,task plugin,642,task level,0.9987
2128,task plugin,818,Local task,0.9980
2128,task plugin,11,individual tasks,0.9980
2128,task plugin,2123,Different tasks,0.9978
2128,task plugin,2144,CPU usage,0.9971
2128,task plugin,876,relative CPU speed,0.9969
2128,task plugin,808,Interactive task,0.9968
2128,task plugin,2197,Task id,0.9968
2130,affinity,2115,Step 3slurm.conf parameterPossible valuesDescription,0.9979
2130,affinity,2064,Step 1slurm.conf parameterPossible valuesDescription,0.9979
2130,affinity,2135,Step 4Command line optionPossible valuesDescription,0.9963
2130,affinity,2090,Step 1Command line optionPossible valuesDescription,0.9963
2130,affinity,2118,Step 3Command line optionPossible valuesDescription,0.9963
2130,affinity,2110,Step 2Command line optionPossible valuesDescription,0.9963
2130,affinity,2062,select plugin,0.9941
2130,affinity,2058,threads,0.9940
2130,affinity,2212,cyclic,0.9931
2130,affinity,816,selection,0.9930
2132,cgroup.conf options,329,valid options,0.9991
2132,cgroup.conf options,448,grant option,0.9990
2132,cgroup.conf options,2063,slurm.conf options,0.9987
2132,cgroup.conf options,2084,additional options,0.9987
2132,cgroup.conf options,2045,configuration options,0.9984
2132,cgroup.conf options,2233,TaskPlugin configuration option,0.9984
2132,cgroup.conf options,2208,CR_CPU configuration option,0.9984
2132,cgroup.conf options,231,mysql_config option,0.9983
2132,cgroup.conf options,1351,appropriate options,0.9974
2132,cgroup.conf options,2227,CR_CORE_DEFAULT_DIST_BLOCK configuration option specifies,0.9974
2135,Step 4Command line optionPossible valuesDescription,2090,Step 1Command line optionPossible valuesDescription,1.0000
2135,Step 4Command line optionPossible valuesDescription,2110,Step 2Command line optionPossible valuesDescription,1.0000
2135,Step 4Command line optionPossible valuesDescription,2118,Step 3Command line optionPossible valuesDescription,1.0000
2135,Step 4Command line optionPossible valuesDescription,2115,Step 3slurm.conf parameterPossible valuesDescription,0.9975
2135,Step 4Command line optionPossible valuesDescription,2064,Step 1slurm.conf parameterPossible valuesDescription,0.9975
2135,Step 4Command line optionPossible valuesDescription,2062,select plugin,0.9972
2135,Step 4Command line optionPossible valuesDescription,2130,affinity,0.9963
2135,Step 4Command line optionPossible valuesDescription,2109,parameterPossible valuesDescription,0.9958
2135,Step 4Command line optionPossible valuesDescription,1789,Total Threads,0.9949
2135,Step 4Command line optionPossible valuesDescription,2053,linear,0.9936
2136,bindSee man pageControls,525,man pages,0.9980
2136,bindSee man pageControls,1247,ut pg io ls,0.9964
2136,bindSee man pageControls,1182,% *,0.9964
2136,bindSee man pageControls,105,last communicating,0.9963
2136,bindSee man pageControls,1292,% J variable,0.9962
2136,bindSee man pageControls,1180,swp mem,0.9962
2136,bindSee man pageControls,1179,ut pg ls,0.9960
2136,bindSee man pageControls,51,pathname,0.9959
2136,bindSee man pageControls,397,qualified pathname,0.9959
2136,bindSee man pageControls,159,slurm.conf,0.9957
2137,Additional Notes,151,different keys,0.9982
2137,Additional Notes,2172,Many additional scenarios,0.9982
2137,Additional Notes,1704,Windows password authentication,0.9980
2137,Additional Notes,2161,readable format,0.9980
2137,Additional Notes,2145,easy way,0.9980
2137,Additional Notes,428,password usage,0.9979
2137,Additional Notes,257,queries,0.9979
2137,Additional Notes,503,separate instances,0.9978
2137,Additional Notes,224,InnoDB storage engine,0.9978
2137,Additional Notes,479,purge interval,0.9978
2138,CPU Management Steps,2166,CPU Management,0.9971
2138,CPU Management Steps,835,CPU speed scaling factor,0.9970
2138,CPU Management Steps,1771,incorrect CPU factors,0.9969
2138,CPU Management Steps,876,relative CPU speed,0.9960
2138,CPU Management Steps,851,Total CPU time,0.9955
2138,CPU Management Steps,818,Local task,0.9954
2138,CPU Management Steps,642,task level,0.9952
2138,CPU Management Steps,2123,Different tasks,0.9952
2138,CPU Management Steps,2163,physical CPU layout,0.9948
2138,CPU Management Steps,682,many tasks,0.9942
2139,difference,514,slight difference,1.0000
2139,difference,686,TresUsage * fields,0.9976
2139,difference,674,largest memory peak,0.9974
2139,difference,2145,easy way,0.9974
2139,difference,1370,closer integration,0.9974
2139,difference,1356,Wrapper binary programs,0.9974
2139,difference,853,Total virtual memory usage,0.9973
2139,difference,852,Total resident memory usage,0.9973
2139,difference,538,exporter tool,0.9973
2139,difference,775,individual computer,0.9973
2140,unexpected adverse effects,1157,product entitlement version array,0.9969
2140,unexpected adverse effects,208,arbitrary text string,0.9969
2140,unexpected adverse effects,1636,symbolic link,0.9967
2140,unexpected adverse effects,219,place upgrades,0.9966
2140,unexpected adverse effects,257,queries,0.9965
2140,unexpected adverse effects,1707,correct permissions,0.9965
2140,unexpected adverse effects,407,security purposes,0.9965
2140,unexpected adverse effects,536,various graphs,0.9965
2140,unexpected adverse effects,2172,Many additional scenarios,0.9965
2140,unexpected adverse effects,224,InnoDB storage engine,0.9965
2141,whole node allocation,2078,whole nodes,0.9981
2141,whole node allocation,2221,block allocation method CPU,0.9981
2141,whole node allocation,2174,hypernode Nodes,0.9977
2141,whole node allocation,2203,third node,0.9974
2141,whole node allocation,2201,first node,0.9973
2141,whole node allocation,1786,Total NUMA Nodes,0.9973
2141,whole node allocation,2075,node definition,0.9971
2141,whole node allocation,2097,specific nodes,0.9970
2141,whole node allocation,2051,Node selection,0.9970
2141,whole node allocation,2091,ARestricts node selection,0.9970
2142,particular socket,2056,individual sockets,0.9994
2142,particular socket,2210,Socket id,0.9991
2142,particular socket,2222,socket i d,0.9977
2142,particular socket,2231,single socket,0.9946
2142,particular socket,2204,node n,0.9946
2142,particular socket,2154,hardware CPU ids,0.9924
2142,particular socket,2214,CPU i d,0.9924
2142,particular socket,1788,Total Cores,0.9921
2142,particular socket,673,task i d,0.9913
2142,particular socket,2223,task i d,0.9913
2143,other subset,2085,other aspects,0.9992
2143,other subset,685,other tools,0.9991
2143,other subset,701,other ways,0.9989
2143,other subset,597,other operators,0.9987
2143,other subset,1461,other references,0.9981
2143,other subset,1646,other instances,0.9980
2143,other subset,1211,other details,0.9979
2143,other subset,977,other global configuration,0.9975
2143,other subset,1823,enough available memory,0.9971
2143,other subset,902,scheduling thresholds,0.9969
2144,CPU usage,2107,specific CPUs,0.9993
2144,CPU usage,838,CPU factor,0.9990
2144,CPU usage,2186,unique CPUs,0.9987
2144,CPU usage,876,relative CPU speed,0.9979
2144,CPU usage,11,individual tasks,0.9978
2144,CPU usage,2163,physical CPU layout,0.9971
2144,CPU usage,2128,task plugin,0.9971
2144,CPU usage,835,CPU speed scaling factor,0.9970
2144,CPU usage,821,Remote task,0.9968
2144,CPU usage,2069,logical CPUs,0.9967
2145,easy way,373,orthogonal way,0.9994
2145,easy way,2161,readable format,0.9991
2145,easy way,135,best way,0.9990
2145,easy way,55,similar tool,0.9989
2145,easy way,674,largest memory peak,0.9988
2145,easy way,1356,Wrapper binary programs,0.9987
2145,easy way,1704,Windows password authentication,0.9987
2145,easy way,1157,product entitlement version array,0.9987
2145,easy way,1336,Wrapper binary executables,0.9987
2145,easy way,479,purge interval,0.9986
2146,comprehensive set,266,set,1.0000
2146,comprehensive set,832,different set,0.9884
2146,comprehensive set,345,option set,0.9865
2146,comprehensive set,627,set options,0.9865
2146,comprehensive set,903,installation options,0.9787
2146,comprehensive set,554,cluster option,0.9765
2146,comprehensive set,71,Slurm Database Daemon,0.9758
2146,comprehensive set,297,Slurm database,0.9757
2146,comprehensive set,214,associations,0.9754
2146,comprehensive set,1832,services database,0.9754
2147,CPU management information,2170,CPU Management Examples,0.9943
2147,CPU management information,2042,CPU Management User,0.9928
2147,CPU management information,304,sensitive one,0.9925
2147,CPU management information,26,job step information,0.9911
2147,CPU management information,828,host CPU architecture,0.9906
2147,CPU management information,1279,unique job ID,0.9905
2147,CPU management information,4,job step,0.9885
2147,CPU management information,335,step information,0.9883
2147,CPU management information,1059,Control job execution,0.9865
2147,CPU management information,1277,sleep job,0.9854
2148,several commands,1255,basic commands,0.9994
2148,several commands,1133,bqueues command,0.9994
2148,several commands,9,sacct command,0.9994
2148,several commands,1997,egosh command,0.9994
2148,several commands,1306,bstop command,0.9994
2148,several commands,1273,lsgrun command,0.9994
2148,several commands,931,automount command,0.9993
2148,several commands,1656,lshosts command,0.9993
2148,several commands,1451,Command Reference,0.9992
2148,several commands,1312,bresume command,0.9992
2149,limited information,8,Information,1.0000
2149,limited information,508,archived information,1.0000
2149,limited information,1104,Exchange initialization information,1.0000
2149,limited information,511,TRES information,1.0000
2149,limited information,15,valuable information,1.0000
2149,limited information,526,more information,0.9959
2149,limited information,1197,historical information,0.9926
2149,limited information,2160,same information,0.9919
2149,limited information,1266,other information,0.9917
2149,limited information,1904,new information,0.9916
2152,CPU ids,2215,task ids,0.9983
2152,CPU ids,2069,logical CPUs,0.9971
2152,CPU ids,2154,hardware CPU ids,0.9961
2152,CPU ids,2214,CPU i d,0.9957
2152,CPU ids,838,CPU factor,0.9944
2152,CPU ids,2186,unique CPUs,0.9941
2152,CPU ids,2197,Task id,0.9938
2152,CPU ids,2126,task affinity,0.9938
2152,CPU ids,2092,contiguous nodes,0.9935
2152,CPU ids,2107,specific CPUs,0.9933
2153,Slurm abstract CPU ids,1771,incorrect CPU factors,0.9978
2153,Slurm abstract CPU ids,835,CPU speed scaling factor,0.9970
2153,Slurm abstract CPU ids,2163,physical CPU layout,0.9967
2153,Slurm abstract CPU ids,2220,other socket,0.9964
2153,Slurm abstract CPU ids,2093,Restricts node selection,0.9963
2153,Slurm abstract CPU ids,157,local domain socket,0.9961
2153,Slurm abstract CPU ids,876,relative CPU speed,0.9960
2153,Slurm abstract CPU ids,646,many parallel tasks,0.9959
2153,Slurm abstract CPU ids,2219,block distribution method,0.9952
2153,Slurm abstract CPU ids,2224,cyclic distribution method,0.9952
2154,hardware CPU ids,2214,CPU i d,0.9989
2154,hardware CPU ids,2235,task cgroup,0.9975
2154,hardware CPU ids,11,individual tasks,0.9973
2154,hardware CPU ids,2223,task i d,0.9970
2154,hardware CPU ids,673,task i d,0.9970
2154,hardware CPU ids,2126,task affinity,0.9967
2154,hardware CPU ids,838,CPU factor,0.9966
2154,hardware CPU ids,2215,task ids,0.9965
2154,hardware CPU ids,2069,logical CPUs,0.9963
2154,hardware CPU ids,2107,specific CPUs,0.9963
2157,Linux command,1598,FLEXlm command lmstat,1.0000
2157,Linux command,1307,bjobs command,1.0000
2157,Linux command,1425,install.config command,1.0000
2157,Linux command,1253,bparams command,1.0000
2157,Linux command,1194,bparams command,1.0000
2157,Linux command,960,lsfinstall command,1.0000
2157,Linux command,1687,filename command,1.0000
2157,Linux command,1702,lspasswd command,1.0000
2157,Linux command,1768,rsh command,1.0000
2157,Linux command,295,command,1.0000
2158,grep,293,innodb_default_row_format variable,0.9977
2158,grep,290,row size,0.9970
2158,grep,278,row format,0.9964
2158,grep,620,key words,0.9945
2158,grep,147,keys,0.9945
2158,grep,154,proper key,0.9945
2158,grep,268,cat my.cnf,0.9941
2158,grep,449,InnoDB support,0.9939
2158,grep,1609,license1 myjob,0.9937
2158,grep,452,Support,0.9934
2160,same information,1904,new information,0.9960
2160,same information,1266,other information,0.9956
2160,same information,2,accounting information,0.9943
2160,same information,552,more clusters,0.9937
2160,same information,526,more information,0.9936
2160,same information,1909,same configuration information,0.9930
2160,same information,92,same time,0.9929
2160,same information,1239,detailed queue information,0.9921
2160,same information,119,same person,0.9920
2160,same information,409,same SlurmUser,0.9920
2161,readable format,2145,easy way,0.9991
2161,readable format,373,orthogonal way,0.9986
2161,readable format,1157,product entitlement version array,0.9986
2161,readable format,208,arbitrary text string,0.9986
2161,readable format,674,largest memory peak,0.9985
2161,readable format,1511,ID mode bit,0.9984
2161,readable format,219,place upgrades,0.9984
2161,readable format,2172,Many additional scenarios,0.9984
2161,readable format,379,complete description,0.9984
2161,readable format,1336,Wrapper binary executables,0.9984
2162,CPU Numbering,651,cpu,1.0000
2162,CPU Numbering,2206,oversubscribe CPUs,1.0000
2162,CPU Numbering,2095,Suballocates CPUs,1.0000
2162,CPU Numbering,2191,unallocated CPUs,1.0000
2162,CPU Numbering,2189,Allocate CPUs,0.9973
2162,CPU Numbering,13,tasks,0.9949
2162,CPU Numbering,692,outlier task,0.9949
2162,CPU Numbering,38,nodes,0.9909
2162,CPU Numbering,2225,Allocate,0.9892
2162,CPU Numbering,2099,CPU allocation,0.9891
2163,physical CPU layout,876,relative CPU speed,0.9993
2163,physical CPU layout,835,CPU speed scaling factor,0.9990
2163,physical CPU layout,1771,incorrect CPU factors,0.9972
2163,physical CPU layout,2144,CPU usage,0.9971
2163,physical CPU layout,2202,second node,0.9968
2163,physical CPU layout,2235,task cgroup,0.9968
2163,physical CPU layout,2153,Slurm abstract CPU ids,0.9967
2163,physical CPU layout,1786,Total NUMA Nodes,0.9966
2163,physical CPU layout,11,individual tasks,0.9966
2163,physical CPU layout,682,many tasks,0.9963
2164,actual hardware,1363,source code,0.9978
2164,actual hardware,536,various graphs,0.9978
2164,actual hardware,2172,Many additional scenarios,0.9977
2164,actual hardware,1235,owners,0.9977
2164,actual hardware,1511,ID mode bit,0.9977
2164,actual hardware,359,MUNGE authentication,0.9976
2164,actual hardware,2013,c. Migrate,0.9976
2164,actual hardware,1188,minus sign,0.9976
2164,actual hardware,203,network port,0.9976
2164,actual hardware,1343,simple interface,0.9976
2165,CPU numbers,2225,Allocate,0.9947
2165,CPU numbers,2189,Allocate CPUs,0.9922
2165,CPU numbers,2216,Allocate cores,0.9919
2165,CPU numbers,382,socket,0.9876
2165,CPU numbers,38,nodes,0.9866
2165,CPU numbers,651,cpu,0.9845
2165,CPU numbers,2191,unallocated CPUs,0.9845
2165,CPU numbers,2206,oversubscribe CPUs,0.9845
2165,CPU numbers,2162,CPU Numbering,0.9845
2165,CPU numbers,2095,Suballocates CPUs,0.9845
2166,CPU Management,2138,CPU Management Steps,0.9971
2166,CPU Management,2102,available CPUs,0.9964
2166,CPU Management,2123,Different tasks,0.9950
2166,CPU Management,818,Local task,0.9949
2166,CPU Management,695,single task processes,0.9946
2166,CPU Management,851,Total CPU time,0.9936
2166,CPU Management,808,Interactive task,0.9936
2166,CPU Management,1771,incorrect CPU factors,0.9933
2166,CPU Management,2170,CPU Management Examples,0.9929
2166,CPU Management,835,CPU speed scaling factor,0.9927
2167,Accounting limits,891,hard limits,0.9972
2167,Accounting limits,356,accounting data,0.9970
2167,Accounting limits,889,soft limits,0.9969
2167,Accounting limits,543,accounting associations,0.9967
2167,Accounting limits,341,QOS limits,0.9963
2167,Accounting limits,126,limits,0.9963
2167,Accounting limits,117,Accounting,0.9963
2167,Accounting limits,637,Accounting Interpretation,0.9963
2167,Accounting limits,343,minutes limit,0.9961
2167,Accounting limits,5,Accounting records,0.9960
2168,level,457,level locking,1.0000
2168,level,2000,current fix pack level,0.9986
2168,level,151,different keys,0.9975
2168,level,503,separate instances,0.9974
2168,level,632,most cases,0.9972
2168,level,475,plan,0.9972
2168,level,1704,Windows password authentication,0.9971
2168,level,1127,current load levels,0.9971
2168,level,135,best way,0.9971
2168,level,591,different points,0.9970
2169,sacctmgr man page,224,InnoDB storage engine,0.9981
2169,sacctmgr man page,2161,readable format,0.9980
2169,sacctmgr man page,1636,symbolic link,0.9980
2169,sacctmgr man page,2031,old EGO password file,0.9980
2169,sacctmgr man page,208,arbitrary text string,0.9980
2169,sacctmgr man page,279,pages,0.9979
2169,sacctmgr man page,633,removed entities,0.9978
2169,sacctmgr man page,521,entities,0.9978
2169,sacctmgr man page,407,security purposes,0.9978
2169,sacctmgr man page,232,slurm build,0.9978
2170,CPU Management Examples,828,host CPU architecture,0.9953
2170,CPU Management Examples,2147,CPU management information,0.9943
2170,CPU Management Examples,695,single task processes,0.9938
2170,CPU Management Examples,2042,CPU Management User,0.9936
2170,CPU Management Examples,2166,CPU Management,0.9929
2170,CPU Management Examples,851,Total CPU time,0.9928
2170,CPU Management Examples,2114,same node,0.9915
2170,CPU Management Examples,4,job step,0.9896
2170,CPU Management Examples,646,many parallel tasks,0.9893
2170,CPU Management Examples,2138,CPU Management Steps,0.9882
2171,scenarios,788,simulation scenarios,1.0000
2171,scenarios,2172,Many additional scenarios,0.9982
2171,scenarios,281,specific situations,0.9976
2171,scenarios,1885,second definition,0.9973
2171,scenarios,674,largest memory peak,0.9972
2171,scenarios,2175,n3 State,0.9971
2171,scenarios,145,second key,0.9970
2171,scenarios,853,Total virtual memory usage,0.9970
2171,scenarios,852,Total resident memory usage,0.9970
2171,scenarios,1157,product entitlement version array,0.9970
2172,Many additional scenarios,208,arbitrary text string,0.9986
2172,Many additional scenarios,1157,product entitlement version array,0.9985
2172,Many additional scenarios,379,complete description,0.9985
2172,Many additional scenarios,145,second key,0.9985
2172,Many additional scenarios,536,various graphs,0.9985
2172,Many additional scenarios,2161,readable format,0.9984
2172,Many additional scenarios,674,largest memory peak,0.9984
2172,Many additional scenarios,1511,ID mode bit,0.9984
2172,Many additional scenarios,219,place upgrades,0.9984
2172,Many additional scenarios,1943,token processing,0.9984
2173,IDLE,1495,user5 PEND night hostA hostC,0.9974
2173,IDLE,1176,Normal status,0.9965
2173,IDLE,1441,hostd,0.9961
2173,IDLE,1181,hostc -ok,0.9952
2173,IDLE,1333,hostc,0.9952
2173,IDLE,1309,user1 USUSP normal hosta hostb,0.9944
2173,IDLE,1237,night,0.9943
2173,IDLE,1222,hostc ok,0.9937
2173,IDLE,1252,loadStop,0.9937
2173,IDLE,442,Query OK,0.9930
2174,hypernode Nodes,2203,third node,0.9994
2174,hypernode Nodes,2091,ARestricts node selection,0.9993
2174,hypernode Nodes,2051,Node selection,0.9993
2174,hypernode Nodes,2078,whole nodes,0.9991
2174,hypernode Nodes,2201,first node,0.9988
2174,hypernode Nodes,2092,contiguous nodes,0.9986
2174,hypernode Nodes,2075,node definition,0.9984
2174,hypernode Nodes,1786,Total NUMA Nodes,0.9983
2174,hypernode Nodes,2097,specific nodes,0.9980
2174,hypernode Nodes,2141,whole node allocation,0.9977
2175,n3 State,104,state,0.9986
2175,n3 State,759,UNKWN state,0.9986
2175,n3 State,752,ZOMBI state,0.9986
2175,n3 State,2172,Many additional scenarios,0.9983
2175,n3 State,281,specific situations,0.9982
2175,n3 State,572,physics parent,0.9981
2175,n3 State,1733,parent,0.9981
2175,n3 State,674,largest memory peak,0.9980
2175,n3 State,536,various graphs,0.9980
2175,n3 State,1157,product entitlement version array,0.9980
2176,cons_tres plugin,2237,cgroup plugin,0.9989
2176,cons_tres plugin,1247,ut pg io ls,0.9978
2176,cons_tres plugin,205,jobcomp plugin,0.9977
2176,cons_tres plugin,1179,ut pg ls,0.9975
2176,cons_tres plugin,1738,Linux cgroup memory,0.9975
2176,cons_tres plugin,359,MUNGE authentication,0.9975
2176,cons_tres plugin,2026,EGO consumer tree,0.9974
2176,cons_tres plugin,1609,license1 myjob,0.9973
2176,cons_tres plugin,2094,APrevents sharing,0.9973
2176,cons_tres plugin,51,pathname,0.9973
2177,minimum,816,selection,0.9976
2177,minimum,1891,maximum,0.9975
2177,minimum,1894,maximum length,0.9975
2177,minimum,2058,threads,0.9957
2177,minimum,1789,Total Threads,0.9950
2177,minimum,156,distinct local domain sockets,0.9945
2177,minimum,437,MySQL connection i d,0.9945
2177,minimum,2212,cyclic,0.9942
2177,minimum,2064,Step 1slurm.conf parameterPossible valuesDescription,0.9937
2177,minimum,2115,Step 3slurm.conf parameterPossible valuesDescription,0.9937
2178,linear configuration option,2182,SelectType configuration options,0.9995
2178,linear configuration option,2232,SelectTypeParameters configuration option,0.9993
2178,linear configuration option,2194,configuration option CR_CORE_DEFAULT_DIST_BLOCK,0.9979
2178,linear configuration option,2227,CR_CORE_DEFAULT_DIST_BLOCK configuration option specifies,0.9979
2178,linear configuration option,482,relevant configuration options,0.9978
2178,linear configuration option,231,mysql_config option,0.9977
2178,linear configuration option,2063,slurm.conf options,0.9975
2178,linear configuration option,2233,TaskPlugin configuration option,0.9968
2178,linear configuration option,2045,configuration options,0.9968
2178,linear configuration option,2208,CR_CPU configuration option,0.9968
2179,srun option,453,Comment,0.9886
2179,srun option,2054,SelectType,0.9884
2179,srun option,1176,Normal status,0.9875
2179,srun option,2090,Step 1Command line optionPossible valuesDescription,0.9874
2179,srun option,2118,Step 3Command line optionPossible valuesDescription,0.9874
2179,srun option,2110,Step 2Command line optionPossible valuesDescription,0.9874
2179,srun option,2135,Step 4Command line optionPossible valuesDescription,0.9874
2179,srun option,2109,parameterPossible valuesDescription,0.9866
2179,srun option,2053,linear,0.9865
2179,srun option,1309,user1 USUSP normal hosta hostb,0.9856
2180,Simple allocation,1822,Memory allocation,0.9983
2180,Simple allocation,2224,cyclic distribution method,0.9981
2180,Simple allocation,2196,cyclic distribution,0.9978
2180,Simple allocation,2219,block distribution method,0.9975
2180,Simple allocation,2103,cyclic allocation,0.9971
2180,Simple allocation,2238,block method,0.9965
2180,Simple allocation,2217,block allocation method,0.9964
2180,Simple allocation,2200,blocks,0.9961
2180,Simple allocation,2101,block allocation,0.9955
2180,Simple allocation,2195,methods,0.9952
2181,default partition,300,default collation,0.9968
2181,default partition,607,Default wckey,0.9963
2181,default partition,350,default behavior,0.9961
2181,default partition,129,default,0.9952
2181,default partition,216,partition,0.9950
2181,default partition,367,default value,0.9942
2181,default partition,1777,hostA DEFAULT DEFAULT,0.9931
2181,default partition,584,specific partitions,0.9909
2181,default partition,2072,partition definition,0.9896
2181,default partition,780,single machine,0.9894
2182,SelectType configuration options,2232,SelectTypeParameters configuration option,0.9996
2182,SelectType configuration options,2178,linear configuration option,0.9995
2182,SelectType configuration options,2227,CR_CORE_DEFAULT_DIST_BLOCK configuration option specifies,0.9980
2182,SelectType configuration options,2194,configuration option CR_CORE_DEFAULT_DIST_BLOCK,0.9980
2182,SelectType configuration options,482,relevant configuration options,0.9979
2182,SelectType configuration options,2063,slurm.conf options,0.9976
2182,SelectType configuration options,231,mysql_config option,0.9976
2182,SelectType configuration options,2045,configuration options,0.9968
2182,SelectType configuration options,2208,CR_CPU configuration option,0.9968
2182,SelectType configuration options,2233,TaskPlugin configuration option,0.9968
2183,possible pattern,480,table sizes,0.9944
2183,possible pattern,301,table columns,0.9944
2183,possible pattern,792,conditions,0.9921
2183,possible pattern,1413,distribution files,0.9921
2183,possible pattern,693,much memory,0.9921
2183,possible pattern,652,memory,0.9921
2183,possible pattern,584,specific partitions,0.9919
2183,possible pattern,144,unique key,0.9916
2183,possible pattern,690,average memory peaks,0.9916
2183,possible pattern,143,single MUNGE key,0.9915
2185,balanced allocation,2047,Allocation,1.0000
2185,balanced allocation,2106,allocation methods,0.9956
2185,balanced allocation,2221,block allocation method CPU,0.9943
2185,balanced allocation,2101,block allocation,0.9939
2185,balanced allocation,2141,whole node allocation,0.9931
2185,balanced allocation,2217,block allocation method,0.9911
2185,balanced allocation,2103,cyclic allocation,0.9908
2185,balanced allocation,2086,CPU resource allocation,0.9876
2185,balanced allocation,2174,hypernode Nodes,0.9846
2185,balanced allocation,2078,whole nodes,0.9841
2186,unique CPUs,838,CPU factor,0.9995
2186,unique CPUs,2107,specific CPUs,0.9995
2186,unique CPUs,2144,CPU usage,0.9987
2186,unique CPUs,2069,logical CPUs,0.9986
2186,unique CPUs,2197,Task id,0.9978
2186,unique CPUs,11,individual tasks,0.9976
2186,unique CPUs,2154,hardware CPU ids,0.9960
2186,unique CPUs,2128,task plugin,0.9959
2186,unique CPUs,876,relative CPU speed,0.9956
2186,unique CPUs,2201,first node,0.9956
2188,resource fragmentation,896,resource consumers,0.9994
2188,resource fragmentation,2113,resource sharing,0.9993
2188,resource fragmentation,846,resource availability,0.9992
2188,resource fragmentation,869,Static resources,0.9992
2188,resource fragmentation,1535,critical resources,0.9991
2188,resource fragmentation,1315,necessary resources,0.9990
2188,resource fragmentation,1434,mem RESOURCES REXPRI,0.9989
2188,resource fragmentation,1001,specific resources,0.9988
2188,resource fragmentation,10,resource usage,0.9986
2188,resource fragmentation,1549,license1 resource,0.9986
2189,Allocate CPUs,2095,Suballocates CPUs,0.9973
2189,Allocate CPUs,2191,unallocated CPUs,0.9973
2189,Allocate CPUs,2162,CPU Numbering,0.9973
2189,Allocate CPUs,651,cpu,0.9973
2189,Allocate CPUs,2206,oversubscribe CPUs,0.9973
2189,Allocate CPUs,2225,Allocate,0.9972
2189,Allocate CPUs,38,nodes,0.9931
2189,Allocate CPUs,2165,CPU numbers,0.9922
2189,Allocate CPUs,692,outlier task,0.9918
2189,Allocate CPUs,13,tasks,0.9918
2190,fragmentation,852,Total resident memory usage,0.9969
2190,fragmentation,853,Total virtual memory usage,0.9969
2190,fragmentation,670,maximum memory peak,0.9969
2190,fragmentation,145,second key,0.9968
2190,fragmentation,1738,Linux cgroup memory,0.9968
2190,fragmentation,2172,Many additional scenarios,0.9968
2190,fragmentation,653,energy,0.9967
2190,fragmentation,485,form,0.9967
2190,fragmentation,2164,actual hardware,0.9967
2190,fragmentation,556,description,0.9967
2191,unallocated CPUs,651,cpu,1.0000
2191,unallocated CPUs,2162,CPU Numbering,1.0000
2191,unallocated CPUs,2206,oversubscribe CPUs,1.0000
2191,unallocated CPUs,2095,Suballocates CPUs,1.0000
2191,unallocated CPUs,2189,Allocate CPUs,0.9973
2191,unallocated CPUs,13,tasks,0.9949
2191,unallocated CPUs,692,outlier task,0.9949
2191,unallocated CPUs,38,nodes,0.9909
2191,unallocated CPUs,2225,Allocate,0.9892
2191,unallocated CPUs,2099,CPU allocation,0.9891
2192,CR_CORE_DEFAULT_DIST_BLOCK,308,insensitive collation,0.9967
2192,CR_CORE_DEFAULT_DIST_BLOCK,24,AccountingStorageType,0.9961
2192,CR_CORE_DEFAULT_DIST_BLOCK,303,collation,0.9961
2192,CR_CORE_DEFAULT_DIST_BLOCK,1449,Optional,0.9960
2192,CR_CORE_DEFAULT_DIST_BLOCK,159,slurm.conf,0.9958
2192,CR_CORE_DEFAULT_DIST_BLOCK,539,performance metrics,0.9958
2192,CR_CORE_DEFAULT_DIST_BLOCK,1180,swp mem,0.9957
2192,CR_CORE_DEFAULT_DIST_BLOCK,1188,minus sign,0.9957
2192,CR_CORE_DEFAULT_DIST_BLOCK,1007,attributes,0.9957
2192,CR_CORE_DEFAULT_DIST_BLOCK,1668,localhost myhostname,0.9957
2194,configuration option CR_CORE_DEFAULT_DIST_BLOCK,2227,CR_CORE_DEFAULT_DIST_BLOCK configuration option specifies,1.0000
2194,configuration option CR_CORE_DEFAULT_DIST_BLOCK,482,relevant configuration options,0.9996
2194,configuration option CR_CORE_DEFAULT_DIST_BLOCK,2208,CR_CPU configuration option,0.9993
2194,configuration option CR_CORE_DEFAULT_DIST_BLOCK,2045,configuration options,0.9993
2194,configuration option CR_CORE_DEFAULT_DIST_BLOCK,2233,TaskPlugin configuration option,0.9993
2194,configuration option CR_CORE_DEFAULT_DIST_BLOCK,2063,slurm.conf options,0.9989
2194,configuration option CR_CORE_DEFAULT_DIST_BLOCK,2232,SelectTypeParameters configuration option,0.9989
2194,configuration option CR_CORE_DEFAULT_DIST_BLOCK,329,valid options,0.9986
2194,configuration option CR_CORE_DEFAULT_DIST_BLOCK,231,mysql_config option,0.9983
2194,configuration option CR_CORE_DEFAULT_DIST_BLOCK,1351,appropriate options,0.9981
2195,methods,2238,block method,0.9992
2195,methods,2217,block allocation method,0.9981
2195,methods,2219,block distribution method,0.9978
2195,methods,2224,cyclic distribution method,0.9978
2195,methods,2200,blocks,0.9968
2195,methods,2103,cyclic allocation,0.9964
2195,methods,2101,block allocation,0.9957
2195,methods,2106,allocation methods,0.9957
2195,methods,2180,Simple allocation,0.9952
2195,methods,2196,cyclic distribution,0.9950
2196,cyclic distribution,2224,cyclic distribution method,0.9994
2196,cyclic distribution,2219,block distribution method,0.9984
2196,cyclic distribution,2180,Simple allocation,0.9978
2196,cyclic distribution,1822,Memory allocation,0.9974
2196,cyclic distribution,2200,blocks,0.9972
2196,cyclic distribution,2238,block method,0.9969
2196,cyclic distribution,2212,cyclic,0.9957
2196,cyclic distribution,156,distinct local domain sockets,0.9955
2196,cyclic distribution,2048,Distribution,0.9953
2196,cyclic distribution,2199,plane distribution,0.9953
2197,Task id,11,individual tasks,0.9987
2197,Task id,2186,unique CPUs,0.9978
2197,Task id,838,CPU factor,0.9975
2197,Task id,2107,specific CPUs,0.9971
2197,Task id,2126,task affinity,0.9969
2197,Task id,2128,task plugin,0.9968
2197,Task id,2069,logical CPUs,0.9966
2197,Task id,2144,CPU usage,0.9965
2197,Task id,821,Remote task,0.9963
2197,Task id,682,many tasks,0.9962
2198,default allocation,2100,default allocation method,0.9979
2198,default allocation,2213,default distribution method,0.9967
2198,default allocation,2048,Distribution,0.9931
2198,default allocation,2199,plane distribution,0.9931
2198,default allocation,1822,Memory allocation,0.9912
2198,default allocation,2219,block distribution method,0.9902
2198,default allocation,2180,Simple allocation,0.9881
2198,default allocation,2239,task distribution options,0.9875
2198,default allocation,2200,blocks,0.9870
2198,default allocation,2196,cyclic distribution,0.9870
2199,plane distribution,2048,Distribution,1.0000
2199,plane distribution,1822,Memory allocation,0.9959
2199,plane distribution,2219,block distribution method,0.9958
2199,plane distribution,2213,default distribution method,0.9955
2199,plane distribution,2100,default allocation method,0.9955
2199,plane distribution,2196,cyclic distribution,0.9953
2199,plane distribution,2224,cyclic distribution method,0.9942
2199,plane distribution,2180,Simple allocation,0.9935
2199,plane distribution,2198,default allocation,0.9931
2199,plane distribution,2049,Optional Distribution,0.9924
2200,blocks,2238,block method,0.9992
2200,blocks,2219,block distribution method,0.9986
2200,blocks,2224,cyclic distribution method,0.9982
2200,blocks,2196,cyclic distribution,0.9972
2200,blocks,2195,methods,0.9968
2200,blocks,2180,Simple allocation,0.9961
2200,blocks,2217,block allocation method,0.9960
2200,blocks,2226,block --cpu,0.9950
2200,blocks,1822,Memory allocation,0.9947
2200,blocks,2103,cyclic allocation,0.9944
2201,first node,2078,whole nodes,0.9995
2201,first node,2075,node definition,0.9994
2201,first node,2203,third node,0.9993
2201,first node,2097,specific nodes,0.9993
2201,first node,1786,Total NUMA Nodes,0.9989
2201,first node,2174,hypernode Nodes,0.9988
2201,first node,2202,second node,0.9985
2201,first node,2051,Node selection,0.9979
2201,first node,2091,ARestricts node selection,0.9979
2201,first node,2141,whole node allocation,0.9973
2202,second node,2097,specific nodes,0.9992
2202,second node,2075,node definition,0.9989
2202,second node,2201,first node,0.9985
2202,second node,2078,whole nodes,0.9984
2202,second node,1786,Total NUMA Nodes,0.9981
2202,second node,2203,third node,0.9978
2202,second node,2174,hypernode Nodes,0.9969
2202,second node,2163,physical CPU layout,0.9968
2202,second node,2093,Restricts node selection,0.9967
2202,second node,835,CPU speed scaling factor,0.9967
2203,third node,2174,hypernode Nodes,0.9994
2203,third node,2078,whole nodes,0.9994
2203,third node,2201,first node,0.9993
2203,third node,2075,node definition,0.9991
2203,third node,2097,specific nodes,0.9988
2203,third node,2091,ARestricts node selection,0.9988
2203,third node,2051,Node selection,0.9988
2203,third node,1786,Total NUMA Nodes,0.9986
2203,third node,2092,contiguous nodes,0.9982
2203,third node,2202,second node,0.9978
2204,node n,2091,ARestricts node selection,0.9961
2204,node n,2051,Node selection,0.9961
2204,node n,2174,hypernode Nodes,0.9954
2204,node n,1786,Total NUMA Nodes,0.9953
2204,node n,2078,whole nodes,0.9948
2204,node n,2056,individual sockets,0.9946
2204,node n,2142,particular socket,0.9946
2204,node n,2141,whole node allocation,0.9945
2204,node n,2203,third node,0.9944
2204,node n,2210,Socket id,0.9942
2205,YES option,242,innodb_buffer_pool_size,0.9921
2205,YES option,2178,linear configuration option,0.9915
2205,YES option,2084,additional options,0.9910
2205,YES option,294,innodb_default_row_format,0.9905
2205,YES option,2132,cgroup.conf options,0.9898
2205,YES option,2182,SelectType configuration options,0.9894
2205,YES option,231,mysql_config option,0.9893
2205,YES option,2063,slurm.conf options,0.9891
2205,YES option,448,grant option,0.9882
2205,YES option,2232,SelectTypeParameters configuration option,0.9882
2206,oversubscribe CPUs,2162,CPU Numbering,1.0000
2206,oversubscribe CPUs,651,cpu,1.0000
2206,oversubscribe CPUs,2191,unallocated CPUs,1.0000
2206,oversubscribe CPUs,2095,Suballocates CPUs,1.0000
2206,oversubscribe CPUs,2189,Allocate CPUs,0.9973
2206,oversubscribe CPUs,13,tasks,0.9949
2206,oversubscribe CPUs,692,outlier task,0.9949
2206,oversubscribe CPUs,38,nodes,0.9909
2206,oversubscribe CPUs,2225,Allocate,0.9892
2206,oversubscribe CPUs,2099,CPU allocation,0.9891
2208,CR_CPU configuration option,2233,TaskPlugin configuration option,1.0000
2208,CR_CPU configuration option,2045,configuration options,1.0000
2208,CR_CPU configuration option,2227,CR_CORE_DEFAULT_DIST_BLOCK configuration option specifies,0.9993
2208,CR_CPU configuration option,2194,configuration option CR_CORE_DEFAULT_DIST_BLOCK,0.9993
2208,CR_CPU configuration option,482,relevant configuration options,0.9990
2208,CR_CPU configuration option,329,valid options,0.9989
2208,CR_CPU configuration option,2063,slurm.conf options,0.9989
2208,CR_CPU configuration option,448,grant option,0.9987
2208,CR_CPU configuration option,231,mysql_config option,0.9985
2208,CR_CPU configuration option,2132,cgroup.conf options,0.9984
2210,Socket id,2142,particular socket,0.9991
2210,Socket id,2056,individual sockets,0.9991
2210,Socket id,2222,socket i d,0.9975
2210,Socket id,2204,node n,0.9942
2210,Socket id,2231,single socket,0.9929
2210,Socket id,2214,CPU i d,0.9920
2210,Socket id,2154,hardware CPU ids,0.9918
2210,Socket id,2223,task i d,0.9901
2210,Socket id,673,task i d,0.9901
2210,Socket id,1888,valid number,0.9901
2212,cyclic,2226,block --cpu,0.9974
2212,cyclic,2058,threads,0.9972
2212,cyclic,2196,cyclic distribution,0.9957
2212,cyclic,2224,cyclic distribution method,0.9956
2212,cyclic,816,selection,0.9953
2212,cyclic,156,distinct local domain sockets,0.9947
2212,cyclic,2177,minimum,0.9942
2212,cyclic,2200,blocks,0.9941
2212,cyclic,2238,block method,0.9939
2212,cyclic,2115,Step 3slurm.conf parameterPossible valuesDescription,0.9938
2213,default distribution method,2100,default allocation method,0.9974
2213,default distribution method,2198,default allocation,0.9967
2213,default distribution method,2199,plane distribution,0.9955
2213,default distribution method,2048,Distribution,0.9955
2213,default distribution method,2049,Optional Distribution,0.9945
2213,default distribution method,1400,Distribution packages,0.9943
2213,default distribution method,1822,Memory allocation,0.9943
2213,default distribution method,2219,block distribution method,0.9941
2213,default distribution method,2196,cyclic distribution,0.9931
2213,default distribution method,385,authentication method,0.9926
2214,CPU i d,673,task i d,0.9991
2214,CPU i d,2223,task i d,0.9991
2214,CPU i d,2154,hardware CPU ids,0.9989
2214,CPU i d,2215,task ids,0.9974
2214,CPU i d,2235,task cgroup,0.9968
2214,CPU i d,11,individual tasks,0.9968
2214,CPU i d,2126,task affinity,0.9958
2214,CPU i d,2152,CPU ids,0.9957
2214,CPU i d,2197,Task id,0.9949
2214,CPU i d,838,CPU factor,0.9944
2215,task ids,2152,CPU ids,0.9983
2215,task ids,2214,CPU i d,0.9974
2215,task ids,2154,hardware CPU ids,0.9965
2215,task ids,673,task i d,0.9963
2215,task ids,2223,task i d,0.9963
2215,task ids,2197,Task id,0.9962
2215,task ids,2126,task affinity,0.9960
2215,task ids,11,individual tasks,0.9953
2215,task ids,2069,logical CPUs,0.9951
2215,task ids,2235,task cgroup,0.9942
2216,Allocate cores,382,socket,0.9968
2216,Allocate cores,2165,CPU numbers,0.9919
2216,Allocate cores,2225,Allocate,0.9910
2216,Allocate cores,2057,cores,0.9884
2216,Allocate cores,2152,CPU ids,0.9842
2216,Allocate cores,2189,Allocate CPUs,0.9831
2216,Allocate cores,2210,Socket id,0.9817
2216,Allocate cores,108,number,0.9810
2216,Allocate cores,2099,CPU allocation,0.9797
2216,Allocate cores,2098,minimum number,0.9794
2217,block allocation method,2101,block allocation,0.9995
2217,block allocation method,2106,allocation methods,0.9989
2217,block allocation method,2103,cyclic allocation,0.9988
2217,block allocation method,2195,methods,0.9981
2217,block allocation method,2238,block method,0.9979
2217,block allocation method,2219,block distribution method,0.9977
2217,block allocation method,2224,cyclic distribution method,0.9966
2217,block allocation method,2180,Simple allocation,0.9964
2217,block allocation method,2200,blocks,0.9960
2217,block allocation method,2100,default allocation method,0.9945
2218,Distribute,2144,CPU usage,0.9967
2218,Distribute,2202,second node,0.9966
2218,Distribute,876,relative CPU speed,0.9966
2218,Distribute,11,individual tasks,0.9966
2218,Distribute,2201,first node,0.9963
2218,Distribute,2097,specific nodes,0.9963
2218,Distribute,2075,node definition,0.9963
2218,Distribute,2163,physical CPU layout,0.9963
2218,Distribute,2203,third node,0.9961
2218,Distribute,2078,whole nodes,0.9960
2219,block distribution method,2224,cyclic distribution method,0.9993
2219,block distribution method,2238,block method,0.9991
2219,block distribution method,2200,blocks,0.9986
2219,block distribution method,2196,cyclic distribution,0.9984
2219,block distribution method,2195,methods,0.9978
2219,block distribution method,2217,block allocation method,0.9977
2219,block distribution method,2180,Simple allocation,0.9975
2219,block distribution method,1822,Memory allocation,0.9970
2219,block distribution method,2100,default allocation method,0.9967
2219,block distribution method,2101,block allocation,0.9961
2220,other socket,2153,Slurm abstract CPU ids,0.9964
2220,other socket,2231,single socket,0.9963
2220,other socket,1771,incorrect CPU factors,0.9956
2220,other socket,835,CPU speed scaling factor,0.9955
2220,other socket,2093,Restricts node selection,0.9955
2220,other socket,2163,physical CPU layout,0.9950
2220,other socket,876,relative CPU speed,0.9949
2220,other socket,157,local domain socket,0.9949
2220,other socket,2202,second node,0.9940
2220,other socket,646,many parallel tasks,0.9932
2221,block allocation method CPU,2141,whole node allocation,0.9981
2221,block allocation method CPU,2154,hardware CPU ids,0.9954
2221,block allocation method CPU,2174,hypernode Nodes,0.9953
2221,block allocation method CPU,2106,allocation methods,0.9953
2221,block allocation method CPU,2107,specific CPUs,0.9949
2221,block allocation method CPU,838,CPU factor,0.9948
2221,block allocation method CPU,2091,ARestricts node selection,0.9947
2221,block allocation method CPU,2051,Node selection,0.9947
2221,block allocation method CPU,2203,third node,0.9947
2221,block allocation method CPU,2078,whole nodes,0.9946
2222,socket i d,2142,particular socket,0.9977
2222,socket i d,2056,individual sockets,0.9976
2222,socket i d,2210,Socket id,0.9975
2222,socket i d,2223,task i d,0.9945
2222,socket i d,673,task i d,0.9945
2222,socket i d,2214,CPU i d,0.9943
2222,socket i d,2231,single socket,0.9923
2222,socket i d,2154,hardware CPU ids,0.9920
2222,socket i d,2204,node n,0.9905
2222,socket i d,2235,task cgroup,0.9894
2223,task i d,673,task i d,1.0000
2223,task i d,2214,CPU i d,0.9991
2223,task i d,2154,hardware CPU ids,0.9970
2223,task i d,2235,task cgroup,0.9968
2223,task i d,11,individual tasks,0.9966
2223,task i d,2215,task ids,0.9963
2223,task i d,2126,task affinity,0.9952
2223,task i d,2222,socket i d,0.9945
2223,task i d,2197,Task id,0.9944
2223,task i d,682,many tasks,0.9938
2224,cyclic distribution method,2196,cyclic distribution,0.9994
2224,cyclic distribution method,2219,block distribution method,0.9993
2224,cyclic distribution method,2238,block method,0.9988
2224,cyclic distribution method,2200,blocks,0.9982
2224,cyclic distribution method,2180,Simple allocation,0.9981
2224,cyclic distribution method,2195,methods,0.9978
2224,cyclic distribution method,1822,Memory allocation,0.9970
2224,cyclic distribution method,2217,block allocation method,0.9966
2224,cyclic distribution method,2103,cyclic allocation,0.9963
2224,cyclic distribution method,2212,cyclic,0.9956
2225,Allocate,2189,Allocate CPUs,0.9972
2225,Allocate,2165,CPU numbers,0.9947
2225,Allocate,2216,Allocate cores,0.9910
2225,Allocate,38,nodes,0.9899
2225,Allocate,651,cpu,0.9892
2225,Allocate,2095,Suballocates CPUs,0.9892
2225,Allocate,2162,CPU Numbering,0.9892
2225,Allocate,2206,oversubscribe CPUs,0.9892
2225,Allocate,2191,unallocated CPUs,0.9892
2225,Allocate,382,socket,0.9857
2226,block --cpu,2212,cyclic,0.9974
2226,block --cpu,2058,threads,0.9958
2226,block --cpu,2200,blocks,0.9950
2226,block --cpu,2238,block method,0.9947
2226,block --cpu,157,local domain socket,0.9943
2226,block --cpu,2224,cyclic distribution method,0.9941
2226,block --cpu,156,distinct local domain sockets,0.9940
2226,block --cpu,1788,Total Cores,0.9939
2226,block --cpu,816,selection,0.9938
2226,block --cpu,2196,cyclic distribution,0.9931
2227,CR_CORE_DEFAULT_DIST_BLOCK configuration option specifies,2194,configuration option CR_CORE_DEFAULT_DIST_BLOCK,1.0000
2227,CR_CORE_DEFAULT_DIST_BLOCK configuration option specifies,482,relevant configuration options,0.9996
2227,CR_CORE_DEFAULT_DIST_BLOCK configuration option specifies,2208,CR_CPU configuration option,0.9993
2227,CR_CORE_DEFAULT_DIST_BLOCK configuration option specifies,2045,configuration options,0.9993
2227,CR_CORE_DEFAULT_DIST_BLOCK configuration option specifies,2233,TaskPlugin configuration option,0.9993
2227,CR_CORE_DEFAULT_DIST_BLOCK configuration option specifies,2063,slurm.conf options,0.9989
2227,CR_CORE_DEFAULT_DIST_BLOCK configuration option specifies,2232,SelectTypeParameters configuration option,0.9989
2227,CR_CORE_DEFAULT_DIST_BLOCK configuration option specifies,329,valid options,0.9986
2227,CR_CORE_DEFAULT_DIST_BLOCK configuration option specifies,231,mysql_config option,0.9983
2227,CR_CORE_DEFAULT_DIST_BLOCK configuration option specifies,1351,appropriate options,0.9981
2228,block option,2182,SelectType configuration options,0.9887
2228,block option,1339,easiest integration method,0.9884
2228,block option,271,default row format,0.9884
2228,block option,2232,SelectTypeParameters configuration option,0.9883
2228,block option,2178,linear configuration option,0.9882
2228,block option,2063,slurm.conf options,0.9881
2228,block option,385,authentication method,0.9881
2228,block option,1413,distribution files,0.9879
2228,block option,528,additional control,0.9875
2228,block option,2227,CR_CORE_DEFAULT_DIST_BLOCK configuration option specifies,0.9873
2229,multi-thread job,3,job,1.0000
2229,multi-thread job,760,UNKWN job,1.0000
2229,multi-thread job,755,re-runnable job,1.0000
2229,multi-thread job,1314,specified jobs,1.0000
2229,multi-thread job,879,suspended jobs,1.0000
2229,multi-thread job,1288,jobs subdirectory,1.0000
2229,multi-thread job,2041,Monitoring jobs,1.0000
2229,multi-thread job,763,hung jobs,1.0000
2229,multi-thread job,1603,Submit jobs,0.9914
2229,multi-thread job,751,chunk job,0.9909
2231,single socket,2220,other socket,0.9963
2231,single socket,1786,Total NUMA Nodes,0.9958
2231,single socket,2078,whole nodes,0.9952
2231,single socket,2203,third node,0.9949
2231,single socket,2093,Restricts node selection,0.9947
2231,single socket,2202,second node,0.9947
2231,single socket,2174,hypernode Nodes,0.9947
2231,single socket,2075,node definition,0.9947
2231,single socket,2142,particular socket,0.9946
2231,single socket,2201,first node,0.9945
2232,SelectTypeParameters configuration option,2182,SelectType configuration options,0.9996
2232,SelectTypeParameters configuration option,2178,linear configuration option,0.9993
2232,SelectTypeParameters configuration option,2227,CR_CORE_DEFAULT_DIST_BLOCK configuration option specifies,0.9989
2232,SelectTypeParameters configuration option,2194,configuration option CR_CORE_DEFAULT_DIST_BLOCK,0.9989
2232,SelectTypeParameters configuration option,482,relevant configuration options,0.9989
2232,SelectTypeParameters configuration option,2063,slurm.conf options,0.9982
2232,SelectTypeParameters configuration option,231,mysql_config option,0.9980
2232,SelectTypeParameters configuration option,2045,configuration options,0.9976
2232,SelectTypeParameters configuration option,2233,TaskPlugin configuration option,0.9976
2232,SelectTypeParameters configuration option,2208,CR_CPU configuration option,0.9976
2233,TaskPlugin configuration option,2208,CR_CPU configuration option,1.0000
2233,TaskPlugin configuration option,2045,configuration options,1.0000
2233,TaskPlugin configuration option,2194,configuration option CR_CORE_DEFAULT_DIST_BLOCK,0.9993
2233,TaskPlugin configuration option,2227,CR_CORE_DEFAULT_DIST_BLOCK configuration option specifies,0.9993
2233,TaskPlugin configuration option,482,relevant configuration options,0.9990
2233,TaskPlugin configuration option,329,valid options,0.9989
2233,TaskPlugin configuration option,2063,slurm.conf options,0.9989
2233,TaskPlugin configuration option,448,grant option,0.9987
2233,TaskPlugin configuration option,231,mysql_config option,0.9985
2233,TaskPlugin configuration option,2132,cgroup.conf options,0.9984
2235,task cgroup,11,individual tasks,0.9983
2235,task cgroup,2126,task affinity,0.9981
2235,task cgroup,2154,hardware CPU ids,0.9975
2235,task cgroup,673,task i d,0.9968
2235,task cgroup,2223,task i d,0.9968
2235,task cgroup,2214,CPU i d,0.9968
2235,task cgroup,2163,physical CPU layout,0.9968
2235,task cgroup,876,relative CPU speed,0.9965
2235,task cgroup,682,many tasks,0.9961
2235,task cgroup,821,Remote task,0.9958
2237,cgroup plugin,1738,Linux cgroup memory,0.9989
2237,cgroup plugin,2176,cons_tres plugin,0.9989
2237,cgroup plugin,205,jobcomp plugin,0.9983
2237,cgroup plugin,359,MUNGE authentication,0.9981
2237,cgroup plugin,397,qualified pathname,0.9977
2237,cgroup plugin,51,pathname,0.9977
2237,cgroup plugin,485,form,0.9976
2237,cgroup plugin,1247,ut pg io ls,0.9976
2237,cgroup plugin,2013,c. Migrate,0.9976
2237,cgroup plugin,2026,EGO consumer tree,0.9975
2238,block method,2200,blocks,0.9992
2238,block method,2195,methods,0.9992
2238,block method,2219,block distribution method,0.9991
2238,block method,2224,cyclic distribution method,0.9988
2238,block method,2217,block allocation method,0.9979
2238,block method,2196,cyclic distribution,0.9969
2238,block method,2180,Simple allocation,0.9965
2238,block method,2103,cyclic allocation,0.9962
2238,block method,2101,block allocation,0.9958
2238,block method,2226,block --cpu,0.9947
2239,task distribution options,835,CPU speed scaling factor,0.9935
2239,task distribution options,1771,incorrect CPU factors,0.9933
2239,task distribution options,642,task level,0.9932
2239,task distribution options,876,relative CPU speed,0.9927
2239,task distribution options,2093,Restricts node selection,0.9925
2239,task distribution options,2219,block distribution method,0.9925
2239,task distribution options,682,many tasks,0.9925
2239,task distribution options,2163,physical CPU layout,0.9925
2239,task distribution options,646,many parallel tasks,0.9923
2239,task distribution options,2153,Slurm abstract CPU ids,0.9921
2240,affinity plugin,2094,APrevents sharing,0.9971
2240,affinity plugin,776,processor,0.9970
2240,affinity plugin,1787,Total Processors,0.9970
2240,affinity plugin,619,like fashion,0.9965
2240,affinity plugin,697,step memory peak,0.9964
2240,affinity plugin,2067,layout,0.9963
2240,affinity plugin,1339,easiest integration method,0.9962
2240,affinity plugin,1738,Linux cgroup memory,0.9960
2240,affinity plugin,696,maximum memory,0.9960
2240,affinity plugin,1789,Total Threads,0.9960
