id,child_canonical_id,child_canonical_term,parent_canonical_id,parent_canonical_term,score,method
1,1,slurm,683,process,-11.805997848510742,hit_wordnet
2,1,slurm,517,entity,-12.277599334716797,hit_wordnet
3,1,slurm,781,group,-12.505488395690918,hit_wordnet
4,1,slurm,513,tool,-13.631340980529785,hit_wordnet
5,1,slurm,2052,whole,-13.981968879699707,hit_wordnet
6,2,accounting,517,entity,-11.515514373779297,hit_wordnet
7,2,accounting,472,plan,-12.27165412902832,hit_wordnet
8,2,accounting,8,information,-12.285536766052246,hit_wordnet
9,2,accounting,452,transaction,-12.416091918945312,hit_wordnet
10,2,accounting,1139,disclosure,-12.689680099487305,hit_wordnet
11,3,job,390,work,-9.419742584228516,hit_wordnet
12,3,job,1436,working,-9.698474884033203,hit_wordnet
13,3,job,13,task,-10.281157493591309,hit_wordnet
14,3,job,381,enterprise,-11.397089958190918,hit_wordnet
15,3,job,452,transaction,-11.841984748840332,hit_wordnet
16,6,simple text,208,arbitrary text,-5.881114959716797,hit_wordnet
17,6,simple text,517,entity,-7.902750015258789,hit_wordnet
18,6,simple text,781,group,-9.398153305053711,hit_wordnet
19,6,simple text,2052,whole,-9.968214988708496,hit_wordnet
20,6,simple text,111,message,-11.132862091064453,hit_wordnet
21,7,database,517,entity,-8.507389068603516,hit_wordnet
22,7,database,781,group,-10.57174301147461,hit_wordnet
23,7,database,326,list,-10.709622383117676,hit_wordnet
24,7,database,8,information,-11.233367919921875,hit_wordnet
25,7,database,2052,whole,-11.27724552154541,hit_wordnet
26,8,information,517,entity,-6.647558212280273,hit_wordnet
27,8,information,1376,content,-7.590335845947266,hit_wordnet
28,8,information,137,communication,-7.939723968505859,hit_wordnet
29,8,information,721,concept,-8.696466445922852,hit_wordnet
30,8,information,111,message,-8.729841232299805,hit_wordnet
31,9,sacct,781,group,-9.004114151000977,hit_wordnet
32,9,sacct,517,entity,-9.247888565063477,hit_wordnet
33,9,sacct,683,process,-10.688003540039062,hit_wordnet
34,9,sacct,2052,whole,-11.608616828918457,hit_wordnet
35,9,sacct,839,object,-12.697236061096191,hit_wordnet
36,10,resource,530,utility,-9.035499572753906,hit_wordnet
37,10,resource,517,entity,-10.11034870147705,hit_wordnet
38,10,resource,1376,content,-10.768447875976562,hit_wordnet
39,10,resource,552,organization,-10.949869155883789,hit_wordnet
40,10,resource,2052,whole,-11.462186813354492,hit_wordnet
41,11,individual,517,entity,-6.8877105712890625,hit_wordnet
42,11,individual,781,group,-7.928918838500977,hit_wordnet
43,11,individual,2052,whole,-12.336909294128418,hit_wordnet
44,11,individual,683,process,-14.143834114074707,hit_wordnet
45,12,load,490,amount,-11.439496994018555,hit_wordnet
46,12,load,2052,whole,-11.785883903503418,hit_wordnet
47,12,load,390,work,-11.842388153076172,hit_wordnet
48,12,load,517,entity,-11.916658401489258,hit_wordnet
49,12,load,781,group,-12.227782249450684,hit_wordnet
50,13,task,674,event,-7.785237789154053,hit_wordnet
51,13,task,170,action,-7.868404388427734,hit_wordnet
52,13,task,390,work,-8.279520034790039,hit_wordnet
53,13,task,137,communication,-9.079353332519531,hit_wordnet
54,13,task,1606,situation,-9.178146362304688,hit_wordnet
55,14,sstat,517,entity,-13.92835807800293,hit_wordnet
56,14,sstat,781,group,-14.579154014587402,hit_wordnet
57,14,sstat,484,unit,-15.311161994934082,hit_wordnet
58,14,sstat,11,individual,-15.416873931884766,hit_wordnet
59,14,sstat,1835,read lsf,-15.973299026489258,hit_wordnet
60,15,valuable,517,entity,-10.599824905395508,hit_wordnet
61,15,valuable,781,group,-12.237360954284668,hit_wordnet
62,15,valuable,664,sum,-12.539024353027344,hit_wordnet
63,15,valuable,907,share,-12.575020790100098,hit_wordnet
64,15,valuable,954,product,-12.653456687927246,hit_wordnet
65,16,imbalance,791,condition,-10.82177448272705,hit_wordnet
66,16,imbalance,1004,attribute,-10.863736152648926,hit_wordnet
67,16,imbalance,337,quality,-11.318632125854492,hit_wordnet
68,16,imbalance,490,amount,-11.539690971374512,hit_wordnet
69,16,imbalance,523,ability,-11.652009010314941,hit_wordnet
70,17,sreport,781,group,-9.788674354553223,hit_wordnet
71,17,sreport,517,entity,-10.40045166015625,hit_wordnet
72,17,sreport,2052,whole,-10.652863502502441,hit_wordnet
73,17,sreport,683,process,-12.061363220214844,hit_wordnet
74,17,sreport,493,site,-12.64323616027832,hit_wordnet
75,18,report,8,information,-8.624723434448242,hit_wordnet
76,18,report,517,entity,-8.681255340576172,hit_wordnet
77,18,report,1139,disclosure,-9.265499114990234,hit_wordnet
78,18,report,111,message,-10.189087867736816,hit_wordnet
79,18,report,1704,topic,-10.36298942565918,hit_wordnet
80,19,particular time,39,time,-6.413319110870361,hit_wordnet
81,19,particular time,517,entity,-10.16439151763916,hit_wordnet
82,19,particular time,781,group,-10.842766761779785,hit_wordnet
83,19,particular time,2052,whole,-11.619954109191895,hit_wordnet
84,19,particular time,653,interval,-12.124194145202637,hit_wordnet
85,20,distinct plugin,517,entity,-11.956094741821289,hit_wordnet
86,20,distinct plugin,781,group,-12.724690437316895,hit_wordnet
87,20,distinct plugin,23,plugin,-14.502811431884766,hit_wordnet
88,20,distinct plugin,866,program,-15.242616653442383,hit_wordnet
89,20,distinct plugin,1514,software application,-15.34638786315918,hit_wordnet
90,22,slurm configuration,683,process,-12.60740852355957,hit_wordnet
91,22,slurm configuration,781,group,-13.12315845489502,hit_wordnet
92,22,slurm configuration,517,entity,-13.667354583740234,hit_wordnet
93,22,slurm configuration,2052,whole,-14.514832496643066,hit_wordnet
94,22,slurm configuration,849,kind,-15.733154296875,hit_wordnet
95,23,plugin,517,entity,-9.904134750366211,hit_wordnet
96,23,plugin,781,group,-10.5585355758667,hit_wordnet
97,23,plugin,866,program,-12.031167984008789,hit_wordnet
98,23,plugin,683,process,-12.237241744995117,hit_wordnet
99,23,plugin,2052,whole,-12.72824764251709,hit_wordnet
100,24,accountingstoragetype,517,entity,-12.430845260620117,hit_wordnet
101,24,accountingstoragetype,1060,software,-13.174333572387695,hit_wordnet
102,24,accountingstoragetype,7,database,-13.681625366210938,hit_wordnet
103,24,accountingstoragetype,660,data,-14.548727035522461,hit_wordnet
104,24,accountingstoragetype,781,group,-14.61535358428955,hit_wordnet
105,25,detailed,517,entity,-11.320907592773438,hit_wordnet
106,25,detailed,18,report,-11.938335418701172,hit_wordnet
107,25,detailed,8,information,-12.79333782196045,hit_wordnet
108,25,detailed,781,group,-13.077414512634277,hit_wordnet
109,25,detailed,2052,whole,-13.7004976272583,hit_wordnet
110,26,job step,13,task,-10.503985404968262,hit_wordnet
111,26,job step,682,running,-10.837629318237305,hit_wordnet
112,26,job step,363,run,-11.432950973510742,hit_wordnet
113,26,job step,333,step,-11.438006401062012,hit_wordnet
114,26,job step,674,event,-11.976049423217773,hit_wordnet
115,27,text,6,simple text,-4.068803310394287,hit_wordnet
116,27,text,208,arbitrary text,-7.138096809387207,hit_wordnet
117,27,text,517,entity,-7.211431503295898,hit_wordnet
118,27,text,781,group,-9.261526107788086,hit_wordnet
119,27,text,2052,whole,-9.271811485290527,hit_wordnet
120,28,slurmdbd,517,entity,-12.773386001586914,hit_wordnet
121,28,slurmdbd,781,group,-13.092679023742676,hit_wordnet
122,28,slurmdbd,683,process,-14.499439239501953,hit_wordnet
123,28,slurmdbd,2052,whole,-16.113414764404297,hit_wordnet
124,28,slurmdbd,11,individual,-16.459123611450195,hit_wordnet
125,29,jobacctgathertype,517,entity,-11.49325942993164,hit_wordnet
126,29,jobacctgathertype,1060,software,-12.968856811523438,hit_wordnet
127,29,jobacctgathertype,781,group,-13.355071067810059,hit_wordnet
128,29,jobacctgathertype,866,program,-14.360322952270508,hit_wordnet
129,29,jobacctgathertype,1040,process information,-14.518533706665039,hit_wordnet
130,30,mechanism,683,process,-8.017263412475586,hit_wordnet
131,30,mechanism,517,entity,-8.27112102508545,hit_wordnet
132,30,mechanism,137,communication,-9.831029891967773,hit_wordnet
133,30,mechanism,839,object,-9.95862102508545,hit_wordnet
134,30,mechanism,781,group,-10.236307144165039,hit_wordnet
135,31,jobacct_gather,517,entity,-10.893054962158203,hit_wordnet
136,31,jobacct_gather,781,group,-11.639084815979004,hit_wordnet
137,31,jobacct_gather,683,process,-13.650211334228516,hit_wordnet
138,31,jobacct_gather,866,program,-14.187582015991211,hit_wordnet
139,31,jobacct_gather,11,individual,-14.804065704345703,hit_wordnet
140,32,linux,781,group,-11.893092155456543,hit_wordnet
141,32,linux,517,entity,-12.373714447021484,hit_wordnet
142,32,linux,552,organization,-14.979460716247559,hit_wordnet
143,32,linux,683,process,-15.160713195800781,hit_wordnet
144,32,linux,11,individual,-15.487298965454102,hit_wordnet
145,33,cgroup,781,group,-8.854155540466309,hit_wordnet
146,33,cgroup,517,entity,-10.37021255493164,hit_wordnet
147,33,cgroup,552,organization,-12.464879035949707,hit_wordnet
148,33,cgroup,786,complex,-12.959619522094727,hit_wordnet
149,33,cgroup,683,process,-14.159791946411133,hit_wordnet
150,34,jobcomptype,517,entity,-11.353744506835938,hit_wordnet
151,34,jobcomptype,721,concept,-11.762871742248535,hit_wordnet
152,34,jobcomptype,523,ability,-12.668627738952637,hit_wordnet
153,34,jobcomptype,1004,attribute,-12.830901145935059,hit_wordnet
154,34,jobcomptype,565,science,-13.339177131652832,hit_wordnet
155,35,job completion,40,completion,-12.238131523132324,hit_wordnet
156,35,job completion,13,task,-13.411696434020996,hit_wordnet
157,35,job completion,452,transaction,-13.974215507507324,hit_wordnet
158,35,job completion,674,event,-15.062448501586914,hit_wordnet
159,35,job completion,576,attempt,-15.10462474822998,hit_wordnet
160,37,user,11,individual,-4.032103061676025,hit_wordnet
161,37,user,1637,official,-6.079117298126221,hit_wordnet
162,37,user,749,member,-8.321256637573242,hit_wordnet
163,37,user,517,entity,-8.385160446166992,hit_wordnet
164,37,user,521,man,-8.990610122680664,hit_wordnet
165,38,node,781,group,-9.664299964904785,hit_wordnet
166,38,node,517,entity,-9.923776626586914,hit_wordnet
167,38,node,2052,whole,-10.469206809997559,hit_wordnet
168,38,node,683,process,-11.23859977722168,hit_wordnet
169,38,node,85,cluster,-11.26147747039795,hit_wordnet
170,39,time,517,entity,-9.857393264770508,hit_wordnet
171,39,time,2052,whole,-11.261068344116211,hit_wordnet
172,39,time,104,state,-11.413357734680176,hit_wordnet
173,39,time,781,group,-11.488107681274414,hit_wordnet
174,39,time,1376,content,-12.264863967895508,hit_wordnet
175,40,completion,622,change,-9.483315467834473,hit_wordnet
176,40,completion,921,result,-10.135881423950195,hit_wordnet
177,40,completion,170,action,-10.156575202941895,hit_wordnet
178,40,completion,13,task,-10.362367630004883,hit_wordnet
179,40,completion,835,placement,-10.719134330749512,hit_wordnet
180,41,exit,1829,exiting,-8.993087768554688,hit_wordnet
181,41,exit,1606,situation,-10.749265670776367,hit_wordnet
182,41,exit,2052,whole,-10.801043510437012,hit_wordnet
183,41,exit,485,beginning,-11.231863021850586,hit_wordnet
184,41,exit,517,entity,-11.330020904541016,hit_wordnet
185,42,preservation,791,condition,-8.708349227905273,hit_wordnet
186,42,preservation,104,state,-10.51188850402832,hit_wordnet
187,42,preservation,622,change,-10.51884651184082,hit_wordnet
188,42,preservation,683,process,-10.663036346435547,hit_wordnet
189,42,preservation,517,entity,-10.743257522583008,hit_wordnet
190,43,only basic job,3,job,-8.173282623291016,hit_wordnet
191,43,only basic job,1268,unique job,-8.742963790893555,hit_wordnet
192,43,only basic job,1359,easy job,-10.215304374694824,hit_wordnet
193,43,only basic job,1436,working,-11.485304832458496,hit_wordnet
194,43,only basic job,1282,find job,-11.741082191467285,hit_wordnet
195,44,minimal,11,individual,-11.443441390991211,hit_wordnet
196,44,minimal,484,unit,-11.927189826965332,hit_wordnet
197,44,minimal,781,group,-12.160355567932129,hit_wordnet
198,44,minimal,517,entity,-12.25845718383789,hit_wordnet
199,44,minimal,1637,official,-13.894299507141113,hit_wordnet
200,45,mysql,7,database,-9.561781883239746,hit_wordnet
201,45,mysql,517,entity,-11.02188491821289,hit_wordnet
202,45,mysql,503,certain database,-11.693535804748535,hit_wordnet
203,45,mysql,781,group,-11.762024879455566,hit_wordnet
204,45,mysql,1060,software,-12.950204849243164,hit_wordnet
205,46,mariadb,517,entity,-13.00436782836914,hit_wordnet
206,46,mariadb,781,group,-13.226943016052246,hit_wordnet
207,46,mariadb,11,individual,-15.182106018066406,hit_wordnet
208,46,mariadb,683,process,-16.937650680541992,hit_wordnet
209,46,mariadb,1498,relative,-17.019155502319336,hit_wordnet
210,48,appropriate,517,entity,-9.441936492919922,hit_wordnet
211,48,appropriate,1376,content,-11.31748104095459,hit_wordnet
212,48,appropriate,781,group,-11.501835823059082,hit_wordnet
213,48,appropriate,8,information,-11.640259742736816,hit_wordnet
214,48,appropriate,111,message,-11.8334379196167,hit_wordnet
215,49,jobcomp,517,entity,-12.325002670288086,hit_wordnet
216,49,jobcomp,781,group,-12.355347633361816,hit_wordnet
217,49,jobcomp,95,service,-12.728832244873047,hit_wordnet
218,49,jobcomp,3,job,-12.900999069213867,hit_wordnet
219,49,jobcomp,390,work,-13.220340728759766,hit_wordnet
220,50,filetxt,781,group,-11.279780387878418,hit_wordnet
221,50,filetxt,517,entity,-11.796585083007812,hit_wordnet
222,50,filetxt,683,process,-13.551355361938477,hit_wordnet
223,50,filetxt,513,tool,-13.625021934509277,hit_wordnet
224,50,filetxt,27,text,-14.120223999023438,hit_wordnet
225,51,pathname,517,entity,-13.208641052246094,hit_wordnet
226,51,pathname,781,group,-13.778162956237793,hit_wordnet
227,51,pathname,208,arbitrary text,-14.904745101928711,hit_wordnet
228,51,pathname,683,process,-15.357025146484375,hit_wordnet
229,51,pathname,2052,whole,-15.49765682220459,hit_wordnet
230,52,file,517,entity,-9.984786987304688,hit_wordnet
231,52,file,7,database,-10.989110946655273,hit_wordnet
232,52,file,1997,copy,-11.131793975830078,hit_wordnet
233,52,file,781,group,-11.507092475891113,hit_wordnet
234,52,file,2052,whole,-11.561230659484863,hit_wordnet
235,53,log,517,entity,-11.874017715454102,hit_wordnet
236,53,log,781,group,-13.07616138458252,hit_wordnet
237,53,log,18,report,-13.408365249633789,hit_wordnet
238,53,log,484,unit,-13.948071479797363,hit_wordnet
239,53,log,7,database,-14.091497421264648,hit_wordnet
240,54,job_completion,517,entity,-13.31446647644043,hit_wordnet
241,54,job_completion,452,transaction,-13.903796195983887,hit_wordnet
242,54,job_completion,13,task,-14.540223121643066,hit_wordnet
243,54,job_completion,18,report,-14.631113052368164,hit_wordnet
244,54,job_completion,781,group,-14.81301212310791,hit_wordnet
245,55,similar,517,entity,-7.963109970092773,hit_wordnet
246,55,similar,721,concept,-9.911408424377441,hit_wordnet
247,55,similar,849,kind,-10.007111549377441,hit_wordnet
248,55,similar,781,group,-10.171935081481934,hit_wordnet
249,55,similar,1004,attribute,-11.885948181152344,hit_wordnet
250,57,sigusr2,517,entity,-14.201810836791992,hit_wordnet
251,57,sigusr2,781,group,-14.513909339904785,hit_wordnet
252,57,sigusr2,683,process,-16.398622512817383,hit_wordnet
253,57,sigusr2,786,complex,-17.42241859436035,hit_wordnet
254,57,sigusr2,11,individual,-17.55904769897461,hit_wordnet
255,58,slurmctld,781,group,-10.292037010192871,hit_wordnet
256,58,slurmctld,517,entity,-11.472074508666992,hit_wordnet
257,58,slurmctld,11,individual,-14.148752212524414,hit_wordnet
258,58,slurmctld,2052,whole,-14.44482135772705,hit_wordnet
259,58,slurmctld,683,process,-14.730672836303711,hit_wordnet
260,59,new log,53,log,-8.788591384887695,hit_wordnet
261,59,new log,517,entity,-13.653205871582031,hit_wordnet
262,59,new log,781,group,-14.525172233581543,hit_wordnet
263,59,new log,1028,daemon log,-15.34827709197998,hit_wordnet
264,59,new log,2052,whole,-15.978598594665527,hit_wordnet
265,60,datum,517,entity,-6.826299667358398,hit_wordnet
266,60,datum,2052,whole,-8.312618255615234,hit_wordnet
267,60,datum,781,group,-8.777854919433594,hit_wordnet
268,60,datum,683,process,-10.423563003540039,hit_wordnet
269,60,datum,839,object,-10.783215522766113,hit_wordnet
270,61,availability,337,quality,-10.294958114624023,hit_wordnet
271,61,availability,791,condition,-10.45707893371582,hit_wordnet
272,61,availability,523,ability,-10.502644538879395,hit_wordnet
273,61,availability,1004,attribute,-10.527196884155273,hit_wordnet
274,61,availability,139,purpose,-12.062933921813965,hit_wordnet
275,62,password,517,entity,-11.276788711547852,hit_wordnet
276,62,password,781,group,-12.91210651397705,hit_wordnet
277,62,password,2052,whole,-14.08672046661377,hit_wordnet
278,62,password,839,object,-14.26665210723877,hit_wordnet
279,62,password,484,unit,-14.344523429870605,hit_wordnet
280,63,slurm control,785,control,-13.118221282958984,hit_wordnet
281,63,slurm control,30,mechanism,-13.879318237304688,hit_wordnet
282,63,slurm control,683,process,-14.163667678833008,hit_wordnet
283,63,slurm control,517,entity,-14.719585418701172,hit_wordnet
284,63,slurm control,992,operation,-14.80069351196289,hit_wordnet
285,68,intermediate,517,entity,-9.902603149414062,hit_wordnet
286,68,intermediate,781,group,-9.955292701721191,hit_wordnet
287,68,intermediate,11,individual,-10.496326446533203,hit_wordnet
288,68,intermediate,484,unit,-11.428763389587402,hit_wordnet
289,68,intermediate,749,member,-12.730062484741211,hit_wordnet
290,69,well,517,entity,-10.054376602172852,hit_wordnet
291,69,well,2052,whole,-10.06331729888916,hit_wordnet
292,69,well,141,machine,-10.546860694885254,hit_wordnet
293,69,well,781,group,-10.615607261657715,hit_wordnet
294,69,well,513,tool,-10.992768287658691,hit_wordnet
295,70,performance,13,task,-7.84473991394043,hit_wordnet
296,70,performance,674,event,-8.060848236083984,hit_wordnet
297,70,performance,170,action,-8.255032539367676,hit_wordnet
298,70,performance,1606,situation,-9.199472427368164,hit_wordnet
299,70,performance,137,communication,-9.275971412658691,hit_wordnet
300,71,slurm database,7,database,-10.752592086791992,hit_wordnet
301,71,slurm database,503,certain database,-12.047504425048828,hit_wordnet
302,71,slurm database,517,entity,-13.214832305908203,hit_wordnet
303,71,slurm database,781,group,-14.49301815032959,hit_wordnet
304,71,slurm database,660,data,-15.671552658081055,hit_wordnet
305,72,such,517,entity,-8.841958999633789,hit_wordnet
306,72,such,781,group,-10.8881196975708,hit_wordnet
307,72,such,2052,whole,-11.09765911102295,hit_wordnet
308,72,such,839,object,-12.059992790222168,hit_wordnet
309,72,such,849,kind,-12.314170837402344,hit_wordnet
310,73,configuration,223,system,-8.072545051574707,hit_wordnet
311,73,configuration,835,placement,-8.987323760986328,hit_wordnet
312,73,configuration,552,organization,-9.452202796936035,hit_wordnet
313,73,configuration,721,concept,-9.583148956298828,hit_wordnet
314,73,configuration,517,entity,-9.808736801147461,hit_wordnet
315,75,authentication,1662,identification,-12.274487495422363,hit_wordnet
316,75,authentication,1139,disclosure,-12.641484260559082,hit_wordnet
317,75,authentication,517,entity,-12.916297912597656,hit_wordnet
318,75,authentication,8,information,-13.11388111114502,hit_wordnet
319,75,authentication,452,transaction,-14.044899940490723,hit_wordnet
320,78,other slurm,623,appropriate slurm,-10.21230411529541,hit_wordnet
321,78,other slurm,1,slurm,-10.62439250946045,hit_wordnet
322,78,other slurm,517,entity,-14.319223403930664,hit_wordnet
323,78,other slurm,683,process,-14.346555709838867,hit_wordnet
324,78,other slurm,781,group,-14.781975746154785,hit_wordnet
325,79,daemon,11,individual,-7.766046524047852,hit_wordnet
326,79,daemon,517,entity,-7.947532653808594,hit_wordnet
327,79,daemon,781,group,-8.688164710998535,hit_wordnet
328,79,daemon,1498,relative,-10.525344848632812,hit_wordnet
329,79,daemon,521,man,-11.097945213317871,hit_wordnet
330,80,host,11,individual,-7.5291547775268555,hit_wordnet
331,80,host,1637,official,-8.157500267028809,hit_wordnet
332,80,host,517,entity,-8.551050186157227,hit_wordnet
333,80,host,781,group,-9.130518913269043,hit_wordnet
334,80,host,749,member,-9.584028244018555,hit_wordnet
335,82,server,120,computer,-10.666903495788574,hit_wordnet
336,82,server,517,entity,-10.75880241394043,hit_wordnet
337,82,server,11,individual,-11.10464096069336,hit_wordnet
338,82,server,141,machine,-11.185830116271973,hit_wordnet
339,82,server,781,group,-11.57482624053955,hit_wordnet
340,85,cluster,781,group,-5.906761169433594,hit_wordnet
341,85,cluster,517,entity,-7.8134565353393555,hit_wordnet
342,85,cluster,2052,whole,-8.179216384887695,hit_wordnet
343,85,cluster,683,process,-9.251448631286621,hit_wordnet
344,85,cluster,849,kind,-10.713116645812988,hit_wordnet
345,86,sacctmgr list,517,entity,-12.720834732055664,hit_wordnet
346,86,sacctmgr list,781,group,-13.114289283752441,hit_wordnet
347,86,sacctmgr list,326,list,-15.843942642211914,hit_wordnet
348,86,sacctmgr list,11,individual,-16.173707962036133,hit_wordnet
349,86,sacctmgr list,7,database,-16.784440994262695,hit_wordnet
350,87,snowflake,517,entity,-12.553791046142578,hit_wordnet
351,87,snowflake,683,process,-12.904064178466797,hit_wordnet
352,87,snowflake,781,group,-13.404541969299316,hit_wordnet
353,87,snowflake,2052,whole,-14.076695442199707,hit_wordnet
354,87,snowflake,513,tool,-14.136908531188965,hit_wordnet
355,89,failure,791,condition,-10.5315523147583,hit_wordnet
356,89,failure,170,action,-10.64546012878418,hit_wordnet
357,89,failure,1606,situation,-10.85617446899414,hit_wordnet
358,89,failure,731,behavior,-11.043493270874023,hit_wordnet
359,89,failure,517,entity,-11.305244445800781,hit_wordnet
360,90,switch,513,tool,-6.9880876541137695,hit_wordnet
361,90,switch,141,machine,-8.756647109985352,hit_wordnet
362,90,switch,781,group,-9.492867469787598,hit_wordnet
363,90,switch,517,entity,-10.090084075927734,hit_wordnet
364,90,switch,839,object,-10.569962501525879,hit_wordnet
365,91,new,781,group,-8.886406898498535,hit_wordnet
366,91,new,517,entity,-9.092288970947266,hit_wordnet
367,91,new,11,individual,-10.470403671264648,hit_wordnet
368,91,new,525,party,-12.204245567321777,hit_wordnet
369,91,new,1498,relative,-12.579204559326172,hit_wordnet
370,92,same,517,entity,-8.940583229064941,hit_wordnet
371,92,same,1004,attribute,-10.847723007202148,hit_wordnet
372,92,same,781,group,-10.864501953125,hit_wordnet
373,92,same,104,state,-11.264673233032227,hit_wordnet
374,92,same,2052,whole,-11.326148986816406,hit_wordnet
375,93,unexpected,1606,situation,-10.795740127563477,hit_wordnet
376,93,unexpected,517,entity,-11.030351638793945,hit_wordnet
377,93,unexpected,111,message,-11.605082511901855,hit_wordnet
378,93,unexpected,89,failure,-12.059325218200684,hit_wordnet
379,93,unexpected,731,behavior,-12.344484329223633,hit_wordnet
380,94,internal,517,entity,-8.493122100830078,hit_wordnet
381,94,internal,2052,whole,-8.749364852905273,hit_wordnet
382,94,internal,781,group,-9.201687812805176,hit_wordnet
383,94,internal,683,process,-10.238229751586914,hit_wordnet
384,94,internal,552,organization,-12.066086769104004,hit_wordnet
385,95,service,381,enterprise,-10.286137580871582,hit_wordnet
386,95,service,517,entity,-10.58896255493164,hit_wordnet
387,95,service,13,task,-10.605565071105957,hit_wordnet
388,95,service,781,group,-10.669037818908691,hit_wordnet
389,95,service,552,organization,-10.923398971557617,hit_wordnet
390,96,cached,101,cache,-11.621207237243652,hit_wordnet
391,96,cached,517,entity,-11.640130996704102,hit_wordnet
392,96,cached,781,group,-13.029877662658691,hit_wordnet
393,96,cached,2052,whole,-13.59899616241455,hit_wordnet
394,96,cached,1997,copy,-14.25799560546875,hit_wordnet
395,97,local,781,group,-9.28168773651123,hit_wordnet
396,97,local,517,entity,-11.067554473876953,hit_wordnet
397,97,local,11,individual,-11.628681182861328,hit_wordnet
398,97,local,525,party,-12.077181816101074,hit_wordnet
399,97,local,1637,official,-12.250494956970215,hit_wordnet
400,98,shutdown,517,entity,-14.789430618286133,hit_wordnet
401,98,shutdown,683,process,-15.019367218017578,hit_wordnet
402,98,shutdown,781,group,-15.395127296447754,hit_wordnet
403,98,shutdown,2052,whole,-16.348308563232422,hit_wordnet
404,98,shutdown,674,event,-16.38787078857422,hit_wordnet
405,99,startup,517,entity,-9.417276382446289,hit_wordnet
406,99,startup,781,group,-9.889849662780762,hit_wordnet
407,99,startup,552,organization,-10.14687442779541,hit_wordnet
408,99,startup,2052,whole,-10.897788047790527,hit_wordnet
409,99,startup,1458,starting,-11.310362815856934,hit_wordnet
410,101,cache,517,entity,-11.276836395263672,hit_wordnet
411,101,cache,2052,whole,-12.401686668395996,hit_wordnet
412,101,cache,781,group,-12.700837135314941,hit_wordnet
413,101,cache,839,object,-13.410948753356934,hit_wordnet
414,101,cache,7,database,-13.529598236083984,hit_wordnet
415,102,valid bank,586,different bank,-11.283051490783691,hit_wordnet
416,102,valid bank,517,entity,-11.966012954711914,hit_wordnet
417,102,valid bank,781,group,-12.558236122131348,hit_wordnet
418,102,valid bank,552,organization,-13.425633430480957,hit_wordnet
419,102,valid bank,484,unit,-13.802014350891113,hit_wordnet
420,104,state,517,entity,-6.557429313659668,hit_wordnet
421,104,state,2052,whole,-7.931699752807617,hit_wordnet
422,104,state,1004,attribute,-8.168787956237793,hit_wordnet
423,104,state,849,kind,-8.239897727966309,hit_wordnet
424,104,state,781,group,-8.370391845703125,hit_wordnet
425,105,last,517,entity,-9.658306121826172,hit_wordnet
426,105,last,781,group,-9.695590019226074,hit_wordnet
427,105,last,2052,whole,-10.018952369689941,hit_wordnet
428,105,last,644,part,-11.03535270690918,hit_wordnet
429,105,last,485,beginning,-11.058086395263672,hit_wordnet
430,106,critical,517,entity,-11.9102783203125,hit_wordnet
431,106,critical,11,individual,-13.619882583618164,hit_wordnet
432,106,critical,781,group,-13.75917911529541,hit_wordnet
433,106,critical,484,unit,-14.078783988952637,hit_wordnet
434,106,critical,111,message,-14.384476661682129,hit_wordnet
435,107,step accounting,2,accounting,-7.985684394836426,hit_wordnet
436,107,step accounting,415,job accounting,-8.375149726867676,hit_wordnet
437,107,step accounting,1026,batch accounting,-9.078180313110352,hit_wordnet
438,107,step accounting,517,entity,-14.846395492553711,hit_wordnet
439,107,step accounting,836,calculation,-15.476533889770508,hit_wordnet
440,108,number,484,unit,-8.030083656311035,hit_wordnet
441,108,number,517,entity,-8.118109703063965,hit_wordnet
442,108,number,490,amount,-9.135412216186523,hit_wordnet
443,108,number,2052,whole,-9.55276107788086,hit_wordnet
444,108,number,1376,content,-10.035009384155273,hit_wordnet
445,109,record,517,entity,-9.615047454833984,hit_wordnet
446,109,record,8,information,-9.7778902053833,hit_wordnet
447,109,record,18,report,-10.099940299987793,hit_wordnet
448,109,record,326,list,-10.299708366394043,hit_wordnet
449,109,record,425,info,-11.215604782104492,hit_wordnet
450,110,maximum queue,781,group,-11.70251750946045,hit_wordnet
451,110,maximum queue,517,entity,-12.557035446166992,hit_wordnet
452,110,maximum queue,484,unit,-13.205946922302246,hit_wordnet
453,110,maximum queue,2052,whole,-13.627129554748535,hit_wordnet
454,110,maximum queue,552,organization,-14.293530464172363,hit_wordnet
455,111,message,137,communication,-6.412713050842285,hit_wordnet
456,111,message,517,entity,-6.712203025817871,hit_wordnet
457,111,message,781,group,-8.990787506103516,hit_wordnet
458,111,message,1376,content,-9.024388313293457,hit_wordnet
459,111,message,2052,whole,-9.0977144241333,hit_wordnet
460,112,infrastructure,552,organization,-9.609101295471191,hit_wordnet
461,112,infrastructure,223,system,-10.448905944824219,hit_wordnet
462,112,infrastructure,185,network,-10.95362663269043,hit_wordnet
463,112,infrastructure,1355,facility,-11.151328086853027,hit_wordnet
464,112,infrastructure,781,group,-11.408604621887207,hit_wordnet
465,113,multiple,517,entity,-7.932155609130859,hit_wordnet
466,113,multiple,781,group,-8.407652854919434,hit_wordnet
467,113,multiple,264,set,-9.890602111816406,hit_wordnet
468,113,multiple,11,individual,-10.15542984008789,hit_wordnet
469,113,multiple,484,unit,-10.42858600616455,hit_wordnet
470,114,single,517,entity,-11.059829711914062,hit_wordnet
471,114,single,781,group,-11.22710132598877,hit_wordnet
472,114,single,11,individual,-11.826591491699219,hit_wordnet
473,114,single,2052,whole,-12.938241004943848,hit_wordnet
474,114,single,484,unit,-13.165152549743652,hit_wordnet
475,115,constraint,30,mechanism,-10.700383186340332,hit_wordnet
476,115,constraint,517,entity,-10.781496047973633,hit_wordnet
477,115,constraint,2052,whole,-10.870275497436523,hit_wordnet
478,115,constraint,1606,situation,-11.147603034973145,hit_wordnet
479,115,constraint,450,support,-11.28958511352539,hit_wordnet
480,120,computer,866,program,-9.89232063293457,hit_wordnet
481,120,computer,517,entity,-10.267162322998047,hit_wordnet
482,120,computer,1060,software,-10.750945091247559,hit_wordnet
483,120,computer,1514,software application,-10.933013916015625,hit_wordnet
484,120,computer,141,machine,-10.953215599060059,hit_wordnet
485,121,user id,1493,id,-10.441746711730957,hit_wordnet
486,121,user id,517,entity,-11.200481414794922,hit_wordnet
487,121,user id,781,group,-13.151644706726074,hit_wordnet
488,121,user id,11,individual,-13.934284210205078,hit_wordnet
489,121,user id,1662,identification,-14.683792114257812,hit_wordnet
490,122,slurmuser,11,individual,-11.229843139648438,hit_wordnet
491,122,slurmuser,517,entity,-12.885641098022461,hit_wordnet
492,122,slurmuser,781,group,-13.107468605041504,hit_wordnet
493,122,slurmuser,513,tool,-13.216233253479004,hit_wordnet
494,122,slurmuser,521,man,-13.359334945678711,hit_wordnet
495,124,administrator,1637,official,-8.723518371582031,hit_wordnet
496,124,administrator,11,individual,-10.070594787597656,hit_wordnet
497,124,administrator,1225,owner,-10.811019897460938,hit_wordnet
498,124,administrator,163,admin,-11.0926513671875,hit_wordnet
499,124,administrator,37,user,-11.402579307556152,hit_wordnet
500,126,limit,2052,whole,-9.433784484863281,hit_wordnet
501,126,limit,490,amount,-9.770024299621582,hit_wordnet
502,126,limit,1004,attribute,-10.310661315917969,hit_wordnet
503,126,limit,517,entity,-10.338083267211914,hit_wordnet
504,126,limit,683,process,-10.997446060180664,hit_wordnet
505,127,consistent,517,entity,-12.004684448242188,hit_wordnet
506,127,consistent,1642,fact,-12.211874008178711,hit_wordnet
507,127,consistent,1004,attribute,-12.315085411071777,hit_wordnet
508,127,consistent,8,information,-12.347001075744629,hit_wordnet
509,127,consistent,721,concept,-12.72966480255127,hit_wordnet
510,128,access,422,permission,-9.825343132019043,hit_wordnet
511,128,access,517,entity,-10.656269073486328,hit_wordnet
512,128,access,2052,whole,-11.204352378845215,hit_wordnet
513,128,access,552,organization,-11.262964248657227,hit_wordnet
514,128,access,1355,facility,-11.421012878417969,hit_wordnet
515,129,default,791,condition,-10.148774147033691,hit_wordnet
516,129,default,1004,attribute,-10.641829490661621,hit_wordnet
517,129,default,517,entity,-10.866451263427734,hit_wordnet
518,129,default,104,state,-10.99944019317627,hit_wordnet
519,129,default,523,ability,-11.331522941589355,hit_wordnet
520,130,lowercase,134,uppercase,-7.163200855255127,hit_wordnet
521,130,lowercase,6,simple text,-12.973844528198242,hit_wordnet
522,130,lowercase,517,entity,-13.322940826416016,hit_wordnet
523,130,lowercase,208,arbitrary text,-13.833963394165039,hit_wordnet
524,130,lowercase,27,text,-13.843181610107422,hit_wordnet
525,131,parameter,108,number,-10.130274772644043,hit_wordnet
526,131,parameter,1292,stat,-10.800464630126953,hit_wordnet
527,131,parameter,640,statistic,-10.844620704650879,hit_wordnet
528,131,parameter,1876,function,-11.754679679870605,hit_wordnet
529,131,parameter,490,amount,-11.816906929016113,hit_wordnet
530,132,slurmdbd.conf,517,entity,-12.274415969848633,hit_wordnet
531,132,slurmdbd.conf,781,group,-12.770520210266113,hit_wordnet
532,132,slurmdbd.conf,683,process,-14.767784118652344,hit_wordnet
533,132,slurmdbd.conf,2052,whole,-15.56042194366455,hit_wordnet
534,132,slurmdbd.conf,839,object,-16.069000244140625,hit_wordnet
535,133,username,517,entity,-10.577932357788086,hit_wordnet
536,133,username,1670,name,-12.169899940490723,hit_wordnet
537,133,username,781,group,-13.154480934143066,hit_wordnet
538,133,username,1498,relative,-13.282560348510742,hit_wordnet
539,133,username,11,individual,-13.722658157348633,hit_wordnet
540,134,uppercase,517,entity,-12.553468704223633,hit_wordnet
541,134,uppercase,6,simple text,-12.921520233154297,hit_wordnet
542,134,uppercase,208,arbitrary text,-13.498689651489258,hit_wordnet
543,134,uppercase,781,group,-13.51349925994873,hit_wordnet
544,134,uppercase,27,text,-13.79214859008789,hit_wordnet
545,135,good,337,quality,-8.420943260192871,hit_wordnet
546,135,good,1817,bad,-8.747469902038574,hit_wordnet
547,135,good,523,ability,-9.09636116027832,hit_wordnet
548,135,good,1004,attribute,-9.271484375,hit_wordnet
549,135,good,490,amount,-9.68720817565918,hit_wordnet
550,136,security,422,permission,-9.458126068115234,hit_wordnet
551,136,security,517,entity,-10.791271209716797,hit_wordnet
552,136,security,349,policy,-11.01699161529541,hit_wordnet
553,136,security,781,group,-11.725728034973145,hit_wordnet
554,136,security,530,utility,-11.835501670837402,hit_wordnet
555,137,communication,517,entity,-7.9893598556518555,hit_wordnet
556,137,communication,721,concept,-9.358951568603516,hit_wordnet
557,137,communication,1376,content,-9.969736099243164,hit_wordnet
558,137,communication,781,group,-10.429769515991211,hit_wordnet
559,137,communication,683,process,-10.433573722839355,hit_wordnet
560,138,munge,513,tool,-11.646466255187988,hit_wordnet
561,138,munge,2032,thread,-11.801816940307617,hit_wordnet
562,138,munge,683,process,-11.938837051391602,hit_wordnet
563,138,munge,517,entity,-12.440973281860352,hit_wordnet
564,138,munge,2052,whole,-12.486515998840332,hit_wordnet
565,139,purpose,523,ability,-8.243902206420898,hit_wordnet
566,139,purpose,721,concept,-8.510189056396484,hit_wordnet
567,139,purpose,1004,attribute,-8.616761207580566,hit_wordnet
568,139,purpose,337,quality,-9.094053268432617,hit_wordnet
569,139,purpose,1376,content,-9.102716445922852,hit_wordnet
570,140,normal munge,379,second munge,-10.887517929077148,hit_wordnet
571,140,normal munge,359,default munge,-11.316173553466797,hit_wordnet
572,140,normal munge,143,single munge,-12.473873138427734,hit_wordnet
573,140,normal munge,138,munge,-14.943835258483887,hit_wordnet
574,140,normal munge,683,process,-15.115926742553711,hit_wordnet
575,141,machine,513,tool,-6.448978900909424,hit_wordnet
576,141,machine,517,entity,-8.708318710327148,hit_wordnet
577,141,machine,781,group,-8.72845458984375,hit_wordnet
578,141,machine,11,individual,-8.928359985351562,hit_wordnet
579,141,machine,839,object,-10.148432731628418,hit_wordnet
580,142,choice,517,entity,-8.009182929992676,hit_wordnet
581,142,choice,170,action,-8.36557674407959,hit_wordnet
582,142,choice,921,result,-8.935102462768555,hit_wordnet
583,142,choice,576,attempt,-8.9373197555542,hit_wordnet
584,142,choice,523,ability,-9.221002578735352,hit_wordnet
585,143,single munge,379,second munge,-10.29294490814209,hit_wordnet
586,143,single munge,359,default munge,-10.662508010864258,hit_wordnet
587,143,single munge,513,tool,-14.655341148376465,hit_wordnet
588,143,single munge,781,group,-15.21127986907959,hit_wordnet
589,143,single munge,517,entity,-15.45081901550293,hit_wordnet
590,144,unique,517,entity,-9.272987365722656,hit_wordnet
591,144,unique,781,group,-11.1183443069458,hit_wordnet
592,144,unique,721,concept,-12.913668632507324,hit_wordnet
593,144,unique,849,kind,-12.97269058227539,hit_wordnet
594,144,unique,839,object,-13.175881385803223,hit_wordnet
595,145,second,517,entity,-10.814403533935547,hit_wordnet
596,145,second,11,individual,-10.894708633422852,hit_wordnet
597,145,second,781,group,-11.455477714538574,hit_wordnet
598,145,second,484,unit,-11.670292854309082,hit_wordnet
599,145,second,1498,relative,-13.134641647338867,hit_wordnet
600,147,key,517,entity,-11.449636459350586,hit_wordnet
601,147,key,781,group,-11.992447853088379,hit_wordnet
602,147,key,2052,whole,-13.47387981414795,hit_wordnet
603,147,key,839,object,-13.581770896911621,hit_wordnet
604,147,key,513,tool,-13.907443046569824,hit_wordnet
605,148,single configuration,319,separate configuration,-4.984329700469971,hit_wordnet
606,148,single configuration,730,several configuration,-5.672755718231201,hit_wordnet
607,148,single configuration,374,own configuration,-7.091001033782959,hit_wordnet
608,148,single configuration,1883,same configuration,-7.193889617919922,hit_wordnet
609,148,single configuration,479,relevant configuration,-7.5939741134643555,hit_wordnet
610,149,different,517,entity,-8.346963882446289,hit_wordnet
611,149,different,721,concept,-9.261404991149902,hit_wordnet
612,149,different,849,kind,-9.699954986572266,hit_wordnet
613,149,different,1376,content,-10.090210914611816,hit_wordnet
614,149,different,1004,attribute,-10.343171119689941,hit_wordnet
615,154,proper,517,entity,-9.135406494140625,hit_wordnet
616,154,proper,781,group,-9.5200834274292,hit_wordnet
617,154,proper,2052,whole,-11.401373863220215,hit_wordnet
618,154,proper,11,individual,-11.697301864624023,hit_wordnet
619,154,proper,484,unit,-12.145756721496582,hit_wordnet
620,155,option,517,entity,-8.839410781860352,hit_wordnet
621,155,option,921,result,-9.1229887008667,hit_wordnet
622,155,option,142,choice,-9.741792678833008,hit_wordnet
623,155,option,111,message,-9.759913444519043,hit_wordnet
624,155,option,1816,request,-9.926021575927734,hit_wordnet
625,156,distinct local domain,157,local domain,-6.158095836639404,hit_wordnet
626,156,distinct local domain,517,entity,-10.936578750610352,hit_wordnet
627,156,distinct local domain,198,location,-11.317684173583984,hit_wordnet
628,156,distinct local domain,781,group,-11.521912574768066,hit_wordnet
629,156,distinct local domain,2052,whole,-12.4313383102417,hit_wordnet
630,157,local domain,517,entity,-9.176474571228027,hit_wordnet
631,157,local domain,198,location,-9.540678977966309,hit_wordnet
632,157,local domain,781,group,-9.7802095413208,hit_wordnet
633,157,local domain,493,site,-10.411593437194824,hit_wordnet
634,157,local domain,552,organization,-11.025792121887207,hit_wordnet
635,158,slurmdbd configuration,781,group,-12.137690544128418,hit_wordnet
636,158,slurmdbd configuration,517,entity,-12.498100280761719,hit_wordnet
637,158,slurmdbd configuration,223,system,-13.160614967346191,hit_wordnet
638,158,slurmdbd configuration,683,process,-13.648490905761719,hit_wordnet
639,158,slurmdbd configuration,30,mechanism,-14.53609848022461,hit_wordnet
640,159,slurm.conf,517,entity,-13.105916976928711,hit_wordnet
641,159,slurm.conf,781,group,-13.34277629852295,hit_wordnet
642,159,slurm.conf,513,tool,-14.391968727111816,hit_wordnet
643,159,slurm.conf,683,process,-14.833660125732422,hit_wordnet
644,159,slurm.conf,2052,whole,-15.415030479431152,hit_wordnet
645,160,more,490,amount,-7.552678108215332,hit_wordnet
646,160,more,664,sum,-10.179763793945312,hit_wordnet
647,160,more,517,entity,-10.583518981933594,hit_wordnet
648,160,more,2052,whole,-10.585010528564453,hit_wordnet
649,160,more,1376,content,-10.988585472106934,hit_wordnet
650,162,uid,781,group,-12.060996055603027,hit_wordnet
651,162,uid,517,entity,-12.34292984008789,hit_wordnet
652,162,uid,1871,letter,-14.330204010009766,hit_wordnet
653,162,uid,11,individual,-14.875473022460938,hit_wordnet
654,162,uid,484,unit,-15.162493705749512,hit_wordnet
655,163,admin,1637,official,-9.608366012573242,hit_wordnet
656,163,admin,517,entity,-10.873397827148438,hit_wordnet
657,163,admin,11,individual,-11.037925720214844,hit_wordnet
658,163,admin,781,group,-11.62897777557373,hit_wordnet
659,163,admin,1225,owner,-12.908527374267578,hit_wordnet
660,164,same i,517,entity,-12.051191329956055,hit_wordnet
661,164,same i,108,number,-13.602275848388672,hit_wordnet
662,164,same i,781,group,-13.610468864440918,hit_wordnet
663,164,same i,6,simple text,-14.056285858154297,hit_wordnet
664,164,same i,208,arbitrary text,-14.453210830688477,hit_wordnet
665,165,case,517,entity,-6.832425117492676,hit_wordnet
666,165,case,2052,whole,-8.040283203125,hit_wordnet
667,165,case,839,object,-8.22339153289795,hit_wordnet
668,165,case,781,group,-8.517839431762695,hit_wordnet
669,165,case,1704,topic,-9.573994636535645,hit_wordnet
670,166,combination,212,creation,-7.887312889099121,hit_wordnet
671,166,combination,517,entity,-8.181743621826172,hit_wordnet
672,166,combination,683,process,-8.414693832397461,hit_wordnet
673,166,combination,835,placement,-8.820486068725586,hit_wordnet
674,166,combination,721,concept,-8.886923789978027,hit_wordnet
675,167,passwd,11,individual,-11.896106719970703,hit_wordnet
676,167,passwd,781,group,-12.525874137878418,hit_wordnet
677,167,passwd,1637,official,-13.018769264221191,hit_wordnet
678,167,passwd,517,entity,-13.953031539916992,hit_wordnet
679,167,passwd,749,member,-14.252010345458984,hit_wordnet
680,169,dbd,781,group,-12.801617622375488,hit_wordnet
681,169,dbd,517,entity,-13.006185531616211,hit_wordnet
682,169,dbd,11,individual,-15.132303237915039,hit_wordnet
683,169,dbd,683,process,-15.398082733154297,hit_wordnet
684,169,dbd,1871,letter,-15.526172637939453,hit_wordnet
685,170,action,137,communication,-8.313657760620117,hit_wordnet
686,170,action,517,entity,-8.74370288848877,hit_wordnet
687,170,action,1606,situation,-8.867003440856934,hit_wordnet
688,170,action,674,event,-9.041252136230469,hit_wordnet
689,170,action,683,process,-9.40558910369873,hit_wordnet
690,171,operator,11,individual,-6.190528869628906,hit_wordnet
691,171,operator,37,user,-6.731788158416748,hit_wordnet
692,171,operator,1637,official,-6.901573181152344,hit_wordnet
693,171,operator,517,entity,-8.823468208312988,hit_wordnet
694,171,operator,141,machine,-9.507370948791504,hit_wordnet
695,174,ldap,781,group,-11.401240348815918,hit_wordnet
696,174,ldap,517,entity,-11.586605072021484,hit_wordnet
697,174,ldap,11,individual,-14.576038360595703,hit_wordnet
698,174,ldap,484,unit,-14.89453411102295,hit_wordnet
699,174,ldap,683,process,-15.171905517578125,hit_wordnet
700,175,storage backup,176,backup,-8.47654914855957,hit_wordnet
701,175,storage backup,517,entity,-14.050556182861328,hit_wordnet
702,175,storage backup,315,storage,-14.191120147705078,hit_wordnet
703,175,storage backup,444,database storage,-14.710941314697266,hit_wordnet
704,175,storage backup,191,accounting storage,-14.819290161132812,hit_wordnet
705,176,backup,517,entity,-11.803323745727539,hit_wordnet
706,176,backup,315,storage,-11.95185375213623,hit_wordnet
707,176,backup,452,transaction,-12.342177391052246,hit_wordnet
708,176,backup,1139,disclosure,-13.046677589416504,hit_wordnet
709,176,backup,13,task,-13.250472068786621,hit_wordnet
710,177,accountingstoragebackuphost,11,individual,-11.974388122558594,hit_wordnet
711,177,accountingstoragebackuphost,517,entity,-11.997400283813477,hit_wordnet
712,177,accountingstoragebackuphost,1637,official,-12.31084156036377,hit_wordnet
713,177,accountingstoragebackuphost,781,group,-12.651349067687988,hit_wordnet
714,177,accountingstoragebackuphost,37,user,-13.339723587036133,hit_wordnet
715,180,primary,11,individual,-8.492185592651367,hit_wordnet
716,180,primary,781,group,-10.158833503723145,hit_wordnet
717,180,primary,517,entity,-10.268854141235352,hit_wordnet
718,180,primary,1637,official,-10.884634971618652,hit_wordnet
719,180,primary,749,member,-10.968582153320312,hit_wordnet
720,181,instance,517,entity,-4.885918617248535,hit_wordnet
721,181,instance,839,object,-8.148829460144043,hit_wordnet
722,181,instance,2052,whole,-8.929305076599121,hit_wordnet
723,181,instance,721,concept,-9.00853443145752,hit_wordnet
724,181,instance,781,group,-9.09909725189209,hit_wordnet
725,184,gid,781,group,-11.153103828430176,hit_wordnet
726,184,gid,517,entity,-12.542274475097656,hit_wordnet
727,184,gid,1871,letter,-14.511125564575195,hit_wordnet
728,184,gid,11,individual,-14.714698791503906,hit_wordnet
729,184,gid,2052,whole,-15.039690971374512,hit_wordnet
730,185,network,223,system,-7.995655059814453,hit_wordnet
731,185,network,552,organization,-8.307957649230957,hit_wordnet
732,185,network,781,group,-8.59445571899414,hit_wordnet
733,185,network,517,entity,-8.978229522705078,hit_wordnet
734,185,network,1956,connection,-9.061406135559082,hit_wordnet
735,186,visual,517,entity,-9.633234977722168,hit_wordnet
736,186,visual,839,object,-10.819113731384277,hit_wordnet
737,186,visual,8,information,-11.013928413391113,hit_wordnet
738,186,visual,516,detail,-11.032137870788574,hit_wordnet
739,186,visual,950,figure,-11.125540733337402,hit_wordnet
740,187,slurm jobcomp,141,machine,-12.262236595153809,hit_wordnet
741,187,slurm jobcomp,781,group,-12.553666114807129,hit_wordnet
742,187,slurm jobcomp,517,entity,-12.843448638916016,hit_wordnet
743,187,slurm jobcomp,513,tool,-13.362212181091309,hit_wordnet
744,187,slurm jobcomp,390,work,-13.627527236938477,hit_wordnet
745,189,script,517,entity,-6.9014787673950195,hit_wordnet
746,189,script,1613,symbolic,-7.955992698669434,hit_wordnet
747,189,script,781,group,-8.458039283752441,hit_wordnet
748,189,script,6,simple text,-9.946720123291016,hit_wordnet
749,189,script,111,message,-9.97492790222168,hit_wordnet
750,190,flat,2052,whole,-7.256771087646484,hit_wordnet
751,190,flat,781,group,-7.956079483032227,hit_wordnet
752,190,flat,644,part,-8.880619049072266,hit_wordnet
753,190,flat,517,entity,-9.051477432250977,hit_wordnet
754,190,flat,216,partition,-10.155508995056152,hit_wordnet
755,191,accounting storage,444,database storage,-8.346938133239746,hit_wordnet
756,191,accounting storage,315,storage,-10.682021141052246,hit_wordnet
757,191,accounting storage,2,accounting,-12.60235595703125,hit_wordnet
758,191,accounting storage,517,entity,-14.137493133544922,hit_wordnet
759,191,accounting storage,660,data,-14.450632095336914,hit_wordnet
760,193,important,517,entity,-9.855264663696289,hit_wordnet
761,193,important,781,group,-11.670454978942871,hit_wordnet
762,193,important,1376,content,-11.716204643249512,hit_wordnet
763,193,important,15,valuable,-11.919832229614258,hit_wordnet
764,193,important,2052,whole,-12.130650520324707,hit_wordnet
765,194,jobcomphost,517,entity,-8.996925354003906,hit_wordnet
766,194,jobcomphost,781,group,-9.605881690979004,hit_wordnet
767,194,jobcomphost,552,organization,-12.24677562713623,hit_wordnet
768,194,jobcomphost,11,individual,-12.360309600830078,hit_wordnet
769,194,jobcomphost,2052,whole,-12.376437187194824,hit_wordnet
770,195,address,517,entity,-6.6518754959106445,hit_wordnet
771,195,address,781,group,-8.568427085876465,hit_wordnet
772,195,address,1704,topic,-8.824313163757324,hit_wordnet
773,195,address,2052,whole,-9.3353910446167,hit_wordnet
774,195,address,8,information,-9.53188705444336,hit_wordnet
775,196,database server,82,server,-8.864787101745605,hit_wordnet
776,196,database server,120,computer,-11.911003112792969,hit_wordnet
777,196,database server,517,entity,-12.875333786010742,hit_wordnet
778,196,database server,781,group,-13.697918891906738,hit_wordnet
779,196,database server,11,individual,-14.176933288574219,hit_wordnet
780,197,jobcomploc,517,entity,-10.657857894897461,hit_wordnet
781,197,jobcomploc,781,group,-11.280558586120605,hit_wordnet
782,197,jobcomploc,552,organization,-11.818573951721191,hit_wordnet
783,197,jobcomploc,214,association,-12.296533584594727,hit_wordnet
784,197,jobcomploc,381,enterprise,-12.616476058959961,hit_wordnet
785,198,location,2052,whole,-6.180727005004883,hit_wordnet
786,198,location,517,entity,-7.312206268310547,hit_wordnet
787,198,location,552,organization,-7.631735801696777,hit_wordnet
788,198,location,781,group,-7.691612243652344,hit_wordnet
789,198,location,104,state,-8.064048767089844,hit_wordnet
790,200,jobcomppass,1359,easy job,-10.815908432006836,hit_wordnet
791,200,jobcomppass,3,job,-11.215174674987793,hit_wordnet
792,200,jobcomppass,1268,unique job,-11.298091888427734,hit_wordnet
793,200,jobcomppass,381,enterprise,-12.833341598510742,hit_wordnet
794,200,jobcomppass,517,entity,-13.31580924987793,hit_wordnet
795,202,jobcompport,552,organization,-11.653437614440918,hit_wordnet
796,202,jobcompport,517,entity,-11.672983169555664,hit_wordnet
797,202,jobcompport,781,group,-11.838139533996582,hit_wordnet
798,202,jobcompport,1355,facility,-11.894723892211914,hit_wordnet
799,202,jobcompport,472,plan,-12.865547180175781,hit_wordnet
800,204,type,849,kind,-7.124359130859375,hit_wordnet
801,204,type,517,entity,-7.887735366821289,hit_wordnet
802,204,type,781,group,-9.512097358703613,hit_wordnet
803,204,type,208,arbitrary text,-10.151265144348145,hit_wordnet
804,204,type,721,concept,-10.394705772399902,hit_wordnet
805,206,jobcompuser,37,user,-12.156980514526367,hit_wordnet
806,206,jobcompuser,11,individual,-12.213865280151367,hit_wordnet
807,206,jobcompuser,1637,official,-12.64519214630127,hit_wordnet
808,206,jobcompuser,171,operator,-13.041473388671875,hit_wordnet
809,206,jobcompuser,1416,client,-13.24639892578125,hit_wordnet
810,207,jobcompparam,517,entity,-9.533416748046875,hit_wordnet
811,207,jobcompparam,683,process,-11.109659194946289,hit_wordnet
812,207,jobcompparam,781,group,-11.371485710144043,hit_wordnet
813,207,jobcompparam,2052,whole,-12.158007621765137,hit_wordnet
814,207,jobcompparam,839,object,-12.498726844787598,hit_wordnet
815,208,arbitrary text,517,entity,-7.74171257019043,hit_wordnet
816,208,arbitrary text,781,group,-9.83146858215332,hit_wordnet
817,208,arbitrary text,2052,whole,-10.799901962280273,hit_wordnet
818,208,arbitrary text,849,kind,-11.001602172851562,hit_wordnet
819,208,arbitrary text,1704,topic,-11.15705394744873,hit_wordnet
820,209,slurm accounting,2,accounting,-9.261778831481934,hit_wordnet
821,209,slurm accounting,107,step accounting,-9.909213066101074,hit_wordnet
822,209,slurm accounting,1026,batch accounting,-10.701319694519043,hit_wordnet
823,209,slurm accounting,415,job accounting,-11.084169387817383,hit_wordnet
824,209,slurm accounting,517,entity,-14.296728134155273,hit_wordnet
825,210,build,390,work,-9.249701499938965,hit_wordnet
826,210,build,2052,whole,-10.325149536132812,hit_wordnet
827,210,build,517,entity,-10.791990280151367,hit_wordnet
828,210,build,835,placement,-11.20165729522705,hit_wordnet
829,210,build,781,group,-11.271550178527832,hit_wordnet
830,211,accounting_storage,444,database storage,-13.349189758300781,hit_wordnet
831,211,accounting_storage,517,entity,-13.435728073120117,hit_wordnet
832,211,accounting_storage,191,accounting storage,-13.693318367004395,hit_wordnet
833,211,accounting_storage,355,database type storage,-13.728614807128906,hit_wordnet
834,211,accounting_storage,7,database,-13.832889556884766,hit_wordnet
835,212,creation,517,entity,-6.841630935668945,hit_wordnet
836,212,creation,721,concept,-8.281126022338867,hit_wordnet
837,212,creation,683,process,-8.81741714477539,hit_wordnet
838,212,creation,1376,content,-9.43188190460205,hit_wordnet
839,212,creation,137,communication,-9.520298957824707,hit_wordnet
840,214,association,552,organization,-6.151160717010498,hit_wordnet
841,214,association,781,group,-7.697863578796387,hit_wordnet
842,214,association,517,entity,-7.959586143493652,hit_wordnet
843,214,association,104,state,-9.388408660888672,hit_wordnet
844,214,association,849,kind,-10.7880220413208,hit_wordnet
845,215,account,517,entity,-9.411399841308594,hit_wordnet
846,215,account,2,accounting,-11.082763671875,hit_wordnet
847,215,account,907,share,-11.404336929321289,hit_wordnet
848,215,account,781,group,-11.497611045837402,hit_wordnet
849,215,account,2052,whole,-11.593010902404785,hit_wordnet
850,216,partition,2052,whole,-6.217292785644531,hit_wordnet
851,216,partition,781,group,-6.797900199890137,hit_wordnet
852,216,partition,517,entity,-7.811263084411621,hit_wordnet
853,216,partition,644,part,-8.062464714050293,hit_wordnet
854,216,partition,839,object,-9.616891860961914,hit_wordnet
855,217,preferred,517,entity,-11.77754020690918,hit_wordnet
856,217,preferred,11,individual,-12.086469650268555,hit_wordnet
857,217,preferred,781,group,-12.933335304260254,hit_wordnet
858,217,preferred,142,choice,-13.995296478271484,hit_wordnet
859,217,preferred,1004,attribute,-14.156414985656738,hit_wordnet
860,218,upgrade,540,addition,-10.971630096435547,hit_wordnet
861,218,upgrade,517,entity,-12.8409423828125,hit_wordnet
862,218,upgrade,212,creation,-12.904854774475098,hit_wordnet
863,218,upgrade,222,development,-13.348426818847656,hit_wordnet
864,218,upgrade,1709,new process,-13.750600814819336,hit_wordnet
865,219,place,198,location,-5.666963577270508,hit_wordnet
866,219,place,493,site,-6.963942527770996,hit_wordnet
867,219,place,2052,whole,-8.838730812072754,hit_wordnet
868,219,place,517,entity,-9.335702896118164,hit_wordnet
869,219,place,552,organization,-9.71971607208252,hit_wordnet
870,220,db,517,entity,-9.837160110473633,hit_wordnet
871,220,db,781,group,-10.760741233825684,hit_wordnet
872,220,db,484,unit,-11.194680213928223,hit_wordnet
873,220,db,11,individual,-12.085098266601562,hit_wordnet
874,220,db,7,database,-12.244148254394531,hit_wordnet
875,222,development,212,creation,-7.788900375366211,hit_wordnet
876,222,development,622,change,-9.905848503112793,hit_wordnet
877,222,development,1709,new process,-9.912714958190918,hit_wordnet
878,222,development,517,entity,-10.374140739440918,hit_wordnet
879,222,development,835,placement,-10.388513565063477,hit_wordnet
880,223,system,552,organization,-6.77626895904541,hit_wordnet
881,223,system,517,entity,-6.861396789550781,hit_wordnet
882,223,system,781,group,-8.116087913513184,hit_wordnet
883,223,system,683,process,-8.716554641723633,hit_wordnet
884,223,system,2052,whole,-8.925559043884277,hit_wordnet
885,224,innodb storage,315,storage,-11.076505661010742,hit_wordnet
886,224,innodb storage,444,database storage,-11.250988006591797,hit_wordnet
887,224,innodb storage,191,accounting storage,-12.354891777038574,hit_wordnet
888,224,innodb storage,517,entity,-12.687437057495117,hit_wordnet
889,224,innodb storage,7,database,-14.117822647094727,hit_wordnet
890,226,rollback,253,recovery,-12.14840316772461,hit_wordnet
891,226,rollback,452,transaction,-12.741349220275879,hit_wordnet
892,226,rollback,170,action,-13.067999839782715,hit_wordnet
893,226,rollback,576,attempt,-13.56508731842041,hit_wordnet
894,226,rollback,598,delete,-13.895559310913086,hit_wordnet
895,227,slurm configure,781,group,-12.806597709655762,hit_wordnet
896,227,slurm configure,517,entity,-13.181575775146484,hit_wordnet
897,227,slurm configure,513,tool,-13.23986530303955,hit_wordnet
898,227,slurm configure,141,machine,-14.038741111755371,hit_wordnet
899,227,slurm configure,683,process,-14.068084716796875,hit_wordnet
900,228,library,517,entity,-11.46424674987793,hit_wordnet
901,228,library,781,group,-12.10476016998291,hit_wordnet
902,228,library,7,database,-12.747489929199219,hit_wordnet
903,228,library,552,organization,-13.314827919006348,hit_wordnet
904,228,library,2052,whole,-14.247458457946777,hit_wordnet
905,229,header,513,tool,-10.06525707244873,hit_wordnet
906,229,header,517,entity,-10.641180038452148,hit_wordnet
907,229,header,2052,whole,-11.01013469696045,hit_wordnet
908,229,header,644,part,-11.233936309814453,hit_wordnet
909,229,header,11,individual,-11.263681411743164,hit_wordnet
910,230,mysql_config,517,entity,-12.523477554321289,hit_wordnet
911,230,mysql_config,781,group,-12.921381950378418,hit_wordnet
912,230,mysql_config,1060,software,-15.311866760253906,hit_wordnet
913,230,mysql_config,7,database,-15.56934928894043,hit_wordnet
914,230,mysql_config,683,process,-15.607828140258789,hit_wordnet
915,233,successful,576,attempt,-10.323966026306152,hit_wordnet
916,233,successful,517,entity,-10.474418640136719,hit_wordnet
917,233,successful,921,result,-11.623948097229004,hit_wordnet
918,233,successful,13,task,-11.786286354064941,hit_wordnet
919,233,successful,170,action,-11.909719467163086,hit_wordnet
920,234,output,517,entity,-9.800553321838379,hit_wordnet
921,234,output,683,process,-10.120810508728027,hit_wordnet
922,234,output,137,communication,-10.486140251159668,hit_wordnet
923,234,output,2052,whole,-10.733602523803711,hit_wordnet
924,234,output,921,result,-11.033769607543945,hit_wordnet
925,236,usr,781,group,-11.66826343536377,hit_wordnet
926,236,usr,11,individual,-12.123382568359375,hit_wordnet
927,236,usr,1637,official,-13.03477954864502,hit_wordnet
928,236,usr,517,entity,-13.326473236083984,hit_wordnet
929,236,usr,521,man,-13.902952194213867,hit_wordnet
930,237,bin,781,group,-9.196407318115234,hit_wordnet
931,237,bin,517,entity,-9.728414535522461,hit_wordnet
932,237,bin,216,partition,-10.006649017333984,hit_wordnet
933,237,bin,513,tool,-10.106072425842285,hit_wordnet
934,237,bin,2052,whole,-10.14518928527832,hit_wordnet
935,238,mysql test,542,test,-12.526195526123047,hit_wordnet
936,238,mysql test,517,entity,-13.463228225708008,hit_wordnet
937,238,mysql test,7,database,-13.963321685791016,hit_wordnet
938,238,mysql test,660,data,-14.787986755371094,hit_wordnet
939,238,mysql test,1040,process information,-14.846380233764648,hit_wordnet
940,239,first,517,entity,-9.131620407104492,hit_wordnet
941,239,first,11,individual,-10.155618667602539,hit_wordnet
942,239,first,781,group,-10.176800727844238,hit_wordnet
943,239,first,1498,relative,-10.673046112060547,hit_wordnet
944,239,first,484,unit,-11.645211219787598,hit_wordnet
945,240,several,681,many,-6.772521018981934,hit_wordnet
946,240,several,781,group,-8.056431770324707,hit_wordnet
947,240,several,517,entity,-8.44892692565918,hit_wordnet
948,240,several,264,set,-8.799717903137207,hit_wordnet
949,240,several,552,organization,-9.672446250915527,hit_wordnet
950,241,mariadb server,196,database server,-13.261104583740234,hit_wordnet
951,241,mariadb server,517,entity,-13.283252716064453,hit_wordnet
952,241,mariadb server,781,group,-13.404450416564941,hit_wordnet
953,241,mariadb server,11,individual,-14.678058624267578,hit_wordnet
954,241,mariadb server,82,server,-14.830276489257812,hit_wordnet
955,242,innodb_buffer_pool_size,517,entity,-13.499336242675781,hit_wordnet
956,242,innodb_buffer_pool_size,781,group,-14.116297721862793,hit_wordnet
957,242,innodb_buffer_pool_size,683,process,-14.782327651977539,hit_wordnet
958,242,innodb_buffer_pool_size,2052,whole,-15.378029823303223,hit_wordnet
959,242,innodb_buffer_pool_size,484,unit,-15.595488548278809,hit_wordnet
960,243,percent,108,number,-10.698171615600586,hit_wordnet
961,243,percent,484,unit,-10.833418846130371,hit_wordnet
962,243,percent,517,entity,-12.214136123657227,hit_wordnet
963,243,percent,640,statistic,-12.67658805847168,hit_wordnet
964,243,percent,2052,whole,-12.979640007019043,hit_wordnet
965,244,available,907,share,-11.468263626098633,hit_wordnet
966,244,available,517,entity,-11.696111679077148,hit_wordnet
967,244,available,422,permission,-11.873343467712402,hit_wordnet
968,244,available,452,transaction,-12.120633125305176,hit_wordnet
969,244,available,155,option,-12.299484252929688,hit_wordnet
970,245,sql,517,entity,-11.519271850585938,hit_wordnet
971,245,sql,7,database,-12.045671463012695,hit_wordnet
972,245,sql,781,group,-12.6251802444458,hit_wordnet
973,245,sql,503,certain database,-14.23394775390625,hit_wordnet
974,245,sql,208,arbitrary text,-14.643976211547852,hit_wordnet
975,246,gib,781,group,-10.174195289611816,hit_wordnet
976,246,gib,513,tool,-10.222336769104004,hit_wordnet
977,246,gib,2052,whole,-10.406786918640137,hit_wordnet
978,246,gib,517,entity,-10.54718017578125,hit_wordnet
979,246,gib,2032,thread,-10.953132629394531,hit_wordnet
980,247,problem,517,entity,-7.266657829284668,hit_wordnet
981,247,problem,781,group,-8.590198516845703,hit_wordnet
982,247,problem,2052,whole,-8.740666389465332,hit_wordnet
983,247,problem,839,object,-9.341171264648438,hit_wordnet
984,247,problem,683,process,-9.628211975097656,hit_wordnet
985,248,large slurm,1,slurm,-10.650135040283203,hit_wordnet
986,248,large slurm,78,other slurm,-10.651141166687012,hit_wordnet
987,248,large slurm,623,appropriate slurm,-12.609393119812012,hit_wordnet
988,248,large slurm,683,process,-14.524906158447266,hit_wordnet
989,248,large slurm,517,entity,-14.567056655883789,hit_wordnet
990,249,old,517,entity,-9.888914108276367,hit_wordnet
991,249,old,781,group,-10.200554847717285,hit_wordnet
992,249,old,11,individual,-10.270706176757812,hit_wordnet
993,249,old,1498,relative,-11.868396759033203,hit_wordnet
994,249,old,558,child,-12.16618824005127,hit_wordnet
995,250,innodb_log_files_in_group,517,entity,-13.557228088378906,hit_wordnet
996,250,innodb_log_files_in_group,781,group,-14.700108528137207,hit_wordnet
997,250,innodb_log_files_in_group,7,database,-16.217071533203125,hit_wordnet
998,250,innodb_log_files_in_group,683,process,-16.42424964904785,hit_wordnet
999,250,innodb_log_files_in_group,2004,ego_confdir_old\*.xml,-16.79503631591797,hit_wordnet
1000,251,unnecessary small,781,group,-12.980814933776855,hit_wordnet
1001,251,unnecessary small,517,entity,-14.152311325073242,hit_wordnet
1002,251,unnecessary small,11,individual,-15.450729370117188,hit_wordnet
1003,251,unnecessary small,2052,whole,-16.002399444580078,hit_wordnet
1004,251,unnecessary small,513,tool,-16.488006591796875,hit_wordnet
1005,252,mind,517,entity,-8.824687957763672,hit_wordnet
1006,252,mind,2052,whole,-11.175551414489746,hit_wordnet
1007,252,mind,839,object,-11.794556617736816,hit_wordnet
1008,252,mind,781,group,-11.802502632141113,hit_wordnet
1009,252,mind,8,information,-12.23554515838623,hit_wordnet
1010,253,recovery,170,action,-9.961347579956055,hit_wordnet
1011,253,recovery,622,change,-10.679483413696289,hit_wordnet
1012,253,recovery,881,decrease,-10.993453025817871,hit_wordnet
1013,253,recovery,992,operation,-11.094256401062012,hit_wordnet
1014,253,recovery,576,attempt,-11.116926193237305,hit_wordnet
1015,254,innodb_redo_log_capacity,517,entity,-13.157482147216797,hit_wordnet
1016,254,innodb_redo_log_capacity,781,group,-14.101250648498535,hit_wordnet
1017,254,innodb_redo_log_capacity,683,process,-15.298912048339844,hit_wordnet
1018,254,innodb_redo_log_capacity,242,innodb_buffer_pool_size,-15.88897705078125,hit_wordnet
1019,254,innodb_redo_log_capacity,2052,whole,-16.222171783447266,hit_wordnet
1020,256,innodb_lock_wait_timeout,517,entity,-14.273242950439453,hit_wordnet
1021,256,innodb_lock_wait_timeout,781,group,-14.746438026428223,hit_wordnet
1022,256,innodb_lock_wait_timeout,683,process,-15.101642608642578,hit_wordnet
1023,256,innodb_lock_wait_timeout,2052,whole,-17.225849151611328,hit_wordnet
1024,256,innodb_lock_wait_timeout,839,object,-18.429027557373047,hit_wordnet
1025,257,query,517,entity,-8.394781112670898,hit_wordnet
1026,257,query,1704,topic,-10.498954772949219,hit_wordnet
1027,257,query,8,information,-10.666138648986816,hit_wordnet
1028,257,query,781,group,-10.886597633361816,hit_wordnet
1029,257,query,326,list,-11.00304889678955,hit_wordnet
1030,258,old sql server,196,database server,-13.218791961669922,hit_wordnet
1031,258,old sql server,120,computer,-13.690078735351562,hit_wordnet
1032,258,old sql server,517,entity,-14.235008239746094,hit_wordnet
1033,258,old sql server,7,database,-14.629446029663086,hit_wordnet
1034,258,old sql server,781,group,-14.708352088928223,hit_wordnet
1035,259,job_script,866,program,-12.008955001831055,hit_wordnet
1036,259,job_script,517,entity,-12.843515396118164,hit_wordnet
1037,259,job_script,1060,software,-13.808080673217773,hit_wordnet
1038,259,job_script,1514,software application,-13.888540267944336,hit_wordnet
1039,259,job_script,781,group,-14.111599922180176,hit_wordnet
1040,260,max_script_size,517,entity,-14.070100784301758,hit_wordnet
1041,260,max_script_size,781,group,-14.98421573638916,hit_wordnet
1042,260,max_script_size,108,number,-15.342615127563477,hit_wordnet
1043,260,max_script_size,484,unit,-15.620427131652832,hit_wordnet
1044,260,max_script_size,660,data,-15.73275375366211,hit_wordnet
1045,261,following,781,group,-5.044501304626465,hit_wordnet
1046,261,following,11,individual,-6.113492012023926,hit_wordnet
1047,261,following,517,entity,-6.308443069458008,hit_wordnet
1048,261,following,1637,official,-8.6644926071167,hit_wordnet
1049,261,following,749,member,-8.717426300048828,hit_wordnet
1050,262,show,674,event,-7.558127403259277,hit_wordnet
1051,262,show,517,entity,-8.388422966003418,hit_wordnet
1052,262,show,70,performance,-8.832911491394043,hit_wordnet
1053,262,show,781,group,-9.24226188659668,hit_wordnet
1054,262,show,13,task,-9.365044593811035,hit_wordnet
1055,263,row,2052,whole,-7.943788528442383,hit_wordnet
1056,263,row,308,column,-8.728483200073242,hit_wordnet
1057,263,row,644,part,-9.152727127075195,hit_wordnet
1058,263,row,781,group,-9.219376564025879,hit_wordnet
1059,263,row,517,entity,-10.194921493530273,hit_wordnet
1060,264,set,517,entity,-5.552103042602539,hit_wordnet
1061,264,set,781,group,-5.582080841064453,hit_wordnet
1062,264,set,552,organization,-6.179269313812256,hit_wordnet
1063,264,set,2052,whole,-6.465795516967773,hit_wordnet
1064,264,set,839,object,-8.356719017028809,hit_wordnet
1065,265,sec,486,month,-12.388208389282227,hit_wordnet
1066,265,sec,781,group,-12.478032112121582,hit_wordnet
1067,265,sec,484,unit,-13.012097358703613,hit_wordnet
1068,265,sec,517,entity,-13.187314987182617,hit_wordnet
1069,265,sec,19,particular time,-13.347198486328125,hit_wordnet
1070,266,cat,781,group,-9.128024101257324,hit_wordnet
1071,266,cat,11,individual,-9.403216361999512,hit_wordnet
1072,266,cat,517,entity,-9.744941711425781,hit_wordnet
1073,266,cat,558,child,-10.793482780456543,hit_wordnet
1074,266,cat,521,man,-11.00399398803711,hit_wordnet
1075,267,mysqld,781,group,-10.507403373718262,hit_wordnet
1076,267,mysqld,517,entity,-10.545955657958984,hit_wordnet
1077,267,mysqld,45,mysql,-11.060805320739746,hit_wordnet
1078,267,mysqld,7,database,-11.648397445678711,hit_wordnet
1079,267,mysqld,11,individual,-13.138071060180664,hit_wordnet
1080,269,default row,517,entity,-13.820833206176758,hit_wordnet
1081,269,default row,781,group,-14.793301582336426,hit_wordnet
1082,269,default row,2052,whole,-14.821171760559082,hit_wordnet
1083,269,default row,683,process,-16.08742904663086,hit_wordnet
1084,269,default row,326,list,-16.927234649658203,hit_wordnet
1085,270,compact,781,group,-9.291817665100098,hit_wordnet
1086,270,compact,517,entity,-10.651863098144531,hit_wordnet
1087,270,compact,2052,whole,-11.827025413513184,hit_wordnet
1088,270,compact,141,machine,-12.37755298614502,hit_wordnet
1089,270,compact,11,individual,-12.41176986694336,hit_wordnet
1090,271,issue,517,entity,-8.711189270019531,hit_wordnet
1091,271,issue,8,information,-9.524835586547852,hit_wordnet
1092,271,issue,1704,topic,-9.842761993408203,hit_wordnet
1093,271,issue,165,case,-10.515570640563965,hit_wordnet
1094,271,issue,2052,whole,-10.956334114074707,hit_wordnet
1095,273,table,781,group,-8.918537139892578,hit_wordnet
1096,273,table,2052,whole,-9.19455623626709,hit_wordnet
1097,273,table,517,entity,-9.28758430480957,hit_wordnet
1098,273,table,216,partition,-10.240312576293945,hit_wordnet
1099,273,table,1111,section,-10.671974182128906,hit_wordnet
1100,274,recent,517,entity,-12.505487442016602,hit_wordnet
1101,274,recent,781,group,-12.849343299865723,hit_wordnet
1102,274,recent,11,individual,-14.200336456298828,hit_wordnet
1103,274,recent,2052,whole,-14.782561302185059,hit_wordnet
1104,274,recent,484,unit,-14.84372615814209,hit_wordnet
1105,275,dynamic,517,entity,-11.315650939941406,hit_wordnet
1106,275,dynamic,721,concept,-11.745491981506348,hit_wordnet
1107,275,dynamic,137,communication,-11.89159870147705,hit_wordnet
1108,275,dynamic,683,process,-12.150074005126953,hit_wordnet
1109,275,dynamic,523,ability,-12.291661262512207,hit_wordnet
1110,277,page,517,entity,-10.158452987670898,hit_wordnet
1111,277,page,2052,whole,-11.023911476135254,hit_wordnet
1112,277,page,781,group,-11.491793632507324,hit_wordnet
1113,277,page,27,text,-11.612829208374023,hit_wordnet
1114,277,page,839,object,-11.997830390930176,hit_wordnet
1115,278,dml,484,unit,-12.59846019744873,hit_wordnet
1116,278,dml,517,entity,-12.846832275390625,hit_wordnet
1117,278,dml,781,group,-13.0774507522583,hit_wordnet
1118,278,dml,11,individual,-15.060152053833008,hit_wordnet
1119,278,dml,2052,whole,-15.495190620422363,hit_wordnet
1120,279,specific,517,entity,-10.908918380737305,hit_wordnet
1121,279,specific,208,arbitrary text,-11.831502914428711,hit_wordnet
1122,279,specific,781,group,-12.031394004821777,hit_wordnet
1123,279,specific,204,type,-13.56454086303711,hit_wordnet
1124,279,specific,6,simple text,-13.679702758789062,hit_wordnet
1125,280,error,517,entity,-9.447227478027344,hit_wordnet
1126,280,error,111,message,-11.237154006958008,hit_wordnet
1127,280,error,89,failure,-11.545263290405273,hit_wordnet
1128,280,error,8,information,-11.616278648376465,hit_wordnet
1129,280,error,1606,situation,-11.684640884399414,hit_wordnet
1130,283,innodb,781,group,-11.74477481842041,hit_wordnet
1131,283,innodb,517,entity,-12.30656623840332,hit_wordnet
1132,283,innodb,11,individual,-14.159704208374023,hit_wordnet
1133,283,innodb,2052,whole,-14.593745231628418,hit_wordnet
1134,283,innodb,513,tool,-15.460501670837402,hit_wordnet
1135,284,order,517,entity,-6.956655502319336,hit_wordnet
1136,284,order,781,group,-8.639062881469727,hit_wordnet
1137,284,order,552,organization,-8.98654842376709,hit_wordnet
1138,284,order,721,concept,-9.308158874511719,hit_wordnet
1139,284,order,849,kind,-9.774370193481445,hit_wordnet
1140,285,conversion,622,change,-8.528069496154785,hit_wordnet
1141,285,conversion,212,creation,-9.482294082641602,hit_wordnet
1142,285,conversion,170,action,-9.770118713378906,hit_wordnet
1143,285,conversion,540,addition,-9.827030181884766,hit_wordnet
1144,285,conversion,992,operation,-10.618426322937012,hit_wordnet
1145,287,field,2052,whole,-9.131820678710938,hit_wordnet
1146,287,field,493,site,-9.952173233032227,hit_wordnet
1147,287,field,198,location,-10.146552085876465,hit_wordnet
1148,287,field,781,group,-10.228154182434082,hit_wordnet
1149,287,field,517,entity,-10.549972534179688,hit_wordnet
1150,289,size,1004,attribute,-9.989707946777344,hit_wordnet
1151,289,size,517,entity,-9.994308471679688,hit_wordnet
1152,289,size,2052,whole,-10.156200408935547,hit_wordnet
1153,289,size,849,kind,-10.21195125579834,hit_wordnet
1154,289,size,490,amount,-10.606234550476074,hit_wordnet
1155,290,index leaf,517,entity,-13.361627578735352,hit_wordnet
1156,290,index leaf,781,group,-13.365386009216309,hit_wordnet
1157,290,index leaf,2052,whole,-14.428954124450684,hit_wordnet
1158,290,index leaf,683,process,-15.48016357421875,hit_wordnet
1159,290,index leaf,85,cluster,-16.17776107788086,hit_wordnet
1160,291,innodb_default_row_format,517,entity,-13.991617202758789,hit_wordnet
1161,291,innodb_default_row_format,781,group,-14.99158763885498,hit_wordnet
1162,291,innodb_default_row_format,1060,software,-15.553384780883789,hit_wordnet
1163,291,innodb_default_row_format,683,process,-15.860429763793945,hit_wordnet
1164,291,innodb_default_row_format,27,text,-15.958887100219727,hit_wordnet
1165,293,command,517,entity,-9.156319618225098,hit_wordnet
1166,293,command,781,group,-10.335906982421875,hit_wordnet
1167,293,command,137,communication,-11.175586700439453,hit_wordnet
1168,293,command,111,message,-11.311338424682617,hit_wordnet
1169,293,command,1816,request,-11.767596244812012,hit_wordnet
1170,294,db_name,517,entity,-12.028772354125977,hit_wordnet
1171,294,db_name,781,group,-14.134167671203613,hit_wordnet
1172,294,db_name,11,individual,-14.54660415649414,hit_wordnet
1173,294,db_name,1498,relative,-15.535863876342773,hit_wordnet
1174,294,db_name,60,datum,-15.706727981567383,hit_wordnet
1175,296,storageloc,517,entity,-13.075262069702148,hit_wordnet
1176,296,storageloc,781,group,-13.78102970123291,hit_wordnet
1177,296,storageloc,141,machine,-14.427474021911621,hit_wordnet
1178,296,storageloc,513,tool,-15.269381523132324,hit_wordnet
1179,296,storageloc,2052,whole,-15.480996131896973,hit_wordnet
1180,301,collation,208,arbitrary text,-10.36856746673584,hit_wordnet
1181,301,collation,517,entity,-10.904266357421875,hit_wordnet
1182,301,collation,781,group,-11.393939018249512,hit_wordnet
1183,301,collation,284,order,-12.156438827514648,hit_wordnet
1184,301,collation,683,process,-12.559829711914062,hit_wordnet
1185,302,sensitive,517,entity,-11.49844741821289,hit_wordnet
1186,302,sensitive,11,individual,-12.346893310546875,hit_wordnet
1187,302,sensitive,781,group,-12.4205904006958,hit_wordnet
1188,302,sensitive,1004,attribute,-14.31662654876709,hit_wordnet
1189,302,sensitive,523,ability,-14.465174674987793,hit_wordnet
1190,304,start,485,beginning,-4.826103210449219,hit_wordnet
1191,304,start,1458,starting,-4.905027389526367,hit_wordnet
1192,304,start,2052,whole,-6.8858489990234375,hit_wordnet
1193,304,start,644,part,-7.919065475463867,hit_wordnet
1194,304,start,517,entity,-8.168800354003906,hit_wordnet
1195,305,_,6,simple text,-10.127639770507812,hit_wordnet
1196,305,_,517,entity,-10.237476348876953,hit_wordnet
1197,305,_,1871,letter,-10.577619552612305,hit_wordnet
1198,305,_,781,group,-10.59666919708252,hit_wordnet
1199,305,_,1873,digit,-11.170757293701172,hit_wordnet
1200,306,insensitive,517,entity,-10.615423202514648,hit_wordnet
1201,306,insensitive,1004,attribute,-11.60756778717041,hit_wordnet
1202,306,insensitive,781,group,-12.201981544494629,hit_wordnet
1203,306,insensitive,849,kind,-12.229040145874023,hit_wordnet
1204,306,insensitive,111,message,-12.785361289978027,hit_wordnet
1205,307,select,517,entity,-9.827329635620117,hit_wordnet
1206,307,select,781,group,-11.332701683044434,hit_wordnet
1207,307,select,2052,whole,-11.416096687316895,hit_wordnet
1208,307,select,839,object,-11.418557167053223,hit_wordnet
1209,307,select,11,individual,-11.473583221435547,hit_wordnet
1210,308,column,2052,whole,-7.334981918334961,hit_wordnet
1211,308,column,781,group,-8.448099136352539,hit_wordnet
1212,308,column,644,part,-8.54765796661377,hit_wordnet
1213,308,column,517,entity,-9.238338470458984,hit_wordnet
1214,308,column,216,partition,-9.375030517578125,hit_wordnet
1215,310,column_name,517,entity,-12.633148193359375,hit_wordnet
1216,310,column_name,781,group,-14.014220237731934,hit_wordnet
1217,310,column_name,6,simple text,-14.335338592529297,hit_wordnet
1218,310,column_name,208,arbitrary text,-14.667974472045898,hit_wordnet
1219,310,column_name,27,text,-14.808980941772461,hit_wordnet
1220,311,collation_name,208,arbitrary text,-10.79146957397461,hit_wordnet
1221,311,collation_name,517,entity,-11.936029434204102,hit_wordnet
1222,311,collation_name,301,collation,-11.945895195007324,hit_wordnet
1223,311,collation_name,781,group,-12.799530982971191,hit_wordnet
1224,311,collation_name,6,simple text,-13.178791046142578,hit_wordnet
1225,312,simplicity,337,quality,-9.063437461853027,hit_wordnet
1226,312,simplicity,523,ability,-10.53332805633545,hit_wordnet
1227,312,simplicity,1004,attribute,-10.691600799560547,hit_wordnet
1228,312,simplicity,1376,content,-12.181227684020996,hit_wordnet
1229,312,simplicity,721,concept,-12.20896053314209,hit_wordnet
1230,313,sake,135,good,-11.601967811584473,hit_wordnet
1231,313,sake,139,purpose,-11.752191543579102,hit_wordnet
1232,313,sake,517,entity,-12.356952667236328,hit_wordnet
1233,313,sake,1004,attribute,-12.701266288757324,hit_wordnet
1234,313,sake,337,quality,-12.753606796264648,hit_wordnet
1235,314,assumption,1642,fact,-9.036988258361816,hit_wordnet
1236,314,assumption,721,concept,-9.085125923156738,hit_wordnet
1237,314,assumption,8,information,-9.211504936218262,hit_wordnet
1238,314,assumption,613,explanation,-9.364738464355469,hit_wordnet
1239,314,assumption,1004,attribute,-9.7814302444458,hit_wordnet
1240,315,storage,517,entity,-10.701990127563477,hit_wordnet
1241,315,storage,1376,content,-11.482601165771484,hit_wordnet
1242,315,storage,212,creation,-11.602849960327148,hit_wordnet
1243,315,storage,10,resource,-11.698385238647461,hit_wordnet
1244,315,storage,2052,whole,-11.767891883850098,hit_wordnet
1245,317,several slurm configuration,22,slurm configuration,-10.594653129577637,hit_wordnet
1246,317,several slurm configuration,683,process,-13.33868408203125,hit_wordnet
1247,317,several slurm configuration,781,group,-13.886427879333496,hit_wordnet
1248,317,several slurm configuration,517,entity,-14.27911376953125,hit_wordnet
1249,317,several slurm configuration,2052,whole,-15.408368110656738,hit_wordnet
1250,318,archiving,480,archive,-10.842935562133789,hit_wordnet
1251,318,archiving,315,storage,-12.847980499267578,hit_wordnet
1252,318,archiving,517,entity,-13.108968734741211,hit_wordnet
1253,318,archiving,651,memory,-14.145658493041992,hit_wordnet
1254,318,archiving,2,accounting,-14.542732238769531,hit_wordnet
1255,319,separate configuration,1883,same configuration,-5.2063307762146,hit_wordnet
1256,319,separate configuration,730,several configuration,-6.03350305557251,hit_wordnet
1257,319,separate configuration,73,configuration,-6.635776519775391,hit_wordnet
1258,319,separate configuration,223,system,-10.45057201385498,hit_wordnet
1259,319,separate configuration,1882,inconsistent configuration,-10.600098609924316,hit_wordnet
1260,320,separate,781,group,-9.623000144958496,hit_wordnet
1261,320,separate,517,entity,-10.600784301757812,hit_wordnet
1262,320,separate,11,individual,-11.407928466796875,hit_wordnet
1263,320,separate,665,gathered,-11.829841613769531,hit_wordnet
1264,320,separate,552,organization,-12.692181587219238,hit_wordnet
1265,323,accountingstorage,517,entity,-12.983970642089844,hit_wordnet
1266,323,accountingstorage,7,database,-13.548383712768555,hit_wordnet
1267,323,accountingstorage,2,accounting,-14.138641357421875,hit_wordnet
1268,323,accountingstorage,781,group,-14.928845405578613,hit_wordnet
1269,323,accountingstorage,1514,software application,-15.585613250732422,hit_wordnet
1270,324,accountingstorageenforce,517,entity,-11.21357536315918,hit_wordnet
1271,324,accountingstorageenforce,781,group,-11.793789863586426,hit_wordnet
1272,324,accountingstorageenforce,552,organization,-13.615754127502441,hit_wordnet
1273,324,accountingstorageenforce,11,individual,-13.816339492797852,hit_wordnet
1274,324,accountingstorageenforce,1637,official,-14.130383491516113,hit_wordnet
1275,325,comma,6,simple text,-9.48723316192627,hit_wordnet
1276,325,comma,208,arbitrary text,-10.707674026489258,hit_wordnet
1277,325,comma,1871,letter,-10.777177810668945,hit_wordnet
1278,325,comma,517,entity,-11.210443496704102,hit_wordnet
1279,325,comma,781,group,-11.395600318908691,hit_wordnet
1280,326,list,517,entity,-6.43303108215332,hit_wordnet
1281,326,list,781,group,-7.500284194946289,hit_wordnet
1282,326,list,2052,whole,-8.096039772033691,hit_wordnet
1283,326,list,1704,topic,-8.393122673034668,hit_wordnet
1284,326,list,264,set,-8.820704460144043,hit_wordnet
1285,327,valid,517,entity,-11.28370475769043,hit_wordnet
1286,327,valid,781,group,-13.035279273986816,hit_wordnet
1287,327,valid,1684,correct,-13.507356643676758,hit_wordnet
1288,327,valid,8,information,-13.561385154724121,hit_wordnet
1289,327,valid,1004,attribute,-14.057244300842285,hit_wordnet
1290,328,invalid,517,entity,-11.536191940307617,hit_wordnet
1291,328,invalid,781,group,-14.015246391296387,hit_wordnet
1292,328,invalid,11,individual,-14.033750534057617,hit_wordnet
1293,328,invalid,280,error,-14.13333511352539,hit_wordnet
1294,328,invalid,1591,incorrect,-14.781216621398926,hit_wordnet
1295,329,qos,517,entity,-9.10627555847168,hit_wordnet
1296,329,qos,781,group,-9.846274375915527,hit_wordnet
1297,329,qos,189,script,-11.276287078857422,hit_wordnet
1298,329,qos,8,information,-12.102253913879395,hit_wordnet
1299,329,qos,111,message,-12.111542701721191,hit_wordnet
1300,330,nojob,517,entity,-12.202646255493164,hit_wordnet
1301,330,nojob,781,group,-12.804490089416504,hit_wordnet
1302,330,nojob,11,individual,-13.485294342041016,hit_wordnet
1303,330,nojob,452,transaction,-14.64273738861084,hit_wordnet
1304,330,nojob,839,object,-14.647604942321777,hit_wordnet
1305,332,nostep,517,entity,-12.031381607055664,hit_wordnet
1306,332,nostep,683,process,-12.301856994628906,hit_wordnet
1307,332,nostep,781,group,-12.429381370544434,hit_wordnet
1308,332,nostep,2052,whole,-12.697073936462402,hit_wordnet
1309,332,nostep,839,object,-14.567933082580566,hit_wordnet
1310,333,step,2052,whole,-9.811749458312988,hit_wordnet
1311,333,step,304,start,-10.1658935546875,hit_wordnet
1312,333,step,781,group,-10.382782936096191,hit_wordnet
1313,333,step,644,part,-10.529789924621582,hit_wordnet
1314,333,step,674,event,-10.577317237854004,hit_wordnet
1315,334,environment,104,state,-7.994202613830566,hit_wordnet
1316,334,environment,517,entity,-8.103056907653809,hit_wordnet
1317,334,environment,552,organization,-8.4191255569458,hit_wordnet
1318,334,environment,2052,whole,-8.862865447998047,hit_wordnet
1319,334,environment,198,location,-9.136453628540039,hit_wordnet
1320,335,utilization,10,resource,-11.612829208374023,hit_wordnet
1321,335,utilization,490,amount,-11.819976806640625,hit_wordnet
1322,335,utilization,1384,distribution,-12.027371406555176,hit_wordnet
1323,335,utilization,530,utility,-12.247862815856934,hit_wordnet
1324,335,utilization,836,calculation,-13.079666137695312,hit_wordnet
1325,337,quality,1004,attribute,-4.99191951751709,hit_wordnet
1326,337,quality,523,ability,-5.445531845092773,hit_wordnet
1327,337,quality,791,condition,-7.893500328063965,hit_wordnet
1328,337,quality,1376,content,-8.175049781799316,hit_wordnet
1329,337,quality,721,concept,-9.099607467651367,hit_wordnet
1330,340,tre,781,group,-12.442034721374512,hit_wordnet
1331,340,tre,517,entity,-13.093111038208008,hit_wordnet
1332,340,tre,1873,digit,-13.751453399658203,hit_wordnet
1333,340,tre,1871,letter,-14.406839370727539,hit_wordnet
1334,340,tre,1335,string,-14.82274055480957,hit_wordnet
1335,341,minute,39,time,-10.254012107849121,hit_wordnet
1336,341,minute,19,particular time,-11.30679702758789,hit_wordnet
1337,341,minute,484,unit,-11.603142738342285,hit_wordnet
1338,341,minute,653,interval,-11.681839942932129,hit_wordnet
1339,341,minute,517,entity,-12.410514831542969,hit_wordnet
1340,344,usage,137,communication,-8.115254402160645,hit_wordnet
1341,344,usage,2169,method,-8.271824836730957,hit_wordnet
1342,344,usage,721,concept,-8.414523124694824,hit_wordnet
1343,344,usage,212,creation,-8.814754486083984,hit_wordnet
1344,344,usage,517,entity,-9.906840324401855,hit_wordnet
1345,345,wckey,781,group,-12.508061408996582,hit_wordnet
1346,345,wckey,517,entity,-12.806955337524414,hit_wordnet
1347,345,wckey,513,tool,-13.485823631286621,hit_wordnet
1348,345,wckey,1680,character,-14.273897171020508,hit_wordnet
1349,345,wckey,1871,letter,-14.411262512207031,hit_wordnet
1350,346,trackwckey,513,tool,-14.425114631652832,hit_wordnet
1351,346,trackwckey,781,group,-15.118874549865723,hit_wordnet
1352,346,trackwckey,517,entity,-15.508060455322266,hit_wordnet
1353,346,trackwckey,141,machine,-16.316604614257812,hit_wordnet
1354,346,trackwckey,90,switch,-17.051103591918945,hit_wordnet
1355,347,optional partition,216,partition,-12.837421417236328,hit_wordnet
1356,347,optional partition,781,group,-13.64997386932373,hit_wordnet
1357,347,optional partition,517,entity,-14.010995864868164,hit_wordnet
1358,347,optional partition,2052,whole,-14.728838920593262,hit_wordnet
1359,347,optional partition,683,process,-15.899543762207031,hit_wordnet
1360,349,policy,104,state,-8.745659828186035,hit_wordnet
1361,349,policy,517,entity,-9.097434997558594,hit_wordnet
1362,349,policy,137,communication,-9.652140617370605,hit_wordnet
1363,349,policy,472,plan,-9.703086853027344,hit_wordnet
1364,349,policy,523,ability,-9.714624404907227,hit_wordnet
1365,350,external,517,entity,-9.762264251708984,hit_wordnet
1366,350,external,353,non-external,-10.12887954711914,hit_wordnet
1367,350,external,781,group,-11.563416481018066,hit_wordnet
1368,350,external,11,individual,-11.915752410888672,hit_wordnet
1369,350,external,2052,whole,-12.719681739807129,hit_wordnet
1370,351,port,781,group,-8.62210750579834,hit_wordnet
1371,351,port,517,entity,-10.090190887451172,hit_wordnet
1372,351,port,2052,whole,-11.26771068572998,hit_wordnet
1373,351,port,513,tool,-11.61702823638916,hit_wordnet
1374,351,port,1956,connection,-11.82557487487793,hit_wordnet
1375,352,accountingstorageport,517,entity,-12.410757064819336,hit_wordnet
1376,352,accountingstorageport,781,group,-13.935437202453613,hit_wordnet
1377,352,accountingstorageport,11,individual,-14.154081344604492,hit_wordnet
1378,352,accountingstorageport,7,database,-14.16685676574707,hit_wordnet
1379,352,accountingstorageport,1637,official,-14.937361717224121,hit_wordnet
1380,353,non-external,517,entity,-7.171201705932617,hit_wordnet
1381,353,non-external,11,individual,-8.938624382019043,hit_wordnet
1382,353,non-external,781,group,-9.230570793151855,hit_wordnet
1383,353,non-external,1637,official,-11.16211223602295,hit_wordnet
1384,353,non-external,954,product,-11.585983276367188,hit_wordnet
1385,355,database type storage,444,database storage,-8.861241340637207,hit_wordnet
1386,355,database type storage,7,database,-13.254478454589844,hit_wordnet
1387,355,database type storage,660,data,-13.268312454223633,hit_wordnet
1388,355,database type storage,517,entity,-14.110017776489258,hit_wordnet
1389,355,database type storage,191,accounting storage,-14.234434127807617,hit_wordnet
1390,359,default munge,138,munge,-14.66142463684082,hit_wordnet
1391,359,default munge,513,tool,-15.559966087341309,hit_wordnet
1392,359,default munge,517,entity,-15.572677612304688,hit_wordnet
1393,359,default munge,781,group,-15.678494453430176,hit_wordnet
1394,359,default munge,683,process,-16.041301727294922,hit_wordnet
1395,360,accountingstoragepass,517,entity,-11.099096298217773,hit_wordnet
1396,360,accountingstoragepass,781,group,-11.723332405090332,hit_wordnet
1397,360,accountingstoragepass,11,individual,-13.784646987915039,hit_wordnet
1398,360,accountingstoragepass,484,unit,-14.26279354095459,hit_wordnet
1399,360,accountingstoragepass,2052,whole,-14.565762519836426,hit_wordnet
1400,361,alternate munge,379,second munge,-8.687786102294922,hit_wordnet
1401,361,alternate munge,143,single munge,-9.758149147033691,hit_wordnet
1402,361,alternate munge,359,default munge,-9.805398941040039,hit_wordnet
1403,361,alternate munge,140,normal munge,-9.950142860412598,hit_wordnet
1404,361,alternate munge,513,tool,-14.621012687683105,hit_wordnet
1405,362,var,517,entity,-12.759689331054688,hit_wordnet
1406,362,var,108,number,-14.28515625,hit_wordnet
1407,362,var,484,unit,-14.344710350036621,hit_wordnet
1408,362,var,781,group,-14.476649284362793,hit_wordnet
1409,362,var,490,amount,-14.80924129486084,hit_wordnet
1410,363,run,682,running,-4.886870384216309,hit_wordnet
1411,363,run,13,task,-9.675535202026367,hit_wordnet
1412,363,run,70,performance,-9.734179496765137,hit_wordnet
1413,363,run,674,event,-9.7413969039917,hit_wordnet
1414,363,run,576,attempt,-9.872648239135742,hit_wordnet
1415,364,global.socket.,517,entity,-12.24627685546875,hit_wordnet
1416,364,global.socket.,781,group,-13.43066120147705,hit_wordnet
1417,364,global.socket.,683,process,-14.565963745117188,hit_wordnet
1418,364,global.socket.,513,tool,-15.906960487365723,hit_wordnet
1419,364,global.socket.,11,individual,-16.054410934448242,hit_wordnet
1420,366,null,517,entity,-11.118553161621094,hit_wordnet
1421,366,null,484,unit,-12.6918306350708,hit_wordnet
1422,366,null,781,group,-13.179730415344238,hit_wordnet
1423,366,null,11,individual,-13.34393310546875,hit_wordnet
1424,366,null,108,number,-13.51732063293457,hit_wordnet
1425,367,clustername,208,arbitrary text,-10.286779403686523,hit_wordnet
1426,367,clustername,517,entity,-10.417854309082031,hit_wordnet
1427,367,clustername,967,cluster_name,-10.924224853515625,hit_wordnet
1428,367,clustername,781,group,-11.458109855651855,hit_wordnet
1429,367,clustername,6,simple text,-12.423181533813477,hit_wordnet
1430,369,boolean,517,entity,-11.958017349243164,hit_wordnet
1431,369,boolean,683,process,-13.110586166381836,hit_wordnet
1432,369,boolean,2052,whole,-13.380749702453613,hit_wordnet
1433,369,boolean,781,group,-13.64576244354248,hit_wordnet
1434,369,boolean,839,object,-13.833252906799316,hit_wordnet
1435,370,workload characterization,640,statistic,-15.354240417480469,hit_wordnet
1436,370,workload characterization,1040,process information,-15.369365692138672,hit_wordnet
1437,370,workload characterization,660,data,-15.51040267944336,hit_wordnet
1438,370,workload characterization,836,calculation,-16.16887092590332,hit_wordnet
1439,370,workload characterization,517,entity,-16.238590240478516,hit_wordnet
1440,371,orthogonal,781,group,-10.85136890411377,hit_wordnet
1441,371,orthogonal,517,entity,-11.137027740478516,hit_wordnet
1442,371,orthogonal,11,individual,-11.150047302246094,hit_wordnet
1443,371,orthogonal,2027,linear,-11.675444602966309,hit_wordnet
1444,371,orthogonal,1680,character,-11.892614364624023,hit_wordnet
1445,372,unrelated,517,entity,-8.395498275756836,hit_wordnet
1446,372,unrelated,781,group,-10.064057350158691,hit_wordnet
1447,372,unrelated,552,organization,-11.4568510055542,hit_wordnet
1448,372,unrelated,212,creation,-12.08515453338623,hit_wordnet
1449,372,unrelated,2052,whole,-12.820757865905762,hit_wordnet
1450,374,own configuration,479,relevant configuration,-5.989757061004639,hit_wordnet
1451,374,own configuration,319,separate configuration,-7.681108474731445,hit_wordnet
1452,374,own configuration,1369,other configuration,-7.910396575927734,hit_wordnet
1453,374,own configuration,483,available configuration,-8.31607437133789,hit_wordnet
1454,374,own configuration,730,several configuration,-8.752873420715332,hit_wordnet
1455,375,unauthorized,11,individual,-5.934964179992676,hit_wordnet
1456,375,unauthorized,1637,official,-7.1426496505737305,hit_wordnet
1457,375,unauthorized,37,user,-8.182355880737305,hit_wordnet
1458,375,unauthorized,1225,owner,-8.817349433898926,hit_wordnet
1459,375,unauthorized,749,member,-9.633119583129883,hit_wordnet
1460,376,database login,517,entity,-12.862627029418945,hit_wordnet
1461,376,database login,781,group,-14.054734230041504,hit_wordnet
1462,376,database login,11,individual,-15.018884658813477,hit_wordnet
1463,376,database login,2052,whole,-15.855399131774902,hit_wordnet
1464,376,database login,1637,official,-16.2083740234375,hit_wordnet
1465,377,complete,517,entity,-10.775053024291992,hit_wordnet
1466,377,complete,781,group,-12.099183082580566,hit_wordnet
1467,377,complete,2052,whole,-12.307330131530762,hit_wordnet
1468,377,complete,452,transaction,-12.926114082336426,hit_wordnet
1469,377,complete,540,addition,-13.162698745727539,hit_wordnet
1470,378,authinfo,517,entity,-10.548027038574219,hit_wordnet
1471,378,authinfo,781,group,-11.338299751281738,hit_wordnet
1472,378,authinfo,683,process,-14.135244369506836,hit_wordnet
1473,378,authinfo,849,kind,-14.225236892700195,hit_wordnet
1474,378,authinfo,1871,letter,-14.377195358276367,hit_wordnet
1475,379,second munge,359,default munge,-8.021958351135254,hit_wordnet
1476,379,second munge,138,munge,-12.595459938049316,hit_wordnet
1477,379,second munge,517,entity,-14.75284194946289,hit_wordnet
1478,379,second munge,683,process,-14.831853866577148,hit_wordnet
1479,379,second munge,781,group,-14.839434623718262,hit_wordnet
1480,380,socket,513,tool,-7.001359939575195,hit_wordnet
1481,380,socket,2032,thread,-8.942901611328125,hit_wordnet
1482,380,socket,141,machine,-9.891624450683594,hit_wordnet
1483,380,socket,517,entity,-10.101972579956055,hit_wordnet
1484,380,socket,781,group,-10.185458183288574,hit_wordnet
1485,381,enterprise,517,entity,-7.967159271240234,hit_wordnet
1486,381,enterprise,390,work,-9.497434616088867,hit_wordnet
1487,381,enterprise,781,group,-9.799650192260742,hit_wordnet
1488,381,enterprise,552,organization,-9.99977970123291,hit_wordnet
1489,381,enterprise,472,plan,-10.077799797058105,hit_wordnet
1490,382,authtype,517,entity,-10.921398162841797,hit_wordnet
1491,382,authtype,781,group,-13.032296180725098,hit_wordnet
1492,382,authtype,721,concept,-14.427165031433105,hit_wordnet
1493,382,authtype,11,individual,-14.593658447265625,hit_wordnet
1494,382,authtype,849,kind,-14.599903106689453,hit_wordnet
1495,385,auth,517,entity,-10.722063064575195,hit_wordnet
1496,385,auth,422,permission,-12.362627029418945,hit_wordnet
1497,385,auth,781,group,-12.612936973571777,hit_wordnet
1498,385,auth,1072,ownership,-12.795194625854492,hit_wordnet
1499,385,auth,11,individual,-13.280914306640625,hit_wordnet
1500,387,full domain,157,local domain,-6.34903621673584,hit_wordnet
1501,387,full domain,156,distinct local domain,-7.5163373947143555,hit_wordnet
1502,387,full domain,517,entity,-10.09001350402832,hit_wordnet
1503,387,full domain,781,group,-11.16016674041748,hit_wordnet
1504,387,full domain,198,location,-11.326412200927734,hit_wordnet
1505,388,warning,111,message,-8.203803062438965,hit_wordnet
1506,388,warning,693,indication,-8.46484375,hit_wordnet
1507,388,warning,137,communication,-10.296907424926758,hit_wordnet
1508,388,warning,517,entity,-10.903398513793945,hit_wordnet
1509,388,warning,1139,disclosure,-11.64345932006836,hit_wordnet
1510,390,work,517,entity,-9.296282768249512,hit_wordnet
1511,390,work,137,communication,-10.190709114074707,hit_wordnet
1512,390,work,781,group,-10.334070205688477,hit_wordnet
1513,390,work,2052,whole,-10.361713409423828,hit_wordnet
1514,390,work,212,creation,-10.589232444763184,hit_wordnet
1515,391,system build,1918,setup,-12.245736122131348,hit_wordnet
1516,391,system build,390,work,-12.325586318969727,hit_wordnet
1517,391,system build,1436,working,-13.195131301879883,hit_wordnet
1518,391,system build,212,creation,-13.213536262512207,hit_wordnet
1519,391,system build,495,production,-13.358753204345703,hit_wordnet
1520,394,logfile,52,file,-12.014509201049805,hit_wordnet
1521,394,logfile,517,entity,-13.62336540222168,hit_wordnet
1522,394,logfile,18,report,-13.778573989868164,hit_wordnet
1523,394,logfile,7,database,-13.977560043334961,hit_wordnet
1524,394,logfile,1040,process information,-15.03752326965332,hit_wordnet
1525,395,qualified,11,individual,-11.932411193847656,hit_wordnet
1526,395,qualified,517,entity,-12.134246826171875,hit_wordnet
1527,395,qualified,781,group,-12.796170234680176,hit_wordnet
1528,395,qualified,1637,official,-12.881150245666504,hit_wordnet
1529,395,qualified,811,candidate,-14.070880889892578,hit_wordnet
1530,396,syslog,517,entity,-12.269998550415039,hit_wordnet
1531,396,syslog,18,report,-12.848752975463867,hit_wordnet
1532,396,syslog,781,group,-13.688584327697754,hit_wordnet
1533,396,syslog,8,information,-14.356717109680176,hit_wordnet
1534,396,syslog,111,message,-14.427603721618652,hit_wordnet
1535,398,colon,781,group,-10.702301979064941,hit_wordnet
1536,398,colon,517,entity,-11.170272827148438,hit_wordnet
1537,398,colon,683,process,-11.958059310913086,hit_wordnet
1538,398,colon,2052,whole,-12.36035442352295,hit_wordnet
1539,398,colon,9,sacct,-12.909202575683594,hit_wordnet
1540,399,directory,7,database,-11.094138145446777,hit_wordnet
1541,399,directory,517,entity,-11.37891960144043,hit_wordnet
1542,399,directory,781,group,-12.133179664611816,hit_wordnet
1543,399,directory,52,file,-13.901583671569824,hit_wordnet
1544,399,directory,2052,whole,-14.04097843170166,hit_wordnet
1545,400,prefix,208,arbitrary text,-9.025367736816406,hit_wordnet
1546,400,prefix,517,entity,-9.72598648071289,hit_wordnet
1547,400,prefix,6,simple text,-10.165328979492188,hit_wordnet
1548,400,prefix,781,group,-10.440836906433105,hit_wordnet
1549,400,prefix,27,text,-11.07895278930664,hit_wordnet
1550,401,configure,517,entity,-8.860031127929688,hit_wordnet
1551,401,configure,781,group,-9.572182655334473,hit_wordnet
1552,401,configure,30,mechanism,-9.623103141784668,hit_wordnet
1553,401,configure,552,organization,-9.793111801147461,hit_wordnet
1554,401,configure,1956,connection,-10.117569923400879,hit_wordnet
1555,402,lib,781,group,-8.67663860321045,hit_wordnet
1556,402,lib,517,entity,-9.35624885559082,hit_wordnet
1557,402,lib,11,individual,-11.687126159667969,hit_wordnet
1558,402,lib,525,party,-11.891871452331543,hit_wordnet
1559,402,lib,484,unit,-12.277497291564941,hit_wordnet
1560,403,slurmdbd daemon,1702,sbatchd daemon,-11.260391235351562,hit_wordnet
1561,403,slurmdbd daemon,517,entity,-12.943681716918945,hit_wordnet
1562,403,slurmdbd daemon,781,group,-13.535326957702637,hit_wordnet
1563,403,slurmdbd daemon,683,process,-14.554786682128906,hit_wordnet
1564,403,slurmdbd daemon,11,individual,-15.56816291809082,hit_wordnet
1565,406,root,781,group,-9.297945976257324,hit_wordnet
1566,406,root,517,entity,-9.325353622436523,hit_wordnet
1567,406,root,683,process,-10.712886810302734,hit_wordnet
1568,406,root,2052,whole,-10.908601760864258,hit_wordnet
1569,406,root,11,individual,-13.043315887451172,hit_wordnet
1570,408,note,27,text,-7.242429733276367,hit_wordnet
1571,408,note,6,simple text,-7.9271697998046875,hit_wordnet
1572,408,note,517,entity,-8.665122985839844,hit_wordnet
1573,408,note,111,message,-8.871394157409668,hit_wordnet
1574,408,note,693,indication,-9.46934700012207,hit_wordnet
1575,409,storagehost,517,entity,-12.174978256225586,hit_wordnet
1576,409,storagehost,781,group,-12.388484001159668,hit_wordnet
1577,409,storagehost,1355,facility,-13.092941284179688,hit_wordnet
1578,409,storagehost,141,machine,-13.580328941345215,hit_wordnet
1579,409,storagehost,955,platform,-13.808431625366211,hit_wordnet
1580,410,large,781,group,-11.441132545471191,hit_wordnet
1581,410,large,11,individual,-11.871335983276367,hit_wordnet
1582,410,large,517,entity,-12.241342544555664,hit_wordnet
1583,410,large,289,size,-13.093215942382812,hit_wordnet
1584,410,large,484,unit,-13.393786430358887,hit_wordnet
1585,413,slurm_acct_db,517,entity,-12.470985412597656,hit_wordnet
1586,413,slurm_acct_db,781,group,-13.295723915100098,hit_wordnet
1587,413,slurm_acct_db,683,process,-14.663999557495117,hit_wordnet
1588,413,slurm_acct_db,11,individual,-15.738567352294922,hit_wordnet
1589,413,slurm_acct_db,28,slurmdbd,-15.778228759765625,hit_wordnet
1590,414,storagepass,955,platform,-12.19279670715332,hit_wordnet
1591,414,storagepass,517,entity,-12.478355407714844,hit_wordnet
1592,414,storagepass,781,group,-12.505631446838379,hit_wordnet
1593,414,storagepass,2052,whole,-13.042845726013184,hit_wordnet
1594,414,storagepass,216,partition,-13.324529647827148,hit_wordnet
1595,415,job accounting,2,accounting,-8.240216255187988,hit_wordnet
1596,415,job accounting,517,entity,-15.015796661376953,hit_wordnet
1597,415,job accounting,660,data,-15.990737915039062,hit_wordnet
1598,415,job accounting,8,information,-15.997105598449707,hit_wordnet
1599,415,job accounting,452,transaction,-16.465526580810547,hit_wordnet
1600,416,storageport,517,entity,-12.803258895874023,hit_wordnet
1601,416,storageport,1355,facility,-13.115776062011719,hit_wordnet
1602,416,storageport,781,group,-13.515170097351074,hit_wordnet
1603,416,storageport,120,computer,-13.877906799316406,hit_wordnet
1604,416,storageport,552,organization,-14.300990104675293,hit_wordnet
1605,418,only acceptable,517,entity,-12.256519317626953,hit_wordnet
1606,418,only acceptable,1004,attribute,-13.389130592346191,hit_wordnet
1607,418,only acceptable,48,appropriate,-13.89311695098877,hit_wordnet
1608,418,only acceptable,781,group,-13.96540355682373,hit_wordnet
1609,418,only acceptable,523,ability,-14.443366050720215,hit_wordnet
1610,420,storageuser,37,user,-11.628332138061523,hit_wordnet
1611,420,storageuser,11,individual,-11.783000946044922,hit_wordnet
1612,420,storageuser,1637,official,-12.580035209655762,hit_wordnet
1613,420,storageuser,171,operator,-13.440109252929688,hit_wordnet
1614,420,storageuser,517,entity,-13.565399169921875,hit_wordnet
1615,422,permission,517,entity,-9.280001640319824,hit_wordnet
1616,422,permission,781,group,-10.503796577453613,hit_wordnet
1617,422,permission,349,policy,-11.204667091369629,hit_wordnet
1618,422,permission,1004,attribute,-11.295530319213867,hit_wordnet
1619,422,permission,104,state,-11.394148826599121,hit_wordnet
1620,423,mysql user grant,517,entity,-13.335870742797852,hit_wordnet
1621,423,mysql user grant,781,group,-14.228976249694824,hit_wordnet
1622,423,mysql user grant,1072,ownership,-16.28670310974121,hit_wordnet
1623,423,mysql user grant,11,individual,-16.303768157958984,hit_wordnet
1624,423,mysql user grant,422,permission,-16.340967178344727,hit_wordnet
1625,424,tick,517,entity,-11.253622055053711,hit_wordnet
1626,424,tick,781,group,-12.173481941223145,hit_wordnet
1627,424,tick,683,process,-12.708179473876953,hit_wordnet
1628,424,tick,513,tool,-12.775734901428223,hit_wordnet
1629,424,tick,839,object,-13.31723690032959,hit_wordnet
1630,425,info,8,information,-3.7838330268859863,hit_wordnet
1631,425,info,517,entity,-8.236430168151855,hit_wordnet
1632,425,info,18,report,-9.792009353637695,hit_wordnet
1633,425,info,1376,content,-9.988093376159668,hit_wordnet
1634,425,info,137,communication,-10.237424850463867,hit_wordnet
1635,427,line,2052,whole,-6.630369186401367,hit_wordnet
1636,427,line,781,group,-7.828851699829102,hit_wordnet
1637,427,line,644,part,-7.898749351501465,hit_wordnet
1638,427,line,517,entity,-8.29531478881836,hit_wordnet
1639,427,line,839,object,-9.739413261413574,hit_wordnet
1640,428,continuation,683,process,-10.431941986083984,hit_wordnet
1641,428,continuation,2093,sequence,-10.616382598876953,hit_wordnet
1642,428,continuation,517,entity,-10.637271881103516,hit_wordnet
1643,428,continuation,2113,difference,-10.86977767944336,hit_wordnet
1644,428,continuation,2052,whole,-10.869927406311035,hit_wordnet
1645,429,previous mysql,7,database,-11.172210693359375,hit_wordnet
1646,429,previous mysql,503,certain database,-11.931732177734375,hit_wordnet
1647,429,previous mysql,517,entity,-12.230897903442383,hit_wordnet
1648,429,previous mysql,45,mysql,-13.236516952514648,hit_wordnet
1649,429,previous mysql,781,group,-13.280041694641113,hit_wordnet
1650,431,grant,517,entity,-10.737916946411133,hit_wordnet
1651,431,grant,907,share,-11.084041595458984,hit_wordnet
1652,431,grant,452,transaction,-11.231376647949219,hit_wordnet
1653,431,grant,422,permission,-11.34131908416748,hit_wordnet
1654,431,grant,1816,request,-11.395068168640137,hit_wordnet
1655,432,live,517,entity,-11.242105484008789,hit_wordnet
1656,432,live,781,group,-12.05150318145752,hit_wordnet
1657,432,live,104,state,-12.376152992248535,hit_wordnet
1658,432,live,70,performance,-12.497698783874512,hit_wordnet
1659,432,live,170,action,-12.817713737487793,hit_wordnet
1660,433,mysql@snowflake,517,entity,-11.087905883789062,hit_wordnet
1661,433,mysql@snowflake,781,group,-11.536980628967285,hit_wordnet
1662,433,mysql@snowflake,11,individual,-11.793329238891602,hit_wordnet
1663,433,mysql@snowflake,521,man,-14.310108184814453,hit_wordnet
1664,433,mysql@snowflake,1637,official,-14.550541877746582,hit_wordnet
1665,435,mysql connection i,517,entity,-12.473590850830078,hit_wordnet
1666,435,mysql connection i,781,group,-13.00443172454834,hit_wordnet
1667,435,mysql connection i,223,system,-14.589646339416504,hit_wordnet
1668,435,mysql connection i,1060,software,-14.83782958984375,hit_wordnet
1669,435,mysql connection i,866,program,-14.873357772827148,hit_wordnet
1670,437,ubuntu,517,entity,-9.361984252929688,hit_wordnet
1671,437,ubuntu,781,group,-10.075972557067871,hit_wordnet
1672,437,ubuntu,2052,whole,-11.371956825256348,hit_wordnet
1673,437,ubuntu,484,unit,-11.448983192443848,hit_wordnet
1674,437,ubuntu,11,individual,-11.691282272338867,hit_wordnet
1675,438,buffer,517,entity,-9.927831649780273,hit_wordnet
1676,438,buffer,2052,whole,-10.160664558410645,hit_wordnet
1677,438,buffer,141,machine,-10.963980674743652,hit_wordnet
1678,438,buffer,781,group,-10.996539115905762,hit_wordnet
1679,438,buffer,484,unit,-11.104228019714355,hit_wordnet
1680,439,slurm'@'localhost,781,group,-11.063176155090332,hit_wordnet
1681,439,slurm'@'localhost,517,entity,-11.709043502807617,hit_wordnet
1682,439,slurm'@'localhost,513,tool,-13.515084266662598,hit_wordnet
1683,439,slurm'@'localhost,683,process,-13.582109451293945,hit_wordnet
1684,439,slurm'@'localhost,11,individual,-14.120309829711914,hit_wordnet
1685,442,slurm'@'system,781,group,-12.477015495300293,hit_wordnet
1686,442,slurm'@'system,517,entity,-12.540294647216797,hit_wordnet
1687,442,slurm'@'system,683,process,-12.821762084960938,hit_wordnet
1688,442,slurm'@'system,866,program,-14.559928894042969,hit_wordnet
1689,442,slurm'@'system,30,mechanism,-14.741373062133789,hit_wordnet
1690,443,localhost,781,group,-9.52588176727295,hit_wordnet
1691,443,localhost,517,entity,-10.139699935913086,hit_wordnet
1692,443,localhost,493,site,-11.770145416259766,hit_wordnet
1693,443,localhost,2052,whole,-12.092267036437988,hit_wordnet
1694,443,localhost,11,individual,-12.323278427124023,hit_wordnet
1695,444,database storage,315,storage,-11.503578186035156,hit_wordnet
1696,444,database storage,7,database,-12.06351089477539,hit_wordnet
1697,444,database storage,660,data,-12.408117294311523,hit_wordnet
1698,444,database storage,517,entity,-13.113349914550781,hit_wordnet
1699,444,database storage,651,memory,-13.783916473388672,hit_wordnet
1700,445,some_pass,517,entity,-12.258453369140625,hit_wordnet
1701,445,some_pass,781,group,-13.1156644821167,hit_wordnet
1702,445,some_pass,452,transaction,-13.670548439025879,hit_wordnet
1703,445,some_pass,111,message,-13.741911888122559,hit_wordnet
1704,445,some_pass,2052,whole,-13.793171882629395,hit_wordnet
1705,449,engine,141,machine,-8.676006317138672,hit_wordnet
1706,449,engine,781,group,-10.835955619812012,hit_wordnet
1707,449,engine,517,entity,-10.868925094604492,hit_wordnet
1708,449,engine,513,tool,-11.782669067382812,hit_wordnet
1709,449,engine,11,individual,-11.996343612670898,hit_wordnet
1710,450,support,2052,whole,-8.121942520141602,hit_wordnet
1711,450,support,781,group,-8.348745346069336,hit_wordnet
1712,450,support,517,entity,-8.881710052490234,hit_wordnet
1713,450,support,644,part,-8.94746208190918,hit_wordnet
1714,450,support,839,object,-9.311573028564453,hit_wordnet
1715,451,comment,111,message,-6.450916290283203,hit_wordnet
1716,451,comment,517,entity,-8.102439880371094,hit_wordnet
1717,451,comment,769,reply,-8.760793685913086,hit_wordnet
1718,451,comment,693,indication,-9.702733993530273,hit_wordnet
1719,451,comment,781,group,-9.975935935974121,hit_wordnet
1720,452,transaction,576,attempt,-8.791879653930664,hit_wordnet
1721,452,transaction,170,action,-8.812296867370605,hit_wordnet
1722,452,transaction,13,task,-9.175065994262695,hit_wordnet
1723,452,transaction,137,communication,-9.499737739562988,hit_wordnet
1724,452,transaction,517,entity,-9.564531326293945,hit_wordnet
1725,453,savepoint,2052,whole,-12.681916236877441,hit_wordnet
1726,453,savepoint,517,entity,-13.498294830322266,hit_wordnet
1727,453,savepoint,839,object,-14.2709321975708,hit_wordnet
1728,453,savepoint,781,group,-14.518477439880371,hit_wordnet
1729,453,savepoint,1954,point,-15.207645416259766,hit_wordnet
1730,454,level,2052,whole,-9.229825019836426,hit_wordnet
1731,454,level,653,interval,-10.36485481262207,hit_wordnet
1732,454,level,517,entity,-10.628145217895508,hit_wordnet
1733,454,level,781,group,-10.737387657165527,hit_wordnet
1734,454,level,484,unit,-10.92741870880127,hit_wordnet
1735,455,foreign,11,individual,-8.682141304016113,hit_wordnet
1736,455,foreign,517,entity,-9.877161026000977,hit_wordnet
1737,455,foreign,1498,relative,-10.09357738494873,hit_wordnet
1738,455,foreign,781,group,-10.289277076721191,hit_wordnet
1739,455,foreign,1637,official,-11.079595565795898,hit_wordnet
1740,458,storage host,517,entity,-11.858985900878906,hit_wordnet
1741,458,storage host,1937,server host,-12.386765480041504,hit_wordnet
1742,458,storage host,781,group,-12.651505470275879,hit_wordnet
1743,458,storage host,11,individual,-13.058454513549805,hit_wordnet
1744,458,storage host,1637,official,-13.725796699523926,hit_wordnet
1745,460,sbin,781,group,-10.449938774108887,hit_wordnet
1746,460,sbin,513,tool,-11.408370018005371,hit_wordnet
1747,460,sbin,517,entity,-11.714963912963867,hit_wordnet
1748,460,sbin,11,individual,-12.31928825378418,hit_wordnet
1749,460,sbin,484,unit,-12.73099422454834,hit_wordnet
1750,461,init.d/slurmdbd,517,entity,-12.437416076660156,hit_wordnet
1751,461,init.d/slurmdbd,781,group,-13.2579927444458,hit_wordnet
1752,461,init.d/slurmdbd,683,process,-13.617965698242188,hit_wordnet
1753,461,init.d/slurmdbd,9,sacct,-15.376974105834961,hit_wordnet
1754,461,init.d/slurmdbd,28,slurmdbd,-15.393749237060547,hit_wordnet
1755,462,ps,517,entity,-11.512386322021484,hit_wordnet
1756,462,ps,781,group,-12.324788093566895,hit_wordnet
1757,462,ps,484,unit,-13.842352867126465,hit_wordnet
1758,462,ps,1871,letter,-14.28782844543457,hit_wordnet
1759,462,ps,11,individual,-14.29312515258789,hit_wordnet
1760,463,grep,517,entity,-12.917055130004883,hit_wordnet
1761,463,grep,6,simple text,-13.728849411010742,hit_wordnet
1762,463,grep,781,group,-13.734923362731934,hit_wordnet
1763,463,grep,27,text,-13.981334686279297,hit_wordnet
1764,463,grep,683,process,-15.217159271240234,hit_wordnet
1765,467,purge,474,purging,-9.545329093933105,hit_wordnet
1766,467,purge,683,process,-10.765409469604492,hit_wordnet
1767,467,purge,170,action,-11.271339416503906,hit_wordnet
1768,467,purge,517,entity,-11.469144821166992,hit_wordnet
1769,467,purge,622,change,-11.650801658630371,hit_wordnet
1770,468,reasonable,484,unit,-12.271231651306152,hit_wordnet
1771,468,reasonable,517,entity,-12.81423568725586,hit_wordnet
1772,468,reasonable,11,individual,-13.599126815795898,hit_wordnet
1773,468,reasonable,781,group,-13.709673881530762,hit_wordnet
1774,468,reasonable,490,amount,-14.033120155334473,hit_wordnet
1775,469,age,517,entity,-9.920567512512207,hit_wordnet
1776,469,age,781,group,-11.182913780212402,hit_wordnet
1777,469,age,104,state,-11.292359352111816,hit_wordnet
1778,469,age,2052,whole,-11.423940658569336,hit_wordnet
1779,469,age,39,time,-11.742814064025879,hit_wordnet
1780,470,purged,467,purge,-9.961736679077148,hit_wordnet
1781,470,purged,517,entity,-11.241849899291992,hit_wordnet
1782,470,purged,781,group,-12.119214057922363,hit_wordnet
1783,470,purged,632,removed,-12.647331237792969,hit_wordnet
1784,470,purged,598,delete,-12.648266792297363,hit_wordnet
1785,471,sacctmgr,781,group,-14.337965965270996,hit_wordnet
1786,471,sacctmgr,517,entity,-14.382179260253906,hit_wordnet
1787,471,sacctmgr,11,individual,-15.20557975769043,hit_wordnet
1788,471,sacctmgr,9,sacct,-16.162158966064453,hit_wordnet
1789,471,sacctmgr,513,tool,-16.581024169921875,hit_wordnet
1790,472,plan,517,entity,-8.526275634765625,hit_wordnet
1791,472,plan,137,communication,-8.587876319885254,hit_wordnet
1792,472,plan,552,organization,-8.632166862487793,hit_wordnet
1793,472,plan,13,task,-9.094775199890137,hit_wordnet
1794,472,plan,1704,topic,-10.026505470275879,hit_wordnet
1795,474,purging,683,process,-10.507339477539062,hit_wordnet
1796,474,purging,881,decrease,-10.996160507202148,hit_wordnet
1797,474,purging,622,change,-11.131261825561523,hit_wordnet
1798,474,purging,170,action,-11.29873275756836,hit_wordnet
1799,474,purging,992,operation,-11.386460304260254,hit_wordnet
1800,475,unwieldy,517,entity,-9.287026405334473,hit_wordnet
1801,475,unwieldy,1004,attribute,-10.550273895263672,hit_wordnet
1802,475,unwieldy,781,group,-10.615164756774902,hit_wordnet
1803,475,unwieldy,839,object,-10.718430519104004,hit_wordnet
1804,475,unwieldy,2052,whole,-10.954270362854004,hit_wordnet
1805,479,relevant configuration,319,separate configuration,-7.7118449211120605,hit_wordnet
1806,479,relevant configuration,73,configuration,-8.099084854125977,hit_wordnet
1807,479,relevant configuration,1369,other configuration,-8.122777938842773,hit_wordnet
1808,479,relevant configuration,730,several configuration,-8.630876541137695,hit_wordnet
1809,479,relevant configuration,1883,same configuration,-8.6637544631958,hit_wordnet
1810,480,archive,517,entity,-10.328042984008789,hit_wordnet
1811,480,archive,7,database,-11.608576774597168,hit_wordnet
1812,480,archive,781,group,-12.07862377166748,hit_wordnet
1813,480,archive,2052,whole,-12.293200492858887,hit_wordnet
1814,480,archive,1997,copy,-13.1982421875,hit_wordnet
1815,482,form,517,entity,-7.435812950134277,hit_wordnet
1816,482,form,27,text,-7.810037612915039,hit_wordnet
1817,482,form,208,arbitrary text,-7.925754547119141,hit_wordnet
1818,482,form,6,simple text,-8.040769577026367,hit_wordnet
1819,482,form,781,group,-8.995455741882324,hit_wordnet
1820,483,available configuration,479,relevant configuration,-8.764142990112305,hit_wordnet
1821,483,available configuration,2168,configuration option,-11.684552192687988,hit_wordnet
1822,483,available configuration,73,configuration,-11.876218795776367,hit_wordnet
1823,483,available configuration,319,separate configuration,-11.93398380279541,hit_wordnet
1824,483,available configuration,1369,other configuration,-12.830045700073242,hit_wordnet
1825,484,unit,781,group,-6.699304580688477,hit_wordnet
1826,484,unit,517,entity,-6.7449951171875,hit_wordnet
1827,484,unit,2052,whole,-8.193117141723633,hit_wordnet
1828,484,unit,11,individual,-9.344937324523926,hit_wordnet
1829,484,unit,839,object,-10.722921371459961,hit_wordnet
1830,485,beginning,2052,whole,-4.946957111358643,hit_wordnet
1831,485,beginning,517,entity,-6.319275856018066,hit_wordnet
1832,485,beginning,644,part,-7.640413284301758,hit_wordnet
1833,485,beginning,781,group,-7.758971214294434,hit_wordnet
1834,485,beginning,839,object,-8.150882720947266,hit_wordnet
1835,486,month,781,group,-9.757780075073242,hit_wordnet
1836,486,month,19,particular time,-9.793086051940918,hit_wordnet
1837,486,month,517,entity,-9.79733657836914,hit_wordnet
1838,486,month,2052,whole,-11.169087409973145,hit_wordnet
1839,486,month,39,time,-11.498276710510254,hit_wordnet
1840,487,day,19,particular time,-7.729033470153809,hit_wordnet
1841,487,day,486,month,-8.59830379486084,hit_wordnet
1842,487,day,39,time,-9.500060081481934,hit_wordnet
1843,487,day,517,entity,-10.961645126342773,hit_wordnet
1844,487,day,781,group,-11.520461082458496,hit_wordnet
1845,488,distinction,721,concept,-7.029273986816406,hit_wordnet
1846,488,distinction,882,meaning,-7.745336532592773,hit_wordnet
1847,488,distinction,517,entity,-9.029921531677246,hit_wordnet
1848,488,distinction,1004,attribute,-9.10208511352539,hit_wordnet
1849,488,distinction,849,kind,-9.774988174438477,hit_wordnet
1850,489,active,11,individual,-11.233362197875977,hit_wordnet
1851,489,active,517,entity,-11.272254943847656,hit_wordnet
1852,489,active,781,group,-11.290923118591309,hit_wordnet
1853,489,active,1637,official,-14.176836967468262,hit_wordnet
1854,489,active,484,unit,-14.911145210266113,hit_wordnet
1855,490,amount,1004,attribute,-7.303494453430176,hit_wordnet
1856,490,amount,1376,content,-8.027525901794434,hit_wordnet
1857,490,amount,523,ability,-8.715916633605957,hit_wordnet
1858,490,amount,517,entity,-9.227493286132812,hit_wordnet
1859,490,amount,337,quality,-9.235678672790527,hit_wordnet
1860,492,ongoing,517,entity,-12.159456253051758,hit_wordnet
1861,492,ongoing,674,event,-12.77983283996582,hit_wordnet
1862,492,ongoing,781,group,-12.92056941986084,hit_wordnet
1863,492,ongoing,2093,sequence,-13.329809188842773,hit_wordnet
1864,492,ongoing,683,process,-13.333080291748047,hit_wordnet
1865,493,site,198,location,-5.468308925628662,hit_wordnet
1866,493,site,2052,whole,-6.689582824707031,hit_wordnet
1867,493,site,552,organization,-6.922662734985352,hit_wordnet
1868,493,site,781,group,-6.936881065368652,hit_wordnet
1869,493,site,517,entity,-7.141119956970215,hit_wordnet
1870,495,production,212,creation,-7.756110191345215,hit_wordnet
1871,495,production,622,change,-9.181224822998047,hit_wordnet
1872,495,production,390,work,-9.201264381408691,hit_wordnet
1873,495,production,1709,new process,-9.687134742736816,hit_wordnet
1874,495,production,170,action,-9.928702354431152,hit_wordnet
1875,496,manageable,530,utility,-13.193422317504883,hit_wordnet
1876,496,manageable,517,entity,-13.502517700195312,hit_wordnet
1877,496,manageable,781,group,-14.193177223205566,hit_wordnet
1878,496,manageable,785,control,-14.54088020324707,hit_wordnet
1879,496,manageable,141,machine,-14.6255521774292,hit_wordnet
1880,497,sure old,517,entity,-12.908483505249023,hit_wordnet
1881,497,sure old,781,group,-13.47697925567627,hit_wordnet
1882,497,sure old,249,old,-13.534770965576172,hit_wordnet
1883,497,sure old,11,individual,-13.782442092895508,hit_wordnet
1884,497,sure old,469,age,-14.420402526855469,hit_wordnet
1885,503,certain database,7,database,-6.93276309967041,hit_wordnet
1886,503,certain database,517,entity,-11.813743591308594,hit_wordnet
1887,503,certain database,660,data,-12.896137237548828,hit_wordnet
1888,503,certain database,781,group,-13.594189643859863,hit_wordnet
1889,503,certain database,1060,software,-14.571901321411133,hit_wordnet
1890,504,archived,480,archive,-7.764797210693359,hit_wordnet
1891,504,archived,318,archiving,-11.836174011230469,hit_wordnet
1892,504,archived,517,entity,-12.490852355957031,hit_wordnet
1893,504,archived,781,group,-14.1155424118042,hit_wordnet
1894,504,archived,2052,whole,-14.71948528289795,hit_wordnet
1895,506,mysqldump,517,entity,-10.935049057006836,hit_wordnet
1896,506,mysqldump,781,group,-11.7271089553833,hit_wordnet
1897,506,mysqldump,7,database,-12.31588363647461,hit_wordnet
1898,506,mysqldump,11,individual,-13.717084884643555,hit_wordnet
1899,506,mysqldump,683,process,-13.864395141601562,hit_wordnet
1900,510,slight,2052,whole,-10.9019136428833,hit_wordnet
1901,510,slight,1004,attribute,-11.086342811584473,hit_wordnet
1902,510,slight,490,amount,-11.213351249694824,hit_wordnet
1903,510,slight,517,entity,-11.663463592529297,hit_wordnet
1904,510,slight,644,part,-11.761505126953125,hit_wordnet
1905,512,gap,2052,whole,-8.385432243347168,hit_wordnet
1906,512,gap,644,part,-10.357486724853516,hit_wordnet
1907,512,gap,683,process,-10.47913932800293,hit_wordnet
1908,512,gap,517,entity,-11.020713806152344,hit_wordnet
1909,512,gap,781,group,-11.078558921813965,hit_wordnet
1910,513,tool,781,group,-8.59775447845459,hit_wordnet
1911,513,tool,517,entity,-8.764918327331543,hit_wordnet
1912,513,tool,839,object,-9.440321922302246,hit_wordnet
1913,513,tool,11,individual,-10.195863723754883,hit_wordnet
1914,513,tool,2052,whole,-10.602449417114258,hit_wordnet
1915,514,few,781,group,-9.599299430847168,hit_wordnet
1916,514,few,517,entity,-10.63197135925293,hit_wordnet
1917,514,few,484,unit,-10.737183570861816,hit_wordnet
1918,514,few,240,several,-10.913457870483398,hit_wordnet
1919,514,few,681,many,-11.139283180236816,hit_wordnet
1920,516,detail,1376,content,-7.626416206359863,hit_wordnet
1921,516,detail,8,information,-7.71610164642334,hit_wordnet
1922,516,detail,721,concept,-8.214258193969727,hit_wordnet
1923,516,detail,1004,attribute,-9.259865760803223,hit_wordnet
1924,516,detail,517,entity,-9.303202629089355,hit_wordnet
1925,519,various,781,group,-9.467513084411621,hit_wordnet
1926,519,various,517,entity,-9.879911422729492,hit_wordnet
1927,519,various,849,kind,-11.70179557800293,hit_wordnet
1928,519,various,552,organization,-11.745036125183105,hit_wordnet
1929,519,various,264,set,-11.949334144592285,hit_wordnet
1930,521,man,11,individual,-3.727473735809326,hit_wordnet
1931,521,man,1637,official,-6.822267532348633,hit_wordnet
1932,521,man,781,group,-7.532064437866211,hit_wordnet
1933,521,man,517,entity,-7.704974174499512,hit_wordnet
1934,521,man,749,member,-7.810205936431885,hit_wordnet
1935,523,ability,1004,attribute,-4.637249946594238,hit_wordnet
1936,523,ability,1376,content,-8.693024635314941,hit_wordnet
1937,523,ability,721,concept,-8.811555862426758,hit_wordnet
1938,523,ability,517,entity,-9.14754581451416,hit_wordnet
1939,523,ability,104,state,-9.35918140411377,hit_wordnet
1940,524,additional,517,entity,-10.302459716796875,hit_wordnet
1941,524,additional,108,number,-11.287334442138672,hit_wordnet
1942,524,additional,781,group,-11.375672340393066,hit_wordnet
1943,524,additional,484,unit,-11.430598258972168,hit_wordnet
1944,524,additional,540,addition,-12.440034866333008,hit_wordnet
1945,525,party,781,group,-5.629591941833496,hit_wordnet
1946,525,party,517,entity,-7.324976921081543,hit_wordnet
1947,525,party,11,individual,-9.213549613952637,hit_wordnet
1948,525,party,552,organization,-9.865187644958496,hit_wordnet
1949,525,party,2052,whole,-11.009269714355469,hit_wordnet
1950,526,dashboard,517,entity,-12.963180541992188,hit_wordnet
1951,526,dashboard,955,platform,-13.344552993774414,hit_wordnet
1952,526,dashboard,2052,whole,-13.387925148010254,hit_wordnet
1953,526,dashboard,781,group,-13.677241325378418,hit_wordnet
1954,526,dashboard,141,machine,-13.79171085357666,hit_wordnet
1955,527,graph,517,entity,-8.975150108337402,hit_wordnet
1956,527,graph,2052,whole,-9.355745315551758,hit_wordnet
1957,527,graph,781,group,-10.080809593200684,hit_wordnet
1958,527,graph,683,process,-10.844522476196289,hit_wordnet
1959,527,graph,839,object,-11.133020401000977,hit_wordnet
1960,528,relevant,517,entity,-11.204410552978516,hit_wordnet
1961,528,relevant,8,information,-11.582695960998535,hit_wordnet
1962,528,relevant,1004,attribute,-12.631804466247559,hit_wordnet
1963,528,relevant,1376,content,-12.697056770324707,hit_wordnet
1964,528,relevant,721,concept,-13.03868579864502,hit_wordnet
1965,529,schedmd,517,entity,-12.216634750366211,hit_wordnet
1966,529,schedmd,781,group,-12.382649421691895,hit_wordnet
1967,529,schedmd,11,individual,-13.376178741455078,hit_wordnet
1968,529,schedmd,484,unit,-14.459994316101074,hit_wordnet
1969,529,schedmd,1637,official,-14.591744422912598,hit_wordnet
1970,530,utility,1099,management,-10.134160041809082,hit_wordnet
1971,530,utility,523,ability,-10.417627334594727,hit_wordnet
1972,530,utility,785,control,-10.603004455566406,hit_wordnet
1973,530,utility,381,enterprise,-10.760395050048828,hit_wordnet
1974,530,utility,349,policy,-10.797491073608398,hit_wordnet
1975,531,grafana,781,group,-11.996487617492676,hit_wordnet
1976,531,grafana,517,entity,-12.541667938232422,hit_wordnet
1977,531,grafana,683,process,-14.594602584838867,hit_wordnet
1978,531,grafana,2052,whole,-16.259967803955078,hit_wordnet
1979,531,grafana,11,individual,-16.433452606201172,hit_wordnet
1980,533,prometheu,517,entity,-10.440441131591797,hit_wordnet
1981,533,prometheu,781,group,-11.980900764465332,hit_wordnet
1982,533,prometheu,683,process,-14.148380279541016,hit_wordnet
1983,533,prometheu,721,concept,-14.657450675964355,hit_wordnet
1984,533,prometheu,1613,symbolic,-14.76034927368164,hit_wordnet
1985,534,exporter,11,individual,-12.09695053100586,hit_wordnet
1986,534,exporter,1637,official,-12.44001293182373,hit_wordnet
1987,534,exporter,37,user,-12.954809188842773,hit_wordnet
1988,534,exporter,517,entity,-13.447193145751953,hit_wordnet
1989,534,exporter,1225,owner,-13.711544036865234,hit_wordnet
1990,537,element,517,entity,-7.5531158447265625,hit_wordnet
1991,537,element,2052,whole,-9.38506031036377,hit_wordnet
1992,537,element,781,group,-9.446033477783203,hit_wordnet
1993,537,element,683,process,-10.214719772338867,hit_wordnet
1994,537,element,484,unit,-10.648500442504883,hit_wordnet
1995,540,addition,212,creation,-8.350993156433105,hit_wordnet
1996,540,addition,622,change,-8.949017524719238,hit_wordnet
1997,540,addition,517,entity,-9.095846176147461,hit_wordnet
1998,540,addition,835,placement,-9.584074020385742,hit_wordnet
1999,540,addition,170,action,-10.110766410827637,hit_wordnet
2000,541,add,540,addition,-8.367265701293945,hit_wordnet
2001,541,add,517,entity,-10.094520568847656,hit_wordnet
2002,541,add,664,sum,-11.03177547454834,hit_wordnet
2003,541,add,781,group,-11.552018165588379,hit_wordnet
2004,541,add,108,number,-12.006668090820312,hit_wordnet
2005,542,test,13,task,-10.065949440002441,hit_wordnet
2006,542,test,772,procedure,-10.526866912841797,hit_wordnet
2007,542,test,517,entity,-10.605955123901367,hit_wordnet
2008,542,test,137,communication,-10.854682922363281,hit_wordnet
2009,542,test,674,event,-11.265060424804688,hit_wordnet
2010,543,execute,1317,executing,-9.846379280090332,hit_wordnet
2011,543,execute,517,entity,-10.767730712890625,hit_wordnet
2012,543,execute,753,execution,-12.25541877746582,hit_wordnet
2013,543,execute,13,task,-12.306763648986816,hit_wordnet
2014,543,execute,772,procedure,-12.475987434387207,hit_wordnet
2015,544,sort,517,entity,-10.104625701904297,hit_wordnet
2016,544,sort,781,group,-10.7694730758667,hit_wordnet
2017,544,sort,683,process,-11.070575714111328,hit_wordnet
2018,544,sort,166,combination,-11.315224647521973,hit_wordnet
2019,544,sort,212,creation,-11.36458683013916,hit_wordnet
2020,551,description,613,explanation,-7.865113258361816,hit_wordnet
2021,551,description,721,concept,-8.628582000732422,hit_wordnet
2022,551,description,882,meaning,-9.113141059875488,hit_wordnet
2023,551,description,8,information,-9.71182918548584,hit_wordnet
2024,551,description,517,entity,-10.038225173950195,hit_wordnet
2025,552,organization,517,entity,-5.606260299682617,hit_wordnet
2026,552,organization,781,group,-5.743315696716309,hit_wordnet
2027,552,organization,2052,whole,-7.842132568359375,hit_wordnet
2028,552,organization,683,process,-10.032980918884277,hit_wordnet
2029,552,organization,839,object,-10.202821731567383,hit_wordnet
2030,553,term,517,entity,-7.563664436340332,hit_wordnet
2031,553,term,208,arbitrary text,-9.031158447265625,hit_wordnet
2032,553,term,683,process,-9.065116882324219,hit_wordnet
2033,553,term,781,group,-9.771830558776855,hit_wordnet
2034,553,term,2093,sequence,-10.055480003356934,hit_wordnet
2035,555,hierarchical,781,group,-11.077258110046387,hit_wordnet
2036,555,hierarchical,517,entity,-11.262611389160156,hit_wordnet
2037,555,hierarchical,552,organization,-11.526812553405762,hit_wordnet
2038,555,hierarchical,223,system,-11.98216724395752,hit_wordnet
2039,555,hierarchical,560,hierarchy,-12.750797271728516,hit_wordnet
2040,556,chemistry,565,science,-7.225648880004883,hit_wordnet
2041,556,chemistry,2169,method,-11.573474884033203,hit_wordnet
2042,556,chemistry,517,entity,-12.309938430786133,hit_wordnet
2043,556,chemistry,683,process,-12.691976547241211,hit_wordnet
2044,556,chemistry,721,concept,-12.809111595153809,hit_wordnet
2045,557,physic,517,entity,-9.478935241699219,hit_wordnet
2046,557,physic,781,group,-10.819548606872559,hit_wordnet
2047,557,physic,849,kind,-11.765340805053711,hit_wordnet
2048,557,physic,683,process,-11.844581604003906,hit_wordnet
2049,557,physic,2052,whole,-12.26075267791748,hit_wordnet
2050,558,child,11,individual,-5.968067169189453,hit_wordnet
2051,558,child,517,entity,-7.315054893493652,hit_wordnet
2052,558,child,781,group,-8.03328800201416,hit_wordnet
2053,558,child,521,man,-8.232909202575684,hit_wordnet
2054,558,child,1498,relative,-9.803872108459473,hit_wordnet
2055,560,hierarchy,552,organization,-9.259822845458984,hit_wordnet
2056,560,hierarchy,517,entity,-9.531869888305664,hit_wordnet
2057,560,hierarchy,781,group,-10.159876823425293,hit_wordnet
2058,560,hierarchy,284,order,-10.818561553955078,hit_wordnet
2059,560,hierarchy,223,system,-10.972820281982422,hit_wordnet
2060,561,arbitrary,517,entity,-9.438663482666016,hit_wordnet
2061,561,arbitrary,781,group,-11.028847694396973,hit_wordnet
2062,561,arbitrary,208,arbitrary text,-11.661491394042969,hit_wordnet
2063,561,arbitrary,849,kind,-11.692325592041016,hit_wordnet
2064,561,arbitrary,108,number,-11.734395980834961,hit_wordnet
2065,562,parent,1498,relative,-4.682165145874023,hit_wordnet
2066,562,parent,517,entity,-6.957311630249023,hit_wordnet
2067,562,parent,11,individual,-7.983589172363281,hit_wordnet
2068,562,parent,781,group,-9.04244327545166,hit_wordnet
2069,562,parent,749,member,-11.046448707580566,hit_wordnet
2070,563,add account,1008,configure account,-10.12185001373291,hit_wordnet
2071,563,add account,215,account,-10.568168640136719,hit_wordnet
2072,563,add account,517,entity,-11.242650985717773,hit_wordnet
2073,563,add account,781,group,-13.139666557312012,hit_wordnet
2074,563,add account,11,individual,-14.146810531616211,hit_wordnet
2075,565,science,721,concept,-9.82153606414795,hit_wordnet
2076,565,science,517,entity,-10.307622909545898,hit_wordnet
2077,565,science,2169,method,-10.97461223602295,hit_wordnet
2078,565,science,212,creation,-11.506888389587402,hit_wordnet
2079,565,science,683,process,-12.056398391723633,hit_wordnet
2080,572,user brian,11,individual,-9.997123718261719,hit_wordnet
2081,572,user brian,37,user,-11.457521438598633,hit_wordnet
2082,572,user brian,1637,official,-11.846713066101074,hit_wordnet
2083,572,user brian,517,entity,-12.089277267456055,hit_wordnet
2084,572,user brian,749,member,-12.559093475341797,hit_wordnet
2085,574,other,517,entity,-5.983294486999512,hit_wordnet
2086,574,other,11,individual,-6.4231672286987305,hit_wordnet
2087,574,other,1498,relative,-7.391205787658691,hit_wordnet
2088,574,other,781,group,-7.565859794616699,hit_wordnet
2089,574,other,749,member,-8.914749145507812,hit_wordnet
2090,575,future,674,event,-9.681074142456055,hit_wordnet
2091,575,future,104,state,-9.717248916625977,hit_wordnet
2092,575,future,517,entity,-9.983699798583984,hit_wordnet
2093,575,future,13,task,-10.532766342163086,hit_wordnet
2094,575,future,170,action,-10.764850616455078,hit_wordnet
2095,576,attempt,170,action,-5.368724822998047,hit_wordnet
2096,576,attempt,13,task,-6.4695963859558105,hit_wordnet
2097,576,attempt,674,event,-7.718813896179199,hit_wordnet
2098,576,attempt,1606,situation,-8.246391296386719,hit_wordnet
2099,576,attempt,921,result,-8.428829193115234,hit_wordnet
2100,577,job submission,947,submission,-12.465378761291504,hit_wordnet
2101,577,job submission,452,transaction,-13.238961219787598,hit_wordnet
2102,577,job submission,13,task,-14.07116413116455,hit_wordnet
2103,577,job submission,1816,request,-14.107730865478516,hit_wordnet
2104,577,job submission,170,action,-14.55319881439209,hit_wordnet
2105,581,name cluster,517,entity,-10.372802734375,hit_wordnet
2106,581,name cluster,781,group,-10.777535438537598,hit_wordnet
2107,581,name cluster,85,cluster,-13.036396026611328,hit_wordnet
2108,581,name cluster,208,arbitrary text,-13.076927185058594,hit_wordnet
2109,581,name cluster,998,define cluster,-13.150799751281738,hit_wordnet
2110,586,different bank,517,entity,-11.486709594726562,hit_wordnet
2111,586,different bank,781,group,-11.575146675109863,hit_wordnet
2112,586,different bank,552,organization,-11.861176490783691,hit_wordnet
2113,586,different bank,493,site,-13.077587127685547,hit_wordnet
2114,586,different bank,2052,whole,-13.495165824890137,hit_wordnet
2115,594,regular,11,individual,-7.5255231857299805,hit_wordnet
2116,594,regular,517,entity,-9.987983703613281,hit_wordnet
2117,594,regular,781,group,-10.3161039352417,hit_wordnet
2118,594,regular,749,member,-10.462361335754395,hit_wordnet
2119,594,regular,1637,official,-10.629303932189941,hit_wordnet
2120,595,privatedata,7,database,-11.78964614868164,hit_wordnet
2121,595,privatedata,517,entity,-12.29676628112793,hit_wordnet
2122,595,privatedata,660,data,-13.438543319702148,hit_wordnet
2123,595,privatedata,781,group,-14.059279441833496,hit_wordnet
2124,595,privatedata,503,certain database,-14.166208267211914,hit_wordnet
2125,596,create,212,creation,-5.413391590118408,hit_wordnet
2126,596,create,517,entity,-7.3118181228637695,hit_wordnet
2127,596,create,781,group,-10.176603317260742,hit_wordnet
2128,596,create,683,process,-10.26608943939209,hit_wordnet
2129,596,create,954,product,-10.461103439331055,hit_wordnet
2130,597,alter,517,entity,-6.78065299987793,hit_wordnet
2131,597,alter,839,object,-7.294430732727051,hit_wordnet
2132,597,alter,683,process,-7.82600212097168,hit_wordnet
2133,597,alter,2052,whole,-7.845699310302734,hit_wordnet
2134,597,alter,781,group,-8.164388656616211,hit_wordnet
2135,598,delete,517,entity,-10.825233459472656,hit_wordnet
2136,598,delete,683,process,-11.983667373657227,hit_wordnet
2137,598,delete,170,action,-12.028359413146973,hit_wordnet
2138,598,delete,881,decrease,-12.381855964660645,hit_wordnet
2139,598,delete,622,change,-12.469720840454102,hit_wordnet
2140,600,privilege,523,ability,-10.361565589904785,hit_wordnet
2141,600,privilege,422,permission,-10.563366889953613,hit_wordnet
2142,600,privilege,1004,attribute,-10.740355491638184,hit_wordnet
2143,600,privilege,517,entity,-11.334001541137695,hit_wordnet
2144,600,privilege,1072,ownership,-11.458823204040527,hit_wordnet
2145,601,served,517,entity,-11.608280181884766,hit_wordnet
2146,601,served,781,group,-11.857394218444824,hit_wordnet
2147,601,served,11,individual,-13.684484481811523,hit_wordnet
2148,601,served,2052,whole,-14.0326566696167,hit_wordnet
2149,601,served,111,message,-14.145035743713379,hit_wordnet
2150,603,defaultaccount default,517,entity,-13.192716598510742,hit_wordnet
2151,603,defaultaccount default,781,group,-15.057902336120605,hit_wordnet
2152,603,defaultaccount default,8,information,-15.487008094787598,hit_wordnet
2153,603,defaultaccount default,108,number,-15.500104904174805,hit_wordnet
2154,603,defaultaccount default,1004,attribute,-15.90478229522705,hit_wordnet
2155,605,newname,1670,name,-10.389981269836426,hit_wordnet
2156,605,newname,517,entity,-10.67849349975586,hit_wordnet
2157,605,newname,208,arbitrary text,-12.618532180786133,hit_wordnet
2158,605,newname,781,group,-12.93896198272705,hit_wordnet
2159,605,newname,6,simple text,-13.81014633178711,hit_wordnet
2160,611,resource limit web,517,entity,-12.298824310302734,hit_wordnet
2161,611,resource limit web,781,group,-13.023848533630371,hit_wordnet
2162,611,resource limit web,7,database,-14.024911880493164,hit_wordnet
2163,611,resource limit web,223,system,-14.99105167388916,hit_wordnet
2164,611,resource limit web,2052,whole,-15.044445991516113,hit_wordnet
2165,613,explanation,721,concept,-7.382938385009766,hit_wordnet
2166,613,explanation,8,information,-7.723525047302246,hit_wordnet
2167,613,explanation,137,communication,-7.775322914123535,hit_wordnet
2168,613,explanation,517,entity,-8.387214660644531,hit_wordnet
2169,613,explanation,1704,topic,-8.986994743347168,hit_wordnet
2170,614,resource limit,126,limit,-14.134401321411133,hit_wordnet
2171,614,resource limit,490,amount,-14.221274375915527,hit_wordnet
2172,614,resource limit,517,entity,-14.716619491577148,hit_wordnet
2173,614,resource limit,484,unit,-15.152886390686035,hit_wordnet
2174,614,resource limit,530,utility,-15.155075073242188,hit_wordnet
2175,615,modifying,212,creation,-8.48414421081543,hit_wordnet
2176,615,modifying,622,change,-9.200776100158691,hit_wordnet
2177,615,modifying,2169,method,-9.209365844726562,hit_wordnet
2178,615,modifying,1709,new process,-10.074756622314453,hit_wordnet
2179,615,modifying,772,procedure,-10.114445686340332,hit_wordnet
2180,616,many different,781,group,-10.839085578918457,hit_wordnet
2181,616,many different,517,entity,-11.085878372192383,hit_wordnet
2182,616,many different,849,kind,-12.581138610839844,hit_wordnet
2183,616,many different,552,organization,-13.428444862365723,hit_wordnet
2184,616,many different,104,state,-13.805354118347168,hit_wordnet
2185,618,like,6,simple text,-9.621308326721191,hit_wordnet
2186,618,like,208,arbitrary text,-9.726259231567383,hit_wordnet
2187,618,like,517,entity,-10.081235885620117,hit_wordnet
2188,618,like,781,group,-10.747588157653809,hit_wordnet
2189,618,like,27,text,-11.486604690551758,hit_wordnet
2190,620,typical execute,627,following execute,-10.674101829528809,hit_wordnet
2191,620,typical execute,517,entity,-12.955448150634766,hit_wordnet
2192,620,typical execute,543,execute,-13.310380935668945,hit_wordnet
2193,620,typical execute,18,report,-13.77585220336914,hit_wordnet
2194,620,typical execute,542,test,-14.112466812133789,hit_wordnet
2195,622,change,170,action,-5.819786548614502,hit_wordnet
2196,622,change,683,process,-7.871038436889648,hit_wordnet
2197,622,change,212,creation,-8.361392974853516,hit_wordnet
2198,622,change,137,communication,-8.36156177520752,hit_wordnet
2199,622,change,517,entity,-8.682626724243164,hit_wordnet
2200,623,appropriate slurm,1,slurm,-7.867499351501465,hit_wordnet
2201,623,appropriate slurm,517,entity,-12.872888565063477,hit_wordnet
2202,623,appropriate slurm,781,group,-13.085944175720215,hit_wordnet
2203,623,appropriate slurm,683,process,-13.090572357177734,hit_wordnet
2204,623,appropriate slurm,2052,whole,-14.765686988830566,hit_wordnet
2205,624,entitie,517,entity,-9.87289810180664,hit_wordnet
2206,624,entitie,781,group,-11.693530082702637,hit_wordnet
2207,624,entitie,108,number,-12.369190216064453,hit_wordnet
2208,624,entitie,1004,attribute,-12.598761558532715,hit_wordnet
2209,624,entitie,849,kind,-12.81689453125,hit_wordnet
2210,625,modify,615,modifying,-5.148886203765869,hit_wordnet
2211,625,modify,622,change,-8.735389709472656,hit_wordnet
2212,625,modify,212,creation,-9.336346626281738,hit_wordnet
2213,625,modify,540,addition,-9.79250717163086,hit_wordnet
2214,625,modify,517,entity,-9.988943099975586,hit_wordnet
2215,627,following execute,543,execute,-10.0446138381958,hit_wordnet
2216,627,following execute,517,entity,-13.010120391845703,hit_wordnet
2217,627,following execute,1317,executing,-13.627876281738281,hit_wordnet
2218,627,following execute,772,procedure,-14.395735740661621,hit_wordnet
2219,627,following execute,781,group,-14.528258323669434,hit_wordnet
2220,630,brian,11,individual,-9.799028396606445,hit_wordnet
2221,630,brian,781,group,-10.556431770324707,hit_wordnet
2222,630,brian,521,man,-10.958120346069336,hit_wordnet
2223,630,brian,517,entity,-10.986139297485352,hit_wordnet
2224,630,brian,1637,official,-12.016592979431152,hit_wordnet
2225,631,most,2052,whole,-11.729443550109863,hit_wordnet
2226,631,most,517,entity,-11.733556747436523,hit_wordnet
2227,631,most,484,unit,-12.181513786315918,hit_wordnet
2228,631,most,781,group,-12.454110145568848,hit_wordnet
2229,631,most,490,amount,-12.907946586608887,hit_wordnet
2230,632,removed,517,entity,-10.32872200012207,hit_wordnet
2231,632,removed,598,delete,-10.643654823303223,hit_wordnet
2232,632,removed,683,process,-11.563640594482422,hit_wordnet
2233,632,removed,781,group,-11.99109172821045,hit_wordnet
2234,632,removed,2052,whole,-12.372395515441895,hit_wordnet
2235,633,typographical,27,text,-9.98445987701416,hit_wordnet
2236,633,typographical,6,simple text,-10.05870246887207,hit_wordnet
2237,633,typographical,208,arbitrary text,-10.276233673095703,hit_wordnet
2238,633,typographical,517,entity,-11.780923843383789,hit_wordnet
2239,633,typographical,1613,symbolic,-12.154727935791016,hit_wordnet
2240,634,track,973,path,-9.93307876586914,hit_wordnet
2241,634,track,781,group,-10.551737785339355,hit_wordnet
2242,634,track,427,line,-10.573820114135742,hit_wordnet
2243,634,track,2052,whole,-10.857857704162598,hit_wordnet
2244,634,track,517,entity,-11.449861526489258,hit_wordnet
2245,638,parallel,781,group,-9.124388694763184,hit_wordnet
2246,638,parallel,517,entity,-9.983684539794922,hit_wordnet
2247,638,parallel,2052,whole,-10.772747993469238,hit_wordnet
2248,638,parallel,427,line,-11.238061904907227,hit_wordnet
2249,638,parallel,484,unit,-11.821581840515137,hit_wordnet
2250,639,reason,882,meaning,-8.805298805236816,hit_wordnet
2251,639,reason,613,explanation,-8.849958419799805,hit_wordnet
2252,639,reason,721,concept,-9.455527305603027,hit_wordnet
2253,639,reason,517,entity,-9.50718879699707,hit_wordnet
2254,639,reason,1642,fact,-10.13475513458252,hit_wordnet
2255,640,statistic,108,number,-9.338449478149414,hit_wordnet
2256,640,statistic,490,amount,-9.977018356323242,hit_wordnet
2257,640,statistic,517,entity,-10.238070487976074,hit_wordnet
2258,640,statistic,8,information,-10.612878799438477,hit_wordnet
2259,640,statistic,1642,fact,-10.837115287780762,hit_wordnet
2260,644,part,2052,whole,-3.068840980529785,hit_wordnet
2261,644,part,517,entity,-6.751581192016602,hit_wordnet
2262,644,part,781,group,-6.977193832397461,hit_wordnet
2263,644,part,839,object,-7.687088966369629,hit_wordnet
2264,644,part,484,unit,-8.292166709899902,hit_wordnet
2265,645,many parallel,781,group,-10.147677421569824,hit_wordnet
2266,645,many parallel,638,parallel,-10.44410514831543,hit_wordnet
2267,645,many parallel,517,entity,-11.573175430297852,hit_wordnet
2268,645,many parallel,2052,whole,-12.448071479797363,hit_wordnet
2269,645,many parallel,484,unit,-13.016131401062012,hit_wordnet
2270,646,srun,781,group,-11.686274528503418,hit_wordnet
2271,646,srun,517,entity,-12.709329605102539,hit_wordnet
2272,646,srun,484,unit,-14.429898262023926,hit_wordnet
2273,646,srun,11,individual,-14.720869064331055,hit_wordnet
2274,646,srun,1871,letter,-14.758438110351562,hit_wordnet
2275,647,jobacctgather,11,individual,-10.346710205078125,hit_wordnet
2276,647,jobacctgather,1637,official,-10.636933326721191,hit_wordnet
2277,647,jobacctgather,37,user,-10.951824188232422,hit_wordnet
2278,647,jobacctgather,1416,client,-12.215721130371094,hit_wordnet
2279,647,jobacctgather,1225,owner,-12.355409622192383,hit_wordnet
2280,648,metric,517,entity,-11.360700607299805,hit_wordnet
2281,648,metric,108,number,-11.796863555908203,hit_wordnet
2282,648,metric,484,unit,-12.041411399841309,hit_wordnet
2283,648,metric,781,group,-12.432816505432129,hit_wordnet
2284,648,metric,2052,whole,-12.503220558166504,hit_wordnet
2285,649,trackable,517,entity,-13.005783081054688,hit_wordnet
2286,649,trackable,781,group,-13.845475196838379,hit_wordnet
2287,649,trackable,390,work,-14.55473518371582,hit_wordnet
2288,649,trackable,8,information,-14.65758991241455,hit_wordnet
2289,649,trackable,2052,whole,-14.778691291809082,hit_wordnet
2290,650,cpu,775,processor,-7.505169868469238,hit_wordnet
2291,650,cpu,120,computer,-10.725642204284668,hit_wordnet
2292,650,cpu,517,entity,-13.218185424804688,hit_wordnet
2293,650,cpu,141,machine,-13.74825382232666,hit_wordnet
2294,650,cpu,781,group,-14.156962394714355,hit_wordnet
2295,651,memory,8,information,-8.903765678405762,hit_wordnet
2296,651,memory,517,entity,-9.653046607971191,hit_wordnet
2297,651,memory,1376,content,-10.113526344299316,hit_wordnet
2298,651,memory,613,explanation,-10.650017738342285,hit_wordnet
2299,651,memory,721,concept,-10.687053680419922,hit_wordnet
2300,652,energy,523,ability,-10.21693229675293,hit_wordnet
2301,652,energy,337,quality,-10.760435104370117,hit_wordnet
2302,652,energy,1004,attribute,-10.989377975463867,hit_wordnet
2303,652,energy,517,entity,-11.06197738647461,hit_wordnet
2304,652,energy,791,condition,-11.418745994567871,hit_wordnet
2305,653,interval,2052,whole,-8.849648475646973,hit_wordnet
2306,653,interval,517,entity,-9.952780723571777,hit_wordnet
2307,653,interval,644,part,-10.287148475646973,hit_wordnet
2308,653,interval,484,unit,-10.375657081604004,hit_wordnet
2309,653,interval,108,number,-10.453422546386719,hit_wordnet
2310,654,jobacctgatherfrequency,523,ability,-9.67863941192627,hit_wordnet
2311,654,jobacctgatherfrequency,791,condition,-10.023489952087402,hit_wordnet
2312,654,jobacctgatherfrequency,1004,attribute,-10.310532569885254,hit_wordnet
2313,654,jobacctgatherfrequency,337,quality,-10.978609085083008,hit_wordnet
2314,654,jobacctgatherfrequency,490,amount,-11.272719383239746,hit_wordnet
2315,655,freq,781,group,-11.181050300598145,hit_wordnet
2316,655,freq,517,entity,-11.939342498779297,hit_wordnet
2317,655,freq,2052,whole,-13.19035816192627,hit_wordnet
2318,655,freq,486,month,-13.395380020141602,hit_wordnet
2319,655,freq,19,particular time,-13.675031661987305,hit_wordnet
2320,657,poll,517,entity,-9.065450668334961,hit_wordnet
2321,657,poll,781,group,-9.575852394104004,hit_wordnet
2322,657,poll,111,message,-10.828381538391113,hit_wordnet
2323,657,poll,674,event,-11.23044204711914,hit_wordnet
2324,657,poll,2052,whole,-11.489212989807129,hit_wordnet
2325,658,nature,337,quality,-8.661985397338867,hit_wordnet
2326,658,nature,523,ability,-9.204559326171875,hit_wordnet
2327,658,nature,721,concept,-9.4788179397583,hit_wordnet
2328,658,nature,1004,attribute,-9.576396942138672,hit_wordnet
2329,658,nature,849,kind,-10.969244003295898,hit_wordnet
2330,659,standalone,517,entity,-9.274452209472656,hit_wordnet
2331,659,standalone,781,group,-10.716364860534668,hit_wordnet
2332,659,standalone,11,individual,-11.218549728393555,hit_wordnet
2333,659,standalone,839,object,-12.9125337600708,hit_wordnet
2334,659,standalone,1997,copy,-12.942800521850586,hit_wordnet
2335,660,data,8,information,-8.395028114318848,hit_wordnet
2336,660,data,7,database,-8.729994773864746,hit_wordnet
2337,660,data,517,entity,-9.432572364807129,hit_wordnet
2338,660,data,425,info,-10.88281536102295,hit_wordnet
2339,660,data,651,memory,-11.295378684997559,hit_wordnet
2340,661,tresusageintot,517,entity,-11.125448226928711,hit_wordnet
2341,661,tresusageintot,781,group,-11.874608039855957,hit_wordnet
2342,661,tresusageintot,11,individual,-12.126249313354492,hit_wordnet
2343,661,tresusageintot,1498,relative,-14.314054489135742,hit_wordnet
2344,661,tresusageintot,521,man,-14.589714050292969,hit_wordnet
2345,664,sum,517,entity,-8.488025665283203,hit_wordnet
2346,664,sum,490,amount,-8.66261100769043,hit_wordnet
2347,664,sum,2052,whole,-9.123701095581055,hit_wordnet
2348,664,sum,921,result,-9.519620895385742,hit_wordnet
2349,664,sum,1376,content,-9.858818054199219,hit_wordnet
2350,665,gathered,781,group,-6.927496910095215,hit_wordnet
2351,665,gathered,552,organization,-7.522104263305664,hit_wordnet
2352,665,gathered,517,entity,-8.081457138061523,hit_wordnet
2353,665,gathered,2052,whole,-8.439477920532227,hit_wordnet
2354,665,gathered,264,set,-9.933833122253418,hit_wordnet
2355,668,tresusageinmax,517,entity,-12.095348358154297,hit_wordnet
2356,668,tresusageinmax,781,group,-12.148991584777832,hit_wordnet
2357,668,tresusageinmax,11,individual,-13.229801177978516,hit_wordnet
2358,668,tresusageinmax,671,tresusageinmaxtask,-13.746764183044434,hit_wordnet
2359,668,tresusageinmax,683,process,-15.188446044921875,hit_wordnet
2360,669,maximum memory,689,average memory,-11.917585372924805,hit_wordnet
2361,669,maximum memory,673,large memory,-12.59321117401123,hit_wordnet
2362,669,maximum memory,517,entity,-15.017158508300781,hit_wordnet
2363,669,maximum memory,660,data,-15.31218147277832,hit_wordnet
2364,669,maximum memory,651,memory,-15.701562881469727,hit_wordnet
2365,670,tresusageinmaxnode,781,group,-12.205962181091309,hit_wordnet
2366,670,tresusageinmaxnode,517,entity,-12.46458625793457,hit_wordnet
2367,670,tresusageinmaxnode,683,process,-13.631574630737305,hit_wordnet
2368,670,tresusageinmaxnode,513,tool,-13.972716331481934,hit_wordnet
2369,670,tresusageinmaxnode,11,individual,-14.369115829467773,hit_wordnet
2370,671,tresusageinmaxtask,517,entity,-11.240364074707031,hit_wordnet
2371,671,tresusageinmaxtask,781,group,-11.76307201385498,hit_wordnet
2372,671,tresusageinmaxtask,11,individual,-11.957582473754883,hit_wordnet
2373,671,tresusageinmaxtask,683,process,-14.127143859863281,hit_wordnet
2374,671,tresusageinmaxtask,558,child,-14.18389892578125,hit_wordnet
2375,672,task i,517,entity,-12.754781723022461,hit_wordnet
2376,672,task i,13,task,-13.183537483215332,hit_wordnet
2377,672,task i,18,report,-13.519454956054688,hit_wordnet
2378,672,task i,781,group,-14.220166206359863,hit_wordnet
2379,672,task i,542,test,-14.240762710571289,hit_wordnet
2380,673,large memory,651,memory,-9.912567138671875,hit_wordnet
2381,673,large memory,660,data,-11.713417053222656,hit_wordnet
2382,673,large memory,517,entity,-12.360187530517578,hit_wordnet
2383,673,large memory,7,database,-12.921014785766602,hit_wordnet
2384,673,large memory,8,information,-13.034348487854004,hit_wordnet
2385,674,event,1606,situation,-7.344315528869629,hit_wordnet
2386,674,event,517,entity,-7.549776077270508,hit_wordnet
2387,674,event,781,group,-8.88117504119873,hit_wordnet
2388,674,event,2052,whole,-8.92947769165039,hit_wordnet
2389,674,event,839,object,-9.537691116333008,hit_wordnet
2390,675,dedicated field,287,field,-7.805141448974609,hit_wordnet
2391,675,dedicated field,198,location,-11.991729736328125,hit_wordnet
2392,675,dedicated field,493,site,-12.021398544311523,hit_wordnet
2393,675,dedicated field,781,group,-12.154135704040527,hit_wordnet
2394,675,dedicated field,2052,whole,-12.2444486618042,hit_wordnet
2395,676,maxrssnode,2048,maxnode,-9.184619903564453,hit_wordnet
2396,676,maxrssnode,781,group,-13.428383827209473,hit_wordnet
2397,676,maxrssnode,517,entity,-13.588005065917969,hit_wordnet
2398,676,maxrssnode,683,process,-14.240615844726562,hit_wordnet
2399,676,maxrssnode,2148,hypernode,-14.428678512573242,hit_wordnet
2400,677,maxrsstask,781,group,-11.943713188171387,hit_wordnet
2401,677,maxrsstask,517,entity,-13.608184814453125,hit_wordnet
2402,677,maxrsstask,2052,whole,-14.448609352111816,hit_wordnet
2403,677,maxrsstask,683,process,-15.343709945678711,hit_wordnet
2404,677,maxrsstask,11,individual,-16.02155113220215,hit_wordnet
2405,679,consumption,683,process,-10.186339378356934,hit_wordnet
2406,679,consumption,170,action,-10.526917457580566,hit_wordnet
2407,679,consumption,622,change,-10.604247093200684,hit_wordnet
2408,679,consumption,731,behavior,-10.856369972229004,hit_wordnet
2409,679,consumption,517,entity,-11.412923812866211,hit_wordnet
2410,681,many,781,group,-8.083011627197266,hit_wordnet
2411,681,many,517,entity,-8.159759521484375,hit_wordnet
2412,681,many,552,organization,-9.218128204345703,hit_wordnet
2413,681,many,264,set,-9.702349662780762,hit_wordnet
2414,681,many,2052,whole,-10.000686645507812,hit_wordnet
2415,682,running,70,performance,-7.71635627746582,hit_wordnet
2416,682,running,170,action,-8.58085823059082,hit_wordnet
2417,682,running,576,attempt,-8.796158790588379,hit_wordnet
2418,682,running,13,task,-8.892263412475586,hit_wordnet
2419,682,running,674,event,-9.438925743103027,hit_wordnet
2420,683,process,517,entity,-7.47148323059082,hit_wordnet
2421,683,process,781,group,-9.064970016479492,hit_wordnet
2422,685,tresusage *,517,entity,-9.838394165039062,hit_wordnet
2423,685,tresusage *,781,group,-10.533001899719238,hit_wordnet
2424,685,tresusage *,2052,whole,-13.03637409210205,hit_wordnet
2425,685,tresusage *,683,process,-13.164236068725586,hit_wordnet
2426,685,tresusage *,11,individual,-13.232358932495117,hit_wordnet
2427,687,peak,1954,point,-9.085558891296387,hit_wordnet
2428,687,peak,2052,whole,-9.280943870544434,hit_wordnet
2429,687,peak,485,beginning,-10.05963134765625,hit_wordnet
2430,687,peak,644,part,-10.718228340148926,hit_wordnet
2431,687,peak,517,entity,-10.872297286987305,hit_wordnet
2432,688,tresusageinave,11,individual,-9.4093017578125,hit_wordnet
2433,688,tresusageinave,1498,relative,-10.69279670715332,hit_wordnet
2434,688,tresusageinave,517,entity,-10.852134704589844,hit_wordnet
2435,688,tresusageinave,781,group,-11.206921577453613,hit_wordnet
2436,688,tresusageinave,1637,official,-11.655577659606934,hit_wordnet
2437,689,average memory,673,large memory,-11.878786087036133,hit_wordnet
2438,689,average memory,660,data,-13.659095764160156,hit_wordnet
2439,689,average memory,1292,stat,-14.245525360107422,hit_wordnet
2440,689,average memory,651,memory,-14.266111373901367,hit_wordnet
2441,689,average memory,1040,process information,-14.396440505981445,hit_wordnet
2442,690,maxrss,781,group,-12.272927284240723,hit_wordnet
2443,690,maxrss,517,entity,-12.872426986694336,hit_wordnet
2444,690,maxrss,484,unit,-13.026261329650879,hit_wordnet
2445,690,maxrss,11,individual,-13.971452713012695,hit_wordnet
2446,690,maxrss,683,process,-15.243093490600586,hit_wordnet
2447,691,outli,781,group,-9.183318138122559,hit_wordnet
2448,691,outli,517,entity,-9.513961791992188,hit_wordnet
2449,691,outli,2052,whole,-10.104260444641113,hit_wordnet
2450,691,outli,683,process,-11.984466552734375,hit_wordnet
2451,691,outli,11,individual,-12.755502700805664,hit_wordnet
2452,692,much,490,amount,-10.888840675354004,hit_wordnet
2453,692,much,160,more,-11.858441352844238,hit_wordnet
2454,692,much,664,sum,-12.71186637878418,hit_wordnet
2455,692,much,1206,total,-13.349242210388184,hit_wordnet
2456,692,much,2052,whole,-13.546303749084473,hit_wordnet
2457,693,indication,111,message,-6.170400619506836,hit_wordnet
2458,693,indication,517,entity,-8.454505920410156,hit_wordnet
2459,693,indication,137,communication,-8.506153106689453,hit_wordnet
2460,693,indication,8,information,-9.191549301147461,hit_wordnet
2461,693,indication,2052,whole,-9.400737762451172,hit_wordnet
2462,694,single task,13,task,-10.984877586364746,hit_wordnet
2463,694,single task,390,work,-14.139612197875977,hit_wordnet
2464,694,single task,472,plan,-14.69932746887207,hit_wordnet
2465,694,single task,1436,working,-15.084661483764648,hit_wordnet
2466,694,single task,517,entity,-15.543487548828125,hit_wordnet
2467,695,maximum,490,amount,-11.123339653015137,hit_wordnet
2468,695,maximum,2072,minimum,-11.273282051086426,hit_wordnet
2469,695,maximum,108,number,-12.130390167236328,hit_wordnet
2470,695,maximum,484,unit,-12.165972709655762,hit_wordnet
2471,695,maximum,517,entity,-13.497457504272461,hit_wordnet
2472,696,step memory,651,memory,-10.50613784790039,hit_wordnet
2473,696,step memory,673,large memory,-13.338264465332031,hit_wordnet
2474,696,step memory,1040,process information,-14.26126480102539,hit_wordnet
2475,696,step memory,517,entity,-14.610147476196289,hit_wordnet
2476,696,step memory,8,information,-15.148661613464355,hit_wordnet
2477,697,profiling,1040,process information,-12.103242874145508,hit_wordnet
2478,697,profiling,836,calculation,-13.010871887207031,hit_wordnet
2479,697,profiling,2169,method,-13.095666885375977,hit_wordnet
2480,697,profiling,1060,software,-13.480520248413086,hit_wordnet
2481,697,profiling,517,entity,-13.535039901733398,hit_wordnet
2482,698,hdf,517,entity,-10.871929168701172,hit_wordnet
2483,698,hdf,781,group,-12.718268394470215,hit_wordnet
2484,698,hdf,2052,whole,-12.906311988830566,hit_wordnet
2485,698,hdf,60,datum,-13.000801086425781,hit_wordnet
2486,698,hdf,683,process,-13.244813919067383,hit_wordnet
2487,699,influxdb,517,entity,-12.422300338745117,hit_wordnet
2488,699,influxdb,781,group,-13.127362251281738,hit_wordnet
2489,699,influxdb,683,process,-14.293600082397461,hit_wordnet
2490,699,influxdb,7,database,-14.939851760864258,hit_wordnet
2491,699,influxdb,11,individual,-15.246116638183594,hit_wordnet
2492,702,ibm,517,entity,-12.931631088256836,hit_wordnet
2493,702,ibm,781,group,-13.661637306213379,hit_wordnet
2494,702,ibm,120,computer,-14.161361694335938,hit_wordnet
2495,702,ibm,552,organization,-14.695696830749512,hit_wordnet
2496,702,ibm,1696,contact ibm,-14.922918319702148,hit_wordnet
2497,704,workload,12,load,-14.985269546508789,hit_wordnet
2498,704,workload,390,work,-15.063007354736328,hit_wordnet
2499,704,workload,490,amount,-15.328234672546387,hit_wordnet
2500,704,workload,517,entity,-15.400720596313477,hit_wordnet
2501,704,workload,530,utility,-15.742252349853516,hit_wordnet
2502,706,lsf,1046,use lsf,-11.4132080078125,hit_wordnet
2503,706,lsf,1877,non-lsf,-11.851320266723633,hit_wordnet
2504,706,lsf,517,entity,-12.523509979248047,hit_wordnet
2505,706,lsf,781,group,-12.863720893859863,hit_wordnet
2506,706,lsf,1058,configure lsf,-13.488611221313477,hit_wordnet
2507,707,overview,18,report,-11.099411964416504,hit_wordnet
2508,707,overview,517,entity,-11.166862487792969,hit_wordnet
2509,707,overview,8,information,-11.33443546295166,hit_wordnet
2510,707,overview,613,explanation,-12.092206001281738,hit_wordnet
2511,707,overview,2052,whole,-12.587956428527832,hit_wordnet
2512,708,important lsf,517,entity,-12.417768478393555,hit_wordnet
2513,708,important lsf,706,lsf,-12.506266593933105,hit_wordnet
2514,708,important lsf,484,unit,-12.874150276184082,hit_wordnet
2515,708,important lsf,781,group,-13.317545890808105,hit_wordnet
2516,708,important lsf,2052,whole,-14.217141151428223,hit_wordnet
2517,712,reconfigure cluster,781,group,-10.510336875915527,hit_wordnet
2518,712,reconfigure cluster,517,entity,-10.979610443115234,hit_wordnet
2519,712,reconfigure cluster,552,organization,-11.640765190124512,hit_wordnet
2520,712,reconfigure cluster,223,system,-11.798325538635254,hit_wordnet
2521,712,reconfigure cluster,85,cluster,-13.151510238647461,hit_wordnet
2522,716,common lsf,1840,second lsf,-8.509243965148926,hit_wordnet
2523,716,common lsf,971,primary lsf,-8.509873390197754,hit_wordnet
2524,716,common lsf,2011,new lsf,-9.6782865524292,hit_wordnet
2525,716,common lsf,1362,other advanced lsf,-9.909586906433105,hit_wordnet
2526,716,common lsf,706,lsf,-11.582160949707031,hit_wordnet
2527,718,solution,683,process,-8.147005081176758,hit_wordnet
2528,718,solution,517,entity,-8.43287467956543,hit_wordnet
2529,718,solution,781,group,-10.485453605651855,hit_wordnet
2530,718,solution,2052,whole,-10.973054885864258,hit_wordnet
2531,718,solution,839,object,-11.564048767089844,hit_wordnet
2532,721,concept,517,entity,-6.926822662353516,hit_wordnet
2533,721,concept,1004,attribute,-8.147575378417969,hit_wordnet
2534,721,concept,849,kind,-8.540609359741211,hit_wordnet
2535,721,concept,2052,whole,-9.826508522033691,hit_wordnet
2536,721,concept,781,group,-10.462392807006836,hit_wordnet
2537,724,installation,390,work,-9.697855949401855,hit_wordnet
2538,724,installation,835,placement,-10.10009479522705,hit_wordnet
2539,724,installation,799,application,-10.252683639526367,hit_wordnet
2540,724,installation,30,mechanism,-11.340033531188965,hit_wordnet
2541,724,installation,992,operation,-11.407356262207031,hit_wordnet
2542,730,several configuration,1883,same configuration,-5.341403961181641,hit_wordnet
2543,730,several configuration,73,configuration,-5.914609909057617,hit_wordnet
2544,730,several configuration,2152,linear configuration,-8.923491477966309,hit_wordnet
2545,730,several configuration,1882,inconsistent configuration,-10.207777976989746,hit_wordnet
2546,730,several configuration,223,system,-10.302750587463379,hit_wordnet
2547,731,behavior,791,condition,-7.075657844543457,hit_wordnet
2548,731,behavior,523,ability,-7.274317741394043,hit_wordnet
2549,731,behavior,337,quality,-7.6945648193359375,hit_wordnet
2550,731,behavior,1004,attribute,-7.903779029846191,hit_wordnet
2551,731,behavior,170,action,-7.9321489334106445,hit_wordnet
2552,734,pend,781,group,-9.969195365905762,hit_wordnet
2553,734,pend,517,entity,-10.584283828735352,hit_wordnet
2554,734,pend,513,tool,-10.935723304748535,hit_wordnet
2555,734,pend,2052,whole,-12.062830924987793,hit_wordnet
2556,734,pend,839,object,-12.563366889953613,hit_wordnet
2557,735,queue,781,group,-9.371895790100098,hit_wordnet
2558,735,queue,517,entity,-10.893585205078125,hit_wordnet
2559,735,queue,2052,whole,-10.9376859664917,hit_wordnet
2560,735,queue,427,line,-11.661873817443848,hit_wordnet
2561,735,queue,552,organization,-11.749287605285645,hit_wordnet
2562,736,scheduling,842,schedule,-9.934032440185547,hit_wordnet
2563,736,scheduling,778,single process,-12.864860534667969,hit_wordnet
2564,736,scheduling,472,plan,-13.058422088623047,hit_wordnet
2565,736,scheduling,1709,new process,-13.876453399658203,hit_wordnet
2566,736,scheduling,13,task,-13.990738868713379,hit_wordnet
2567,737,dispatch,13,task,-11.835021018981934,hit_wordnet
2568,737,dispatch,785,control,-11.896505355834961,hit_wordnet
2569,737,dispatch,170,action,-11.953280448913574,hit_wordnet
2570,737,dispatch,1816,request,-11.994789123535156,hit_wordnet
2571,737,dispatch,452,transaction,-12.24488353729248,hit_wordnet
2572,740,nonzero exit,41,exit,-8.79205322265625,hit_wordnet
2573,740,nonzero exit,973,path,-11.858205795288086,hit_wordnet
2574,740,nonzero exit,1829,exiting,-12.002159118652344,hit_wordnet
2575,740,nonzero exit,2052,whole,-12.7555513381958,hit_wordnet
2576,740,nonzero exit,781,group,-13.023016929626465,hit_wordnet
2577,741,psusp,517,entity,-13.339149475097656,hit_wordnet
2578,741,psusp,781,group,-13.351578712463379,hit_wordnet
2579,741,psusp,2052,whole,-14.363768577575684,hit_wordnet
2580,741,psusp,683,process,-14.468093872070312,hit_wordnet
2581,741,psusp,484,unit,-14.88697338104248,hit_wordnet
2582,742,ususp,781,group,-11.527554512023926,hit_wordnet
2583,742,ususp,517,entity,-13.331378936767578,hit_wordnet
2584,742,ususp,11,individual,-13.65312385559082,hit_wordnet
2585,742,ususp,484,unit,-13.893755912780762,hit_wordnet
2586,742,ususp,1637,official,-14.099898338317871,hit_wordnet
2587,743,ssusp,781,group,-13.43506145477295,hit_wordnet
2588,743,ssusp,517,entity,-13.802970886230469,hit_wordnet
2589,743,ssusp,484,unit,-14.884772300720215,hit_wordnet
2590,743,ssusp,11,individual,-15.281707763671875,hit_wordnet
2591,743,ssusp,141,machine,-15.424996376037598,hit_wordnet
2592,745,post-processing,772,procedure,-11.98449993133545,hit_wordnet
2593,745,post-processing,1709,new process,-12.219484329223633,hit_wordnet
2594,745,post-processing,992,operation,-12.23965072631836,hit_wordnet
2595,745,post-processing,799,application,-12.569808959960938,hit_wordnet
2596,745,post-processing,2169,method,-13.237247467041016,hit_wordnet
2597,746,mbatchd,781,group,-11.52843952178955,hit_wordnet
2598,746,mbatchd,517,entity,-12.329673767089844,hit_wordnet
2599,746,mbatchd,2052,whole,-13.701952934265137,hit_wordnet
2600,746,mbatchd,11,individual,-13.918022155761719,hit_wordnet
2601,746,mbatchd,521,man,-14.707624435424805,hit_wordnet
2602,747,sbatchd,781,group,-12.614354133605957,hit_wordnet
2603,747,sbatchd,513,tool,-13.110198020935059,hit_wordnet
2604,747,sbatchd,11,individual,-13.209491729736328,hit_wordnet
2605,747,sbatchd,521,man,-13.959600448608398,hit_wordnet
2606,747,sbatchd,517,entity,-14.299144744873047,hit_wordnet
2607,748,chunk job,3,job,-9.662385940551758,hit_wordnet
2608,748,chunk job,1436,working,-11.487754821777344,hit_wordnet
2609,748,chunk job,1359,easy job,-11.576852798461914,hit_wordnet
2610,748,chunk job,920,batch job,-11.69801139831543,hit_wordnet
2611,748,chunk job,390,work,-11.789793014526367,hit_wordnet
2612,749,member,11,individual,-3.3249220848083496,hit_wordnet
2613,749,member,1637,official,-5.294342041015625,hit_wordnet
2614,749,member,781,group,-6.896986961364746,hit_wordnet
2615,749,member,517,entity,-7.138867378234863,hit_wordnet
2616,749,member,1498,relative,-8.163970947265625,hit_wordnet
2617,750,chunk,644,part,-7.884586334228516,hit_wordnet
2618,750,chunk,2052,whole,-7.928515434265137,hit_wordnet
2619,750,chunk,2032,thread,-9.620233535766602,hit_wordnet
2620,750,chunk,781,group,-10.016337394714355,hit_wordnet
2621,750,chunk,513,tool,-10.104132652282715,hit_wordnet
2622,751,zombi,781,group,-11.123616218566895,hit_wordnet
2623,751,zombi,517,entity,-11.620594024658203,hit_wordnet
2624,751,zombi,2052,whole,-14.323590278625488,hit_wordnet
2625,751,zombi,11,individual,-15.140813827514648,hit_wordnet
2626,751,zombi,683,process,-15.203516006469727,hit_wordnet
2627,752,unkwn,517,entity,-12.208051681518555,hit_wordnet
2628,752,unkwn,781,group,-13.483830451965332,hit_wordnet
2629,752,unkwn,1606,situation,-13.696979522705078,hit_wordnet
2630,752,unkwn,2052,whole,-13.87340259552002,hit_wordnet
2631,752,unkwn,839,object,-14.034173011779785,hit_wordnet
2632,753,execution,170,action,-8.277325630187988,hit_wordnet
2633,753,execution,576,attempt,-8.851133346557617,hit_wordnet
2634,753,execution,992,operation,-9.28819465637207,hit_wordnet
2635,753,execution,13,task,-9.627359390258789,hit_wordnet
2636,753,execution,674,event,-9.661200523376465,hit_wordnet
2637,754,re-runnable,682,running,-12.922761917114258,hit_wordnet
2638,754,re-runnable,13,task,-13.249934196472168,hit_wordnet
2639,754,re-runnable,363,run,-14.007804870605469,hit_wordnet
2640,754,re-runnable,576,attempt,-14.450932502746582,hit_wordnet
2641,754,re-runnable,674,event,-14.616262435913086,hit_wordnet
2642,756,kill,517,entity,-10.44023323059082,hit_wordnet
2643,756,kill,781,group,-10.693562507629395,hit_wordnet
2644,756,kill,683,process,-11.036767959594727,hit_wordnet
2645,756,kill,513,tool,-11.49386978149414,hit_wordnet
2646,756,kill,576,attempt,-12.060829162597656,hit_wordnet
2647,757,bkill,513,tool,-12.71385669708252,hit_wordnet
2648,757,bkill,781,group,-12.763936042785645,hit_wordnet
2649,757,bkill,517,entity,-13.755683898925781,hit_wordnet
2650,757,bkill,11,individual,-14.384050369262695,hit_wordnet
2651,757,bkill,141,machine,-15.215435981750488,hit_wordnet
2652,760,remove_hung_jobs_for,517,entity,-14.511999130249023,hit_wordnet
2653,760,remove_hung_jobs_for,781,group,-14.860321998596191,hit_wordnet
2654,760,remove_hung_jobs_for,390,work,-15.590192794799805,hit_wordnet
2655,760,remove_hung_jobs_for,13,task,-15.6682710647583,hit_wordnet
2656,760,remove_hung_jobs_for,452,transaction,-16.091529846191406,hit_wordnet
2657,761,lsb.param,517,entity,-12.783987045288086,hit_wordnet
2658,761,lsb.param,6,simple text,-13.354768753051758,hit_wordnet
2659,761,lsb.param,1871,letter,-13.911518096923828,hit_wordnet
2660,761,lsb.param,781,group,-14.000452995300293,hit_wordnet
2661,761,lsb.param,208,arbitrary text,-14.140642166137695,hit_wordnet
2662,762,hung,513,tool,-10.430842399597168,hit_wordnet
2663,762,hung,2032,thread,-10.498865127563477,hit_wordnet
2664,762,hung,450,support,-10.509631156921387,hit_wordnet
2665,762,hung,781,group,-10.54694652557373,hit_wordnet
2666,762,hung,517,entity,-11.115814208984375,hit_wordnet
2667,766,statu,781,group,-10.81737232208252,hit_wordnet
2668,766,statu,517,entity,-10.844331741333008,hit_wordnet
2669,766,statu,141,machine,-11.231709480285645,hit_wordnet
2670,766,statu,2052,whole,-11.407090187072754,hit_wordnet
2671,766,statu,513,tool,-11.453875541687012,hit_wordnet
2672,767,signal,693,indication,-7.05141019821167,hit_wordnet
2673,767,signal,111,message,-7.9093828201293945,hit_wordnet
2674,767,signal,517,entity,-8.48363971710205,hit_wordnet
2675,767,signal,2052,whole,-9.049498558044434,hit_wordnet
2676,767,signal,137,communication,-9.195609092712402,hit_wordnet
2677,769,reply,111,message,-6.575669288635254,hit_wordnet
2678,769,reply,1816,request,-8.50398063659668,hit_wordnet
2679,769,reply,137,communication,-8.650165557861328,hit_wordnet
2680,769,reply,517,entity,-8.788277626037598,hit_wordnet
2681,769,reply,921,result,-9.431178092956543,hit_wordnet
2682,771,typical,1004,attribute,-10.679884910583496,hit_wordnet
2683,771,typical,517,entity,-11.284032821655273,hit_wordnet
2684,771,typical,337,quality,-11.345489501953125,hit_wordnet
2685,771,typical,1376,content,-11.642531394958496,hit_wordnet
2686,771,typical,523,ability,-11.650116920471191,hit_wordnet
2687,772,procedure,683,process,-7.853375434875488,hit_wordnet
2688,772,procedure,517,entity,-9.191123962402344,hit_wordnet
2689,772,procedure,212,creation,-9.504761695861816,hit_wordnet
2690,772,procedure,137,communication,-9.77438735961914,hit_wordnet
2691,772,procedure,721,concept,-11.202641487121582,hit_wordnet
2692,775,processor,120,computer,-8.326622009277344,hit_wordnet
2693,775,processor,141,machine,-11.987040519714355,hit_wordnet
2694,775,processor,517,entity,-12.542839050292969,hit_wordnet
2695,775,processor,1060,software,-13.212709426879883,hit_wordnet
2696,775,processor,1514,software application,-13.505910873413086,hit_wordnet
2697,776,multiprocessor,1060,software,-12.579778671264648,hit_wordnet
2698,776,multiprocessor,120,computer,-12.881507873535156,hit_wordnet
2699,776,multiprocessor,1514,software application,-13.558345794677734,hit_wordnet
2700,776,multiprocessor,775,processor,-13.639657974243164,hit_wordnet
2701,776,multiprocessor,866,program,-14.13914680480957,hit_wordnet
2702,778,single process,1709,new process,-4.442075729370117,hit_wordnet
2703,778,single process,772,procedure,-8.770563125610352,hit_wordnet
2704,778,single process,683,process,-9.613500595092773,hit_wordnet
2705,778,single process,2169,method,-9.824776649475098,hit_wordnet
2706,778,single process,992,operation,-10.06693172454834,hit_wordnet
2707,780,own process,1709,new process,-7.514318466186523,hit_wordnet
2708,780,own process,778,single process,-7.921736717224121,hit_wordnet
2709,780,own process,772,procedure,-9.575433731079102,hit_wordnet
2710,780,own process,2169,method,-9.983777046203613,hit_wordnet
2711,780,own process,992,operation,-10.607410430908203,hit_wordnet
2712,781,group,517,entity,-5.7336297035217285,hit_wordnet
2713,783,bsub,781,group,-11.250914573669434,hit_wordnet
2714,783,bsub,517,entity,-11.311124801635742,hit_wordnet
2715,783,bsub,11,individual,-12.627012252807617,hit_wordnet
2716,783,bsub,513,tool,-13.590195655822754,hit_wordnet
2717,783,bsub,2052,whole,-13.599591255187988,hit_wordnet
2718,785,control,30,mechanism,-7.586237907409668,hit_wordnet
2719,785,control,517,entity,-8.967355728149414,hit_wordnet
2720,785,control,349,policy,-9.82802963256836,hit_wordnet
2721,785,control,137,communication,-10.004093170166016,hit_wordnet
2722,785,control,781,group,-10.093429565429688,hit_wordnet
2723,786,complex,517,entity,-6.029623031616211,hit_wordnet
2724,786,complex,781,group,-7.461846351623535,hit_wordnet
2725,786,complex,683,process,-9.220422744750977,hit_wordnet
2726,786,complex,2052,whole,-10.019950866699219,hit_wordnet
2727,786,complex,849,kind,-10.075096130371094,hit_wordnet
2728,787,simulation,137,communication,-9.796972274780273,hit_wordnet
2729,787,simulation,212,creation,-9.828503608703613,hit_wordnet
2730,787,simulation,2169,method,-9.94188404083252,hit_wordnet
2731,787,simulation,984,model,-10.276291847229004,hit_wordnet
2732,787,simulation,517,entity,-10.87713623046875,hit_wordnet
2733,788,extensive,517,entity,-10.867626190185547,hit_wordnet
2734,788,extensive,781,group,-11.739178657531738,hit_wordnet
2735,788,extensive,2052,whole,-12.203360557556152,hit_wordnet
2736,788,extensive,552,organization,-13.056387901306152,hit_wordnet
2737,788,extensive,954,product,-13.837447166442871,hit_wordnet
2738,789,compute,836,calculation,-6.8130083084106445,hit_wordnet
2739,789,compute,1060,software,-10.588086128234863,hit_wordnet
2740,789,compute,2169,method,-10.625890731811523,hit_wordnet
2741,789,compute,772,procedure,-11.427428245544434,hit_wordnet
2742,789,compute,137,communication,-11.628567695617676,hit_wordnet
2743,791,condition,1004,attribute,-7.071109771728516,hit_wordnet
2744,791,condition,104,state,-7.903923034667969,hit_wordnet
2745,791,condition,523,ability,-8.149557113647461,hit_wordnet
2746,791,condition,1376,content,-9.095372200012207,hit_wordnet
2747,791,condition,683,process,-9.450227737426758,hit_wordnet
2748,792,unix,781,group,-12.375262260437012,hit_wordnet
2749,792,unix,517,entity,-13.141969680786133,hit_wordnet
2750,792,unix,141,machine,-14.9540376663208,hit_wordnet
2751,792,unix,11,individual,-15.033197402954102,hit_wordnet
2752,792,unix,513,tool,-15.470627784729004,hit_wordnet
2753,793,bourne shell,781,group,-12.543055534362793,hit_wordnet
2754,793,bourne shell,513,tool,-12.682345390319824,hit_wordnet
2755,793,bourne shell,517,entity,-12.71687126159668,hit_wordnet
2756,793,bourne shell,2052,whole,-14.091979026794434,hit_wordnet
2757,793,bourne shell,683,process,-14.300836563110352,hit_wordnet
2758,795,window,517,entity,-10.738405227661133,hit_wordnet
2759,795,window,2052,whole,-10.82519245147705,hit_wordnet
2760,795,window,839,object,-11.035740852355957,hit_wordnet
2761,795,window,141,machine,-11.608467102050781,hit_wordnet
2762,795,window,781,group,-11.66584300994873,hit_wordnet
2763,796,batch,781,group,-8.834784507751465,hit_wordnet
2764,796,batch,517,entity,-9.134475708007812,hit_wordnet
2765,796,batch,2052,whole,-9.284064292907715,hit_wordnet
2766,796,batch,683,process,-10.013666152954102,hit_wordnet
2767,796,batch,484,unit,-11.116408348083496,hit_wordnet
2768,797,interactive batch,1709,new process,-12.56883430480957,hit_wordnet
2769,797,interactive batch,778,single process,-13.197149276733398,hit_wordnet
2770,797,interactive batch,517,entity,-13.560546875,hit_wordnet
2771,797,interactive batch,683,process,-13.603796005249023,hit_wordnet
2772,797,interactive batch,1284,batch interactive,-13.950004577636719,hit_wordnet
2773,799,application,390,work,-7.625862121582031,hit_wordnet
2774,799,application,137,communication,-9.56756591796875,hit_wordnet
2775,799,application,2169,method,-9.569425582885742,hit_wordnet
2776,799,application,772,procedure,-9.885382652282715,hit_wordnet
2777,799,application,212,creation,-9.892607688903809,hit_wordnet
2778,800,advantage,523,ability,-8.681573867797852,hit_wordnet
2779,800,advantage,1004,attribute,-9.113173484802246,hit_wordnet
2780,800,advantage,517,entity,-9.922608375549316,hit_wordnet
2781,800,advantage,490,amount,-10.069425582885742,hit_wordnet
2782,800,advantage,921,result,-10.241893768310547,hit_wordnet
2783,802,tolerance,337,quality,-8.692119598388672,hit_wordnet
2784,802,tolerance,1004,attribute,-8.942652702331543,hit_wordnet
2785,802,tolerance,523,ability,-9.002790451049805,hit_wordnet
2786,802,tolerance,791,condition,-10.531706809997559,hit_wordnet
2787,802,tolerance,731,behavior,-11.646723747253418,hit_wordnet
2788,803,input,517,entity,-9.235753059387207,hit_wordnet
2789,803,input,1004,attribute,-9.294650077819824,hit_wordnet
2790,803,input,523,ability,-9.319408416748047,hit_wordnet
2791,803,input,137,communication,-9.543478965759277,hit_wordnet
2792,803,input,111,message,-9.796412467956543,hit_wordnet
2793,804,terminal,781,group,-8.96611499786377,hit_wordnet
2794,804,terminal,955,platform,-9.650672912597656,hit_wordnet
2795,804,terminal,517,entity,-10.04035758972168,hit_wordnet
2796,804,terminal,141,machine,-10.520666122436523,hit_wordnet
2797,804,terminal,513,tool,-10.86630916595459,hit_wordnet
2798,805,interactive,137,communication,-11.992764472961426,hit_wordnet
2799,805,interactive,262,show,-12.574607849121094,hit_wordnet
2800,805,interactive,1514,software application,-12.631742477416992,hit_wordnet
2801,805,interactive,517,entity,-12.849382400512695,hit_wordnet
2802,805,interactive,866,program,-12.98416519165039,hit_wordnet
2803,811,candidate,11,individual,-7.058999061584473,hit_wordnet
2804,811,candidate,517,entity,-8.764731407165527,hit_wordnet
2805,811,candidate,1637,official,-9.072340965270996,hit_wordnet
2806,811,candidate,781,group,-10.490998268127441,hit_wordnet
2807,811,candidate,749,member,-10.581221580505371,hit_wordnet
2808,813,batch processing,778,single process,-11.63473892211914,hit_wordnet
2809,813,batch processing,1709,new process,-11.705337524414062,hit_wordnet
2810,813,batch processing,780,own process,-13.59715461730957,hit_wordnet
2811,813,batch processing,495,production,-13.668216705322266,hit_wordnet
2812,813,batch processing,992,operation,-14.36874771118164,hit_wordnet
2813,815,selection,835,placement,-9.03958797454834,hit_wordnet
2814,815,selection,517,entity,-9.080808639526367,hit_wordnet
2815,815,selection,142,choice,-9.17460823059082,hit_wordnet
2816,815,selection,170,action,-9.46260929107666,hit_wordnet
2817,815,selection,212,creation,-9.545334815979004,hit_wordnet
2818,818,sense,523,ability,-7.851747512817383,hit_wordnet
2819,818,sense,1004,attribute,-8.734565734863281,hit_wordnet
2820,818,sense,337,quality,-8.793928146362305,hit_wordnet
2821,818,sense,882,meaning,-9.292999267578125,hit_wordnet
2822,818,sense,139,purpose,-9.661951065063477,hit_wordnet
2823,819,ls,1871,letter,-12.373176574707031,hit_wordnet
2824,819,ls,517,entity,-12.394981384277344,hit_wordnet
2825,819,ls,781,group,-12.623902320861816,hit_wordnet
2826,819,ls,6,simple text,-12.829561233520508,hit_wordnet
2827,819,ls,484,unit,-13.234724998474121,hit_wordnet
2828,820,remote,141,machine,-10.209457397460938,hit_wordnet
2829,820,remote,517,entity,-11.268566131591797,hit_wordnet
2830,820,remote,781,group,-11.675625801086426,hit_wordnet
2831,820,remote,11,individual,-12.354944229125977,hit_wordnet
2832,820,remote,513,tool,-12.404145240783691,hit_wordnet
2833,824,intel_em64,517,entity,-14.1397705078125,hit_wordnet
2834,824,intel_em64,781,group,-15.396515846252441,hit_wordnet
2835,824,intel_em64,484,unit,-17.32625961303711,hit_wordnet
2836,824,intel_em64,8,information,-17.60577392578125,hit_wordnet
2837,824,intel_em64,660,data,-17.634592056274414,hit_wordnet
2838,826,operating,992,operation,-9.799943923950195,hit_wordnet
2839,826,operating,1099,management,-11.309598922729492,hit_wordnet
2840,826,operating,13,task,-11.898788452148438,hit_wordnet
2841,826,operating,772,procedure,-12.000667572021484,hit_wordnet
2842,826,operating,452,transaction,-12.534408569335938,hit_wordnet
2843,827,host cpu,2128,hardware cpu,-10.801393508911133,hit_wordnet
2844,827,host cpu,2137,physical cpu,-10.838086128234863,hit_wordnet
2845,827,host cpu,875,relative cpu,-11.77649211883545,hit_wordnet
2846,827,host cpu,650,cpu,-12.35486125946045,hit_wordnet
2847,827,host cpu,517,entity,-14.540163040161133,hit_wordnet
2848,828,same operating,826,operating,-8.81298828125,hit_wordnet
2849,828,same operating,992,operation,-9.59351634979248,hit_wordnet
2850,828,same operating,772,procedure,-11.563394546508789,hit_wordnet
2851,828,same operating,1099,management,-12.510356903076172,hit_wordnet
2852,828,same operating,1709,new process,-12.792045593261719,hit_wordnet
2853,829,same computer,120,computer,-10.893535614013672,hit_wordnet
2854,829,same computer,517,entity,-13.334112167358398,hit_wordnet
2855,829,same computer,1060,software,-13.523752212524414,hit_wordnet
2856,829,same computer,7,database,-14.453657150268555,hit_wordnet
2857,829,same computer,1514,software application,-14.492908477783203,hit_wordnet
2858,835,placement,212,creation,-8.363968849182129,hit_wordnet
2859,835,placement,2052,whole,-8.526168823242188,hit_wordnet
2860,835,placement,517,entity,-8.617647171020508,hit_wordnet
2861,835,placement,683,process,-9.357121467590332,hit_wordnet
2862,835,placement,552,organization,-9.455545425415039,hit_wordnet
2863,836,calculation,2169,method,-8.976359367370605,hit_wordnet
2864,836,calculation,772,procedure,-9.962238311767578,hit_wordnet
2865,836,calculation,212,creation,-10.02073860168457,hit_wordnet
2866,836,calculation,137,communication,-10.820084571838379,hit_wordnet
2867,836,calculation,517,entity,-10.820586204528809,hit_wordnet
2868,839,object,517,entity,-3.814286708831787,hit_wordnet
2869,839,object,2052,whole,-6.090363502502441,hit_wordnet
2870,839,object,781,group,-7.142939567565918,hit_wordnet
2871,839,object,683,process,-8.520294189453125,hit_wordnet
2872,839,object,11,individual,-10.458061218261719,hit_wordnet
2873,842,schedule,472,plan,-10.02221393585205,hit_wordnet
2874,842,schedule,517,entity,-11.222593307495117,hit_wordnet
2875,842,schedule,223,system,-11.253066062927246,hit_wordnet
2876,842,schedule,781,group,-11.552767753601074,hit_wordnet
2877,842,schedule,552,organization,-11.630483627319336,hit_wordnet
2878,844,configured,401,configure,-12.197223663330078,hit_wordnet
2879,844,configured,517,entity,-12.326356887817383,hit_wordnet
2880,844,configured,781,group,-12.639201164245605,hit_wordnet
2881,844,configured,223,system,-13.002470970153809,hit_wordnet
2882,844,configured,472,plan,-13.055536270141602,hit_wordnet
2883,848,fair share,907,share,-9.301908493041992,hit_wordnet
2884,848,fair share,517,entity,-12.845504760742188,hit_wordnet
2885,848,fair share,781,group,-13.351284980773926,hit_wordnet
2886,848,fair share,664,sum,-13.406011581420898,hit_wordnet
2887,848,fair share,2,accounting,-13.48790168762207,hit_wordnet
2888,849,kind,517,entity,-5.904481887817383,hit_wordnet
2889,849,kind,781,group,-7.428450584411621,hit_wordnet
2890,849,kind,2052,whole,-8.414138793945312,hit_wordnet
2891,849,kind,683,process,-9.672350883483887,hit_wordnet
2892,849,kind,11,individual,-13.402240753173828,hit_wordnet
2893,850,total cpu,517,entity,-14.875858306884766,hit_wordnet
2894,850,total cpu,484,unit,-14.879183769226074,hit_wordnet
2895,850,total cpu,875,relative cpu,-15.01270580291748,hit_wordnet
2896,850,total cpu,781,group,-15.812514305114746,hit_wordnet
2897,850,total cpu,108,number,-16.55263900756836,hit_wordnet
2898,851,total resident memory,689,average memory,-11.911802291870117,hit_wordnet
2899,851,total resident memory,696,step memory,-12.109560012817383,hit_wordnet
2900,851,total resident memory,651,memory,-12.152227401733398,hit_wordnet
2901,851,total resident memory,673,large memory,-12.355707168579102,hit_wordnet
2902,851,total resident memory,1040,process information,-13.424339294433594,hit_wordnet
2903,852,total virtual memory,673,large memory,-11.10943603515625,hit_wordnet
2904,852,total virtual memory,660,data,-12.374246597290039,hit_wordnet
2905,852,total virtual memory,651,memory,-13.397216796875,hit_wordnet
2906,852,total virtual memory,517,entity,-13.768503189086914,hit_wordnet
2907,852,total virtual memory,1040,process information,-13.878122329711914,hit_wordnet
2908,853,active process group,781,group,-11.955035209655762,hit_wordnet
2909,853,active process group,223,system,-12.241135597229004,hit_wordnet
2910,853,active process group,517,entity,-12.403511047363281,hit_wordnet
2911,853,active process group,552,organization,-13.4789457321167,hit_wordnet
2912,853,active process group,1060,software,-14.16305923461914,hit_wordnet
2913,855,level resource,10,resource,-9.010169982910156,hit_wordnet
2914,855,level resource,530,utility,-12.243158340454102,hit_wordnet
2915,855,level resource,517,entity,-12.918123245239258,hit_wordnet
2916,855,level resource,2034,consumable resource,-13.677871704101562,hit_wordnet
2917,855,level resource,781,group,-13.915572166442871,hit_wordnet
2918,856,pim,781,group,-10.809653282165527,hit_wordnet
2919,856,pim,517,entity,-11.710016250610352,hit_wordnet
2920,856,pim,11,individual,-13.452985763549805,hit_wordnet
2921,856,pim,513,tool,-14.079548835754395,hit_wordnet
2922,856,pim,521,man,-14.182695388793945,hit_wordnet
2923,858,non-shared,781,group,-9.844836235046387,hit_wordnet
2924,858,non-shared,517,entity,-10.02491569519043,hit_wordnet
2925,858,non-shared,552,organization,-12.885897636413574,hit_wordnet
2926,858,non-shared,11,individual,-13.201051712036133,hit_wordnet
2927,858,non-shared,954,product,-14.393771171569824,hit_wordnet
2928,859,lim,126,limit,-9.993612289428711,hit_wordnet
2929,859,lim,517,entity,-11.096464157104492,hit_wordnet
2930,859,lim,484,unit,-11.337224006652832,hit_wordnet
2931,859,lim,781,group,-11.69176197052002,hit_wordnet
2932,859,lim,2052,whole,-12.308485984802246,hit_wordnet
2933,860,fixed time,39,time,-7.289027214050293,hit_wordnet
2934,860,fixed time,19,particular time,-9.310376167297363,hit_wordnet
2935,860,fixed time,653,interval,-12.522502899169922,hit_wordnet
2936,860,fixed time,517,entity,-12.524343490600586,hit_wordnet
2937,860,fixed time,781,group,-13.348614692687988,hit_wordnet
2938,862,defined,1479,definition,-9.387045860290527,hit_wordnet
2939,862,defined,882,meaning,-11.222347259521484,hit_wordnet
2940,862,defined,517,entity,-11.262847900390625,hit_wordnet
2941,862,defined,208,arbitrary text,-11.287881851196289,hit_wordnet
2942,862,defined,551,description,-11.368163108825684,hit_wordnet
2943,864,external load information,1031,load information,-9.541829109191895,hit_wordnet
2944,864,external load information,1040,process information,-13.110282897949219,hit_wordnet
2945,864,external load information,660,data,-13.242267608642578,hit_wordnet
2946,864,external load information,517,entity,-14.462068557739258,hit_wordnet
2947,864,external load information,8,information,-15.089859962463379,hit_wordnet
2948,865,elim,781,group,-9.958582878112793,hit_wordnet
2949,865,elim,517,entity,-10.21236801147461,hit_wordnet
2950,865,elim,11,individual,-12.952041625976562,hit_wordnet
2951,865,elim,1871,letter,-13.078346252441406,hit_wordnet
2952,865,elim,683,process,-14.136388778686523,hit_wordnet
2953,866,program,1514,software application,-7.6261773109436035,hit_wordnet
2954,866,program,1060,software,-8.192811965942383,hit_wordnet
2955,866,program,517,entity,-9.048358917236328,hit_wordnet
2956,866,program,781,group,-10.42210578918457,hit_wordnet
2957,866,program,137,communication,-10.994853973388672,hit_wordnet
2958,868,static,683,process,-10.334522247314453,hit_wordnet
2959,868,static,517,entity,-11.213579177856445,hit_wordnet
2960,868,static,137,communication,-12.354722023010254,hit_wordnet
2961,868,static,2052,whole,-12.365303993225098,hit_wordnet
2962,868,static,30,mechanism,-12.519556045532227,hit_wordnet
2963,870,most static,868,static,-11.764360427856445,hit_wordnet
2964,870,most static,683,process,-13.120540618896484,hit_wordnet
2965,870,most static,517,entity,-13.14242172241211,hit_wordnet
2966,870,most static,2052,whole,-13.624468803405762,hit_wordnet
2967,870,most static,791,condition,-13.823822975158691,hit_wordnet
2968,873,particular,517,entity,-10.248954772949219,hit_wordnet
2969,873,particular,208,arbitrary text,-12.597108840942383,hit_wordnet
2970,873,particular,721,concept,-12.63916301727295,hit_wordnet
2971,873,particular,781,group,-12.744738578796387,hit_wordnet
2972,873,particular,204,type,-12.865581512451172,hit_wordnet
2973,874,binary,517,entity,-8.371028900146484,hit_wordnet
2974,874,binary,781,group,-9.524750709533691,hit_wordnet
2975,874,binary,11,individual,-10.423196792602539,hit_wordnet
2976,874,binary,1680,character,-11.571365356445312,hit_wordnet
2977,874,binary,866,program,-11.667815208435059,hit_wordnet
2978,875,relative cpu,2137,physical cpu,-8.298663139343262,hit_wordnet
2979,875,relative cpu,2128,hardware cpu,-9.342544555664062,hit_wordnet
2980,875,relative cpu,650,cpu,-10.42919921875,hit_wordnet
2981,875,relative cpu,517,entity,-13.743940353393555,hit_wordnet
2982,875,relative cpu,775,processor,-14.066970825195312,hit_wordnet
2983,877,threshold,490,amount,-10.038737297058105,hit_wordnet
2984,877,threshold,126,limit,-11.031143188476562,hit_wordnet
2985,877,threshold,1004,attribute,-11.57896900177002,hit_wordnet
2986,877,threshold,2052,whole,-11.847579002380371,hit_wordnet
2987,877,threshold,653,interval,-12.13234806060791,hit_wordnet
2988,878,suspended,517,entity,-12.435234069824219,hit_wordnet
2989,878,suspended,781,group,-13.089936256408691,hit_wordnet
2990,878,suspended,170,action,-13.422087669372559,hit_wordnet
2991,878,suspended,576,attempt,-13.772788047790527,hit_wordnet
2992,878,suspended,253,recovery,-13.801387786865234,hit_wordnet
2993,879,loadstop load,1520,external load,-7.772639274597168,hit_wordnet
2994,879,loadstop load,1123,current load,-9.08127498626709,hit_wordnet
2995,879,loadstop load,1248,current system load,-11.167145729064941,hit_wordnet
2996,879,loadstop load,12,load,-13.1537504196167,hit_wordnet
2997,879,loadstop load,1005,scheduling load,-16.1253604888916,hit_wordnet
2998,881,decrease,622,change,-6.900085926055908,hit_wordnet
2999,881,decrease,683,process,-9.03089714050293,hit_wordnet
3000,881,decrease,170,action,-9.106006622314453,hit_wordnet
3001,881,decrease,791,condition,-9.119285583496094,hit_wordnet
3002,881,decrease,2113,difference,-9.758111953735352,hit_wordnet
3003,882,meaning,721,concept,-6.9363203048706055,hit_wordnet
3004,882,meaning,1004,attribute,-8.019842147827148,hit_wordnet
3005,882,meaning,1376,content,-9.19552993774414,hit_wordnet
3006,882,meaning,523,ability,-9.452832221984863,hit_wordnet
3007,882,meaning,337,quality,-9.591455459594727,hit_wordnet
3008,883,specific load,879,loadstop load,-7.593020439147949,hit_wordnet
3009,883,specific load,1520,external load,-9.526510238647461,hit_wordnet
3010,883,specific load,1123,current load,-9.67529296875,hit_wordnet
3011,883,specific load,1248,current system load,-11.463841438293457,hit_wordnet
3012,883,specific load,12,load,-12.443368911743164,hit_wordnet
3013,884,host load,1520,external load,-10.450892448425293,hit_wordnet
3014,884,host load,879,loadstop load,-13.339192390441895,hit_wordnet
3015,884,host load,883,specific load,-13.88011646270752,hit_wordnet
3016,884,host load,1123,current load,-14.00434398651123,hit_wordnet
3017,884,host load,1248,current system load,-14.13694953918457,hit_wordnet
3018,886,runtime resource usage,1240,resource usage,-10.80702018737793,hit_wordnet
3019,886,runtime resource usage,335,utilization,-14.355770111083984,hit_wordnet
3020,886,runtime resource usage,370,workload characterization,-15.0070219039917,hit_wordnet
3021,886,runtime resource usage,530,utility,-15.610815048217773,hit_wordnet
3022,886,runtime resource usage,10,resource,-15.621366500854492,hit_wordnet
3023,887,specified,517,entity,-12.889453887939453,hit_wordnet
3024,887,specified,2043,logical,-14.230754852294922,hit_wordnet
3025,887,specified,208,arbitrary text,-14.515350341796875,hit_wordnet
3026,887,specified,6,simple text,-14.608842849731445,hit_wordnet
3027,887,specified,781,group,-14.740269660949707,hit_wordnet
3028,888,soft,517,entity,-11.135011672973633,hit_wordnet
3029,888,soft,781,group,-11.15613079071045,hit_wordnet
3030,888,soft,683,process,-12.27537727355957,hit_wordnet
3031,888,soft,849,kind,-12.39577865600586,hit_wordnet
3032,888,soft,2052,whole,-12.728915214538574,hit_wordnet
3033,890,hard,781,group,-11.964201927185059,hit_wordnet
3034,890,hard,2052,whole,-12.012495994567871,hit_wordnet
3035,890,hard,517,entity,-12.07065200805664,hit_wordnet
3036,890,hard,683,process,-12.857231140136719,hit_wordnet
3037,890,hard,644,part,-12.947807312011719,hit_wordnet
3038,892,resource allocation,2021,allocation,-9.58471965789795,hit_wordnet
3039,892,resource allocation,530,utility,-12.210187911987305,hit_wordnet
3040,892,resource allocation,1099,management,-12.602214813232422,hit_wordnet
3041,892,resource allocation,517,entity,-14.810779571533203,hit_wordnet
3042,892,resource allocation,10,resource,-14.840560913085938,hit_wordnet
3043,897,bsub -r option specifie resource,517,entity,-12.709335327148438,hit_wordnet
3044,897,bsub -r option specifie resource,781,group,-14.211379051208496,hit_wordnet
3045,897,bsub -r option specifie resource,8,information,-14.574450492858887,hit_wordnet
3046,897,bsub -r option specifie resource,1060,software,-14.714813232421875,hit_wordnet
3047,897,bsub -r option specifie resource,1040,process information,-14.732423782348633,hit_wordnet
3048,898,load index,484,unit,-13.311097145080566,hit_wordnet
3049,898,load index,108,number,-13.716632843017578,hit_wordnet
3050,898,load index,517,entity,-14.159732818603516,hit_wordnet
3051,898,load index,640,statistic,-14.753591537475586,hit_wordnet
3052,898,load index,781,group,-14.98886775970459,hit_wordnet
3053,903,lsfinstall -f install.config,517,entity,-15.619029998779297,hit_wordnet
3054,903,lsfinstall -f install.config,781,group,-16.135860443115234,hit_wordnet
3055,903,lsfinstall -f install.config,683,process,-17.622577667236328,hit_wordnet
3056,903,lsfinstall -f install.config,992,operation,-18.390583038330078,hit_wordnet
3057,903,lsfinstall -f install.config,30,mechanism,-18.5919246673584,hit_wordnet
3058,904,install.config,517,entity,-14.493661880493164,hit_wordnet
3059,904,install.config,781,group,-14.904162406921387,hit_wordnet
3060,904,install.config,903,lsfinstall -f install.config,-15.284872055053711,hit_wordnet
3061,904,install.config,1060,software,-16.573944091796875,hit_wordnet
3062,904,install.config,30,mechanism,-16.836326599121094,hit_wordnet
3063,905,lsf_confdir,966,lsb_confdir,-9.472301483154297,hit_wordnet
3064,905,lsf_confdir,517,entity,-12.834209442138672,hit_wordnet
3065,905,lsf_confdir,781,group,-13.14502239227295,hit_wordnet
3066,905,lsf_confdir,964,lsf.conf,-14.018746376037598,hit_wordnet
3067,905,lsf_confdir,11,individual,-15.052593231201172,hit_wordnet
3068,906,lsf.cluster.cluster_name,517,entity,-10.941810607910156,hit_wordnet
3069,906,lsf.cluster.cluster_name,781,group,-11.329312324523926,hit_wordnet
3070,906,lsf.cluster.cluster_name,786,complex,-13.427497863769531,hit_wordnet
3071,906,lsf.cluster.cluster_name,683,process,-14.112323760986328,hit_wordnet
3072,906,lsf.cluster.cluster_name,85,cluster,-14.203266143798828,hit_wordnet
3073,907,share,517,entity,-8.243927955627441,hit_wordnet
3074,907,share,781,group,-8.986605644226074,hit_wordnet
3075,907,share,2052,whole,-9.069302558898926,hit_wordnet
3076,907,share,552,organization,-9.092411994934082,hit_wordnet
3077,907,share,664,sum,-9.65501594543457,hit_wordnet
3078,908,lsf_,517,entity,-13.31967544555664,hit_wordnet
3079,908,lsf_,781,group,-13.708369255065918,hit_wordnet
3080,908,lsf_,1649,fe00::0,-14.16450309753418,hit_wordnet
3081,908,lsf_,1057,cshrc.lsf,-14.682049751281738,hit_wordnet
3082,908,lsf_,1871,letter,-15.076986312866211,hit_wordnet
3083,909,conf,781,group,-7.950243949890137,hit_wordnet
3084,909,conf,517,entity,-8.190130233764648,hit_wordnet
3085,909,conf,2052,whole,-8.859908103942871,hit_wordnet
3086,909,conf,839,object,-9.66109561920166,hit_wordnet
3087,909,conf,683,process,-10.88846206665039,hit_wordnet
3088,910,lsf.cluster.lsf_,1001,lsf.cluster.cluster,-10.023171424865723,hit_wordnet
3089,910,lsf.cluster.lsf_,517,entity,-12.483224868774414,hit_wordnet
3090,910,lsf.cluster.lsf_,781,group,-12.647061347961426,hit_wordnet
3091,910,lsf.cluster.lsf_,906,lsf.cluster.cluster_name,-14.653450965881348,hit_wordnet
3092,910,lsf.cluster.lsf_,683,process,-15.150226593017578,hit_wordnet
3093,911,clusteradmin,781,group,-10.044352531433105,hit_wordnet
3094,911,clusteradmin,517,entity,-10.81022834777832,hit_wordnet
3095,911,clusteradmin,552,organization,-13.334298133850098,hit_wordnet
3096,911,clusteradmin,11,individual,-13.830408096313477,hit_wordnet
3097,911,clusteradmin,85,cluster,-13.937788009643555,hit_wordnet
3098,918,only,517,entity,-8.67668342590332,hit_wordnet
3099,918,only,11,individual,-8.693916320800781,hit_wordnet
3100,918,only,781,group,-9.93001651763916,hit_wordnet
3101,918,only,1637,official,-11.226597785949707,hit_wordnet
3102,918,only,1498,relative,-11.602529525756836,hit_wordnet
3103,920,batch job,923,remote job,-11.59924030303955,hit_wordnet
3104,920,batch job,1511,interactive job,-12.949226379394531,hit_wordnet
3105,920,batch job,3,job,-12.949338912963867,hit_wordnet
3106,920,batch job,1055,control job,-13.115732192993164,hit_wordnet
3107,920,batch job,1254,display job,-13.119441032409668,hit_wordnet
3108,921,result,517,entity,-7.608983039855957,hit_wordnet
3109,921,result,111,message,-8.093792915344238,hit_wordnet
3110,921,result,674,event,-8.520486831665039,hit_wordnet
3111,921,result,13,task,-8.533686637878418,hit_wordnet
3112,921,result,170,action,-8.56105899810791,hit_wordnet
3113,923,remote job,1511,interactive job,-7.326315879821777,hit_wordnet
3114,923,remote job,1254,display job,-9.547066688537598,hit_wordnet
3115,923,remote job,3,job,-10.970187187194824,hit_wordnet
3116,923,remote job,1055,control job,-10.97786808013916,hit_wordnet
3117,923,remote job,1436,working,-12.612863540649414,hit_wordnet
3118,926,network file,52,file,-9.129907608032227,hit_wordnet
3119,926,network file,7,database,-12.803936004638672,hit_wordnet
3120,926,network file,517,entity,-13.03203010559082,hit_wordnet
3121,926,network file,660,data,-13.782060623168945,hit_wordnet
3122,926,network file,781,group,-13.970730781555176,hit_wordnet
3123,927,nfs,781,group,-8.93083667755127,hit_wordnet
3124,927,nfs,517,entity,-9.606559753417969,hit_wordnet
3125,927,nfs,484,unit,-10.841692924499512,hit_wordnet
3126,927,nfs,2052,whole,-11.001786231994629,hit_wordnet
3127,927,nfs,216,partition,-12.567953109741211,hit_wordnet
3128,929,demand,1816,request,-7.823788642883301,hit_wordnet
3129,929,demand,170,action,-8.689406394958496,hit_wordnet
3130,929,demand,576,attempt,-9.1467924118042,hit_wordnet
3131,929,demand,142,choice,-9.453302383422852,hit_wordnet
3132,929,demand,13,task,-9.62877082824707,hit_wordnet
3133,930,automount,781,group,-14.154780387878418,hit_wordnet
3134,930,automount,517,entity,-14.220483779907227,hit_wordnet
3135,930,automount,141,machine,-15.406641960144043,hit_wordnet
3136,930,automount,724,installation,-15.679117202758789,hit_wordnet
3137,930,automount,11,individual,-15.867496490478516,hit_wordnet
3138,931,andrew file,52,file,-11.834539413452148,hit_wordnet
3139,931,andrew file,517,entity,-14.145668029785156,hit_wordnet
3140,931,andrew file,1793,incorrect file,-14.59478759765625,hit_wordnet
3141,931,andrew file,781,group,-14.71350383758545,hit_wordnet
3142,931,andrew file,926,network file,-16.180566787719727,hit_wordnet
3143,932,afs,781,group,-8.572352409362793,hit_wordnet
3144,932,afs,517,entity,-9.961814880371094,hit_wordnet
3145,932,afs,683,process,-13.056961059570312,hit_wordnet
3146,932,afs,849,kind,-13.15335464477539,hit_wordnet
3147,932,afs,2052,whole,-13.553292274475098,hit_wordnet
3148,934,integration,1709,new process,-8.46126651763916,hit_wordnet
3149,934,integration,683,process,-10.068419456481934,hit_wordnet
3150,934,integration,778,single process,-10.571372032165527,hit_wordnet
3151,934,integration,992,operation,-10.607990264892578,hit_wordnet
3152,934,integration,622,change,-11.22422981262207,hit_wordnet
3153,935,parallel user,37,user,-11.523229598999023,hit_wordnet
3154,935,parallel user,1068,multi-user,-11.53510570526123,hit_wordnet
3155,935,parallel user,11,individual,-11.615320205688477,hit_wordnet
3156,935,parallel user,517,entity,-12.404447555541992,hit_wordnet
3157,935,parallel user,1637,official,-13.677674293518066,hit_wordnet
3158,937,job_spool_dir,517,entity,-14.170408248901367,hit_wordnet
3159,937,job_spool_dir,781,group,-14.437342643737793,hit_wordnet
3160,937,job_spool_dir,141,machine,-15.21056842803955,hit_wordnet
3161,937,job_spool_dir,513,tool,-15.36711597442627,hit_wordnet
3162,937,job_spool_dir,11,individual,-16.3278865814209,hit_wordnet
3163,940,dce,517,entity,-11.287363052368164,hit_wordnet
3164,940,dce,781,group,-12.113356590270996,hit_wordnet
3165,940,dce,484,unit,-12.528454780578613,hit_wordnet
3166,940,dce,1871,letter,-13.505115509033203,hit_wordnet
3167,940,dce,11,individual,-13.893865585327148,hit_wordnet
3168,941,dfs,517,entity,-11.419416427612305,hit_wordnet
3169,941,dfs,781,group,-11.848164558410645,hit_wordnet
3170,941,dfs,2052,whole,-12.0858793258667,hit_wordnet
3171,941,dfs,484,unit,-12.410569190979004,hit_wordnet
3172,941,dfs,60,datum,-12.87714958190918,hit_wordnet
3173,943,window server,196,database server,-11.42301082611084,hit_wordnet
3174,943,window server,82,server,-12.784924507141113,hit_wordnet
3175,943,window server,120,computer,-13.122922897338867,hit_wordnet
3176,943,window server,517,entity,-14.04842758178711,hit_wordnet
3177,943,window server,781,group,-14.896729469299316,hit_wordnet
3178,946,copy result,921,result,-12.036465644836426,hit_wordnet
3179,946,copy result,1139,disclosure,-12.323590278625488,hit_wordnet
3180,946,copy result,517,entity,-12.89570426940918,hit_wordnet
3181,946,copy result,2,accounting,-12.99480152130127,hit_wordnet
3182,946,copy result,8,information,-13.072539329528809,hit_wordnet
3183,947,submission,170,action,-7.982434272766113,hit_wordnet
3184,947,submission,576,attempt,-8.917228698730469,hit_wordnet
3185,947,submission,452,transaction,-9.751533508300781,hit_wordnet
3186,947,submission,1816,request,-9.960981369018555,hit_wordnet
3187,947,submission,622,change,-10.950333595275879,hit_wordnet
3188,948,fault,89,failure,-10.359123229980469,hit_wordnet
3189,948,fault,1606,situation,-11.353618621826172,hit_wordnet
3190,948,fault,517,entity,-12.320516586303711,hit_wordnet
3191,948,fault,683,process,-12.83670425415039,hit_wordnet
3192,948,fault,2052,whole,-13.153899192810059,hit_wordnet
3193,949,example directory,951,typical directory,-9.307108879089355,hit_wordnet
3194,949,example directory,399,directory,-9.705787658691406,hit_wordnet
3195,949,example directory,517,entity,-14.953601837158203,hit_wordnet
3196,949,example directory,7,database,-15.46284294128418,hit_wordnet
3197,949,example directory,781,group,-15.709733009338379,hit_wordnet
3198,950,figure,517,entity,-6.776483535766602,hit_wordnet
3199,950,figure,839,object,-6.923210144042969,hit_wordnet
3200,950,figure,2052,whole,-7.139218330383301,hit_wordnet
3201,950,figure,781,group,-8.550854682922363,hit_wordnet
3202,950,figure,644,part,-10.368951797485352,hit_wordnet
3203,951,typical directory,399,directory,-7.69110107421875,hit_wordnet
3204,951,typical directory,7,database,-13.81882095336914,hit_wordnet
3205,951,typical directory,517,entity,-13.927417755126953,hit_wordnet
3206,951,typical directory,781,group,-14.401516914367676,hit_wordnet
3207,951,typical directory,503,certain database,-15.395101547241211,hit_wordnet
3208,953,microsoft,1060,software,-10.967862129211426,hit_wordnet
3209,953,microsoft,1514,software application,-11.214134216308594,hit_wordnet
3210,953,microsoft,120,computer,-11.45521354675293,hit_wordnet
3211,953,microsoft,517,entity,-12.219776153564453,hit_wordnet
3212,953,microsoft,1354,other software application,-13.138158798217773,hit_wordnet
3213,954,product,517,entity,-6.653197288513184,hit_wordnet
3214,954,product,781,group,-9.036003112792969,hit_wordnet
3215,954,product,212,creation,-10.059922218322754,hit_wordnet
3216,954,product,839,object,-10.121546745300293,hit_wordnet
3217,954,product,552,organization,-10.256051063537598,hit_wordnet
3218,955,platform,781,group,-8.314347267150879,hit_wordnet
3219,955,platform,2052,whole,-8.953181266784668,hit_wordnet
3220,955,platform,517,entity,-9.182367324829102,hit_wordnet
3221,955,platform,450,support,-9.904918670654297,hit_wordnet
3222,955,platform,493,site,-9.976845741271973,hit_wordnet
3223,959,lsfinstall,517,entity,-13.794879913330078,hit_wordnet
3224,959,lsfinstall,781,group,-14.418198585510254,hit_wordnet
3225,959,lsfinstall,683,process,-15.127784729003906,hit_wordnet
3226,959,lsfinstall,11,individual,-16.51262664794922,hit_wordnet
3227,959,lsfinstall,992,operation,-16.792499542236328,hit_wordnet
3228,960,microsoft window directory,949,example directory,-11.815542221069336,hit_wordnet
3229,960,microsoft window directory,399,directory,-12.99194049835205,hit_wordnet
3230,960,microsoft window directory,951,typical directory,-14.590410232543945,hit_wordnet
3231,960,microsoft window directory,517,entity,-14.626861572265625,hit_wordnet
3232,960,microsoft window directory,7,database,-15.096736907958984,hit_wordnet
3233,961,new window,795,window,-9.618212699890137,hit_wordnet
3234,961,new window,517,entity,-13.838218688964844,hit_wordnet
3235,961,new window,2052,whole,-14.619034767150879,hit_wordnet
3236,961,new window,781,group,-14.769013404846191,hit_wordnet
3237,961,new window,839,object,-15.470677375793457,hit_wordnet
3238,962,important lsf configuration,517,entity,-14.476634979248047,hit_wordnet
3239,962,important lsf configuration,781,group,-14.624371528625488,hit_wordnet
3240,962,important lsf configuration,1058,configure lsf,-15.359363555908203,hit_wordnet
3241,962,important lsf configuration,223,system,-15.5051851272583,hit_wordnet
3242,962,important lsf configuration,30,mechanism,-15.571138381958008,hit_wordnet
3243,964,lsf.conf,517,entity,-12.294622421264648,hit_wordnet
3244,964,lsf.conf,781,group,-12.6580171585083,hit_wordnet
3245,964,lsf.conf,484,unit,-14.313015937805176,hit_wordnet
3246,964,lsf.conf,1058,configure lsf,-14.646180152893066,hit_wordnet
3247,964,lsf.conf,2052,whole,-14.952521324157715,hit_wordnet
3248,966,lsb_confdir,517,entity,-12.28023910522461,hit_wordnet
3249,966,lsb_confdir,781,group,-12.560908317565918,hit_wordnet
3250,966,lsb_confdir,11,individual,-14.683666229248047,hit_wordnet
3251,966,lsb_confdir,1490,lsf_serverdir,-14.800068855285645,hit_wordnet
3252,966,lsb_confdir,484,unit,-15.032464027404785,hit_wordnet
3253,967,cluster_name,517,entity,-10.345239639282227,hit_wordnet
3254,967,cluster_name,781,group,-11.029728889465332,hit_wordnet
3255,967,cluster_name,208,arbitrary text,-12.436992645263672,hit_wordnet
3256,967,cluster_name,60,datum,-13.13578987121582,hit_wordnet
3257,967,cluster_name,6,simple text,-13.964099884033203,hit_wordnet
3258,968,configdir,517,entity,-13.10659408569336,hit_wordnet
3259,968,configdir,781,group,-13.357808113098145,hit_wordnet
3260,968,configdir,513,tool,-15.329773902893066,hit_wordnet
3261,968,configdir,141,machine,-15.500061988830566,hit_wordnet
3262,968,configdir,683,process,-15.644140243530273,hit_wordnet
3263,969,lsb.queue,781,group,-10.934807777404785,hit_wordnet
3264,969,lsb.queue,517,entity,-12.025951385498047,hit_wordnet
3265,969,lsb.queue,2052,whole,-14.255267143249512,hit_wordnet
3266,969,lsb.queue,484,unit,-14.382882118225098,hit_wordnet
3267,969,lsb.queue,683,process,-14.652502059936523,hit_wordnet
3268,971,primary lsf,1840,second lsf,-6.1162919998168945,hit_wordnet
3269,971,primary lsf,706,lsf,-11.764209747314453,hit_wordnet
3270,971,primary lsf,1058,configure lsf,-12.15529727935791,hit_wordnet
3271,971,primary lsf,1456,automatic lsf,-12.894486427307129,hit_wordnet
3272,971,primary lsf,1074,troubleshooting lsf,-14.432167053222656,hit_wordnet
3273,973,path,2052,whole,-8.191122055053711,hit_wordnet
3274,973,path,198,location,-8.826769828796387,hit_wordnet
3275,973,path,781,group,-9.20291519165039,hit_wordnet
3276,973,path,427,line,-9.417455673217773,hit_wordnet
3277,973,path,517,entity,-9.714083671569824,hit_wordnet
3278,976,other global,781,group,-10.699069023132324,hit_wordnet
3279,976,other global,517,entity,-10.725954055786133,hit_wordnet
3280,976,other global,2052,whole,-13.846053123474121,hit_wordnet
3281,976,other global,849,kind,-13.913938522338867,hit_wordnet
3282,976,other global,552,organization,-13.944663047790527,hit_wordnet
3283,978,lsf_envdir,517,entity,-13.243692398071289,hit_wordnet
3284,978,lsf_envdir,1057,cshrc.lsf,-13.54584789276123,hit_wordnet
3285,978,lsf_envdir,781,group,-14.001492500305176,hit_wordnet
3286,978,lsf_envdir,1835,read lsf,-14.2737455368042,hit_wordnet
3287,978,lsf_envdir,1906,lsf.conffile,-14.29842472076416,hit_wordnet
3288,981,etc,517,entity,-12.855960845947266,hit_wordnet
3289,981,etc,781,group,-13.153042793273926,hit_wordnet
3290,981,etc,2052,whole,-14.661349296569824,hit_wordnet
3291,981,etc,683,process,-14.901165008544922,hit_wordnet
3292,981,etc,7,database,-15.644487380981445,hit_wordnet
3293,982,define,1479,definition,-6.233196258544922,hit_wordnet
3294,982,define,862,defined,-7.299463748931885,hit_wordnet
3295,982,define,882,meaning,-9.945093154907227,hit_wordnet
3296,982,define,721,concept,-11.485173225402832,hit_wordnet
3297,982,define,517,entity,-11.864755630493164,hit_wordnet
3298,984,model,517,entity,-8.062492370605469,hit_wordnet
3299,984,model,721,concept,-9.2550630569458,hit_wordnet
3300,984,model,212,creation,-9.494158744812012,hit_wordnet
3301,984,model,223,system,-9.494272232055664,hit_wordnet
3302,984,model,8,information,-9.915475845336914,hit_wordnet
3303,985,dictionary,517,entity,-11.358636856079102,hit_wordnet
3304,985,dictionary,208,arbitrary text,-13.1492919921875,hit_wordnet
3305,985,dictionary,781,group,-13.833611488342285,hit_wordnet
3306,985,dictionary,7,database,-13.966890335083008,hit_wordnet
3307,985,dictionary,27,text,-14.035104751586914,hit_wordnet
3308,986,keyword,517,entity,-9.546592712402344,hit_wordnet
3309,986,keyword,613,explanation,-10.026639938354492,hit_wordnet
3310,986,keyword,208,arbitrary text,-10.111434936523438,hit_wordnet
3311,986,keyword,721,concept,-10.30931568145752,hit_wordnet
3312,986,keyword,639,reason,-10.512480735778809,hit_wordnet
3313,987,own,1072,ownership,-8.82308578491211,hit_wordnet
3314,987,own,517,entity,-9.58329963684082,hit_wordnet
3315,987,own,11,individual,-10.752998352050781,hit_wordnet
3316,987,own,781,group,-11.336947441101074,hit_wordnet
3317,987,own,1498,relative,-11.728031158447266,hit_wordnet
3318,991,global configuration,1369,other configuration,-8.547405242919922,hit_wordnet
3319,991,global configuration,73,configuration,-9.530302047729492,hit_wordnet
3320,991,global configuration,1883,same configuration,-9.723003387451172,hit_wordnet
3321,991,global configuration,479,relevant configuration,-9.954187393188477,hit_wordnet
3322,991,global configuration,319,separate configuration,-10.43947696685791,hit_wordnet
3323,992,operation,772,procedure,-6.16083288192749,hit_wordnet
3324,992,operation,683,process,-8.097057342529297,hit_wordnet
3325,992,operation,1709,new process,-9.223045349121094,hit_wordnet
3326,992,operation,170,action,-9.427433967590332,hit_wordnet
3327,992,operation,2169,method,-9.556612968444824,hit_wordnet
3328,994,ego,517,entity,-10.23369026184082,hit_wordnet
3329,994,ego,523,ability,-12.06960391998291,hit_wordnet
3330,994,ego,1004,attribute,-12.378119468688965,hit_wordnet
3331,994,ego,337,quality,-12.971185684204102,hit_wordnet
3332,994,ego,721,concept,-13.063998222351074,hit_wordnet
3333,995,kernel,517,entity,-6.358515739440918,hit_wordnet
3334,995,kernel,683,process,-7.341672897338867,hit_wordnet
3335,995,kernel,781,group,-7.666084289550781,hit_wordnet
3336,995,kernel,2052,whole,-7.74854850769043,hit_wordnet
3337,995,kernel,849,kind,-9.392654418945312,hit_wordnet
3338,996,ego.conf,517,entity,-9.615118026733398,hit_wordnet
3339,996,ego.conf,781,group,-12.269543647766113,hit_wordnet
3340,996,ego.conf,11,individual,-13.315319061279297,hit_wordnet
3341,996,ego.conf,8,information,-13.848641395568848,hit_wordnet
3342,996,ego.conf,839,object,-13.97702693939209,hit_wordnet
3343,997,keyword definition,986,keyword,-11.235177040100098,hit_wordnet
3344,997,keyword definition,1479,definition,-12.301844596862793,hit_wordnet
3345,997,keyword definition,551,description,-12.617233276367188,hit_wordnet
3346,997,keyword definition,882,meaning,-12.804388046264648,hit_wordnet
3347,997,keyword definition,639,reason,-13.275012969970703,hit_wordnet
3348,998,define cluster,781,group,-9.951432228088379,hit_wordnet
3349,998,define cluster,85,cluster,-10.23219108581543,hit_wordnet
3350,998,define cluster,517,entity,-10.57205581665039,hit_wordnet
3351,998,define cluster,2052,whole,-11.865738868713379,hit_wordnet
3352,998,define cluster,849,kind,-12.036653518676758,hit_wordnet
3353,1000,cluster configuration,1883,same configuration,-8.843770980834961,hit_wordnet
3354,1000,cluster configuration,73,configuration,-9.272565841674805,hit_wordnet
3355,1000,cluster configuration,730,several configuration,-9.463610649108887,hit_wordnet
3356,1000,cluster configuration,2152,linear configuration,-10.411805152893066,hit_wordnet
3357,1000,cluster configuration,319,separate configuration,-11.275525093078613,hit_wordnet
3358,1001,lsf.cluster.cluster,517,entity,-11.274301528930664,hit_wordnet
3359,1001,lsf.cluster.cluster,906,lsf.cluster.cluster_name,-11.319427490234375,hit_wordnet
3360,1001,lsf.cluster.cluster,781,group,-11.510855674743652,hit_wordnet
3361,1001,lsf.cluster.cluster,786,complex,-13.031064987182617,hit_wordnet
3362,1001,lsf.cluster.cluster,683,process,-14.10902214050293,hit_wordnet
3363,1004,attribute,517,entity,-8.115065574645996,hit_wordnet
3364,1004,attribute,849,kind,-8.670722007751465,hit_wordnet
3365,1004,attribute,2052,whole,-9.730594635009766,hit_wordnet
3366,1004,attribute,683,process,-10.8698091506958,hit_wordnet
3367,1004,attribute,781,group,-11.120856285095215,hit_wordnet
3368,1005,scheduling load,704,workload,-14.99992847442627,hit_wordnet
3369,1005,scheduling load,390,work,-15.06201171875,hit_wordnet
3370,1005,scheduling load,517,entity,-15.70638656616211,hit_wordnet
3371,1005,scheduling load,781,group,-15.755791664123535,hit_wordnet
3372,1005,scheduling load,530,utility,-16.00756072998047,hit_wordnet
3373,1007,job slot,781,group,-13.052971839904785,hit_wordnet
3374,1007,job slot,517,entity,-13.35638427734375,hit_wordnet
3375,1007,job slot,2052,whole,-14.870224952697754,hit_wordnet
3376,1007,job slot,552,organization,-14.891013145446777,hit_wordnet
3377,1007,job slot,665,gathered,-14.900613784790039,hit_wordnet
3378,1008,configure account,517,entity,-11.345050811767578,hit_wordnet
3379,1008,configure account,215,account,-11.959128379821777,hit_wordnet
3380,1008,configure account,781,group,-13.071234703063965,hit_wordnet
3381,1008,configure account,552,organization,-13.890677452087402,hit_wordnet
3382,1008,configure account,11,individual,-14.295633316040039,hit_wordnet
3383,1010,lsbatch,781,group,-10.062260627746582,hit_wordnet
3384,1010,lsbatch,11,individual,-10.904464721679688,hit_wordnet
3385,1010,lsbatch,521,man,-11.15188980102539,hit_wordnet
3386,1010,lsbatch,517,entity,-11.489423751831055,hit_wordnet
3387,1010,lsbatch,513,tool,-11.546385765075684,hit_wordnet
3388,1011,clu,781,group,-10.108983039855957,hit_wordnet
3389,1011,clu,517,entity,-11.854393005371094,hit_wordnet
3390,1011,clu,2052,whole,-12.652363777160645,hit_wordnet
3391,1011,clu,513,tool,-13.567030906677246,hit_wordnet
3392,1011,clu,11,individual,-13.842466354370117,hit_wordnet
3393,1012,ter,781,group,-11.407124519348145,hit_wordnet
3394,1012,ter,517,entity,-12.70269775390625,hit_wordnet
3395,1012,ter,11,individual,-14.099815368652344,hit_wordnet
3396,1012,ter,1871,letter,-14.110414505004883,hit_wordnet
3397,1012,ter,683,process,-14.913347244262695,hit_wordnet
3398,1013,lsb.u,781,group,-11.823309898376465,hit_wordnet
3399,1013,lsb.u,517,entity,-12.416006088256836,hit_wordnet
3400,1013,lsb.u,1871,letter,-14.361173629760742,hit_wordnet
3401,1013,lsb.u,11,individual,-14.450632095336914,hit_wordnet
3402,1013,lsb.u,484,unit,-14.632292747497559,hit_wordnet
3403,1015,common,781,group,-7.284749984741211,hit_wordnet
3404,1015,common,517,entity,-9.349388122558594,hit_wordnet
3405,1015,common,2052,whole,-11.099759101867676,hit_wordnet
3406,1015,common,849,kind,-11.860212326049805,hit_wordnet
3407,1015,common,484,unit,-12.061795234680176,hit_wordnet
3408,1017,default_application,517,entity,-14.351308822631836,hit_wordnet
3409,1017,default_application,1354,other software application,-14.596620559692383,hit_wordnet
3410,1017,default_application,1514,software application,-14.727228164672852,hit_wordnet
3411,1017,default_application,781,group,-15.979235649108887,hit_wordnet
3412,1017,default_application,1060,software,-16.689027786254883,hit_wordnet
3413,1018,default application,1017,default_application,-10.002204895019531,hit_wordnet
3414,1018,default application,1354,other software application,-11.395517349243164,hit_wordnet
3415,1018,default application,1514,software application,-12.189371109008789,hit_wordnet
3416,1018,default application,517,entity,-13.590677261352539,hit_wordnet
3417,1018,default application,1060,software,-15.062705993652344,hit_wordnet
3418,1020,plicaton,517,entity,-12.253271102905273,hit_wordnet
3419,1020,plicaton,781,group,-12.458785057067871,hit_wordnet
3420,1020,plicaton,2052,whole,-13.818634986877441,hit_wordnet
3421,1020,plicaton,513,tool,-13.857516288757324,hit_wordnet
3422,1020,plicaton,683,process,-14.126815795898438,hit_wordnet
3423,1024,logdir,781,group,-12.117344856262207,hit_wordnet
3424,1024,logdir,517,entity,-12.304546356201172,hit_wordnet
3425,1024,logdir,11,individual,-13.745067596435547,hit_wordnet
3426,1024,logdir,484,unit,-13.888148307800293,hit_wordnet
3427,1024,logdir,2052,whole,-14.149056434631348,hit_wordnet
3428,1025,lsb.event,517,entity,-11.733695983886719,hit_wordnet
3429,1025,lsb.event,781,group,-12.634442329406738,hit_wordnet
3430,1025,lsb.event,2052,whole,-14.222922325134277,hit_wordnet
3431,1025,lsb.event,18,report,-14.665998458862305,hit_wordnet
3432,1025,lsb.event,484,unit,-14.849928855895996,hit_wordnet
3433,1026,batch accounting,2,accounting,-8.926081657409668,hit_wordnet
3434,1026,batch accounting,415,job accounting,-9.846467971801758,hit_wordnet
3435,1026,batch accounting,517,entity,-15.06039047241211,hit_wordnet
3436,1026,batch accounting,452,transaction,-15.569195747375488,hit_wordnet
3437,1026,batch accounting,660,data,-15.78750991821289,hit_wordnet
3438,1027,lsb.acct,517,entity,-11.243986129760742,hit_wordnet
3439,1027,lsb.acct,781,group,-11.71679973602295,hit_wordnet
3440,1027,lsb.acct,484,unit,-13.107449531555176,hit_wordnet
3441,1027,lsb.acct,1871,letter,-13.790023803710938,hit_wordnet
3442,1027,lsb.acct,11,individual,-13.972166061401367,hit_wordnet
3443,1028,daemon log,1593,error log,-9.799409866333008,hit_wordnet
3444,1028,daemon log,517,entity,-13.559814453125,hit_wordnet
3445,1028,daemon log,53,log,-14.070623397827148,hit_wordnet
3446,1028,daemon log,18,report,-14.884832382202148,hit_wordnet
3447,1028,daemon log,781,group,-15.28066349029541,hit_wordnet
3448,1030,lsf_logdir,517,entity,-12.921815872192383,hit_wordnet
3449,1030,lsf_logdir,781,group,-13.683350563049316,hit_wordnet
3450,1030,lsf_logdir,484,unit,-14.478236198425293,hit_wordnet
3451,1030,lsf_logdir,11,individual,-14.97491455078125,hit_wordnet
3452,1030,lsf_logdir,1871,letter,-15.642477035522461,hit_wordnet
3453,1031,load information,1040,process information,-12.633956909179688,hit_wordnet
3454,1031,load information,660,data,-13.121721267700195,hit_wordnet
3455,1031,load information,8,information,-14.395861625671387,hit_wordnet
3456,1031,load information,1292,stat,-14.642843246459961,hit_wordnet
3457,1031,load information,640,statistic,-14.681329727172852,hit_wordnet
3458,1032,remote execution,1317,executing,-11.796455383300781,hit_wordnet
3459,1032,remote execution,753,execution,-12.047391891479492,hit_wordnet
3460,1032,remote execution,992,operation,-13.687274932861328,hit_wordnet
3461,1032,remote execution,13,task,-14.19644832611084,hit_wordnet
3462,1032,remote execution,772,procedure,-14.4265775680542,hit_wordnet
3463,1033,res,517,entity,-10.171119689941406,hit_wordnet
3464,1033,res,781,group,-11.309271812438965,hit_wordnet
3465,1033,res,484,unit,-11.582907676696777,hit_wordnet
3466,1033,res,6,simple text,-12.051654815673828,hit_wordnet
3467,1033,res,1871,letter,-12.446426391601562,hit_wordnet
3468,1034,management batch,797,interactive batch,-12.060131072998047,hit_wordnet
3469,1034,management batch,781,group,-12.961413383483887,hit_wordnet
3470,1034,management batch,517,entity,-13.15962028503418,hit_wordnet
3471,1034,management batch,796,batch,-13.914363861083984,hit_wordnet
3472,1034,management batch,683,process,-14.356700897216797,hit_wordnet
3473,1036,management scheduler,1637,official,-14.192042350769043,hit_wordnet
3474,1036,management scheduler,11,individual,-14.445026397705078,hit_wordnet
3475,1036,management scheduler,517,entity,-14.477914810180664,hit_wordnet
3476,1036,management scheduler,171,operator,-14.677145004272461,hit_wordnet
3477,1036,management scheduler,781,group,-14.934718132019043,hit_wordnet
3478,1037,mbschd.log.hosta,1039,sbatchd.log.hosta,-5.530988693237305,hit_wordnet
3479,1037,mbschd.log.hosta,517,entity,-12.390953063964844,hit_wordnet
3480,1037,mbschd.log.hosta,1598,lim.log.host_name,-12.764847755432129,hit_wordnet
3481,1037,mbschd.log.hosta,1600,pim.log.host_name,-12.916715621948242,hit_wordnet
3482,1037,mbschd.log.hosta,781,group,-13.56767749786377,hit_wordnet
3483,1038,server batch,1034,management batch,-10.071991920471191,hit_wordnet
3484,1038,server batch,797,interactive batch,-11.350650787353516,hit_wordnet
3485,1038,server batch,781,group,-12.851801872253418,hit_wordnet
3486,1038,server batch,517,entity,-13.159708023071289,hit_wordnet
3487,1038,server batch,796,batch,-14.159446716308594,hit_wordnet
3488,1039,sbatchd.log.hosta,1598,lim.log.host_name,-11.458864212036133,hit_wordnet
3489,1039,sbatchd.log.hosta,517,entity,-12.154632568359375,hit_wordnet
3490,1039,sbatchd.log.hosta,1600,pim.log.host_name,-12.443563461303711,hit_wordnet
3491,1039,sbatchd.log.hosta,1599,res.log.host_name,-12.787217140197754,hit_wordnet
3492,1039,sbatchd.log.hosta,781,group,-13.489386558532715,hit_wordnet
3493,1040,process information,8,information,-9.358847618103027,hit_wordnet
3494,1040,process information,660,data,-9.649169921875,hit_wordnet
3495,1040,process information,425,info,-11.386981010437012,hit_wordnet
3496,1040,process information,1060,software,-11.46060848236084,hit_wordnet
3497,1040,process information,517,entity,-11.630119323730469,hit_wordnet
3498,1045,new ibm ® spectrum lsf,1362,other advanced lsf,-10.85379409790039,hit_wordnet
3499,1045,new ibm ® spectrum lsf,716,common lsf,-11.587821006774902,hit_wordnet
3500,1045,new ibm ® spectrum lsf,971,primary lsf,-12.596954345703125,hit_wordnet
3501,1045,new ibm ® spectrum lsf,2011,new lsf,-12.973196983337402,hit_wordnet
3502,1045,new ibm ® spectrum lsf,1835,read lsf,-14.510980606079102,hit_wordnet
3503,1046,use lsf,1058,configure lsf,-12.055708885192871,hit_wordnet
3504,1046,use lsf,517,entity,-13.129423141479492,hit_wordnet
3505,1046,use lsf,781,group,-13.809407234191895,hit_wordnet
3506,1046,use lsf,683,process,-14.290987014770508,hit_wordnet
3507,1046,use lsf,30,mechanism,-14.711080551147461,hit_wordnet
3508,1047,lsadmin,781,group,-12.138007164001465,hit_wordnet
3509,1047,lsadmin,517,entity,-12.710525512695312,hit_wordnet
3510,1047,lsadmin,683,process,-14.33828353881836,hit_wordnet
3511,1047,lsadmin,11,individual,-14.594589233398438,hit_wordnet
3512,1047,lsadmin,1871,letter,-15.222358703613281,hit_wordnet
3513,1048,badmin,781,group,-14.743464469909668,hit_wordnet
3514,1048,badmin,517,entity,-14.806442260742188,hit_wordnet
3515,1048,badmin,11,individual,-16.368247985839844,hit_wordnet
3516,1048,badmin,683,process,-16.896738052368164,hit_wordnet
3517,1048,badmin,513,tool,-17.245925903320312,hit_wordnet
3518,1053,lsrun,781,group,-12.61795711517334,hit_wordnet
3519,1053,lsrun,517,entity,-13.859569549560547,hit_wordnet
3520,1053,lsrun,11,individual,-16.045269012451172,hit_wordnet
3521,1053,lsrun,683,process,-16.166378021240234,hit_wordnet
3522,1053,lsrun,1871,letter,-16.303176879882812,hit_wordnet
3523,1054,bjob,781,group,-12.303194999694824,hit_wordnet
3524,1054,bjob,517,entity,-12.501022338867188,hit_wordnet
3525,1054,bjob,513,tool,-14.101471900939941,hit_wordnet
3526,1054,bjob,2052,whole,-14.246251106262207,hit_wordnet
3527,1054,bjob,11,individual,-14.426937103271484,hit_wordnet
3528,1055,control job,3,job,-12.626495361328125,hit_wordnet
3529,1055,control job,390,work,-13.665361404418945,hit_wordnet
3530,1055,control job,826,operating,-13.679966926574707,hit_wordnet
3531,1055,control job,1436,working,-13.753791809082031,hit_wordnet
3532,1055,control job,13,task,-13.764801979064941,hit_wordnet
3533,1056,bstop,517,entity,-11.69328498840332,hit_wordnet
3534,1056,bstop,2052,whole,-12.4843111038208,hit_wordnet
3535,1056,bstop,781,group,-12.51506519317627,hit_wordnet
3536,1056,bstop,839,object,-13.314255714416504,hit_wordnet
3537,1056,bstop,141,machine,-13.334547996520996,hit_wordnet
3538,1057,cshrc.lsf,1835,read lsf,-10.704865455627441,hit_wordnet
3539,1057,cshrc.lsf,517,entity,-13.679920196533203,hit_wordnet
3540,1057,cshrc.lsf,781,group,-14.092789649963379,hit_wordnet
3541,1057,cshrc.lsf,964,lsf.conf,-14.625868797302246,hit_wordnet
3542,1057,cshrc.lsf,683,process,-15.416887283325195,hit_wordnet
3543,1058,configure lsf,781,group,-13.46880054473877,hit_wordnet
3544,1058,configure lsf,517,entity,-13.620067596435547,hit_wordnet
3545,1058,configure lsf,141,machine,-14.791075706481934,hit_wordnet
3546,1058,configure lsf,1074,troubleshooting lsf,-15.024336814880371,hit_wordnet
3547,1058,configure lsf,11,individual,-15.328361511230469,hit_wordnet
3548,1059,lsf.sudoer,517,entity,-13.083955764770508,hit_wordnet
3549,1059,lsf.sudoer,781,group,-14.131037712097168,hit_wordnet
3550,1059,lsf.sudoer,683,process,-14.932584762573242,hit_wordnet
3551,1059,lsf.sudoer,11,individual,-15.289739608764648,hit_wordnet
3552,1059,lsf.sudoer,141,machine,-15.928362846374512,hit_wordnet
3553,1060,software,1514,software application,-8.157666206359863,hit_wordnet
3554,1060,software,517,entity,-9.962444305419922,hit_wordnet
3555,1060,software,223,system,-10.66582202911377,hit_wordnet
3556,1060,software,7,database,-11.818085670471191,hit_wordnet
3557,1060,software,2169,method,-11.876134872436523,hit_wordnet
3558,1061,other shared,781,group,-11.39965534210205,hit_wordnet
3559,1061,other shared,907,share,-12.248966217041016,hit_wordnet
3560,1061,other shared,517,entity,-12.258405685424805,hit_wordnet
3561,1061,other shared,665,gathered,-14.184711456298828,hit_wordnet
3562,1061,other shared,552,organization,-14.211197853088379,hit_wordnet
3563,1067,non-root,11,individual,-10.028203964233398,hit_wordnet
3564,1067,non-root,1498,relative,-10.749286651611328,hit_wordnet
3565,1067,non-root,517,entity,-10.875726699829102,hit_wordnet
3566,1067,non-root,781,group,-11.328934669494629,hit_wordnet
3567,1067,non-root,749,member,-11.690547943115234,hit_wordnet
3568,1068,multi-user,11,individual,-11.804317474365234,hit_wordnet
3569,1068,multi-user,517,entity,-12.073028564453125,hit_wordnet
3570,1068,multi-user,37,user,-12.167913436889648,hit_wordnet
3571,1068,multi-user,1637,official,-13.85454273223877,hit_wordnet
3572,1068,multi-user,781,group,-13.856719017028809,hit_wordnet
3573,1072,ownership,517,entity,-8.237833023071289,hit_wordnet
3574,1072,ownership,104,state,-10.192476272583008,hit_wordnet
3575,1072,ownership,552,organization,-10.411630630493164,hit_wordnet
3576,1072,ownership,781,group,-10.442106246948242,hit_wordnet
3577,1072,ownership,1004,attribute,-10.447541236877441,hit_wordnet
3578,1073,badmincommand,11,individual,-9.726482391357422,hit_wordnet
3579,1073,badmincommand,517,entity,-9.840953826904297,hit_wordnet
3580,1073,badmincommand,781,group,-10.511439323425293,hit_wordnet
3581,1073,badmincommand,558,child,-11.453729629516602,hit_wordnet
3582,1073,badmincommand,1680,character,-12.103143692016602,hit_wordnet
3583,1074,troubleshooting lsf,517,entity,-14.834369659423828,hit_wordnet
3584,1074,troubleshooting lsf,781,group,-15.448613166809082,hit_wordnet
3585,1074,troubleshooting lsf,683,process,-16.3206844329834,hit_wordnet
3586,1074,troubleshooting lsf,2052,whole,-17.186267852783203,hit_wordnet
3587,1074,troubleshooting lsf,484,unit,-17.715614318847656,hit_wordnet
3588,1075,system kernel,517,entity,-10.613805770874023,hit_wordnet
3589,1075,system kernel,683,process,-11.210243225097656,hit_wordnet
3590,1075,system kernel,2052,whole,-11.832894325256348,hit_wordnet
3591,1075,system kernel,781,group,-11.858439445495605,hit_wordnet
3592,1075,system kernel,223,system,-11.921788215637207,hit_wordnet
3593,1076,dev,37,user,-7.554572105407715,hit_wordnet
3594,1076,dev,11,individual,-7.604928016662598,hit_wordnet
3595,1076,dev,1637,official,-8.094417572021484,hit_wordnet
3596,1076,dev,1225,owner,-8.595762252807617,hit_wordnet
3597,1076,dev,171,operator,-9.859621047973633,hit_wordnet
3598,1077,kmem,781,group,-12.20593547821045,hit_wordnet
3599,1077,kmem,517,entity,-12.711305618286133,hit_wordnet
3600,1077,kmem,11,individual,-14.949708938598633,hit_wordnet
3601,1077,kmem,484,unit,-15.44774341583252,hit_wordnet
3602,1077,kmem,683,process,-15.51640510559082,hit_wordnet
3603,1079,profile.lsf,517,entity,-12.92409896850586,hit_wordnet
3604,1079,profile.lsf,781,group,-14.354056358337402,hit_wordnet
3605,1079,profile.lsf,11,individual,-15.271526336669922,hit_wordnet
3606,1079,profile.lsf,484,unit,-15.439663887023926,hit_wordnet
3607,1079,profile.lsf,2052,whole,-15.773859977722168,hit_wordnet
3608,1082,shell environment,334,environment,-10.760200500488281,hit_wordnet
3609,1082,shell environment,1355,facility,-12.407079696655273,hit_wordnet
3610,1082,shell environment,2052,whole,-12.65734577178955,hit_wordnet
3611,1082,shell environment,517,entity,-12.974456787109375,hit_wordnet
3612,1082,shell environment,781,group,-13.782315254211426,hit_wordnet
3613,1083,csh,517,entity,-13.426897048950195,hit_wordnet
3614,1083,csh,781,group,-13.527352333068848,hit_wordnet
3615,1083,csh,484,unit,-14.008591651916504,hit_wordnet
3616,1083,csh,1871,letter,-15.155771255493164,hit_wordnet
3617,1083,csh,11,individual,-15.470767974853516,hit_wordnet
3618,1084,tcsh,781,group,-13.487591743469238,hit_wordnet
3619,1084,tcsh,513,tool,-13.746277809143066,hit_wordnet
3620,1084,tcsh,517,entity,-14.02752685546875,hit_wordnet
3621,1084,tcsh,683,process,-14.294071197509766,hit_wordnet
3622,1084,tcsh,2052,whole,-15.808259010314941,hit_wordnet
3623,1085,source,517,entity,-7.242521286010742,hit_wordnet
3624,1085,source,781,group,-8.676501274108887,hit_wordnet
3625,1085,source,2052,whole,-9.627676963806152,hit_wordnet
3626,1085,source,552,organization,-9.914277076721191,hit_wordnet
3627,1085,source,683,process,-10.402430534362793,hit_wordnet
3628,1087,ksh,1871,letter,-12.912601470947266,hit_wordnet
3629,1087,ksh,781,group,-13.085768699645996,hit_wordnet
3630,1087,ksh,517,entity,-13.40234375,hit_wordnet
3631,1087,ksh,484,unit,-14.886113166809082,hit_wordnet
3632,1087,ksh,1743,rsh,-15.012728691101074,hit_wordnet
3633,1088,bash,513,tool,-10.235854148864746,hit_wordnet
3634,1088,bash,781,group,-11.220913887023926,hit_wordnet
3635,1088,bash,517,entity,-12.092733383178711,hit_wordnet
3636,1088,bash,683,process,-12.952880859375,hit_wordnet
3637,1088,bash,141,machine,-13.117472648620605,hit_wordnet
3638,1092,bctrld,781,group,-9.109379768371582,hit_wordnet
3639,1092,bctrld,517,entity,-9.929052352905273,hit_wordnet
3640,1092,bctrld,1871,letter,-11.276836395263672,hit_wordnet
3641,1092,bctrld,2052,whole,-11.948521614074707,hit_wordnet
3642,1092,bctrld,11,individual,-12.349781036376953,hit_wordnet
3643,1094,sbd,781,group,-11.705500602722168,hit_wordnet
3644,1094,sbd,484,unit,-12.326249122619629,hit_wordnet
3645,1094,sbd,517,entity,-12.425949096679688,hit_wordnet
3646,1094,sbd,11,individual,-13.352422714233398,hit_wordnet
3647,1094,sbd,2052,whole,-14.213828086853027,hit_wordnet
3648,1099,management,349,policy,-9.823524475097656,hit_wordnet
3649,1099,management,552,organization,-10.032876014709473,hit_wordnet
3650,1099,management,472,plan,-10.59766674041748,hit_wordnet
3651,1099,management,517,entity,-10.794312477111816,hit_wordnet
3652,1099,management,104,state,-11.842187881469727,hit_wordnet
3653,1100,exchange initialization,517,entity,-12.121635437011719,hit_wordnet
3654,1100,exchange initialization,1709,new process,-12.601335525512695,hit_wordnet
3655,1100,exchange initialization,683,process,-13.351192474365234,hit_wordnet
3656,1100,exchange initialization,781,group,-13.495530128479004,hit_wordnet
3657,1100,exchange initialization,223,system,-13.829344749450684,hit_wordnet
3658,1102,reload,992,operation,-13.374765396118164,hit_wordnet
3659,1102,reload,13,task,-13.554242134094238,hit_wordnet
3660,1102,reload,683,process,-13.630990982055664,hit_wordnet
3661,1102,reload,170,action,-13.960070610046387,hit_wordnet
3662,1102,reload,682,running,-14.545534133911133,hit_wordnet
3663,1109,lot,2052,whole,-8.26511001586914,hit_wordnet
3664,1109,lot,665,gathered,-9.471165657043457,hit_wordnet
3665,1109,lot,517,entity,-9.719032287597656,hit_wordnet
3666,1109,lot,781,group,-9.802809715270996,hit_wordnet
3667,1109,lot,216,partition,-10.191000938415527,hit_wordnet
3668,1110,example command,293,command,-12.438915252685547,hit_wordnet
3669,1110,example command,517,entity,-13.756423950195312,hit_wordnet
3670,1110,example command,781,group,-15.315363883972168,hit_wordnet
3671,1110,example command,613,explanation,-15.768837928771973,hit_wordnet
3672,1110,example command,639,reason,-16.055248260498047,hit_wordnet
3673,1111,section,2052,whole,-4.997572898864746,hit_wordnet
3674,1111,section,644,part,-7.339302062988281,hit_wordnet
3675,1111,section,517,entity,-7.3823041915893555,hit_wordnet
3676,1111,section,781,group,-7.757001876831055,hit_wordnet
3677,1111,section,1704,topic,-8.70573902130127,hit_wordnet
3678,1120,lsload,781,group,-12.20479679107666,hit_wordnet
3679,1120,lsload,517,entity,-13.600866317749023,hit_wordnet
3680,1120,lsload,513,tool,-14.174595832824707,hit_wordnet
3681,1120,lsload,11,individual,-14.755525588989258,hit_wordnet
3682,1120,lsload,521,man,-15.978866577148438,hit_wordnet
3683,1121,lsid,517,entity,-12.987150192260742,hit_wordnet
3684,1121,lsid,781,group,-13.001599311828613,hit_wordnet
3685,1121,lsid,1871,letter,-14.20370864868164,hit_wordnet
3686,1121,lsid,1873,digit,-15.258600234985352,hit_wordnet
3687,1121,lsid,484,unit,-15.364121437072754,hit_wordnet
3688,1123,current load,12,load,-13.25797176361084,hit_wordnet
3689,1123,current load,1691,current,-14.826101303100586,hit_wordnet
3690,1123,current load,517,entity,-14.999395370483398,hit_wordnet
3691,1123,current load,781,group,-15.43283748626709,hit_wordnet
3692,1123,current load,683,process,-15.619010925292969,hit_wordnet
3693,1125,badmin command,517,entity,-12.769479751586914,hit_wordnet
3694,1125,badmin command,781,group,-13.489588737487793,hit_wordnet
3695,1125,badmin command,1431,badmin reconfig command,-13.546488761901855,hit_wordnet
3696,1125,badmin command,683,process,-14.722322463989258,hit_wordnet
3697,1125,badmin command,293,command,-15.094135284423828,hit_wordnet
3698,1127,batch system,223,system,-12.406220436096191,hit_wordnet
3699,1127,batch system,866,program,-12.68307113647461,hit_wordnet
3700,1127,batch system,1060,software,-12.776384353637695,hit_wordnet
3701,1127,batch system,120,computer,-13.224468231201172,hit_wordnet
3702,1127,batch system,1514,software application,-13.473838806152344,hit_wordnet
3703,1128,bhost,781,group,-13.255074501037598,hit_wordnet
3704,1128,bhost,517,entity,-14.64422607421875,hit_wordnet
3705,1128,bhost,513,tool,-15.3693265914917,hit_wordnet
3706,1128,bhost,11,individual,-15.544431686401367,hit_wordnet
3707,1128,bhost,521,man,-16.20140838623047,hit_wordnet
3708,1129,bqueue,517,entity,-11.061380386352539,hit_wordnet
3709,1129,bqueue,513,tool,-11.794337272644043,hit_wordnet
3710,1129,bqueue,781,group,-11.98239803314209,hit_wordnet
3711,1129,bqueue,2052,whole,-12.86765193939209,hit_wordnet
3712,1129,bqueue,839,object,-12.87174129486084,hit_wordnet
3713,1131,lsadmin ckconfig,517,entity,-12.825366973876953,hit_wordnet
3714,1131,lsadmin ckconfig,781,group,-12.829028129577637,hit_wordnet
3715,1131,lsadmin ckconfig,683,process,-14.627204895019531,hit_wordnet
3716,1131,lsadmin ckconfig,513,tool,-15.202372550964355,hit_wordnet
3717,1131,lsadmin ckconfig,1871,letter,-15.265850067138672,hit_wordnet
3718,1135,jul,486,month,-11.570594787597656,hit_wordnet
3719,1135,jul,781,group,-13.55236530303955,hit_wordnet
3720,1135,jul,2219,january,-13.80587100982666,hit_wordnet
3721,1135,jul,517,entity,-14.032587051391602,hit_wordnet
3722,1135,jul,487,day,-14.148231506347656,hit_wordnet
3723,1136,copyright international business machine,120,computer,-13.037210464477539,hit_wordnet
3724,1136,copyright international business machine,517,entity,-13.044912338256836,hit_wordnet
3725,1136,copyright international business machine,1060,software,-13.165212631225586,hit_wordnet
3726,1136,copyright international business machine,1514,software application,-13.913625717163086,hit_wordnet
3727,1136,copyright international business machine,866,program,-13.99593734741211,hit_wordnet
3728,1137,us,781,group,-8.934891700744629,hit_wordnet
3729,1137,us,517,entity,-10.573543548583984,hit_wordnet
3730,1137,us,2052,whole,-12.402125358581543,hit_wordnet
3731,1137,us,484,unit,-12.560425758361816,hit_wordnet
3732,1137,us,11,individual,-13.262741088867188,hit_wordnet
3733,1138,duplication,212,creation,-9.941811561584473,hit_wordnet
3734,1138,duplication,517,entity,-10.74555778503418,hit_wordnet
3735,1138,duplication,166,combination,-11.410280227661133,hit_wordnet
3736,1138,duplication,683,process,-12.021018981933594,hit_wordnet
3737,1138,duplication,835,placement,-12.081705093383789,hit_wordnet
3738,1139,disclosure,137,communication,-7.731531143188477,hit_wordnet
3739,1139,disclosure,8,information,-8.051310539245605,hit_wordnet
3740,1139,disclosure,111,message,-9.02822208404541,hit_wordnet
3741,1139,disclosure,517,entity,-9.070953369140625,hit_wordnet
3742,1139,disclosure,921,result,-9.564796447753906,hit_wordnet
3743,1140,gsa,517,entity,-12.238351821899414,hit_wordnet
3744,1140,gsa,781,group,-13.030299186706543,hit_wordnet
3745,1140,gsa,1871,letter,-14.874519348144531,hit_wordnet
3746,1140,gsa,484,unit,-14.942753791809082,hit_wordnet
3747,1140,gsa,6,simple text,-15.301654815673828,hit_wordnet
3748,1143,glibc2.,781,group,-13.183432579040527,hit_wordnet
3749,1143,glibc2.,517,entity,-13.213689804077148,hit_wordnet
3750,1143,glibc2.,57,sigusr2,-15.848268508911133,hit_wordnet
3751,1143,glibc2.,683,process,-16.233957290649414,hit_wordnet
3752,1143,glibc2.,11,individual,-16.416236877441406,hit_wordnet
3753,1144,aug,486,month,-11.974594116210938,hit_wordnet
3754,1144,aug,19,particular time,-12.162731170654297,hit_wordnet
3755,1144,aug,781,group,-12.730082511901855,hit_wordnet
3756,1144,aug,517,entity,-12.876943588256836,hit_wordnet
3757,1144,aug,39,time,-13.706228256225586,hit_wordnet
3758,1145,advanced workload execution,1514,software application,-14.469579696655273,hit_wordnet
3759,1145,advanced workload execution,778,single process,-14.952825546264648,hit_wordnet
3760,1145,advanced workload execution,1060,software,-15.001346588134766,hit_wordnet
3761,1145,advanced workload execution,517,entity,-15.001909255981445,hit_wordnet
3762,1145,advanced workload execution,866,program,-15.10219955444336,hit_wordnet
3763,1146,3.6.0 master,11,individual,-11.520397186279297,hit_wordnet
3764,1146,3.6.0 master,517,entity,-11.892402648925781,hit_wordnet
3765,1146,3.6.0 master,1162,master,-11.928726196289062,hit_wordnet
3766,1146,3.6.0 master,1498,relative,-12.447328567504883,hit_wordnet
3767,1146,3.6.0 master,1637,official,-12.548016548156738,hit_wordnet
3768,1147,ego_disable_unresolvable_host,517,entity,-11.556629180908203,hit_wordnet
3769,1147,ego_disable_unresolvable_host,781,group,-12.988409996032715,hit_wordnet
3770,1147,ego_disable_unresolvable_host,11,individual,-14.366939544677734,hit_wordnet
3771,1147,ego_disable_unresolvable_host,683,process,-15.758159637451172,hit_wordnet
3772,1147,ego_disable_unresolvable_host,839,object,-16.530799865722656,hit_wordnet
3773,1149,product entitlement version,517,entity,-13.065877914428711,hit_wordnet
3774,1149,product entitlement version,781,group,-14.895424842834473,hit_wordnet
3775,1149,product entitlement version,8,information,-15.112631797790527,hit_wordnet
3776,1149,product entitlement version,109,record,-15.609367370605469,hit_wordnet
3777,1149,product entitlement version,271,issue,-16.06222152709961,hit_wordnet
3778,1151,initentitlement,1072,ownership,-13.972309112548828,hit_wordnet
3779,1151,initentitlement,517,entity,-14.517154693603516,hit_wordnet
3780,1151,initentitlement,422,permission,-14.52493667602539,hit_wordnet
3781,1151,initentitlement,791,condition,-14.927443504333496,hit_wordnet
3782,1151,initentitlement,600,privilege,-15.143638610839844,hit_wordnet
3783,1152,ego_audit_max_size,517,entity,-12.200119018554688,hit_wordnet
3784,1152,ego_audit_max_size,781,group,-13.704136848449707,hit_wordnet
3785,1152,ego_audit_max_size,484,unit,-13.769570350646973,hit_wordnet
3786,1152,ego_audit_max_size,660,data,-13.876260757446289,hit_wordnet
3787,1152,ego_audit_max_size,2052,whole,-14.392849922180176,hit_wordnet
3788,1153,ego_audit_max_rotate,517,entity,-12.492914199829102,hit_wordnet
3789,1153,ego_audit_max_rotate,781,group,-13.794514656066895,hit_wordnet
3790,1153,ego_audit_max_rotate,683,process,-14.001741409301758,hit_wordnet
3791,1153,ego_audit_max_rotate,2052,whole,-15.279833793640137,hit_wordnet
3792,1153,ego_audit_max_rotate,839,object,-15.944724082946777,hit_wordnet
3793,1155,recheckclass,781,group,-12.274580955505371,hit_wordnet
3794,1155,recheckclass,517,entity,-12.664291381835938,hit_wordnet
3795,1155,recheckclass,326,list,-14.650144577026367,hit_wordnet
3796,1155,recheckclass,2052,whole,-14.751341819763184,hit_wordnet
3797,1155,recheckclass,683,process,-15.041824340820312,hit_wordnet
3798,1156,reset,683,process,-12.517362594604492,hit_wordnet
3799,1156,reset,517,entity,-12.626676559448242,hit_wordnet
3800,1156,reset,992,operation,-13.044977188110352,hit_wordnet
3801,1156,reset,772,procedure,-13.44466495513916,hit_wordnet
3802,1156,reset,13,task,-13.457423210144043,hit_wordnet
3803,1157,3.6.0,517,entity,-14.154895782470703,hit_wordnet
3804,1157,3.6.0,484,unit,-14.250319480895996,hit_wordnet
3805,1157,3.6.0,781,group,-14.93834400177002,hit_wordnet
3806,1157,3.6.0,108,number,-15.54486083984375,hit_wordnet
3807,1157,3.6.0,2052,whole,-15.969843864440918,hit_wordnet
3808,1158,common configuration,1369,other configuration,-6.77953577041626,hit_wordnet
3809,1158,common configuration,730,several configuration,-6.895668983459473,hit_wordnet
3810,1158,common configuration,374,own configuration,-7.198351860046387,hit_wordnet
3811,1158,common configuration,479,relevant configuration,-7.295719146728516,hit_wordnet
3812,1158,common configuration,148,single configuration,-7.617797374725342,hit_wordnet
3813,1159,current lsf version,517,entity,-14.310665130615234,hit_wordnet
3814,1159,current lsf version,781,group,-14.870457649230957,hit_wordnet
3815,1159,current lsf version,484,unit,-15.302544593811035,hit_wordnet
3816,1159,current lsf version,2052,whole,-16.93866729736328,hit_wordnet
3817,1159,current lsf version,11,individual,-17.34337043762207,hit_wordnet
3818,1160,current lsf management,1440,current default management,-11.28461742401123,hit_wordnet
3819,1160,current lsf management,1441,different default management,-13.382079124450684,hit_wordnet
3820,1160,current lsf management,1099,management,-15.193191528320312,hit_wordnet
3821,1160,current lsf management,517,entity,-15.445802688598633,hit_wordnet
3822,1160,current lsf management,826,operating,-15.520885467529297,hit_wordnet
3823,1162,master,11,individual,-8.35393238067627,hit_wordnet
3824,1162,master,1637,official,-9.123239517211914,hit_wordnet
3825,1162,master,1498,relative,-9.6487455368042,hit_wordnet
3826,1162,master,1225,owner,-10.067249298095703,hit_wordnet
3827,1162,master,517,entity,-10.104375839233398,hit_wordnet
3828,1163,hosta,781,group,-10.054057121276855,hit_wordnet
3829,1163,hosta,517,entity,-10.271402359008789,hit_wordnet
3830,1163,hosta,9,sacct,-13.827802658081055,hit_wordnet
3831,1163,hosta,2052,whole,-13.833540916442871,hit_wordnet
3832,1163,hosta,11,individual,-14.137134552001953,hit_wordnet
3833,1164,lsf.conf file,517,entity,-14.487199783325195,hit_wordnet
3834,1164,lsf.conf file,781,group,-15.056920051574707,hit_wordnet
3835,1164,lsf.conf file,866,program,-16.504884719848633,hit_wordnet
3836,1164,lsf.conf file,120,computer,-16.546833038330078,hit_wordnet
3837,1164,lsf.conf file,1060,software,-16.70389747619629,hit_wordnet
3838,1168,normal,517,entity,-10.33848762512207,hit_wordnet
3839,1168,normal,484,unit,-11.018754005432129,hit_wordnet
3840,1168,normal,2052,whole,-11.5167875289917,hit_wordnet
3841,1168,normal,781,group,-11.795804023742676,hit_wordnet
3842,1168,normal,11,individual,-12.300285339355469,hit_wordnet
3843,1169,statu r15 r1,781,group,-13.778428077697754,hit_wordnet
3844,1169,statu r15 r1,517,entity,-13.786102294921875,hit_wordnet
3845,1169,statu r15 r1,141,machine,-14.219555854797363,hit_wordnet
3846,1169,statu r15 r1,11,individual,-15.214317321777344,hit_wordnet
3847,1169,statu r15 r1,120,computer,-15.324930191040039,hit_wordnet
3848,1170,ut pg,781,group,-14.17984676361084,hit_wordnet
3849,1170,ut pg,1871,letter,-14.445281982421875,hit_wordnet
3850,1170,ut pg,517,entity,-14.801437377929688,hit_wordnet
3851,1170,ut pg,1873,digit,-15.302532196044922,hit_wordnet
3852,1170,ut pg,6,simple text,-15.371126174926758,hit_wordnet
3853,1171,swp,513,tool,-12.018509864807129,hit_wordnet
3854,1171,swp,781,group,-13.012433052062988,hit_wordnet
3855,1171,swp,517,entity,-13.580167770385742,hit_wordnet
3856,1171,swp,683,process,-13.667022705078125,hit_wordnet
3857,1171,swp,111,message,-14.375222206115723,hit_wordnet
3858,1172,hostc,781,group,-7.7207746505737305,hit_wordnet
3859,1172,hostc,517,entity,-8.899490356445312,hit_wordnet
3860,1172,hostc,11,individual,-11.23819351196289,hit_wordnet
3861,1172,hostc,2052,whole,-11.913966178894043,hit_wordnet
3862,1172,hostc,484,unit,-12.170035362243652,hit_wordnet
3863,1173,hostv,781,group,-10.633025169372559,hit_wordnet
3864,1173,hostv,517,entity,-11.018964767456055,hit_wordnet
3865,1173,hostv,11,individual,-11.666227340698242,hit_wordnet
3866,1173,hostv,1637,official,-13.62290096282959,hit_wordnet
3867,1173,hostv,484,unit,-14.311110496520996,hit_wordnet
3868,1174,busy,781,group,-11.305119514465332,hit_wordnet
3869,1174,busy,517,entity,-12.412115097045898,hit_wordnet
3870,1174,busy,1606,situation,-12.839029312133789,hit_wordnet
3871,1174,busy,2052,whole,-13.034407615661621,hit_wordnet
3872,1174,busy,13,task,-13.614737510681152,hit_wordnet
3873,1175,asterisk,6,simple text,-10.604923248291016,hit_wordnet
3874,1175,asterisk,517,entity,-10.959579467773438,hit_wordnet
3875,1175,asterisk,1871,letter,-10.967510223388672,hit_wordnet
3876,1175,asterisk,781,group,-11.758439064025879,hit_wordnet
3877,1175,asterisk,27,text,-12.11800765991211,hit_wordnet
3878,1176,mark load,883,specific load,-12.405677795410156,hit_wordnet
3879,1176,mark load,879,loadstop load,-13.185223579406738,hit_wordnet
3880,1176,mark load,1005,scheduling load,-13.394956588745117,hit_wordnet
3881,1176,mark load,12,load,-13.524297714233398,hit_wordnet
3882,1176,mark load,390,work,-14.100286483764648,hit_wordnet
3883,1178,minus,108,number,-13.059371948242188,hit_wordnet
3884,1178,minus,517,entity,-13.369989395141602,hit_wordnet
3885,1178,minus,781,group,-14.676976203918457,hit_wordnet
3886,1178,minus,6,simple text,-14.8729248046875,hit_wordnet
3887,1178,minus,484,unit,-14.952044486999512,hit_wordnet
3888,1179,front,2052,whole,-6.7515363693237305,hit_wordnet
3889,1179,front,644,part,-8.488884925842285,hit_wordnet
3890,1179,front,517,entity,-8.864898681640625,hit_wordnet
3891,1179,front,781,group,-9.022997856140137,hit_wordnet
3892,1179,front,839,object,-9.578021049499512,hit_wordnet
3893,1182,getentitlementinfo,517,entity,-13.39167594909668,hit_wordnet
3894,1182,getentitlementinfo,208,arbitrary text,-15.53132438659668,hit_wordnet
3895,1182,getentitlementinfo,781,group,-15.6178560256958,hit_wordnet
3896,1182,getentitlementinfo,6,simple text,-15.739835739135742,hit_wordnet
3897,1182,getentitlementinfo,27,text,-16.277055740356445,hit_wordnet
3898,1183,other useful,517,entity,-10.913740158081055,hit_wordnet
3899,1183,other useful,954,product,-11.118189811706543,hit_wordnet
3900,1183,other useful,15,valuable,-12.192272186279297,hit_wordnet
3901,1183,other useful,1376,content,-12.220463752746582,hit_wordnet
3902,1183,other useful,781,group,-12.747506141662598,hit_wordnet
3903,1184,bparam,781,group,-11.581971168518066,hit_wordnet
3904,1184,bparam,517,entity,-12.752153396606445,hit_wordnet
3905,1184,bparam,2052,whole,-14.1544771194458,hit_wordnet
3906,1184,bparam,683,process,-14.441774368286133,hit_wordnet
3907,1184,bparam,1871,letter,-15.620012283325195,hit_wordnet
3908,1186,bhist,517,entity,-12.290872573852539,hit_wordnet
3909,1186,bhist,781,group,-12.638503074645996,hit_wordnet
3910,1186,bhist,683,process,-13.161348342895508,hit_wordnet
3911,1186,bhist,2052,whole,-13.477931022644043,hit_wordnet
3912,1186,bhist,513,tool,-13.92288875579834,hit_wordnet
3913,1187,historical,11,individual,-10.659208297729492,hit_wordnet
3914,1187,historical,1637,official,-11.68500804901123,hit_wordnet
3915,1187,historical,517,entity,-12.19717788696289,hit_wordnet
3916,1187,historical,1498,relative,-12.333498001098633,hit_wordnet
3917,1187,historical,781,group,-13.079424858093262,hit_wordnet
3918,1188,badmin ckconfig,517,entity,-13.017477035522461,hit_wordnet
3919,1188,badmin ckconfig,781,group,-13.479243278503418,hit_wordnet
3920,1188,badmin ckconfig,683,process,-13.590482711791992,hit_wordnet
3921,1188,badmin ckconfig,2052,whole,-15.3267183303833,hit_wordnet
3922,1188,badmin ckconfig,849,kind,-16.52135467529297,hit_wordnet
3923,1194,dec,486,month,-12.634815216064453,hit_wordnet
3924,1194,dec,781,group,-13.288262367248535,hit_wordnet
3925,1194,dec,517,entity,-13.654571533203125,hit_wordnet
3926,1194,dec,19,particular time,-15.35346794128418,hit_wordnet
3927,1194,dec,2052,whole,-15.36396312713623,hit_wordnet
3928,1195,minit,11,individual,-11.370719909667969,hit_wordnet
3929,1195,minit,781,group,-11.519030570983887,hit_wordnet
3930,1195,minit,517,entity,-12.18624496459961,hit_wordnet
3931,1195,minit,141,machine,-12.188727378845215,hit_wordnet
3932,1195,minit,513,tool,-12.621949195861816,hit_wordnet
3933,1197,checking,1139,disclosure,-9.664448738098145,hit_wordnet
3934,1197,checking,13,task,-9.837254524230957,hit_wordnet
3935,1197,checking,452,transaction,-10.026240348815918,hit_wordnet
3936,1197,checking,576,attempt,-10.150069236755371,hit_wordnet
3937,1197,checking,542,test,-10.228497505187988,hit_wordnet
3938,1206,total,664,sum,-6.8856096267700195,hit_wordnet
3939,1206,total,490,amount,-9.168381690979004,hit_wordnet
3940,1206,total,108,number,-9.41501522064209,hit_wordnet
3941,1206,total,484,unit,-9.721728324890137,hit_wordnet
3942,1206,total,1553,count,-9.933152198791504,hit_wordnet
3943,1208,u,1871,letter,-9.622710227966309,hit_wordnet
3944,1208,u,517,entity,-10.169084548950195,hit_wordnet
3945,1208,u,781,group,-10.378472328186035,hit_wordnet
3946,1208,u,11,individual,-11.659355163574219,hit_wordnet
3947,1208,u,1873,digit,-12.484708786010742,hit_wordnet
3948,1209,rsv,781,group,-14.3115873336792,hit_wordnet
3949,1209,rsv,517,entity,-14.558271408081055,hit_wordnet
3950,1209,rsv,484,unit,-15.427542686462402,hit_wordnet
3951,1209,rsv,11,individual,-16.59614372253418,hit_wordnet
3952,1209,rsv,1871,letter,-16.74587059020996,hit_wordnet
3953,1211,hostb,781,group,-9.57062816619873,hit_wordnet
3954,1211,hostb,517,entity,-9.634244918823242,hit_wordnet
3955,1211,hostb,11,individual,-11.646751403808594,hit_wordnet
3956,1211,hostb,1213,hostd,-12.46021842956543,hit_wordnet
3957,1211,hostb,2052,whole,-13.111777305603027,hit_wordnet
3958,1213,hostd,781,group,-9.844286918640137,hit_wordnet
3959,1213,hostd,517,entity,-10.74882698059082,hit_wordnet
3960,1213,hostd,11,individual,-12.43531608581543,hit_wordnet
3961,1213,hostd,9,sacct,-14.132415771484375,hit_wordnet
3962,1213,hostd,2052,whole,-14.48786449432373,hit_wordnet
3963,1219,different scheduling,736,scheduling,-8.574711799621582,hit_wordnet
3964,1219,different scheduling,842,schedule,-11.558392524719238,hit_wordnet
3965,1219,different scheduling,472,plan,-15.237442016601562,hit_wordnet
3966,1219,different scheduling,781,group,-15.258700370788574,hit_wordnet
3967,1219,different scheduling,517,entity,-15.445014953613281,hit_wordnet
3968,1221,prio,781,group,-12.240612983703613,hit_wordnet
3969,1221,prio,517,entity,-13.069183349609375,hit_wordnet
3970,1221,prio,11,individual,-13.881275177001953,hit_wordnet
3971,1221,prio,2052,whole,-14.60036563873291,hit_wordnet
3972,1221,prio,521,man,-15.098127365112305,hit_wordnet
3973,1223,p,1871,letter,-9.470447540283203,hit_wordnet
3974,1223,p,517,entity,-10.607072830200195,hit_wordnet
3975,1223,p,781,group,-11.185446739196777,hit_wordnet
3976,1223,p,11,individual,-12.739038467407227,hit_wordnet
3977,1223,p,484,unit,-12.843823432922363,hit_wordnet
3978,1224,h,517,entity,-11.636011123657227,hit_wordnet
3979,1224,h,1871,letter,-12.218318939208984,hit_wordnet
3980,1224,h,781,group,-12.332310676574707,hit_wordnet
3981,1224,h,1873,digit,-13.872152328491211,hit_wordnet
3982,1224,h,484,unit,-13.874571800231934,hit_wordnet
3983,1225,owner,11,individual,-3.7475666999816895,hit_wordnet
3984,1225,owner,1637,official,-4.251568794250488,hit_wordnet
3985,1225,owner,749,member,-6.365429878234863,hit_wordnet
3986,1225,owner,37,user,-6.561686992645264,hit_wordnet
3987,1225,owner,1498,relative,-8.01744556427002,hit_wordnet
3988,1226,priority,135,good,-11.861356735229492,hit_wordnet
3989,1226,priority,1004,attribute,-12.062886238098145,hit_wordnet
3990,1226,priority,490,amount,-12.211695671081543,hit_wordnet
3991,1226,priority,523,ability,-12.262328147888184,hit_wordnet
3992,1226,priority,337,quality,-12.947154998779297,hit_wordnet
3993,1227,night,19,particular time,-11.104442596435547,hit_wordnet
3994,1227,night,487,day,-11.130526542663574,hit_wordnet
3995,1227,night,39,time,-11.872201919555664,hit_wordnet
3996,1227,night,517,entity,-12.108007431030273,hit_wordnet
3997,1227,night,781,group,-12.467843055725098,hit_wordnet
3998,1228,license,422,permission,-10.604819297790527,hit_wordnet
3999,1228,license,517,entity,-11.246593475341797,hit_wordnet
4000,1228,license,781,group,-11.930102348327637,hit_wordnet
4001,1228,license,1072,ownership,-12.325879096984863,hit_wordnet
4002,1228,license,907,share,-12.467469215393066,hit_wordnet
4003,1229,detailed queue,1372,new queue,-8.02255916595459,hit_wordnet
4004,1229,detailed queue,735,queue,-11.058721542358398,hit_wordnet
4005,1229,detailed queue,781,group,-11.88217830657959,hit_wordnet
4006,1229,detailed queue,517,entity,-12.699880599975586,hit_wordnet
4007,1229,detailed queue,472,plan,-13.631784439086914,hit_wordnet
4008,1231,normal low priority,517,entity,-13.168634414672852,hit_wordnet
4009,1231,normal low priority,108,number,-13.612068176269531,hit_wordnet
4010,1231,normal low priority,484,unit,-13.828547477722168,hit_wordnet
4011,1231,normal low priority,8,information,-14.16335391998291,hit_wordnet
4012,1231,normal low priority,781,group,-14.265469551086426,hit_wordnet
4013,1236,r1,517,entity,-11.623756408691406,hit_wordnet
4014,1236,r1,781,group,-12.759238243103027,hit_wordnet
4015,1236,r1,484,unit,-13.750435829162598,hit_wordnet
4016,1236,r1,786,complex,-14.414823532104492,hit_wordnet
4017,1236,r1,2052,whole,-14.797699928283691,hit_wordnet
4018,1237,ut pg io,1170,ut pg,-10.283647537231445,hit_wordnet
4019,1237,ut pg io,1871,letter,-12.678934097290039,hit_wordnet
4020,1237,ut pg io,517,entity,-13.777349472045898,hit_wordnet
4021,1237,ut pg io,781,group,-13.83864688873291,hit_wordnet
4022,1237,ut pg io,6,simple text,-14.006948471069336,hit_wordnet
4023,1239,fairshare,781,group,-13.039605140686035,hit_wordnet
4024,1239,fairshare,517,entity,-13.802038192749023,hit_wordnet
4025,1239,fairshare,513,tool,-14.221602439880371,hit_wordnet
4026,1239,fairshare,141,machine,-15.57824993133545,hit_wordnet
4027,1239,fairshare,2052,whole,-15.728459358215332,hit_wordnet
4028,1240,resource usage,335,utilization,-11.04091739654541,hit_wordnet
4029,1240,resource usage,10,resource,-11.93458366394043,hit_wordnet
4030,1240,resource usage,530,utility,-12.74969482421875,hit_wordnet
4031,1240,resource usage,1099,management,-14.298810958862305,hit_wordnet
4032,1240,resource usage,390,work,-14.529022216796875,hit_wordnet
4033,1241,scheduling threshold,490,amount,-13.742659568786621,hit_wordnet
4034,1241,scheduling threshold,108,number,-14.376075744628906,hit_wordnet
4035,1241,scheduling threshold,877,threshold,-14.502853393554688,hit_wordnet
4036,1241,scheduling threshold,653,interval,-14.665130615234375,hit_wordnet
4037,1241,scheduling threshold,640,statistic,-15.036226272583008,hit_wordnet
4038,1242,loadstop,141,machine,-11.353882789611816,hit_wordnet
4039,1242,loadstop,513,tool,-12.630337715148926,hit_wordnet
4040,1242,loadstop,781,group,-13.163443565368652,hit_wordnet
4041,1242,loadstop,517,entity,-13.25754165649414,hit_wordnet
4042,1242,loadstop,11,individual,-13.420482635498047,hit_wordnet
4043,1243,bparams,781,group,-12.265030860900879,hit_wordnet
4044,1243,bparams,517,entity,-13.867860794067383,hit_wordnet
4045,1243,bparams,1184,bparam,-15.08535385131836,hit_wordnet
4046,1243,bparams,683,process,-15.310583114624023,hit_wordnet
4047,1243,bparams,2052,whole,-15.721041679382324,hit_wordnet
4048,1245,basic,781,group,-11.035767555236816,hit_wordnet
4049,1245,basic,517,entity,-11.451896667480469,hit_wordnet
4050,1245,basic,484,unit,-13.161200523376465,hit_wordnet
4051,1245,basic,11,individual,-13.62759780883789,hit_wordnet
4052,1245,basic,866,program,-14.156352996826172,hit_wordnet
4053,1247,good available,244,available,-11.160615921020508,hit_wordnet
4054,1247,good available,1797,enough available,-12.42518138885498,hit_wordnet
4055,1247,good available,135,good,-13.175954818725586,hit_wordnet
4056,1247,good available,517,entity,-13.5595703125,hit_wordnet
4057,1247,good available,907,share,-13.68899154663086,hit_wordnet
4058,1248,current system load,1123,current load,-7.459638595581055,hit_wordnet
4059,1248,current system load,1520,external load,-10.835387229919434,hit_wordnet
4060,1248,current system load,517,entity,-15.405130386352539,hit_wordnet
4061,1248,current system load,781,group,-15.748618125915527,hit_wordnet
4062,1248,current system load,1005,scheduling load,-15.905739784240723,hit_wordnet
4063,1250,executable,517,entity,-10.720703125,hit_wordnet
4064,1250,executable,866,program,-11.904099464416504,hit_wordnet
4065,1250,executable,1060,software,-12.451959609985352,hit_wordnet
4066,1250,executable,1514,software application,-12.93028450012207,hit_wordnet
4067,1250,executable,781,group,-13.139605522155762,hit_wordnet
4068,1252,submit batch,796,batch,-11.61235523223877,hit_wordnet
4069,1252,submit batch,1034,management batch,-12.593342781066895,hit_wordnet
4070,1252,submit batch,781,group,-12.911124229431152,hit_wordnet
4071,1252,submit batch,517,entity,-12.946084976196289,hit_wordnet
4072,1252,submit batch,797,interactive batch,-13.268905639648438,hit_wordnet
4073,1254,display job,1511,interactive job,-7.47712516784668,hit_wordnet
4074,1254,display job,3,job,-8.943988800048828,hit_wordnet
4075,1254,display job,1268,unique job,-10.951410293579102,hit_wordnet
4076,1254,display job,1359,easy job,-11.327513694763184,hit_wordnet
4077,1254,display job,1436,working,-11.799474716186523,hit_wordnet
4078,1258,bresume,781,group,-12.445950508117676,hit_wordnet
4079,1258,bresume,517,entity,-13.041252136230469,hit_wordnet
4080,1258,bresume,683,process,-14.75167465209961,hit_wordnet
4081,1258,bresume,2052,whole,-14.813199043273926,hit_wordnet
4082,1258,bresume,513,tool,-15.808518409729004,hit_wordnet
4083,1259,lsgrun,781,group,-14.998665809631348,hit_wordnet
4084,1259,lsgrun,517,entity,-16.144697189331055,hit_wordnet
4085,1259,lsgrun,683,process,-17.414466857910156,hit_wordnet
4086,1259,lsgrun,2052,whole,-17.439476013183594,hit_wordnet
4087,1259,lsgrun,513,tool,-17.991580963134766,hit_wordnet
4088,1260,current local,781,group,-10.146756172180176,hit_wordnet
4089,1260,current local,517,entity,-11.39426040649414,hit_wordnet
4090,1260,current local,97,local,-11.946511268615723,hit_wordnet
4091,1260,current local,11,individual,-12.269193649291992,hit_wordnet
4092,1260,current local,484,unit,-13.200650215148926,hit_wordnet
4093,1261,find,517,entity,-9.793909072875977,hit_wordnet
4094,1261,find,8,information,-11.724202156066895,hit_wordnet
4095,1261,find,2052,whole,-11.728474617004395,hit_wordnet
4096,1261,find,781,group,-12.020949363708496,hit_wordnet
4097,1261,find,18,report,-12.372089385986328,hit_wordnet
4098,1262,appropriate host,517,entity,-10.035608291625977,hit_wordnet
4099,1262,appropriate host,781,group,-10.44356632232666,hit_wordnet
4100,1262,appropriate host,1937,server host,-10.599658012390137,hit_wordnet
4101,1262,appropriate host,80,host,-11.018940925598145,hit_wordnet
4102,1262,appropriate host,11,individual,-12.257108688354492,hit_wordnet
4103,1267,sleep,683,process,-10.412029266357422,hit_wordnet
4104,1267,sleep,517,entity,-11.102300643920898,hit_wordnet
4105,1267,sleep,781,group,-11.697426795959473,hit_wordnet
4106,1267,sleep,2052,whole,-12.265332221984863,hit_wordnet
4107,1267,sleep,104,state,-12.72460651397705,hit_wordnet
4108,1268,unique job,3,job,-6.898153305053711,hit_wordnet
4109,1268,unique job,1359,easy job,-10.030538558959961,hit_wordnet
4110,1268,unique job,1436,working,-10.867583274841309,hit_wordnet
4111,1268,unique job,390,work,-11.41694450378418,hit_wordnet
4112,1268,unique job,381,enterprise,-12.048272132873535,hit_wordnet
4113,1269,wide,2052,whole,-10.575722694396973,hit_wordnet
4114,1269,wide,781,group,-12.391674995422363,hit_wordnet
4115,1269,wide,644,part,-12.41649055480957,hit_wordnet
4116,1269,wide,517,entity,-12.524372100830078,hit_wordnet
4117,1269,wide,1004,attribute,-12.783421516418457,hit_wordnet
4118,1271,job command,293,command,-10.670655250549316,hit_wordnet
4119,1271,job command,517,entity,-13.80232048034668,hit_wordnet
4120,1271,job command,781,group,-13.873211860656738,hit_wordnet
4121,1271,job command,1099,management,-15.825531005859375,hit_wordnet
4122,1271,job command,552,organization,-15.958392143249512,hit_wordnet
4123,1272,short,781,group,-9.981030464172363,hit_wordnet
4124,1272,short,517,entity,-11.451225280761719,hit_wordnet
4125,1272,short,2052,whole,-11.476798057556152,hit_wordnet
4126,1272,short,644,part,-11.711835861206055,hit_wordnet
4127,1272,short,484,unit,-11.831427574157715,hit_wordnet
4128,1273,email,517,entity,-9.808950424194336,hit_wordnet
4129,1273,email,111,message,-10.156723976135254,hit_wordnet
4130,1273,email,8,information,-10.533452033996582,hit_wordnet
4131,1273,email,137,communication,-10.845171928405762,hit_wordnet
4132,1273,email,1139,disclosure,-11.011504173278809,hit_wordnet
4133,1275,standard,517,entity,-9.506312370300293,hit_wordnet
4134,1275,standard,849,kind,-9.921062469482422,hit_wordnet
4135,1275,standard,108,number,-9.959887504577637,hit_wordnet
4136,1275,standard,484,unit,-10.121122360229492,hit_wordnet
4137,1275,standard,2052,whole,-10.362730026245117,hit_wordnet
4138,1278,home,493,site,-10.311744689941406,hit_wordnet
4139,1278,home,517,entity,-10.519083023071289,hit_wordnet
4140,1278,home,198,location,-10.858919143676758,hit_wordnet
4141,1278,home,781,group,-10.86916446685791,hit_wordnet
4142,1278,home,2052,whole,-10.915730476379395,hit_wordnet
4143,1279,output.%j,517,entity,-13.838375091552734,hit_wordnet
4144,1279,output.%j,781,group,-14.9679536819458,hit_wordnet
4145,1279,output.%j,6,simple text,-15.090913772583008,hit_wordnet
4146,1279,output.%j,27,text,-15.175567626953125,hit_wordnet
4147,1279,output.%j,761,lsb.param,-15.887828826904297,hit_wordnet
4148,1280,errors.%j ls,517,entity,-14.736772537231445,hit_wordnet
4149,1280,errors.%j ls,1793,incorrect file,-15.459672927856445,hit_wordnet
4150,1280,errors.%j ls,781,group,-15.945178031921387,hit_wordnet
4151,1280,errors.%j ls,52,file,-15.98818588256836,hit_wordnet
4152,1280,errors.%j ls,6,simple text,-16.230974197387695,hit_wordnet
4153,1281,j,1871,letter,-10.938018798828125,hit_wordnet
4154,1281,j,517,entity,-12.135387420654297,hit_wordnet
4155,1281,j,781,group,-12.3738374710083,hit_wordnet
4156,1281,j,1873,digit,-12.77585220336914,hit_wordnet
4157,1281,j,1680,character,-13.522317886352539,hit_wordnet
4158,1282,find job,1268,unique job,-9.52460765838623,hit_wordnet
4159,1282,find job,3,job,-10.349678993225098,hit_wordnet
4160,1282,find job,1359,easy job,-12.587396621704102,hit_wordnet
4161,1282,find job,1436,working,-14.066265106201172,hit_wordnet
4162,1282,find job,390,work,-14.526912689208984,hit_wordnet
4163,1284,batch interactive,866,program,-11.1322021484375,hit_wordnet
4164,1284,batch interactive,1514,software application,-11.304594039916992,hit_wordnet
4165,1284,batch interactive,1060,software,-12.916208267211914,hit_wordnet
4166,1284,batch interactive,1709,new process,-13.374944686889648,hit_wordnet
4167,1284,batch interactive,517,entity,-13.387935638427734,hit_wordnet
4168,1285,shell mode,517,entity,-13.078023910522461,hit_wordnet
4169,1285,shell mode,2052,whole,-13.285584449768066,hit_wordnet
4170,1285,shell mode,781,group,-13.287766456604004,hit_wordnet
4171,1285,shell mode,683,process,-13.465560913085938,hit_wordnet
4172,1285,shell mode,490,amount,-14.02131175994873,hit_wordnet
4173,1286,jobid,11,individual,-10.715324401855469,hit_wordnet
4174,1286,jobid,517,entity,-11.594110488891602,hit_wordnet
4175,1286,jobid,781,group,-11.9485445022583,hit_wordnet
4176,1286,jobid,1637,official,-13.115033149719238,hit_wordnet
4177,1286,jobid,749,member,-13.918840408325195,hit_wordnet
4178,1287,job_name,517,entity,-12.20979118347168,hit_wordnet
4179,1287,job_name,781,group,-13.807543754577637,hit_wordnet
4180,1287,job_name,11,individual,-14.70335578918457,hit_wordnet
4181,1287,job_name,1498,relative,-16.234376907348633,hit_wordnet
4182,1287,job_name,8,information,-16.53404998779297,hit_wordnet
4183,1288,user1 run normal hosta,517,entity,-11.467540740966797,hit_wordnet
4184,1288,user1 run normal hosta,781,group,-11.669878959655762,hit_wordnet
4185,1288,user1 run normal hosta,11,individual,-12.568422317504883,hit_wordnet
4186,1288,user1 run normal hosta,1498,relative,-14.235301971435547,hit_wordnet
4187,1288,user1 run normal hosta,1637,official,-14.73366641998291,hit_wordnet
4188,1289,jun,517,entity,-13.28053092956543,hit_wordnet
4189,1289,jun,781,group,-13.34512996673584,hit_wordnet
4190,1289,jun,486,month,-14.92725944519043,hit_wordnet
4191,1289,jun,2052,whole,-15.728529930114746,hit_wordnet
4192,1289,jun,683,process,-15.738496780395508,hit_wordnet
4193,1292,stat,640,statistic,-6.350104808807373,hit_wordnet
4194,1292,stat,108,number,-8.597515106201172,hit_wordnet
4195,1292,stat,1642,fact,-9.01700496673584,hit_wordnet
4196,1292,stat,517,entity,-9.681699752807617,hit_wordnet
4197,1292,stat,8,information,-9.886862754821777,hit_wordnet
4198,1296,user1 ususp normal hosta,517,entity,-12.50979995727539,hit_wordnet
4199,1296,user1 ususp normal hosta,781,group,-12.685040473937988,hit_wordnet
4200,1296,user1 ususp normal hosta,1288,user1 run normal hosta,-13.147316932678223,hit_wordnet
4201,1296,user1 ususp normal hosta,11,individual,-14.708236694335938,hit_wordnet
4202,1296,user1 ususp normal hosta,683,process,-16.459209442138672,hit_wordnet
4203,1302,necessary,517,entity,-14.006017684936523,hit_wordnet
4204,1302,necessary,422,permission,-14.604795455932617,hit_wordnet
4205,1302,necessary,1004,attribute,-15.147074699401855,hit_wordnet
4206,1302,necessary,781,group,-15.176709175109863,hit_wordnet
4207,1302,necessary,523,ability,-15.602608680725098,hit_wordnet
4208,1304,oct,1873,digit,-11.318452835083008,hit_wordnet
4209,1304,oct,517,entity,-11.961135864257812,hit_wordnet
4210,1304,oct,781,group,-12.208052635192871,hit_wordnet
4211,1304,oct,6,simple text,-12.987245559692383,hit_wordnet
4212,1304,oct,1871,letter,-13.137163162231445,hit_wordnet
4213,1305,drwxr,781,group,-13.471869468688965,hit_wordnet
4214,1305,drwxr,517,entity,-14.493122100830078,hit_wordnet
4215,1305,drwxr,513,tool,-14.805760383605957,hit_wordnet
4216,1305,drwxr,11,individual,-14.930685043334961,hit_wordnet
4217,1305,drwxr,141,machine,-16.700668334960938,hit_wordnet
4218,1306,lsfadmin,781,group,-13.643315315246582,hit_wordnet
4219,1306,lsfadmin,517,entity,-13.643518447875977,hit_wordnet
4220,1306,lsfadmin,683,process,-15.025472640991211,hit_wordnet
4221,1306,lsfadmin,2052,whole,-16.28641128540039,hit_wordnet
4222,1306,lsfadmin,11,individual,-16.469390869140625,hit_wordnet
4223,1307,nov,781,group,-13.491936683654785,hit_wordnet
4224,1307,nov,517,entity,-13.62607192993164,hit_wordnet
4225,1307,nov,486,month,-13.884716033935547,hit_wordnet
4226,1307,nov,2052,whole,-16.222557067871094,hit_wordnet
4227,1307,nov,683,process,-16.279396057128906,hit_wordnet
4228,1308,hostname,517,entity,-10.08036994934082,hit_wordnet
4229,1308,hostname,781,group,-11.779940605163574,hit_wordnet
4230,1308,hostname,1670,name,-13.940731048583984,hit_wordnet
4231,1308,hostname,1498,relative,-14.028242111206055,hit_wordnet
4232,1308,hostname,11,individual,-14.319232940673828,hit_wordnet
4233,1313,remote host,517,entity,-11.292877197265625,hit_wordnet
4234,1313,remote host,781,group,-11.797919273376465,hit_wordnet
4235,1313,remote host,11,individual,-11.954906463623047,hit_wordnet
4236,1313,remote host,80,host,-12.113213539123535,hit_wordnet
4237,1313,remote host,1637,official,-12.758072853088379,hit_wordnet
4238,1315,hosta hostb,1163,hosta,-10.455120086669922,hit_wordnet
4239,1315,hosta hostb,781,group,-11.618678092956543,hit_wordnet
4240,1315,hosta hostb,517,entity,-11.783018112182617,hit_wordnet
4241,1315,hosta hostb,1213,hostd,-14.062148094177246,hit_wordnet
4242,1315,hosta hostb,1211,hostb,-14.631255149841309,hit_wordnet
4243,1317,executing,753,execution,-6.88344144821167,hit_wordnet
4244,1317,executing,170,action,-9.491008758544922,hit_wordnet
4245,1317,executing,576,attempt,-10.486536026000977,hit_wordnet
4246,1317,executing,13,task,-10.633469581604004,hit_wordnet
4247,1317,executing,992,operation,-10.745477676391602,hit_wordnet
4248,1320,complete job,3,job,-7.318508148193359,hit_wordnet
4249,1320,complete job,1359,easy job,-8.699310302734375,hit_wordnet
4250,1320,complete job,1268,unique job,-10.30129623413086,hit_wordnet
4251,1320,complete job,1436,working,-11.539887428283691,hit_wordnet
4252,1320,complete job,13,task,-11.941008567810059,hit_wordnet
4253,1321,wrapper shell,513,tool,-11.702458381652832,hit_wordnet
4254,1321,wrapper shell,1327,shell,-11.793885231018066,hit_wordnet
4255,1321,wrapper shell,781,group,-12.23729419708252,hit_wordnet
4256,1321,wrapper shell,517,entity,-13.028419494628906,hit_wordnet
4257,1321,wrapper shell,2032,thread,-13.79713249206543,hit_wordnet
4258,1322,wrapper binary,874,binary,-10.57336139678955,hit_wordnet
4259,1322,wrapper binary,517,entity,-12.219310760498047,hit_wordnet
4260,1322,wrapper binary,781,group,-13.052826881408691,hit_wordnet
4261,1322,wrapper binary,1665,application binary,-14.241555213928223,hit_wordnet
4262,1322,wrapper binary,1250,executable,-15.014045715332031,hit_wordnet
4263,1323,application source,1085,source,-12.209057807922363,hit_wordnet
4264,1323,application source,517,entity,-12.507423400878906,hit_wordnet
4265,1323,application source,1514,software application,-13.547082901000977,hit_wordnet
4266,1323,application source,1060,software,-13.82815933227539,hit_wordnet
4267,1323,application source,781,group,-14.228415489196777,hit_wordnet
4268,1324,interface,185,network,-10.115230560302734,hit_wordnet
4269,1324,interface,517,entity,-10.789804458618164,hit_wordnet
4270,1324,interface,223,system,-11.022848129272461,hit_wordnet
4271,1324,interface,1956,connection,-11.048320770263672,hit_wordnet
4272,1324,interface,552,organization,-11.175806999206543,hit_wordnet
4273,1325,easy integration,934,integration,-7.36892032623291,hit_wordnet
4274,1325,easy integration,1709,new process,-10.884725570678711,hit_wordnet
4275,1325,easy integration,778,single process,-11.627446174621582,hit_wordnet
4276,1325,easy integration,992,operation,-13.009330749511719,hit_wordnet
4277,1325,easy integration,836,calculation,-13.151496887207031,hit_wordnet
4278,1327,shell,513,tool,-5.236902236938477,hit_wordnet
4279,1327,shell,781,group,-8.643427848815918,hit_wordnet
4280,1327,shell,141,machine,-9.015881538391113,hit_wordnet
4281,1327,shell,2032,thread,-9.450100898742676,hit_wordnet
4282,1327,shell,517,entity,-9.694234848022461,hit_wordnet
4283,1328,wrapper,513,tool,-9.942975997924805,hit_wordnet
4284,1328,wrapper,517,entity,-10.270441055297852,hit_wordnet
4285,1328,wrapper,781,group,-10.42337703704834,hit_wordnet
4286,1328,wrapper,141,machine,-11.216351509094238,hit_wordnet
4287,1328,wrapper,11,individual,-11.685525894165039,hit_wordnet
4288,1329,simple,781,group,-7.3555192947387695,hit_wordnet
4289,1329,simple,517,entity,-8.435367584228516,hit_wordnet
4290,1329,simple,2052,whole,-9.411364555358887,hit_wordnet
4291,1329,simple,484,unit,-10.455587387084961,hit_wordnet
4292,1329,simple,6,simple text,-10.898180961608887,hit_wordnet
4293,1330,abc,781,group,-9.939253807067871,hit_wordnet
4294,1330,abc,517,entity,-10.19264030456543,hit_wordnet
4295,1330,abc,208,arbitrary text,-12.61734390258789,hit_wordnet
4296,1330,abc,6,simple text,-12.643272399902344,hit_wordnet
4297,1330,abc,1871,letter,-13.457813262939453,hit_wordnet
4298,1331,rename,517,entity,-11.10847282409668,hit_wordnet
4299,1331,rename,208,arbitrary text,-11.35085678100586,hit_wordnet
4300,1331,rename,6,simple text,-11.596349716186523,hit_wordnet
4301,1331,rename,683,process,-12.601089477539062,hit_wordnet
4302,1331,rename,27,text,-12.885906219482422,hit_wordnet
4303,1334,rusage,781,group,-12.101815223693848,hit_wordnet
4304,1334,rusage,517,entity,-13.126955032348633,hit_wordnet
4305,1334,rusage,849,kind,-14.728860855102539,hit_wordnet
4306,1334,rusage,2052,whole,-15.205639839172363,hit_wordnet
4307,1334,rusage,683,process,-15.651832580566406,hit_wordnet
4308,1335,string,6,simple text,-7.911816596984863,hit_wordnet
4309,1335,string,27,text,-8.068269729614258,hit_wordnet
4310,1335,string,517,entity,-8.853955268859863,hit_wordnet
4311,1335,string,781,group,-9.31235408782959,hit_wordnet
4312,1335,string,1680,character,-9.60133171081543,hit_wordnet
4313,1336,manage software,1060,software,-12.042427062988281,hit_wordnet
4314,1336,manage software,1354,other software application,-12.585346221923828,hit_wordnet
4315,1336,manage software,1514,software application,-13.100618362426758,hit_wordnet
4316,1336,manage software,517,entity,-15.505250930786133,hit_wordnet
4317,1336,manage software,866,program,-15.795652389526367,hit_wordnet
4318,1338,requeue,517,entity,-12.701732635498047,hit_wordnet
4319,1338,requeue,452,transaction,-13.508637428283691,hit_wordnet
4320,1338,requeue,683,process,-13.848064422607422,hit_wordnet
4321,1338,requeue,13,task,-14.000519752502441,hit_wordnet
4322,1338,requeue,781,group,-14.07500171661377,hit_wordnet
4323,1346,lslib,781,group,-11.833123207092285,hit_wordnet
4324,1346,lslib,517,entity,-14.02487564086914,hit_wordnet
4325,1346,lslib,513,tool,-14.407382011413574,hit_wordnet
4326,1346,lslib,2052,whole,-15.30589771270752,hit_wordnet
4327,1346,lslib,1120,lsload,-15.471174240112305,hit_wordnet
4328,1347,lsblib,781,group,-13.60633373260498,hit_wordnet
4329,1347,lsblib,517,entity,-14.52426528930664,hit_wordnet
4330,1347,lsblib,11,individual,-15.419307708740234,hit_wordnet
4331,1347,lsblib,513,tool,-15.597413063049316,hit_wordnet
4332,1347,lsblib,1637,official,-16.739017486572266,hit_wordnet
4333,1354,other software application,1514,software application,-5.450681686401367,hit_wordnet
4334,1354,other software application,1060,software,-10.149632453918457,hit_wordnet
4335,1354,other software application,866,program,-11.600628852844238,hit_wordnet
4336,1354,other software application,517,entity,-13.147377014160156,hit_wordnet
4337,1354,other software application,799,application,-14.612544059753418,hit_wordnet
4338,1355,facility,552,organization,-7.768518447875977,hit_wordnet
4339,1355,facility,517,entity,-9.659770011901855,hit_wordnet
4340,1355,facility,781,group,-10.012503623962402,hit_wordnet
4341,1355,facility,493,site,-10.050005912780762,hit_wordnet
4342,1355,facility,2052,whole,-10.214290618896484,hit_wordnet
4343,1356,close,2052,whole,-10.693577766418457,hit_wordnet
4344,1356,close,1421,end,-11.135821342468262,hit_wordnet
4345,1356,close,781,group,-11.406756401062012,hit_wordnet
4346,1356,close,517,entity,-11.530426025390625,hit_wordnet
4347,1356,close,427,line,-11.600945472717285,hit_wordnet
4348,1358,application user,37,user,-11.620849609375,hit_wordnet
4349,1358,application user,11,individual,-12.71279525756836,hit_wordnet
4350,1358,application user,517,entity,-13.730430603027344,hit_wordnet
4351,1358,application user,1637,official,-14.201300621032715,hit_wordnet
4352,1358,application user,171,operator,-15.211315155029297,hit_wordnet
4353,1359,easy job,3,job,-7.8022308349609375,hit_wordnet
4354,1359,easy job,390,work,-10.932817459106445,hit_wordnet
4355,1359,easy job,13,task,-11.389580726623535,hit_wordnet
4356,1359,easy job,381,enterprise,-11.638596534729004,hit_wordnet
4357,1359,easy job,576,attempt,-12.435729026794434,hit_wordnet
4358,1362,other advanced lsf,971,primary lsf,-8.420153617858887,hit_wordnet
4359,1362,other advanced lsf,1840,second lsf,-11.31078052520752,hit_wordnet
4360,1362,other advanced lsf,1058,configure lsf,-13.639276504516602,hit_wordnet
4361,1362,other advanced lsf,706,lsf,-13.92645263671875,hit_wordnet
4362,1362,other advanced lsf,1456,automatic lsf,-14.238784790039062,hit_wordnet
4363,1363,manage,517,entity,-11.520133972167969,hit_wordnet
4364,1363,manage,1099,management,-11.843169212341309,hit_wordnet
4365,1363,manage,781,group,-12.115263938903809,hit_wordnet
4366,1363,manage,785,control,-12.415389060974121,hit_wordnet
4367,1363,manage,1637,official,-12.483445167541504,hit_wordnet
4368,1368,reference,517,entity,-8.864148139953613,hit_wordnet
4369,1368,reference,613,explanation,-9.129561424255371,hit_wordnet
4370,1368,reference,1613,symbolic,-10.22756290435791,hit_wordnet
4371,1368,reference,1704,topic,-10.658525466918945,hit_wordnet
4372,1368,reference,8,information,-10.888172149658203,hit_wordnet
4373,1369,other configuration,1883,same configuration,-5.479738712310791,hit_wordnet
4374,1369,other configuration,730,several configuration,-6.234621047973633,hit_wordnet
4375,1369,other configuration,319,separate configuration,-6.550250053405762,hit_wordnet
4376,1369,other configuration,73,configuration,-6.787616729736328,hit_wordnet
4377,1369,other configuration,1882,inconsistent configuration,-9.84035587310791,hit_wordnet
4378,1370,edit,517,entity,-8.674878120422363,hit_wordnet
4379,1370,edit,111,message,-10.044261932373047,hit_wordnet
4380,1370,edit,1997,copy,-10.101101875305176,hit_wordnet
4381,1370,edit,137,communication,-10.255813598632812,hit_wordnet
4382,1370,edit,683,process,-10.617627143859863,hit_wordnet
4383,1372,new queue,735,queue,-9.109591484069824,hit_wordnet
4384,1372,new queue,781,group,-11.2507963180542,hit_wordnet
4385,1372,new queue,517,entity,-12.594596862792969,hit_wordnet
4386,1372,new queue,552,organization,-13.776894569396973,hit_wordnet
4387,1372,new queue,472,plan,-14.018011093139648,hit_wordnet
4388,1376,content,517,entity,-6.308017730712891,hit_wordnet
4389,1376,content,1004,attribute,-6.6615824699401855,hit_wordnet
4390,1376,content,2052,whole,-7.136510848999023,hit_wordnet
4391,1376,content,721,concept,-7.435690879821777,hit_wordnet
4392,1376,content,849,kind,-7.643692970275879,hit_wordnet
4393,1377,cshrc,781,group,-11.719038963317871,hit_wordnet
4394,1377,cshrc,517,entity,-12.411190032958984,hit_wordnet
4395,1377,cshrc,1871,letter,-14.12203598022461,hit_wordnet
4396,1377,cshrc,484,unit,-14.230340003967285,hit_wordnet
4397,1377,cshrc,683,process,-14.539228439331055,hit_wordnet
4398,1378,lsf_top,781,group,-13.186491966247559,hit_wordnet
4399,1378,lsf_top,513,tool,-13.324820518493652,hit_wordnet
4400,1378,lsf_top,517,entity,-13.397588729858398,hit_wordnet
4401,1378,lsf_top,141,machine,-13.754942893981934,hit_wordnet
4402,1378,lsf_top,11,individual,-14.590681076049805,hit_wordnet
4403,1379,profile,517,entity,-10.331718444824219,hit_wordnet
4404,1379,profile,8,information,-11.77204418182373,hit_wordnet
4405,1379,profile,984,model,-12.077930450439453,hit_wordnet
4406,1379,profile,2052,whole,-12.307604789733887,hit_wordnet
4407,1379,profile,781,group,-12.80285358428955,hit_wordnet
4408,1383,glibc2.3-x86_64.tar,517,entity,-13.451108932495117,hit_wordnet
4409,1383,glibc2.3-x86_64.tar,781,group,-14.644165992736816,hit_wordnet
4410,1383,glibc2.3-x86_64.tar,2052,whole,-16.580528259277344,hit_wordnet
4411,1383,glibc2.3-x86_64.tar,11,individual,-17.052412033081055,hit_wordnet
4412,1383,glibc2.3-x86_64.tar,683,process,-17.260883331298828,hit_wordnet
4413,1384,distribution,517,entity,-9.960426330566406,hit_wordnet
4414,1384,distribution,2052,whole,-10.625950813293457,hit_wordnet
4415,1384,distribution,1376,content,-10.7811861038208,hit_wordnet
4416,1384,distribution,683,process,-11.09971809387207,hit_wordnet
4417,1384,distribution,490,amount,-11.110370635986328,hit_wordnet
4418,1386,download,517,entity,-11.459476470947266,hit_wordnet
4419,1386,download,1514,software application,-12.414932250976562,hit_wordnet
4420,1386,download,137,communication,-12.448103904724121,hit_wordnet
4421,1386,download,8,information,-12.51982593536377,hit_wordnet
4422,1386,download,1139,disclosure,-12.671662330627441,hit_wordnet
4423,1391,video,137,communication,-10.708263397216797,hit_wordnet
4424,1391,video,8,information,-11.03393268585205,hit_wordnet
4425,1391,video,517,entity,-11.036230087280273,hit_wordnet
4426,1391,video,186,visual,-12.042496681213379,hit_wordnet
4427,1391,video,111,message,-12.150127410888672,hit_wordnet
4428,1392,youtube,1391,video,-13.293209075927734,hit_wordnet
4429,1392,youtube,517,entity,-13.81739616394043,hit_wordnet
4430,1392,youtube,1514,software application,-14.996442794799805,hit_wordnet
4431,1392,youtube,866,program,-15.028696060180664,hit_wordnet
4432,1392,youtube,137,communication,-15.365832328796387,hit_wordnet
4433,1394,major,517,entity,-11.926401138305664,hit_wordnet
4434,1394,major,781,group,-11.977606773376465,hit_wordnet
4435,1394,major,11,individual,-12.833341598510742,hit_wordnet
4436,1394,major,1637,official,-14.442370414733887,hit_wordnet
4437,1394,major,484,unit,-14.697209358215332,hit_wordnet
4438,1396,new host,80,host,-10.098560333251953,hit_wordnet
4439,1396,new host,517,entity,-10.441993713378906,hit_wordnet
4440,1396,new host,781,group,-10.938643455505371,hit_wordnet
4441,1396,new host,11,individual,-11.175418853759766,hit_wordnet
4442,1396,new host,1262,appropriate host,-11.609660148620605,hit_wordnet
4443,1398,a,517,entity,-10.951448440551758,hit_wordnet
4444,1398,a,781,group,-11.777447700500488,hit_wordnet
4445,1398,a,1871,letter,-13.321084976196289,hit_wordnet
4446,1398,a,6,simple text,-14.344940185546875,hit_wordnet
4447,1398,a,208,arbitrary text,-14.417442321777344,hit_wordnet
4448,1400,b,517,entity,-10.981796264648438,hit_wordnet
4449,1400,b,1871,letter,-11.215200424194336,hit_wordnet
4450,1400,b,781,group,-11.948403358459473,hit_wordnet
4451,1400,b,6,simple text,-12.973945617675781,hit_wordnet
4452,1400,b,208,arbitrary text,-13.737127304077148,hit_wordnet
4453,1401,installation script,1060,software,-12.872177124023438,hit_wordnet
4454,1401,installation script,866,program,-13.458213806152344,hit_wordnet
4455,1401,installation script,517,entity,-13.67007064819336,hit_wordnet
4456,1401,installation script,1514,software application,-14.073585510253906,hit_wordnet
4457,1401,installation script,781,group,-14.901528358459473,hit_wordnet
4458,1402,cd,52,file,-11.294875144958496,hit_wordnet
4459,1402,cd,517,entity,-12.05479621887207,hit_wordnet
4460,1402,cd,781,group,-13.540238380432129,hit_wordnet
4461,1402,cd,7,database,-13.60965347290039,hit_wordnet
4462,1402,cd,1997,copy,-14.423479080200195,hit_wordnet
4463,1403,cluster1/10.1.,517,entity,-11.922548294067383,hit_wordnet
4464,1403,cluster1/10.1.,781,group,-12.704642295837402,hit_wordnet
4465,1403,cluster1/10.1.,60,datum,-14.310882568359375,hit_wordnet
4466,1403,cluster1/10.1.,683,process,-14.76771354675293,hit_wordnet
4467,1403,cluster1/10.1.,2052,whole,-14.82784366607666,hit_wordnet
4468,1404,install,724,installation,-4.360572338104248,hit_wordnet
4469,1404,install,390,work,-9.81844711303711,hit_wordnet
4470,1404,install,799,application,-10.13036823272705,hit_wordnet
4471,1404,install,835,placement,-10.714458465576172,hit_wordnet
4472,1404,install,30,mechanism,-11.405241966247559,hit_wordnet
4473,1405,c,517,entity,-11.220830917358398,hit_wordnet
4474,1405,c,1871,letter,-11.275371551513672,hit_wordnet
4475,1405,c,781,group,-11.370657920837402,hit_wordnet
4476,1405,c,6,simple text,-13.474973678588867,hit_wordnet
4477,1405,c,11,individual,-14.261665344238281,hit_wordnet
4478,1411,lsf_getting_started.html,517,entity,-13.28012466430664,hit_wordnet
4479,1411,lsf_getting_started.html,781,group,-14.00011920928955,hit_wordnet
4480,1411,lsf_getting_started.html,866,program,-15.344758987426758,hit_wordnet
4481,1411,lsf_getting_started.html,683,process,-15.715293884277344,hit_wordnet
4482,1411,lsf_getting_started.html,1514,software application,-16.068422317504883,hit_wordnet
4483,1416,client,11,individual,-7.200620651245117,hit_wordnet
4484,1416,client,37,user,-7.417710304260254,hit_wordnet
4485,1416,client,1637,official,-7.540641784667969,hit_wordnet
4486,1416,client,1225,owner,-9.513444900512695,hit_wordnet
4487,1416,client,517,entity,-10.177864074707031,hit_wordnet
4488,1418,mem resource,517,entity,-13.260265350341797,hit_wordnet
4489,1418,mem resource,781,group,-14.229174613952637,hit_wordnet
4490,1418,mem resource,683,process,-15.055042266845703,hit_wordnet
4491,1418,mem resource,484,unit,-15.61115550994873,hit_wordnet
4492,1418,mem resource,2052,whole,-16.404991149902344,hit_wordnet
4493,1419,sunsol,517,entity,-13.461101531982422,hit_wordnet
4494,1419,sunsol,781,group,-13.74482250213623,hit_wordnet
4495,1419,sunsol,683,process,-14.437129974365234,hit_wordnet
4496,1419,sunsol,718,solution,-14.60342788696289,hit_wordnet
4497,1419,sunsol,513,tool,-15.58597469329834,hit_wordnet
4498,1420,hppa,517,entity,-13.916038513183594,hit_wordnet
4499,1420,hppa,781,group,-14.48498249053955,hit_wordnet
4500,1420,hppa,484,unit,-16.114765167236328,hit_wordnet
4501,1420,hppa,683,process,-16.195566177368164,hit_wordnet
4502,1420,hppa,11,individual,-16.21587371826172,hit_wordnet
4503,1421,end,2052,whole,-7.48516845703125,hit_wordnet
4504,1421,end,485,beginning,-7.736419677734375,hit_wordnet
4505,1421,end,644,part,-7.933628082275391,hit_wordnet
4506,1421,end,304,start,-8.065204620361328,hit_wordnet
4507,1421,end,517,entity,-8.403486251831055,hit_wordnet
4508,1422,d reconfigure,866,program,-9.880237579345703,hit_wordnet
4509,1422,d reconfigure,1060,software,-10.359480857849121,hit_wordnet
4510,1422,d reconfigure,472,plan,-10.798324584960938,hit_wordnet
4511,1422,d reconfigure,517,entity,-10.913734436035156,hit_wordnet
4512,1422,d reconfigure,1514,software application,-11.142240524291992,hit_wordnet
4513,1423,restart,1458,starting,-11.787103652954102,hit_wordnet
4514,1423,restart,683,process,-12.876054763793945,hit_wordnet
4515,1423,restart,674,event,-12.946184158325195,hit_wordnet
4516,1423,restart,682,running,-13.406167984008789,hit_wordnet
4517,1423,restart,517,entity,-13.412256240844727,hit_wordnet
4518,1425,lsadmin reconfig command,293,command,-13.245990753173828,hit_wordnet
4519,1425,lsadmin reconfig command,517,entity,-13.987030029296875,hit_wordnet
4520,1425,lsadmin reconfig command,781,group,-14.441100120544434,hit_wordnet
4521,1425,lsadmin reconfig command,111,message,-16.01541519165039,hit_wordnet
4522,1425,lsadmin reconfig command,137,communication,-16.376144409179688,hit_wordnet
4523,1427,unrecoverable,517,entity,-11.202743530273438,hit_wordnet
4524,1427,unrecoverable,781,group,-13.982634544372559,hit_wordnet
4525,1427,unrecoverable,683,process,-14.700475692749023,hit_wordnet
4526,1427,unrecoverable,89,failure,-14.988420486450195,hit_wordnet
4527,1427,unrecoverable,11,individual,-15.266458511352539,hit_wordnet
4528,1428,reconfiguration,1709,new process,-11.672561645507812,hit_wordnet
4529,1428,reconfiguration,222,development,-12.142252922058105,hit_wordnet
4530,1428,reconfiguration,212,creation,-12.304059028625488,hit_wordnet
4531,1428,reconfiguration,992,operation,-12.458063125610352,hit_wordnet
4532,1428,reconfiguration,772,procedure,-12.77245807647705,hit_wordnet
4533,1429,e reconfigure,472,plan,-11.476509094238281,hit_wordnet
4534,1429,e reconfigure,1514,software application,-11.491350173950195,hit_wordnet
4535,1429,e reconfigure,517,entity,-11.985452651977539,hit_wordnet
4536,1429,e reconfigure,137,communication,-12.32136058807373,hit_wordnet
4537,1429,e reconfigure,866,program,-12.347305297851562,hit_wordnet
4538,1431,badmin reconfig command,517,entity,-13.203962326049805,hit_wordnet
4539,1431,badmin reconfig command,293,command,-13.229764938354492,hit_wordnet
4540,1431,badmin reconfig command,781,group,-13.869708061218262,hit_wordnet
4541,1431,badmin reconfig command,1425,lsadmin reconfig command,-14.069701194763184,hit_wordnet
4542,1431,badmin reconfig command,1621,lsload command,-14.597831726074219,hit_wordnet
4543,1432,optional,517,entity,-13.35723876953125,hit_wordnet
4544,1432,optional,781,group,-14.454218864440918,hit_wordnet
4545,1432,optional,11,individual,-15.129825592041016,hit_wordnet
4546,1432,optional,1302,necessary,-16.612470626831055,hit_wordnet
4547,1432,optional,954,product,-17.107398986816406,hit_wordnet
4548,1433,hostsetup,781,group,-9.700861930847168,hit_wordnet
4549,1433,hostsetup,517,entity,-9.757135391235352,hit_wordnet
4550,1433,hostsetup,552,organization,-11.019545555114746,hit_wordnet
4551,1433,hostsetup,525,party,-12.266854286193848,hit_wordnet
4552,1433,hostsetup,11,individual,-12.387689590454102,hit_wordnet
4553,1435,d start,517,entity,-11.163887023925781,hit_wordnet
4554,1435,d start,781,group,-11.20837688446045,hit_wordnet
4555,1435,d start,2052,whole,-11.250405311584473,hit_wordnet
4556,1435,d start,653,interval,-11.607780456542969,hit_wordnet
4557,1435,d start,484,unit,-11.950417518615723,hit_wordnet
4558,1436,working,390,work,-6.937932014465332,hit_wordnet
4559,1436,working,13,task,-10.754175186157227,hit_wordnet
4560,1436,working,799,application,-11.206527709960938,hit_wordnet
4561,1436,working,495,production,-11.384086608886719,hit_wordnet
4562,1436,working,381,enterprise,-11.765828132629395,hit_wordnet
4563,1438,dynamic host,517,entity,-10.45988655090332,hit_wordnet
4564,1438,dynamic host,781,group,-11.437222480773926,hit_wordnet
4565,1438,dynamic host,1937,server host,-12.479449272155762,hit_wordnet
4566,1438,dynamic host,11,individual,-12.636341094970703,hit_wordnet
4567,1438,dynamic host,1753,automatic host,-13.782906532287598,hit_wordnet
4568,1439,caution,523,ability,-12.63904094696045,hit_wordnet
4569,1439,caution,337,quality,-12.979490280151367,hit_wordnet
4570,1439,caution,1004,attribute,-13.448689460754395,hit_wordnet
4571,1439,caution,1817,bad,-13.706296920776367,hit_wordnet
4572,1439,caution,731,behavior,-13.891050338745117,hit_wordnet
4573,1440,current default management,1441,different default management,-5.334888935089111,hit_wordnet
4574,1440,current default management,1099,management,-13.09299087524414,hit_wordnet
4575,1440,current default management,517,entity,-15.233226776123047,hit_wordnet
4576,1440,current default management,826,operating,-15.379039764404297,hit_wordnet
4577,1440,current default management,530,utility,-15.40186882019043,hit_wordnet
4578,1441,different default management,1099,management,-13.02584457397461,hit_wordnet
4579,1441,different default management,517,entity,-14.780323028564453,hit_wordnet
4580,1441,different default management,349,policy,-15.161849975585938,hit_wordnet
4581,1441,different default management,530,utility,-15.234479904174805,hit_wordnet
4582,1441,different default management,472,plan,-15.357755661010742,hit_wordnet
4583,1443,finish,622,change,-10.778192520141602,hit_wordnet
4584,1443,finish,2052,whole,-11.723526954650879,hit_wordnet
4585,1443,finish,683,process,-11.776802062988281,hit_wordnet
4586,1443,finish,517,entity,-12.234987258911133,hit_wordnet
4587,1443,finish,70,performance,-12.423087120056152,hit_wordnet
4588,1445,lsb.host,517,entity,-11.185285568237305,hit_wordnet
4589,1445,lsb.host,11,individual,-11.673563003540039,hit_wordnet
4590,1445,lsb.host,781,group,-11.683337211608887,hit_wordnet
4591,1445,lsb.host,1637,official,-12.684931755065918,hit_wordnet
4592,1445,lsb.host,749,member,-13.62136459350586,hit_wordnet
4593,1446,lsb.resource,517,entity,-13.039152145385742,hit_wordnet
4594,1446,lsb.resource,781,group,-14.160582542419434,hit_wordnet
4595,1446,lsb.resource,484,unit,-14.346661567687988,hit_wordnet
4596,1446,lsb.resource,2052,whole,-16.12884521484375,hit_wordnet
4597,1446,lsb.resource,11,individual,-16.161550521850586,hit_wordnet
4598,1448,lsadmin reconfig,1425,lsadmin reconfig command,-9.897180557250977,hit_wordnet
4599,1448,lsadmin reconfig,517,entity,-13.214925765991211,hit_wordnet
4600,1448,lsadmin reconfig,781,group,-13.616551399230957,hit_wordnet
4601,1448,lsadmin reconfig,111,message,-14.90402889251709,hit_wordnet
4602,1448,lsadmin reconfig,683,process,-15.07481575012207,hit_wordnet
4603,1449,badmin mbdrestart,781,group,-13.857970237731934,hit_wordnet
4604,1449,badmin mbdrestart,517,entity,-13.990528106689453,hit_wordnet
4605,1449,badmin mbdrestart,11,individual,-14.821245193481445,hit_wordnet
4606,1449,badmin mbdrestart,513,tool,-15.93029499053955,hit_wordnet
4607,1449,badmin mbdrestart,266,cat,-16.012056350708008,hit_wordnet
4608,1450,badmin mbdrestart command,517,entity,-13.395111083984375,hit_wordnet
4609,1450,badmin mbdrestart command,781,group,-14.19126033782959,hit_wordnet
4610,1450,badmin mbdrestart command,1425,lsadmin reconfig command,-14.685784339904785,hit_wordnet
4611,1450,badmin mbdrestart command,683,process,-14.884580612182617,hit_wordnet
4612,1450,badmin mbdrestart command,111,message,-15.682251930236816,hit_wordnet
4613,1451,confirm,769,reply,-11.534919738769531,hit_wordnet
4614,1451,confirm,1816,request,-12.212120056152344,hit_wordnet
4615,1451,confirm,1139,disclosure,-12.860102653503418,hit_wordnet
4616,1451,confirm,111,message,-12.915118217468262,hit_wordnet
4617,1451,confirm,517,entity,-13.427848815917969,hit_wordnet
4618,1454,system startup,517,entity,-13.422004699707031,hit_wordnet
4619,1454,system startup,781,group,-14.007584571838379,hit_wordnet
4620,1454,system startup,99,startup,-14.552547454833984,hit_wordnet
4621,1454,system startup,552,organization,-15.107731819152832,hit_wordnet
4622,1454,system startup,223,system,-15.123927116394043,hit_wordnet
4623,1455,automatic lsf daemon,517,entity,-13.550472259521484,hit_wordnet
4624,1455,automatic lsf daemon,781,group,-14.43346118927002,hit_wordnet
4625,1455,automatic lsf daemon,683,process,-15.441608428955078,hit_wordnet
4626,1455,automatic lsf daemon,866,program,-15.583219528198242,hit_wordnet
4627,1455,automatic lsf daemon,223,system,-16.11886215209961,hit_wordnet
4628,1456,automatic lsf,1046,use lsf,-11.50248908996582,hit_wordnet
4629,1456,automatic lsf,1058,configure lsf,-12.630377769470215,hit_wordnet
4630,1456,automatic lsf,1074,troubleshooting lsf,-13.473923683166504,hit_wordnet
4631,1456,automatic lsf,706,lsf,-14.58133602142334,hit_wordnet
4632,1456,automatic lsf,517,entity,-14.83387565612793,hit_wordnet
4633,1458,starting,485,beginning,-6.078802585601807,hit_wordnet
4634,1458,starting,2052,whole,-8.084389686584473,hit_wordnet
4635,1458,starting,517,entity,-8.582869529724121,hit_wordnet
4636,1458,starting,683,process,-9.068004608154297,hit_wordnet
4637,1458,starting,674,event,-9.114839553833008,hit_wordnet
4638,1459,badmin reconfig,781,group,-12.060708045959473,hit_wordnet
4639,1459,badmin reconfig,517,entity,-12.08818244934082,hit_wordnet
4640,1459,badmin reconfig,513,tool,-13.216521263122559,hit_wordnet
4641,1459,badmin reconfig,683,process,-13.710794448852539,hit_wordnet
4642,1459,badmin reconfig,2052,whole,-13.912579536437988,hit_wordnet
4643,1463,lost_and_found,517,entity,-12.203773498535156,hit_wordnet
4644,1463,lost_and_found,18,report,-13.782234191894531,hit_wordnet
4645,1463,lost_and_found,8,information,-14.365044593811035,hit_wordnet
4646,1463,lost_and_found,781,group,-14.380751609802246,hit_wordnet
4647,1463,lost_and_found,1139,disclosure,-14.38591480255127,hit_wordnet
4648,1465,original,517,entity,-6.784336090087891,hit_wordnet
4649,1465,original,1997,copy,-9.80457592010498,hit_wordnet
4650,1465,original,11,individual,-9.904935836791992,hit_wordnet
4651,1465,original,781,group,-10.047633171081543,hit_wordnet
4652,1465,original,1498,relative,-10.991597175598145,hit_wordnet
4653,1467,bswitch,513,tool,-10.683287620544434,hit_wordnet
4654,1467,bswitch,517,entity,-11.453523635864258,hit_wordnet
4655,1467,bswitch,141,machine,-11.515669822692871,hit_wordnet
4656,1467,bswitch,781,group,-12.007431983947754,hit_wordnet
4657,1467,bswitch,839,object,-12.377367973327637,hit_wordnet
4658,1471,badmin qclose,1048,badmin,-14.374387741088867,hit_wordnet
4659,1471,badmin qclose,781,group,-15.605286598205566,hit_wordnet
4660,1471,badmin qclose,517,entity,-15.651220321655273,hit_wordnet
4661,1471,badmin qclose,11,individual,-17.455717086791992,hit_wordnet
4662,1471,badmin qclose,406,root,-17.782121658325195,hit_wordnet
4663,1474,idle,517,entity,-10.452205657958984,hit_wordnet
4664,1474,idle,781,group,-11.184597969055176,hit_wordnet
4665,1474,idle,11,individual,-11.896116256713867,hit_wordnet
4666,1474,idle,2052,whole,-11.986495018005371,hit_wordnet
4667,1474,idle,683,process,-12.418512344360352,hit_wordnet
4668,1475,job id,517,entity,-12.521705627441406,hit_wordnet
4669,1475,job id,1493,id,-13.691697120666504,hit_wordnet
4670,1475,job id,781,group,-13.897568702697754,hit_wordnet
4671,1475,job id,1662,identification,-13.933956146240234,hit_wordnet
4672,1475,job id,8,information,-15.174466133117676,hit_wordnet
4673,1476,user5 run night hosta,781,group,-12.654702186584473,hit_wordnet
4674,1476,user5 run night hosta,517,entity,-13.126277923583984,hit_wordnet
4675,1476,user5 run night hosta,11,individual,-15.20222282409668,hit_wordnet
4676,1476,user5 run night hosta,1498,relative,-17.39838409423828,hit_wordnet
4677,1476,user5 run night hosta,79,daemon,-17.78624725341797,hit_wordnet
4678,1477,job5,517,entity,-11.210041046142578,hit_wordnet
4679,1477,job5,781,group,-11.559840202331543,hit_wordnet
4680,1477,job5,11,individual,-12.27055549621582,hit_wordnet
4681,1477,job5,484,unit,-14.63857364654541,hit_wordnet
4682,1477,job5,866,program,-14.924715042114258,hit_wordnet
4683,1478,user5 pend night hosta,1476,user5 run night hosta,-11.740479469299316,hit_wordnet
4684,1478,user5 pend night hosta,781,group,-12.773581504821777,hit_wordnet
4685,1478,user5 pend night hosta,517,entity,-12.783649444580078,hit_wordnet
4686,1478,user5 pend night hosta,11,individual,-16.306415557861328,hit_wordnet
4687,1478,user5 pend night hosta,683,process,-16.793651580810547,hit_wordnet
4688,1479,definition,882,meaning,-9.751250267028809,hit_wordnet
4689,1479,definition,721,concept,-11.623793601989746,hit_wordnet
4690,1479,definition,551,description,-11.688644409179688,hit_wordnet
4691,1479,definition,1642,fact,-12.476869583129883,hit_wordnet
4692,1479,definition,613,explanation,-12.575018882751465,hit_wordnet
4693,1483,setuid,517,entity,-10.605669021606445,hit_wordnet
4694,1483,setuid,11,individual,-10.900741577148438,hit_wordnet
4695,1483,setuid,781,group,-10.999213218688965,hit_wordnet
4696,1483,setuid,749,member,-13.398611068725586,hit_wordnet
4697,1483,setuid,1498,relative,-13.437690734863281,hit_wordnet
4698,1485,lsf_startup_user,517,entity,-13.046514511108398,hit_wordnet
4699,1485,lsf_startup_user,11,individual,-13.580028533935547,hit_wordnet
4700,1485,lsf_startup_user,781,group,-14.047562599182129,hit_wordnet
4701,1485,lsf_startup_user,1637,official,-14.80703067779541,hit_wordnet
4702,1485,lsf_startup_user,37,user,-15.089363098144531,hit_wordnet
4703,1486,lsf_startup_path,517,entity,-14.767135620117188,hit_wordnet
4704,1486,lsf_startup_path,781,group,-14.782662391662598,hit_wordnet
4705,1486,lsf_startup_path,683,process,-15.860452651977539,hit_wordnet
4706,1486,lsf_startup_path,2052,whole,-16.628803253173828,hit_wordnet
4707,1486,lsf_startup_path,30,mechanism,-17.35082244873047,hit_wordnet
4708,1487,sparc,781,group,-9.751721382141113,hit_wordnet
4709,1487,sparc,517,entity,-11.565425872802734,hit_wordnet
4710,1487,sparc,141,machine,-12.65177059173584,hit_wordnet
4711,1487,sparc,513,tool,-12.790129661560059,hit_wordnet
4712,1487,sparc,11,individual,-13.249313354492188,hit_wordnet
4713,1488,sol,517,entity,-10.719968795776367,hit_wordnet
4714,1488,sol,781,group,-11.2813081741333,hit_wordnet
4715,1488,sol,1871,letter,-11.881475448608398,hit_wordnet
4716,1488,sol,6,simple text,-13.217279434204102,hit_wordnet
4717,1488,sol,208,arbitrary text,-13.623661041259766,hit_wordnet
4718,1490,lsf_serverdir,781,group,-13.074658393859863,hit_wordnet
4719,1490,lsf_serverdir,517,entity,-13.222330093383789,hit_wordnet
4720,1490,lsf_serverdir,11,individual,-14.517265319824219,hit_wordnet
4721,1490,lsf_serverdir,141,machine,-14.995182991027832,hit_wordnet
4722,1490,lsf_serverdir,1627,lsf_server_host,-15.185929298400879,hit_wordnet
4723,1492,file permission mode,517,entity,-13.929950714111328,hit_wordnet
4724,1492,file permission mode,781,group,-14.72445011138916,hit_wordnet
4725,1492,file permission mode,422,permission,-15.27414321899414,hit_wordnet
4726,1492,file permission mode,791,condition,-15.687520027160645,hit_wordnet
4727,1492,file permission mode,1004,attribute,-15.848162651062012,hit_wordnet
4728,1493,id,517,entity,-9.112621307373047,hit_wordnet
4729,1493,id,1662,identification,-9.91600513458252,hit_wordnet
4730,1493,id,781,group,-11.442513465881348,hit_wordnet
4731,1493,id,8,information,-11.589003562927246,hit_wordnet
4732,1493,id,425,info,-12.52027702331543,hit_wordnet
4733,1495,level installation,724,installation,-10.025187492370605,hit_wordnet
4734,1495,level installation,1404,install,-12.90526294708252,hit_wordnet
4735,1495,level installation,835,placement,-13.342018127441406,hit_wordnet
4736,1495,level installation,390,work,-14.191307067871094,hit_wordnet
4737,1495,level installation,1918,setup,-14.226556777954102,hit_wordnet
4738,1498,relative,11,individual,-5.877298831939697,hit_wordnet
4739,1498,relative,517,entity,-5.956365585327148,hit_wordnet
4740,1498,relative,781,group,-8.362122535705566,hit_wordnet
4741,1498,relative,1637,official,-9.91525936126709,hit_wordnet
4742,1498,relative,484,unit,-12.360810279846191,hit_wordnet
4743,1500,full,490,amount,-8.876813888549805,hit_wordnet
4744,1500,full,664,sum,-9.13531494140625,hit_wordnet
4745,1500,full,2052,whole,-9.943379402160645,hit_wordnet
4746,1500,full,517,entity,-11.052661895751953,hit_wordnet
4747,1500,full,1376,content,-11.249676704406738,hit_wordnet
4748,1502,egosh,517,entity,-11.059198379516602,hit_wordnet
4749,1502,egosh,781,group,-11.424286842346191,hit_wordnet
4750,1502,egosh,11,individual,-13.190479278564453,hit_wordnet
4751,1502,egosh,849,kind,-14.139486312866211,hit_wordnet
4752,1502,egosh,2052,whole,-14.66773509979248,hit_wordnet
4753,1503,swtbl_api,517,entity,-13.04766845703125,hit_wordnet
4754,1503,swtbl_api,781,group,-13.842020988464355,hit_wordnet
4755,1503,swtbl_api,866,program,-15.814481735229492,hit_wordnet
4756,1503,swtbl_api,683,process,-16.38440704345703,hit_wordnet
4757,1503,swtbl_api,1514,software application,-16.83982276916504,hit_wordnet
4758,1504,ntbl_api,517,entity,-12.942007064819336,hit_wordnet
4759,1504,ntbl_api,781,group,-13.8264741897583,hit_wordnet
4760,1504,ntbl_api,1503,swtbl_api,-15.220976829528809,hit_wordnet
4761,1504,ntbl_api,866,program,-15.985076904296875,hit_wordnet
4762,1504,ntbl_api,1060,software,-16.18769645690918,hit_wordnet
4763,1505,lstbl_nid,11,individual,-12.620914459228516,hit_wordnet
4764,1505,lstbl_nid,781,group,-12.658616065979004,hit_wordnet
4765,1505,lstbl_nid,517,entity,-12.730283737182617,hit_wordnet
4766,1505,lstbl_nid,1871,letter,-13.669168472290039,hit_wordnet
4767,1505,lstbl_nid,521,man,-14.49256706237793,hit_wordnet
4768,1506,swtbl_poe,11,individual,-11.789989471435547,hit_wordnet
4769,1506,swtbl_poe,517,entity,-13.572277069091797,hit_wordnet
4770,1506,swtbl_poe,781,group,-13.58471965789795,hit_wordnet
4771,1506,swtbl_poe,521,man,-13.929567337036133,hit_wordnet
4772,1506,swtbl_poe,1637,official,-14.583441734313965,hit_wordnet
4773,1507,lsfrestart,517,entity,-13.463966369628906,hit_wordnet
4774,1507,lsfrestart,781,group,-13.829489707946777,hit_wordnet
4775,1507,lsfrestart,683,process,-14.947101593017578,hit_wordnet
4776,1507,lsfrestart,2052,whole,-15.928479194641113,hit_wordnet
4777,1507,lsfrestart,718,solution,-16.298404693603516,hit_wordnet
4778,1508,main,781,group,-9.961262702941895,hit_wordnet
4779,1508,main,517,entity,-10.483137130737305,hit_wordnet
4780,1508,main,2052,whole,-11.222996711730957,hit_wordnet
4781,1508,main,141,machine,-11.746846199035645,hit_wordnet
4782,1508,main,484,unit,-11.91213321685791,hit_wordnet
4783,1511,interactive job,3,job,-10.120745658874512,hit_wordnet
4784,1511,interactive job,13,task,-11.907275199890137,hit_wordnet
4785,1511,interactive job,1268,unique job,-12.012064933776855,hit_wordnet
4786,1511,interactive job,1436,working,-12.175613403320312,hit_wordnet
4787,1511,interactive job,1359,easy job,-12.305937767028809,hit_wordnet
4788,1514,software application,517,entity,-10.645601272583008,hit_wordnet
4789,1514,software application,390,work,-12.21420955657959,hit_wordnet
4790,1514,software application,137,communication,-12.300061225891113,hit_wordnet
4791,1514,software application,223,system,-12.311097145080566,hit_wordnet
4792,1514,software application,781,group,-12.47122859954834,hit_wordnet
4793,1516,optimal,517,entity,-12.997833251953125,hit_wordnet
4794,1516,optimal,484,unit,-13.305581092834473,hit_wordnet
4795,1516,optimal,11,individual,-13.341836929321289,hit_wordnet
4796,1516,optimal,108,number,-13.792144775390625,hit_wordnet
4797,1516,optimal,781,group,-14.303553581237793,hit_wordnet
4798,1519,lsf.shared,1858,same lsf.shared,-8.252285957336426,hit_wordnet
4799,1519,lsf.shared,517,entity,-12.03611946105957,hit_wordnet
4800,1519,lsf.shared,781,group,-12.524567604064941,hit_wordnet
4801,1519,lsf.shared,484,unit,-12.568598747253418,hit_wordnet
4802,1519,lsf.shared,11,individual,-15.058895111083984,hit_wordnet
4803,1520,external load,1123,current load,-9.163042068481445,hit_wordnet
4804,1520,external load,12,load,-12.597110748291016,hit_wordnet
4805,1520,external load,517,entity,-15.237451553344727,hit_wordnet
4806,1520,external load,683,process,-15.245023727416992,hit_wordnet
4807,1520,external load,490,amount,-15.450098991394043,hit_wordnet
4808,1522,index,108,number,-7.614892959594727,hit_wordnet
4809,1522,index,484,unit,-8.310687065124512,hit_wordnet
4810,1522,index,1553,count,-8.512530326843262,hit_wordnet
4811,1522,index,517,entity,-9.420770645141602,hit_wordnet
4812,1522,index,2052,whole,-10.2465181350708,hit_wordnet
4813,1524,cluser1/10.1.,517,entity,-12.773061752319336,hit_wordnet
4814,1524,cluser1/10.1.,781,group,-13.147488594055176,hit_wordnet
4815,1524,cluser1/10.1.,11,individual,-15.146503448486328,hit_wordnet
4816,1524,cluser1/10.1.,1871,letter,-15.623886108398438,hit_wordnet
4817,1524,cluser1/10.1.,484,unit,-16.099590301513672,hit_wordnet
4818,1525,misc,517,entity,-9.47028923034668,hit_wordnet
4819,1525,misc,781,group,-9.826020240783691,hit_wordnet
4820,1525,misc,2052,whole,-12.8678617477417,hit_wordnet
4821,1525,misc,11,individual,-13.11776351928711,hit_wordnet
4822,1525,misc,839,object,-13.944632530212402,hit_wordnet
4823,1526,example,721,concept,-6.692931175231934,hit_wordnet
4824,1526,example,613,explanation,-6.873610496520996,hit_wordnet
4825,1526,example,8,information,-7.181107521057129,hit_wordnet
4826,1526,example,517,entity,-7.589408874511719,hit_wordnet
4827,1526,example,1704,topic,-7.805031776428223,hit_wordnet
4828,1527,resourcename,1866,resource name,-5.964659690856934,hit_wordnet
4829,1527,resourcename,517,entity,-11.700546264648438,hit_wordnet
4830,1527,resourcename,781,group,-13.881314277648926,hit_wordnet
4831,1527,resourcename,208,arbitrary text,-14.855756759643555,hit_wordnet
4832,1527,resourcename,8,information,-14.872366905212402,hit_wordnet
4833,1528,release,622,change,-10.246068954467773,hit_wordnet
4834,1528,release,881,decrease,-10.923481941223145,hit_wordnet
4835,1528,release,517,entity,-10.927104949951172,hit_wordnet
4836,1528,release,170,action,-11.064350128173828,hit_wordnet
4837,1528,release,683,process,-11.095102310180664,hit_wordnet
4838,1529,license1,1532,license2,-7.291127681732178,hit_wordnet
4839,1529,license1,517,entity,-11.499715805053711,hit_wordnet
4840,1529,license1,781,group,-12.35628604888916,hit_wordnet
4841,1529,license1,1228,license,-13.62856674194336,hit_wordnet
4842,1529,license1,1569,license.dat -f,-13.681037902832031,hit_wordnet
4843,1530,n,1871,letter,-10.99382209777832,hit_wordnet
4844,1530,n,517,entity,-11.055065155029297,hit_wordnet
4845,1530,n,781,group,-11.457579612731934,hit_wordnet
4846,1530,n,1873,digit,-12.315486907958984,hit_wordnet
4847,1530,n,484,unit,-13.05173397064209,hit_wordnet
4848,1532,license2,517,entity,-11.618043899536133,hit_wordnet
4849,1532,license2,781,group,-12.407849311828613,hit_wordnet
4850,1532,license2,1228,license,-14.341888427734375,hit_wordnet
4851,1532,license2,1569,license.dat -f,-14.426497459411621,hit_wordnet
4852,1532,license2,484,unit,-14.951409339904785,hit_wordnet
4853,1536,numeric,1873,digit,-11.25379467010498,hit_wordnet
4854,1536,numeric,517,entity,-11.603687286376953,hit_wordnet
4855,1536,numeric,108,number,-12.142967224121094,hit_wordnet
4856,1536,numeric,208,arbitrary text,-12.269083023071289,hit_wordnet
4857,1536,numeric,6,simple text,-12.302326202392578,hit_wordnet
4858,1539,increasing,881,decrease,-8.273425102233887,hit_wordnet
4859,1539,increasing,2113,difference,-8.996700286865234,hit_wordnet
4860,1539,increasing,622,change,-9.729909896850586,hit_wordnet
4861,1539,increasing,490,amount,-9.907109260559082,hit_wordnet
4862,1539,increasing,1004,attribute,-10.233262062072754,hit_wordnet
4863,1543,resourcemap,517,entity,-13.030141830444336,hit_wordnet
4864,1543,resourcemap,7,database,-13.274908065795898,hit_wordnet
4865,1543,resourcemap,781,group,-13.980040550231934,hit_wordnet
4866,1543,resourcemap,1060,software,-14.202796936035156,hit_wordnet
4867,1543,resourcemap,1514,software application,-14.341976165771484,hit_wordnet
4868,1544,mapping,212,creation,-9.360709190368652,hit_wordnet
4869,1544,mapping,721,concept,-9.366680145263672,hit_wordnet
4870,1544,mapping,137,communication,-9.837394714355469,hit_wordnet
4871,1544,mapping,2169,method,-10.007779121398926,hit_wordnet
4872,1544,mapping,836,calculation,-10.027745246887207,hit_wordnet
4873,1553,count,108,number,-6.110065937042236,hit_wordnet
4874,1553,count,517,entity,-8.222587585449219,hit_wordnet
4875,1553,count,484,unit,-8.984484672546387,hit_wordnet
4876,1553,count,2052,whole,-9.767889976501465,hit_wordnet
4877,1553,count,781,group,-10.247922897338867,hit_wordnet
4878,1556,number_indexe,517,entity,-12.055679321289062,hit_wordnet
4879,1556,number_indexe,781,group,-12.777327537536621,hit_wordnet
4880,1556,number_indexe,108,number,-13.310199737548828,hit_wordnet
4881,1556,number_indexe,1873,digit,-13.770193099975586,hit_wordnet
4882,1556,number_indexe,484,unit,-14.085099220275879,hit_wordnet
4883,1557,index_name,517,entity,-11.001287460327148,hit_wordnet
4884,1557,index_name,781,group,-12.623473167419434,hit_wordnet
4885,1557,index_name,60,datum,-13.744874954223633,hit_wordnet
4886,1557,index_name,208,arbitrary text,-14.27918815612793,hit_wordnet
4887,1557,index_name,6,simple text,-14.466028213500977,hit_wordnet
4888,1558,first external load,1560,second external load,-7.917985439300537,hit_wordnet
4889,1558,first external load,883,specific load,-11.413131713867188,hit_wordnet
4890,1558,first external load,1520,external load,-12.415854454040527,hit_wordnet
4891,1558,first external load,1561,second load,-13.255878448486328,hit_wordnet
4892,1558,first external load,879,loadstop load,-13.466837882995605,hit_wordnet
4893,1559,first load,1561,second load,-10.696661949157715,hit_wordnet
4894,1559,first load,390,work,-12.760232925415039,hit_wordnet
4895,1559,first load,517,entity,-13.105901718139648,hit_wordnet
4896,1559,first load,781,group,-13.38232135772705,hit_wordnet
4897,1559,first load,664,sum,-13.513772964477539,hit_wordnet
4898,1560,second external load,1520,external load,-9.756155014038086,hit_wordnet
4899,1560,second external load,883,specific load,-10.936217308044434,hit_wordnet
4900,1560,second external load,879,loadstop load,-11.742444038391113,hit_wordnet
4901,1560,second external load,1248,current system load,-12.697861671447754,hit_wordnet
4902,1560,second external load,884,host load,-13.377198219299316,hit_wordnet
4903,1561,second load,390,work,-13.028205871582031,hit_wordnet
4904,1561,second load,517,entity,-13.498922348022461,hit_wordnet
4905,1561,second load,781,group,-13.90507984161377,hit_wordnet
4906,1561,second load,1560,second external load,-14.290975570678711,hit_wordnet
4907,1561,second load,1176,mark load,-14.35280704498291,hit_wordnet
4908,1565,quantifiable,1642,fact,-11.18304443359375,hit_wordnet
4909,1565,quantifiable,517,entity,-12.06943130493164,hit_wordnet
4910,1565,quantifiable,8,information,-13.09772777557373,hit_wordnet
4911,1565,quantifiable,721,concept,-13.752867698669434,hit_wordnet
4912,1565,quantifiable,613,explanation,-13.787135124206543,hit_wordnet
4913,1566,following example elim,517,entity,-10.981620788574219,hit_wordnet
4914,1566,following example elim,721,concept,-11.621455192565918,hit_wordnet
4915,1566,following example elim,613,explanation,-12.119366645812988,hit_wordnet
4916,1566,following example elim,208,arbitrary text,-12.229520797729492,hit_wordnet
4917,1566,following example elim,639,reason,-12.418340682983398,hit_wordnet
4918,1567,flexlm license,1228,license,-12.09448528289795,hit_wordnet
4919,1567,flexlm license,781,group,-14.25937557220459,hit_wordnet
4920,1567,flexlm license,517,entity,-14.897499084472656,hit_wordnet
4921,1567,flexlm license,422,permission,-17.26898193359375,hit_wordnet
4922,1567,flexlm license,484,unit,-17.339656829833984,hit_wordnet
4923,1568,lic,781,group,-9.284829139709473,hit_wordnet
4924,1568,lic,517,entity,-10.832633972167969,hit_wordnet
4925,1568,lic,11,individual,-11.78740119934082,hit_wordnet
4926,1568,lic,402,lib,-12.113381385803223,hit_wordnet
4927,1568,lic,525,party,-12.418072700500488,hit_wordnet
4928,1569,license.dat -f,517,entity,-12.932235717773438,hit_wordnet
4929,1569,license.dat -f,781,group,-14.214810371398926,hit_wordnet
4930,1569,license.dat -f,1228,license,-15.085290908813477,hit_wordnet
4931,1569,license.dat -f,8,information,-15.43104076385498,hit_wordnet
4932,1569,license.dat -f,484,unit,-16.282264709472656,hit_wordnet
4933,1570,tmplic,781,group,-11.302752494812012,hit_wordnet
4934,1570,tmplic,517,entity,-11.740337371826172,hit_wordnet
4935,1570,tmplic,11,individual,-13.148353576660156,hit_wordnet
4936,1570,tmplic,1871,letter,-13.379446029663086,hit_wordnet
4937,1570,tmplic,6,simple text,-13.533500671386719,hit_wordnet
4938,1571,numlic,781,group,-9.32437801361084,hit_wordnet
4939,1571,numlic,517,entity,-10.314878463745117,hit_wordnet
4940,1571,numlic,1871,letter,-11.024206161499023,hit_wordnet
4941,1571,numlic,6,simple text,-12.508480072021484,hit_wordnet
4942,1571,numlic,208,arbitrary text,-12.92182731628418,hit_wordnet
4943,1572,license feature,517,entity,-13.285314559936523,hit_wordnet
4944,1572,license feature,1228,license,-14.294464111328125,hit_wordnet
4945,1572,license feature,8,information,-14.368199348449707,hit_wordnet
4946,1572,license feature,472,plan,-14.476940155029297,hit_wordnet
4947,1572,license feature,137,communication,-14.477112770080566,hit_wordnet
4948,1576,flexlm command,293,command,-11.067766189575195,hit_wordnet
4949,1576,flexlm command,517,entity,-12.705438613891602,hit_wordnet
4950,1576,flexlm command,781,group,-12.730393409729004,hit_wordnet
4951,1576,flexlm command,1621,lsload command,-12.992423057556152,hit_wordnet
4952,1576,flexlm command,111,message,-13.804276466369629,hit_wordnet
4953,1579,swp mem license1,781,group,-12.336033821105957,hit_wordnet
4954,1579,swp mem license1,517,entity,-12.481603622436523,hit_wordnet
4955,1579,swp mem license1,484,unit,-14.950947761535645,hit_wordnet
4956,1579,swp mem license1,11,individual,-15.385408401489258,hit_wordnet
4957,1579,swp mem license1,1871,letter,-16.23851203918457,hit_wordnet
4958,1580,submit,769,reply,-11.138450622558594,hit_wordnet
4959,1580,submit,517,entity,-11.416122436523438,hit_wordnet
4960,1580,submit,1816,request,-11.498968124389648,hit_wordnet
4961,1580,submit,1139,disclosure,-11.867146492004395,hit_wordnet
4962,1580,submit,947,submission,-12.108420372009277,hit_wordnet
4963,1581,myjob,517,entity,-9.889999389648438,hit_wordnet
4964,1581,myjob,781,group,-11.6453275680542,hit_wordnet
4965,1581,myjob,11,individual,-12.625423431396484,hit_wordnet
4966,1581,myjob,839,object,-13.067625999450684,hit_wordnet
4967,1581,myjob,683,process,-14.03951644897461,hit_wordnet
4968,1584,flexlm,781,group,-11.75577449798584,hit_wordnet
4969,1584,flexlm,517,entity,-13.01131820678711,hit_wordnet
4970,1584,flexlm,513,tool,-13.446623802185059,hit_wordnet
4971,1584,flexlm,683,process,-13.840803146362305,hit_wordnet
4972,1584,flexlm,11,individual,-14.63946533203125,hit_wordnet
4973,1585,resource requirement,530,utility,-14.11587905883789,hit_wordnet
4974,1585,resource requirement,10,resource,-15.59235954284668,hit_wordnet
4975,1585,resource requirement,517,entity,-16.300586700439453,hit_wordnet
4976,1585,resource requirement,490,amount,-16.324859619140625,hit_wordnet
4977,1585,resource requirement,523,ability,-16.363460540771484,hit_wordnet
4978,1589,administering ibm ® spectrum,517,entity,-13.013191223144531,hit_wordnet
4979,1589,administering ibm ® spectrum,223,system,-13.428656578063965,hit_wordnet
4980,1589,administering ibm ® spectrum,1060,software,-13.70041275024414,hit_wordnet
4981,1589,administering ibm ® spectrum,781,group,-14.012885093688965,hit_wordnet
4982,1589,administering ibm ® spectrum,866,program,-14.969039916992188,hit_wordnet
4983,1591,incorrect,517,entity,-8.600811004638672,hit_wordnet
4984,1591,incorrect,11,individual,-10.765304565429688,hit_wordnet
4985,1591,incorrect,781,group,-10.901961326599121,hit_wordnet
4986,1591,incorrect,1680,character,-11.919355392456055,hit_wordnet
4987,1591,incorrect,1498,relative,-12.280221939086914,hit_wordnet
4988,1593,error log,394,logfile,-14.097402572631836,hit_wordnet
4989,1593,error log,517,entity,-14.119775772094727,hit_wordnet
4990,1593,error log,18,report,-14.827259063720703,hit_wordnet
4991,1593,error log,53,log,-15.049860000610352,hit_wordnet
4992,1593,error log,781,group,-15.89454174041748,hit_wordnet
4993,1598,lim.log.host_name,1599,res.log.host_name,-7.1116509437561035,hit_wordnet
4994,1598,lim.log.host_name,517,entity,-11.221685409545898,hit_wordnet
4995,1598,lim.log.host_name,781,group,-12.822422981262207,hit_wordnet
4996,1598,lim.log.host_name,7,database,-14.780195236206055,hit_wordnet
4997,1598,lim.log.host_name,11,individual,-14.798931121826172,hit_wordnet
4998,1599,res.log.host_name,517,entity,-11.115840911865234,hit_wordnet
4999,1599,res.log.host_name,781,group,-13.189314842224121,hit_wordnet
5000,1599,res.log.host_name,11,individual,-14.811906814575195,hit_wordnet
5001,1599,res.log.host_name,60,datum,-14.916971206665039,hit_wordnet
5002,1599,res.log.host_name,7,database,-15.068403244018555,hit_wordnet
5003,1600,pim.log.host_name,1598,lim.log.host_name,-8.567707061767578,hit_wordnet
5004,1600,pim.log.host_name,1599,res.log.host_name,-9.555850982666016,hit_wordnet
5005,1600,pim.log.host_name,517,entity,-11.810150146484375,hit_wordnet
5006,1600,pim.log.host_name,781,group,-13.489684104919434,hit_wordnet
5007,1600,pim.log.host_name,7,database,-14.72052001953125,hit_wordnet
5008,1601,most lsf,708,important lsf,-10.410133361816406,hit_wordnet
5009,1601,most lsf,484,unit,-12.173048973083496,hit_wordnet
5010,1601,most lsf,781,group,-12.779356956481934,hit_wordnet
5011,1601,most lsf,517,entity,-12.79092788696289,hit_wordnet
5012,1601,most lsf,706,lsf,-13.04729175567627,hit_wordnet
5013,1602,general troubleshooting,1605,troubleshooting,-5.450252532958984,hit_wordnet
5014,1602,general troubleshooting,772,procedure,-12.162611961364746,hit_wordnet
5015,1602,general troubleshooting,517,entity,-12.694162368774414,hit_wordnet
5016,1602,general troubleshooting,683,process,-12.901580810546875,hit_wordnet
5017,1602,general troubleshooting,2169,method,-13.553079605102539,hit_wordnet
5018,1603,lsadmin ckconfig -v,1131,lsadmin ckconfig,-7.1589789390563965,hit_wordnet
5019,1603,lsadmin ckconfig -v,517,entity,-12.932388305664062,hit_wordnet
5020,1603,lsadmin ckconfig -v,781,group,-12.980656623840332,hit_wordnet
5021,1603,lsadmin ckconfig -v,683,process,-13.921539306640625,hit_wordnet
5022,1603,lsadmin ckconfig -v,1871,letter,-15.083492279052734,hit_wordnet
5023,1605,troubleshooting,517,entity,-11.106201171875,hit_wordnet
5024,1605,troubleshooting,683,process,-11.131072044372559,hit_wordnet
5025,1605,troubleshooting,772,procedure,-11.649378776550293,hit_wordnet
5026,1605,troubleshooting,137,communication,-12.339731216430664,hit_wordnet
5027,1605,troubleshooting,13,task,-12.544942855834961,hit_wordnet
5028,1606,situation,517,entity,-6.812129020690918,hit_wordnet
5029,1606,situation,2052,whole,-6.858503341674805,hit_wordnet
5030,1606,situation,104,state,-8.177154541015625,hit_wordnet
5031,1606,situation,839,object,-8.189982414245605,hit_wordnet
5032,1606,situation,683,process,-8.418990135192871,hit_wordnet
5033,1607,bctrld restart,683,process,-12.581781387329102,hit_wordnet
5034,1607,bctrld restart,1423,restart,-13.237554550170898,hit_wordnet
5035,1607,bctrld restart,781,group,-13.283276557922363,hit_wordnet
5036,1607,bctrld restart,517,entity,-13.436637878417969,hit_wordnet
5037,1607,bctrld restart,2052,whole,-14.723902702331543,hit_wordnet
5038,1609,ps -ef,1871,letter,-11.151174545288086,hit_wordnet
5039,1609,ps -ef,517,entity,-11.570812225341797,hit_wordnet
5040,1609,ps -ef,1873,digit,-12.242938995361328,hit_wordnet
5041,1609,ps -ef,781,group,-12.453232765197754,hit_wordnet
5042,1609,ps -ef,6,simple text,-12.781789779663086,hit_wordnet
5043,1610,first few,517,entity,-11.001382827758789,hit_wordnet
5044,1610,first few,781,group,-11.206727027893066,hit_wordnet
5045,1610,first few,2052,whole,-11.32762622833252,hit_wordnet
5046,1610,first few,664,sum,-12.746177673339844,hit_wordnet
5047,1610,first few,484,unit,-12.839043617248535,hit_wordnet
5048,1611,lsf_master_list,517,entity,-12.163209915161133,hit_wordnet
5049,1611,lsf_master_list,781,group,-13.28321361541748,hit_wordnet
5050,1611,lsf_master_list,11,individual,-14.64935302734375,hit_wordnet
5051,1611,lsf_master_list,7,database,-15.299581527709961,hit_wordnet
5052,1611,lsf_master_list,1498,relative,-16.244510650634766,hit_wordnet
5053,1613,symbolic,517,entity,-6.644869804382324,hit_wordnet
5054,1613,symbolic,111,message,-8.532500267028809,hit_wordnet
5055,1613,symbolic,27,text,-8.976633071899414,hit_wordnet
5056,1613,symbolic,781,group,-9.07494068145752,hit_wordnet
5057,1613,symbolic,6,simple text,-9.610511779785156,hit_wordnet
5058,1614,csrhc.lsf,1057,cshrc.lsf,-10.037615776062012,hit_wordnet
5059,1614,csrhc.lsf,978,lsf_envdir,-13.3514986038208,hit_wordnet
5060,1614,csrhc.lsf,1986,lsf_envdir_new,-13.390104293823242,hit_wordnet
5061,1614,csrhc.lsf,908,lsf_,-13.8811674118042,hit_wordnet
5062,1614,csrhc.lsf,1835,read lsf,-13.95036792755127,hit_wordnet
5063,1618,most configuration,730,several configuration,-7.197226524353027,hit_wordnet
5064,1618,most configuration,73,configuration,-7.854331016540527,hit_wordnet
5065,1618,most configuration,1883,same configuration,-8.336262702941895,hit_wordnet
5066,1618,most configuration,1369,other configuration,-8.84274673461914,hit_wordnet
5067,1618,most configuration,2152,linear configuration,-9.711721420288086,hit_wordnet
5068,1621,lsload command,293,command,-10.748374938964844,hit_wordnet
5069,1621,lsload command,781,group,-13.694466590881348,hit_wordnet
5070,1621,lsload command,517,entity,-13.784154891967773,hit_wordnet
5071,1621,lsload command,1425,lsadmin reconfig command,-15.464218139648438,hit_wordnet
5072,1621,lsload command,1110,example command,-16.37970733642578,hit_wordnet
5073,1627,lsf_server_host,517,entity,-12.551025390625,hit_wordnet
5074,1627,lsf_server_host,781,group,-12.75015926361084,hit_wordnet
5075,1627,lsf_server_host,11,individual,-14.036537170410156,hit_wordnet
5076,1627,lsf_server_host,1637,official,-15.234055519104004,hit_wordnet
5077,1627,lsf_server_host,1147,ego_disable_unresolvable_host,-15.843160629272461,hit_wordnet
5078,1632,management host,80,host,-11.542508125305176,hit_wordnet
5079,1632,management host,1937,server host,-11.7532320022583,hit_wordnet
5080,1632,management host,517,entity,-11.88614273071289,hit_wordnet
5081,1632,management host,11,individual,-12.258642196655273,hit_wordnet
5082,1632,management host,1262,appropriate host,-12.286765098571777,hit_wordnet
5083,1633,lshost,11,individual,-10.35411262512207,hit_wordnet
5084,1633,lshost,521,man,-11.01513671875,hit_wordnet
5085,1633,lshost,781,group,-12.231465339660645,hit_wordnet
5086,1633,lshost,1637,official,-12.47321605682373,hit_wordnet
5087,1633,lshost,517,entity,-12.847427368164062,hit_wordnet
5088,1635,loopback,517,entity,-11.09296989440918,hit_wordnet
5089,1635,loopback,781,group,-12.103596687316895,hit_wordnet
5090,1635,loopback,576,attempt,-12.252530097961426,hit_wordnet
5091,1635,loopback,1606,situation,-12.610488891601562,hit_wordnet
5092,1635,loopback,11,individual,-12.908935546875,hit_wordnet
5093,1637,official,11,individual,-3.9056782722473145,hit_wordnet
5094,1637,official,517,entity,-8.018586158752441,hit_wordnet
5095,1637,official,781,group,-8.402839660644531,hit_wordnet
5096,1637,official,484,unit,-11.101432800292969,hit_wordnet
5097,1637,official,2052,whole,-12.765914916992188,hit_wordnet
5098,1638,ip,517,entity,-7.53717041015625,hit_wordnet
5099,1638,ip,781,group,-7.813612937927246,hit_wordnet
5100,1638,ip,2052,whole,-9.845437049865723,hit_wordnet
5101,1638,ip,484,unit,-9.923893928527832,hit_wordnet
5102,1638,ip,552,organization,-10.536910057067871,hit_wordnet
5103,1641,management host lim,781,group,-11.879565238952637,hit_wordnet
5104,1641,management host lim,11,individual,-12.191884994506836,hit_wordnet
5105,1641,management host lim,517,entity,-12.270984649658203,hit_wordnet
5106,1641,management host lim,1637,official,-12.562064170837402,hit_wordnet
5107,1641,management host lim,749,member,-14.69234848022461,hit_wordnet
5108,1642,fact,721,concept,-8.081368446350098,hit_wordnet
5109,1642,fact,8,information,-8.538921356201172,hit_wordnet
5110,1642,fact,1376,content,-9.252193450927734,hit_wordnet
5111,1642,fact,517,entity,-9.29093074798584,hit_wordnet
5112,1642,fact,1004,attribute,-9.505648612976074,hit_wordnet
5113,1644,management host lim ip,781,group,-10.980589866638184,hit_wordnet
5114,1644,management host lim ip,517,entity,-11.249303817749023,hit_wordnet
5115,1644,management host lim ip,552,organization,-14.118744850158691,hit_wordnet
5116,1644,management host lim ip,11,individual,-14.272491455078125,hit_wordnet
5117,1644,management host lim ip,484,unit,-14.661971092224121,hit_wordnet
5118,1646,ipv6,781,group,-11.746485710144043,hit_wordnet
5119,1646,ipv6,517,entity,-11.922828674316406,hit_wordnet
5120,1646,ipv6,1653,ipv,-12.720343589782715,hit_wordnet
5121,1646,ipv6,484,unit,-13.555481910705566,hit_wordnet
5122,1646,ipv6,2052,whole,-14.425629615783691,hit_wordnet
5123,1649,fe00::0,517,entity,-12.721403121948242,hit_wordnet
5124,1649,fe00::0,1941,lsf_lim_api_ntrie,-13.745013236999512,hit_wordnet
5125,1649,fe00::0,781,group,-14.150046348571777,hit_wordnet
5126,1649,fe00::0,1871,letter,-15.235960006713867,hit_wordnet
5127,1649,fe00::0,824,intel_em64,-16.018089294433594,hit_wordnet
5128,1650,localnet,781,group,-8.56490421295166,hit_wordnet
5129,1650,localnet,517,entity,-9.851020812988281,hit_wordnet
5130,1650,localnet,552,organization,-10.919119834899902,hit_wordnet
5131,1650,localnet,185,network,-11.211849212646484,hit_wordnet
5132,1650,localnet,2052,whole,-11.827031135559082,hit_wordnet
5133,1651,ff00::0,1649,fe00::0,-11.108057975769043,hit_wordnet
5134,1651,ff00::0,517,entity,-12.411727905273438,hit_wordnet
5135,1651,ff00::0,1656,ff02::3,-14.080242156982422,hit_wordnet
5136,1651,ff00::0,781,group,-14.215601921081543,hit_wordnet
5137,1651,ff00::0,1871,letter,-14.800107955932617,hit_wordnet
5138,1652,mcastprefix,517,entity,-13.904693603515625,hit_wordnet
5139,1652,mcastprefix,781,group,-14.382405281066895,hit_wordnet
5140,1652,mcastprefix,683,process,-15.437318801879883,hit_wordnet
5141,1652,mcastprefix,11,individual,-17.25579833984375,hit_wordnet
5142,1652,mcastprefix,2052,whole,-17.617507934570312,hit_wordnet
5143,1653,ipv,517,entity,-11.29478645324707,hit_wordnet
5144,1653,ipv,781,group,-11.465399742126465,hit_wordnet
5145,1653,ipv,484,unit,-12.632311820983887,hit_wordnet
5146,1653,ipv,1638,ip,-13.276965141296387,hit_wordnet
5147,1653,ipv,2052,whole,-13.401915550231934,hit_wordnet
5148,1654,ff02::2,1656,ff02::3,-6.256826877593994,hit_wordnet
5149,1654,ff02::2,1651,ff00::0,-11.145325660705566,hit_wordnet
5150,1654,ff02::2,517,entity,-12.596746444702148,hit_wordnet
5151,1654,ff02::2,781,group,-14.020644187927246,hit_wordnet
5152,1654,ff02::2,1649,fe00::0,-14.32712173461914,hit_wordnet
5153,1655,allrouter,781,group,-9.792536735534668,hit_wordnet
5154,1655,allrouter,517,entity,-10.508785247802734,hit_wordnet
5155,1655,allrouter,11,individual,-11.168115615844727,hit_wordnet
5156,1655,allrouter,141,machine,-11.360074043273926,hit_wordnet
5157,1655,allrouter,513,tool,-12.008627891540527,hit_wordnet
5158,1656,ff02::3,517,entity,-12.40408706665039,hit_wordnet
5159,1656,ff02::3,781,group,-13.636797904968262,hit_wordnet
5160,1656,ff02::3,1871,letter,-14.624467849731445,hit_wordnet
5161,1656,ff02::3,1873,digit,-15.51801872253418,hit_wordnet
5162,1656,ff02::3,11,individual,-15.604375839233398,hit_wordnet
5163,1657,allhost,781,group,-9.378397941589355,hit_wordnet
5164,1657,allhost,517,entity,-10.241397857666016,hit_wordnet
5165,1657,allhost,2052,whole,-12.020960807800293,hit_wordnet
5166,1657,allhost,11,individual,-12.680553436279297,hit_wordnet
5167,1657,allhost,493,site,-13.517223358154297,hit_wordnet
5168,1661,detailed error,280,error,-12.199357986450195,hit_wordnet
5169,1661,detailed error,517,entity,-13.971471786499023,hit_wordnet
5170,1661,detailed error,1953,associated error message,-14.569591522216797,hit_wordnet
5171,1661,detailed error,18,report,-14.6990966796875,hit_wordnet
5172,1661,detailed error,1955,failure possible reason error message,-14.743329048156738,hit_wordnet
5173,1662,identification,8,information,-8.172161102294922,hit_wordnet
5174,1662,identification,517,entity,-9.499906539916992,hit_wordnet
5175,1662,identification,425,info,-9.773921012878418,hit_wordnet
5176,1662,identification,1139,disclosure,-11.028277397155762,hit_wordnet
5177,1662,identification,721,concept,-11.292317390441895,hit_wordnet
5178,1663,chmod,517,entity,-12.324987411499023,hit_wordnet
5179,1663,chmod,781,group,-12.7567720413208,hit_wordnet
5180,1663,chmod,484,unit,-15.137206077575684,hit_wordnet
5181,1663,chmod,11,individual,-15.200803756713867,hit_wordnet
5182,1663,chmod,2052,whole,-16.044097900390625,hit_wordnet
5183,1664,filename,1686,non-uniform file name,-7.67075777053833,hit_wordnet
5184,1664,filename,517,entity,-13.496931076049805,hit_wordnet
5185,1664,filename,208,arbitrary text,-14.601217269897461,hit_wordnet
5186,1664,filename,6,simple text,-14.881479263305664,hit_wordnet
5187,1664,filename,781,group,-15.276429176330566,hit_wordnet
5188,1665,application binary,1250,executable,-10.786819458007812,hit_wordnet
5189,1665,application binary,517,entity,-13.48185920715332,hit_wordnet
5190,1665,application binary,1060,software,-13.56580924987793,hit_wordnet
5191,1665,application binary,866,program,-13.652400970458984,hit_wordnet
5192,1665,application binary,1514,software application,-14.147787094116211,hit_wordnet
5193,1666,nosuid,517,entity,-9.926971435546875,hit_wordnet
5194,1666,nosuid,11,individual,-10.09573745727539,hit_wordnet
5195,1666,nosuid,781,group,-11.167061805725098,hit_wordnet
5196,1666,nosuid,79,daemon,-11.695322036743164,hit_wordnet
5197,1666,nosuid,1498,relative,-12.723989486694336,hit_wordnet
5198,1667,lsf_auth,517,entity,-13.067981719970703,hit_wordnet
5199,1667,lsf_auth,781,group,-13.880061149597168,hit_wordnet
5200,1667,lsf_auth,11,individual,-14.657516479492188,hit_wordnet
5201,1667,lsf_auth,484,unit,-15.373932838439941,hit_wordnet
5202,1667,lsf_auth,1637,official,-16.032073974609375,hit_wordnet
5203,1668,inetd,781,group,-11.596610069274902,hit_wordnet
5204,1668,inetd,517,entity,-12.817420959472656,hit_wordnet
5205,1668,inetd,513,tool,-13.702685356140137,hit_wordnet
5206,1668,inetd,1120,lsload,-14.607157707214355,hit_wordnet
5207,1668,inetd,11,individual,-14.611160278320312,hit_wordnet
5208,1669,inconsistent host,517,entity,-10.642765045166016,hit_wordnet
5209,1669,inconsistent host,1733,unknown host,-10.849553108215332,hit_wordnet
5210,1669,inconsistent host,781,group,-11.268040657043457,hit_wordnet
5211,1669,inconsistent host,1262,appropriate host,-13.01214599609375,hit_wordnet
5212,1669,inconsistent host,11,individual,-14.243427276611328,hit_wordnet
5213,1670,name,517,entity,-6.776370048522949,hit_wordnet
5214,1670,name,208,arbitrary text,-9.704583168029785,hit_wordnet
5215,1670,name,781,group,-9.757530212402344,hit_wordnet
5216,1670,name,6,simple text,-10.783278465270996,hit_wordnet
5217,1670,name,721,concept,-11.194511413574219,hit_wordnet
5218,1671,hosts.equiv,517,entity,-10.698287963867188,hit_wordnet
5219,1671,hosts.equiv,781,group,-11.315991401672363,hit_wordnet
5220,1671,hosts.equiv,11,individual,-13.681949615478516,hit_wordnet
5221,1671,hosts.equiv,484,unit,-14.891139030456543,hit_wordnet
5222,1671,hosts.equiv,1637,official,-15.469819068908691,hit_wordnet
5223,1672,lsf_use_hostequiv,517,entity,-11.340225219726562,hit_wordnet
5224,1672,lsf_use_hostequiv,781,group,-12.296380043029785,hit_wordnet
5225,1672,lsf_use_hostequiv,11,individual,-14.710762023925781,hit_wordnet
5226,1672,lsf_use_hostequiv,683,process,-15.489362716674805,hit_wordnet
5227,1672,lsf_use_hostequiv,2052,whole,-15.957320213317871,hit_wordnet
5228,1674,home/.rhost,781,group,-11.052302360534668,hit_wordnet
5229,1674,home/.rhost,517,entity,-11.680749893188477,hit_wordnet
5230,1674,home/.rhost,2052,whole,-13.281722068786621,hit_wordnet
5231,1674,home/.rhost,11,individual,-14.555137634277344,hit_wordnet
5232,1674,home/.rhost,216,partition,-14.61888313293457,hit_wordnet
5233,1675,destination,517,entity,-10.321622848510742,hit_wordnet
5234,1675,destination,781,group,-11.100321769714355,hit_wordnet
5235,1675,destination,13,task,-11.358292579650879,hit_wordnet
5236,1675,destination,674,event,-11.410845756530762,hit_wordnet
5237,1675,destination,472,plan,-11.611108779907227,hit_wordnet
5238,1679,lspasswd,781,group,-10.659607887268066,hit_wordnet
5239,1679,lspasswd,11,individual,-11.211429595947266,hit_wordnet
5240,1679,lspasswd,517,entity,-11.912843704223633,hit_wordnet
5241,1679,lspasswd,521,man,-12.663740158081055,hit_wordnet
5242,1679,lspasswd,1637,official,-13.833849906921387,hit_wordnet
5243,1680,character,517,entity,-6.051408767700195,hit_wordnet
5244,1680,character,781,group,-8.032526969909668,hit_wordnet
5245,1680,character,27,text,-8.61902904510498,hit_wordnet
5246,1680,character,11,individual,-8.70432186126709,hit_wordnet
5247,1680,character,6,simple text,-9.11313247680664,hit_wordnet
5248,1681,window password,517,entity,-13.200262069702148,hit_wordnet
5249,1681,window password,62,password,-13.829943656921387,hit_wordnet
5250,1681,window password,781,group,-14.658818244934082,hit_wordnet
5251,1681,window password,839,object,-15.891594886779785,hit_wordnet
5252,1681,window password,2052,whole,-16.158313751220703,hit_wordnet
5253,1682,file system,1060,software,-11.565031051635742,hit_wordnet
5254,1682,file system,120,computer,-12.028614044189453,hit_wordnet
5255,1682,file system,7,database,-12.341739654541016,hit_wordnet
5256,1682,file system,223,system,-12.70592212677002,hit_wordnet
5257,1682,file system,517,entity,-13.02658462524414,hit_wordnet
5258,1684,correct,517,entity,-9.207212448120117,hit_wordnet
5259,1684,correct,781,group,-10.652115821838379,hit_wordnet
5260,1684,correct,195,address,-10.702179908752441,hit_wordnet
5261,1684,correct,2052,whole,-11.597603797912598,hit_wordnet
5262,1684,correct,1704,topic,-11.89017391204834,hit_wordnet
5263,1686,non-uniform file name,517,entity,-14.072507858276367,hit_wordnet
5264,1686,non-uniform file name,208,arbitrary text,-15.189582824707031,hit_wordnet
5265,1686,non-uniform file name,781,group,-15.480999946594238,hit_wordnet
5266,1686,non-uniform file name,6,simple text,-15.642927169799805,hit_wordnet
5267,1686,non-uniform file name,27,text,-16.62801742553711,hit_wordnet
5268,1687,chdir,781,group,-10.965863227844238,hit_wordnet
5269,1687,chdir,517,entity,-12.071660995483398,hit_wordnet
5270,1687,chdir,2052,whole,-12.23993968963623,hit_wordnet
5271,1687,chdir,683,process,-13.268468856811523,hit_wordnet
5272,1687,chdir,513,tool,-13.275044441223145,hit_wordnet
5273,1690,current working,390,work,-11.291793823242188,hit_wordnet
5274,1690,current working,1436,working,-12.177231788635254,hit_wordnet
5275,1690,current working,530,utility,-13.510202407836914,hit_wordnet
5276,1690,current working,30,mechanism,-13.531829833984375,hit_wordnet
5277,1690,current working,517,entity,-13.921478271484375,hit_wordnet
5278,1691,current,517,entity,-9.166216850280762,hit_wordnet
5279,1691,current,2052,whole,-9.18791389465332,hit_wordnet
5280,1691,current,781,group,-9.625765800476074,hit_wordnet
5281,1691,current,683,process,-9.872100830078125,hit_wordnet
5282,1691,current,484,unit,-10.551136016845703,hit_wordnet
5283,1695,nis,517,entity,-13.75132942199707,hit_wordnet
5284,1695,nis,111,message,-14.11245059967041,hit_wordnet
5285,1695,nis,781,group,-14.847641944885254,hit_wordnet
5286,1695,nis,693,indication,-15.611013412475586,hit_wordnet
5287,1695,nis,1871,letter,-15.805194854736328,hit_wordnet
5288,1696,contact ibm,517,entity,-13.486936569213867,hit_wordnet
5289,1696,contact ibm,781,group,-14.702069282531738,hit_wordnet
5290,1696,contact ibm,552,organization,-15.596407890319824,hit_wordnet
5291,1696,contact ibm,1060,software,-15.686590194702148,hit_wordnet
5292,1696,contact ibm,1514,software application,-16.107389450073242,hit_wordnet
5293,1699,mbatchd daemon error,517,entity,-13.8792724609375,hit_wordnet
5294,1699,mbatchd daemon error,781,group,-14.893614768981934,hit_wordnet
5295,1699,mbatchd daemon error,1728,mbatchd daemon,-14.904899597167969,hit_wordnet
5296,1699,mbatchd daemon error,403,slurmdbd daemon,-15.046260833740234,hit_wordnet
5297,1699,mbatchd daemon error,683,process,-15.17361831665039,hit_wordnet
5298,1702,sbatchd daemon,517,entity,-12.285585403442383,hit_wordnet
5299,1702,sbatchd daemon,79,daemon,-12.734390258789062,hit_wordnet
5300,1702,sbatchd daemon,781,group,-13.04638957977295,hit_wordnet
5301,1702,sbatchd daemon,11,individual,-14.464532852172852,hit_wordnet
5302,1702,sbatchd daemon,683,process,-15.185358047485352,hit_wordnet
5303,1703,unknown service error message,517,entity,-13.933609008789062,hit_wordnet
5304,1703,unknown service error message,781,group,-15.145623207092285,hit_wordnet
5305,1703,unknown service error message,1953,associated error message,-15.736019134521484,hit_wordnet
5306,1703,unknown service error message,111,message,-17.13021469116211,hit_wordnet
5307,1703,unknown service error message,8,information,-17.190467834472656,hit_wordnet
5308,1704,topic,517,entity,-6.3464155197143555,hit_wordnet
5309,1704,topic,2052,whole,-7.319889068603516,hit_wordnet
5310,1704,topic,721,concept,-7.645506858825684,hit_wordnet
5311,1704,topic,1376,content,-7.918030738830566,hit_wordnet
5312,1704,topic,8,information,-8.326584815979004,hit_wordnet
5313,1705,fix lim,859,lim,-11.109956741333008,hit_wordnet
5314,1705,fix lim,517,entity,-12.714241027832031,hit_wordnet
5315,1705,fix lim,126,limit,-13.098207473754883,hit_wordnet
5316,1705,fix lim,781,group,-13.19855785369873,hit_wordnet
5317,1705,fix lim,484,unit,-13.627394676208496,hit_wordnet
5318,1707,orphaned job,3,job,-14.987213134765625,hit_wordnet
5319,1707,orphaned job,43,only basic job,-15.393001556396484,hit_wordnet
5320,1707,orphaned job,1282,find job,-15.996614456176758,hit_wordnet
5321,1707,orphaned job,1268,unique job,-16.062767028808594,hit_wordnet
5322,1707,orphaned job,517,entity,-16.177536010742188,hit_wordnet
5323,1709,new process,683,process,-7.709790229797363,hit_wordnet
5324,1709,new process,772,procedure,-8.473228454589844,hit_wordnet
5325,1709,new process,212,creation,-9.430877685546875,hit_wordnet
5326,1709,new process,2169,method,-9.58112621307373,hit_wordnet
5327,1709,new process,622,change,-10.151178359985352,hit_wordnet
5328,1710,child process,1709,new process,-9.141057968139648,hit_wordnet
5329,1710,child process,683,process,-10.51141357421875,hit_wordnet
5330,1710,child process,778,single process,-10.586281776428223,hit_wordnet
5331,1710,child process,772,procedure,-11.169890403747559,hit_wordnet
5332,1710,child process,780,own process,-11.552331924438477,hit_wordnet
5333,1713,swap limit,614,resource limit,-12.265913009643555,hit_wordnet
5334,1713,swap limit,517,entity,-14.220062255859375,hit_wordnet
5335,1713,swap limit,126,limit,-14.325077056884766,hit_wordnet
5336,1713,swap limit,781,group,-14.494782447814941,hit_wordnet
5337,1713,swap limit,484,unit,-14.629435539245605,hit_wordnet
5338,1714,linux cgroup,781,group,-9.150221824645996,hit_wordnet
5339,1714,linux cgroup,517,entity,-10.842290878295898,hit_wordnet
5340,1714,linux cgroup,552,organization,-11.367852210998535,hit_wordnet
5341,1714,linux cgroup,223,system,-12.79035472869873,hit_wordnet
5342,1714,linux cgroup,2106,cgroup.conf,-13.039044380187988,hit_wordnet
5343,1715,subsystem,517,entity,-8.801849365234375,hit_wordnet
5344,1715,subsystem,552,organization,-9.458157539367676,hit_wordnet
5345,1715,subsystem,781,group,-9.800789833068848,hit_wordnet
5346,1715,subsystem,721,concept,-10.523618698120117,hit_wordnet
5347,1715,subsystem,223,system,-10.948101043701172,hit_wordnet
5348,1717,root process,683,process,-6.609649658203125,hit_wordnet
5349,1717,root process,1709,new process,-9.465855598449707,hit_wordnet
5350,1717,root process,517,entity,-11.217266082763672,hit_wordnet
5351,1717,root process,781,group,-12.374993324279785,hit_wordnet
5352,1717,root process,772,procedure,-12.865259170532227,hit_wordnet
5353,1718,parent process,1709,new process,-10.56059741973877,hit_wordnet
5354,1718,parent process,683,process,-11.383407592773438,hit_wordnet
5355,1718,parent process,780,own process,-11.803634643554688,hit_wordnet
5356,1718,parent process,778,single process,-11.9740629196167,hit_wordnet
5357,1718,parent process,517,entity,-12.53386116027832,hit_wordnet
5358,1719,ppid,517,entity,-10.633783340454102,hit_wordnet
5359,1719,ppid,781,group,-10.891762733459473,hit_wordnet
5360,1719,ppid,11,individual,-12.709962844848633,hit_wordnet
5361,1719,ppid,1871,letter,-14.775854110717773,hit_wordnet
5362,1719,ppid,484,unit,-14.997252464294434,hit_wordnet
5363,1720,only reliable,11,individual,-10.688827514648438,hit_wordnet
5364,1720,only reliable,1637,official,-12.032454490661621,hit_wordnet
5365,1720,only reliable,37,user,-12.101165771484375,hit_wordnet
5366,1720,only reliable,517,entity,-12.840810775756836,hit_wordnet
5367,1720,only reliable,1225,owner,-13.627180099487305,hit_wordnet
5368,1724,unknown,517,entity,-9.205520629882812,hit_wordnet
5369,1724,unknown,8,information,-11.53293514251709,hit_wordnet
5370,1724,unknown,781,group,-11.844830513000488,hit_wordnet
5371,1724,unknown,425,info,-11.91462516784668,hit_wordnet
5372,1724,unknown,11,individual,-12.763050079345703,hit_wordnet
5373,1725,hostgroup,781,group,-8.670802116394043,hit_wordnet
5374,1725,hostgroup,517,entity,-10.03752326965332,hit_wordnet
5375,1725,hostgroup,552,organization,-10.89928913116455,hit_wordnet
5376,1725,hostgroup,223,system,-13.550202369689941,hit_wordnet
5377,1725,hostgroup,2052,whole,-13.591374397277832,hit_wordnet
5378,1726,hostpartition,683,process,-11.103788375854492,hit_wordnet
5379,1726,hostpartition,517,entity,-11.833639144897461,hit_wordnet
5380,1726,hostpartition,781,group,-12.974467277526855,hit_wordnet
5381,1726,hostpartition,212,creation,-14.049725532531738,hit_wordnet
5382,1726,hostpartition,992,operation,-14.329130172729492,hit_wordnet
5383,1728,mbatchd daemon,403,slurmdbd daemon,-11.008479118347168,hit_wordnet
5384,1728,mbatchd daemon,517,entity,-12.768795013427734,hit_wordnet
5385,1728,mbatchd daemon,781,group,-13.718310356140137,hit_wordnet
5386,1728,mbatchd daemon,1702,sbatchd daemon,-13.819963455200195,hit_wordnet
5387,1728,mbatchd daemon,683,process,-15.005487442016602,hit_wordnet
5388,1733,unknown host,517,entity,-10.600763320922852,hit_wordnet
5389,1733,unknown host,781,group,-11.02399730682373,hit_wordnet
5390,1733,unknown host,2052,whole,-14.066817283630371,hit_wordnet
5391,1733,unknown host,683,process,-14.450752258300781,hit_wordnet
5392,1733,unknown host,11,individual,-14.557794570922852,hit_wordnet
5393,1735,immediate,517,entity,-11.526140213012695,hit_wordnet
5394,1735,immediate,781,group,-12.059287071228027,hit_wordnet
5395,1735,immediate,111,message,-13.726763725280762,hit_wordnet
5396,1735,immediate,2052,whole,-13.82871150970459,hit_wordnet
5397,1735,immediate,6,simple text,-14.009140014648438,hit_wordnet
5398,1737,hosta unknown,517,entity,-11.16265869140625,hit_wordnet
5399,1737,hosta unknown,781,group,-12.1764554977417,hit_wordnet
5400,1737,hosta unknown,1315,hosta hostb,-12.634127616882324,hit_wordnet
5401,1737,hosta unknown,1163,hosta,-13.602919578552246,hit_wordnet
5402,1737,hosta unknown,11,individual,-15.276008605957031,hit_wordnet
5403,1742,ego.sudoer,11,individual,-10.845970153808594,hit_wordnet
5404,1742,ego.sudoer,517,entity,-10.997049331665039,hit_wordnet
5405,1742,ego.sudoer,781,group,-12.677992820739746,hit_wordnet
5406,1742,ego.sudoer,37,user,-12.702627182006836,hit_wordnet
5407,1742,ego.sudoer,1498,relative,-12.94471549987793,hit_wordnet
5408,1743,rsh,486,month,-13.44576644897461,hit_wordnet
5409,1743,rsh,1083,csh,-13.939966201782227,hit_wordnet
5410,1743,rsh,517,entity,-14.125101089477539,hit_wordnet
5411,1743,rsh,781,group,-14.216286659240723,hit_wordnet
5412,1743,rsh,19,particular time,-14.940958023071289,hit_wordnet
5413,1745,automatic,781,group,-12.204833030700684,hit_wordnet
5414,1745,automatic,517,entity,-12.690717697143555,hit_wordnet
5415,1745,automatic,141,machine,-13.86806583404541,hit_wordnet
5416,1745,automatic,30,mechanism,-14.241146087646484,hit_wordnet
5417,1745,automatic,11,individual,-14.277921676635742,hit_wordnet
5418,1746,incorrect cpu,2137,physical cpu,-13.943916320800781,hit_wordnet
5419,1746,incorrect cpu,517,entity,-14.04475212097168,hit_wordnet
5420,1746,incorrect cpu,650,cpu,-14.66576862335205,hit_wordnet
5421,1746,incorrect cpu,781,group,-15.421586036682129,hit_wordnet
5422,1746,incorrect cpu,120,computer,-16.01617431640625,hit_wordnet
5423,1752,hosta default,517,entity,-9.78299331665039,hit_wordnet
5424,1752,hosta default,781,group,-10.89589786529541,hit_wordnet
5425,1752,hosta default,683,process,-12.433082580566406,hit_wordnet
5426,1752,hosta default,2052,whole,-12.484513282775879,hit_wordnet
5427,1752,hosta default,104,state,-13.930968284606934,hit_wordnet
5428,1753,automatic host,517,entity,-11.362537384033203,hit_wordnet
5429,1753,automatic host,781,group,-12.116494178771973,hit_wordnet
5430,1753,automatic host,1313,remote host,-13.378936767578125,hit_wordnet
5431,1753,automatic host,11,individual,-13.667041778564453,hit_wordnet
5432,1753,automatic host,1937,server host,-13.702289581298828,hit_wordnet
5433,1755,efficient,530,utility,-12.392875671386719,hit_wordnet
5434,1755,efficient,390,work,-12.525493621826172,hit_wordnet
5435,1755,efficient,517,entity,-13.176555633544922,hit_wordnet
5436,1755,efficient,781,group,-13.54195499420166,hit_wordnet
5437,1755,efficient,381,enterprise,-14.065073013305664,hit_wordnet
5438,1756,aix,781,group,-13.503067970275879,hit_wordnet
5439,1756,aix,517,entity,-14.552734375,hit_wordnet
5440,1756,aix,2052,whole,-16.354549407958984,hit_wordnet
5441,1756,aix,11,individual,-16.62236213684082,hit_wordnet
5442,1756,aix,683,process,-17.239999771118164,hit_wordnet
5443,1759,ntx,108,number,-12.885446548461914,hit_wordnet
5444,1759,ntx,517,entity,-13.241811752319336,hit_wordnet
5445,1759,ntx,781,group,-14.313572883605957,hit_wordnet
5446,1759,ntx,484,unit,-14.512124061584473,hit_wordnet
5447,1759,ntx,1873,digit,-15.099687576293945,hit_wordnet
5448,1761,total numa,517,entity,-10.789754867553711,hit_wordnet
5449,1761,total numa,781,group,-11.392634391784668,hit_wordnet
5450,1761,total numa,60,datum,-12.699480056762695,hit_wordnet
5451,1761,total numa,2052,whole,-13.021590232849121,hit_wordnet
5452,1761,total numa,1871,letter,-13.382448196411133,hit_wordnet
5453,1765,matched,517,entity,-10.615056991577148,hit_wordnet
5454,1765,matched,781,group,-10.67699146270752,hit_wordnet
5455,1765,matched,11,individual,-12.034618377685547,hit_wordnet
5456,1765,matched,525,party,-13.004914283752441,hit_wordnet
5457,1765,matched,452,transaction,-13.38853931427002,hit_wordnet
5458,1766,architecture,552,organization,-10.501531600952148,hit_wordnet
5459,1766,architecture,517,entity,-11.059986114501953,hit_wordnet
5460,1766,architecture,223,system,-11.280010223388672,hit_wordnet
5461,1766,architecture,721,concept,-11.635411262512207,hit_wordnet
5462,1766,architecture,781,group,-11.645916938781738,hit_wordnet
5463,1768,hosttype,517,entity,-11.808982849121094,hit_wordnet
5464,1768,hosttype,781,group,-12.651209831237793,hit_wordnet
5465,1768,hosttype,204,type,-13.507299423217773,hit_wordnet
5466,1768,hosttype,849,kind,-13.82844352722168,hit_wordnet
5467,1768,hosttype,683,process,-15.471834182739258,hit_wordnet
5468,1770,host type,1768,hosttype,-8.516291618347168,hit_wordnet
5469,1770,host type,517,entity,-11.452377319335938,hit_wordnet
5470,1770,host type,781,group,-11.781617164611816,hit_wordnet
5471,1770,host type,204,type,-12.996843338012695,hit_wordnet
5472,1770,host type,849,kind,-13.961872100830078,hit_wordnet
5473,1771,typename,208,arbitrary text,-10.778848648071289,hit_wordnet
5474,1771,typename,6,simple text,-12.148418426513672,hit_wordnet
5475,1771,typename,517,entity,-12.445114135742188,hit_wordnet
5476,1771,typename,1780,modelname,-13.313383102416992,hit_wordnet
5477,1771,typename,27,text,-13.40087890625,hit_wordnet
5478,1772,crayj,513,tool,-12.986006736755371,hit_wordnet
5479,1772,crayj,781,group,-13.838824272155762,hit_wordnet
5480,1772,crayj,517,entity,-14.938831329345703,hit_wordnet
5481,1772,crayj,141,machine,-16.214874267578125,hit_wordnet
5482,1772,crayj,11,individual,-16.290302276611328,hit_wordnet
5483,1774,hostmodel,517,entity,-10.75339126586914,hit_wordnet
5484,1774,hostmodel,11,individual,-10.895315170288086,hit_wordnet
5485,1774,hostmodel,781,group,-12.514565467834473,hit_wordnet
5486,1774,hostmodel,1637,official,-12.932374000549316,hit_wordnet
5487,1774,hostmodel,1498,relative,-13.141057968139648,hit_wordnet
5488,1776,host model,517,entity,-12.146421432495117,hit_wordnet
5489,1776,host model,781,group,-13.935429573059082,hit_wordnet
5490,1776,host model,984,model,-14.014474868774414,hit_wordnet
5491,1776,host model,223,system,-14.31484317779541,hit_wordnet
5492,1776,host model,1060,software,-14.919828414916992,hit_wordnet
5493,1780,modelname,208,arbitrary text,-11.276229858398438,hit_wordnet
5494,1780,modelname,517,entity,-11.612154006958008,hit_wordnet
5495,1780,modelname,6,simple text,-12.852462768554688,hit_wordnet
5496,1780,modelname,1670,name,-13.691139221191406,hit_wordnet
5497,1780,modelname,27,text,-13.811372756958008,hit_wordnet
5498,1782,b *,517,entity,-11.712554931640625,hit_wordnet
5499,1782,b *,781,group,-12.952021598815918,hit_wordnet
5500,1782,b *,683,process,-13.198095321655273,hit_wordnet
5501,1782,b *,111,message,-13.524720191955566,hit_wordnet
5502,1782,b *,2052,whole,-14.11242389678955,hit_wordnet
5503,1783,clock,517,entity,-11.051565170288086,hit_wordnet
5504,1783,clock,781,group,-11.638777732849121,hit_wordnet
5505,1783,clock,39,time,-12.08198356628418,hit_wordnet
5506,1783,clock,484,unit,-12.636977195739746,hit_wordnet
5507,1783,clock,2052,whole,-12.780936241149902,hit_wordnet
5508,1785,sync,137,communication,-11.690447807312012,hit_wordnet
5509,1785,sync,517,entity,-12.515735626220703,hit_wordnet
5510,1785,sync,1709,new process,-12.947534561157227,hit_wordnet
5511,1785,sync,778,single process,-13.006017684936523,hit_wordnet
5512,1785,sync,683,process,-13.066049575805664,hit_wordnet
5513,1786,eauth,781,group,-10.613911628723145,hit_wordnet
5514,1786,eauth,517,entity,-11.56790542602539,hit_wordnet
5515,1786,eauth,11,individual,-12.50113296508789,hit_wordnet
5516,1786,eauth,521,man,-13.236747741699219,hit_wordnet
5517,1786,eauth,2052,whole,-13.280108451843262,hit_wordnet
5518,1787,token,517,entity,-10.239034652709961,hit_wordnet
5519,1787,token,781,group,-10.997126579284668,hit_wordnet
5520,1787,token,2052,whole,-12.235552787780762,hit_wordnet
5521,1787,token,484,unit,-12.252192497253418,hit_wordnet
5522,1787,token,111,message,-12.305695533752441,hit_wordnet
5523,1788,timestamp,39,time,-9.598703384399414,hit_wordnet
5524,1788,timestamp,19,particular time,-9.75316047668457,hit_wordnet
5525,1788,timestamp,653,interval,-12.603279113769531,hit_wordnet
5526,1788,timestamp,517,entity,-12.604019165039062,hit_wordnet
5527,1788,timestamp,860,fixed time,-12.630473136901855,hit_wordnet
5528,1790,ntp,19,particular time,-11.294710159301758,hit_wordnet
5529,1790,ntp,39,time,-11.425846099853516,hit_wordnet
5530,1790,ntp,860,fixed time,-12.27795124053955,hit_wordnet
5531,1790,ntp,341,minute,-13.778461456298828,hit_wordnet
5532,1790,ntp,517,entity,-14.080270767211914,hit_wordnet
5533,1791,network time,860,fixed time,-10.17941665649414,hit_wordnet
5534,1791,network time,39,time,-11.410372734069824,hit_wordnet
5535,1791,network time,19,particular time,-12.334650993347168,hit_wordnet
5536,1791,network time,517,entity,-14.554691314697266,hit_wordnet
5537,1791,network time,781,group,-15.085623741149902,hit_wordnet
5538,1792,general,1637,official,-9.016200065612793,hit_wordnet
5539,1792,general,11,individual,-9.643486022949219,hit_wordnet
5540,1792,general,781,group,-11.56564998626709,hit_wordnet
5541,1792,general,749,member,-12.11495590209961,hit_wordnet
5542,1792,general,517,entity,-12.495243072509766,hit_wordnet
5543,1793,incorrect file,52,file,-11.091429710388184,hit_wordnet
5544,1793,incorrect file,517,entity,-12.68409538269043,hit_wordnet
5545,1793,incorrect file,781,group,-14.690932273864746,hit_wordnet
5546,1793,incorrect file,1250,executable,-14.984304428100586,hit_wordnet
5547,1793,incorrect file,7,database,-15.639759063720703,hit_wordnet
5548,1794,incorrect path,973,path,-12.308395385742188,hit_wordnet
5549,1794,incorrect path,781,group,-13.700308799743652,hit_wordnet
5550,1794,incorrect path,517,entity,-13.813377380371094,hit_wordnet
5551,1794,incorrect path,2052,whole,-14.482945442199707,hit_wordnet
5552,1794,incorrect path,683,process,-14.958593368530273,hit_wordnet
5553,1795,malloc,781,group,-11.176505088806152,hit_wordnet
5554,1795,malloc,517,entity,-11.779001235961914,hit_wordnet
5555,1795,malloc,683,process,-12.11111068725586,hit_wordnet
5556,1795,malloc,2052,whole,-12.97455883026123,hit_wordnet
5557,1795,malloc,9,sacct,-13.955202102661133,hit_wordnet
5558,1797,enough available,490,amount,-13.340737342834473,hit_wordnet
5559,1797,enough available,244,available,-13.789591789245605,hit_wordnet
5560,1797,enough available,1004,attribute,-14.093600273132324,hit_wordnet
5561,1797,enough available,135,good,-14.257081985473633,hit_wordnet
5562,1797,enough available,517,entity,-14.373075485229492,hit_wordnet
5563,1798,swap,452,transaction,-10.448880195617676,hit_wordnet
5564,1798,swap,517,entity,-11.879405975341797,hit_wordnet
5565,1798,swap,540,addition,-11.889579772949219,hit_wordnet
5566,1798,swap,781,group,-11.902153968811035,hit_wordnet
5567,1798,swap,170,action,-12.114941596984863,hit_wordnet
5568,1801,available swap,452,transaction,-13.45923137664795,hit_wordnet
5569,1801,available swap,517,entity,-14.27227783203125,hit_wordnet
5570,1801,available swap,781,group,-14.28648853302002,hit_wordnet
5571,1801,available swap,1798,swap,-14.694633483886719,hit_wordnet
5572,1801,available swap,540,addition,-15.593917846679688,hit_wordnet
5573,1802,more swap,1798,swap,-9.57349967956543,hit_wordnet
5574,1802,more swap,1801,available swap,-11.986930847167969,hit_wordnet
5575,1802,more swap,452,transaction,-12.519085884094238,hit_wordnet
5576,1802,more swap,781,group,-12.779292106628418,hit_wordnet
5577,1802,more swap,540,addition,-12.976524353027344,hit_wordnet
5578,1803,tcp,137,communication,-10.481827735900879,hit_wordnet
5579,1803,tcp,517,entity,-11.58444595336914,hit_wordnet
5580,1803,tcp,1956,connection,-11.64633560180664,hit_wordnet
5581,1803,tcp,185,network,-11.950807571411133,hit_wordnet
5582,1803,tcp,781,group,-12.219365119934082,hit_wordnet
5583,1804,ident,517,entity,-8.852983474731445,hit_wordnet
5584,1804,ident,2052,whole,-10.648636817932129,hit_wordnet
5585,1804,ident,1004,attribute,-11.11215877532959,hit_wordnet
5586,1804,ident,781,group,-11.228163719177246,hit_wordnet
5587,1804,ident,1376,content,-11.316842079162598,hit_wordnet
5588,1807,setuid root,517,entity,-12.790962219238281,hit_wordnet
5589,1807,setuid root,781,group,-12.857935905456543,hit_wordnet
5590,1807,setuid root,406,root,-12.95623779296875,hit_wordnet
5591,1807,setuid root,11,individual,-14.906064987182617,hit_wordnet
5592,1807,setuid root,1498,relative,-15.442611694335938,hit_wordnet
5593,1808,identd,517,entity,-9.463094711303711,hit_wordnet
5594,1808,identd,781,group,-11.03553295135498,hit_wordnet
5595,1808,identd,1804,ident,-12.363936424255371,hit_wordnet
5596,1808,identd,11,individual,-13.175230026245117,hit_wordnet
5597,1808,identd,2052,whole,-13.393153190612793,hit_wordnet
5598,1810,inetd.conf,517,entity,-10.644515991210938,hit_wordnet
5599,1810,inetd.conf,781,group,-10.71741771697998,hit_wordnet
5600,1810,inetd.conf,839,object,-13.36184024810791,hit_wordnet
5601,1810,inetd.conf,2052,whole,-13.497710227966309,hit_wordnet
5602,1810,inetd.conf,513,tool,-13.931244850158691,hit_wordnet
5603,1811,authentication datum format,7,database,-13.136402130126953,hit_wordnet
5604,1811,authentication datum format,517,entity,-13.281059265136719,hit_wordnet
5605,1811,authentication datum format,660,data,-13.435771942138672,hit_wordnet
5606,1811,authentication datum format,52,file,-13.581117630004883,hit_wordnet
5607,1811,authentication datum format,1040,process information,-13.806840896606445,hit_wordnet
5608,1812,authentication port,781,group,-12.58756160736084,hit_wordnet
5609,1812,authentication port,517,entity,-12.67474365234375,hit_wordnet
5610,1812,authentication port,2052,whole,-15.433833122253418,hit_wordnet
5611,1812,authentication port,351,port,-15.509099960327148,hit_wordnet
5612,1812,authentication port,552,organization,-15.595685005187988,hit_wordnet
5613,1813,protocol,472,plan,-12.125242233276367,hit_wordnet
5614,1813,protocol,137,communication,-12.212903022766113,hit_wordnet
5615,1813,protocol,349,policy,-12.459552764892578,hit_wordnet
5616,1813,protocol,517,entity,-12.511384963989258,hit_wordnet
5617,1813,protocol,552,organization,-12.998974800109863,hit_wordnet
5618,1815,userok,517,entity,-12.735593795776367,hit_wordnet
5619,1815,userok,11,individual,-12.99652099609375,hit_wordnet
5620,1815,userok,781,group,-13.740689277648926,hit_wordnet
5621,1815,userok,37,user,-14.682723999023438,hit_wordnet
5622,1815,userok,513,tool,-15.029641151428223,hit_wordnet
5623,1816,request,111,message,-8.227797508239746,hit_wordnet
5624,1816,request,137,communication,-8.66755485534668,hit_wordnet
5625,1816,request,576,attempt,-9.213533401489258,hit_wordnet
5626,1816,request,170,action,-9.475678443908691,hit_wordnet
5627,1816,request,517,entity,-9.602938652038574,hit_wordnet
5628,1817,bad,337,quality,-8.286680221557617,hit_wordnet
5629,1817,bad,1004,attribute,-8.946776390075684,hit_wordnet
5630,1817,bad,523,ability,-9.361357688903809,hit_wordnet
5631,1817,bad,490,amount,-10.49460220336914,hit_wordnet
5632,1817,bad,731,behavior,-10.607441902160645,hit_wordnet
5633,1818,non-privileged,11,individual,-10.248623847961426,hit_wordnet
5634,1818,non-privileged,517,entity,-10.791780471801758,hit_wordnet
5635,1818,non-privileged,781,group,-11.320080757141113,hit_wordnet
5636,1818,non-privileged,1637,official,-11.43169116973877,hit_wordnet
5637,1818,non-privileged,1225,owner,-12.222301483154297,hit_wordnet
5638,1824,equivalent,517,entity,-7.600110054016113,hit_wordnet
5639,1824,equivalent,1004,attribute,-9.816239356994629,hit_wordnet
5640,1824,equivalent,781,group,-10.17125415802002,hit_wordnet
5641,1824,equivalent,849,kind,-10.270106315612793,hit_wordnet
5642,1824,equivalent,721,concept,-10.934194564819336,hit_wordnet
5643,1825,host.equiv,1671,hosts.equiv,-10.71656608581543,hit_wordnet
5644,1825,host.equiv,517,entity,-11.594478607177734,hit_wordnet
5645,1825,host.equiv,781,group,-12.81849193572998,hit_wordnet
5646,1825,host.equiv,11,individual,-13.704259872436523,hit_wordnet
5647,1825,host.equiv,484,unit,-15.169161796569824,hit_wordnet
5648,1827,rhost,781,group,-11.496840476989746,hit_wordnet
5649,1827,rhost,517,entity,-12.954111099243164,hit_wordnet
5650,1827,rhost,513,tool,-14.312241554260254,hit_wordnet
5651,1827,rhost,2052,whole,-14.398669242858887,hit_wordnet
5652,1827,rhost,11,individual,-14.481046676635742,hit_wordnet
5653,1828,init_acceptsock,517,entity,-12.848983764648438,hit_wordnet
5654,1828,init_acceptsock,781,group,-13.655892372131348,hit_wordnet
5655,1828,init_acceptsock,785,control,-15.221075057983398,hit_wordnet
5656,1828,init_acceptsock,293,command,-15.23980712890625,hit_wordnet
5657,1828,init_acceptsock,111,message,-15.358643531799316,hit_wordnet
5658,1829,exiting,576,attempt,-11.860469818115234,hit_wordnet
5659,1829,exiting,1606,situation,-11.968570709228516,hit_wordnet
5660,1829,exiting,674,event,-12.025337219238281,hit_wordnet
5661,1829,exiting,683,process,-12.07761001586914,hit_wordnet
5662,1829,exiting,170,action,-12.111092567443848,hit_wordnet
5663,1831,initsock,781,group,-11.926091194152832,hit_wordnet
5664,1831,initsock,2052,whole,-13.465197563171387,hit_wordnet
5665,1831,initsock,517,entity,-13.499889373779297,hit_wordnet
5666,1831,initsock,513,tool,-15.338871955871582,hit_wordnet
5667,1831,initsock,683,process,-15.446752548217773,hit_wordnet
5668,1834,udp,517,entity,-12.272077560424805,hit_wordnet
5669,1834,udp,781,group,-12.622580528259277,hit_wordnet
5670,1834,udp,683,process,-13.048660278320312,hit_wordnet
5671,1834,udp,2052,whole,-13.341853141784668,hit_wordnet
5672,1834,udp,484,unit,-14.341914176940918,hit_wordnet
5673,1835,read lsf,708,important lsf,-12.860081672668457,hit_wordnet
5674,1835,read lsf,964,lsf.conf,-12.872191429138184,hit_wordnet
5675,1835,read lsf,517,entity,-13.81814956665039,hit_wordnet
5676,1835,read lsf,1046,use lsf,-13.953105926513672,hit_wordnet
5677,1835,read lsf,781,group,-14.71785831451416,hit_wordnet
5678,1836,serv,781,group,-12.971613883972168,hit_wordnet
5679,1836,serv,11,individual,-13.00027084350586,hit_wordnet
5680,1836,serv,517,entity,-13.272932052612305,hit_wordnet
5681,1836,serv,141,machine,-13.375571250915527,hit_wordnet
5682,1836,serv,513,tool,-13.817215919494629,hit_wordnet
5683,1839,init_servsock,517,entity,-12.341197967529297,hit_wordnet
5684,1839,init_servsock,781,group,-12.97301197052002,hit_wordnet
5685,1839,init_servsock,11,individual,-14.241201400756836,hit_wordnet
5686,1839,init_servsock,111,message,-14.654095649719238,hit_wordnet
5687,1839,init_servsock,141,machine,-14.877392768859863,hit_wordnet
5688,1840,second lsf,706,lsf,-10.157098770141602,hit_wordnet
5689,1840,second lsf,1058,configure lsf,-13.598976135253906,hit_wordnet
5690,1840,second lsf,1601,most lsf,-13.916656494140625,hit_wordnet
5691,1840,second lsf,781,group,-13.986981391906738,hit_wordnet
5692,1840,second lsf,517,entity,-14.18238639831543,hit_wordnet
5693,1844,invalid section name,517,entity,-12.92805290222168,hit_wordnet
5694,1844,invalid section name,781,group,-14.416909217834473,hit_wordnet
5695,1844,invalid section name,1846,unrecognized section,-14.900923728942871,hit_wordnet
5696,1844,invalid section name,2052,whole,-15.860161781311035,hit_wordnet
5697,1844,invalid section name,208,arbitrary text,-16.371232986450195,hit_wordnet
5698,1846,unrecognized section,517,entity,-11.576759338378906,hit_wordnet
5699,1846,unrecognized section,1111,section,-12.436569213867188,hit_wordnet
5700,1846,unrecognized section,2052,whole,-12.713467597961426,hit_wordnet
5701,1846,unrecognized section,781,group,-13.087357521057129,hit_wordnet
5702,1846,unrecognized section,1704,topic,-13.121764183044434,hit_wordnet
5703,1848,premature,517,entity,-12.254936218261719,hit_wordnet
5704,1848,premature,781,group,-12.789715766906738,hit_wordnet
5705,1848,premature,11,individual,-13.892984390258789,hit_wordnet
5706,1848,premature,683,process,-14.284635543823242,hit_wordnet
5707,1848,premature,849,kind,-15.035554885864258,hit_wordnet
5708,1849,end section,1111,section,-8.669429779052734,hit_wordnet
5709,1849,end section,2052,whole,-9.959342002868652,hit_wordnet
5710,1849,end section,517,entity,-11.360628128051758,hit_wordnet
5711,1849,end section,781,group,-11.877131462097168,hit_wordnet
5712,1849,end section,644,part,-11.991632461547852,hit_wordnet
5713,1850,keyword line format,208,arbitrary text,-13.462312698364258,hit_wordnet
5714,1850,keyword line format,517,entity,-14.31573486328125,hit_wordnet
5715,1850,keyword line format,6,simple text,-14.753606796264648,hit_wordnet
5716,1850,keyword line format,27,text,-15.161376953125,hit_wordnet
5717,1850,keyword line format,781,group,-15.42992115020752,hit_wordnet
5718,1851,ignore,517,entity,-13.551565170288086,hit_wordnet
5719,1851,ignore,111,message,-14.266556739807129,hit_wordnet
5720,1851,ignore,1139,disclosure,-14.53288745880127,hit_wordnet
5721,1851,ignore,137,communication,-14.554951667785645,hit_wordnet
5722,1851,ignore,170,action,-14.875758171081543,hit_wordnet
5723,1856,duplicate cluster name,367,clustername,-7.783059597015381,hit_wordnet
5724,1856,duplicate cluster name,967,cluster_name,-10.863508224487305,hit_wordnet
5725,1856,duplicate cluster name,517,entity,-11.017082214355469,hit_wordnet
5726,1856,duplicate cluster name,208,arbitrary text,-11.977544784545898,hit_wordnet
5727,1856,duplicate cluster name,581,name cluster,-12.015055656433105,hit_wordnet
5728,1858,same lsf.shared,517,entity,-12.356582641601562,hit_wordnet
5729,1858,same lsf.shared,484,unit,-12.718888282775879,hit_wordnet
5730,1858,same lsf.shared,781,group,-12.720986366271973,hit_wordnet
5731,1858,same lsf.shared,108,number,-15.036857604980469,hit_wordnet
5732,1858,same lsf.shared,2052,whole,-15.100979804992676,hit_wordnet
5733,1863,many host,517,entity,-9.382085800170898,hit_wordnet
5734,1863,many host,781,group,-9.505928993225098,hit_wordnet
5735,1863,many host,11,individual,-10.982389450073242,hit_wordnet
5736,1863,many host,1262,appropriate host,-11.996665954589844,hit_wordnet
5737,1863,many host,1637,official,-12.222790718078613,hit_wordnet
5738,1866,resource name,517,entity,-11.174209594726562,hit_wordnet
5739,1866,resource name,781,group,-13.166825294494629,hit_wordnet
5740,1866,resource name,8,information,-13.888392448425293,hit_wordnet
5741,1866,resource name,208,arbitrary text,-14.07535171508789,hit_wordnet
5742,1866,resource name,1704,topic,-14.68787670135498,hit_wordnet
5743,1870,illegal,11,individual,-9.717697143554688,hit_wordnet
5744,1870,illegal,375,unauthorized,-10.559680938720703,hit_wordnet
5745,1870,illegal,781,group,-10.89388370513916,hit_wordnet
5746,1870,illegal,517,entity,-11.468269348144531,hit_wordnet
5747,1870,illegal,1637,official,-11.745539665222168,hit_wordnet
5748,1871,letter,517,entity,-6.62520694732666,hit_wordnet
5749,1871,letter,781,group,-7.3280181884765625,hit_wordnet
5750,1871,letter,6,simple text,-8.583661079406738,hit_wordnet
5751,1871,letter,1680,character,-8.890674591064453,hit_wordnet
5752,1871,letter,27,text,-9.823884963989258,hit_wordnet
5753,1872,za-z,781,group,-9.951323509216309,hit_wordnet
5754,1872,za-z,517,entity,-10.222265243530273,hit_wordnet
5755,1872,za-z,1871,letter,-11.164106369018555,hit_wordnet
5756,1872,za-z,1680,character,-12.54960823059082,hit_wordnet
5757,1872,za-z,2052,whole,-12.78357219696045,hit_wordnet
5758,1873,digit,781,group,-8.1221923828125,hit_wordnet
5759,1873,digit,1871,letter,-8.204719543457031,hit_wordnet
5760,1873,digit,517,entity,-8.20829963684082,hit_wordnet
5761,1873,digit,1680,character,-8.931432723999023,hit_wordnet
5762,1873,digit,484,unit,-9.28603744506836,hit_wordnet
5763,1875,myhostname,517,entity,-9.634347915649414,hit_wordnet
5764,1875,myhostname,781,group,-11.601672172546387,hit_wordnet
5765,1875,myhostname,2052,whole,-13.04242992401123,hit_wordnet
5766,1875,myhostname,1670,name,-13.719240188598633,hit_wordnet
5767,1875,myhostname,208,arbitrary text,-13.910346984863281,hit_wordnet
5768,1876,function,517,entity,-7.555239677429199,hit_wordnet
5769,1876,function,1004,attribute,-8.378458023071289,hit_wordnet
5770,1876,function,2052,whole,-8.558354377746582,hit_wordnet
5771,1876,function,1376,content,-8.595207214355469,hit_wordnet
5772,1876,function,523,ability,-9.337013244628906,hit_wordnet
5773,1877,non-lsf,11,individual,-11.814947128295898,hit_wordnet
5774,1877,non-lsf,781,group,-12.232237815856934,hit_wordnet
5775,1877,non-lsf,517,entity,-12.233331680297852,hit_wordnet
5776,1877,non-lsf,1637,official,-12.969178199768066,hit_wordnet
5777,1877,non-lsf,484,unit,-13.04641056060791,hit_wordnet
5778,1879,sender,11,individual,-9.452363967895508,hit_wordnet
5779,1879,sender,1637,official,-10.073698043823242,hit_wordnet
5780,1879,sender,1416,client,-10.8430757522583,hit_wordnet
5781,1879,sender,37,user,-11.223843574523926,hit_wordnet
5782,1879,sender,517,entity,-11.334930419921875,hit_wordnet
5783,1880,config,401,configure,-8.155240058898926,hit_wordnet
5784,1880,config,517,entity,-8.738576889038086,hit_wordnet
5785,1880,config,781,group,-8.949602127075195,hit_wordnet
5786,1880,config,839,object,-10.129520416259766,hit_wordnet
5787,1880,config,2052,whole,-10.13749885559082,hit_wordnet
5788,1881,masterregister,11,individual,-12.46776008605957,hit_wordnet
5789,1881,masterregister,1637,official,-12.592270851135254,hit_wordnet
5790,1881,masterregister,37,user,-12.926761627197266,hit_wordnet
5791,1881,masterregister,517,entity,-13.788494110107422,hit_wordnet
5792,1881,masterregister,171,operator,-14.269784927368164,hit_wordnet
5793,1882,inconsistent configuration,73,configuration,-8.701019287109375,hit_wordnet
5794,1882,inconsistent configuration,1883,same configuration,-9.481342315673828,hit_wordnet
5795,1882,inconsistent configuration,2152,linear configuration,-12.174779891967773,hit_wordnet
5796,1882,inconsistent configuration,791,condition,-12.278117179870605,hit_wordnet
5797,1882,inconsistent configuration,223,system,-12.374260902404785,hit_wordnet
5798,1883,same configuration,73,configuration,-5.495212078094482,hit_wordnet
5799,1883,same configuration,2152,linear configuration,-9.036540031433105,hit_wordnet
5800,1883,same configuration,223,system,-10.067110061645508,hit_wordnet
5801,1883,same configuration,835,placement,-11.399337768554688,hit_wordnet
5802,1883,same configuration,166,combination,-11.42805004119873,hit_wordnet
5803,1885,unknown index,517,entity,-11.49531364440918,hit_wordnet
5804,1885,unknown index,1522,index,-12.308196067810059,hit_wordnet
5805,1885,unknown index,108,number,-12.666862487792969,hit_wordnet
5806,1885,unknown index,484,unit,-12.809845924377441,hit_wordnet
5807,1885,unknown index,781,group,-12.868252754211426,hit_wordnet
5808,1886,external load index,898,load index,-9.423675537109375,hit_wordnet
5809,1886,external load index,517,entity,-13.534746170043945,hit_wordnet
5810,1886,external load index,484,unit,-13.558598518371582,hit_wordnet
5811,1886,external load index,640,statistic,-14.33021354675293,hit_wordnet
5812,1886,external load index,108,number,-14.373374938964844,hit_wordnet
5813,1888,getusr,513,tool,-12.32667064666748,hit_wordnet
5814,1888,getusr,517,entity,-12.861467361450195,hit_wordnet
5815,1888,getusr,781,group,-13.099358558654785,hit_wordnet
5816,1888,getusr,11,individual,-13.638069152832031,hit_wordnet
5817,1888,getusr,2052,whole,-14.334431648254395,hit_wordnet
5818,1891,doacceptconn,517,entity,-11.204950332641602,hit_wordnet
5819,1891,doacceptconn,781,group,-11.652722358703613,hit_wordnet
5820,1891,doacceptconn,683,process,-13.057979583740234,hit_wordnet
5821,1891,doacceptconn,786,complex,-14.274934768676758,hit_wordnet
5822,1891,doacceptconn,11,individual,-15.025903701782227,hit_wordnet
5823,1894,submitter,11,individual,-9.794729232788086,hit_wordnet
5824,1894,submitter,37,user,-11.253120422363281,hit_wordnet
5825,1894,submitter,517,entity,-11.444366455078125,hit_wordnet
5826,1894,submitter,1637,official,-11.558157920837402,hit_wordnet
5827,1894,submitter,811,candidate,-11.655921936035156,hit_wordnet
5828,1895,lname,208,arbitrary text,-10.721744537353516,hit_wordnet
5829,1895,lname,517,entity,-11.126852035522461,hit_wordnet
5830,1895,lname,6,simple text,-11.267274856567383,hit_wordnet
5831,1895,lname,1670,name,-12.010009765625,hit_wordnet
5832,1895,lname,781,group,-12.720105171203613,hit_wordnet
5833,1896,same user,11,individual,-10.041425704956055,hit_wordnet
5834,1896,same user,1498,relative,-10.798460006713867,hit_wordnet
5835,1896,same user,517,entity,-10.918914794921875,hit_wordnet
5836,1896,same user,37,user,-11.151988983154297,hit_wordnet
5837,1896,same user,1225,owner,-12.552906036376953,hit_wordnet
5838,1897,interactive remote,866,program,-13.518136978149414,hit_wordnet
5839,1897,interactive remote,820,remote,-13.760941505432129,hit_wordnet
5840,1897,interactive remote,517,entity,-14.23965072631836,hit_wordnet
5841,1897,interactive remote,1514,software application,-14.703624725341797,hit_wordnet
5842,1897,interactive remote,781,group,-14.860295295715332,hit_wordnet
5843,1899,root job,3,job,-11.236886978149414,hit_wordnet
5844,1899,root job,1436,working,-12.150777816772461,hit_wordnet
5845,1899,root job,390,work,-12.24751091003418,hit_wordnet
5846,1899,root job,13,task,-12.441885948181152,hit_wordnet
5847,1899,root job,576,attempt,-13.058821678161621,hit_wordnet
5848,1900,lsf_root_rex,517,entity,-14.642812728881836,hit_wordnet
5849,1900,lsf_root_rex,781,group,-15.203330039978027,hit_wordnet
5850,1900,lsf_root_rex,11,individual,-16.008638381958008,hit_wordnet
5851,1900,lsf_root_rex,2078,robin,-18.179269790649414,hit_wordnet
5852,1900,lsf_root_rex,683,process,-18.236806869506836,hit_wordnet
5853,1901,rescontrol,517,entity,-11.762624740600586,hit_wordnet
5854,1901,rescontrol,781,group,-11.898037910461426,hit_wordnet
5855,1901,rescontrol,30,mechanism,-12.205080032348633,hit_wordnet
5856,1901,rescontrol,683,process,-12.24798583984375,hit_wordnet
5857,1901,rescontrol,785,control,-13.039634704589844,hit_wordnet
5858,1906,lsf.conffile,964,lsf.conf,-13.075936317443848,hit_wordnet
5859,1906,lsf.conffile,517,entity,-13.196569442749023,hit_wordnet
5860,1906,lsf.conffile,513,tool,-13.724421501159668,hit_wordnet
5861,1906,lsf.conffile,781,group,-14.0006742477417,hit_wordnet
5862,1906,lsf.conffile,706,lsf,-14.117060661315918,hit_wordnet
5863,1907,x_ok,517,entity,-12.467473983764648,hit_wordnet
5864,1907,x_ok,781,group,-13.457978248596191,hit_wordnet
5865,1907,x_ok,1871,letter,-14.038797378540039,hit_wordnet
5866,1907,x_ok,6,simple text,-14.468605041503906,hit_wordnet
5867,1907,x_ok,111,message,-14.74527645111084,hit_wordnet
5868,1910,respath,973,path,-10.355931282043457,hit_wordnet
5869,1910,respath,2052,whole,-12.089512825012207,hit_wordnet
5870,1910,respath,781,group,-12.279204368591309,hit_wordnet
5871,1910,respath,517,entity,-12.649259567260742,hit_wordnet
5872,1910,respath,683,process,-12.799430847167969,hit_wordnet
5873,1914,renewjob,517,entity,-13.680606842041016,hit_wordnet
5874,1914,renewjob,452,transaction,-13.739789009094238,hit_wordnet
5875,1914,renewjob,781,group,-14.6582670211792,hit_wordnet
5876,1914,renewjob,992,operation,-14.84444808959961,hit_wordnet
5877,1914,renewjob,540,addition,-15.603702545166016,hit_wordnet
5878,1915,exist,517,entity,-10.792085647583008,hit_wordnet
5879,1915,exist,721,concept,-12.024785041809082,hit_wordnet
5880,1915,exist,882,meaning,-14.150310516357422,hit_wordnet
5881,1915,exist,781,group,-14.196335792541504,hit_wordnet
5882,1915,exist,1004,attribute,-14.294161796569824,hit_wordnet
5883,1918,setup,223,system,-9.154667854309082,hit_wordnet
5884,1918,setup,472,plan,-9.688337326049805,hit_wordnet
5885,1918,setup,73,configuration,-9.809731483459473,hit_wordnet
5886,1918,setup,552,organization,-9.810179710388184,hit_wordnet
5887,1918,setup,390,work,-9.995986938476562,hit_wordnet
5888,1919,logjobinfo,517,entity,-10.557855606079102,hit_wordnet
5889,1919,logjobinfo,781,group,-11.452864646911621,hit_wordnet
5890,1919,logjobinfo,11,individual,-12.060840606689453,hit_wordnet
5891,1919,logjobinfo,1871,letter,-12.07575798034668,hit_wordnet
5892,1919,logjobinfo,1680,character,-12.993064880371094,hit_wordnet
5893,1920,jobfile,517,entity,-13.993003845214844,hit_wordnet
5894,1920,jobfile,7,database,-15.200023651123047,hit_wordnet
5895,1920,jobfile,1514,software application,-15.311885833740234,hit_wordnet
5896,1920,jobfile,781,group,-15.450053215026855,hit_wordnet
5897,1920,jobfile,390,work,-15.7664794921875,hit_wordnet
5898,1922,xdrpo,517,entity,-10.944074630737305,hit_wordnet
5899,1922,xdrpo,781,group,-11.475979804992676,hit_wordnet
5900,1922,xdrpo,11,individual,-13.393327713012695,hit_wordnet
5901,1922,xdrpo,683,process,-13.740589141845703,hit_wordnet
5902,1922,xdrpo,2052,whole,-14.325364112854004,hit_wordnet
5903,1923,rmlogjobinfo,517,entity,-12.483646392822266,hit_wordnet
5904,1923,rmlogjobinfo,781,group,-13.834568977355957,hit_wordnet
5905,1923,rmlogjobinfo,1871,letter,-13.910810470581055,hit_wordnet
5906,1923,rmlogjobinfo,6,simple text,-14.121990203857422,hit_wordnet
5907,1923,rmlogjobinfo,1680,character,-14.951190948486328,hit_wordnet
5908,1928,hdata,517,entity,-12.032394409179688,hit_wordnet
5909,1928,hdata,781,group,-13.271224021911621,hit_wordnet
5910,1928,hdata,60,datum,-13.632896423339844,hit_wordnet
5911,1928,hdata,683,process,-14.659456253051758,hit_wordnet
5912,1928,hdata,2052,whole,-14.738537788391113,hit_wordnet
5913,1937,server host,1313,remote host,-10.84376335144043,hit_wordnet
5914,1937,server host,517,entity,-11.863197326660156,hit_wordnet
5915,1937,server host,781,group,-12.05479907989502,hit_wordnet
5916,1937,server host,80,host,-12.852054595947266,hit_wordnet
5917,1937,server host,11,individual,-13.046829223632812,hit_wordnet
5918,1941,lsf_lim_api_ntrie,517,entity,-11.759389877319336,hit_wordnet
5919,1941,lsf_lim_api_ntrie,781,group,-13.046904563903809,hit_wordnet
5920,1941,lsf_lim_api_ntrie,1871,letter,-14.526710510253906,hit_wordnet
5921,1941,lsf_lim_api_ntrie,683,process,-14.979894638061523,hit_wordnet
5922,1941,lsf_lim_api_ntrie,484,unit,-15.003178596496582,hit_wordnet
5923,1943,many time,39,time,-11.810234069824219,hit_wordnet
5924,1943,many time,517,entity,-13.46204948425293,hit_wordnet
5925,1943,many time,19,particular time,-14.20097541809082,hit_wordnet
5926,1943,many time,781,group,-14.507132530212402,hit_wordnet
5927,1943,many time,674,event,-14.751022338867188,hit_wordnet
5928,1944,retry,226,rollback,-13.131383895874023,hit_wordnet
5929,1944,retry,253,recovery,-13.804130554199219,hit_wordnet
5930,1944,retry,170,action,-15.280131340026855,hit_wordnet
5931,1944,retry,13,task,-15.37720775604248,hit_wordnet
5932,1944,retry,576,attempt,-15.441130638122559,hit_wordnet
5933,1946,retry error,1944,retry,-12.854278564453125,hit_wordnet
5934,1946,retry error,517,entity,-15.82088851928711,hit_wordnet
5935,1946,retry error,1139,disclosure,-16.65188217163086,hit_wordnet
5936,1946,retry error,13,task,-17.062881469726562,hit_wordnet
5937,1946,retry error,781,group,-17.166973114013672,hit_wordnet
5938,1947,lsb_api_verbose,1961,lsb_query_portlsf,-12.89512825012207,hit_wordnet
5939,1947,lsb_api_verbose,517,entity,-13.514375686645508,hit_wordnet
5940,1947,lsb_api_verbose,781,group,-14.570033073425293,hit_wordnet
5941,1947,lsb_api_verbose,1871,letter,-16.252527236938477,hit_wordnet
5942,1947,lsb_api_verbose,683,process,-16.757587432861328,hit_wordnet
5943,1949,command client,517,entity,-14.758707046508789,hit_wordnet
5944,1949,command client,781,group,-15.098841667175293,hit_wordnet
5945,1949,command client,11,individual,-15.557672500610352,hit_wordnet
5946,1949,command client,1637,official,-15.976035118103027,hit_wordnet
5947,1949,command client,1416,client,-16.58452033996582,hit_wordnet
5948,1953,associated error message,517,entity,-14.191032409667969,hit_wordnet
5949,1953,associated error message,280,error,-15.613800048828125,hit_wordnet
5950,1953,associated error message,8,information,-15.722420692443848,hit_wordnet
5951,1953,associated error message,111,message,-15.86028003692627,hit_wordnet
5952,1953,associated error message,781,group,-15.945233345031738,hit_wordnet
5953,1954,point,2052,whole,-6.9108781814575195,hit_wordnet
5954,1954,point,644,part,-8.706681251525879,hit_wordnet
5955,1954,point,427,line,-9.076214790344238,hit_wordnet
5956,1954,point,485,beginning,-9.224746704101562,hit_wordnet
5957,1954,point,517,entity,-9.26988410949707,hit_wordnet
5958,1955,failure possible reason error message,1953,associated error message,-7.692817687988281,hit_wordnet
5959,1955,failure possible reason error message,517,entity,-13.973533630371094,hit_wordnet
5960,1955,failure possible reason error message,8,information,-15.421637535095215,hit_wordnet
5961,1955,failure possible reason error message,111,message,-15.510531425476074,hit_wordnet
5962,1955,failure possible reason error message,280,error,-15.679754257202148,hit_wordnet
5963,1956,connection,781,group,-8.281188011169434,hit_wordnet
5964,1956,connection,517,entity,-8.345463752746582,hit_wordnet
5965,1956,connection,30,mechanism,-9.180682182312012,hit_wordnet
5966,1956,connection,2052,whole,-9.420024871826172,hit_wordnet
5967,1956,connection,839,object,-10.004014015197754,hit_wordnet
5968,1958,connect,1956,connection,-5.518484115600586,hit_wordnet
5969,1958,connect,781,group,-8.749398231506348,hit_wordnet
5970,1958,connect,517,entity,-10.230541229248047,hit_wordnet
5971,1958,connect,2052,whole,-11.290923118591309,hit_wordnet
5972,1958,connect,683,process,-11.404266357421875,hit_wordnet
5973,1959,system call,137,communication,-10.539124488830566,hit_wordnet
5974,1959,system call,1816,request,-11.9306640625,hit_wordnet
5975,1959,system call,517,entity,-12.07266616821289,hit_wordnet
5976,1959,system call,111,message,-12.098166465759277,hit_wordnet
5977,1959,system call,472,plan,-12.694585800170898,hit_wordnet
5978,1960,lsb_mbd_port,781,group,-13.253226280212402,hit_wordnet
5979,1960,lsb_mbd_port,517,entity,-13.458921432495117,hit_wordnet
5980,1960,lsb_mbd_port,1962,lsb_query_port,-14.506917953491211,hit_wordnet
5981,1960,lsb_mbd_port,683,process,-16.500757217407227,hit_wordnet
5982,1960,lsb_mbd_port,11,individual,-16.640859603881836,hit_wordnet
5983,1961,lsb_query_portlsf,517,entity,-13.29604721069336,hit_wordnet
5984,1961,lsb_query_portlsf,781,group,-14.05870532989502,hit_wordnet
5985,1961,lsb_query_portlsf,1962,lsb_query_port,-14.207290649414062,hit_wordnet
5986,1961,lsb_query_portlsf,683,process,-16.537803649902344,hit_wordnet
5987,1961,lsb_query_portlsf,1871,letter,-16.8165225982666,hit_wordnet
5988,1962,lsb_query_port,517,entity,-13.513269424438477,hit_wordnet
5989,1962,lsb_query_port,781,group,-13.862862586975098,hit_wordnet
5990,1962,lsb_query_port,11,individual,-16.462989807128906,hit_wordnet
5991,1962,lsb_query_port,1627,lsf_server_host,-16.61185646057129,hit_wordnet
5992,1962,lsb_query_port,683,process,-16.929607391357422,hit_wordnet
5993,1963,busy bhost display,517,entity,-12.988330841064453,hit_wordnet
5994,1963,busy bhost display,781,group,-14.018877983093262,hit_wordnet
5995,1963,busy bhost display,262,show,-14.369688034057617,hit_wordnet
5996,1963,busy bhost display,866,program,-14.613967895507812,hit_wordnet
5997,1963,busy bhost display,1514,software application,-14.980548858642578,hit_wordnet
5998,1968,internal library,228,library,-9.261488914489746,hit_wordnet
5999,1968,internal library,517,entity,-12.834558486938477,hit_wordnet
6000,1968,internal library,7,database,-13.950416564941406,hit_wordnet
6001,1968,internal library,781,group,-14.093504905700684,hit_wordnet
6002,1968,internal library,552,organization,-15.361735343933105,hit_wordnet
6003,1969,handshake,1816,request,-11.466836929321289,hit_wordnet
6004,1969,handshake,576,attempt,-12.396815299987793,hit_wordnet
6005,1969,handshake,674,event,-12.398277282714844,hit_wordnet
6006,1969,handshake,111,message,-12.796792030334473,hit_wordnet
6007,1969,handshake,517,entity,-12.99382209777832,hit_wordnet
6008,1973,vemkd,781,group,-11.15493106842041,hit_wordnet
6009,1973,vemkd,517,entity,-12.834964752197266,hit_wordnet
6010,1973,vemkd,11,individual,-14.95682144165039,hit_wordnet
6011,1973,vemkd,2052,whole,-15.046170234680176,hit_wordnet
6012,1973,vemkd,513,tool,-15.158123970031738,hit_wordnet
6013,1974,current fix pack,781,group,-12.587357521057129,hit_wordnet
6014,1974,current fix pack,517,entity,-14.191583633422852,hit_wordnet
6015,1974,current fix pack,141,machine,-14.888934135437012,hit_wordnet
6016,1974,current fix pack,513,tool,-15.260375022888184,hit_wordnet
6017,1974,current fix pack,11,individual,-16.475627899169922,hit_wordnet
6018,1975,same cluster,85,cluster,-8.905512809753418,hit_wordnet
6019,1975,same cluster,781,group,-9.154507637023926,hit_wordnet
6020,1975,same cluster,998,define cluster,-9.511369705200195,hit_wordnet
6021,1975,same cluster,517,entity,-10.318574905395508,hit_wordnet
6022,1975,same cluster,552,organization,-11.022110939025879,hit_wordnet
6023,1976,copying,212,creation,-7.944823265075684,hit_wordnet
6024,1976,copying,622,change,-9.434211730957031,hit_wordnet
6025,1976,copying,137,communication,-9.708575248718262,hit_wordnet
6026,1976,copying,517,entity,-10.222969055175781,hit_wordnet
6027,1976,copying,2169,method,-10.29883861541748,hit_wordnet
6028,1978,ego.cluster,517,entity,-8.766365051269531,hit_wordnet
6029,1978,ego.cluster,781,group,-10.16569995880127,hit_wordnet
6030,1978,ego.cluster,60,datum,-12.038375854492188,hit_wordnet
6031,1978,ego.cluster,786,complex,-12.265796661376953,hit_wordnet
6032,1978,ego.cluster,2052,whole,-12.323214530944824,hit_wordnet
6033,1979,ego.shared,517,entity,-9.102560043334961,hit_wordnet
6034,1979,ego.shared,781,group,-11.639317512512207,hit_wordnet
6035,1979,ego.shared,1498,relative,-12.603906631469727,hit_wordnet
6036,1979,ego.shared,11,individual,-12.635734558105469,hit_wordnet
6037,1979,ego.shared,1376,content,-13.406025886535645,hit_wordnet
6038,1980,configuration file,52,file,-14.673986434936523,hit_wordnet
6039,1980,configuration file,926,network file,-14.7571382522583,hit_wordnet
6040,1980,configuration file,517,entity,-15.051895141601562,hit_wordnet
6041,1980,configuration file,1060,software,-15.20408821105957,hit_wordnet
6042,1980,configuration file,1040,process information,-15.606687545776367,hit_wordnet
6043,1982,migrate,517,entity,-13.783422470092773,hit_wordnet
6044,1982,migrate,781,group,-13.802172660827637,hit_wordnet
6045,1982,migrate,622,change,-14.028342247009277,hit_wordnet
6046,1982,migrate,170,action,-14.308297157287598,hit_wordnet
6047,1982,migrate,683,process,-14.54240608215332,hit_wordnet
6048,1983,old lsf.conf,1984,new lsf.conf,-5.414626121520996,hit_wordnet
6049,1983,old lsf.conf,964,lsf.conf,-10.361300468444824,hit_wordnet
6050,1983,old lsf.conf,781,group,-12.925633430480957,hit_wordnet
6051,1983,old lsf.conf,517,entity,-13.072336196899414,hit_wordnet
6052,1983,old lsf.conf,513,tool,-14.765759468078613,hit_wordnet
6053,1984,new lsf.conf,964,lsf.conf,-10.615378379821777,hit_wordnet
6054,1984,new lsf.conf,781,group,-12.856314659118652,hit_wordnet
6055,1984,new lsf.conf,517,entity,-13.11882209777832,hit_wordnet
6056,1984,new lsf.conf,513,tool,-15.020644187927246,hit_wordnet
6057,1984,new lsf.conf,141,machine,-15.248133659362793,hit_wordnet
6058,1985,lsf_envdir_old,517,entity,-12.175695419311523,hit_wordnet
6059,1985,lsf_envdir_old,781,group,-13.206498146057129,hit_wordnet
6060,1985,lsf_envdir_old,11,individual,-14.583456039428711,hit_wordnet
6061,1985,lsf_envdir_old,484,unit,-15.292956352233887,hit_wordnet
6062,1985,lsf_envdir_old,1871,letter,-15.336597442626953,hit_wordnet
6063,1986,lsf_envdir_new,978,lsf_envdir,-9.928044319152832,hit_wordnet
6064,1986,lsf_envdir_new,517,entity,-12.64990234375,hit_wordnet
6065,1986,lsf_envdir_new,781,group,-13.285038948059082,hit_wordnet
6066,1986,lsf_envdir_new,905,lsf_confdir,-14.218855857849121,hit_wordnet
6067,1986,lsf_envdir_new,683,process,-15.292997360229492,hit_wordnet
6068,1989,correct configuration path,1794,incorrect path,-13.827817916870117,hit_wordnet
6069,1989,correct configuration path,781,group,-14.627154350280762,hit_wordnet
6070,1989,correct configuration path,517,entity,-15.01657485961914,hit_wordnet
6071,1989,correct configuration path,973,path,-15.24020767211914,hit_wordnet
6072,1989,correct configuration path,2052,whole,-16.236156463623047,hit_wordnet
6073,1990,new directory structure,781,group,-12.118618965148926,hit_wordnet
6074,1990,new directory structure,517,entity,-12.546916961669922,hit_wordnet
6075,1990,new directory structure,399,directory,-13.860811233520508,hit_wordnet
6076,1990,new directory structure,7,database,-14.348974227905273,hit_wordnet
6077,1990,new directory structure,2052,whole,-14.655163764953613,hit_wordnet
6078,1991,old passwd.lsfus,781,group,-13.216084480285645,hit_wordnet
6079,1991,old passwd.lsfus,517,entity,-14.364978790283203,hit_wordnet
6080,1991,old passwd.lsfus,513,tool,-15.692343711853027,hit_wordnet
6081,1991,old passwd.lsfus,11,individual,-15.816471099853516,hit_wordnet
6082,1991,old passwd.lsfus,2052,whole,-15.856165885925293,hit_wordnet
6083,1992,lsf_envdir_new\passwd.lsfuser,11,individual,-13.121288299560547,hit_wordnet
6084,1992,lsf_envdir_new\passwd.lsfuser,517,entity,-13.247642517089844,hit_wordnet
6085,1992,lsf_envdir_new\passwd.lsfuser,781,group,-13.354744911193848,hit_wordnet
6086,1992,lsf_envdir_new\passwd.lsfuser,1637,official,-14.44313907623291,hit_wordnet
6087,1992,lsf_envdir_new\passwd.lsfuser,1485,lsf_startup_user,-14.953508377075195,hit_wordnet
6088,1993,old lsf batch configuration,781,group,-13.257269859313965,hit_wordnet
6089,1993,old lsf batch configuration,517,entity,-13.569635391235352,hit_wordnet
6090,1993,old lsf batch configuration,223,system,-13.730957984924316,hit_wordnet
6091,1993,old lsf batch configuration,866,program,-14.700506210327148,hit_wordnet
6092,1993,old lsf batch configuration,683,process,-14.746732711791992,hit_wordnet
6093,1994,lsb_confdir_old\cluster_name\configdir,517,entity,-12.175809860229492,hit_wordnet
6094,1994,lsb_confdir_old\cluster_name\configdir,781,group,-12.799490928649902,hit_wordnet
6095,1994,lsb_confdir_old\cluster_name\configdir,2052,whole,-15.662919044494629,hit_wordnet
6096,1994,lsb_confdir_old\cluster_name\configdir,683,process,-16.0410213470459,hit_wordnet
6097,1994,lsb_confdir_old\cluster_name\configdir,11,individual,-16.63321304321289,hit_wordnet
6098,1995,lsb_confdir_new\cluster_name\configdir,1994,lsb_confdir_old\cluster_name\configdir,-5.029570579528809,hit_wordnet
6099,1995,lsb_confdir_new\cluster_name\configdir,517,entity,-12.047256469726562,hit_wordnet
6100,1995,lsb_confdir_new\cluster_name\configdir,781,group,-12.56169605255127,hit_wordnet
6101,1995,lsb_confdir_new\cluster_name\configdir,2052,whole,-15.446232795715332,hit_wordnet
6102,1995,lsb_confdir_new\cluster_name\configdir,683,process,-15.906309127807617,hit_wordnet
6103,1996,old lsf batch work,390,work,-13.796695709228516,hit_wordnet
6104,1996,old lsf batch work,517,entity,-14.942472457885742,hit_wordnet
6105,1996,old lsf batch work,1709,new process,-14.9945068359375,hit_wordnet
6106,1996,old lsf batch work,781,group,-15.185139656066895,hit_wordnet
6107,1996,old lsf batch work,1514,software application,-15.315227508544922,hit_wordnet
6108,1997,copy,517,entity,-6.4066877365112305,hit_wordnet
6109,1997,copy,839,object,-8.168981552124023,hit_wordnet
6110,1997,copy,2052,whole,-8.709452629089355,hit_wordnet
6111,1997,copy,954,product,-9.035003662109375,hit_wordnet
6112,1997,copy,781,group,-9.254768371582031,hit_wordnet
6113,2003,old ego xml configuration,517,entity,-13.552322387695312,hit_wordnet
6114,2003,old ego xml configuration,1060,software,-14.28019905090332,hit_wordnet
6115,2003,old ego xml configuration,781,group,-14.294171333312988,hit_wordnet
6116,2003,old ego xml configuration,1040,process information,-14.624507904052734,hit_wordnet
6117,2003,old ego xml configuration,223,system,-15.400385856628418,hit_wordnet
6118,2004,ego_confdir_old\*.xml,517,entity,-14.513849258422852,hit_wordnet
6119,2004,ego_confdir_old\*.xml,781,group,-15.560214042663574,hit_wordnet
6120,2004,ego_confdir_old\*.xml,1793,incorrect file,-17.3612003326416,hit_wordnet
6121,2004,ego_confdir_old\*.xml,1994,lsb_confdir_old\cluster_name\configdir,-18.196455001831055,hit_wordnet
6122,2004,ego_confdir_old\*.xml,683,process,-18.218095779418945,hit_wordnet
6123,2005,old ego password,517,entity,-12.200824737548828,hit_wordnet
6124,2005,old ego password,781,group,-13.549681663513184,hit_wordnet
6125,2005,old ego password,62,password,-13.6509370803833,hit_wordnet
6126,2005,old ego password,1681,window password,-14.740312576293945,hit_wordnet
6127,2005,old ego password,2052,whole,-15.564074516296387,hit_wordnet
6128,2006,ego_confdir_old\passwd.ego,11,individual,-9.075597763061523,hit_wordnet
6129,2006,ego_confdir_old\passwd.ego,1498,relative,-10.003253936767578,hit_wordnet
6130,2006,ego_confdir_old\passwd.ego,517,entity,-10.692096710205078,hit_wordnet
6131,2006,ego_confdir_old\passwd.ego,749,member,-11.872335433959961,hit_wordnet
6132,2006,ego_confdir_old\passwd.ego,781,group,-11.987847328186035,hit_wordnet
6133,2007,ego_confdir_new\passwd.ego,2006,ego_confdir_old\passwd.ego,-7.780460834503174,hit_wordnet
6134,2007,ego_confdir_new\passwd.ego,11,individual,-9.092061996459961,hit_wordnet
6135,2007,ego_confdir_new\passwd.ego,1498,relative,-10.514366149902344,hit_wordnet
6136,2007,ego_confdir_new\passwd.ego,517,entity,-10.811962127685547,hit_wordnet
6137,2007,ego_confdir_new\passwd.ego,749,member,-11.39238166809082,hit_wordnet
6138,2008,old ego work,517,entity,-13.21519660949707,hit_wordnet
6139,2008,old ego work,390,work,-13.816347122192383,hit_wordnet
6140,2008,old ego work,565,science,-14.053606986999512,hit_wordnet
6141,2008,old ego work,212,creation,-14.141587257385254,hit_wordnet
6142,2008,old ego work,721,concept,-14.488558769226074,hit_wordnet
6143,2009,ego_workdir_old,11,individual,-9.936609268188477,hit_wordnet
6144,2009,ego_workdir_old,37,user,-11.371618270874023,hit_wordnet
6145,2009,ego_workdir_old,1498,relative,-11.469615936279297,hit_wordnet
6146,2009,ego_workdir_old,517,entity,-12.020971298217773,hit_wordnet
6147,2009,ego_workdir_old,1225,owner,-12.149890899658203,hit_wordnet
6148,2010,ego_workdir_new,2009,ego_workdir_old,-8.239934921264648,hit_wordnet
6149,2010,ego_workdir_new,11,individual,-9.696735382080078,hit_wordnet
6150,2010,ego_workdir_new,37,user,-10.744955062866211,hit_wordnet
6151,2010,ego_workdir_new,1225,owner,-11.450613021850586,hit_wordnet
6152,2010,ego_workdir_new,1637,official,-11.589423179626465,hit_wordnet
6153,2011,new lsf,971,primary lsf,-7.028654098510742,hit_wordnet
6154,2011,new lsf,1840,second lsf,-7.798226833343506,hit_wordnet
6155,2011,new lsf,1362,other advanced lsf,-9.185613632202148,hit_wordnet
6156,2011,new lsf,706,lsf,-13.090203285217285,hit_wordnet
6157,2011,new lsf,1058,configure lsf,-13.91478443145752,hit_wordnet
6158,2014,monitor,120,computer,-11.984747886657715,hit_wordnet
6159,2014,monitor,517,entity,-12.070974349975586,hit_wordnet
6160,2014,monitor,141,machine,-12.13542652130127,hit_wordnet
6161,2014,monitor,11,individual,-12.959331512451172,hit_wordnet
6162,2014,monitor,781,group,-13.533949851989746,hit_wordnet
6163,2015,monitoring,8,information,-11.92269515991211,hit_wordnet
6164,2015,monitoring,137,communication,-12.000932693481445,hit_wordnet
6165,2015,monitoring,1040,process information,-12.252731323242188,hit_wordnet
6166,2015,monitoring,517,entity,-12.255392074584961,hit_wordnet
6167,2015,monitoring,542,test,-12.881444931030273,hit_wordnet
6168,2018,guide,11,individual,-9.587053298950195,hit_wordnet
6169,2018,guide,517,entity,-9.709077835083008,hit_wordnet
6170,2018,guide,1637,official,-9.769430160522461,hit_wordnet
6171,2018,guide,781,group,-10.113505363464355,hit_wordnet
6172,2018,guide,37,user,-11.7764253616333,hit_wordnet
6173,2021,allocation,540,addition,-10.30997085571289,hit_wordnet
6174,2021,allocation,1099,management,-11.307035446166992,hit_wordnet
6175,2021,allocation,835,placement,-11.31987190246582,hit_wordnet
6176,2021,allocation,517,entity,-11.808219909667969,hit_wordnet
6177,2021,allocation,212,creation,-11.81618595123291,hit_wordnet
6178,2024,binding,683,process,-9.157791137695312,hit_wordnet
6179,2024,binding,517,entity,-10.813680648803711,hit_wordnet
6180,2024,binding,30,mechanism,-11.123320579528809,hit_wordnet
6181,2024,binding,835,placement,-11.183280944824219,hit_wordnet
6182,2024,binding,992,operation,-11.226327896118164,hit_wordnet
6183,2026,command line,2079,appropriate command line,-7.162337779998779,hit_wordnet
6184,2026,command line,517,entity,-13.606119155883789,hit_wordnet
6185,2026,command line,781,group,-13.690546989440918,hit_wordnet
6186,2026,command line,293,command,-14.418022155761719,hit_wordnet
6187,2026,command line,866,program,-15.353416442871094,hit_wordnet
6188,2027,linear,781,group,-8.018625259399414,hit_wordnet
6189,2027,linear,517,entity,-9.278879165649414,hit_wordnet
6190,2027,linear,484,unit,-9.32936954498291,hit_wordnet
6191,2027,linear,11,individual,-9.855916023254395,hit_wordnet
6192,2027,linear,513,tool,-9.905420303344727,hit_wordnet
6193,2028,selecttype,517,entity,-12.870075225830078,hit_wordnet
6194,2028,selecttype,204,type,-13.854894638061523,hit_wordnet
6195,2028,selecttype,781,group,-14.310608863830566,hit_wordnet
6196,2028,selecttype,208,arbitrary text,-14.452999114990234,hit_wordnet
6197,2028,selecttype,27,text,-14.858951568603516,hit_wordnet
6198,2029,cons_tre,517,entity,-12.27992057800293,hit_wordnet
6199,2029,cons_tre,781,group,-12.529475212097168,hit_wordnet
6200,2029,cons_tre,11,individual,-12.919694900512695,hit_wordnet
6201,2029,cons_tre,1871,letter,-13.499317169189453,hit_wordnet
6202,2029,cons_tre,1680,character,-13.86124038696289,hit_wordnet
6203,2031,core,2052,whole,-8.081954002380371,hit_wordnet
6204,2031,core,781,group,-8.98754596710205,hit_wordnet
6205,2031,core,517,entity,-9.096508026123047,hit_wordnet
6206,2031,core,683,process,-10.496078491210938,hit_wordnet
6207,2031,core,644,part,-10.799036026000977,hit_wordnet
6208,2032,thread,513,tool,-6.040126800537109,hit_wordnet
6209,2032,thread,2052,whole,-8.267407417297363,hit_wordnet
6210,2032,thread,781,group,-8.324867248535156,hit_wordnet
6211,2032,thread,517,entity,-8.769122123718262,hit_wordnet
6212,2032,thread,839,object,-8.786169052124023,hit_wordnet
6213,2033,consumable,517,entity,-10.157846450805664,hit_wordnet
6214,2033,consumable,781,group,-11.240252494812012,hit_wordnet
6215,2033,consumable,2052,whole,-11.889500617980957,hit_wordnet
6216,2033,consumable,1376,content,-12.25292682647705,hit_wordnet
6217,2033,consumable,839,object,-12.371336936950684,hit_wordnet
6218,2034,consumable resource,10,resource,-8.992921829223633,hit_wordnet
6219,2034,consumable resource,517,entity,-11.843996047973633,hit_wordnet
6220,2034,consumable resource,1376,content,-12.87833309173584,hit_wordnet
6221,2034,consumable resource,781,group,-13.18029499053955,hit_wordnet
6222,2034,consumable resource,2052,whole,-13.189778327941895,hit_wordnet
6223,2035,selecttypeparameter,517,entity,-14.25727653503418,hit_wordnet
6224,2035,selecttypeparameter,2210,selecttypeparameter configuration,-14.344841003417969,hit_wordnet
6225,2035,selecttypeparameter,208,arbitrary text,-16.137943267822266,hit_wordnet
6226,2035,selecttypeparameter,781,group,-16.22972869873047,hit_wordnet
6227,2035,selecttypeparameter,1060,software,-16.51337432861328,hit_wordnet
6228,2038,step 1slurm.conf parameterpossible,517,entity,-13.062360763549805,hit_wordnet
6229,2038,step 1slurm.conf parameterpossible,781,group,-14.326661109924316,hit_wordnet
6230,2038,step 1slurm.conf parameterpossible,1060,software,-15.653863906860352,hit_wordnet
6231,2038,step 1slurm.conf parameterpossible,866,program,-15.843151092529297,hit_wordnet
6232,2038,step 1slurm.conf parameterpossible,1040,process information,-15.89085578918457,hit_wordnet
6233,2039,nodename,517,entity,-10.910093307495117,hit_wordnet
6234,2039,nodename,781,group,-11.992232322692871,hit_wordnet
6235,2039,nodename,208,arbitrary text,-12.503982543945312,hit_wordnet
6236,2039,nodename,2052,whole,-13.671845436096191,hit_wordnet
6237,2039,nodename,683,process,-13.72091293334961,hit_wordnet
6238,2041,layout,2052,whole,-10.241850852966309,hit_wordnet
6239,2041,layout,517,entity,-10.633098602294922,hit_wordnet
6240,2041,layout,781,group,-11.016892433166504,hit_wordnet
6241,2041,layout,835,placement,-11.027822494506836,hit_wordnet
6242,2041,layout,552,organization,-11.101577758789062,hit_wordnet
6243,2042,board,955,platform,-6.201045036315918,hit_wordnet
6244,2042,board,781,group,-8.133308410644531,hit_wordnet
6245,2042,board,517,entity,-9.535074234008789,hit_wordnet
6246,2042,board,2052,whole,-9.591978073120117,hit_wordnet
6247,2042,board,450,support,-10.320197105407715,hit_wordnet
6248,2043,logical,517,entity,-10.318380355834961,hit_wordnet
6249,2043,logical,781,group,-12.396267890930176,hit_wordnet
6250,2043,logical,208,arbitrary text,-12.654464721679688,hit_wordnet
6251,2043,logical,8,information,-12.946663856506348,hit_wordnet
6252,2043,logical,27,text,-13.164501190185547,hit_wordnet
6253,2044,partitionname,517,entity,-12.016197204589844,hit_wordnet
6254,2044,partitionname,781,group,-12.87049388885498,hit_wordnet
6255,2044,partitionname,60,datum,-13.079063415527344,hit_wordnet
6256,2044,partitionname,208,arbitrary text,-13.992509841918945,hit_wordnet
6257,2044,partitionname,2052,whole,-14.488368034362793,hit_wordnet
6258,2047,oversubscribe,517,entity,-12.999277114868164,hit_wordnet
6259,2047,oversubscribe,929,demand,-14.293376922607422,hit_wordnet
6260,2047,oversubscribe,452,transaction,-14.428742408752441,hit_wordnet
6261,2047,oversubscribe,170,action,-14.605341911315918,hit_wordnet
6262,2047,oversubscribe,921,result,-14.6882905960083,hit_wordnet
6263,2048,maxnode,781,group,-13.284178733825684,hit_wordnet
6264,2048,maxnode,517,entity,-13.320283889770508,hit_wordnet
6265,2048,maxnode,2148,hypernode,-14.312548637390137,hit_wordnet
6266,2048,maxnode,683,process,-14.421806335449219,hit_wordnet
6267,2048,maxnode,11,individual,-14.676813125610352,hit_wordnet
6268,2050,selecttypeselect,517,entity,-14.100200653076172,hit_wordnet
6269,2050,selecttypeselect,781,group,-15.544781684875488,hit_wordnet
6270,2050,selecttypeselect,6,simple text,-16.224241256713867,hit_wordnet
6271,2050,selecttypeselect,683,process,-16.345874786376953,hit_wordnet
6272,2050,selecttypeselect,208,arbitrary text,-16.57386589050293,hit_wordnet
6273,2051,cons_trescontrol,517,entity,-11.131755828857422,hit_wordnet
6274,2051,cons_trescontrol,11,individual,-11.86985969543457,hit_wordnet
6275,2051,cons_trescontrol,781,group,-12.014023780822754,hit_wordnet
6276,2051,cons_trescontrol,111,message,-13.357390403747559,hit_wordnet
6277,2051,cons_trescontrol,451,comment,-14.170755386352539,hit_wordnet
6278,2052,whole,517,entity,-6.011865139007568,hit_wordnet
6279,2052,whole,781,group,-7.124852180480957,hit_wordnet
6280,2052,whole,683,process,-8.751283645629883,hit_wordnet
6281,2053,cr_cpu_memory,517,entity,-13.82542610168457,hit_wordnet
6282,2053,cr_cpu_memory,242,innodb_buffer_pool_size,-14.616397857666016,hit_wordnet
6283,2053,cr_cpu_memory,781,group,-15.180912971496582,hit_wordnet
6284,2053,cr_cpu_memory,683,process,-15.799543380737305,hit_wordnet
6285,2053,cr_cpu_memory,852,total virtual memory,-16.21246910095215,hit_wordnet
6286,2054,cr_core,517,entity,-11.386873245239258,hit_wordnet
6287,2054,cr_core,781,group,-11.48528003692627,hit_wordnet
6288,2054,cr_core,484,unit,-13.436917304992676,hit_wordnet
6289,2054,cr_core,2052,whole,-13.545456886291504,hit_wordnet
6290,2054,cr_core,11,individual,-13.934253692626953,hit_wordnet
6291,2055,cr_core_memory,2053,cr_cpu_memory,-8.462141990661621,hit_wordnet
6292,2055,cr_core_memory,517,entity,-13.325138092041016,hit_wordnet
6293,2055,cr_core_memory,781,group,-14.844279289245605,hit_wordnet
6294,2055,cr_core_memory,242,innodb_buffer_pool_size,-15.133709907531738,hit_wordnet
6295,2055,cr_core_memory,683,process,-15.634357452392578,hit_wordnet
6296,2056,cr_socket,513,tool,-11.86119556427002,hit_wordnet
6297,2056,cr_socket,380,socket,-11.977304458618164,hit_wordnet
6298,2056,cr_socket,781,group,-13.632622718811035,hit_wordnet
6299,2056,cr_socket,517,entity,-13.672285079956055,hit_wordnet
6300,2056,cr_socket,141,machine,-13.743107795715332,hit_wordnet
6301,2057,cr_socket_memory,2053,cr_cpu_memory,-9.719928741455078,hit_wordnet
6302,2057,cr_socket_memory,2055,cr_core_memory,-9.833890914916992,hit_wordnet
6303,2057,cr_socket_memory,517,entity,-13.082708358764648,hit_wordnet
6304,2057,cr_socket_memory,781,group,-14.645953178405762,hit_wordnet
6305,2057,cr_socket_memory,683,process,-15.185922622680664,hit_wordnet
6306,2062,salloc,781,group,-10.799277305603027,hit_wordnet
6307,2062,salloc,517,entity,-11.802457809448242,hit_wordnet
6308,2062,salloc,2052,whole,-13.265507698059082,hit_wordnet
6309,2062,salloc,683,process,-13.493640899658203,hit_wordnet
6310,2062,salloc,513,tool,-13.813918113708496,hit_wordnet
6311,2063,sbatch command line,2026,command line,-11.164778709411621,hit_wordnet
6312,2063,sbatch command line,2079,appropriate command line,-11.29299545288086,hit_wordnet
6313,2063,sbatch command line,781,group,-13.737696647644043,hit_wordnet
6314,2063,sbatch command line,517,entity,-13.894607543945312,hit_wordnet
6315,2063,sbatch command line,866,program,-15.309589385986328,hit_wordnet
6316,2064,step 1command line optionpossible,2084,step 2command line optionpossible,-2.6648058891296387,hit_wordnet
6317,2064,step 1command line optionpossible,517,entity,-13.438257217407227,hit_wordnet
6318,2064,step 1command line optionpossible,781,group,-13.944336891174316,hit_wordnet
6319,2064,step 1command line optionpossible,293,command,-15.399087905883789,hit_wordnet
6320,2064,step 1command line optionpossible,6,simple text,-15.634895324707031,hit_wordnet
6321,2065,arestrict node,517,entity,-11.593664169311523,hit_wordnet
6322,2065,arestrict node,781,group,-12.165244102478027,hit_wordnet
6323,2065,arestrict node,38,node,-13.156167030334473,hit_wordnet
6324,2065,arestrict node,683,process,-13.211132049560547,hit_wordnet
6325,2065,arestrict node,2052,whole,-13.706997871398926,hit_wordnet
6326,2066,contiguous,2052,whole,-8.176743507385254,hit_wordnet
6327,2066,contiguous,781,group,-8.246638298034668,hit_wordnet
6328,2066,contiguous,1111,section,-8.921810150146484,hit_wordnet
6329,2066,contiguous,517,entity,-9.05316162109375,hit_wordnet
6330,2066,contiguous,264,set,-9.700201988220215,hit_wordnet
6331,2067,restrict node,781,group,-12.078717231750488,hit_wordnet
6332,2067,restrict node,517,entity,-12.242507934570312,hit_wordnet
6333,2067,restrict node,2052,whole,-14.275830268859863,hit_wordnet
6334,2067,restrict node,223,system,-14.63356876373291,hit_wordnet
6335,2067,restrict node,552,organization,-14.645482063293457,hit_wordnet
6336,2068,aprevent,517,entity,-10.168376922607422,hit_wordnet
6337,2068,aprevent,11,individual,-10.684568405151367,hit_wordnet
6338,2068,aprevent,781,group,-12.306984901428223,hit_wordnet
6339,2068,aprevent,1498,relative,-12.563899993896484,hit_wordnet
6340,2068,aprevent,484,unit,-13.451277732849121,hit_wordnet
6341,2069,suballocate,517,entity,-11.59984016418457,hit_wordnet
6342,2069,suballocate,781,group,-12.57848072052002,hit_wordnet
6343,2069,suballocate,954,product,-13.10840892791748,hit_wordnet
6344,2069,suballocate,484,unit,-13.598807334899902,hit_wordnet
6345,2069,suballocate,2052,whole,-13.624289512634277,hit_wordnet
6346,2072,minimum,490,amount,-7.950004577636719,hit_wordnet
6347,2072,minimum,484,unit,-9.661128997802734,hit_wordnet
6348,2072,minimum,108,number,-10.360383987426758,hit_wordnet
6349,2072,minimum,2052,whole,-10.635371208190918,hit_wordnet
6350,2072,minimum,644,part,-11.173503875732422,hit_wordnet
6351,2074,default allocation,2195,block allocation,-8.615307807922363,hit_wordnet
6352,2074,default allocation,2021,allocation,-10.603463172912598,hit_wordnet
6353,2074,default allocation,892,resource allocation,-12.622673034667969,hit_wordnet
6354,2074,default allocation,517,entity,-14.55677604675293,hit_wordnet
6355,2074,default allocation,1099,management,-14.600263595581055,hit_wordnet
6356,2075,block,2052,whole,-6.633157730102539,hit_wordnet
6357,2075,block,781,group,-7.6065874099731445,hit_wordnet
6358,2075,block,517,entity,-7.944186210632324,hit_wordnet
6359,2075,block,644,part,-8.288347244262695,hit_wordnet
6360,2075,block,839,object,-8.858365058898926,hit_wordnet
6361,2077,cyclic,781,group,-8.54776668548584,hit_wordnet
6362,2077,cyclic,517,entity,-9.53421401977539,hit_wordnet
6363,2077,cyclic,11,individual,-10.733583450317383,hit_wordnet
6364,2077,cyclic,1873,digit,-12.113561630249023,hit_wordnet
6365,2077,cyclic,1871,letter,-12.656702041625977,hit_wordnet
6366,2078,robin,781,group,-12.544465065002441,hit_wordnet
6367,2078,robin,517,entity,-12.674623489379883,hit_wordnet
6368,2078,robin,11,individual,-13.158771514892578,hit_wordnet
6369,2078,robin,513,tool,-14.231186866760254,hit_wordnet
6370,2078,robin,521,man,-14.393884658813477,hit_wordnet
6371,2079,appropriate command line,781,group,-13.92888355255127,hit_wordnet
6372,2079,appropriate command line,293,command,-14.005203247070312,hit_wordnet
6373,2079,appropriate command line,517,entity,-14.02175521850586,hit_wordnet
6374,2079,appropriate command line,683,process,-16.774972915649414,hit_wordnet
6375,2079,appropriate command line,2052,whole,-16.86327362060547,hit_wordnet
6376,2083,parameterpossible,517,entity,-13.629755020141602,hit_wordnet
6377,2083,parameterpossible,131,parameter,-13.885581970214844,hit_wordnet
6378,2083,parameterpossible,108,number,-15.108512878417969,hit_wordnet
6379,2083,parameterpossible,781,group,-15.66039752960205,hit_wordnet
6380,2083,parameterpossible,484,unit,-15.825852394104004,hit_wordnet
6381,2084,step 2command line optionpossible,517,entity,-13.624944686889648,hit_wordnet
6382,2084,step 2command line optionpossible,781,group,-14.058756828308105,hit_wordnet
6383,2084,step 2command line optionpossible,293,command,-15.279182434082031,hit_wordnet
6384,2084,step 2command line optionpossible,2052,whole,-16.05081558227539,hit_wordnet
6385,2084,step 2command line optionpossible,6,simple text,-16.0728759765625,hit_wordnet
6386,2086,overcommitment,881,decrease,-13.152616500854492,hit_wordnet
6387,2086,overcommitment,791,condition,-13.602208137512207,hit_wordnet
6388,2086,overcommitment,731,behavior,-13.927907943725586,hit_wordnet
6389,2086,overcommitment,170,action,-14.1867094039917,hit_wordnet
6390,2086,overcommitment,523,ability,-14.905930519104004,hit_wordnet
6391,2089,step 3slurm.conf parameterpossible,2038,step 1slurm.conf parameterpossible,-3.218076229095459,hit_wordnet
6392,2089,step 3slurm.conf parameterpossible,517,entity,-12.697854995727539,hit_wordnet
6393,2089,step 3slurm.conf parameterpossible,781,group,-13.980788230895996,hit_wordnet
6394,2089,step 3slurm.conf parameterpossible,27,text,-15.700084686279297,hit_wordnet
6395,2089,step 3slurm.conf parameterpossible,1060,software,-15.725963592529297,hit_wordnet
6396,2090,maxtaskspernode,517,entity,-12.786249160766602,hit_wordnet
6397,2090,maxtaskspernode,781,group,-13.200013160705566,hit_wordnet
6398,2090,maxtaskspernode,683,process,-13.832258224487305,hit_wordnet
6399,2090,maxtaskspernode,718,solution,-14.656583786010742,hit_wordnet
6400,2090,maxtaskspernode,11,individual,-14.808942794799805,hit_wordnet
6401,2092,step 3command line optionpossible,2064,step 1command line optionpossible,-2.148186206817627,hit_wordnet
6402,2092,step 3command line optionpossible,2084,step 2command line optionpossible,-2.8299126625061035,hit_wordnet
6403,2092,step 3command line optionpossible,517,entity,-13.393474578857422,hit_wordnet
6404,2092,step 3command line optionpossible,781,group,-13.848498344421387,hit_wordnet
6405,2092,step 3command line optionpossible,293,command,-15.134592056274414,hit_wordnet
6406,2093,sequence,517,entity,-7.431922912597656,hit_wordnet
6407,2093,sequence,683,process,-7.713482856750488,hit_wordnet
6408,2093,sequence,2052,whole,-7.998257637023926,hit_wordnet
6409,2093,sequence,781,group,-8.953475952148438,hit_wordnet
6410,2093,sequence,1704,topic,-9.531697273254395,hit_wordnet
6411,2094,acontrol,781,group,-13.57587718963623,hit_wordnet
6412,2094,acontrol,517,entity,-13.886768341064453,hit_wordnet
6413,2094,acontrol,683,process,-14.546649932861328,hit_wordnet
6414,2094,acontrol,11,individual,-16.182283401489258,hit_wordnet
6415,2094,acontrol,718,solution,-16.74943733215332,hit_wordnet
6416,2096,subset,2052,whole,-7.379665374755859,hit_wordnet
6417,2096,subset,517,entity,-7.930985450744629,hit_wordnet
6418,2096,subset,552,organization,-8.23827075958252,hit_wordnet
6419,2096,subset,264,set,-8.241354942321777,hit_wordnet
6420,2096,subset,781,group,-9.134964942932129,hit_wordnet
6421,2101,slurmd,781,group,-13.748539924621582,hit_wordnet
6422,2101,slurmd,683,process,-13.845243453979492,hit_wordnet
6423,2101,slurmd,517,entity,-14.078189849853516,hit_wordnet
6424,2101,slurmd,513,tool,-15.31495189666748,hit_wordnet
6425,2101,slurmd,1,slurm,-15.427467346191406,hit_wordnet
6426,2103,taskplugintask,517,entity,-12.448453903198242,hit_wordnet
6427,2103,taskplugintask,141,machine,-13.122300148010254,hit_wordnet
6428,2103,taskplugintask,781,group,-13.437066078186035,hit_wordnet
6429,2103,taskplugintask,11,individual,-13.52435302734375,hit_wordnet
6430,2103,taskplugintask,513,tool,-14.304852485656738,hit_wordnet
6431,2104,affinity,1004,attribute,-8.912909507751465,hit_wordnet
6432,2104,affinity,523,ability,-9.826929092407227,hit_wordnet
6433,2104,affinity,721,concept,-10.00880241394043,hit_wordnet
6434,2104,affinity,517,entity,-10.11920166015625,hit_wordnet
6435,2104,affinity,337,quality,-10.657959938049316,hit_wordnet
6436,2105,cgroupcontrol,781,group,-12.524415016174316,hit_wordnet
6437,2105,cgroupcontrol,517,entity,-12.708538055419922,hit_wordnet
6438,2105,cgroupcontrol,683,process,-14.2564697265625,hit_wordnet
6439,2105,cgroupcontrol,30,mechanism,-14.558427810668945,hit_wordnet
6440,2105,cgroupcontrol,1901,rescontrol,-15.195358276367188,hit_wordnet
6441,2106,cgroup.conf,781,group,-9.765961647033691,hit_wordnet
6442,2106,cgroup.conf,517,entity,-10.580116271972656,hit_wordnet
6443,2106,cgroup.conf,552,organization,-12.221793174743652,hit_wordnet
6444,2106,cgroup.conf,223,system,-13.345561027526855,hit_wordnet
6445,2106,cgroup.conf,264,set,-13.594050407409668,hit_wordnet
6446,2107,constraincoresyes,781,group,-12.182856559753418,hit_wordnet
6447,2107,constraincoresyes,517,entity,-12.706283569335938,hit_wordnet
6448,2107,constraincoresyes,683,process,-14.946205139160156,hit_wordnet
6449,2107,constraincoresyes,30,mechanism,-15.108697891235352,hit_wordnet
6450,2107,constraincoresyes,785,control,-15.194501876831055,hit_wordnet
6451,2108,nocontrol,781,group,-11.56994915008545,hit_wordnet
6452,2108,nocontrol,517,entity,-11.697111129760742,hit_wordnet
6453,2108,nocontrol,683,process,-12.973182678222656,hit_wordnet
6454,2108,nocontrol,11,individual,-14.078851699829102,hit_wordnet
6455,2108,nocontrol,30,mechanism,-14.279783248901367,hit_wordnet
6456,2109,step 4command line optionpossible,2092,step 3command line optionpossible,-1.7134021520614624,hit_wordnet
6457,2109,step 4command line optionpossible,2064,step 1command line optionpossible,-2.22461199760437,hit_wordnet
6458,2109,step 4command line optionpossible,2084,step 2command line optionpossible,-2.90606427192688,hit_wordnet
6459,2109,step 4command line optionpossible,517,entity,-13.39185905456543,hit_wordnet
6460,2109,step 4command line optionpossible,781,group,-13.808220863342285,hit_wordnet
6461,2110,bindsee man,11,individual,-8.654787063598633,hit_wordnet
6462,2110,bindsee man,1498,relative,-10.543323516845703,hit_wordnet
6463,2110,bindsee man,521,man,-11.018171310424805,hit_wordnet
6464,2110,bindsee man,1637,official,-11.065140724182129,hit_wordnet
6465,2110,bindsee man,1225,owner,-11.34587287902832,hit_wordnet
6466,2113,difference,1004,attribute,-8.483654975891113,hit_wordnet
6467,2113,difference,791,condition,-8.501426696777344,hit_wordnet
6468,2113,difference,622,change,-8.728160858154297,hit_wordnet
6469,2113,difference,104,state,-8.846550941467285,hit_wordnet
6470,2113,difference,517,entity,-9.341278076171875,hit_wordnet
6471,2114,unexpected adverse,517,entity,-14.739557266235352,hit_wordnet
6472,2114,unexpected adverse,781,group,-16.268970489501953,hit_wordnet
6473,2114,unexpected adverse,683,process,-16.62811851501465,hit_wordnet
6474,2114,unexpected adverse,2052,whole,-17.457115173339844,hit_wordnet
6475,2114,unexpected adverse,791,condition,-17.58608627319336,hit_wordnet
6476,2115,whole node,2052,whole,-10.730177879333496,hit_wordnet
6477,2115,whole node,781,group,-10.984841346740723,hit_wordnet
6478,2115,whole node,517,entity,-11.028831481933594,hit_wordnet
6479,2115,whole node,38,node,-11.046512603759766,hit_wordnet
6480,2115,whole node,683,process,-12.70111083984375,hit_wordnet
6481,2119,easy,517,entity,-13.247459411621094,hit_wordnet
6482,2119,easy,781,group,-13.30298900604248,hit_wordnet
6483,2119,easy,2052,whole,-13.437006950378418,hit_wordnet
6484,2119,easy,1606,situation,-14.723533630371094,hit_wordnet
6485,2119,easy,576,attempt,-14.750946998596191,hit_wordnet
6486,2120,comprehensive,517,entity,-11.375890731811523,hit_wordnet
6487,2120,comprehensive,781,group,-12.392231941223145,hit_wordnet
6488,2120,comprehensive,552,organization,-13.90356731414795,hit_wordnet
6489,2120,comprehensive,472,plan,-14.568782806396484,hit_wordnet
6490,2120,comprehensive,11,individual,-14.754859924316406,hit_wordnet
6491,2123,limited,781,group,-10.32104206085205,hit_wordnet
6492,2123,limited,517,entity,-10.453752517700195,hit_wordnet
6493,2123,limited,484,unit,-10.727082252502441,hit_wordnet
6494,2123,limited,11,individual,-11.774633407592773,hit_wordnet
6495,2123,limited,2052,whole,-12.712054252624512,hit_wordnet
6496,2124,optioninformation,517,entity,-12.868001937866211,hit_wordnet
6497,2124,optioninformation,1816,request,-12.887001037597656,hit_wordnet
6498,2124,optioninformation,452,transaction,-13.95567798614502,hit_wordnet
6499,2124,optioninformation,1139,disclosure,-14.152920722961426,hit_wordnet
6500,2124,optioninformation,137,communication,-14.22006893157959,hit_wordnet
6501,2125,scontrol,2094,acontrol,-12.979510307312012,hit_wordnet
6502,2125,scontrol,781,group,-13.220349311828613,hit_wordnet
6503,2125,scontrol,513,tool,-13.820233345031738,hit_wordnet
6504,2125,scontrol,517,entity,-13.953157424926758,hit_wordnet
6505,2125,scontrol,683,process,-14.489477157592773,hit_wordnet
6506,2127,slurm abstract cpu,517,entity,-13.540868759155273,hit_wordnet
6507,2127,slurm abstract cpu,781,group,-14.538456916809082,hit_wordnet
6508,2127,slurm abstract cpu,141,machine,-15.359042167663574,hit_wordnet
6509,2127,slurm abstract cpu,11,individual,-15.417394638061523,hit_wordnet
6510,2127,slurm abstract cpu,2137,physical cpu,-15.55348014831543,hit_wordnet
6511,2128,hardware cpu,2137,physical cpu,-5.036569595336914,hit_wordnet
6512,2128,hardware cpu,650,cpu,-7.7067461013793945,hit_wordnet
6513,2128,hardware cpu,775,processor,-12.13353157043457,hit_wordnet
6514,2128,hardware cpu,120,computer,-14.423906326293945,hit_wordnet
6515,2128,hardware cpu,517,entity,-14.835506439208984,hit_wordnet
6516,2129,proc,517,entity,-6.829022407531738,hit_wordnet
6517,2129,proc,683,process,-8.18560791015625,hit_wordnet
6518,2129,proc,781,group,-8.318527221679688,hit_wordnet
6519,2129,proc,2052,whole,-8.831110000610352,hit_wordnet
6520,2129,proc,104,state,-9.848081588745117,hit_wordnet
6521,2130,cpuinfo,517,entity,-11.038360595703125,hit_wordnet
6522,2130,cpuinfo,781,group,-12.197480201721191,hit_wordnet
6523,2130,cpuinfo,11,individual,-13.668281555175781,hit_wordnet
6524,2130,cpuinfo,1680,character,-13.877914428710938,hit_wordnet
6525,2130,cpuinfo,1871,letter,-14.194114685058594,hit_wordnet
6526,2133,pid,781,group,-11.40544605255127,hit_wordnet
6527,2133,pid,517,entity,-12.215044021606445,hit_wordnet
6528,2133,pid,484,unit,-12.898638725280762,hit_wordnet
6529,2133,pid,1873,digit,-12.999458312988281,hit_wordnet
6530,2133,pid,1871,letter,-13.173580169677734,hit_wordnet
6531,2135,readable,27,text,-9.9990234375,hit_wordnet
6532,2135,readable,517,entity,-10.712997436523438,hit_wordnet
6533,2135,readable,6,simple text,-11.280250549316406,hit_wordnet
6534,2135,readable,8,information,-11.299761772155762,hit_wordnet
6535,2135,readable,1997,copy,-12.074462890625,hit_wordnet
6536,2137,physical cpu,650,cpu,-7.191072940826416,hit_wordnet
6537,2137,physical cpu,775,processor,-11.967018127441406,hit_wordnet
6538,2137,physical cpu,120,computer,-13.771028518676758,hit_wordnet
6539,2137,physical cpu,517,entity,-14.700532913208008,hit_wordnet
6540,2137,physical cpu,781,group,-15.682196617126465,hit_wordnet
6541,2138,actual,517,entity,-8.212226867675781,hit_wordnet
6542,2138,actual,8,information,-10.414417266845703,hit_wordnet
6543,2138,actual,781,group,-10.684536933898926,hit_wordnet
6544,2138,actual,2052,whole,-11.267376899719238,hit_wordnet
6545,2138,actual,1376,content,-11.385941505432129,hit_wordnet
6546,2143,sacctmgr man,11,individual,-10.431049346923828,hit_wordnet
6547,2143,sacctmgr man,1498,relative,-12.371417999267578,hit_wordnet
6548,2143,sacctmgr man,521,man,-12.522918701171875,hit_wordnet
6549,2143,sacctmgr man,517,entity,-12.7081298828125,hit_wordnet
6550,2143,sacctmgr man,1637,official,-12.798237800598145,hit_wordnet
6551,2145,scenario,721,concept,-12.221877098083496,hit_wordnet
6552,2145,scenario,517,entity,-12.232555389404297,hit_wordnet
6553,2145,scenario,472,plan,-13.345285415649414,hit_wordnet
6554,2145,scenario,1704,topic,-13.347573280334473,hit_wordnet
6555,2145,scenario,8,information,-13.426758766174316,hit_wordnet
6556,2146,many additional,517,entity,-11.768590927124023,hit_wordnet
6557,2146,many additional,108,number,-12.076732635498047,hit_wordnet
6558,2146,many additional,1206,total,-12.574707984924316,hit_wordnet
6559,2146,many additional,524,additional,-12.71557331085205,hit_wordnet
6560,2146,many additional,781,group,-12.765599250793457,hit_wordnet
6561,2148,hypernode,517,entity,-11.953548431396484,hit_wordnet
6562,2148,hypernode,683,process,-12.43414306640625,hit_wordnet
6563,2148,hypernode,781,group,-12.867720603942871,hit_wordnet
6564,2148,hypernode,718,solution,-13.64963150024414,hit_wordnet
6565,2148,hypernode,537,element,-13.865222930908203,hit_wordnet
6566,2149,n3,517,entity,-12.628335952758789,hit_wordnet
6567,2149,n3,781,group,-13.149641990661621,hit_wordnet
6568,2149,n3,1873,digit,-14.124109268188477,hit_wordnet
6569,2149,n3,484,unit,-14.321784019470215,hit_wordnet
6570,2149,n3,108,number,-15.203176498413086,hit_wordnet
6571,2152,linear configuration,73,configuration,-8.374873161315918,hit_wordnet
6572,2152,linear configuration,223,system,-10.394259452819824,hit_wordnet
6573,2152,linear configuration,835,placement,-10.778436660766602,hit_wordnet
6574,2152,linear configuration,264,set,-10.895766258239746,hit_wordnet
6575,2152,linear configuration,2052,whole,-11.043490409851074,hit_wordnet
6576,2156,selecttype configuration,517,entity,-13.551170349121094,hit_wordnet
6577,2156,selecttype configuration,2028,selecttype,-14.377923011779785,hit_wordnet
6578,2156,selecttype configuration,781,group,-14.568408012390137,hit_wordnet
6579,2156,selecttype configuration,1060,software,-14.579479217529297,hit_wordnet
6580,2156,selecttype configuration,208,arbitrary text,-15.59071159362793,hit_wordnet
6581,2157,possible,517,entity,-13.238187789916992,hit_wordnet
6582,2157,possible,781,group,-13.511822700500488,hit_wordnet
6583,2157,possible,2052,whole,-14.746050834655762,hit_wordnet
6584,2157,possible,484,unit,-15.1382474899292,hit_wordnet
6585,2157,possible,11,individual,-15.175527572631836,hit_wordnet
6586,2158,nodenamen0n1n,517,entity,-11.045862197875977,hit_wordnet
6587,2158,nodenamen0n1n,781,group,-12.412074089050293,hit_wordnet
6588,2158,nodenamen0n1n,1871,letter,-15.083559036254883,hit_wordnet
6589,2158,nodenamen0n1n,11,individual,-15.426298141479492,hit_wordnet
6590,2158,nodenamen0n1n,60,datum,-15.49632453918457,hit_wordnet
6591,2159,balanced,517,entity,-11.291202545166016,hit_wordnet
6592,2159,balanced,781,group,-11.36635684967041,hit_wordnet
6593,2159,balanced,484,unit,-11.782763481140137,hit_wordnet
6594,2159,balanced,11,individual,-12.052555084228516,hit_wordnet
6595,2159,balanced,954,product,-13.373814582824707,hit_wordnet
6596,2161,minimization,1709,new process,-10.865107536315918,hit_wordnet
6597,2161,minimization,683,process,-11.165424346923828,hit_wordnet
6598,2161,minimization,836,calculation,-11.166436195373535,hit_wordnet
6599,2161,minimization,881,decrease,-11.256647109985352,hit_wordnet
6600,2161,minimization,2169,method,-11.390440940856934,hit_wordnet
6601,2163,allocate,907,share,-12.310798645019531,hit_wordnet
6602,2163,allocate,517,entity,-12.322820663452148,hit_wordnet
6603,2163,allocate,2190,allocated,-12.583945274353027,hit_wordnet
6604,2163,allocate,315,storage,-13.376136779785156,hit_wordnet
6605,2163,allocate,781,group,-13.797497749328613,hit_wordnet
6606,2164,fragmentation,683,process,-7.893955230712891,hit_wordnet
6607,2164,fragmentation,517,entity,-11.138721466064453,hit_wordnet
6608,2164,fragmentation,2052,whole,-11.263659477233887,hit_wordnet
6609,2164,fragmentation,1709,new process,-11.984432220458984,hit_wordnet
6610,2164,fragmentation,781,group,-12.219977378845215,hit_wordnet
6611,2165,unallocated,517,entity,-12.180046081542969,hit_wordnet
6612,2165,unallocated,781,group,-12.188981056213379,hit_wordnet
6613,2165,unallocated,2052,whole,-12.966979026794434,hit_wordnet
6614,2165,unallocated,683,process,-14.070791244506836,hit_wordnet
6615,2165,unallocated,644,part,-14.655948638916016,hit_wordnet
6616,2166,cr_core_default_dist_block,517,entity,-11.90145492553711,hit_wordnet
6617,2166,cr_core_default_dist_block,781,group,-12.184536933898926,hit_wordnet
6618,2166,cr_core_default_dist_block,2052,whole,-12.34504222869873,hit_wordnet
6619,2166,cr_core_default_dist_block,60,datum,-13.055971145629883,hit_wordnet
6620,2166,cr_core_default_dist_block,6,simple text,-13.161884307861328,hit_wordnet
6621,2167,minimize,517,entity,-12.75350570678711,hit_wordnet
6622,2167,minimize,11,individual,-13.073423385620117,hit_wordnet
6623,2167,minimize,141,machine,-13.303080558776855,hit_wordnet
6624,2167,minimize,781,group,-13.839804649353027,hit_wordnet
6625,2167,minimize,954,product,-14.139521598815918,hit_wordnet
6626,2168,configuration option,517,entity,-14.526727676391602,hit_wordnet
6627,2168,configuration option,30,mechanism,-14.567771911621094,hit_wordnet
6628,2168,configuration option,530,utility,-14.710668563842773,hit_wordnet
6629,2168,configuration option,472,plan,-14.820137023925781,hit_wordnet
6630,2168,configuration option,479,relevant configuration,-14.832611083984375,hit_wordnet
6631,2169,method,772,procedure,-5.968503475189209,hit_wordnet
6632,2169,method,212,creation,-8.301701545715332,hit_wordnet
6633,2169,method,137,communication,-8.316494941711426,hit_wordnet
6634,2169,method,517,entity,-8.831299781799316,hit_wordnet
6635,2169,method,683,process,-8.859818458557129,hit_wordnet
6636,2175,plane,781,group,-8.012126922607422,hit_wordnet
6637,2175,plane,2052,whole,-8.457194328308105,hit_wordnet
6638,2175,plane,517,entity,-8.748889923095703,hit_wordnet
6639,2175,plane,513,tool,-9.686164855957031,hit_wordnet
6640,2175,plane,839,object,-9.706966400146484,hit_wordnet
6641,2179,third,145,second,-9.423626899719238,hit_wordnet
6642,2179,third,781,group,-10.686884880065918,hit_wordnet
6643,2179,third,517,entity,-10.909782409667969,hit_wordnet
6644,2179,third,11,individual,-11.223237991333008,hit_wordnet
6645,2179,third,484,unit,-11.61046314239502,hit_wordnet
6646,2180,n0 srun,517,entity,-12.64852523803711,hit_wordnet
6647,2180,n0 srun,781,group,-12.927861213684082,hit_wordnet
6648,2180,n0 srun,484,unit,-14.145251274108887,hit_wordnet
6649,2180,n0 srun,1871,letter,-14.596839904785156,hit_wordnet
6650,2180,n0 srun,60,datum,-15.397562026977539,hit_wordnet
6651,2182,yes,517,entity,-13.475482940673828,hit_wordnet
6652,2182,yes,1451,confirm,-13.840950965881348,hit_wordnet
6653,2182,yes,1816,request,-13.991531372070312,hit_wordnet
6654,2182,yes,111,message,-14.7417631149292,hit_wordnet
6655,2182,yes,769,reply,-14.778614044189453,hit_wordnet
6656,2184,cr_cpu,517,entity,-13.485700607299805,hit_wordnet
6657,2184,cr_cpu,11,individual,-13.978033065795898,hit_wordnet
6658,2184,cr_cpu,781,group,-14.140076637268066,hit_wordnet
6659,2184,cr_cpu,484,unit,-14.902237892150879,hit_wordnet
6660,2184,cr_cpu,1637,official,-15.749911308288574,hit_wordnet
6661,2186,nomultithread,517,entity,-9.550384521484375,hit_wordnet
6662,2186,nomultithread,781,group,-10.962620735168457,hit_wordnet
6663,2186,nomultithread,683,process,-13.29532241821289,hit_wordnet
6664,2186,nomultithread,1871,letter,-13.359260559082031,hit_wordnet
6665,2186,nomultithread,11,individual,-13.453714370727539,hit_wordnet
6666,2188,nodenamen,2039,nodename,-8.384505271911621,hit_wordnet
6667,2188,nodenamen,517,entity,-11.086858749389648,hit_wordnet
6668,2188,nodenamen,781,group,-11.56337833404541,hit_wordnet
6669,2188,nodenamen,208,arbitrary text,-12.19932746887207,hit_wordnet
6670,2188,nodenamen,6,simple text,-12.822872161865234,hit_wordnet
6671,2190,allocated,517,entity,-12.158098220825195,hit_wordnet
6672,2190,allocated,907,share,-12.778118133544922,hit_wordnet
6673,2190,allocated,315,storage,-12.985992431640625,hit_wordnet
6674,2190,allocated,2021,allocation,-13.269464492797852,hit_wordnet
6675,2190,allocated,781,group,-13.402396202087402,hit_wordnet
6676,2191,default distribution,1384,distribution,-11.98261833190918,hit_wordnet
6677,2191,default distribution,2197,block distribution,-12.515082359313965,hit_wordnet
6678,2191,default distribution,517,entity,-15.060121536254883,hit_wordnet
6679,2191,default distribution,2202,cyclic distribution,-15.237009048461914,hit_wordnet
6680,2191,default distribution,2217,task distribution,-16.11126136779785,hit_wordnet
6681,2195,block allocation,2021,allocation,-8.52344036102295,hit_wordnet
6682,2195,block allocation,892,resource allocation,-10.810389518737793,hit_wordnet
6683,2195,block allocation,1099,management,-13.160810470581055,hit_wordnet
6684,2195,block allocation,517,entity,-13.79576301574707,hit_wordnet
6685,2195,block allocation,530,utility,-14.112056732177734,hit_wordnet
6686,2196,distribute,540,addition,-9.604612350463867,hit_wordnet
6687,2196,distribute,517,entity,-10.886554718017578,hit_wordnet
6688,2196,distribute,212,creation,-11.028088569641113,hit_wordnet
6689,2196,distribute,954,product,-11.188285827636719,hit_wordnet
6690,2196,distribute,1384,distribution,-11.277862548828125,hit_wordnet
6691,2197,block distribution,1384,distribution,-10.957390785217285,hit_wordnet
6692,2197,block distribution,517,entity,-14.488651275634766,hit_wordnet
6693,2197,block distribution,683,process,-14.959491729736328,hit_wordnet
6694,2197,block distribution,2052,whole,-15.370862007141113,hit_wordnet
6695,2197,block distribution,781,group,-15.396000862121582,hit_wordnet
6696,2199,block allocation method,1060,software,-13.050643920898438,hit_wordnet
6697,2199,block allocation method,772,procedure,-13.636832237243652,hit_wordnet
6698,2199,block allocation method,2169,method,-13.745925903320312,hit_wordnet
6699,2199,block allocation method,1709,new process,-13.829126358032227,hit_wordnet
6700,2199,block allocation method,30,mechanism,-13.994184494018555,hit_wordnet
6701,2200,socket i,517,entity,-10.956869125366211,hit_wordnet
6702,2200,socket i,781,group,-11.786042213439941,hit_wordnet
6703,2200,socket i,1871,letter,-13.139102935791016,hit_wordnet
6704,2200,socket i,484,unit,-13.737809181213379,hit_wordnet
6705,2200,socket i,11,individual,-13.90479850769043,hit_wordnet
6706,2202,cyclic distribution,1384,distribution,-13.687963485717773,hit_wordnet
6707,2202,cyclic distribution,517,entity,-14.15577507019043,hit_wordnet
6708,2202,cyclic distribution,683,process,-14.987049102783203,hit_wordnet
6709,2202,cyclic distribution,781,group,-15.1602201461792,hit_wordnet
6710,2202,cyclic distribution,640,statistic,-15.663982391357422,hit_wordnet
6711,2207,multi-thread,517,entity,-14.066869735717773,hit_wordnet
6712,2207,multi-thread,781,group,-14.150731086730957,hit_wordnet
6713,2207,multi-thread,120,computer,-14.174636840820312,hit_wordnet
6714,2207,multi-thread,866,program,-14.23731803894043,hit_wordnet
6715,2207,multi-thread,141,machine,-14.238373756408691,hit_wordnet
6716,2208,taskplugin,517,entity,-13.368513107299805,hit_wordnet
6717,2208,taskplugin,781,group,-13.869479179382324,hit_wordnet
6718,2208,taskplugin,683,process,-14.692066192626953,hit_wordnet
6719,2208,taskplugin,11,individual,-16.303691864013672,hit_wordnet
6720,2208,taskplugin,141,machine,-16.35340118408203,hit_wordnet
6721,2210,selecttypeparameter configuration,2156,selecttype configuration,-12.850865364074707,hit_wordnet
6722,2210,selecttypeparameter configuration,517,entity,-13.592994689941406,hit_wordnet
6723,2210,selecttypeparameter configuration,1060,software,-14.441179275512695,hit_wordnet
6724,2210,selecttypeparameter configuration,208,arbitrary text,-14.725547790527344,hit_wordnet
6725,2210,selecttypeparameter configuration,781,group,-14.997876167297363,hit_wordnet
6726,2211,taskplugin configuration,517,entity,-14.358314514160156,hit_wordnet
6727,2211,taskplugin configuration,30,mechanism,-14.75941276550293,hit_wordnet
6728,2211,taskplugin configuration,781,group,-14.781388282775879,hit_wordnet
6729,2211,taskplugin configuration,785,control,-15.073543548583984,hit_wordnet
6730,2211,taskplugin configuration,223,system,-15.318058967590332,hit_wordnet
6731,2214,constraincore,517,entity,-12.72579574584961,hit_wordnet
6732,2214,constraincore,781,group,-12.77446460723877,hit_wordnet
6733,2214,constraincore,785,control,-13.171821594238281,hit_wordnet
6734,2214,constraincore,11,individual,-13.996583938598633,hit_wordnet
6735,2214,constraincore,450,support,-14.865900039672852,hit_wordnet
6736,2217,task distribution,2202,cyclic distribution,-14.457703590393066,hit_wordnet
6737,2217,task distribution,1384,distribution,-14.919858932495117,hit_wordnet
6738,2217,task distribution,517,entity,-15.417716979980469,hit_wordnet
6739,2217,task distribution,640,statistic,-15.506757736206055,hit_wordnet
6740,2217,task distribution,1040,process information,-15.776229858398438,hit_wordnet
6741,2219,january,486,month,-10.375428199768066,hit_wordnet
6742,2219,january,487,day,-11.646240234375,hit_wordnet
6743,2219,january,19,particular time,-13.24345588684082,hit_wordnet
6744,2219,january,517,entity,-14.04936408996582,hit_wordnet
6745,2219,january,781,group,-14.314778327941895,hit_wordnet
