canonical_id,canonical_term,term_type,synonyms_json,abbreviations_json,member_term_ids_json,freq_total,freq_docs,created_at,updated_at
1,effective usage ratio,,"[""Effective Usage Ratio""]",[],[1],4,1,2025-12-12T09:17:39Z,2025-12-12T09:17:39Z
2,account hierarchy,,"[""Account Hierarchy""]",[],[2],5,3,2025-12-12T09:17:39Z,2025-12-12T09:17:39Z
3,configuration,,"[""Configuration"", ""Typical configuration""]",[],"[3, 354]",90,41,2025-12-12T09:17:39Z,2025-12-12T09:17:39Z
5,depth,,[],[],[5],7,5,2025-12-12T09:17:39Z,2025-12-12T09:17:39Z
6,share factor,,[],[],[6],25,3,2025-12-12T09:17:39Z,2025-12-12T09:17:39Z
10,account,,"[""accounts"", ""specific accounts""]",[],"[10, 7830]",128,17,2025-12-12T09:17:39Z,2025-12-12T09:17:39Z
13,priority,,[],[],[13],76,24,2025-12-12T09:17:39Z,2025-12-12T09:17:39Z
14,multifactor plugin,,[],[],[14],7,6,2025-12-12T09:17:39Z,2025-12-12T09:17:39Z
18,share formula,,"[""Share Formula""]",[],[18],5,2,2025-12-12T09:17:39Z,2025-12-12T09:17:39Z
20,formula,,[],[],[20],9,3,2025-12-12T09:17:39Z,2025-12-12T09:17:39Z
21,result,,[],[],[21],25,14,2025-12-12T09:17:39Z,2025-12-12T09:17:39Z
22,level,,[],[],[22],37,18,2025-12-12T09:17:39Z,2025-12-12T09:17:39Z
23,tree,,[],[],[23],14,8,2025-12-12T09:17:39Z,2025-12-12T09:17:39Z
24,root,,[],[],[24],35,17,2025-12-12T09:17:39Z,2025-12-12T09:17:39Z
28,share,,"[""shares""]",[],[28],37,7,2025-12-12T09:17:39Z,2025-12-12T09:17:39Z
30,life decay,,[],[],[30],6,4,2025-12-12T09:17:39Z,2025-12-12T09:17:39Z
33,bit,,[],[],[33],5,5,2025-12-12T09:17:39Z,2025-12-12T09:17:39Z
36,sall_sibling,,"[""Sall_siblings""]",[],[36],3,2,2025-12-12T09:17:39Z,2025-12-12T09:17:39Z
38,usage ratio,,[],[],[38],3,1,2025-12-12T09:17:39Z,2025-12-12T09:17:39Z
40,sibling,,"[""siblings""]",[],[40],8,4,2025-12-12T09:17:39Z,2025-12-12T09:17:39Z
41,child,,"[""children""]",[],[41],21,6,2025-12-12T09:17:39Z,2025-12-12T09:17:39Z
42,time,,"[""times""]",[],[42],237,52,2025-12-12T09:17:39Z,2025-12-12T09:17:39Z
43,parent account,,[],[],[43],5,4,2025-12-12T09:17:39Z,2025-12-12T09:17:39Z
46,ancestor,,"[""ancestors""]",[],[46],7,2,2025-12-12T09:17:39Z,2025-12-12T09:17:39Z
48,hand,,[],[],[48],6,5,2025-12-12T09:17:39Z,2025-12-12T09:17:39Z
50,job,,"[""jobs"", ""multiple jobs""]",[],"[50, 248]",1530,70,2025-12-12T09:17:39Z,2025-12-12T09:17:39Z
52,rparent,,"[""Rparent""]",[],[52],3,1,2025-12-12T09:17:39Z,2025-12-12T09:17:39Z
53,usage,,[],[],[53],46,16,2025-12-12T09:17:39Z,2025-12-12T09:17:39Z
58,parent,,[],[],[58],16,7,2025-12-12T09:17:39Z,2025-12-12T09:17:39Z
62,case,,[],[],[62],92,41,2025-12-12T09:17:39Z,2025-12-12T09:17:39Z
64,function,,[],[],[64],79,23,2025-12-12T09:17:39Z,2025-12-12T09:17:39Z
65,slurm.conf parameter,,"[""slurm.conf parameters""]",[],[65],6,6,2025-12-12T09:17:39Z,2025-12-12T09:17:39Z
67,man page,,[],[],[67],38,20,2025-12-12T09:17:39Z,2025-12-12T09:17:39Z
68,detail,,"[""details""]",[],[68],88,39,2025-12-12T09:17:39Z,2025-12-12T09:17:39Z
69,priorityflag,,"[""PriorityFlags""]",[],[69],5,3,2025-12-12T09:17:39Z,2025-12-12T09:17:39Z
70,set,,"[""Set""]",[],[70],69,31,2025-12-12T09:17:39Z,2025-12-12T09:17:39Z
71,prioritytype,,"[""PriorityType""]",[],[71],6,5,2025-12-12T09:17:39Z,2025-12-12T09:17:39Z
72,multifactor,,[],[],[72],11,6,2025-12-12T09:17:39Z,2025-12-12T09:17:39Z
73,document,,[],[],[73],17,14,2025-12-12T09:17:39Z,2025-12-12T09:17:39Z
75,high throughput computing,,[],[],[75],4,2,2025-12-12T09:17:39Z,2025-12-12T09:17:39Z
76,execution,,[],[],[76],25,19,2025-12-12T09:17:39Z,2025-12-12T09:17:39Z
81,knowledge,,[],[],[81],4,4,2025-12-12T09:17:39Z,2025-12-12T09:17:39Z
82,slurm,,"[""Slurm"", ""multiple Slurm""]",[],"[82, 2973]",796,78,2025-12-12T09:17:39Z,2025-12-12T09:17:39Z
83,prerequisite,,[],[],[83],11,8,2025-12-12T09:17:39Z,2025-12-12T09:17:39Z
89,activity,,[],[],[89],7,4,2025-12-12T09:17:39Z,2025-12-12T09:17:39Z
90,high level,,"[""higher level""]",[],[90],7,5,2025-12-12T09:17:39Z,2025-12-12T09:17:39Z
92,hardware,,[],[],[92],5,5,2025-12-12T09:17:39Z,2025-12-12T09:17:39Z
93,system configuration,,"[""System configuration""]",[],[93],6,6,2025-12-12T09:17:39Z,2025-12-12T09:17:39Z
95,modification,,[],[],[95],8,7,2025-12-12T09:17:39Z,2025-12-12T09:17:39Z
96,large number,,[],[],[96],13,6,2025-12-12T09:17:39Z,2025-12-12T09:17:39Z
97,open file,,"[""open files""]",[],[97],7,4,2025-12-12T09:17:39Z,2025-12-12T09:17:39Z
98,tcp,,"[""TCP"", ""TCP connections""]","[""TCP""]","[98, 1882]",7,4,2025-12-12T09:17:39Z,2025-12-12T09:17:39Z
100,message,,"[""messages""]",[],[100],33,14,2025-12-12T09:17:39Z,2025-12-12T09:17:39Z
101,change,,"[""Changes""]",[],[101],59,29,2025-12-12T09:17:39Z,2025-12-12T09:17:39Z
105,file,,"[""files""]",[],[105],147,39,2025-12-12T09:17:39Z,2025-12-12T09:17:39Z
106,echo,,[],[],[106],14,7,2025-12-12T09:17:39Z,2025-12-12T09:17:39Z
107,proc,,[],[],[107],15,6,2025-12-12T09:17:39Z,2025-12-12T09:17:39Z
108,sys,,[],[],[108],11,3,2025-12-12T09:17:39Z,2025-12-12T09:17:39Z
109,max,,[],[],[109],17,7,2025-12-12T09:17:39Z,2025-12-12T09:17:39Z
110,maximum number,,[],[],[110],102,12,2025-12-12T09:17:39Z,2025-12-12T09:17:39Z
111,limit,,[],[],[111],131,19,2025-12-12T09:17:39Z,2025-12-12T09:17:39Z
112,net,,[],[],[112],6,4,2025-12-12T09:17:39Z,2025-12-12T09:17:39Z
113,ipv,,[],[],[113],12,3,2025-12-12T09:17:39Z,2025-12-12T09:17:39Z
116,memory,,[],[],[116],111,29,2025-12-12T09:17:39Z,2025-12-12T09:17:39Z
117,packet,,[],[],[117],3,2,2025-12-12T09:17:39Z,2025-12-12T09:17:39Z
118,default,,[],[],[118],351,52,2025-12-12T09:17:39Z,2025-12-12T09:17:39Z
119,system,,"[""systems""]",[],[119],124,39,2025-12-12T09:17:39Z,2025-12-12T09:17:39Z
123,number,,"[""specific number""]",[],"[123, 2000]",188,45,2025-12-12T09:17:39Z,2025-12-12T09:17:39Z
126,host,,"[""hosts""]",[],[126],49,17,2025-12-12T09:17:39Z,2025-12-12T09:17:39Z
129,functionality,,[],[],[129],32,21,2025-12-12T09:17:39Z,2025-12-12T09:17:39Z
133,word,,"[""words""]",[],[133],3,2,2025-12-12T09:17:39Z,2025-12-12T09:17:39Z
135,variable,,[],[],[135],8,5,2025-12-12T09:17:39Z,2025-12-12T09:17:39Z
136,integer,,[],[],[136],25,7,2025-12-12T09:17:39Z,2025-12-12T09:17:39Z
139,timeout,,[],[],[139],12,5,2025-12-12T09:17:39Z,2025-12-12T09:17:39Z
140,core,,[],[],[140],139,21,2025-12-12T09:17:39Z,2025-12-12T09:17:39Z
141,somaxconn,,[],[],[141],4,2,2025-12-12T09:17:39Z,2025-12-12T09:17:39Z
142,socket,,[],[],[142],105,22,2025-12-12T09:17:39Z,2025-12-12T09:17:39Z
144,userspace,,[],[],[144],4,3,2025-12-12T09:17:39Z,2025-12-12T09:17:39Z
145,burst,,"[""bursts""]",[],[145],6,3,2025-12-12T09:17:39Z,2025-12-12T09:17:39Z
146,request,,[],[],[146],95,28,2025-12-12T09:17:39Z,2025-12-12T09:17:39Z
148,slurm communication,,"[""Slurm communications""]",[],[148],5,4,2025-12-12T09:17:39Z,2025-12-12T09:17:39Z
150,communication,,"[""communications""]",[],[150],46,20,2025-12-12T09:17:39Z,2025-12-12T09:17:39Z
152,order,,[],[],[152],123,46,2025-12-12T09:17:39Z,2025-12-12T09:17:39Z
153,range,,[],[],[153],16,10,2025-12-12T09:17:39Z,2025-12-12T09:17:39Z
156,site,,[],[],[156],53,20,2025-12-12T09:17:39Z,2025-12-12T09:17:39Z
157,large cluster,,[],[],[157],12,8,2025-12-12T09:17:39Z,2025-12-12T09:17:39Z
160,thread,,"[""threads""]",[],[160],54,17,2025-12-12T09:17:39Z,2025-12-12T09:17:39Z
163,munge daemon,,"[""Munge daemon""]",[],[163],6,4,2025-12-12T09:17:39Z,2025-12-12T09:17:39Z
166,user,,"[""User"", ""multiple users"", ""specific user""]",[],"[166, 914, 8347]",473,65,2025-12-12T09:17:39Z,2025-12-12T09:17:39Z
167,ulimit,,[],[],[167],3,3,2025-12-12T09:17:39Z,2025-12-12T09:17:39Z
168,effect,,[],[],[168],33,13,2025-12-12T09:17:39Z,2025-12-12T09:17:39Z
169,slurmctld daemon,,[],[],[169],51,15,2025-12-12T09:17:39Z,2025-12-12T09:17:39Z
170,memory size,,[],[],[170],3,3,2025-12-12T09:17:39Z,2025-12-12T09:17:39Z
172,stack size,,[],[],[172],3,3,2025-12-12T09:17:39Z,2025-12-12T09:17:39Z
173,slurm configuration,,"[""Slurm Configuration""]",[],[173],8,6,2025-12-12T09:17:39Z,2025-12-12T09:17:39Z
174,slurm configuration parameter,,"[""Slurm configuration parameters""]",[],[174],5,4,2025-12-12T09:17:39Z,2025-12-12T09:17:39Z
175,environment,,"[""environments""]",[],[175],40,23,2025-12-12T09:17:39Z,2025-12-12T09:17:39Z
176,configuration option,,"[""configuration options""]",[],[176],9,9,2025-12-12T09:17:39Z,2025-12-12T09:17:39Z
178,accounting record,,"[""accounting records""]",[],[178],15,7,2025-12-12T09:17:39Z,2025-12-12T09:17:39Z
179,plugin,,"[""specific plugin""]",[],"[179, 2674]",247,40,2025-12-12T09:17:39Z,2025-12-12T09:17:39Z
181,performance,,[],[],[181],28,16,2025-12-12T09:17:39Z,2025-12-12T09:17:39Z
182,slurmdbd,,"[""SlurmDBD""]",[],[182],139,25,2025-12-12T09:17:39Z,2025-12-12T09:17:39Z
185,slurmdbd.conf,file,[],[],[185],18,8,2025-12-12T09:17:39Z,2025-12-12T09:17:39Z
186,jobacctgathertype,,"[""JobAcctGatherType""]",[],[186],13,10,2025-12-12T09:17:39Z,2025-12-12T09:17:39Z
187,collection,,[],[],[187],8,7,2025-12-12T09:17:39Z,2025-12-12T09:17:39Z
189,job throughput,,[],[],[189],4,2,2025-12-12T09:17:39Z,2025-12-12T09:17:39Z
194,jobcomp,,[],[],[194],18,9,2025-12-12T09:17:39Z,2025-12-12T09:17:39Z
197,script,,[],[],[197],65,27,2025-12-12T09:17:39Z,2025-12-12T09:17:39Z
198,internal lock,,"[""internal locks""]",[],[198],3,3,2025-12-12T09:17:39Z,2025-12-12T09:17:39Z
201,slurmctld,,[],[],[201],115,32,2025-12-12T09:17:39Z,2025-12-12T09:17:39Z
204,point,,[],[],[204],17,13,2025-12-12T09:17:39Z,2025-12-12T09:17:39Z
205,running,,[],[],[205],7,6,2025-12-12T09:17:39Z,2025-12-12T09:17:39Z
207,response,,[],[],[207],68,7,2025-12-12T09:17:39Z,2025-12-12T09:17:39Z
208,responsiveness,,[],[],[208],7,6,2025-12-12T09:17:39Z,2025-12-12T09:17:39Z
209,minjobage,,"[""MinJobAge""]",[],[209],4,3,2025-12-12T09:17:39Z,2025-12-12T09:17:39Z
210,record,,[],[],[210],23,11,2025-12-12T09:17:39Z,2025-12-12T09:17:39Z
212,squeue command,,[],[],[212],14,9,2025-12-12T09:17:39Z,2025-12-12T09:17:39Z
213,log,,"[""logs""]",[],[213],20,10,2025-12-12T09:17:39Z,2025-12-12T09:17:39Z
215,option,,"[""general options"", ""options"", ""specific options""]",[],"[215, 9697, 9713]",228,52,2025-12-12T09:17:39Z,2025-12-12T09:17:39Z
216,fifo,,"[""FIFO""]","[""FIFO""]",[216],5,4,2025-12-12T09:17:39Z,2025-12-12T09:17:39Z
217,basi,,"[""basis""]",[],[217],5,4,2025-12-12T09:17:39Z,2025-12-12T09:17:39Z
218,prologslurmctld,,"[""PrologSlurmctld""]",[],[218],25,3,2025-12-12T09:17:39Z,2025-12-12T09:17:39Z
219,epilogslurmctld,,"[""EpilogSlurmctld""]",[],[219],28,3,2025-12-12T09:17:39Z,2025-12-12T09:17:39Z
222,task,,"[""specific tasks""]",[],"[222, 4675]",239,35,2025-12-12T09:17:39Z,2025-12-12T09:17:39Z
223,job array,,[],[],[223],49,10,2025-12-12T09:17:39Z,2025-12-12T09:17:39Z
229,schedulerparameter,,"[""SchedulerParameters""]",[],[229],9,6,2025-12-12T09:17:39Z,2025-12-12T09:17:39Z
232,scheduling,,[],[],[232],24,16,2025-12-12T09:17:39Z,2025-12-12T09:17:39Z
233,batch job,,"[""batch jobs""]",[],[233],50,16,2025-12-12T09:17:39Z,2025-12-12T09:17:39Z
234,overhead,,[],[],[234],8,6,2025-12-12T09:17:39Z,2025-12-12T09:17:39Z
235,rate,,[],[],[235],8,4,2025-12-12T09:17:39Z,2025-12-12T09:17:39Z
237,job submit time,,[],[],[237],4,4,2025-12-12T09:17:39Z,2025-12-12T09:17:39Z
241,individual job,,"[""individual jobs""]",[],[241],4,4,2025-12-12T09:17:39Z,2025-12-12T09:17:39Z
244,difference,,[],[],[244],16,12,2025-12-12T09:17:39Z,2025-12-12T09:17:39Z
246,interactive job,,"[""interactive jobs""]",[],[246],4,4,2025-12-12T09:17:39Z,2025-12-12T09:17:39Z
247,sbatch,,"[""SBATCH hetjob""]",[],"[247, 5635]",56,24,2025-12-12T09:17:39Z,2025-12-12T09:17:39Z
250,configuration parameter,,[],[],[250],26,13,2025-12-12T09:17:39Z,2025-12-12T09:17:39Z
252,job termination,,[],[],[252],7,5,2025-12-12T09:17:39Z,2025-12-12T09:17:39Z
253,state change,,[],[],[253],4,4,2025-12-12T09:17:39Z,2025-12-12T09:17:39Z
255,scheduling logic,,[],[],[255],5,3,2025-12-12T09:17:39Z,2025-12-12T09:17:39Z
256,sched_interval,,[],[],[256],3,2,2025-12-12T09:17:39Z,2025-12-12T09:17:39Z
257,microsecond,,"[""microseconds""]",[],[257],10,4,2025-12-12T09:17:39Z,2025-12-12T09:17:39Z
259,delay,,[],[],[259],5,4,2025-12-12T09:17:39Z,2025-12-12T09:17:39Z
262,backfill plugin,,[],[],[262],4,4,2025-12-12T09:17:39Z,2025-12-12T09:17:39Z
266,backfill scheduling,,[],[],[266],21,7,2025-12-12T09:17:39Z,2025-12-12T09:17:39Z
267,note,,"[""NOTE""]","[""NOTE""]",[267],44,27,2025-12-12T09:17:39Z,2025-12-12T09:17:39Z
268,parameter,,"[""parameters""]",[],[268],58,29,2025-12-12T09:17:39Z,2025-12-12T09:17:39Z
271,bf_window,,[],[],[271],3,2,2025-12-12T09:17:39Z,2025-12-12T09:17:39Z
272,cluster,,"[""multiple clusters""]",[],"[272, 1834]",287,52,2025-12-12T09:17:39Z,2025-12-12T09:17:39Z
274,bf_continue,,[],[],[274],3,2,2025-12-12T09:17:39Z,2025-12-12T09:17:39Z
275,slurmctldparameter,,"[""SlurmctldParameters""]",[],[275],3,3,2025-12-12T09:17:39Z,2025-12-12T09:17:39Z
278,size,,[],[],[278],25,14,2025-12-12T09:17:39Z,2025-12-12T09:17:39Z
284,thread count,,"[""thread counts""]",[],[284],4,3,2025-12-12T09:17:39Z,2025-12-12T09:17:39Z
291,lock,,[],[],[291],10,4,2025-12-12T09:17:39Z,2025-12-12T09:17:39Z
292,contention,,[],[],[292],3,3,2025-12-12T09:17:39Z,2025-12-12T09:17:39Z
298,conmgr_thread,,"[""conmgr_threads""]",[],[298],3,1,2025-12-12T09:17:39Z,2025-12-12T09:17:39Z
299,sdiag,,[],[],[299],5,5,2025-12-12T09:17:39Z,2025-12-12T09:17:39Z
300,statistic,,"[""statistics""]",[],[300],9,7,2025-12-12T09:17:39Z,2025-12-12T09:17:39Z
304,crash,,[],[],[304],5,3,2025-12-12T09:17:39Z,2025-12-12T09:17:39Z
305,accounting,,[],[],[305],32,20,2025-12-12T09:17:39Z,2025-12-12T09:17:39Z
306,schedulertype,,"[""SchedulerType""]",[],[306],6,6,2025-12-12T09:17:39Z,2025-12-12T09:17:39Z
308,queue,,[],[],[308],31,15,2025-12-12T09:17:39Z,2025-12-12T09:17:39Z
309,logic,,[],[],[309],13,9,2025-12-12T09:17:39Z,2025-12-12T09:17:39Z
310,slurmctlddebug,,"[""SlurmctldDebug""]",[],[310],4,4,2025-12-12T09:17:39Z,2025-12-12T09:17:39Z
311,detailed logging,,[],[],[311],3,2,2025-12-12T09:17:39Z,2025-12-12T09:17:39Z
312,system throughput,,[],[],[312],3,2,2025-12-12T09:17:39Z,2025-12-12T09:17:39Z
313,error,,[],[],[313],123,25,2025-12-12T09:17:39Z,2025-12-12T09:17:39Z
314,info,,[],[],[314],13,9,2025-12-12T09:17:39Z,2025-12-12T09:17:39Z
319,port,,[],[],[319],33,13,2025-12-12T09:17:39Z,2025-12-12T09:17:39Z
320,operating system,,[],[],[320],6,5,2025-12-12T09:17:39Z,2025-12-12T09:17:39Z
323,slurmddebug,,"[""SlurmdDebug""]",[],[323],6,5,2025-12-12T09:17:39Z,2025-12-12T09:17:39Z
324,local storage,,[],[],[324],5,4,2025-12-12T09:17:39Z,2025-12-12T09:17:39Z
325,ability,,[],[],[325],33,22,2025-12-12T09:17:39Z,2025-12-12T09:17:39Z
328,feature,,[],[],[328],56,22,2025-12-12T09:17:39Z,2025-12-12T09:17:39Z
330,token,,"[""tokens""]",[],[330],21,5,2025-12-12T09:17:39Z,2025-12-12T09:17:39Z
331,remote procedure call,,"[""Remote Procedure Calls""]",[],[331],3,3,2025-12-12T09:17:39Z,2025-12-12T09:17:39Z
335,scheduler,,[],[],[335],19,12,2025-12-12T09:17:39Z,2025-12-12T09:17:39Z
337,frequency,,[],[],[337],5,5,2025-12-12T09:17:39Z,2025-12-12T09:17:39Z
339,entity,,"[""entities""]",[],[339],12,7,2025-12-12T09:17:39Z,2025-12-12T09:17:39Z
343,minimum,,[],[],[343],16,10,2025-12-12T09:17:39Z,2025-12-12T09:17:39Z
347,connection,,[],[],[347],24,9,2025-12-12T09:17:39Z,2025-12-12T09:17:39Z
348,information,,[],[],[348],142,44,2025-12-12T09:17:39Z,2025-12-12T09:17:39Z
349,database,,[],[],[349],96,20,2025-12-12T09:17:39Z,2025-12-12T09:17:39Z
352,purge,,"[""Purge""]",[],[352],3,3,2025-12-12T09:17:39Z,2025-12-12T09:17:39Z
353,data,,"[""Data""]",[],[353],63,4,2025-12-12T09:17:39Z,2025-12-12T09:17:39Z
356,job default,,"[""Job default""]",[],[356],4,2,2025-12-12T09:17:39Z,2025-12-12T09:17:39Z
357,flag,,"[""flags""]",[],[357],121,17,2025-12-12T09:17:39Z,2025-12-12T09:17:39Z
358,query parameter â,,"[""Query Parameter â""]",[],[358],44,1,2025-12-12T09:17:39Z,2025-12-12T09:17:39Z
360,return type,,"[""Return type""]",[],[360],59,1,2025-12-12T09:17:39Z,2025-12-12T09:17:39Z
362,content,,"[""Content""]",[],[362],91,16,2025-12-12T09:17:39Z,2025-12-12T09:17:39Z
363,type,,"[""Type"", ""specific type""]",[],"[363, 8248]",126,30,2025-12-12T09:17:39Z,2025-12-12T09:17:39Z
364,application,,[],[],[364],149,15,2025-12-12T09:17:39Z,2025-12-12T09:17:39Z
365,json,,"[""JSON Web Tokens""]",[],"[365, 1806]",132,12,2025-12-12T09:17:39Z,2025-12-12T09:17:39Z
366,statu,,"[""status""]",[],[366],21,10,2025-12-12T09:17:39Z,2025-12-12T09:17:39Z
367,api,,"[""API"", ""API Functions"", ""API call""]","[""API""]","[367, 1208, 1279]",110,17,2025-12-12T09:17:39Z,2025-12-12T09:17:39Z
368,media type,,"[""media types""]",[],[368],59,1,2025-12-12T09:17:39Z,2025-12-12T09:17:39Z
369,accept request header,,"[""Accept request header""]",[],[369],59,1,2025-12-12T09:17:39Z,2025-12-12T09:17:39Z
370,type response header,,"[""Type response header""]",[],[370],59,1,2025-12-12T09:17:39Z,2025-12-12T09:17:39Z
372,signal,,[],[],[372],12,8,2025-12-12T09:17:39Z,2025-12-12T09:17:39Z
373,list,,[],[],[373],103,33,2025-12-12T09:17:39Z,2025-12-12T09:17:39Z
374,consume,,"[""Consumes""]",[],[374],16,1,2025-12-12T09:17:39Z,2025-12-12T09:17:39Z
375,medium type,,"[""media types""]",[],[375],17,1,2025-12-12T09:17:39Z,2025-12-12T09:17:39Z
376,type request header,,"[""Type request header""]",[],[376],17,1,2025-12-12T09:17:39Z,2025-12-12T09:17:39Z
377,request body,,"[""Request body""]",[],[377],17,1,2025-12-12T09:17:39Z,2025-12-12T09:17:39Z
379,body parameter â,,"[""Body Parameter â""]",[],[379],17,1,2025-12-12T09:17:39Z,2025-12-12T09:17:39Z
380,description,,[],[],[380],39,15,2025-12-12T09:17:39Z,2025-12-12T09:17:39Z
382,path parameter,,"[""Path parameters""]",[],[382],18,1,2025-12-12T09:17:39Z,2025-12-12T09:17:39Z
383,node_name,,[],[],[383],4,1,2025-12-12T09:17:39Z,2025-12-12T09:17:39Z
386,reservation,,[],[],[386],103,14,2025-12-12T09:17:39Z,2025-12-12T09:17:39Z
388,job_id,,[],[],[388],14,5,2025-12-12T09:17:39Z,2025-12-12T09:17:39Z
390,query parameter,,"[""Query parameters""]",[],[390],30,1,2025-12-12T09:17:39Z,2025-12-12T09:17:39Z
392,unix,,"[""UNIX socket"", ""UNIX timestamp""]",[],"[392, 1873]",89,5,2025-12-12T09:17:39Z,2025-12-12T09:17:39Z
394,last_backfill,,[],[],[394],3,1,2025-12-12T09:17:39Z,2025-12-12T09:17:39Z
395,state,,"[""STATE CPUS S""]",[],"[395, 2119]",117,35,2025-12-12T09:17:39Z,2025-12-12T09:17:39Z
396,job state,,"[""job states""]",[],[396],18,6,2025-12-12T09:17:39Z,2025-12-12T09:17:39Z
398,job id,,"[""Job IDs""]",[],[398],19,7,2025-12-12T09:17:39Z,2025-12-12T09:17:39Z
399,state information,,[],[],[399],17,7,2025-12-12T09:17:39Z,2025-12-12T09:17:39Z
400,license,,"[""licenses""]",[],[400],71,10,2025-12-12T09:17:39Z,2025-12-12T09:17:39Z
403,remote,,"[""Remote""]",[],[403],6,2,2025-12-12T09:17:39Z,2025-12-12T09:17:39Z
404,lastconsumed,,"[""LastConsumed""]",[],[404],6,2,2025-12-12T09:17:39Z,2025-12-12T09:17:39Z
405,lastdeficit,,"[""LastDeficit""]",[],[405],3,2,2025-12-12T09:17:39Z,2025-12-12T09:17:39Z
406,licensename,,"[""LicenseName""]",[],[406],4,2,2025-12-12T09:17:39Z,2025-12-12T09:17:39Z
409,node,,"[""multiple nodes"", ""nodes"", ""specific nodes""]",[],"[409, 2022, 3759]",830,58,2025-12-12T09:17:39Z,2025-12-12T09:17:39Z
416,partition,,"[""multiple partitions"", ""partitions"", ""specific partition""]",[],"[416, 908, 2792]",244,33,2025-12-12T09:17:39Z,2025-12-12T09:17:39Z
419,ping,,[],[],[419],8,5,2025-12-12T09:17:39Z,2025-12-12T09:17:39Z
420,ping test,,[],[],[420],4,1,2025-12-12T09:17:39Z,2025-12-12T09:17:39Z
430,post,,[],[],[430],16,1,2025-12-12T09:17:39Z,2025-12-12T09:17:39Z
431,job allocation,,[],[],[431],56,17,2025-12-12T09:17:39Z,2025-12-12T09:17:39Z
432,step,,"[""steps""]",[],[432],109,29,2025-12-12T09:17:39Z,2025-12-12T09:17:39Z
443,v0.0.43_openapi_reservation_mod_resp,,[],[],[443],3,2,2025-12-12T09:17:39Z,2025-12-12T09:17:39Z
446,slurmdb,,"[""Slurmdb""]",[],[446],7,5,2025-12-12T09:17:39Z,2025-12-12T09:17:39Z
451,association,,[],[],[451],132,13,2025-12-12T09:17:39Z,2025-12-12T09:17:39Z
454,list default,,[],[],[454],6,1,2025-12-12T09:17:39Z,2025-12-12T09:17:39Z
456,default_qo,,"[""default_qos""]",[],[456],4,1,2025-12-12T09:17:39Z,2025-12-12T09:17:39Z
459,filter,,"[""Filter""]",[],[459],11,4,2025-12-12T09:17:39Z,2025-12-12T09:17:39Z
460,raw qos,,"[""raw QOS""]",[],[460],4,1,2025-12-12T09:17:39Z,2025-12-12T09:17:39Z
461,delta_qo,,"[""delta_qos""]",[],[461],4,1,2025-12-12T09:17:39Z,2025-12-12T09:17:39Z
462,acct information,,[],[],[462],4,1,2025-12-12T09:17:39Z,2025-12-12T09:17:39Z
463,parent id,,[],[],[463],4,1,2025-12-12T09:17:39Z,2025-12-12T09:17:39Z
464,format,,[],[],[464],68,12,2025-12-12T09:17:39Z,2025-12-12T09:17:39Z
465,process,,[],[],[465],95,27,2025-12-12T09:17:39Z,2025-12-12T09:17:39Z
466,output format default,,[],[],[466],13,1,2025-12-12T09:17:39Z,2025-12-12T09:17:39Z
467,null,,[],[],[467],23,6,2025-12-12T09:17:39Z,2025-12-12T09:17:39Z
468,i d,,[],[],[468],23,7,2025-12-12T09:17:39Z,2025-12-12T09:17:39Z
470,parent_account,,[],[],[470],5,1,2025-12-12T09:17:39Z,2025-12-12T09:17:39Z
471,parent account default,,[],[],[471],4,1,2025-12-12T09:17:39Z,2025-12-12T09:17:39Z
472,qos,,"[""QOS Options"", ""QOS factor"", ""QOS limits""]",[],"[472, 2840, 2903, 8020]",221,13,2025-12-12T09:17:39Z,2025-12-12T09:17:39Z
473,usage_end,,[],[],[473],8,1,2025-12-12T09:17:39Z,2025-12-12T09:17:39Z
479,cluster_name,,[],[],[479],5,2,2025-12-12T09:17:39Z,2025-12-12T09:17:39Z
484,federation,,[],[],[484],35,6,2025-12-12T09:17:39Z,2025-12-12T09:17:39Z
486,rpc_version,,[],[],[486],3,1,2025-12-12T09:17:39Z,2025-12-12T09:17:39Z
487,cluster default,,"[""clusters default""]",[],[487],3,2,2025-12-12T09:17:39Z,2025-12-12T09:17:39Z
488,with_usage,,[],[],[488],4,1,2025-12-12T09:17:39Z,2025-12-12T09:17:39Z
489,usage default,,[],[],[489],4,1,2025-12-12T09:17:39Z,2025-12-12T09:17:39Z
503,with_assoc,,"[""with_assocs""]",[],[503],3,1,2025-12-12T09:17:39Z,2025-12-12T09:17:39Z
504,association default,,"[""associations default""]",[],[504],4,1,2025-12-12T09:17:39Z,2025-12-12T09:17:39Z
505,with_coord,,"[""with_coords""]",[],[505],3,1,2025-12-12T09:17:39Z,2025-12-12T09:17:39Z
506,coordinator default,,"[""coordinators default""]",[],[506],5,1,2025-12-12T09:17:39Z,2025-12-12T09:17:39Z
507,v0.0.43_openapi_accounts_resp,,[],[],[507],3,1,2025-12-12T09:17:39Z,2025-12-12T09:17:39Z
515,coordinator,,"[""coordinators""]",[],[515],6,2,2025-12-12T09:17:39Z,2025-12-12T09:17:39Z
523,cluster list,,[],[],[523],3,2,2025-12-12T09:17:39Z,2025-12-12T09:17:39Z
525,configuration information,,[],[],[525],7,3,2025-12-12T09:17:39Z,2025-12-12T09:17:39Z
526,instance,,"[""instances""]",[],[526],31,12,2025-12-12T09:17:39Z,2025-12-12T09:17:39Z
530,rpc,,"[""RPCs""]",[],[530],19,8,2025-12-12T09:17:39Z,2025-12-12T09:17:39Z
536,instance_id,,[],[],[536],3,1,2025-12-12T09:17:39Z,2025-12-12T09:17:39Z
538,instance_type,,[],[],[538],3,1,2025-12-12T09:17:39Z,2025-12-12T09:17:39Z
540,time_end,,[],[],[540],3,1,2025-12-12T09:17:39Z,2025-12-12T09:17:39Z
542,time_start,,[],[],[542],4,1,2025-12-12T09:17:39Z,2025-12-12T09:17:39Z
543,v0.0.43_openapi_instances_resp,,[],[],[543],3,1,2025-12-12T09:17:39Z,2025-12-12T09:17:39Z
546,endpoint,,[],[],[546],9,5,2025-12-12T09:17:39Z,2025-12-12T09:17:39Z
550,component,,[],[],[550],78,18,2025-12-12T09:17:39Z,2025-12-12T09:17:39Z
551,heterogeneous job,,[],[],[551],67,9,2025-12-12T09:17:39Z,2025-12-12T09:17:39Z
552,job description,,"[""Job description""]",[],[552],4,2,2025-12-12T09:17:39Z,2025-12-12T09:17:39Z
553,job list,,[],[],[553],3,3,2025-12-12T09:17:39Z,2025-12-12T09:17:39Z
556,constraint,,"[""constraints""]",[],[556],11,8,2025-12-12T09:17:39Z,2025-12-12T09:17:39Z
567,exit_code,,[],[],[567],5,2,2025-12-12T09:17:39Z,2025-12-12T09:17:39Z
584,group,,"[""groups""]",[],[584],56,23,2025-12-12T09:17:39Z,2025-12-12T09:17:39Z
586,reason,,[],[],[586],38,19,2025-12-12T09:17:39Z,2025-12-12T09:17:39Z
590,end_time,,[],[],[590],5,1,2025-12-12T09:17:39Z,2025-12-12T09:17:39Z
592,wckey,,[],[],[592],31,6,2025-12-12T09:17:39Z,2025-12-12T09:17:39Z
595,include,,"[""Include""]",[],[595],3,2,2025-12-12T09:17:39Z,2025-12-12T09:17:39Z
603,tre,,"[""TRES minutes"", ""TRES type"", ""tres""]",[],"[603, 1183, 9028]",64,9,2025-12-12T09:17:39Z,2025-12-12T09:17:39Z
609,wckey default,,"[""WCKeys default""]",[],[609],4,1,2025-12-12T09:17:39Z,2025-12-12T09:17:39Z
610,user list,,[],[],[610],3,3,2025-12-12T09:17:39Z,2025-12-12T09:17:39Z
626,accounts_association,,[],[],[626],3,2,2025-12-12T09:17:39Z,2025-12-12T09:17:39Z
628,v0.0.43_openapi_accounts_add_cond_resp_str,,[],[],[628],3,1,2025-12-12T09:17:39Z,2025-12-12T09:17:39Z
645,time string,,[],[],[645],37,4,2025-12-12T09:17:39Z,2025-12-12T09:17:39Z
646,int,,[],[],[646],72,2,2025-12-12T09:17:39Z,2025-12-12T09:17:39Z
653,energy,,[],[],[653],20,6,2025-12-12T09:17:39Z,2025-12-12T09:17:39Z
654,slurmd,,[],[],[654],82,26,2025-12-12T09:17:39Z,2025-12-12T09:17:39Z
657,slurmd daemon,,[],[],[657],53,15,2025-12-12T09:17:39Z,2025-12-12T09:17:39Z
660,v0.0.43_uint32_no_val_struct,,[],[],[660],17,2,2025-12-12T09:17:39Z,2025-12-12T09:17:39Z
663,long time,,"[""Long Time""]",[],[663],7,4,2025-12-12T09:17:39Z,2025-12-12T09:17:39Z
664,energy datum,,"[""energy data""]",[],[664],5,3,2025-12-12T09:17:39Z,2025-12-12T09:17:39Z
665,string account,,"[""String Account""]",[],[665],4,1,2025-12-12T09:17:39Z,2025-12-12T09:17:39Z
666,string cluster,,"[""String Cluster""]",[],[666],7,1,2025-12-12T09:17:39Z,2025-12-12T09:17:39Z
667,comment,,[],[],[667],30,10,2025-12-12T09:17:39Z,2025-12-12T09:17:39Z
668,string arbitrary comment,,"[""String Arbitrary comment""]",[],[668],5,1,2025-12-12T09:17:39Z,2025-12-12T09:17:39Z
669,enum,,"[""Enum""]",[],[669],27,1,2025-12-12T09:17:39Z,2025-12-12T09:17:39Z
674,boolean,,"[""Boolean""]",[],[674],10,3,2025-12-12T09:17:39Z,2025-12-12T09:17:39Z
678,hierarchy,,[],[],[678],13,7,2025-12-12T09:17:39Z,2025-12-12T09:17:39Z
680,min,,[],[],[680],3,2,2025-12-12T09:17:39Z,2025-12-12T09:17:39Z
681,string,,"[""String""]",[],[681],75,12,2025-12-12T09:17:39Z,2025-12-12T09:17:39Z
682,string partition,,"[""String Partition""]",[],[682],6,1,2025-12-12T09:17:39Z,2025-12-12T09:17:39Z
683,fairshare,,[],[],[683],15,7,2025-12-12T09:17:39Z,2025-12-12T09:17:39Z
697,string user,,"[""String User""]",[],[697],9,1,2025-12-12T09:17:39Z,2025-12-12T09:17:39Z
700,integer reached,,"[""Integer Reached""]",[],[700],4,1,2025-12-12T09:17:39Z,2025-12-12T09:17:39Z
709,controller,,"[""multiple controllers""]",[],"[709, 6102]",54,18,2025-12-12T09:17:39Z,2025-12-12T09:17:39Z
716,hostname,,[],[],[716],29,13,2025-12-12T09:17:39Z,2025-12-12T09:17:39Z
724,mode,,[],[],[724],38,19,2025-12-12T09:17:39Z,2025-12-12T09:17:39Z
726,primary controller,,[],[],[726],6,4,2025-12-12T09:17:39Z,2025-12-12T09:17:39Z
728,number content format,,"[""number contents format""]",[],[728],4,1,2025-12-12T09:17:39Z,2025-12-12T09:17:39Z
730,string arbitrary string,,"[""String Arbitrary string""]",[],[730],6,1,2025-12-12T09:17:39Z,2025-12-12T09:17:39Z
731,node filtering,,[],[],[731],6,2,2025-12-12T09:17:39Z,2025-12-12T09:17:39Z
732,extra constraint,,"[""extra constraints""]",[],[732],5,1,2025-12-12T09:17:39Z,2025-12-12T09:17:39Z
740,job format,,[],[],[740],7,1,2025-12-12T09:17:39Z,2025-12-12T09:17:39Z
741,array,,[],[],[741],19,6,2025-12-12T09:17:39Z,2025-12-12T09:17:39Z
743,block,,[],[],[743],27,7,2025-12-12T09:17:39Z,2025-12-12T09:17:39Z
745,container,,[],[],[745],52,6,2025-12-12T09:17:39Z,2025-12-12T09:17:39Z
747,oci,,"[""OCI Runtimes"", ""OCI container bundle"", ""OCI support""]",[],"[747, 1427, 1517, 1555]",22,2,2025-12-12T09:17:39Z,2025-12-12T09:17:39Z
749,job failure,,[],[],[749],8,4,2025-12-12T09:17:39Z,2025-12-12T09:17:39Z
754,string job,,"[""String Job""]",[],[754],3,1,2025-12-12T09:17:39Z,2025-12-12T09:17:39Z
755,mcs,,"[""MCS Plugin"", ""MCS label""]",[],"[755, 4598, 4620]",28,3,2025-12-12T09:17:39Z,2025-12-12T09:17:39Z
756,hold,,[],[],[756],5,3,2025-12-12T09:17:39Z,2025-12-12T09:17:39Z
758,string quality,,"[""String Quality""]",[],[758],3,1,2025-12-12T09:17:39Z,2025-12-12T09:17:39Z
759,service,,"[""Service""]",[],[759],52,21,2025-12-12T09:17:39Z,2025-12-12T09:17:39Z
763,string user id,,"[""String User ID""]",[],[763],3,1,2025-12-12T09:17:39Z,2025-12-12T09:17:39Z
764,termination,,[],[],[764],9,6,2025-12-12T09:17:39Z,2025-12-12T09:17:39Z
768,hetjob,,"[""HetJob""]",[],[768],3,2,2025-12-12T09:17:39Z,2025-12-12T09:17:39Z
776,interval,,"[""intervals""]",[],[776],13,10,2025-12-12T09:17:39Z,2025-12-12T09:17:39Z
777,administrator,,[],[],[777],23,14,2025-12-12T09:17:39Z,2025-12-12T09:17:39Z
780,resource allocation,,[],[],[780],20,10,2025-12-12T09:17:39Z,2025-12-12T09:17:39Z
788,batch script,,[],[],[788],14,7,2025-12-12T09:17:39Z,2025-12-12T09:17:39Z
790,v0.0.43_uint64_no_val_struct,,[],[],[790],17,2,2025-12-12T09:17:39Z,2025-12-12T09:17:39Z
792,specification,,"[""specifications""]",[],[792],19,17,2025-12-12T09:17:39Z,2025-12-12T09:17:39Z
795,sibling job,,[],[],[795],18,2,2025-12-12T09:17:39Z,2025-12-12T09:17:39Z
796,boolean true,,"[""Boolean True""]",[],[796],4,1,2025-12-12T09:17:39Z,2025-12-12T09:17:39Z
797,contiguous node,,"[""contiguous nodes""]",[],[797],3,2,2025-12-12T09:17:39Z,2025-12-12T09:17:39Z
805,cpu,,"[""CPU IDs"", ""CPU Management"", ""CPU affinity support"", ""CPU count"", ""CPU frequency"", ""CPU ids"", ""CPU request"", ""CPU resources"", ""CPU time"", ""CPU usage"", ""CPUs""]",[],"[805, 1486, 2079, 2162, 2330, 3387, 3844, 4733, 8413, 8426, 9134]",249,29,2025-12-12T09:17:39Z,2025-12-12T09:17:39Z
811,gre,,"[""GRES information"", ""GRES request"", ""gres""]",[],"[811, 2207, 3851]",93,13,2025-12-12T09:17:39Z,2025-12-12T09:17:39Z
812,gpu,,"[""GPU Type"", ""GPU configuration"", ""GPU devices"", ""GPU frequency"", ""GPU resources""]",[],"[812, 7017, 8256, 8273, 8285, 8292]",132,16,2025-12-12T09:17:39Z,2025-12-12T09:17:39Z
817,integer number,,"[""Integer Number""]",[],[817],19,1,2025-12-12T09:17:39Z,2025-12-12T09:17:39Z
819,dependency,,[],[],[819],12,6,2025-12-12T09:17:39Z,2025-12-12T09:17:39Z
825,string comma,,"[""String Comma""]",[],[825],7,1,2025-12-12T09:17:39Z,2025-12-12T09:17:39Z
829,exit,,[],[],[829],18,9,2025-12-12T09:17:39Z,2025-12-12T09:17:39Z
830,resource,,"[""resources""]",[],[830],275,48,2025-12-12T09:17:39Z,2025-12-12T09:17:39Z
831,time period,,[],[],[831],8,6,2025-12-12T09:17:39Z,2025-12-12T09:17:39Z
835,email notification,,"[""email notifications""]",[],[835],3,2,2025-12-12T09:17:39Z,2025-12-12T09:17:39Z
836,mcs_label,,[],[],[836],11,2,2025-12-12T09:17:39Z,2025-12-12T09:17:39Z
840,map,,[],[],[840],4,3,2025-12-12T09:17:39Z,2025-12-12T09:17:39Z
843,method,,"[""Method""]",[],[843],22,13,2025-12-12T09:17:39Z,2025-12-12T09:17:39Z
845,megabyte,,"[""megabytes""]",[],[845],9,4,2025-12-12T09:17:39Z,2025-12-12T09:17:39Z
846,network,,[],[],[846],21,10,2025-12-12T09:17:39Z,2025-12-12T09:17:39Z
848,job step,,"[""multiple job steps""]",[],"[848, 3303]",104,25,2025-12-12T09:17:39Z,2025-12-12T09:17:39Z
850,task format,,"[""tasks format""]",[],[850],3,1,2025-12-12T09:17:39Z,2025-12-12T09:17:39Z
853,oom,,"[""OOM""]","[""OOM""]",[853],3,2,2025-12-12T09:17:39Z,2025-12-12T09:17:39Z
856,stdout,,[],[],[856],5,4,2025-12-12T09:17:39Z,2025-12-12T09:17:39Z
863,profile,,[],[],[863],4,2,2025-12-12T09:17:39Z,2025-12-12T09:17:39Z
864,acct_gather_profile plugin,,[],[],[864],5,3,2025-12-12T09:17:39Z,2025-12-12T09:17:39Z
866,start,,[],[],[866],25,9,2025-12-12T09:17:39Z,2025-12-12T09:17:39Z
868,requeue,,[],[],[868],15,8,2025-12-12T09:17:39Z,2025-12-12T09:17:39Z
871,switch,,"[""switches""]",[],[871],17,10,2025-12-12T09:17:39Z,2025-12-12T09:17:39Z
880,het_job_id,,[],[],[880],5,2,2025-12-12T09:17:39Z,2025-12-12T09:17:39Z
883,heterogeneous job component,,"[""heterogeneous job components""]",[],[883],9,2,2025-12-12T09:17:39Z,2025-12-12T09:17:39Z
884,het_job_offset,,[],[],[884],5,3,2025-12-12T09:17:39Z,2025-12-12T09:17:39Z
900,string tre,,"[""String TRES""]",[],[900],3,1,2025-12-12T09:17:39Z,2025-12-12T09:17:39Z
902,user_id,,[],[],[902],4,2,2025-12-12T09:17:39Z,2025-12-12T09:17:39Z
904,user_name,,[],[],[904],4,3,2025-12-12T09:17:39Z,2025-12-12T09:17:39Z
920,total,,"[""Total""]",[],[920],8,6,2025-12-12T09:17:39Z,2025-12-12T09:17:39Z
921,integer total number,,"[""Integer Total number""]",[],[921],7,1,2025-12-12T09:17:39Z,2025-12-12T09:17:39Z
930,architecture,,[],[],[930],13,10,2025-12-12T09:17:39Z,2025-12-12T09:17:39Z
935,board,,"[""boards""]",[],[935],6,4,2025-12-12T09:17:39Z,2025-12-12T09:17:39Z
936,baseboard,,"[""Baseboards""]",[],[936],3,3,2025-12-12T09:17:39Z,2025-12-12T09:17:39Z
941,address,,[],[],[941],16,8,2025-12-12T09:17:39Z,2025-12-12T09:17:39Z
947,owner,,[],[],[947],5,2,2025-12-12T09:17:39Z,2025-12-12T09:17:39Z
948,restriction,,[],[],[948],5,5,2025-12-12T09:17:39Z,2025-12-12T09:17:39Z
953,node format,,[],[],[953],3,1,2025-12-12T09:17:39Z,2025-12-12T09:17:39Z
958,drained,,"[""DRAINED""]","[""DRAINED""]",[958],7,5,2025-12-12T09:17:39Z,2025-12-12T09:17:39Z
959,fail,,"[""FAIL""]","[""FAIL""]",[959],7,4,2025-12-12T09:17:39Z,2025-12-12T09:17:39Z
969,billable trackable resource,,"[""billable trackable resources""]",[],[969],4,2,2025-12-12T09:17:39Z,2025-12-12T09:17:39Z
971,physical processor socket,,"[""physical processor sockets""]",[],[971],3,3,2025-12-12T09:17:39Z,2025-12-12T09:17:39Z
972,chip,,"[""chips""]",[],[972],3,3,2025-12-12T09:17:39Z,2025-12-12T09:17:39Z
973,logical thread,,"[""logical threads""]",[],[973],3,3,2025-12-12T09:17:39Z,2025-12-12T09:17:39Z
979,weight,,[],[],[979],15,8,2025-12-12T09:17:39Z,2025-12-12T09:17:39Z
982,topology,,[],[],[982],25,9,2025-12-12T09:17:39Z,2025-12-12T09:17:39Z
984,trackable resource,,"[""trackable resources""]",[],[984],7,7,2025-12-12T09:17:39Z,2025-12-12T09:17:39Z
985,version,,[],[],[985],83,28,2025-12-12T09:17:39Z,2025-12-12T09:17:39Z
990,warning,,"[""warnings""]",[],[990],17,9,2025-12-12T09:17:39Z,2025-12-12T09:17:39Z
1001,source,,[],[],[1001],23,13,2025-12-12T09:17:39Z,2025-12-12T09:17:39Z
1003,job signal response,,"[""jobs signal responses""]",[],[1003],3,2,2025-12-12T09:17:39Z,2025-12-12T09:17:39Z
1007,return code,,[],[],[1007],3,3,2025-12-12T09:17:39Z,2025-12-12T09:17:39Z
1013,preempt,,[],[],[1013],9,4,2025-12-12T09:17:39Z,2025-12-12T09:17:39Z
1020,duration,,[],[],[1020],13,5,2025-12-12T09:17:39Z,2025-12-12T09:17:39Z
1021,node feature,,"[""node features""]",[],[1021],5,3,2025-12-12T09:17:39Z,2025-12-12T09:17:39Z
1023,operation,,[],[],[1023],54,28,2025-12-12T09:17:39Z,2025-12-12T09:17:39Z
1026,count,,"[""counts""]",[],[1026],61,19,2025-12-12T09:17:39Z,2025-12-12T09:17:39Z
1034,burst buffer resource,,"[""Burst buffer resources""]",[],[1034],4,2,2025-12-12T09:17:39Z,2025-12-12T09:17:39Z
1038,expression,,"[""Expression""]",[],[1038],6,5,2025-12-12T09:17:39Z,2025-12-12T09:17:39Z
1039,comma,,"[""Comma""]",[],[1039],29,15,2025-12-12T09:17:39Z,2025-12-12T09:17:39Z
1043,default_queue_depth,,[],[],[1043],3,2,2025-12-12T09:17:39Z,2025-12-12T09:17:39Z
1054,call,,"[""calls""]",[],[1054],14,10,2025-12-12T09:17:39Z,2025-12-12T09:17:39Z
1060,reset format,,[],[],[1060],4,1,2025-12-12T09:17:39Z,2025-12-12T09:17:39Z
1077,subset,,[],[],[1077],18,14,2025-12-12T09:17:39Z,2025-12-12T09:17:39Z
1078,backfill scheduler,,[],[],[1078],18,7,2025-12-12T09:17:39Z,2025-12-12T09:17:39Z
1081,algorithm,,[],[],[1081],14,9,2025-12-12T09:17:39Z,2025-12-12T09:17:39Z
1095,long total time,,"[""Long Total time""]",[],[1095],7,1,2025-12-12T09:17:39Z,2025-12-12T09:17:39Z
1107,pid,,[],[],[1107],14,4,2025-12-12T09:17:39Z,2025-12-12T09:17:39Z
1109,process id,,"[""Process ID""]",[],[1109],5,5,2025-12-12T09:17:39Z,2025-12-12T09:17:39Z
1111,current state,,"[""Current state""]",[],[1111],6,4,2025-12-12T09:17:39Z,2025-12-12T09:17:39Z
1117,mem,,"[""MEM""]","[""MEM""]",[1117],7,3,2025-12-12T09:17:39Z,2025-12-12T09:17:39Z
1124,features_act,,[],[],[1124],3,2,2025-12-12T09:17:39Z,2025-12-12T09:17:39Z
1127,draining,,"[""DRAINING""]","[""DRAINING""]",[1127],4,3,2025-12-12T09:17:39Z,2025-12-12T09:17:39Z
1129,user root,,[],[],[1129],14,6,2025-12-12T09:17:39Z,2025-12-12T09:17:39Z
1133,adminlevel,,"[""AdminLevel""]",[],[1133],3,1,2025-12-12T09:17:39Z,2025-12-12T09:17:39Z
1144,entry,,[],[],[1144],11,10,2025-12-12T09:17:39Z,2025-12-12T09:17:39Z
1150,task id,,"[""task IDs""]",[],[1150],15,7,2025-12-12T09:17:39Z,2025-12-12T09:17:39Z
1160,allocation,,[],[],[1160],92,25,2025-12-12T09:17:39Z,2025-12-12T09:17:39Z
1161,job resource,,"[""Job resources""]",[],[1161],3,2,2025-12-12T09:17:39Z,2025-12-12T09:17:39Z
1167,submission,,[],[],[1167],17,11,2025-12-12T09:17:39Z,2025-12-12T09:17:39Z
1172,deny,,[],[],[1172],3,2,2025-12-12T09:17:39Z,2025-12-12T09:17:39Z
1176,resume,,[],[],[1176],8,5,2025-12-12T09:17:39Z,2025-12-12T09:17:39Z
1178,suspend,,[],[],[1178],23,5,2025-12-12T09:17:39Z,2025-12-12T09:17:39Z
1182,billing weight,,"[""Billing weights""]",[],[1182],8,4,2025-12-12T09:17:39Z,2025-12-12T09:17:39Z
1184,preemptmode,,"[""PreemptMode""]",[],[1184],26,5,2025-12-12T09:17:39Z,2025-12-12T09:17:39Z
1185,mechanism,,"[""Mechanism""]",[],[1185],26,19,2025-12-12T09:17:39Z,2025-12-12T09:17:39Z
1186,gang scheduling,,[],[],[1186],24,9,2025-12-12T09:17:39Z,2025-12-12T09:17:39Z
1189,daily rollup,,"[""daily rollups""]",[],[1189],3,1,2025-12-12T09:17:39Z,2025-12-12T09:17:39Z
1190,last_run format,,[],[],[1190],3,1,2025-12-12T09:17:39Z,2025-12-12T09:17:39Z
1191,last_run,,[],[],[1191],3,1,2025-12-12T09:17:39Z,2025-12-12T09:17:39Z
1206,layout,,[],[],[1206],17,7,2025-12-12T09:17:39Z,2025-12-12T09:17:39Z
1207,slurm cli_filter plugin,,"[""Slurm cli_filter plugins""]",[],[1207],3,1,2025-12-12T09:17:39Z,2025-12-12T09:17:39Z
1209,programmer,,"[""programmers""]",[],[1209],4,4,2025-12-12T09:17:39Z,2025-12-12T09:17:39Z
1210,purpose,,[],[],[1210],15,14,2025-12-12T09:17:39Z,2025-12-12T09:17:39Z
1213,salloc,,[],[],[1213],62,26,2025-12-12T09:17:39Z,2025-12-12T09:17:39Z
1215,cli,,"[""CLI""]","[""CLI""]",[1215],9,3,2025-12-12T09:17:39Z,2025-12-12T09:17:39Z
1216,program,,"[""programs""]",[],[1216],38,10,2025-12-12T09:17:39Z,2025-12-12T09:17:39Z
1217,hook,,"[""hooks""]",[],[1217],8,4,2025-12-12T09:17:39Z,2025-12-12T09:17:39Z
1219,option processing,,[],[],[1219],3,1,2025-12-12T09:17:39Z,2025-12-12T09:17:39Z
1220,job component,,[],[],[1220],21,2,2025-12-12T09:17:39Z,2025-12-12T09:17:39Z
1222,cli_filter_p_pre_submit,,[],[],[1222],6,1,2025-12-12T09:17:39Z,2025-12-12T09:17:39Z
1223,slurm controller,,[],[],[1223],16,10,2025-12-12T09:17:39Z,2025-12-12T09:17:39Z
1224,location,,[],[],[1224],24,14,2025-12-12T09:17:39Z,2025-12-12T09:17:39Z
1227,srun,,[],[],[1227],146,35,2025-12-12T09:17:39Z,2025-12-12T09:17:39Z
1229,parallel,,[],[],[1229],7,5,2025-12-12T09:17:39Z,2025-12-12T09:17:39Z
1231,combination,,[],[],[1231],12,10,2025-12-12T09:17:39Z,2025-12-12T09:17:39Z
1232,datum,,"[""data""]",[],[1232],57,22,2025-12-12T09:17:39Z,2025-12-12T09:17:39Z
1234,job_submit plugin,,[],[],[1234],14,7,2025-12-12T09:17:39Z,2025-12-12T09:17:39Z
1235,client,,[],[],[1235],48,13,2025-12-12T09:17:39Z,2025-12-12T09:17:39Z
1237,job_submit,,[],[],[1237],7,4,2025-12-12T09:17:39Z,2025-12-12T09:17:39Z
1238,server,,[],[],[1238],13,8,2025-12-12T09:17:39Z,2025-12-12T09:17:39Z
1239,benefit,,[],[],[1239],4,4,2025-12-12T09:17:39Z,2025-12-12T09:17:39Z
1240,cli_filter,,[],[],[1240],4,1,2025-12-12T09:17:39Z,2025-12-12T09:17:39Z
1241,access,,[],[],[1241],53,26,2025-12-12T09:17:39Z,2025-12-12T09:17:39Z
1242,command line option,,"[""command line options""]",[],[1242],10,7,2025-12-12T09:17:39Z,2025-12-12T09:17:39Z
1253,policy,,"[""policies""]",[],[1253],11,9,2025-12-12T09:17:39Z,2025-12-12T09:17:39Z
1254,slurm plugin api,,"[""Slurm Plugin API""]",[],[1254],4,4,2025-12-12T09:17:39Z,2025-12-12T09:17:39Z
1255,ascii,,"[""ASCII text string""]",[],[1255],3,3,2025-12-12T09:17:39Z,2025-12-12T09:17:39Z
1256,major type,,[],[],[1256],4,4,2025-12-12T09:17:39Z,2025-12-12T09:17:39Z
1257,minor type,,[],[],[1257],6,5,2025-12-12T09:17:39Z,2025-12-12T09:17:39Z
1258,suitable,,[],[],[1258],3,3,2025-12-12T09:17:39Z,2025-12-12T09:17:39Z
1260,sample,,"[""samples""]",[],[1260],13,6,2025-12-12T09:17:39Z,2025-12-12T09:17:39Z
1261,slurm distribution,,"[""Slurm distribution""]",[],[1261],12,5,2025-12-12T09:17:39Z,2025-12-12T09:17:39Z
1263,action,,"[""actions""]",[],[1263],13,7,2025-12-12T09:17:39Z,2025-12-12T09:17:39Z
1265,uint32_t plugin_version,,[],[],[1265],5,5,2025-12-12T09:17:39Z,2025-12-12T09:17:39Z
1266,attempt,,[],[],[1266],11,11,2025-12-12T09:17:39Z,2025-12-12T09:17:39Z
1267,slurm command,,"[""Slurm commands""]",[],[1267],23,19,2025-12-12T09:17:39Z,2025-12-12T09:17:39Z
1268,daemon,,"[""daemons""]",[],[1268],62,25,2025-12-12T09:17:39Z,2025-12-12T09:17:39Z
1269,failure,,"[""failures""]",[],[1269],30,12,2025-12-12T09:17:39Z,2025-12-12T09:17:39Z
1270,argument,,"[""arguments""]",[],[1270],31,13,2025-12-12T09:17:39Z,2025-12-12T09:17:39Z
1271,slurm function,,"[""Slurm functions""]",[],[1271],6,6,2025-12-12T09:17:39Z,2025-12-12T09:17:39Z
1273,lua plugin,,[],[],[1273],11,4,2025-12-12T09:17:39Z,2025-12-12T09:17:39Z
1274,lua script,,[],[],[1274],10,4,2025-12-12T09:17:39Z,2025-12-12T09:17:39Z
1275,cli_filter.lua,,[],[],[1275],3,2,2025-12-12T09:17:39Z,2025-12-12T09:17:39Z
1277,subdirectory,,[],[],[1277],13,5,2025-12-12T09:17:39Z,2025-12-12T09:17:39Z
1278,installation directory,,[],[],[1278],3,2,2025-12-12T09:17:39Z,2025-12-12T09:17:39Z
1280,global initialization,,[],[],[1280],5,5,2025-12-12T09:17:39Z,2025-12-12T09:17:39Z
1281,return,,"[""Returns""]",[],[1281],22,6,2025-12-12T09:17:39Z,2025-12-12T09:17:39Z
1282,slurm_success,config,"[""SLURM_SUCCESS""]","[""SLURM_SUCCESS""]",[1282],12,4,2025-12-12T09:17:39Z,2025-12-12T09:17:39Z
1283,success,,[],[],[1283],22,10,2025-12-12T09:17:39Z,2025-12-12T09:17:39Z
1284,storage,,[],[],[1284],12,10,2025-12-12T09:17:39Z,2025-12-12T09:17:39Z
1285,fini function,,"[""fini functions""]",[],[1285],5,5,2025-12-12T09:17:39Z,2025-12-12T09:17:39Z
1286,dlopen,,[],[],[1286],5,5,2025-12-12T09:17:39Z,2025-12-12T09:17:39Z
1287,system library,,[],[],[1287],5,5,2025-12-12T09:17:39Z,2025-12-12T09:17:39Z
1288,time system,,[],[],[1288],5,5,2025-12-12T09:17:39Z,2025-12-12T09:17:39Z
1289,symbol,,"[""symbols""]",[],[1289],15,9,2025-12-12T09:17:39Z,2025-12-12T09:17:39Z
1290,initialization,,[],[],[1290],8,7,2025-12-12T09:17:39Z,2025-12-12T09:17:39Z
1291,init,,[],[],[1291],8,6,2025-12-12T09:17:39Z,2025-12-12T09:17:39Z
1292,slurm init,,"[""Slurm init""]",[],[1292],5,5,2025-12-12T09:17:39Z,2025-12-12T09:17:39Z
1293,slurm fini,,"[""Slurm fini""]",[],[1293],5,5,2025-12-12T09:17:39Z,2025-12-12T09:17:39Z
1294,fini,,[],[],[1294],8,6,2025-12-12T09:17:39Z,2025-12-12T09:17:39Z
1295,bool,,[],[],[1295],3,2,2025-12-12T09:17:39Z,2025-12-12T09:17:39Z
1296,command line,,[],[],[1296],23,9,2025-12-12T09:17:39Z,2025-12-12T09:17:39Z
1300,srun command,,[],[],[1300],54,16,2025-12-12T09:17:39Z,2025-12-12T09:17:39Z
1301,setting,,"[""settings""]",[],[1301],11,7,2025-12-12T09:17:39Z,2025-12-12T09:17:39Z
1302,job environment,,[],[],[1302],3,2,2025-12-12T09:17:39Z,2025-12-12T09:17:39Z
1308,input,,[],[],[1308],21,6,2025-12-12T09:17:39Z,2025-12-12T09:17:39Z
1311,src,,[],[],[1311],29,9,2025-12-12T09:17:39Z,2025-12-12T09:17:39Z
1312,slurm_opt.h,,[],[],[1312],3,1,2025-12-12T09:17:39Z,2025-12-12T09:17:39Z
1315,environment variable,,"[""environment variables""]",[],[1315],40,17,2025-12-12T09:17:39Z,2025-12-12T09:17:39Z
1317,part,,"[""parts""]",[],[1317],48,26,2025-12-12T09:17:39Z,2025-12-12T09:17:39Z
1318,datum structure,,"[""data structure""]",[],[1318],7,4,2025-12-12T09:17:39Z,2025-12-12T09:17:39Z
1320,output,,[],[],[1320],44,21,2025-12-12T09:17:39Z,2025-12-12T09:17:39Z
1323,key,,[],[],[1323],24,7,2025-12-12T09:17:39Z,2025-12-12T09:17:39Z
1329,lua,,[],[],[1329],23,5,2025-12-12T09:17:39Z,2025-12-12T09:17:39Z
1332,installation,,[],[],[1332],15,11,2025-12-12T09:17:39Z,2025-12-12T09:17:39Z
1333,source code,,[],[],[1333],6,4,2025-12-12T09:17:39Z,2025-12-12T09:17:39Z
1335,syntax,,[],[],[1335],4,4,2025-12-12T09:17:39Z,2025-12-12T09:17:39Z
1336,command,,[],[],[1336],127,41,2025-12-12T09:17:39Z,2025-12-12T09:17:39Z
1337,salloc command,,[],[],[1337],8,6,2025-12-12T09:17:39Z,2025-12-12T09:17:39Z
1338,sbatch command,,[],[],[1338],7,5,2025-12-12T09:17:39Z,2025-12-12T09:17:39Z
1340,default partition,,"[""default partitions""]",[],[1340],17,4,2025-12-12T09:17:39Z,2025-12-12T09:17:39Z
1343,orthogonal,,[],[],[1343],3,3,2025-12-12T09:17:39Z,2025-12-12T09:17:39Z
1345,finished job,,"[""finished jobs""]",[],[1345],3,1,2025-12-12T09:17:39Z,2025-12-12T09:17:39Z
1347,situation,,"[""situations""]",[],[1347],8,7,2025-12-12T09:17:39Z,2025-12-12T09:17:39Z
1349,elasticsearch plugin,,[],[],[1349],3,1,2025-12-12T09:17:39Z,2025-12-12T09:17:39Z
1351,top,,[],[],[1351],5,5,2025-12-12T09:17:39Z,2025-12-12T09:17:39Z
1353,kibana,,"[""Kibana""]",[],[1353],3,1,2025-12-12T09:17:39Z,2025-12-12T09:17:39Z
1355,dashboard,,"[""dashboards""]",[],[1355],4,2,2025-12-12T09:17:39Z,2025-12-12T09:17:39Z
1356,diagram,,"[""diagrams""]",[],[1356],5,5,2025-12-12T09:17:39Z,2025-12-12T09:17:39Z
1357,table,,"[""tables""]",[],[1357],38,13,2025-12-12T09:17:39Z,2025-12-12T09:17:39Z
1360,compilation,,[],[],[1360],3,3,2025-12-12T09:17:39Z,2025-12-12T09:17:39Z
1365,setup,,[],[],[1365],11,9,2025-12-12T09:17:39Z,2025-12-12T09:17:39Z
1366,slurm.conf option,,"[""slurm.conf options""]",[],[1366],11,4,2025-12-12T09:17:39Z,2025-12-12T09:17:39Z
1367,jobcomptype,,"[""JobCompType""]",[],[1367],12,7,2025-12-12T09:17:39Z,2025-12-12T09:17:39Z
1369,elasticsearch,,[],[],[1369],7,4,2025-12-12T09:17:39Z,2025-12-12T09:17:39Z
1372,port number,,[],[],[1372],7,6,2025-12-12T09:17:39Z,2025-12-12T09:17:39Z
1379,index,,[],[],[1379],10,4,2025-12-12T09:17:39Z,2025-12-12T09:17:39Z
1380,url,,"[""URL""]","[""URL""]",[1380],10,6,2025-12-12T09:17:39Z,2025-12-12T09:17:39Z
1382,addition,,[],[],[1382],20,19,2025-12-12T09:17:39Z,2025-12-12T09:17:39Z
1383,detailed information,,[],[],[1383],5,5,2025-12-12T09:17:39Z,2025-12-12T09:17:39Z
1384,concept,,"[""concepts""]",[],[1384],4,3,2025-12-12T09:17:39Z,2025-12-12T09:17:39Z
1387,debugflag,,"[""DebugFlags""]",[],[1387],7,6,2025-12-12T09:17:39Z,2025-12-12T09:17:39Z
1396,pattern,,[],[],[1396],14,2,2025-12-12T09:17:39Z,2025-12-12T09:17:39Z
1397,row,,[],[],[1397],11,3,2025-12-12T09:17:39Z,2025-12-12T09:17:39Z
1398,column,,[],[],[1398],4,4,2025-12-12T09:17:39Z,2025-12-12T09:17:39Z
1400,graph,,"[""graphs""]",[],[1400],3,2,2025-12-12T09:17:39Z,2025-12-12T09:17:39Z
1402,interest,,[],[],[1402],21,11,2025-12-12T09:17:39Z,2025-12-12T09:17:39Z
1412,curl,,[],[],[1412],4,3,2025-12-12T09:17:39Z,2025-12-12T09:17:39Z
1414,query,,"[""Query""]",[],[1414],13,8,2025-12-12T09:17:39Z,2025-12-12T09:17:39Z
1415,delete,,"[""Delete""]",[],[1415],3,2,2025-12-12T09:17:39Z,2025-12-12T09:17:39Z
1416,caution,,[],[],[1416],4,4,2025-12-12T09:17:39Z,2025-12-12T09:17:39Z
1418,official documentation,,[],[],[1418],3,2,2025-12-12T09:17:39Z,2025-12-12T09:17:39Z
1420,primary slurmctld,,[],[],[1420],3,3,2025-12-12T09:17:39Z,2025-12-12T09:17:39Z
1421,statesavelocation,,"[""StateSaveLocation""]",[],[1421],12,5,2025-12-12T09:17:39Z,2025-12-12T09:17:39Z
1425,master,,"[""Master""]",[],[1425],7,4,2025-12-12T09:17:39Z,2025-12-12T09:17:39Z
1428,container job,,"[""container jobs""]",[],[1428],4,1,2025-12-12T09:17:39Z,2025-12-12T09:17:39Z
1429,integration,,"[""Integration""]",[],[1429],7,5,2025-12-12T09:17:39Z,2025-12-12T09:17:39Z
1430,rootless docker,,"[""Rootless Docker""]",[],[1430],6,1,2025-12-12T09:17:39Z,2025-12-12T09:17:39Z
1431,podman,,"[""Podman""]",[],[1431],11,1,2025-12-12T09:17:39Z,2025-12-12T09:17:39Z
1435,shifter,,"[""Shifter""]",[],[1435],4,1,2025-12-12T09:17:39Z,2025-12-12T09:17:39Z
1436,enroot,,"[""ENROOT""]","[""ENROOT""]",[1436],5,1,2025-12-12T09:17:39Z,2025-12-12T09:17:39Z
1439,overview,,"[""Overview""]",[],[1439],12,12,2025-12-12T09:17:39Z,2025-12-12T09:17:39Z
1443,mount namespace,,[],[],[1443],3,2,2025-12-12T09:17:39Z,2025-12-12T09:17:39Z
1446,kernel,,[],[],[1446],10,7,2025-12-12T09:17:39Z,2025-12-12T09:17:39Z
1448,compute node,,"[""compute nodes""]",[],[1448],67,24,2025-12-12T09:17:39Z,2025-12-12T09:17:39Z
1449,restart,,"[""Restart""]",[],[1449],6,4,2025-12-12T09:17:39Z,2025-12-12T09:17:39Z
1451,limitation,,"[""limitations""]",[],[1451],21,15,2025-12-12T09:17:39Z,2025-12-12T09:17:39Z
1456,execution node,,"[""execution nodes""]",[],[1456],3,1,2025-12-12T09:17:39Z,2025-12-12T09:17:39Z
1457,bundle,,[],[],[1457],3,1,2025-12-12T09:17:39Z,2025-12-12T09:17:39Z
1458,path,,[],[],[1458],41,15,2025-12-12T09:17:39Z,2025-12-12T09:17:39Z
1459,runtime,,[],[],[1459],15,5,2025-12-12T09:17:39Z,2025-12-12T09:17:39Z
1460,oci.conf,file,[],[],[1460],14,1,2025-12-12T09:17:39Z,2025-12-12T09:17:39Z
1464,sysctl,,[],[],[1464],3,2,2025-12-12T09:17:39Z,2025-12-12T09:17:39Z
1465,docker,,"[""Docker""]",[],[1465],10,1,2025-12-12T09:17:39Z,2025-12-12T09:17:39Z
1466,tool,,[],[],[1466],18,10,2025-12-12T09:17:39Z,2025-12-12T09:17:39Z
1469,requirement,,"[""Requirements""]",[],[1469],12,8,2025-12-12T09:17:39Z,2025-12-12T09:17:39Z
1470,software,,[],[],[1470],12,9,2025-12-12T09:17:39Z,2025-12-12T09:17:39Z
1478,compatibility,,[],[],[1478],13,7,2025-12-12T09:17:39Z,2025-12-12T09:17:39Z
1479,runc,,[],[],[1479],3,1,2025-12-12T09:17:39Z,2025-12-12T09:17:39Z
1480,crun,,[],[],[1480],3,1,2025-12-12T09:17:39Z,2025-12-12T09:17:39Z
1492,run,,[],[],[1492],23,11,2025-12-12T09:17:39Z,2025-12-12T09:17:39Z
1493,user/%u,,"[""user/%U""]",[],[1493],8,1,2025-12-12T09:17:39Z,2025-12-12T09:17:39Z
1496,directory,,"[""directories""]",[],[1496],64,19,2025-12-12T09:17:39Z,2025-12-12T09:17:39Z
1498,session,,"[""sessions""]",[],[1498],9,4,2025-12-12T09:17:39Z,2025-12-12T09:17:39Z
1499,systemd,,[],[],[1499],20,9,2025-12-12T09:17:39Z,2025-12-12T09:17:39Z
1501,create,,[],[],[1501],8,3,2025-12-12T09:17:39Z,2025-12-12T09:17:39Z
1502,slurm_conf_server,config,"[""SLURM_CONF_SERVER""]","[""SLURM_CONF_SERVER""]",[1502],5,1,2025-12-12T09:17:39Z,2025-12-12T09:17:39Z
1504,user/%u kill,,"[""user/%U kill""]",[],[1504],6,1,2025-12-12T09:17:39Z,2025-12-12T09:17:39Z
1509,nvidia,,[],[],[1509],18,4,2025-12-12T09:17:39Z,2025-12-12T09:17:39Z
1510,singularity,,"[""Singularity""]",[],[1510],3,1,2025-12-12T09:17:39Z,2025-12-12T09:17:39Z
1512,sigkill,,"[""SIGKILL % p""]",[],[1512],3,1,2025-12-12T09:17:39Z,2025-12-12T09:17:39Z
1519,sudo,,[],[],[1519],3,2,2025-12-12T09:17:39Z,2025-12-12T09:17:39Z
1522,testing purpose,,"[""testing purposes""]",[],[1522],11,6,2025-12-12T09:17:39Z,2025-12-12T09:17:39Z
1532,passwd,,[],[],[1532],6,3,2025-12-12T09:17:39Z,2025-12-12T09:17:39Z
1537,bin,,[],[],[1537],23,10,2025-12-12T09:17:39Z,2025-12-12T09:17:39Z
1538,wrapper,,[],[],[1538],6,4,2025-12-12T09:17:39Z,2025-12-12T09:17:39Z
1540,usr,,[],[],[1540],12,7,2025-12-12T09:17:39Z,2025-12-12T09:17:39Z
1541,bash,,[],[],[1541],20,9,2025-12-12T09:17:39Z,2025-12-12T09:17:39Z
1548,image,,"[""IMAGE""]","[""IMAGE""]",[1548],8,2,2025-12-12T09:17:39Z,2025-12-12T09:17:39Z
1552,section,,[],[],[1552],20,11,2025-12-12T09:17:39Z,2025-12-12T09:17:39Z
1554,wrapper script,,[],[],[1554],4,2,2025-12-12T09:17:39Z,2025-12-12T09:17:39Z
1557,opt,,[],[],[1557],6,3,2025-12-12T09:17:39Z,2025-12-12T09:17:39Z
1561,spool,,[],[],[1561],11,6,2025-12-12T09:17:39Z,2025-12-12T09:17:39Z
1576,interactive step,,"[""interactive steps""]",[],[1576],6,3,2025-12-12T09:17:39Z,2025-12-12T09:17:39Z
1577,batch step,,"[""Batch step""]",[],[1577],4,3,2025-12-12T09:17:39Z,2025-12-12T09:17:39Z
1579,cat etc/*rel,,[],[],[1579],3,1,2025-12-12T09:17:39Z,2025-12-12T09:17:39Z
1591,scrun,,[],[],[1591],8,1,2025-12-12T09:17:39Z,2025-12-12T09:17:39Z
1592,special user permission,,"[""special user permissions""]",[],[1592],3,2,2025-12-12T09:17:39Z,2025-12-12T09:17:39Z
1593,slurm.conf,file,[],[],[1593],138,45,2025-12-12T09:17:39Z,2025-12-12T09:17:39Z
1594,munge authentication,,"[""Munge authentication""]",[],[1594],4,3,2025-12-12T09:17:39Z,2025-12-12T09:17:39Z
1595,authtype,,"[""AuthType""]",[],[1595],11,6,2025-12-12T09:17:39Z,2025-12-12T09:17:39Z
1596,auth,,[],[],[1596],27,12,2025-12-12T09:17:39Z,2025-12-12T09:17:39Z
1600,configure,,"[""Configure""]",[],[1600],18,9,2025-12-12T09:17:39Z,2025-12-12T09:17:39Z
1603,installation location,,"[""installation locations""]",[],[1603],4,3,2025-12-12T09:17:39Z,2025-12-12T09:17:39Z
1604,jwt,,"[""JWT"", ""JWT authentication"", ""JWT key""]","[""JWT""]","[1604, 1899, 6098]",41,5,2025-12-12T09:17:39Z,2025-12-12T09:17:39Z
1608,command line argument,,"[""command line arguments""]",[],[1608],3,2,2025-12-12T09:17:39Z,2025-12-12T09:17:39Z
1635,install,,"[""Install""]",[],[1635],13,6,2025-12-12T09:17:39Z,2025-12-12T09:17:39Z
1639,systemctl,,[],[],[1639],10,6,2025-12-12T09:17:39Z,2025-12-12T09:17:39Z
1643,config,,[],[],[1643],15,7,2025-12-12T09:17:39Z,2025-12-12T09:17:39Z
1645,field,,"[""fields""]",[],[1645],49,20,2025-12-12T09:17:39Z,2025-12-12T09:17:39Z
1647,privilege,,"[""privileges""]",[],[1647],4,4,2025-12-12T09:17:39Z,2025-12-12T09:17:39Z
1648,selinux,,[],[],[1648],6,4,2025-12-12T09:17:39Z,2025-12-12T09:17:39Z
1649,exec,,[],[],[1649],4,3,2025-12-12T09:17:39Z,2025-12-12T09:17:39Z
1650,correct path,,"[""Correct path""]",[],[1650],3,2,2025-12-12T09:17:39Z,2025-12-12T09:17:39Z
1657,filesystem,,"[""filesystems""]",[],[1657],11,5,2025-12-12T09:17:39Z,2025-12-12T09:17:39Z
1659,deployment,,[],[],[1659],5,3,2025-12-12T09:17:39Z,2025-12-12T09:17:39Z
1675,world,,[],[],[1675],6,3,2025-12-12T09:17:39Z,2025-12-12T09:17:39Z
1691,security,,"[""Security""]",[],[1691],17,8,2025-12-12T09:17:39Z,2025-12-12T09:17:39Z
1694,slurm support,,"[""Slurm support""]",[],[1694],6,3,2025-12-12T09:17:39Z,2025-12-12T09:17:39Z
1706,label,,[],[],[1706],11,3,2025-12-12T09:17:39Z,2025-12-12T09:17:39Z
1713,home,,"[""HOME""]","[""HOME""]",[1713],6,3,2025-12-12T09:17:39Z,2025-12-12T09:17:39Z
1721,slurm_job_id,config,"[""SLURM_JOB_ID""]","[""SLURM_JOB_ID""]",[1721],6,5,2025-12-12T09:17:39Z,2025-12-12T09:17:39Z
1728,instruction,,"[""instructions""]",[],[1728],9,8,2025-12-12T09:17:39Z,2025-12-12T09:17:39Z
1739,mkdir,,[],[],[1739],4,3,2025-12-12T09:17:39Z,2025-12-12T09:17:39Z
1745,pmix,,"[""PMIx""]",[],[1745],33,6,2025-12-12T09:17:39Z,2025-12-12T09:17:39Z
1749,update,,[],[],[1749],6,5,2025-12-12T09:17:39Z,2025-12-12T09:17:39Z
1751,upgrade,,[],[],[1751],38,6,2025-12-12T09:17:39Z,2025-12-12T09:17:39Z
1753,epel,,[],[],[1753],3,3,2025-12-12T09:17:39Z,2025-12-12T09:17:39Z
1754,release,,[],[],[1754],21,13,2025-12-12T09:17:39Z,2025-12-12T09:17:39Z
1758,devel,,[],[],[1758],4,3,2025-12-12T09:17:39Z,2025-12-12T09:17:39Z
1774,spank,,"[""SPANK"", ""SPANK Plugins""]","[""SPANK""]","[1774, 1777]",10,4,2025-12-12T09:17:39Z,2025-12-12T09:17:39Z
1775,configuration file,,[],[],[1775],39,17,2025-12-12T09:17:39Z,2025-12-12T09:17:39Z
1779,project,,"[""projects""]",[],[1779],3,3,2025-12-12T09:17:39Z,2025-12-12T09:17:39Z
1781,schedmd,,"[""SchedMD""]",[],[1781],19,11,2025-12-12T09:17:39Z,2025-12-12T09:17:39Z
1783,nersc,,"[""NERSC""]","[""NERSC""]",[1783],3,3,2025-12-12T09:17:39Z,2025-12-12T09:17:39Z
1787,presentation,,"[""Presentations""]",[],[1787],3,2,2025-12-12T09:17:39Z,2025-12-12T09:17:39Z
1788,code,,"[""Code""]",[],[1788],22,14,2025-12-12T09:17:39Z,2025-12-12T09:17:39Z
1794,nvidia gpu,,"[""Nvidia GPUs""]",[],[1794],4,2,2025-12-12T09:17:39Z,2025-12-12T09:17:39Z
1804,rest,,"[""REST API""]",[],"[1804, 3168]",15,7,2025-12-12T09:17:39Z,2025-12-12T09:17:39Z
1805,slurmrestd daemon,,[],[],[1805],5,4,2025-12-12T09:17:39Z,2025-12-12T09:17:39Z
1807,authentication,,[],[],[1807],28,11,2025-12-12T09:17:39Z,2025-12-12T09:17:39Z
1808,page,,[],[],[1808],15,12,2025-12-12T09:17:39Z,2025-12-12T09:17:39Z
1812,model,,"[""Models""]",[],[1812],7,4,2025-12-12T09:17:39Z,2025-12-12T09:17:39Z
1818,issue,,"[""Common Issues"", ""issues""]",[],"[1818, 4090]",16,9,2025-12-12T09:17:39Z,2025-12-12T09:17:39Z
1820,http,,"[""HTTP""]","[""HTTP""]",[1820],9,3,2025-12-12T09:17:39Z,2025-12-12T09:17:39Z
1825,slurmrestd,,[],[],[1825],67,11,2025-12-12T09:17:39Z,2025-12-12T09:17:39Z
1830,guide,,[],[],[1830],11,10,2025-12-12T09:17:39Z,2025-12-12T09:17:39Z
1832,machine,,[],[],[1832],46,13,2025-12-12T09:17:39Z,2025-12-12T09:17:39Z
1833,demand,,[],[],[1833],8,4,2025-12-12T09:17:39Z,2025-12-12T09:17:39Z
1836,deb,,"[""DEB"", ""DEB packages""]","[""DEB""]","[1836, 7491]",7,3,2025-12-12T09:17:39Z,2025-12-12T09:17:39Z
1838,smd,,[],[],[1838],3,3,2025-12-12T09:17:39Z,2025-12-12T09:17:39Z
1839,rpm,,"[""RPM""]","[""RPM""]",[1839],16,8,2025-12-12T09:17:39Z,2025-12-12T09:17:39Z
1841,build time,,[],[],[1841],4,3,2025-12-12T09:17:39Z,2025-12-12T09:17:39Z
1844,slurm.conf man page,,[],[],[1844],7,6,2025-12-12T09:17:39Z,2025-12-12T09:17:39Z
1847,production,,[],[],[1847],3,3,2025-12-12T09:17:39Z,2025-12-12T09:17:39Z
1849,export,,[],[],[1849],3,1,2025-12-12T09:17:39Z,2025-12-12T09:17:39Z
1850,debug,,[],[],[1850],6,4,2025-12-12T09:17:39Z,2025-12-12T09:17:39Z
1855,place,,"[""places""]",[],[1855],22,14,2025-12-12T09:17:39Z,2025-12-12T09:17:39Z
1858,user account,,[],[],[1858],4,4,2025-12-12T09:17:39Z,2025-12-12T09:17:39Z
1859,slurmuser,,"[""SlurmUser""]",[],[1859],34,13,2025-12-12T09:17:39Z,2025-12-12T09:17:39Z
1862,sbin,,[],[],[1862],8,6,2025-12-12T09:17:39Z,2025-12-12T09:17:39Z
1868,behavior,,[],[],[1868],25,16,2025-12-12T09:17:39Z,2025-12-12T09:17:39Z
1869,permission,,"[""permissions""]",[],[1869],19,9,2025-12-12T09:17:39Z,2025-12-12T09:17:39Z
1870,parent directory,,[],[],[1870],11,5,2025-12-12T09:17:39Z,2025-12-12T09:17:39Z
1871,service file,,[],[],[1871],3,2,2025-12-12T09:17:39Z,2025-12-12T09:17:39Z
1874,execstart,,"[""ExecStart""]",[],[1874],4,1,2025-12-12T09:17:39Z,2025-12-12T09:17:39Z
1875,line,,[],[],[1875],31,15,2025-12-12T09:17:39Z,2025-12-12T09:17:39Z
1877,assignment,,[],[],[1877],3,3,2025-12-12T09:17:39Z,2025-12-12T09:17:39Z
1879,override,,"[""overrides""]",[],[1879],3,1,2025-12-12T09:17:39Z,2025-12-12T09:17:39Z
1883,upgrading,,[],[],[1883],7,4,2025-12-12T09:17:39Z,2025-12-12T09:17:39Z
1886,sysconfig,,[],[],[1886],7,3,2025-12-12T09:17:39Z,2025-12-12T09:17:39Z
1893,directive,,"[""directives""]",[],[1893],13,3,2025-12-12T09:17:39Z,2025-12-12T09:17:39Z
1895,lib,,[],[],[1895],17,10,2025-12-12T09:17:39Z,2025-12-12T09:17:39Z
1900,slurm_jwt,config,"[""SLURM_JWT""]","[""SLURM_JWT""]",[1900],6,2,2025-12-12T09:17:39Z,2025-12-12T09:17:39Z
1901,scontrol,,[],[],[1901],76,24,2025-12-12T09:17:39Z,2025-12-12T09:17:39Z
1902,minute,,"[""minutes""]",[],[1902],82,18,2025-12-12T09:17:39Z,2025-12-12T09:17:39Z
1905,curl -s,,[],[],[1905],3,2,2025-12-12T09:17:39Z,2025-12-12T09:17:39Z
1906,tmp,,[],[],[1906],16,9,2025-12-12T09:17:39Z,2025-12-12T09:17:39Z
1907,curl.log,,[],[],[1907],4,1,2025-12-12T09:17:39Z,2025-12-12T09:17:39Z
1908,token:$slurm_jwt,,"[""TOKEN:$SLURM_JWT""]",[],[1908],3,2,2025-12-12T09:17:39Z,2025-12-12T09:17:39Z
1923,authentication method,,"[""authentication methods""]",[],[1923],5,4,2025-12-12T09:17:39Z,2025-12-12T09:17:39Z
1924,run mode,,"[""run modes""]",[],[1924],3,3,2025-12-12T09:17:39Z,2025-12-12T09:17:39Z
1925,high availability,,[],[],[1925],7,4,2025-12-12T09:17:39Z,2025-12-12T09:17:39Z
1926,proxy,,"[""proxies""]",[],[1926],12,3,2025-12-12T09:17:39Z,2025-12-12T09:17:39Z
1928,validity,,"[""Validity""]",[],[1928],3,3,2025-12-12T09:17:39Z,2025-12-12T09:17:39Z
1934,solution,,[],[],[1934],8,4,2025-12-12T09:17:39Z,2025-12-12T09:17:39Z
1937,attention,,[],[],[1937],5,4,2025-12-12T09:17:39Z,2025-12-12T09:17:39Z
1938,debug message,,[],[],[1938],3,2,2025-12-12T09:17:39Z,2025-12-12T09:17:39Z
1940,terminal,,[],[],[1940],5,3,2025-12-12T09:17:39Z,2025-12-12T09:17:39Z
1943,character,,"[""characters""]",[],[1943],5,3,2025-12-12T09:17:39Z,2025-12-12T09:17:39Z
1950,figure,,"[""Figure""]",[],[1950],7,4,2025-12-12T09:17:39Z,2025-12-12T09:17:39Z
1954,affinity,,"[""Affinity""]",[],[1954],10,7,2025-12-12T09:17:39Z,2025-12-12T09:17:39Z
1956,affinity mask,,"[""Affinity Mask""]",[],[1956],3,1,2025-12-12T09:17:39Z,2025-12-12T09:17:39Z
1958,logical processor,,"[""logical processors""]",[],[1958],11,2,2025-12-12T09:17:39Z,2025-12-12T09:17:39Z
1965,advantage,,[],[],[1965],8,6,2025-12-12T09:17:39Z,2025-12-12T09:17:39Z
1975,task distribution option,,"[""Task Distribution Options""]",[],[1975],3,2,2025-12-12T09:17:39Z,2025-12-12T09:17:39Z
1976,distribution,,"[""Distributions""]",[],[1976],42,8,2025-12-12T09:17:39Z,2025-12-12T09:17:39Z
1977,arbitrary,,[],[],[1977],6,4,2025-12-12T09:17:39Z,2025-12-12T09:17:39Z
1978,cyclic,,[],[],[1978],11,3,2025-12-12T09:17:39Z,2025-12-12T09:17:39Z
1979,plane,,[],[],[1979],3,1,2025-12-12T09:17:39Z,2025-12-12T09:17:39Z
1980,consumable resource,,[],[],[1980],64,9,2025-12-12T09:17:39Z,2025-12-12T09:17:39Z
1982,real memory,,[],[],[1982],9,5,2025-12-12T09:17:39Z,2025-12-12T09:17:39Z
1984,task affinity,,"[""Task affinity""]",[],[1984],17,6,2025-12-12T09:17:39Z,2025-12-12T09:17:39Z
1986,slurm.conf file,,[],[],[1986],37,19,2025-12-12T09:17:39Z,2025-12-12T09:17:39Z
1987,taskplugin,,"[""TaskPlugin""]",[],[1987],14,6,2025-12-12T09:17:39Z,2025-12-12T09:17:39Z
1989,task launch,,"[""Task Launch""]",[],[1989],10,5,2025-12-12T09:17:39Z,2025-12-12T09:17:39Z
1990,configurator.html,,[],[],[1990],3,1,2025-12-12T09:17:39Z,2025-12-12T09:17:39Z
1992,bind,,[],[],[1992],12,4,2025-12-12T09:17:39Z,2025-12-12T09:17:39Z
1994,srun --cpu,,[],[],[1994],3,2,2025-12-12T09:17:39Z,2025-12-12T09:17:39Z
1995,man srun,,[],[],[1995],6,2,2025-12-12T09:17:39Z,2025-12-12T09:17:39Z
1998,selection,,[],[],[1998],4,3,2025-12-12T09:17:39Z,2025-12-12T09:17:39Z
2002,a.out,,[],[],[2002],5,4,2025-12-12T09:17:39Z,2025-12-12T09:17:39Z
2004,binding,,"[""Binding""]",[],[2004],11,2,2025-12-12T09:17:39Z,2025-12-12T09:17:39Z
2005,extension,,"[""Extensions""]",[],[2005],3,2,2025-12-12T09:17:39Z,2025-12-12T09:17:39Z
2007,cyclic distribution,,[],[],[2007],5,2,2025-12-12T09:17:39Z,2025-12-12T09:17:39Z
2010,distribution method,,[],[],[2010],3,3,2025-12-12T09:17:39Z,2025-12-12T09:17:39Z
2019,maximum amount,,[],[],[2019],9,3,2025-12-12T09:17:39Z,2025-12-12T09:17:39Z
2023,memory requirement,,[],[],[2023],7,5,2025-12-12T09:17:39Z,2025-12-12T09:17:39Z
2024,total amount,,[],[],[2024],3,2,2025-12-12T09:17:39Z,2025-12-12T09:17:39Z
2025,linear,,[],[],[2025],21,13,2025-12-12T09:17:39Z,2025-12-12T09:17:39Z
2026,selecttype,,"[""SelectType""]",[],[2026],27,12,2025-12-12T09:17:39Z,2025-12-12T09:17:39Z
2027,cons_tre,,"[""cons_tres""]",[],[2027],32,15,2025-12-12T09:17:39Z,2025-12-12T09:17:39Z
2029,selecttypeparameter,,"[""SelectTypeParameters""]",[],[2029],17,7,2025-12-12T09:17:39Z,2025-12-12T09:17:39Z
2030,cr_cpu_memory,,"[""CR_CPU_Memory""]",[],[2030],12,5,2025-12-12T09:17:39Z,2025-12-12T09:17:39Z
2031,cr_core_memory,,"[""CR_Core_Memory""]",[],[2031],13,7,2025-12-12T09:17:39Z,2025-12-12T09:17:39Z
2032,resource selection,,"[""Resource Selection""]",[],[2032],11,6,2025-12-12T09:17:39Z,2025-12-12T09:17:39Z
2037,app,,[],[],[2037],5,5,2025-12-12T09:17:39Z,2025-12-12T09:17:39Z
2038,rank,,[],[],[2038],6,5,2025-12-12T09:17:39Z,2025-12-12T09:17:39Z
2044,hydra,,[],[],[2044],13,3,2025-12-12T09:17:39Z,2025-12-12T09:17:39Z
2045,resource requirement,,"[""resource requirements""]",[],[2045],4,3,2025-12-12T09:17:39Z,2025-12-12T09:17:39Z
2047,processor,,"[""specific processors""]",[],"[2047, 2160]",31,12,2025-12-12T09:17:39Z,2025-12-12T09:17:39Z
2050,property,,"[""properties""]",[],[2050],4,4,2025-12-12T09:17:39Z,2025-12-12T09:17:39Z
2052,mapping,,"[""mappings""]",[],[2052],4,3,2025-12-12T09:17:39Z,2025-12-12T09:17:39Z
2056,hyperthreading,,[],[],[2056],3,2,2025-12-12T09:17:39Z,2025-12-12T09:17:39Z
2069,mask,,"[""MASK""]","[""MASK""]",[2069],8,1,2025-12-12T09:17:39Z,2025-12-12T09:17:39Z
2074,level flag,,"[""level flags""]",[],[2074],5,1,2025-12-12T09:17:39Z,2025-12-12T09:17:39Z
2076,length,,[],[],[2076],6,5,2025-12-12T09:17:39Z,2025-12-12T09:17:39Z
2077,complexity,,[],[],[2077],4,4,2025-12-12T09:17:39Z,2025-12-12T09:17:39Z
2078,bind flag,,[],[],[2078],3,1,2025-12-12T09:17:39Z,2025-12-12T09:17:39Z
2080,approach,,[],[],[2080],7,7,2025-12-12T09:17:39Z,2025-12-12T09:17:39Z
2085,default distribution method,,[],[],[2085],3,2,2025-12-12T09:17:39Z,2025-12-12T09:17:39Z
2092,problem,,[],[],[2092],22,11,2025-12-12T09:17:39Z,2025-12-12T09:17:39Z
2093,bind option,,[],[],[2093],4,2,2025-12-12T09:17:39Z,2025-12-12T09:17:39Z
2099,task ids,,"[""task IDs""]",[],[2099],5,2,2025-12-12T09:17:39Z,2025-12-12T09:17:39Z
2109,sinfo,,[],[],[2109],20,11,2025-12-12T09:17:39Z,2025-12-12T09:17:39Z
2110,squeue,,[],[],[2110],31,16,2025-12-12T09:17:39Z,2025-12-12T09:17:39Z
2118,nodelist,,"[""NODELIST NODES PARTITION"", ""NodeList""]",[],"[2118, 2147]",8,4,2025-12-12T09:17:39Z,2025-12-12T09:17:39Z
2121,output format,,"[""output formats""]",[],[2121],3,2,2025-12-12T09:17:39Z,2025-12-12T09:17:39Z
2122,identifier,,"[""identifiers""]",[],[2122],3,2,2025-12-12T09:17:39Z,2025-12-12T09:17:39Z
2134,copy,,"[""copies""]",[],[2134],6,5,2025-12-12T09:17:39Z,2025-12-12T09:17:39Z
2142,scontrol show job,,[],[],[2142],10,9,2025-12-12T09:17:39Z,2025-12-12T09:17:39Z
2143,sleep,,[],[],[2143],6,2,2025-12-12T09:17:39Z,2025-12-12T09:17:39Z
2145,allocnode,,"[""AllocNode""]",[],[2145],3,2,2025-12-12T09:17:39Z,2025-12-12T09:17:39Z
2146,jobstate,,"[""JobState""]",[],[2146],5,3,2025-12-12T09:17:39Z,2025-12-12T09:17:39Z
2150,configuration setting,,"[""Configuration settings""]",[],[2150],3,3,2025-12-12T09:17:39Z,2025-12-12T09:17:39Z
2153,affinity plugin,,[],[],[2153],3,3,2025-12-12T09:17:39Z,2025-12-12T09:17:39Z
2155,taskprolog,,"[""TaskProlog""]",[],[2155],49,6,2025-12-12T09:17:39Z,2025-12-12T09:17:39Z
2156,taskepilog,,"[""TaskEpilog""]",[],[2156],42,3,2025-12-12T09:17:39Z,2025-12-12T09:17:39Z
2158,task launch plugin,,[],[],[2158],3,3,2025-12-12T09:17:39Z,2025-12-12T09:17:39Z
2159,resource management,,[],[],[2159],7,5,2025-12-12T09:17:39Z,2025-12-12T09:17:39Z
2163,cgroup,,[],[],[2163],58,14,2025-12-12T09:17:39Z,2025-12-12T09:17:39Z
2164,linux cgroup,,"[""Linux cgroup""]",[],[2164],8,6,2025-12-12T09:17:39Z,2025-12-12T09:17:39Z
2165,task launch action,,"[""task launch actions""]",[],[2165],3,3,2025-12-12T09:17:39Z,2025-12-12T09:17:39Z
2170,nodename,,"[""NodeName""]",[],[2170],47,17,2025-12-12T09:17:39Z,2025-12-12T09:17:39Z
2171,complete description,,[],[],[2171],3,3,2025-12-12T09:17:39Z,2025-12-12T09:17:39Z
2173,generic resource,,"[""Generic Resources""]",[],[2173],16,8,2025-12-12T09:17:39Z,2025-12-12T09:17:39Z
2175,optional plugin,,[],[],[2175],3,3,2025-12-12T09:17:39Z,2025-12-12T09:17:39Z
2176,device,,[],[],[2176],12,5,2025-12-12T09:17:39Z,2025-12-12T09:17:39Z
2178,implementation,,[],[],[2178],11,11,2025-12-12T09:17:39Z,2025-12-12T09:17:39Z
2182,data structure,,"[""Data Structures""]",[],[2182],11,7,2025-12-12T09:17:39Z,2025-12-12T09:17:39Z
2183,slurm node,,"[""Slurm nodes""]",[],[2183],3,3,2025-12-12T09:17:39Z,2025-12-12T09:17:39Z
2186,gres_list,,[],[],[2186],3,1,2025-12-12T09:17:39Z,2025-12-12T09:17:39Z
2187,element,,[],[],[2187],14,5,2025-12-12T09:17:39Z,2025-12-12T09:17:39Z
2189,gre type,,"[""specific GRES type""]",[],[2189],3,3,2025-12-12T09:17:39Z,2025-12-12T09:17:39Z
2190,structure,,[],[],[2190],6,4,2025-12-12T09:17:39Z,2025-12-12T09:17:39Z
2192,pointer,,[],[],[2192],6,5,2025-12-12T09:17:39Z,2025-12-12T09:17:39Z
2196,counter,,"[""counters""]",[],[2196],5,2,2025-12-12T09:17:39Z,2025-12-12T09:17:39Z
2197,bitmap,,"[""bitmaps""]",[],[2197],4,2,2025-12-12T09:17:39Z,2025-12-12T09:17:39Z
2199,job information,,"[""Job Information""]",[],[2199],6,6,2025-12-12T09:17:39Z,2025-12-12T09:17:39Z
2213,design,,[],[],[2213],4,4,2025-12-12T09:17:39Z,2025-12-12T09:17:39Z
2222,credential,,[],[],[2222],14,6,2025-12-12T09:17:39Z,2025-12-12T09:17:39Z
2223,plan,,[],[],[2223],3,3,2025-12-12T09:17:39Z,2025-12-12T09:17:39Z
2224,linux,,"[""Linux""]",[],[2224],26,14,2025-12-12T09:17:39Z,2025-12-12T09:17:39Z
2226,today,,[],[],[2226],3,3,2025-12-12T09:17:39Z,2025-12-12T09:17:39Z
2227,pair,,[],[],[2227],8,7,2025-12-12T09:17:39Z,2025-12-12T09:17:39Z
2238,slurmd process,,[],[],[2238],3,2,2025-12-12T09:17:39Z,2025-12-12T09:17:39Z
2239,user command,,"[""user commands""]",[],[2239],18,5,2025-12-12T09:17:39Z,2025-12-12T09:17:39Z
2240,login node,,"[""login nodes""]",[],[2240],17,8,2025-12-12T09:17:39Z,2025-12-12T09:17:39Z
2244,compute,,[],[],[2244],6,6,2025-12-12T09:17:39Z,2025-12-12T09:17:39Z
2247,startup,,[],[],[2247],11,8,2025-12-12T09:17:39Z,2025-12-12T09:17:39Z
2248,config file,,"[""config files""]",[],[2248],3,1,2025-12-12T09:17:39Z,2025-12-12T09:17:39Z
2250,dns,,"[""DNS SRV records""]",[],[2250],4,1,2025-12-12T09:17:39Z,2025-12-12T09:17:39Z
2251,client command,,"[""client commands""]",[],[2251],9,5,2025-12-12T09:17:39Z,2025-12-12T09:17:39Z
2253,lot,,[],[],[2253],4,3,2025-12-12T09:17:39Z,2025-12-12T09:17:39Z
2255,sackd,,[],[],[2255],3,3,2025-12-12T09:17:39Z,2025-12-12T09:17:39Z
2262,precedence,,[],[],[2262],7,3,2025-12-12T09:17:39Z,2025-12-12T09:17:39Z
2263,slurmd --conf,,[],[],[2263],3,1,2025-12-12T09:17:39Z,2025-12-12T09:17:39Z
2266,priority order,,[],[],[2266],5,4,2025-12-12T09:17:39Z,2025-12-12T09:17:39Z
2269,backup,,[],[],[2269],7,3,2025-12-12T09:17:39Z,2025-12-12T09:17:39Z
2271,primary,,[],[],[2271],5,4,2025-12-12T09:17:39Z,2025-12-12T09:17:39Z
2275,high priority,,"[""higher priority""]",[],[2275],13,7,2025-12-12T09:17:39Z,2025-12-12T09:17:39Z
2277,initial testing,,"[""Initial Testing""]",[],[2277],4,4,2025-12-12T09:17:39Z,2025-12-12T09:17:39Z
2279,slurmdspooldir,,"[""SlurmdSpoolDir""]",[],[2279],3,3,2025-12-12T09:17:39Z,2025-12-12T09:17:39Z
2283,slurmctld node,,[],[],[2283],4,4,2025-12-12T09:17:39Z,2025-12-12T09:17:39Z
2284,scontrol reconfig,,[],[],[2284],9,5,2025-12-12T09:17:39Z,2025-12-12T09:17:39Z
2287,slurmd.service file,,[],[],[2287],4,4,2025-12-12T09:17:39Z,2025-12-12T09:17:39Z
2292,prolog,,"[""Prolog""]",[],[2292],42,9,2025-12-12T09:17:39Z,2025-12-12T09:17:39Z
2293,epilog script,,"[""Epilog scripts""]",[],[2293],4,3,2025-12-12T09:17:39Z,2025-12-12T09:17:39Z
2294,filename,,"[""filenames""]",[],[2294],3,3,2025-12-12T09:17:39Z,2025-12-12T09:17:39Z
2305,acct_gather.conf,file,[],[],[2305],4,2,2025-12-12T09:17:39Z,2025-12-12T09:17:39Z
2306,cgroup.conf,file,[],[],[2306],5,2,2025-12-12T09:17:39Z,2025-12-12T09:17:39Z
2307,gres.conf,file,[],[],[2307],12,3,2025-12-12T09:17:39Z,2025-12-12T09:17:39Z
2309,job_container.conf,file,[],[],[2309],4,3,2025-12-12T09:17:39Z,2025-12-12T09:17:39Z
2311,period,,[],[],[2311],12,9,2025-12-12T09:17:39Z,2025-12-12T09:17:39Z
2313,high prioritytier partition,,"[""higher PriorityTier partition""]",[],[2313],5,2,2025-12-12T09:17:39Z,2025-12-12T09:17:39Z
2314,preemption,,"[""Preemption""]",[],[2314],26,7,2025-12-12T09:17:39Z,2025-12-12T09:17:39Z
2316,gang scheduler,,"[""Gang scheduler""]",[],[2316],14,3,2025-12-12T09:17:39Z,2025-12-12T09:17:39Z
2319,utilization,,[],[],[2319],3,3,2025-12-12T09:17:39Z,2025-12-12T09:17:39Z
2323,gang scheduling logic,,[],[],[2323],4,2,2025-12-12T09:17:39Z,2025-12-12T09:17:39Z
2324,schedulertimeslice interval,,"[""SchedulerTimeslice interval""]",[],[2324],3,1,2025-12-12T09:17:39Z,2025-12-12T09:17:39Z
2325,running job,,[],[],[2325],20,14,2025-12-12T09:17:39Z,2025-12-12T09:17:39Z
2327,important configuration parameter,,"[""important configuration parameters""]",[],[2327],4,4,2025-12-12T09:17:39Z,2025-12-12T09:17:39Z
2329,linear plugin,,[],[],[2329],11,6,2025-12-12T09:17:39Z,2025-12-12T09:17:39Z
2331,cons_tre plugin,,"[""cons_tres plugin""]",[],[2331],24,7,2025-12-12T09:17:39Z,2025-12-12T09:17:39Z
2333,amount,,[],[],[2333],33,17,2025-12-12T09:17:39Z,2025-12-12T09:17:39Z
2334,memory page,,[],[],[2334],3,3,2025-12-12T09:17:39Z,2025-12-12T09:17:39Z
2336,job request,,"[""job requests""]",[],[2336],16,8,2025-12-12T09:17:39Z,2025-12-12T09:17:39Z
2337,defmempercpu,,"[""DefMemPerCPU""]",[],[2337],3,3,2025-12-12T09:17:39Z,2025-12-12T09:17:39Z
2338,default memory,,[],[],[2338],3,3,2025-12-12T09:17:39Z,2025-12-12T09:17:39Z
2339,maxmempercpu,,"[""MaxMemPerCPU""]",[],[2339],3,3,2025-12-12T09:17:39Z,2025-12-12T09:17:39Z
2340,maximum memory,,[],[],[2340],3,3,2025-12-12T09:17:39Z,2025-12-12T09:17:39Z
2341,cpu option,,[],[],[2341],3,3,2025-12-12T09:17:39Z,2025-12-12T09:17:39Z
2342,job submission time,,[],[],[2342],4,4,2025-12-12T09:17:39Z,2025-12-12T09:17:39Z
2344,jobacctgatherfrequency,,"[""JobAcctGatherFrequency""]",[],[2344],9,5,2025-12-12T09:17:39Z,2025-12-12T09:17:39Z
2345,memory limit,,"[""memory limits""]",[],[2345],9,5,2025-12-12T09:17:39Z,2025-12-12T09:17:39Z
2346,jobacctgatherfrequency parameter,,"[""JobAcctGatherFrequency parameters""]",[],[2346],3,3,2025-12-12T09:17:39Z,2025-12-12T09:17:39Z
2347,gang,,"[""GANG"", ""GANG option""]","[""GANG""]","[2347, 2350]",21,3,2025-12-12T09:17:39Z,2025-12-12T09:17:39Z
2349,job preemption,,[],[],[2349],13,4,2025-12-12T09:17:39Z,2025-12-12T09:17:39Z
2351,cluster level,,[],[],[2351],3,2,2025-12-12T09:17:39Z,2025-12-12T09:17:39Z
2352,slicing,,[],[],[2352],6,3,2025-12-12T09:17:39Z,2025-12-12T09:17:39Z
2353,oversubscribe,,"[""OverSubscribe""]",[],[2353],32,6,2025-12-12T09:17:39Z,2025-12-12T09:17:39Z
2354,partition_prio,,[],[],[2354],7,2,2025-12-12T09:17:39Z,2025-12-12T09:17:39Z
2355,prioritytier partition,,"[""PriorityTier partitions""]",[],[2355],4,2,2025-12-12T09:17:39Z,2025-12-12T09:17:39Z
2356,schedulertimeslice,,"[""SchedulerTimeSlice""]",[],[2356],3,1,2025-12-12T09:17:39Z,2025-12-12T09:17:39Z
2360,force,,"[""FORCE"", ""FORCE partition""]","[""FORCE""]","[2360, 8437]",16,6,2025-12-12T09:17:39Z,2025-12-12T09:17:39Z
2362,additional parameter,,[],[],[2362],6,3,2025-12-12T09:17:39Z,2025-12-12T09:17:39Z
2363,compute resource,,[],[],[2363],10,9,2025-12-12T09:17:39Z,2025-12-12T09:17:39Z
2364,max_share,,[],[],[2364],3,2,2025-12-12T09:17:39Z,2025-12-12T09:17:39Z
2366,force:,,"[""FORCE:""]",[],[2366],3,2,2025-12-12T09:17:39Z,2025-12-12T09:17:39Z
2368,configuration change,,"[""configuration changes""]",[],[2368],6,6,2025-12-12T09:17:39Z,2025-12-12T09:17:39Z
2373,track,,[],[],[2373],8,6,2025-12-12T09:17:39Z,2025-12-12T09:17:39Z
2374,active bitmap,,[],[],[2374],8,2,2025-12-12T09:17:39Z,2025-12-12T09:17:39Z
2375,slurm cluster,,"[""Slurm cluster""]",[],[2375],5,5,2025-12-12T09:17:39Z,2025-12-12T09:17:39Z
2380,job queue,,[],[],[2380],4,3,2025-12-12T09:17:39Z,2025-12-12T09:17:39Z
2384,scontrol suspend,,[],[],[2384],4,2,2025-12-12T09:17:39Z,2025-12-12T09:17:39Z
2386,good,,[],[],[2386],4,4,2025-12-12T09:17:39Z,2025-12-12T09:17:39Z
2387,timeslicer,,[],[],[2387],3,1,2025-12-12T09:17:39Z,2025-12-12T09:17:39Z
2390,simple,,"[""Simple""]",[],[2390],7,6,2025-12-12T09:17:39Z,2025-12-12T09:17:39Z
2391,small cluster,,[],[],[2391],3,3,2025-12-12T09:17:39Z,2025-12-12T09:17:39Z
2394,excerpt,,[],[],[2394],7,5,2025-12-12T09:17:39Z,2025-12-12T09:17:39Z
2403,user job,,"[""user jobs""]",[],[2403],5,5,2025-12-12T09:17:39Z,2025-12-12T09:17:39Z
2409,scope,,[],[],[2409],4,4,2025-12-12T09:17:39Z,2025-12-12T09:17:39Z
2413,cr_cpu,config,"[""CR_CPU""]","[""CR_CPU""]",[2413],8,5,2025-12-12T09:17:39Z,2025-12-12T09:17:39Z
2414,cr_core,,"[""CR_Core""]",[],[2414],6,4,2025-12-12T09:17:39Z,2025-12-12T09:17:39Z
2416,selector,,[],[],[2416],3,2,2025-12-12T09:17:39Z,2025-12-12T09:17:39Z
2421,manner,,[],[],[2421],3,3,2025-12-12T09:17:39Z,2025-12-12T09:17:39Z
2426,linux kernel,,"[""Linux kernel""]",[],[2426],7,3,2025-12-12T09:17:39Z,2025-12-12T09:17:39Z
2428,scancel command,,[],[],[2428],4,4,2025-12-12T09:17:39Z,2025-12-12T09:17:39Z
2440,support,,[],[],[2440],23,14,2025-12-12T09:17:39Z,2025-12-12T09:17:39Z
2441,person,,[],[],[2441],3,3,2025-12-12T09:17:39Z,2025-12-12T09:17:39Z
2446,archive,,[],[],[2446],4,3,2025-12-12T09:17:39Z,2025-12-12T09:17:39Z
2448,mpi,,"[""MPI"", ""MPI implementations"", ""MPI job""]","[""MPI""]","[2448, 2449, 2467]",39,10,2025-12-12T09:17:39Z,2025-12-12T09:17:39Z
2450,pmi-,,"[""PMI-""]",[],[2450],21,2,2025-12-12T09:17:39Z,2025-12-12T09:17:39Z
2452,launch task,,"[""launches tasks""]",[],[2452],6,4,2025-12-12T09:17:39Z,2025-12-12T09:17:39Z
2453,infrastructure,,[],[],[2453],9,8,2025-12-12T09:17:39Z,2025-12-12T09:17:39Z
2454,ssh,,"[""SSH""]","[""SSH""]",[2454],9,4,2025-12-12T09:17:39Z,2025-12-12T09:17:39Z
2457,control,,[],[],[2457],16,11,2025-12-12T09:17:39Z,2025-12-12T09:17:39Z
2459,epilog,,[],[],[2459],36,10,2025-12-12T09:17:39Z,2025-12-12T09:17:39Z
2460,pam_slurm_adopt,,[],[],[2460],22,5,2025-12-12T09:17:39Z,2025-12-12T09:17:39Z
2461,user application,,[],[],[2461],7,5,2025-12-12T09:17:39Z,2025-12-12T09:17:39Z
2463,pmi,,"[""PMI"", ""PMI library""]","[""PMI""]","[2463, 2624]",16,5,2025-12-12T09:17:39Z,2025-12-12T09:17:39Z
2475,slurm plugin,,"[""Slurm plugin""]",[],[2475],16,11,2025-12-12T09:17:39Z,2025-12-12T09:17:39Z
2480,package,,"[""packages""]",[],[2480],14,4,2025-12-12T09:17:39Z,2025-12-12T09:17:39Z
2483,hwloc,,[],[],[2483],4,3,2025-12-12T09:17:39Z,2025-12-12T09:17:39Z
2484,bug,,[],[],[2484],4,4,2025-12-12T09:17:39Z,2025-12-12T09:17:39Z
2489,link,,"[""Links""]",[],[2489],7,6,2025-12-12T09:17:39Z,2025-12-12T09:17:39Z
2490,variety,,"[""varieties""]",[],[2490],7,5,2025-12-12T09:17:39Z,2025-12-12T09:17:39Z
2491,open mpi,,"[""Open MPI""]",[],[2491],3,3,2025-12-12T09:17:39Z,2025-12-12T09:17:39Z
2492,intel,,"[""Intel""]",[],[2492],8,3,2025-12-12T09:17:39Z,2025-12-12T09:17:39Z
2493,mpich,,"[""MPICH""]","[""MPICH""]",[2493],13,5,2025-12-12T09:17:39Z,2025-12-12T09:17:39Z
2494,mvapich,,"[""MVAPICH""]","[""MVAPICH""]",[2494],13,3,2025-12-12T09:17:39Z,2025-12-12T09:17:39Z
2513,intel mpi,,"[""Intel MPI""]",[],[2513],5,3,2025-12-12T09:17:39Z,2025-12-12T09:17:39Z
2517,configure time,,[],[],[2517],3,3,2025-12-12T09:17:39Z,2025-12-12T09:17:39Z
2525,slurm/22.,,[],[],[2525],5,1,2025-12-12T09:17:39Z,2025-12-12T09:17:39Z
2526,inst,,[],[],[2526],7,1,2025-12-12T09:17:39Z,2025-12-12T09:17:39Z
2532,libpmi2.so.0.0.,,[],[],[2532],3,2,2025-12-12T09:17:39Z,2025-12-12T09:17:39Z
2537,library,,"[""libraries""]",[],[2537],23,10,2025-12-12T09:17:39Z,2025-12-12T09:17:39Z
2540,conflict,,[],[],[2540],3,3,2025-12-12T09:17:39Z,2025-12-12T09:17:39Z
2543,e.g,,"[""E.g""]",[],[2543],4,4,2025-12-12T09:17:39Z,2025-12-12T09:17:39Z
2544,munge,,[],[],[2544],31,9,2025-12-12T09:17:39Z,2025-12-12T09:17:39Z
2548,test environment,,[],[],[2548],5,4,2025-12-12T09:17:39Z,2025-12-12T09:17:39Z
2561,test,,[],[],[2561],12,8,2025-12-12T09:17:39Z,2025-12-12T09:17:39Z
2563,openmpi,,"[""OpenMPI""]",[],[2563],6,3,2025-12-12T09:17:39Z,2025-12-12T09:17:39Z
2572,mpidefault,,"[""MpiDefault""]",[],[2572],5,4,2025-12-12T09:17:39Z,2025-12-12T09:17:39Z
2583,slurm allocation,,"[""Slurm allocation""]",[],[2583],3,2,2025-12-12T09:17:39Z,2025-12-12T09:17:39Z
2585,locked memory,,[],[],[2585],4,2,2025-12-12T09:17:39Z,2025-12-12T09:17:39Z
2590,infinity,,[],[],[2590],4,3,2025-12-12T09:17:39Z,2025-12-12T09:17:39Z
2594,mpirun command,,[],[],[2594],3,1,2025-12-12T09:17:39Z,2025-12-12T09:17:39Z
2596,hydra process manager,,"[""Hydra Process Manager""]",[],[2596],3,2,2025-12-12T09:17:39Z,2025-12-12T09:17:39Z
2600,user app,,[],[],[2600],3,1,2025-12-12T09:17:39Z,2025-12-12T09:17:39Z
2601,exclusive allocation,,[],[],[2601],3,2,2025-12-12T09:17:39Z,2025-12-12T09:17:39Z
2602,pmi-2 library,,"[""PMI-2 library""]",[],[2602],6,1,2025-12-12T09:17:39Z,2025-12-12T09:17:39Z
2603,contrib,,"[""contribs""]",[],[2603],7,5,2025-12-12T09:17:39Z,2025-12-12T09:17:39Z
2604,salloc -n,,"[""salloc -N""]",[],[2604],4,2,2025-12-12T09:17:39Z,2025-12-12T09:17:39Z
2605,default slurm,,"[""default Slurm""]",[],[2605],3,1,2025-12-12T09:17:39Z,2025-12-12T09:17:39Z
2606,mpirun,,[],[],[2606],4,2,2025-12-12T09:17:39Z,2025-12-12T09:17:39Z
2607,mpiexec,,[],[],[2607],7,2,2025-12-12T09:17:39Z,2025-12-12T09:17:39Z
2608,slurm bootstrap mechanism,,"[""Slurm bootstrap mechanism""]",[],[2608],3,1,2025-12-12T09:17:39Z,2025-12-12T09:17:39Z
2609,launcher,,[],[],[2609],4,2,2025-12-12T09:17:39Z,2025-12-12T09:17:39Z
2610,regular step,,"[""regular steps""]",[],[2610],4,2,2025-12-12T09:17:39Z,2025-12-12T09:17:39Z
2612,exception,,[],[],[2612],16,9,2025-12-12T09:17:39Z,2025-12-12T09:17:39Z
2613,bootstrap,,[],[],[2613],3,1,2025-12-12T09:17:39Z,2025-12-12T09:17:39Z
2614,bootstrap mechanism,,[],[],[2614],3,1,2025-12-12T09:17:39Z,2025-12-12T09:17:39Z
2615,process tracking,,[],[],[2615],7,6,2025-12-12T09:17:39Z,2025-12-12T09:17:39Z
2621,stack,,"[""stacks""]",[],[2621],3,3,2025-12-12T09:17:39Z,2025-12-12T09:17:39Z
2634,user@testbox:~/mpich-4.0.,,[],[],[2634],3,1,2025-12-12T09:17:39Z,2025-12-12T09:17:39Z
2639,slurm upgrade,,"[""Slurm upgrade""]",[],[2639],3,2,2025-12-12T09:17:39Z,2025-12-12T09:17:39Z
2641,scenario,,[],[],[2641],11,10,2025-12-12T09:17:39Z,2025-12-12T09:17:39Z
2642,recompile,,[],[],[2642],5,2,2025-12-12T09:17:39Z,2025-12-12T09:17:39Z
2644,internal pmi implementation,,"[""internal PMI implementation""]",[],[2644],3,1,2025-12-12T09:17:39Z,2025-12-12T09:17:39Z
2657,configure script,,"[""configure scripts""]",[],[2657],4,3,2025-12-12T09:17:39Z,2025-12-12T09:17:39Z
2658,possibility,,"[""possibilities""]",[],[2658],5,5,2025-12-12T09:17:39Z,2025-12-12T09:17:39Z
2660,gcc,,"[""GCC""]","[""GCC""]",[2660],4,3,2025-12-12T09:17:39Z,2025-12-12T09:17:39Z
2661,slurm api,,"[""Slurm API""]",[],[2661],5,5,2025-12-12T09:17:39Z,2025-12-12T09:17:39Z
2666,compile,,[],[],[2666],6,4,2025-12-12T09:17:39Z,2025-12-12T09:17:39Z
2671,previous,,[],[],[2671],4,4,2025-12-12T09:17:39Z,2025-12-12T09:17:39Z
2680,availability,,[],[],[2680],3,3,2025-12-12T09:17:39Z,2025-12-12T09:17:39Z
2684,cray,,"[""Cray""]",[],[2684],7,4,2025-12-12T09:17:39Z,2025-12-12T09:17:39Z
2688,operator,,"[""Operator""]",[],[2688],9,5,2025-12-12T09:17:39Z,2025-12-12T09:17:39Z
2696,resource limit,,"[""Resource Limits""]",[],[2696],30,9,2025-12-12T09:17:39Z,2025-12-12T09:17:39Z
2697,admin,,"[""Admin""]",[],[2697],6,4,2025-12-12T09:17:39Z,2025-12-12T09:17:39Z
2701,sub-account,,"[""sub-accounts""]",[],[2701],6,3,2025-12-12T09:17:39Z,2025-12-12T09:17:39Z
2702,user association,,"[""user associations""]",[],[2702],10,4,2025-12-12T09:17:39Z,2025-12-12T09:17:39Z
2704,realm,,[],[],[2704],4,2,2025-12-12T09:17:39Z,2025-12-12T09:17:39Z
2706,sacctmgr man page,,[],[],[2706],5,5,2025-12-12T09:17:39Z,2025-12-12T09:17:39Z
2707,selinux context,,"[""SELinux context""]",[],[2707],3,1,2025-12-12T09:17:39Z,2025-12-12T09:17:39Z
2713,context,,"[""contexts""]",[],[2713],8,2,2025-12-12T09:17:39Z,2025-12-12T09:17:39Z
2715,slurm user,,"[""Slurm users""]",[],[2715],9,6,2025-12-12T09:17:39Z,2025-12-12T09:17:39Z
2725,part_list,,[],[],[2725],5,3,2025-12-12T09:17:39Z,2025-12-12T09:17:39Z
2726,submit_uid,,[],[],[2726],5,3,2025-12-12T09:17:39Z,2025-12-12T09:17:39Z
2728,str,,[],[],[2728],4,1,2025-12-12T09:17:39Z,2025-12-12T09:17:39Z
2729,unconfined_u,,[],[],[2729],5,1,2025-12-12T09:17:39Z,2025-12-12T09:17:39Z
2750,ssh session,,[],[],[2750],5,3,2025-12-12T09:17:39Z,2025-12-12T09:17:39Z
2752,job submission,,[],[],[2752],21,12,2025-12-12T09:17:39Z,2025-12-12T09:17:39Z
2753,completion,,[],[],[2753],12,9,2025-12-12T09:17:39Z,2025-12-12T09:17:39Z
2754,event,,[],[],[2754],14,8,2025-12-12T09:17:39Z,2025-12-12T09:17:39Z
2763,priority job,,"[""priority jobs""]",[],[2763],4,3,2025-12-12T09:17:39Z,2025-12-12T09:17:39Z
2768,backfill,,[],[],[2768],14,9,2025-12-12T09:17:39Z,2025-12-12T09:17:39Z
2769,builtin,,[],[],[2769],4,4,2025-12-12T09:17:39Z,2025-12-12T09:17:39Z
2770,schedulerparameter configuration parameter,,"[""SchedulerParameters configuration parameter""]",[],[2770],5,3,2025-12-12T09:17:39Z,2025-12-12T09:17:39Z
2772,small number,,[],[],[2772],3,3,2025-12-12T09:17:39Z,2025-12-12T09:17:39Z
2773,submit time,,[],[],[2773],3,3,2025-12-12T09:17:39Z,2025-12-12T09:17:39Z
2776,maximum time,,[],[],[2776],8,3,2025-12-12T09:17:39Z,2025-12-12T09:17:39Z
2777,leaf switch,,"[""leaf switches""]",[],[2777],8,4,2025-12-12T09:17:39Z,2025-12-12T09:17:39Z
2779,specifie,,"[""Specifies""]",[],[2779],3,2,2025-12-12T09:17:39Z,2025-12-12T09:17:39Z
2780,single partition,,[],[],[2780],3,3,2025-12-12T09:17:39Z,2025-12-12T09:17:39Z
2782,start time,,[],[],[2782],15,6,2025-12-12T09:17:39Z,2025-12-12T09:17:39Z
2783,high priority job,,"[""higher priority jobs""]",[],[2783],8,5,2025-12-12T09:17:39Z,2025-12-12T09:17:39Z
2784,completion time,,[],[],[2784],3,3,2025-12-12T09:17:39Z,2025-12-12T09:17:39Z
2786,consideration,,[],[],[2786],11,8,2025-12-12T09:17:39Z,2025-12-12T09:17:39Z
2787,execution time,,[],[],[2787],4,4,2025-12-12T09:17:39Z,2025-12-12T09:17:39Z
2788,performance reason,,"[""performance reasons""]",[],[2788],5,5,2025-12-12T09:17:39Z,2025-12-12T09:17:39Z
2791,partition pair,,"[""partition pairs""]",[],[2791],3,1,2025-12-12T09:17:39Z,2025-12-12T09:17:39Z
2793,single job,,[],[],[2793],6,4,2025-12-12T09:17:39Z,2025-12-12T09:17:39Z
2794,early start time,,"[""earliest start time""]",[],[2794],6,3,2025-12-12T09:17:39Z,2025-12-12T09:17:39Z
2796,hetjob component,,"[""hetjob components""]",[],[2796],4,2,2025-12-12T09:17:39Z,2025-12-12T09:17:39Z
2797,priority partition,,[],[],[2797],3,2,2025-12-12T09:17:39Z,2025-12-12T09:17:39Z
2798,backfill reservation,,[],[],[2798],3,1,2025-12-12T09:17:39Z,2025-12-12T09:17:39Z
2803,maxtime,,"[""MaxTime""]",[],[2803],3,3,2025-12-12T09:17:39Z,2025-12-12T09:17:39Z
2806,time limit,,[],[],[2806],28,15,2025-12-12T09:17:39Z,2025-12-12T09:17:39Z
2815,backfill cycle,,[],[],[2815],5,2,2025-12-12T09:17:39Z,2025-12-12T09:17:39Z
2819,cost,,[],[],[2819],4,3,2025-12-12T09:17:39Z,2025-12-12T09:17:39Z
2823,job time limit,,"[""job time limits""]",[],[2823],5,5,2025-12-12T09:17:39Z,2025-12-12T09:17:39Z
2827,future,,[],[],[2827],10,8,2025-12-12T09:17:39Z,2025-12-12T09:17:39Z
2828,high,,"[""Higher""]",[],[2828],5,4,2025-12-12T09:17:39Z,2025-12-12T09:17:39Z
2830,day,,[],[],[2830],19,7,2025-12-12T09:17:39Z,2025-12-12T09:17:39Z
2834,quality,,"[""Quality""]",[],[2834],12,7,2025-12-12T09:17:39Z,2025-12-12T09:17:39Z
2835,slurm database,,"[""Slurm database""]",[],[2835],14,8,2025-12-12T09:17:39Z,2025-12-12T09:17:39Z
2836,sacctmgr command,,[],[],[2836],12,6,2025-12-12T09:17:39Z,2025-12-12T09:17:39Z
2837,scheduling priority,,"[""Scheduling Priority""]",[],[2837],3,3,2025-12-12T09:17:39Z,2025-12-12T09:17:39Z
2838,partition qos,,"[""Partition QOS""]",[],[2838],17,3,2025-12-12T09:17:39Z,2025-12-12T09:17:39Z
2839,relative qos,,"[""Relative QOS""]",[],[2839],4,1,2025-12-12T09:17:39Z,2025-12-12T09:17:39Z
2842,factor,,"[""factors""]",[],[2842],24,7,2025-12-12T09:17:39Z,2025-12-12T09:17:39Z
2846,priorityweightqo,,"[""PriorityWeightQOS""]",[],[2846],4,2,2025-12-12T09:17:39Z,2025-12-12T09:17:39Z
2851,preempttype,,"[""PreemptType""]",[],[2851],7,3,2025-12-12T09:17:39Z,2025-12-12T09:17:39Z
2857,job qos,,"[""job QOS""]",[],[2857],4,3,2025-12-12T09:17:39Z,2025-12-12T09:17:39Z
2865,grptre,,"[""GrpTRES""]",[],[2865],6,2,2025-12-12T09:17:39Z,2025-12-12T09:17:39Z
2871,relative,,"[""Relative""]",[],[2871],3,2,2025-12-12T09:17:39Z,2025-12-12T09:17:39Z
2872,percentage,,"[""percentages""]",[],[2872],11,5,2025-12-12T09:17:39Z,2025-12-12T09:17:39Z
2873,unit,,"[""units""]",[],[2873],19,11,2025-12-12T09:17:39Z,2025-12-12T09:17:39Z
2879,valid option,,"[""Valid options""]",[],[2879],5,4,2025-12-12T09:17:39Z,2025-12-12T09:17:39Z
2890,grpwall,,"[""GrpWall""]",[],[2890],4,2,2025-12-12T09:17:39Z,2025-12-12T09:17:39Z
2893,aggregate limit,,"[""aggregate limits""]",[],[2893],7,2,2025-12-12T09:17:39Z,2025-12-12T09:17:39Z
2902,large job,,"[""larger jobs""]",[],[2902],6,6,2025-12-12T09:17:39Z,2025-12-12T09:17:39Z
2907,timelimit,,"[""TimeLimit""]",[],[2907],4,4,2025-12-12T09:17:39Z,2025-12-12T09:17:39Z
2911,accountingstorageenforce,,"[""AccountingStorageEnforce""]",[],[2911],15,4,2025-12-12T09:17:39Z,2025-12-12T09:17:39Z
2912,safe,,"[""Safe""]",[],[2912],7,2,2025-12-12T09:17:39Z,2025-12-12T09:17:39Z
2913,usagefactor,,"[""UsageFactor""]",[],[2913],11,2,2025-12-12T09:17:39Z,2025-12-12T09:17:39Z
2922,usagefactorsafe flag,,"[""UsageFactorSafe flag""]",[],[2922],6,2,2025-12-12T09:17:39Z,2025-12-12T09:17:39Z
2923,float,,[],[],[2923],3,2,2025-12-12T09:17:39Z,2025-12-12T09:17:39Z
2924,sshare,,[],[],[2924],5,4,2025-12-12T09:17:39Z,2025-12-12T09:17:39Z
2932,format option,,[],[],[2932],4,4,2025-12-12T09:17:39Z,2025-12-12T09:17:39Z
2947,form,,[],[],[2947],13,11,2025-12-12T09:17:39Z,2025-12-12T09:17:39Z
2948,slurm configuration file,,"[""Slurm configuration file""]",[],[2948],10,5,2025-12-12T09:17:39Z,2025-12-12T09:17:39Z
2950,slurm configuration tool,,"[""Slurm configuration tool""]",[],[2950],4,3,2025-12-12T09:17:39Z,2025-12-12T09:17:39Z
2953,slurm version,,"[""Slurm version""]",[],[2953],12,8,2025-12-12T09:17:39Z,2025-12-12T09:17:39Z
2954,doc,,[],[],[2954],8,5,2025-12-12T09:17:39Z,2025-12-12T09:17:39Z
2955,html,,[],[],[2955],4,4,2025-12-12T09:17:39Z,2025-12-12T09:17:39Z
2957,man slurm.conf,file,[],[],[2957],6,3,2025-12-12T09:17:39Z,2025-12-12T09:17:39Z
2958,slurm daemon,,"[""Slurm daemons""]",[],[2958],27,11,2025-12-12T09:17:39Z,2025-12-12T09:17:39Z
2959,log file,,"[""log files""]",[],[2959],9,5,2025-12-12T09:17:39Z,2025-12-12T09:17:39Z
2960,lack,,[],[],[2960],4,4,2025-12-12T09:17:39Z,2025-12-12T09:17:39Z
2963,risk,,[],[],[2963],4,4,2025-12-12T09:17:39Z,2025-12-12T09:17:39Z
2964,starting,,[],[],[2964],3,3,2025-12-12T09:17:39Z,2025-12-12T09:17:39Z
2965,submit,,"[""Submit""]",[],[2965],3,3,2025-12-12T09:17:39Z,2025-12-12T09:17:39Z
2967,bottom,,[],[],[2967],3,3,2025-12-12T09:17:39Z,2025-12-12T09:17:39Z
2971,clustername,,"[""ClusterName""]",[],[2971],3,3,2025-12-12T09:17:39Z,2025-12-12T09:17:39Z
2972,single database,,[],[],[2972],3,3,2025-12-12T09:17:39Z,2025-12-12T09:17:39Z
2974,control machine,,"[""Control Machines""]",[],[2974],6,4,2025-12-12T09:17:39Z,2025-12-12T09:17:39Z
2975,computer,,[],[],[2975],9,5,2025-12-12T09:17:39Z,2025-12-12T09:17:39Z
2976,optional backup controller,,[],[],[2976],3,3,2025-12-12T09:17:39Z,2025-12-12T09:17:39Z
2985,wide variety,,[],[],[2985],8,6,2025-12-12T09:17:39Z,2025-12-12T09:17:39Z
2987,nodeaddr,,"[""NodeAddr""]",[],[2987],7,7,2025-12-12T09:17:39Z,2025-12-12T09:17:39Z
2989,partitionname,,"[""PartitionName""]",[],[2989],22,11,2025-12-12T09:17:39Z,2025-12-12T09:17:39Z
2990,maximum time limit,,"[""Maximum time limit""]",[],[2990],3,3,2025-12-12T09:17:39Z,2025-12-12T09:17:39Z
2991,infinite,,"[""INFINITE""]","[""INFINITE""]",[2991],4,3,2025-12-12T09:17:39Z,2025-12-12T09:17:39Z
2992,corespersocket,,"[""CoresPerSocket""]",[],[2992],7,3,2025-12-12T09:17:39Z,2025-12-12T09:17:39Z
2997,realmemory,,"[""RealMemory""]",[],[2997],5,5,2025-12-12T09:17:39Z,2025-12-12T09:17:39Z
2998,cons_tre plug,,"[""cons_tres plug""]",[],[2998],4,3,2025-12-12T09:17:39Z,2025-12-12T09:17:39Z
3008,qualified pathname,,[],[],[3008],8,3,2025-12-12T09:17:39Z,2025-12-12T09:17:39Z
3009,backup controller,,[],[],[3009],7,5,2025-12-12T09:17:39Z,2025-12-12T09:17:39Z
3010,unique directory,,[],[],[3010],3,3,2025-12-12T09:17:39Z,2025-12-12T09:17:39Z
3011,compute server,,[],[],[3011],3,3,2025-12-12T09:17:39Z,2025-12-12T09:17:39Z
3012,local disk,,[],[],[3012],8,6,2025-12-12T09:17:39Z,2025-12-12T09:17:39Z
3018,define,,"[""Define""]",[],[3018],5,3,2025-12-12T09:17:39Z,2025-12-12T09:17:39Z
3019,returntoservice,,"[""ReturnToService""]",[],[3019],3,3,2025-12-12T09:17:39Z,2025-12-12T09:17:39Z
3020,registration,,[],[],[3020],5,3,2025-12-12T09:17:39Z,2025-12-12T09:17:39Z
3021,valid configuration,,[],[],[3021],4,2,2025-12-12T09:17:39Z,2025-12-12T09:17:39Z
3024,switchtype,,"[""SwitchType""]",[],[3024],3,3,2025-12-12T09:17:39Z,2025-12-12T09:17:39Z
3028,srun option,,[],[],[3028],9,4,2025-12-12T09:17:39Z,2025-12-12T09:17:39Z
3031,job container,,[],[],[3031],4,3,2025-12-12T09:17:39Z,2025-12-12T09:17:39Z
3038,process group id,,"[""process group ID""]",[],[3038],3,3,2025-12-12T09:17:39Z,2025-12-12T09:17:39Z
3044,srun man page,,"[""srun man pages""]",[],[3044],5,4,2025-12-12T09:17:39Z,2025-12-12T09:17:39Z
3045,enforcement,,[],[],[3045],6,6,2025-12-12T09:17:39Z,2025-12-12T09:17:39Z
3047,cgroup.conf man page,,[],[],[3047],5,3,2025-12-12T09:17:39Z,2025-12-12T09:17:39Z
3048,srunprolog,,"[""SrunProlog""]",[],[3048],44,2,2025-12-12T09:17:39Z,2025-12-12T09:17:39Z
3049,qualified path,,[],[],[3049],3,2,2025-12-12T09:17:39Z,2025-12-12T09:17:39Z
3050,job step initiation,,[],[],[3050],3,3,2025-12-12T09:17:39Z,2025-12-12T09:17:39Z
3051,srunepilog,,"[""SrunEpilog""]",[],[3051],43,2,2025-12-12T09:17:39Z,2025-12-12T09:17:39Z
3053,verbosity,,[],[],[3053],4,3,2025-12-12T09:17:39Z,2025-12-12T09:17:39Z
3055,slurmctldlogfile,,"[""SlurmctldLogFile""]",[],[3055],5,3,2025-12-12T09:17:39Z,2025-12-12T09:17:39Z
3056,syslog,,[],[],[3056],7,5,2025-12-12T09:17:39Z,2025-12-12T09:17:39Z
3058,job completion,,[],[],[3058],9,4,2025-12-12T09:17:39Z,2025-12-12T09:17:39Z
3060,filetxt,,"[""FileTxt""]",[],[3060],4,3,2025-12-12T09:17:39Z,2025-12-12T09:17:39Z
3062,text file,,[],[],[3062],6,2,2025-12-12T09:17:39Z,2025-12-12T09:17:39Z
3064,kafka server,,"[""Kafka server""]",[],[3064],3,2,2025-12-12T09:17:39Z,2025-12-12T09:17:39Z
3066,mysql,,"[""MySQL""]",[],[3066],35,8,2025-12-12T09:17:39Z,2025-12-12T09:17:39Z
3068,mariadb database,,"[""MariaDB database""]",[],[3068],5,3,2025-12-12T09:17:39Z,2025-12-12T09:17:39Z
3072,database server,,[],[],[3072],8,4,2025-12-12T09:17:39Z,2025-12-12T09:17:39Z
3074,jobcompparam,,"[""JobCompParams""]",[],[3074],5,3,2025-12-12T09:17:39Z,2025-12-12T09:17:39Z
3075,password,,"[""Password""]",[],[3075],17,5,2025-12-12T09:17:39Z,2025-12-12T09:17:39Z
3076,job accounting gather,,"[""Job Accounting Gather""]",[],[3076],3,3,2025-12-12T09:17:39Z,2025-12-12T09:17:39Z
3078,system type,,[],[],[3078],3,3,2025-12-12T09:17:39Z,2025-12-12T09:17:39Z
3079,select,,"[""Select""]",[],[3079],3,3,2025-12-12T09:17:39Z,2025-12-12T09:17:39Z
3085,job accounting storage,,"[""Job Accounting Storage""]",[],[3085],3,2,2025-12-12T09:17:39Z,2025-12-12T09:17:39Z
3087,accounting information,,[],[],[3087],9,6,2025-12-12T09:17:39Z,2025-12-12T09:17:39Z
3088,fashion,,"[""fashions""]",[],[3088],9,7,2025-12-12T09:17:39Z,2025-12-12T09:17:39Z
3090,job accounting,,[],[],[3090],13,6,2025-12-12T09:17:39Z,2025-12-12T09:17:39Z
3091,database daemon,,[],[],[3091],3,3,2025-12-12T09:17:39Z,2025-12-12T09:17:39Z
3094,accountingstorageport,,"[""AccountingStoragePort""]",[],[3094],3,2,2025-12-12T09:17:39Z,2025-12-12T09:17:39Z
3098,enterprise,,[],[],[3098],3,3,2025-12-12T09:17:39Z,2025-12-12T09:17:39Z
3105,job_env,,[],[],[3105],3,2,2025-12-12T09:17:39Z,2025-12-12T09:17:39Z
3106,env,,[],[],[3106],5,4,2025-12-12T09:17:39Z,2025-12-12T09:17:39Z
3113,slurmdpidfile,,"[""SlurmdPidFile""]",[],[3113],4,4,2025-12-12T09:17:39Z,2025-12-12T09:17:39Z
3114,timer,,"[""Timers""]",[],[3114],3,3,2025-12-12T09:17:39Z,2025-12-12T09:17:39Z
3115,job record,,"[""job records""]",[],[3115],12,7,2025-12-12T09:17:39Z,2025-12-12T09:17:39Z
3116,slurmctldtimeout,,"[""SlurmctldTimeout""]",[],[3116],3,2,2025-12-12T09:17:39Z,2025-12-12T09:17:39Z
3119,slurmdtimeout,,"[""SlurmdTimeout""]",[],[3119],7,4,2025-12-12T09:17:39Z,2025-12-12T09:17:39Z
3121,inactivelimit,,"[""InactiveLimit""]",[],[3121],4,3,2025-12-12T09:17:39Z,2025-12-12T09:17:39Z
3123,sigterm,,"[""SIGTERM""]","[""SIGTERM""]",[3123],3,3,2025-12-12T09:17:39Z,2025-12-12T09:17:39Z
3130,patch,,"[""patches""]",[],[3130],13,3,2025-12-12T09:17:39Z,2025-12-12T09:17:39Z
3132,github,,"[""GitHub""]",[],[3132],6,4,2025-12-12T09:17:39Z,2025-12-12T09:17:39Z
3142,inclusion,,[],[],[3142],3,2,2025-12-12T09:17:39Z,2025-12-12T09:17:39Z
3145,bug fix,,"[""Bug fixes""]",[],[3145],3,3,2025-12-12T09:17:39Z,2025-12-12T09:17:39Z
3147,major release,,[],[],[3147],11,4,2025-12-12T09:17:39Z,2025-12-12T09:17:39Z
3155,space,,"[""spaces""]",[],[3155],12,5,2025-12-12T09:17:39Z,2025-12-12T09:17:39Z
3156,error message,,[],[],[3156],18,9,2025-12-12T09:17:39Z,2025-12-12T09:17:39Z
3165,style,,[],[],[3165],3,2,2025-12-12T09:17:39Z,2025-12-12T09:17:39Z
3172,makefile.am,,"[""Makefile.am""]",[],[3172],7,3,2025-12-12T09:17:39Z,2025-12-12T09:17:39Z
3206,absolute path,,[],[],[3206],3,2,2025-12-12T09:17:39Z,2025-12-12T09:17:39Z
3209,jobcomploc,,"[""JobCompLoc""]",[],[3209],3,2,2025-12-12T09:17:39Z,2025-12-12T09:17:39Z
3210,slurmctld restart,,[],[],[3210],5,3,2025-12-12T09:17:39Z,2025-12-12T09:17:39Z
3247,callback,,[],[],[3247],3,2,2025-12-12T09:17:39Z,2025-12-12T09:17:39Z
3259,previous version,,"[""previous versions""]",[],[3259],4,4,2025-12-12T09:17:39Z,2025-12-12T09:17:39Z
3261,state file,,[],[],[3261],4,3,2025-12-12T09:17:39Z,2025-12-12T09:17:39Z
3262,shutdown,,[],[],[3262],3,3,2025-12-12T09:17:39Z,2025-12-12T09:17:39Z
3276,step allocation,,[],[],[3276],3,3,2025-12-12T09:17:39Z,2025-12-12T09:17:39Z
3278,thousand,,"[""thousands""]",[],[3278],3,2,2025-12-12T09:17:39Z,2025-12-12T09:17:39Z
3279,couple,,[],[],[3279],3,3,2025-12-12T09:17:39Z,2025-12-12T09:17:39Z
3280,text,,[],[],[3280],5,3,2025-12-12T09:17:39Z,2025-12-12T09:17:39Z
3283,node count,,[],[],[3283],10,9,2025-12-12T09:17:39Z,2025-12-12T09:17:39Z
3284,task count,,[],[],[3284],3,3,2025-12-12T09:17:39Z,2025-12-12T09:17:39Z
3285,uid,,"[""UID""]","[""UID""]",[3285],15,6,2025-12-12T09:17:39Z,2025-12-12T09:17:39Z
3286,gid,,"[""GID""]","[""GID""]",[3286],7,5,2025-12-12T09:17:39Z,2025-12-12T09:17:39Z
3290,error code,,[],[],[3290],3,2,2025-12-12T09:17:39Z,2025-12-12T09:17:39Z
3295,determine,,"[""Determine""]",[],[3295],3,3,2025-12-12T09:17:39Z,2025-12-12T09:17:39Z
3301,select plugin,,[],[],[3301],15,5,2025-12-12T09:17:39Z,2025-12-12T09:17:39Z
3310,initiation,,[],[],[3310],6,5,2025-12-12T09:17:39Z,2025-12-12T09:17:39Z
3313,job step allocation,,[],[],[3313],4,3,2025-12-12T09:17:39Z,2025-12-12T09:17:39Z
3315,degree,,[],[],[3315],3,3,2025-12-12T09:17:39Z,2025-12-12T09:17:39Z
3316,fanout,,[],[],[3316],3,3,2025-12-12T09:17:39Z,2025-12-12T09:17:39Z
3321,slurmstepd program,,[],[],[3321],3,1,2025-12-12T09:17:39Z,2025-12-12T09:17:39Z
3323,single job step,,[],[],[3323],3,3,2025-12-12T09:17:39Z,2025-12-12T09:17:39Z
3328,proctrack,,[],[],[3328],12,5,2025-12-12T09:17:39Z,2025-12-12T09:17:39Z
3332,fork,,"[""Fork""]",[],[3332],5,2,2025-12-12T09:17:39Z,2025-12-12T09:17:39Z
3336,sequence,,[],[],[3336],6,5,2025-12-12T09:17:39Z,2025-12-12T09:17:39Z
3337,sigcont,,"[""SIGCONT""]","[""SIGCONT""]",[3337],3,2,2025-12-12T09:17:39Z,2025-12-12T09:17:39Z
3339,user task,,"[""user tasks""]",[],[3339],4,2,2025-12-12T09:17:39Z,2025-12-12T09:17:39Z
3341,epilog program,,"[""Epilog program""]",[],[3341],5,3,2025-12-12T09:17:39Z,2025-12-12T09:17:39Z
3344,accountingstoragetype,,"[""AccountingStorageType""]",[],[3344],7,4,2025-12-12T09:17:39Z,2025-12-12T09:17:39Z
3346,extern step,,[],[],[3346],3,2,2025-12-12T09:17:39Z,2025-12-12T09:17:39Z
3347,prologflag,,"[""PrologFlags""]",[],[3347],3,3,2025-12-12T09:17:39Z,2025-12-12T09:17:39Z
3348,slurmstepd process,,[],[],[3348],4,4,2025-12-12T09:17:39Z,2025-12-12T09:17:39Z
3352,slurmstepd,,[],[],[3352],17,6,2025-12-12T09:17:39Z,2025-12-12T09:17:39Z
3353,launchparameter,,"[""LaunchParameters""]",[],[3353],5,5,2025-12-12T09:17:39Z,2025-12-12T09:17:39Z
3354,use_interactive_step,,[],[],[3354],4,2,2025-12-12T09:17:39Z,2025-12-12T09:17:39Z
3355,interactive shell,,[],[],[3355],4,2,2025-12-12T09:17:39Z,2025-12-12T09:17:39Z
3356,shell,,[],[],[3356],16,6,2025-12-12T09:17:39Z,2025-12-12T09:17:39Z
3359,sacct,,[],[],[3359],19,10,2025-12-12T09:17:39Z,2025-12-12T09:17:39Z
3364,header,,"[""headers""]",[],[3364],3,3,2025-12-12T09:17:39Z,2025-12-12T09:17:39Z
3365,developer,,"[""Developers""]",[],[3365],10,7,2025-12-12T09:17:39Z,2025-12-12T09:17:39Z
3367,core specialization,,"[""Core specialization""]",[],[3367],3,2,2025-12-12T09:17:39Z,2025-12-12T09:17:39Z
3370,job process,,"[""job processes""]",[],[3370],3,2,2025-12-12T09:17:39Z,2025-12-12T09:17:39Z
3371,specialized core,,"[""specialized cores""]",[],[3371],8,1,2025-12-12T09:17:39Z,2025-12-12T09:17:39Z
3372,command option,,"[""Command Options""]",[],[3372],4,4,2025-12-12T09:17:39Z,2025-12-12T09:17:39Z
3374,spec option,,[],[],[3374],3,1,2025-12-12T09:17:39Z,2025-12-12T09:17:39Z
3376,allowspecresourcesusage,,"[""AllowSpecResourcesUsage""]",[],[3376],3,1,2025-12-12T09:17:39Z,2025-12-12T09:17:39Z
3383,corespeccount,,"[""CoreSpecCount""]",[],[3383],3,1,2025-12-12T09:17:39Z,2025-12-12T09:17:39Z
3418,core count,,[],[],[3418],4,3,2025-12-12T09:17:39Z,2025-12-12T09:17:39Z
3422,slurm site_factor plugin,,"[""Slurm site_factor plugins""]",[],[3422],3,1,2025-12-12T09:17:39Z,2025-12-12T09:17:39Z
3425,site_factor,,[],[],[3425],4,2,2025-12-12T09:17:39Z,2025-12-12T09:17:39Z
3427,unsigned integer,,[],[],[3427],7,2,2025-12-12T09:17:39Z,2025-12-12T09:17:39Z
3430,proper operation,,[],[],[3430],4,3,2025-12-12T09:17:39Z,2025-12-12T09:17:39Z
3431,job priority,,[],[],[3431],16,8,2025-12-12T09:17:39Z,2025-12-12T09:17:39Z
3436,respect,,[],[],[3436],10,5,2025-12-12T09:17:39Z,2025-12-12T09:17:39Z
3438,job_ptr,,[],[],[3438],6,3,2025-12-12T09:17:39Z,2025-12-12T09:17:39Z
3443,site_factor plugin,,[],[],[3443],3,2,2025-12-12T09:17:39Z,2025-12-12T09:17:39Z
3444,interpretation,,"[""Interpretation""]",[],[3444],4,4,2025-12-12T09:17:39Z,2025-12-12T09:17:39Z
3446,prioritycalcperiod,,"[""PriorityCalcPeriod""]",[],[3446],4,3,2025-12-12T09:17:39Z,2025-12-12T09:17:39Z
3447,fair tree,,"[""Fair Tree""]",[],[3447],5,2,2025-12-12T09:17:39Z,2025-12-12T09:17:39Z
3456,loss,,[],[],[3456],5,3,2025-12-12T09:17:39Z,2025-12-12T09:17:39Z
3458,calculation,,"[""calculations""]",[],[3458],5,4,2025-12-12T09:17:39Z,2025-12-12T09:17:39Z
3461,level fs,,"[""Level FS""]",[],[3461],7,1,2025-12-12T09:17:39Z,2025-12-12T09:17:39Z
3464,association tree,,[],[],[3464],4,2,2025-12-12T09:17:39Z,2025-12-12T09:17:39Z
3465,fair tree algorithm,,"[""Fair Tree algorithm""]",[],[3465],5,2,2025-12-12T09:17:39Z,2025-12-12T09:17:39Z
3466,total number,,[],[],[3466],20,7,2025-12-12T09:17:39Z,2025-12-12T09:17:39Z
3468,usera,,"[""UserA""]",[],[3468],4,1,2025-12-12T09:17:39Z,2025-12-12T09:17:39Z
3469,userb,,"[""UserB""]",[],[3469],5,1,2025-12-12T09:17:39Z,2025-12-12T09:17:39Z
3476,level fairshare,,"[""Level Fairshare""]",[],[3476],5,1,2025-12-12T09:17:39Z,2025-12-12T09:17:39Z
3495,effective usage,,"[""Effective Usage""]",[],[3495],15,2,2025-12-12T09:17:39Z,2025-12-12T09:17:39Z
3503,priorityweightfairshare,,"[""PriorityWeightFairshare""]",[],[3503],3,2,2025-12-12T09:17:39Z,2025-12-12T09:17:39Z
3504,slurm accounting database,,"[""Slurm Accounting Database""]",[],[3504],3,2,2025-12-12T09:17:39Z,2025-12-12T09:17:39Z
3506,scontrol reconfigure,,[],[],[3506],3,3,2025-12-12T09:17:39Z,2025-12-12T09:17:39Z
3507,iteration,,[],[],[3507],5,3,2025-12-12T09:17:39Z,2025-12-12T09:17:39Z
3509,exclusive mode,,[],[],[3509],4,1,2025-12-12T09:17:39Z,2025-12-12T09:17:39Z
3520,cr_socket,,"[""CR_Socket""]",[],[3520],5,3,2025-12-12T09:17:39Z,2025-12-12T09:17:39Z
3521,cr_socket_memory,,"[""CR_Socket_Memory""]",[],[3521],5,3,2025-12-12T09:17:39Z,2025-12-12T09:17:39Z
3525,freq,,[],[],[3525],8,4,2025-12-12T09:17:39Z,2025-12-12T09:17:39Z
3530,job submission command,,"[""job submission commands""]",[],[3530],8,6,2025-12-12T09:17:39Z,2025-12-12T09:17:39Z
3538,consecutive node,,"[""consecutive nodes""]",[],[3538],3,3,2025-12-12T09:17:39Z,2025-12-12T09:17:39Z
3543,view,,[],[],[3543],11,4,2025-12-12T09:17:39Z,2025-12-12T09:17:39Z
3549,srun -n,,"[""srun -N""]",[],[3549],8,3,2025-12-12T09:17:39Z,2025-12-12T09:17:39Z
3558,node allocation,,"[""Node Allocations""]",[],[3558],3,3,2025-12-12T09:17:39Z,2025-12-12T09:17:39Z
3559,consumable resource plugin,,"[""Consumable Resource Plugin""]",[],[3559],3,2,2025-12-12T09:17:39Z,2025-12-12T09:17:39Z
3560,default allocation method,,[],[],[3560],9,2,2025-12-12T09:17:39Z,2025-12-12T09:17:39Z
3563,processor count,,[],[],[3563],3,2,2025-12-12T09:17:39Z,2025-12-12T09:17:39Z
3564,disk space,,[],[],[3564],4,4,2025-12-12T09:17:39Z,2025-12-12T09:17:39Z
3566,parallel job,,[],[],[3566],9,7,2025-12-12T09:17:39Z,2025-12-12T09:17:39Z
3574,idle cpu,,"[""idle CPU""]",[],[3574],3,1,2025-12-12T09:17:39Z,2025-12-12T09:17:39Z
3577,idle node,,[],[],[3577],3,2,2025-12-12T09:17:39Z,2025-12-12T09:17:39Z
3587,node linux,,"[""nodes linux""]",[],[3587],3,1,2025-12-12T09:17:39Z,2025-12-12T09:17:39Z
3589,main difference,,[],[],[3589],4,2,2025-12-12T09:17:39Z,2025-12-12T09:17:39Z
3595,lsf,,[],[],[3595],4,3,2025-12-12T09:17:39Z,2025-12-12T09:17:39Z
3603,open source,,[],[],[3603],4,4,2025-12-12T09:17:39Z,2025-12-12T09:17:39Z
3604,fault,,[],[],[3604],5,3,2025-12-12T09:17:39Z,2025-12-12T09:17:39Z
3605,scalable cluster management,,[],[],[3605],3,3,2025-12-12T09:17:39Z,2025-12-12T09:17:39Z
3606,job scheduling system,,[],[],[3606],3,3,2025-12-12T09:17:39Z,2025-12-12T09:17:39Z
3607,small linux cluster,,"[""small Linux clusters""]",[],[3607],3,3,2025-12-12T09:17:39Z,2025-12-12T09:17:39Z
3612,kernel modification,,"[""kernel modifications""]",[],[3612],3,3,2025-12-12T09:17:39Z,2025-12-12T09:17:39Z
3620,run time,,[],[],[3620],3,3,2025-12-12T09:17:39Z,2025-12-12T09:17:39Z
3621,slurm library,,"[""Slurm libraries""]",[],[3621],6,5,2025-12-12T09:17:39Z,2025-12-12T09:17:39Z
3628,top level directory,,[],[],[3628],3,2,2025-12-12T09:17:39Z,2025-12-12T09:17:39Z
3634,readme,,"[""README""]","[""README""]",[3634],3,2,2025-12-12T09:17:39Z,2025-12-12T09:17:39Z
3637,autoconf,,[],[],[3637],3,2,2025-12-12T09:17:39Z,2025-12-12T09:17:39Z
3641,version number,,[],[],[3641],4,3,2025-12-12T09:17:39Z,2025-12-12T09:17:39Z
3650,documentation,,"[""Documentation""]",[],[3650],16,9,2025-12-12T09:17:39Z,2025-12-12T09:17:39Z
3652,header file,,"[""Header files""]",[],[3652],4,2,2025-12-12T09:17:39Z,2025-12-12T09:17:39Z
3656,man,,[],[],[3656],6,4,2025-12-12T09:17:39Z,2025-12-12T09:17:39Z
3660,slurm code,,"[""Slurm code""]",[],[3660],3,3,2025-12-12T09:17:39Z,2025-12-12T09:17:39Z
3667,accounting storage plugin,,[],[],[3667],3,3,2025-12-12T09:17:39Z,2025-12-12T09:17:39Z
3668,plugin function,,"[""Plugin functions""]",[],[3668],4,3,2025-12-12T09:17:39Z,2025-12-12T09:17:39Z
3672,accounting_storage,,[],[],[3672],6,3,2025-12-12T09:17:39Z,2025-12-12T09:17:39Z
3675,jobacct_gather,,[],[],[3675],9,5,2025-12-12T09:17:39Z,2025-12-12T09:17:39Z
3677,node selection,,[],[],[3677],9,4,2025-12-12T09:17:39Z,2025-12-12T09:17:39Z
3682,administrator tool,,[],[],[3682],3,1,2025-12-12T09:17:39Z,2025-12-12T09:17:39Z
3683,sattach,,[],[],[3683],3,2,2025-12-12T09:17:39Z,2025-12-12T09:17:39Z
3684,standard input,,[],[],[3684],4,4,2025-12-12T09:17:39Z,2025-12-12T09:17:39Z
3685,error file,,"[""error files""]",[],[3685],4,2,2025-12-12T09:17:39Z,2025-12-12T09:17:39Z
3686,slurm job,,"[""Slurm job""]",[],[3686],9,5,2025-12-12T09:17:39Z,2025-12-12T09:17:39Z
3687,scancel,,[],[],[3687],6,5,2025-12-12T09:17:39Z,2025-12-12T09:17:39Z
3692,sprio,,[],[],[3692],7,5,2025-12-12T09:17:39Z,2025-12-12T09:17:39Z
3696,sreport,,[],[],[3696],14,8,2025-12-12T09:17:39Z,2025-12-12T09:17:39Z
3697,report,,"[""reports""]",[],[3697],6,4,2025-12-12T09:17:39Z,2025-12-12T09:17:39Z
3699,sstat,,[],[],[3699],5,4,2025-12-12T09:17:39Z,2025-12-12T09:17:39Z
3702,strigger,,[],[],[3702],4,3,2025-12-12T09:17:39Z,2025-12-12T09:17:39Z
3704,sview,,[],[],[3704],10,8,2025-12-12T09:17:39Z,2025-12-12T09:17:39Z
3709,branch,,[],[],[3709],3,3,2025-12-12T09:17:39Z,2025-12-12T09:17:39Z
3710,work,,[],[],[3710],21,10,2025-12-12T09:17:39Z,2025-12-12T09:17:39Z
3711,module,,"[""Modules""]",[],[3711],18,3,2025-12-12T09:17:39Z,2025-12-12T09:17:39Z
3712,makefile.am file,,"[""Makefile.am file""]",[],[3712],3,1,2025-12-12T09:17:39Z,2025-12-12T09:17:39Z
3713,top level,,[],[],[3713],3,3,2025-12-12T09:17:39Z,2025-12-12T09:17:39Z
3714,slurm source directory,,"[""Slurm source directory""]",[],[3714],3,3,2025-12-12T09:17:39Z,2025-12-12T09:17:39Z
3717,makefile.in file,,"[""Makefile.in files""]",[],[3717],5,2,2025-12-12T09:17:39Z,2025-12-12T09:17:39Z
3720,summary,,[],[],[3720],4,4,2025-12-12T09:17:39Z,2025-12-12T09:17:39Z
3722,standard output,,[],[],[3722],7,3,2025-12-12T09:17:39Z,2025-12-12T09:17:39Z
3723,configuration tool,,[],[],[3723],3,3,2025-12-12T09:17:39Z,2025-12-12T09:17:39Z
3729,check,,"[""Check""]",[],[3729],4,3,2025-12-12T09:17:39Z,2025-12-12T09:17:39Z
3751,slurmd support,,"[""Multiple slurmd support""]",[],[3751],3,2,2025-12-12T09:17:39Z,2025-12-12T09:17:39Z
3753,single node,,[],[],[3753],12,3,2025-12-12T09:17:39Z,2025-12-12T09:17:39Z
3755,networking,,[],[],[3755],4,2,2025-12-12T09:17:39Z,2025-12-12T09:17:39Z
3761,nodename line,,"[""NodeName line""]",[],[3761],3,2,2025-12-12T09:17:39Z,2025-12-12T09:17:39Z
3788,portion,,[],[],[3788],14,6,2025-12-12T09:17:39Z,2025-12-12T09:17:39Z
3792,requested association,,[],[],[3792],26,1,2025-12-12T09:17:39Z,2025-12-12T09:17:39Z
3795,account limit,,"[""Account limit""]",[],[3795],8,1,2025-12-12T09:17:39Z,2025-12-12T09:17:39Z
3796,advanced reservation,,[],[],[3796],13,5,2025-12-12T09:17:39Z,2025-12-12T09:17:39Z
3802,aggregate,,[],[],[3802],40,2,2025-12-12T09:17:39Z,2025-12-12T09:17:39Z
3803,burst buffer,,"[""Burst Buffers"", ""specific burst buffer""]",[],"[3803, 5648]",25,6,2025-12-12T09:17:39Z,2025-12-12T09:17:39Z
3804,future job,,"[""future jobs""]",[],[3804],22,2,2025-12-12T09:17:39Z,2025-12-12T09:17:39Z
3808,billing,,"[""Billing""]",[],[3808],9,2,2025-12-12T09:17:39Z,2025-12-12T09:17:39Z
3830,unknown generic resource,,[],[],[3830],4,1,2025-12-12T09:17:39Z,2025-12-12T09:17:39Z
3836,burst buffer request,,"[""Burst Buffer request""]",[],[3836],9,1,2025-12-12T09:17:39Z,2025-12-12T09:17:39Z
3838,maximum,,[],[],[3838],29,9,2025-12-12T09:17:39Z,2025-12-12T09:17:39Z
3841,resource request,,[],[],[3841],4,2,2025-12-12T09:17:39Z,2025-12-12T09:17:39Z
3842,maximum billing limit,,"[""maximum Billing limit""]",[],[3842],5,1,2025-12-12T09:17:39Z,2025-12-12T09:17:39Z
3847,energy request,,"[""Energy request""]",[],[3847],6,1,2025-12-12T09:17:39Z,2025-12-12T09:17:39Z
3855,license request,,"[""License request""]",[],[3855],9,3,2025-12-12T09:17:39Z,2025-12-12T09:17:39Z
3857,memory request,,"[""Memory request""]",[],[3857],6,1,2025-12-12T09:17:39Z,2025-12-12T09:17:39Z
3860,unknown trackable resource,,[],[],[3860],8,1,2025-12-12T09:17:39Z,2025-12-12T09:17:39Z
3871,burst buffer plugin,,"[""Burst Buffer plugin""]",[],[3871],9,3,2025-12-12T09:17:39Z,2025-12-12T09:17:39Z
3877,system administrator,,[],[],[3877],19,9,2025-12-12T09:17:39Z,2025-12-12T09:17:39Z
3878,jobhelduser,,"[""JobHeldUser""]",[],[3878],3,2,2025-12-12T09:17:39Z,2025-12-12T09:17:39Z
3881,file system problem,,[],[],[3881],3,3,2025-12-12T09:17:39Z,2025-12-12T09:17:39Z
3893,nonzeroexitcode,,"[""NonZeroExitCode""]",[],[3893],3,3,2025-12-12T09:17:39Z,2025-12-12T09:17:39Z
3894,exit code,,"[""specific exit code""]",[],"[3894, 4732]",34,6,2025-12-12T09:17:39Z,2025-12-12T09:17:39Z
3901,current limit,,"[""current limits""]",[],[3901],4,3,2025-12-12T09:17:39Z,2025-12-12T09:17:39Z
3903,prolog program,,"[""Prolog program""]",[],[3903],3,3,2025-12-12T09:17:39Z,2025-12-12T09:17:39Z
3963,slurm system,,"[""Slurm system""]",[],[3963],4,4,2025-12-12T09:17:39Z,2025-12-12T09:17:39Z
3964,file system,,[],[],[3964],10,5,2025-12-12T09:17:39Z,2025-12-12T09:17:39Z
3966,sacct command,,[],[],[3966],4,3,2025-12-12T09:17:39Z,2025-12-12T09:17:39Z
3967,resource usage,,[],[],[3967],3,2,2025-12-12T09:17:39Z,2025-12-12T09:17:39Z
3968,individual task,,"[""individual tasks""]",[],[3968],3,3,2025-12-12T09:17:39Z,2025-12-12T09:17:39Z
3977,job step information,,[],[],[3977],3,2,2025-12-12T09:17:39Z,2025-12-12T09:17:39Z
3982,pathname,,[],[],[3982],6,3,2025-12-12T09:17:39Z,2025-12-12T09:17:39Z
3986,slurm control daemon,,"[""Slurm control daemon""]",[],[3986],6,5,2025-12-12T09:17:39Z,2025-12-12T09:17:39Z
3989,slurm database daemon,,"[""Slurm Database Daemon""]",[],[3989],9,4,2025-12-12T09:17:39Z,2025-12-12T09:17:39Z
3993,slurmdbd plugin,,"[""SlurmDBD plugin""]",[],[3993],4,4,2025-12-12T09:17:39Z,2025-12-12T09:17:39Z
3995,snowflake,,[],[],[3995],3,2,2025-12-12T09:17:39Z,2025-12-12T09:17:39Z
3996,cluster snowflake,,[],[],[3996],3,1,2025-12-12T09:17:39Z,2025-12-12T09:17:39Z
4001,cache,,[],[],[4001],6,3,2025-12-12T09:17:39Z,2025-12-12T09:17:39Z
4003,user limit,,"[""user limits""]",[],[4003],3,3,2025-12-12T09:17:39Z,2025-12-12T09:17:39Z
4010,user id,,"[""user ID""]",[],[4010],7,4,2025-12-12T09:17:39Z,2025-12-12T09:17:39Z
4014,username,,"[""usernames""]",[],[4014],3,3,2025-12-12T09:17:39Z,2025-12-12T09:17:39Z
4017,choice,,[],[],[4017],3,3,2025-12-12T09:17:39Z,2025-12-12T09:17:39Z
4021,key file,,"[""key files""]",[],[4021],8,4,2025-12-12T09:17:39Z,2025-12-12T09:17:39Z
4028,passwd file,,[],[],[4028],3,1,2025-12-12T09:17:39Z,2025-12-12T09:17:39Z
4035,backup host,,[],[],[4035],5,2,2025-12-12T09:17:39Z,2025-12-12T09:17:39Z
4040,flat file,,[],[],[4040],3,1,2025-12-12T09:17:39Z,2025-12-12T09:17:39Z
4050,build,,"[""Build""]",[],[4050],8,4,2025-12-12T09:17:39Z,2025-12-12T09:17:39Z
4051,creation,,[],[],[4051],11,6,2025-12-12T09:17:39Z,2025-12-12T09:17:39Z
4054,upgrade guide,,"[""Upgrade Guide""]",[],[4054],6,4,2025-12-12T09:17:39Z,2025-12-12T09:17:39Z
4055,place upgrade,,"[""place upgrades""]",[],[4055],3,3,2025-12-12T09:17:39Z,2025-12-12T09:17:39Z
4069,innodb_buffer_pool_size,,[],[],[4069],6,2,2025-12-12T09:17:39Z,2025-12-12T09:17:39Z
4070,percent,,[],[],[4070],4,2,2025-12-12T09:17:39Z,2025-12-12T09:17:39Z
4076,mind,,[],[],[4076],3,3,2025-12-12T09:17:39Z,2025-12-12T09:17:39Z
4084,sec,,[],[],[4084],8,2,2025-12-12T09:17:39Z,2025-12-12T09:17:39Z
4091,dynamic,,"[""DYNAMIC""]","[""DYNAMIC""]",[4091],4,1,2025-12-12T09:17:39Z,2025-12-12T09:17:39Z
4095,database table,,"[""database tables""]",[],[4095],3,1,2025-12-12T09:17:39Z,2025-12-12T09:17:39Z
4104,db_name,,[],[],[4104],3,1,2025-12-12T09:17:39Z,2025-12-12T09:17:39Z
4105,storageloc,,"[""StorageLoc""]",[],[4105],4,1,2025-12-12T09:17:39Z,2025-12-12T09:17:39Z
4109,mysql database,,"[""MySQL databases""]",[],[4109],4,2,2025-12-12T09:17:39Z,2025-12-12T09:17:39Z
4129,nostep,,"[""nosteps""]",[],[4129],3,1,2025-12-12T09:17:39Z,2025-12-12T09:17:39Z
4132,minute limit,,"[""minutes limit""]",[],[4132],4,2,2025-12-12T09:17:39Z,2025-12-12T09:17:39Z
4133,option set,,[],[],[4133],5,3,2025-12-12T09:17:39Z,2025-12-12T09:17:39Z
4135,optional partition,,[],[],[4135],3,2,2025-12-12T09:17:39Z,2025-12-12T09:17:39Z
4136,default behavior,,[],[],[4136],8,5,2025-12-12T09:17:39Z,2025-12-12T09:17:39Z
4139,accounting datum,,"[""accounting data""]",[],[4139],7,4,2025-12-12T09:17:39Z,2025-12-12T09:17:39Z
4143,var,,[],[],[4143],8,4,2025-12-12T09:17:39Z,2025-12-12T09:17:39Z
4151,slurm component,,"[""Slurm components""]",[],[4151],4,4,2025-12-12T09:17:39Z,2025-12-12T09:17:39Z
4156,logfile,,"[""LogFile""]",[],[4156],3,2,2025-12-12T09:17:39Z,2025-12-12T09:17:39Z
4158,prefix,,[],[],[4158],7,3,2025-12-12T09:17:39Z,2025-12-12T09:17:39Z
4162,large system,,"[""larger systems""]",[],[4162],4,3,2025-12-12T09:17:39Z,2025-12-12T09:17:39Z
4163,separate machine,,[],[],[4163],3,3,2025-12-12T09:17:39Z,2025-12-12T09:17:39Z
4165,slurm_acct_db,,[],[],[4165],7,3,2025-12-12T09:17:39Z,2025-12-12T09:17:39Z
4184,ubuntu,,"[""Ubuntu""]",[],[4184],3,3,2025-12-12T09:17:39Z,2025-12-12T09:17:39Z
4185,buffer,,[],[],[4185],8,5,2025-12-12T09:17:39Z,2025-12-12T09:17:39Z
4188,localhost,,[],[],[4188],3,2,2025-12-12T09:17:39Z,2025-12-12T09:17:39Z
4194,transaction,,"[""Transactions""]",[],[4194],5,4,2025-12-12T09:17:39Z,2025-12-12T09:17:39Z
4207,age,,[],[],[4207],4,4,2025-12-12T09:17:39Z,2025-12-12T09:17:39Z
4209,sacctmgr,,[],[],[4209],17,9,2025-12-12T09:17:39Z,2025-12-12T09:17:39Z
4217,beginning,,[],[],[4217],12,7,2025-12-12T09:17:39Z,2025-12-12T09:17:39Z
4218,month,,[],[],[4218],6,5,2025-12-12T09:17:39Z,2025-12-12T09:17:39Z
4233,mysqldump,,[],[],[4233],6,2,2025-12-12T09:17:39Z,2025-12-12T09:17:39Z
4238,gap,,[],[],[4238],3,3,2025-12-12T09:17:39Z,2025-12-12T09:17:39Z
4239,slurmdbd daemon,,"[""SlurmDBD daemon""]",[],[4239],5,4,2025-12-12T09:17:39Z,2025-12-12T09:17:39Z
4250,add,,"[""Add""]",[],[4250],4,2,2025-12-12T09:17:39Z,2025-12-12T09:17:39Z
4251,execute line,,[],[],[4251],3,2,2025-12-12T09:17:39Z,2025-12-12T09:17:39Z
4252,sort,,[],[],[4252],7,3,2025-12-12T09:17:39Z,2025-12-12T09:17:39Z
4256,organization,,[],[],[4256],4,2,2025-12-12T09:17:39Z,2025-12-12T09:17:39Z
4257,term,,"[""terms""]",[],[4257],3,3,2025-12-12T09:17:39Z,2025-12-12T09:17:39Z
4261,physic,,"[""physics""]",[],[4261],4,2,2025-12-12T09:17:39Z,2025-12-12T09:17:39Z
4265,execute,,[],[],[4265],4,3,2025-12-12T09:17:39Z,2025-12-12T09:17:39Z
4271,default account,,[],[],[4271],3,1,2025-12-12T09:17:39Z,2025-12-12T09:17:39Z
4278,bank account,,"[""bank accounts""]",[],[4278],6,4,2025-12-12T09:17:39Z,2025-12-12T09:17:39Z
4284,accounting database,,[],[],[4284],5,3,2025-12-12T09:17:39Z,2025-12-12T09:17:39Z
4285,slurm partition,,"[""Slurm partition""]",[],[4285],5,4,2025-12-12T09:17:39Z,2025-12-12T09:17:39Z
4288,explanation,,[],[],[4288],3,3,2025-12-12T09:17:39Z,2025-12-12T09:17:39Z
4307,user process,,"[""user processes""]",[],[4307],7,2,2025-12-12T09:17:39Z,2025-12-12T09:17:39Z
4308,parallel task,,"[""parallel tasks""]",[],[4308],3,2,2025-12-12T09:17:39Z,2025-12-12T09:17:39Z
4310,metric,,"[""metrics""]",[],[4310],4,3,2025-12-12T09:17:39Z,2025-12-12T09:17:39Z
4313,nature,,[],[],[4313],4,4,2025-12-12T09:17:39Z,2025-12-12T09:17:39Z
4317,sum,,[],[],[4317],12,6,2025-12-12T09:17:39Z,2025-12-12T09:17:39Z
4319,tresusageintot,,"[""TresUsageInTot""]",[],[4319],4,2,2025-12-12T09:17:39Z,2025-12-12T09:17:39Z
4324,task i d,,[],[],[4324],7,2,2025-12-12T09:17:39Z,2025-12-12T09:17:39Z
4329,consumption,,[],[],[4329],3,2,2025-12-12T09:17:39Z,2025-12-12T09:17:39Z
4337,indication,,[],[],[4337],9,3,2025-12-12T09:17:39Z,2025-12-12T09:17:39Z
4341,hdf,,"[""HDF""]","[""HDF""]",[4341],3,2,2025-12-12T09:17:39Z,2025-12-12T09:17:39Z
4343,job_container,,[],[],[4343],3,2,2025-12-12T09:17:39Z,2025-12-12T09:17:39Z
4344,tmpf,,"[""tmpfs""]",[],[4344],4,2,2025-12-12T09:17:39Z,2025-12-12T09:17:39Z
4348,shm,,[],[],[4348],5,2,2025-12-12T09:17:39Z,2025-12-12T09:17:39Z
4352,jobcontainertype,,"[""JobContainerType""]",[],[4352],3,2,2025-12-12T09:17:39Z,2025-12-12T09:17:39Z
4353,job_container.conf file,,[],[],[4353],3,2,2025-12-12T09:17:39Z,2025-12-12T09:17:39Z
4357,easy,,[],[],[4357],6,5,2025-12-12T09:17:39Z,2025-12-12T09:17:39Z
4374,framework,,[],[],[4374],3,3,2025-12-12T09:17:39Z,2025-12-12T09:17:39Z
4384,job size limit,,[],[],[4384],3,3,2025-12-12T09:17:39Z,2025-12-12T09:17:39Z
4391,job script,,[],[],[4391],7,5,2025-12-12T09:17:39Z,2025-12-12T09:17:39Z
4392,late execution,,"[""later execution""]",[],[4392],3,2,2025-12-12T09:17:39Z,2025-12-12T09:17:39Z
4397,scontrol command,,"[""scontrol commands""]",[],[4397],19,9,2025-12-12T09:17:39Z,2025-12-12T09:17:39Z
4398,filtering,,[],[],[4398],5,3,2025-12-12T09:17:39Z,2025-12-12T09:17:39Z
4400,maximum node count,,[],[],[4400],3,3,2025-12-12T09:17:39Z,2025-12-12T09:17:39Z
4405,sinfo command,,[],[],[4405],3,2,2025-12-12T09:17:39Z,2025-12-12T09:17:39Z
4412,adev,,[],[],[4412],16,2,2025-12-12T09:17:39Z,2025-12-12T09:17:39Z
4418,hour,,"[""hours""]",[],[4418],8,6,2025-12-12T09:17:39Z,2025-12-12T09:17:39Z
4425,node adev,,[],[],[4425],5,2,2025-12-12T09:17:39Z,2025-12-12T09:17:39Z
4434,variation,,[],[],[4434],5,5,2025-12-12T09:17:39Z,2025-12-12T09:17:39Z
4436,node range expression,,[],[],[4436],3,2,2025-12-12T09:17:39Z,2025-12-12T09:17:39Z
4446,jette,,[],[],[4446],3,3,2025-12-12T09:17:39Z,2025-12-12T09:17:39Z
4454,nfs,,"[""NFS""]","[""NFS""]",[4454],3,3,2025-12-12T09:17:39Z,2025-12-12T09:17:39Z
4455,lustre,,"[""Lustre""]",[],[4455],9,6,2025-12-12T09:17:39Z,2025-12-12T09:17:39Z
4456,hierarchical communication,,"[""hierarchical communications""]",[],[4456],3,3,2025-12-12T09:17:39Z,2025-12-12T09:17:39Z
4459,tux,,[],[],[4459],7,5,2025-12-12T09:17:39Z,2025-12-12T09:17:39Z
4463,practice,,"[""Practices""]",[],[4463],4,4,2025-12-12T09:17:39Z,2025-12-12T09:17:39Z
4467,ease,,[],[],[4467],3,3,2025-12-12T09:17:39Z,2025-12-12T09:17:39Z
4468,management,,[],[],[4468],5,4,2025-12-12T09:17:39Z,2025-12-12T09:17:39Z
4469,multitude,,[],[],[4469],6,5,2025-12-12T09:17:39Z,2025-12-12T09:17:39Z
4474,entire job array,,[],[],[4474],3,2,2025-12-12T09:17:39Z,2025-12-12T09:17:39Z
4479,jobid,,"[""JobID""]",[],[4479],8,4,2025-12-12T09:17:39Z,2025-12-12T09:17:39Z
4481,array index,,[],[],[4481],3,1,2025-12-12T09:17:39Z,2025-12-12T09:17:39Z
4489,separator,,[],[],[4489],3,3,2025-12-12T09:17:39Z,2025-12-12T09:17:39Z
4491,slurm_array_job_id,config,"[""SLURM_ARRAY_JOB_ID""]","[""SLURM_ARRAY_JOB_ID""]",[4491],7,2,2025-12-12T09:17:39Z,2025-12-12T09:17:39Z
4492,slurm_array_task_id,config,"[""SLURM_ARRAY_TASK_ID""]","[""SLURM_ARRAY_TASK_ID""]",[4492],6,2,2025-12-12T09:17:39Z,2025-12-12T09:17:39Z
4505,underscore,,[],[],[4505],3,2,2025-12-12T09:17:39Z,2025-12-12T09:17:39Z
4511,additional option,,"[""additional options""]",[],[4511],5,4,2025-12-12T09:17:39Z,2025-12-12T09:17:39Z
4516,formatting,,[],[],[4516],3,3,2025-12-12T09:17:39Z,2025-12-12T09:17:39Z
4517,output file,,"[""output files""]",[],[4517],3,3,2025-12-12T09:17:39Z,2025-12-12T09:17:39Z
4522,no_val,config,"[""NO_VAL""]","[""NO_VAL""]",[4522],6,4,2025-12-12T09:17:39Z,2025-12-12T09:17:39Z
4524,regular expression,,"[""regular expressions""]",[],[4524],3,2,2025-12-12T09:17:39Z,2025-12-12T09:17:39Z
4527,current job,,[],[],[4527],3,2,2025-12-12T09:17:39Z,2025-12-12T09:17:39Z
4528,job array element,,[],[],[4528],3,1,2025-12-12T09:17:39Z,2025-12-12T09:17:39Z
4551,arrayjobid,,"[""ArrayJobID""]",[],[4551],6,1,2025-12-12T09:17:39Z,2025-12-12T09:17:39Z
4567,job dependencie,,"[""Job Dependencies""]",[],[4567],3,2,2025-12-12T09:17:39Z,2025-12-12T09:17:39Z
4570,high exit code,,"[""highest exit code""]",[],[4570],3,3,2025-12-12T09:17:39Z,2025-12-12T09:17:39Z
4582,maxarraysize,,"[""MaxArraySize""]",[],[4582],3,1,2025-12-12T09:17:39Z,2025-12-12T09:17:39Z
4587,procedure,,[],[],[4587],13,6,2025-12-12T09:17:39Z,2025-12-12T09:17:39Z
4594,topology/4d_toru,,"[""topology/4d_torus""]",[],[4594],4,1,2025-12-12T09:17:39Z,2025-12-12T09:17:39Z
4606,exclusivity,,[],[],[4606],6,1,2025-12-12T09:17:39Z,2025-12-12T09:17:39Z
4610,flexibility,,[],[],[4610],3,3,2025-12-12T09:17:39Z,2025-12-12T09:17:39Z
4616,node information,,[],[],[4616],4,2,2025-12-12T09:17:39Z,2025-12-12T09:17:39Z
4622,mcsparameter,,"[""MCSParameters""]",[],[4622],5,2,2025-12-12T09:17:39Z,2025-12-12T09:17:39Z
4623,mcsplugin,,"[""MCSPlugin""]",[],[4623],3,2,2025-12-12T09:17:39Z,2025-12-12T09:17:39Z
4626,user group,,[],[],[4626],3,1,2025-12-12T09:17:39Z,2025-12-12T09:17:39Z
4629,arbitrary string,,"[""arbitrary strings""]",[],[4629],4,2,2025-12-12T09:17:39Z,2025-12-12T09:17:39Z
4632,scontrol show node,,"[""scontrol show nodes""]",[],[4632],5,4,2025-12-12T09:17:39Z,2025-12-12T09:17:39Z
4641,ondemand,,[],[],[4641],3,1,2025-12-12T09:17:39Z,2025-12-12T09:17:39Z
4642,noselect,,[],[],[4642],3,1,2025-12-12T09:17:39Z,2025-12-12T09:17:39Z
4644,label enforcement,,"[""Label enforcement""]",[],[4644],3,1,2025-12-12T09:17:39Z,2025-12-12T09:17:39Z
4648,privatedata,,[],[],[4648],6,1,2025-12-12T09:17:39Z,2025-12-12T09:17:39Z
4663,grep,,[],[],[4663],9,8,2025-12-12T09:17:39Z,2025-12-12T09:17:39Z
4669,free software,,[],[],[4669],4,1,2025-12-12T09:17:39Z,2025-12-12T09:17:39Z
4673,single script,,[],[],[4673],3,2,2025-12-12T09:17:39Z,2025-12-12T09:17:39Z
4679,shell prompt,,"[""shell prompts""]",[],[4679],3,1,2025-12-12T09:17:39Z,2025-12-12T09:17:39Z
4680,interactive mode,,[],[],[4680],4,1,2025-12-12T09:17:39Z,2025-12-12T09:17:39Z
4683,force terminated job,,"[""Force Terminated job""]",[],[4683],3,1,2025-12-12T09:17:39Z,2025-12-12T09:17:39Z
4685,managing job,,"[""Managing Jobs""]",[],[4685],3,2,2025-12-12T09:17:39Z,2025-12-12T09:17:39Z
4686,hold state,,[],[],[4686],4,1,2025-12-12T09:17:39Z,2025-12-12T09:17:39Z
4687,color,,[],[],[4687],4,1,2025-12-12T09:17:39Z,2025-12-12T09:17:39Z
4688,completing,,"[""COMPLETING state""]",[],[4688],7,2,2025-12-12T09:17:39Z,2025-12-12T09:17:39Z
4692,memlock,,[],[],[4692],4,1,2025-12-12T09:17:39Z,2025-12-12T09:17:39Z
4695,pam_slurm.so,,[],[],[4695],5,1,2025-12-12T09:17:39Z,2025-12-12T09:17:39Z
4698,patch file,,[],[],[4698],4,1,2025-12-12T09:17:39Z,2025-12-12T09:17:39Z
4700,slurm source,,"[""Slurm source""]",[],[4700],6,4,2025-12-12T09:17:39Z,2025-12-12T09:17:39Z
4701,automatic update,,[],[],[4701],4,2,2025-12-12T09:17:39Z,2025-12-12T09:17:39Z
4704,scheduling job,,"[""scheduling jobs""]",[],[4704],4,2,2025-12-12T09:17:39Z,2025-12-12T09:17:39Z
4705,workload,,[],[],[4705],9,5,2025-12-12T09:17:39Z,2025-12-12T09:17:39Z
4706,maintenance period,,[],[],[4706],4,2,2025-12-12T09:17:39Z,2025-12-12T09:17:39Z
4710,pbs,,"[""PBS""]","[""PBS""]",[4710],6,3,2025-12-12T09:17:39Z,2025-12-12T09:17:39Z
4711,torque,,"[""Torque""]",[],[4711],7,3,2025-12-12T09:17:39Z,2025-12-12T09:17:39Z
4719,major slurm update,,"[""major Slurm updates""]",[],[4719],3,1,2025-12-12T09:17:39Z,2025-12-12T09:17:39Z
4721,healthcheckprogram,,"[""HealthCheckProgram""]",[],[4721],3,1,2025-12-12T09:17:39Z,2025-12-12T09:17:39Z
4723,control group,,"[""Control Group""]",[],[4723],4,2,2025-12-12T09:17:39Z,2025-12-12T09:17:39Z
4724,amazon,,"[""Amazon""]",[],[4724],3,1,2025-12-12T09:17:39Z,2025-12-12T09:17:39Z
4725,ec2,,"[""EC2""]","[""EC2""]",[4725],4,1,2025-12-12T09:17:39Z,2025-12-12T09:17:39Z
4727,pam,,"[""PAM"", ""PAM module""]","[""PAM""]","[4727, 6222]",18,3,2025-12-12T09:17:39Z,2025-12-12T09:17:39Z
4728,sssd,,"[""SSSD""]","[""SSSD""]",[4728],4,2,2025-12-12T09:17:39Z,2025-12-12T09:17:39Z
4729,job suspend,,[],[],[4729],4,2,2025-12-12T09:17:39Z,2025-12-12T09:17:39Z
4731,slurm job id,,"[""Slurm job ID""]",[],[4731],3,1,2025-12-12T09:17:39Z,2025-12-12T09:17:39Z
4734,system v ipc,,"[""System V IPC""]",[],[4734],3,1,2025-12-12T09:17:39Z,2025-12-12T09:17:39Z
4737,core file,,[],[],[4737],24,2,2025-12-12T09:17:39Z,2025-12-12T09:17:39Z
4738,backtrace,,[],[],[4738],9,1,2025-12-12T09:17:39Z,2025-12-12T09:17:39Z
4741,invalid job credential,,"[""Invalid job credential""]",[],[4741],3,1,2025-12-12T09:17:39Z,2025-12-12T09:17:39Z
4743,multi-instance gpu,,"[""Multi-Instance GPU""]",[],[4743],3,1,2025-12-12T09:17:39Z,2025-12-12T09:17:39Z
4745,duplicate entry,,"[""Duplicate entry""]",[],[4745],3,1,2025-12-12T09:17:39Z,2025-12-12T09:17:39Z
4746,serializer,,[],[],[4746],3,1,2025-12-12T09:17:39Z,2025-12-12T09:17:39Z
4765,customer,,"[""Customers""]",[],[4765],3,2,2025-12-12T09:17:39Z,2025-12-12T09:17:39Z
4783,slurm workload manager,,"[""Slurm Workload Manager""]",[],[4783],3,2,2025-12-12T09:17:39Z,2025-12-12T09:17:39Z
4805,slurm_job_nodelist,config,"[""SLURM_JOB_NODELIST""]","[""SLURM_JOB_NODELIST""]",[4805],3,1,2025-12-12T09:17:39Z,2025-12-12T09:17:39Z
4810,node_cnt,,[],[],[4810],4,2,2025-12-12T09:17:39Z,2025-12-12T09:17:39Z
4811,task_cnt,,[],[],[4811],3,2,2025-12-12T09:17:39Z,2025-12-12T09:17:39Z
4816,print,,[],[],[4816],9,4,2025-12-12T09:17:39Z,2025-12-12T09:17:39Z
4826,spawned process,,"[""spawned processes""]",[],[4826],3,3,2025-12-12T09:17:39Z,2025-12-12T09:17:39Z
4829,gnu,,"[""GNU""]","[""GNU""]",[4829],3,2,2025-12-12T09:17:39Z,2025-12-12T09:17:39Z
4857,partition configuration,,[],[],[4857],5,5,2025-12-12T09:17:39Z,2025-12-12T09:17:39Z
4873,fault tolerance,,[],[],[4873],3,2,2025-12-12T09:17:39Z,2025-12-12T09:17:39Z
4881,alternative,,[],[],[4881],6,2,2025-12-12T09:17:39Z,2025-12-12T09:17:39Z
4885,task plugin,,"[""task plugins""]",[],[4885],3,3,2025-12-12T09:17:39Z,2025-12-12T09:17:39Z
4903,slurm/17.,,[],[],[4903],3,1,2025-12-12T09:17:39Z,2025-12-12T09:17:39Z
4913,scheduler type,,[],[],[4913],4,2,2025-12-12T09:17:39Z,2025-12-12T09:17:39Z
4916,job specification,,"[""job specifications""]",[],[4916],4,4,2025-12-12T09:17:39Z,2025-12-12T09:17:39Z
4921,full list,,[],[],[4921],4,3,2025-12-12T09:17:39Z,2025-12-12T09:17:39Z
4939,timely fashion,,[],[],[4939],3,1,2025-12-12T09:17:39Z,2025-12-12T09:17:39Z
4948,job size,,[],[],[4948],7,3,2025-12-12T09:17:39Z,2025-12-12T09:17:39Z
4971,idle,,"[""IDLE""]","[""IDLE""]",[4971],11,6,2025-12-12T09:17:39Z,2025-12-12T09:17:39Z
4977,drain,,"[""DRAIN"", ""DRAIN state""]","[""DRAIN""]","[4977, 5212]",10,4,2025-12-12T09:17:39Z,2025-12-12T09:17:39Z
4979,non-killable process,,"[""non-killable processes""]",[],[4979],3,2,2025-12-12T09:17:39Z,2025-12-12T09:17:39Z
5002,reference,,"[""references""]",[],[5002],7,4,2025-12-12T09:17:39Z,2025-12-12T09:17:39Z
5011,slurm file,,[],[],[5011],3,2,2025-12-12T09:17:39Z,2025-12-12T09:17:39Z
5016,propagation,,[],[],[5016],3,1,2025-12-12T09:17:39Z,2025-12-12T09:17:39Z
5023,resident set size,,"[""Resident Set Size""]",[],[5023],3,2,2025-12-12T09:17:39Z,2025-12-12T09:17:39Z
5025,locked memory limit,,[],[],[5025],3,1,2025-12-12T09:17:39Z,2025-12-12T09:17:39Z
5037,burst_buffer,,[],[],[5037],10,3,2025-12-12T09:17:39Z,2025-12-12T09:17:39Z
5039,condition,,"[""conditions""]",[],[5039],8,2,2025-12-12T09:17:39Z,2025-12-12T09:17:39Z
5046,nodehostname,,"[""NodeHostname""]",[],[5046],3,3,2025-12-12T09:17:39Z,2025-12-12T09:17:39Z
5057,tmpdisk,,"[""TmpDisk""]",[],[5057],3,3,2025-12-12T09:17:39Z,2025-12-12T09:17:39Z
5076,slurm 23.11.,,"[""Slurm 23.11.""]",[],[5076],5,4,2025-12-12T09:17:39Z,2025-12-12T09:17:39Z
5078,dev,,[],[],[5078],6,3,2025-12-12T09:17:39Z,2025-12-12T09:17:39Z
5083,tarball,,[],[],[5083],5,2,2025-12-12T09:17:39Z,2025-12-12T09:17:39Z
5091,slurm package,,"[""Slurm packages""]",[],[5091],5,3,2025-12-12T09:17:39Z,2025-12-12T09:17:39Z
5095,slurmctldhost,,"[""SlurmctldHost""]",[],[5095],10,4,2025-12-12T09:17:39Z,2025-12-12T09:17:39Z
5107,partition basi,,"[""partition basis""]",[],[5107],3,3,2025-12-12T09:17:39Z,2025-12-12T09:17:39Z
5111,resource reservation,,[],[],[5111],3,2,2025-12-12T09:17:39Z,2025-12-12T09:17:39Z
5113,refer,,"[""Refer""]",[],[5113],5,4,2025-12-12T09:17:39Z,2025-12-12T09:17:39Z
5117,load,,[],[],[5117],4,4,2025-12-12T09:17:39Z,2025-12-12T09:17:39Z
5118,disk,,[],[],[5118],11,3,2025-12-12T09:17:39Z,2025-12-12T09:17:39Z
5119,writing,,[],[],[5119],3,3,2025-12-12T09:17:39Z,2025-12-12T09:17:39Z
5123,slurm.conf configuration file,,[],[],[5123],8,5,2025-12-12T09:17:39Z,2025-12-12T09:17:39Z
5128,exclusive,,[],[],[5128],3,3,2025-12-12T09:17:39Z,2025-12-12T09:17:39Z
5138,slurm environment,,"[""Slurm environment""]",[],[5138],3,2,2025-12-12T09:17:39Z,2025-12-12T09:17:39Z
5147,job submit plugin,,[],[],[5147],6,4,2025-12-12T09:17:39Z,2025-12-12T09:17:39Z
5158,topologyplugin,,"[""TopologyPlugin""]",[],[5158],4,2,2025-12-12T09:17:39Z,2025-12-12T09:17:39Z
5160,layer,,[],[],[5160],11,3,2025-12-12T09:17:39Z,2025-12-12T09:17:39Z
5163,processing,,[],[],[5163],4,3,2025-12-12T09:17:39Z,2025-12-12T09:17:39Z
5206,current time,,[],[],[5206],4,3,2025-12-12T09:17:39Z,2025-12-12T09:17:39Z
5208,ip,,"[""IP address""]",[],[5208],5,4,2025-12-12T09:17:39Z,2025-12-12T09:17:39Z
5215,node health check,,"[""Node Health Check""]",[],[5215],3,3,2025-12-12T09:17:39Z,2025-12-12T09:17:39Z
5230,head node,,[],[],[5230],7,2,2025-12-12T09:17:39Z,2025-12-12T09:17:39Z
5233,removal,,[],[],[5233],12,4,2025-12-12T09:17:39Z,2025-12-12T09:17:39Z
5253,pam.d,,[],[],[5253],4,2,2025-12-12T09:17:39Z,2025-12-12T09:17:39Z
5254,sshd,,[],[],[5254],7,2,2025-12-12T09:17:39Z,2025-12-12T09:17:39Z
5268,pam_listfile.so,,[],[],[5268],3,1,2025-12-12T09:17:39Z,2025-12-12T09:17:39Z
5273,chmod,,[],[],[5273],4,3,2025-12-12T09:17:39Z,2025-12-12T09:17:39Z
5293,system job,,[],[],[5293],4,2,2025-12-12T09:17:39Z,2025-12-12T09:17:39Z
5312,moment,,[],[],[5312],3,2,2025-12-12T09:17:39Z,2025-12-12T09:17:39Z
5313,file descriptor,,[],[],[5313],3,2,2025-12-12T09:17:39Z,2025-12-12T09:17:39Z
5320,kind,,[],[],[5320],3,2,2025-12-12T09:17:39Z,2025-12-12T09:17:39Z
5329,cgroup plugin,,[],[],[5329],12,4,2025-12-12T09:17:39Z,2025-12-12T09:17:39Z
5339,date,,[],[],[5339],6,3,2025-12-12T09:17:39Z,2025-12-12T09:17:39Z
5347,awk,,[],[],[5347],3,2,2025-12-12T09:17:39Z,2025-12-12T09:17:39Z
5361,tmpf plugin,,"[""Tmpfs plugin""]",[],[5361],4,2,2025-12-12T09:17:39Z,2025-12-12T09:17:39Z
5367,mount,,"[""mounts""]",[],[5367],4,2,2025-12-12T09:17:39Z,2025-12-12T09:17:39Z
5384,sysv ipc,,[],[],[5384],3,1,2025-12-12T09:17:39Z,2025-12-12T09:17:39Z
5392,linux distribution,,"[""Linux distributions""]",[],[5392],6,4,2025-12-12T09:17:39Z,2025-12-12T09:17:39Z
5407,rhel,,"[""RHEL""]","[""RHEL""]",[5407],4,3,2025-12-12T09:17:39Z,2025-12-12T09:17:39Z
5409,abrt,,[],[],[5409],3,1,2025-12-12T09:17:39Z,2025-12-12T09:17:39Z
5416,binary,,[],[],[5416],4,1,2025-12-12T09:17:39Z,2025-12-12T09:17:39Z
5417,dump,,[],[],[5417],4,2,2025-12-12T09:17:39Z,2025-12-12T09:17:39Z
5427,hard limit,,[],[],[5427],5,3,2025-12-12T09:17:39Z,2025-12-12T09:17:39Z
5440,init.d,,[],[],[5440],7,2,2025-12-12T09:17:39Z,2025-12-12T09:17:39Z
5447,gdb,,[],[],[5447],5,1,2025-12-12T09:17:39Z,2025-12-12T09:17:39Z
5459,prolog script,,"[""Prolog script""]",[],[5459],3,3,2025-12-12T09:17:39Z,2025-12-12T09:17:39Z
5488,systemd unit file,,[],[],[5488],4,2,2025-12-12T09:17:39Z,2025-12-12T09:17:39Z
5580,system noise,,[],[],[5580],3,1,2025-12-12T09:17:39Z,2025-12-12T09:17:39Z
5589,node configuration,,"[""Node Configuration""]",[],[5589],6,5,2025-12-12T09:17:39Z,2025-12-12T09:17:39Z
5598,minimum number,,[],[],[5598],4,2,2025-12-12T09:17:39Z,2025-12-12T09:17:39Z
5602,impact,,[],[],[5602],5,3,2025-12-12T09:17:39Z,2025-12-12T09:17:39Z
5622,boot,,[],[],[5622],3,3,2025-12-12T09:17:39Z,2025-12-12T09:17:39Z
5633,job option,,"[""job options""]",[],[5633],4,3,2025-12-12T09:17:39Z,2025-12-12T09:17:39Z
5638,beta,,[],[],[5638],3,3,2025-12-12T09:17:39Z,2025-12-12T09:17:39Z
5642,individual component,,"[""individual components""]",[],[5642],7,1,2025-12-12T09:17:39Z,2025-12-12T09:17:39Z
5649,burst buffer directive,,"[""burst buffer directives""]",[],[5649],13,2,2025-12-12T09:17:39Z,2025-12-12T09:17:39Z
5650,persistent burst buffer,,[],[],[5650],9,2,2025-12-12T09:17:39Z,2025-12-12T09:17:39Z
5651,datawarp plugin,,[],[],[5651],14,2,2025-12-12T09:17:39Z,2025-12-12T09:17:39Z
5653,knl,,"[""KNL processor""]",[],"[5653, 7687]",13,2,2025-12-12T09:17:39Z,2025-12-12T09:17:39Z
5657,interface,,[],[],[5657],10,5,2025-12-12T09:17:39Z,2025-12-12T09:17:39Z
5665,heterogeneous job leader,,[],[],[5665],6,1,2025-12-12T09:17:39Z,2025-12-12T09:17:39Z
5675,heterogeneous job allocation,,"[""heterogeneous job allocations""]",[],[5675],3,2,2025-12-12T09:17:39Z,2025-12-12T09:17:39Z
5676,group option,,[],[],[5676],3,1,2025-12-12T09:17:39Z,2025-12-12T09:17:39Z
5686,entire cluster,,[],[],[5686],7,5,2025-12-12T09:17:39Z,2025-12-12T09:17:39Z
5688,heterogeneous job step,,"[""heterogeneous job steps""]",[],[5688],3,1,2025-12-12T09:17:39Z,2025-12-12T09:17:39Z
5702,srun --het,,[],[],[5702],6,1,2025-12-12T09:17:39Z,2025-12-12T09:17:39Z
5713,grep slurm,,"[""grep SLURM""]",[],[5713],3,2,2025-12-12T09:17:39Z,2025-12-12T09:17:39Z
5724,total count,,[],[],[5724],8,4,2025-12-12T09:17:39Z,2025-12-12T09:17:39Z
5729,magnetic reservation,,"[""Magnetic reservations""]",[],[5729],3,2,2025-12-12T09:17:39Z,2025-12-12T09:17:39Z
5773,prep,,[],[],[5773],5,1,2025-12-12T09:17:39Z,2025-12-12T09:17:39Z
5778,additional plugin,,"[""additional plugins""]",[],[5778],3,1,2025-12-12T09:17:39Z,2025-12-12T09:17:39Z
5789,async,,[],[],[5789],5,1,2025-12-12T09:17:39Z,2025-12-12T09:17:39Z
5793,separate processing thread,,[],[],[5793],3,1,2025-12-12T09:17:39Z,2025-12-12T09:17:39Z
5801,asynchronous operation,,[],[],[5801],3,1,2025-12-12T09:17:39Z,2025-12-12T09:17:39Z
5805,launch credential,,[],[],[5805],3,2,2025-12-12T09:17:39Z,2025-12-12T09:17:39Z
5816,contribution,,"[""contributions""]",[],[5816],10,3,2025-12-12T09:17:39Z,2025-12-12T09:17:39Z
5822,datawarp,,"[""Datawarp""]",[],[5822],12,2,2025-12-12T09:17:39Z,2025-12-12T09:17:39Z
5824,statu command,,"[""Status Commands""]",[],[5824],8,2,2025-12-12T09:17:39Z,2025-12-12T09:17:39Z
5825,burst buffer state,,"[""Burst Buffer States""]",[],[5825],11,1,2025-12-12T09:17:39Z,2025-12-12T09:17:39Z
5828,lifetime,,[],[],[5828],3,2,2025-12-12T09:17:39Z,2025-12-12T09:17:39Z
5829,stage,,[],[],[5829],14,1,2025-12-12T09:17:39Z,2025-12-12T09:17:39Z
5830,teardown,,[],[],[5830],4,1,2025-12-12T09:17:39Z,2025-12-12T09:17:39Z
5838,staging,,[],[],[5838],6,1,2025-12-12T09:17:39Z,2025-12-12T09:17:39Z
5841,burst buffer api,,"[""burst buffer APIs""]",[],[5841],4,1,2025-12-12T09:17:39Z,2025-12-12T09:17:39Z
5844,burstbuffertype,,"[""BurstBufferType""]",[],[5844],3,1,2025-12-12T09:17:39Z,2025-12-12T09:17:39Z
5849,accountingstoragetre,,"[""AccountingStorageTres""]",[],[5849],7,4,2025-12-12T09:17:39Z,2025-12-12T09:17:39Z
5850,burst buffer requirement,,"[""burst buffer requirements""]",[],[5850],4,1,2025-12-12T09:17:39Z,2025-12-12T09:17:39Z
5854,burst_buffer.conf,file,[],[],[5854],8,1,2025-12-12T09:17:39Z,2025-12-12T09:17:39Z
5860,dw_wlm_cli,,[],[],[5860],4,1,2025-12-12T09:17:39Z,2025-12-12T09:17:39Z
5864,template,,[],[],[5864],3,1,2025-12-12T09:17:39Z,2025-12-12T09:17:39Z
5865,dwstat,,[],[],[5865],4,1,2025-12-12T09:17:39Z,2025-12-12T09:17:39Z
5868,burst_buffer.lua,,[],[],[5868],14,1,2025-12-12T09:17:39Z,2025-12-12T09:17:39Z
5880,additional information,,[],[],[5880],3,1,2025-12-12T09:17:39Z,2025-12-12T09:17:39Z
5883,system limit,,"[""system limits""]",[],[5883],3,3,2025-12-12T09:17:39Z,2025-12-12T09:17:39Z
5885,system call,,"[""system calls""]",[],[5885],4,3,2025-12-12T09:17:39Z,2025-12-12T09:17:39Z
5886,c,,"[""C API""]",[],[5886],3,2,2025-12-12T09:17:39Z,2025-12-12T09:17:39Z
5900,pool,,"[""pools""]",[],[5900],23,2,2025-12-12T09:17:39Z,2025-12-12T09:17:39Z
5903,complete,,"[""completes""]",[],[5903],5,2,2025-12-12T09:17:39Z,2025-12-12T09:17:39Z
5905,byte,,"[""bytes""]",[],[5905],9,4,2025-12-12T09:17:39Z,2025-12-12T09:17:39Z
5907,defaultpool,,"[""DefaultPool""]",[],[5907],3,1,2025-12-12T09:17:39Z,2025-12-12T09:17:39Z
5912,granularity,,[],[],[5912],4,2,2025-12-12T09:17:39Z,2025-12-12T09:17:39Z
5918,burst buffer stage,,"[""burst buffer stages""]",[],[5918],6,1,2025-12-12T09:17:39Z,2025-12-12T09:17:39Z
5926,buffer stage,,[],[],[5926],3,1,2025-12-12T09:17:39Z,2025-12-12T09:17:39Z
5927,capacity,,[],[],[5927],5,1,2025-12-12T09:17:39Z,2025-12-12T09:17:39Z
5930,suffix,,[],[],[5930],3,2,2025-12-12T09:17:39Z,2025-12-12T09:17:39Z
5932,power,,"[""powers""]",[],[5932],9,4,2025-12-12T09:17:39Z,2025-12-12T09:17:39Z
5938,burst buffer script,,[],[],[5938],4,1,2025-12-12T09:17:39Z,2025-12-12T09:17:39Z
5941,email,,[],[],[5941],3,2,2025-12-12T09:17:39Z,2025-12-12T09:17:39Z
5991,equivalent script,,[],[],[5991],3,1,2025-12-12T09:17:39Z,2025-12-12T09:17:39Z
6033,reservation starttime,,[],[],[6033],3,2,2025-12-12T09:17:39Z,2025-12-12T09:17:39Z
6034,noon,,[],[],[6034],3,2,2025-12-12T09:17:39Z,2025-12-12T09:17:39Z
6036,job complete,,"[""job completes""]",[],[6036],3,3,2025-12-12T09:17:39Z,2025-12-12T09:17:39Z
6059,authentication system,,[],[],[6059],6,2,2025-12-12T09:17:39Z,2025-12-12T09:17:39Z
6060,authenticating proxy,,[],[],[6060],10,2,2025-12-12T09:17:39Z,2025-12-12T09:17:39Z
6061,trust,,[],[],[6061],6,1,2025-12-12T09:17:39Z,2025-12-12T09:17:39Z
6064,tier,,"[""tiers""]",[],[6064],6,2,2025-12-12T09:17:39Z,2025-12-12T09:17:39Z
6078,front,,[],[],[6078],3,2,2025-12-12T09:17:39Z,2025-12-12T09:17:39Z
6085,x-slurm,,"[""X-SLURM""]",[],[6085],3,2,2025-12-12T09:17:39Z,2025-12-12T09:17:39Z
6095,keycloak,,"[""Keycloak""]",[],[6095],8,1,2025-12-12T09:17:39Z,2025-12-12T09:17:39Z
6099,statesave,,[],[],[6099],5,1,2025-12-12T09:17:39Z,2025-12-12T09:17:39Z
6104,authaltparameter,,"[""AuthAltParameters""]",[],[6104],5,1,2025-12-12T09:17:39Z,2025-12-12T09:17:39Z
6112,jwk,,"[""JWKS"", ""JWKS file""]","[""JWKS""]","[6112, 6114]",10,2,2025-12-12T09:17:39Z,2025-12-12T09:17:39Z
6124,jwks.json,,[],[],[6124],3,1,2025-12-12T09:17:39Z,2025-12-12T09:17:39Z
6130,item,,"[""items""]",[],[6130],4,3,2025-12-12T09:17:39Z,2025-12-12T09:17:39Z
6197,firewall,,"[""Firewalls""]",[],[6197],3,2,2025-12-12T09:17:39Z,2025-12-12T09:17:39Z
6223,account stack,,[],[],[6223],3,1,2025-12-12T09:17:39Z,2025-12-12T09:17:39Z
6231,pam_systemd,,[],[],[6231],3,1,2025-12-12T09:17:39Z,2025-12-12T09:17:39Z
6234,linger,,[],[],[6234],3,1,2025-12-12T09:17:39Z,2025-12-12T09:17:39Z
6235,slurm_job_user,config,"[""SLURM_JOB_USER""]","[""SLURM_JOB_USER""]",[6235],3,1,2025-12-12T09:17:39Z,2025-12-12T09:17:39Z
6249,pam_access,,[],[],[6249],4,1,2025-12-12T09:17:39Z,2025-12-12T09:17:39Z
6254,member,,"[""members""]",[],[6254],5,4,2025-12-12T09:17:39Z,2025-12-12T09:17:39Z
6262,pam_listfile module,,[],[],[6262],3,1,2025-12-12T09:17:39Z,2025-12-12T09:17:39Z
6264,onerr,,[],[],[6264],3,1,2025-12-12T09:17:39Z,2025-12-12T09:17:39Z
6276,configurable,,"[""Configurable""]",[],[6276],6,1,2025-12-12T09:17:39Z,2025-12-12T09:17:39Z
6286,adoption,,[],[],[6286],3,1,2025-12-12T09:17:39Z,2025-12-12T09:17:39Z
6330,release note,,"[""release notes""]",[],[6330],5,2,2025-12-12T09:17:39Z,2025-12-12T09:17:39Z
6332,openapi specification,,"[""OpenAPI specifications""]",[],[6332],6,2,2025-12-12T09:17:39Z,2025-12-12T09:17:39Z
6333,openapi plugin,,"[""OpenAPI plugins""]",[],[6333],5,4,2025-12-12T09:17:39Z,2025-12-12T09:17:39Z
6337,normal operation,,[],[],[6337],4,4,2025-12-12T09:17:39Z,2025-12-12T09:17:39Z
6338,openapi,,[],[],[6338],50,4,2025-12-12T09:17:39Z,2025-12-12T09:17:39Z
6343,bit integer number,,[],[],[6343],34,1,2025-12-12T09:17:39Z,2025-12-12T09:17:39Z
6344,not_set,config,"[""NOT_SET""]","[""NOT_SET""]",[6344],6,1,2025-12-12T09:17:39Z,2025-12-12T09:17:39Z
6345,point number,,[],[],[6345],4,2,2025-12-12T09:17:39Z,2025-12-12T09:17:39Z
6358,maximum size,,"[""Maximum size""]",[],[6358],5,3,2025-12-12T09:17:39Z,2025-12-12T09:17:39Z
6374,invalid,,"[""INVALID""]","[""INVALID""]",[6374],4,1,2025-12-12T09:17:39Z,2025-12-12T09:17:39Z
6375,topo,,[],[],[6375],3,2,2025-12-12T09:17:39Z,2025-12-12T09:17:39Z
6379,maintenance,,"[""MAINTENANCE""]","[""MAINTENANCE""]",[6379],5,3,2025-12-12T09:17:39Z,2025-12-12T09:17:39Z
6386,power_up,config,"[""POWER_UP""]","[""POWER_UP""]",[6386],3,2,2025-12-12T09:17:39Z,2025-12-12T09:17:39Z
6397,schema,,"[""schemas""]",[],[6397],60,4,2025-12-12T09:17:39Z,2025-12-12T09:17:39Z
6402,reservation description,,"[""Reservation descriptions""]",[],[6402],3,1,2025-12-12T09:17:39Z,2025-12-12T09:17:39Z
6415,reservationname,,"[""ReservationName""]",[],[6415],9,2,2025-12-12T09:17:39Z,2025-12-12T09:17:39Z
6420,overlap,,"[""OVERLAP""]","[""OVERLAP""]",[6420],4,2,2025-12-12T09:17:39Z,2025-12-12T09:17:39Z
6421,spec_node,config,"[""SPEC_NODES""]","[""SPEC_NODES""]",[6421],5,2,2025-12-12T09:17:39Z,2025-12-12T09:17:39Z
6423,replace,,"[""REPLACE""]","[""REPLACE""]",[6423],4,2,2025-12-12T09:17:39Z,2025-12-12T09:17:39Z
6428,replaced.info.version,,"[""Replaced.info.version""]",[],[6428],5,1,2025-12-12T09:17:39Z,2025-12-12T09:17:39Z
6435,data_parser,,[],[],[6435],5,2,2025-12-12T09:17:39Z,2025-12-12T09:17:39Z
6436,modified field,,"[""Modified Fields""]",[],[6436],3,1,2025-12-12T09:17:39Z,2025-12-12T09:17:39Z
6440,cancel,,"[""CANCEL""]","[""CANCEL""]",[6440],7,3,2025-12-12T09:17:39Z,2025-12-12T09:17:39Z
6441,v0.0.42_openapi_resp,,[],[],[6441],4,1,2025-12-12T09:17:39Z,2025-12-12T09:17:39Z
6442,x-yaml,,[],[],[6442],11,1,2025-12-12T09:17:39Z,2025-12-12T09:17:39Z
6443,yaml,,[],[],[6443],26,4,2025-12-12T09:17:39Z,2025-12-12T09:17:39Z
6447,v0.0.41_openapi_assocs_removed_resp,,[],[],[6447],3,1,2025-12-12T09:17:39Z,2025-12-12T09:17:39Z
6448,v0.0.41_openapi_clusters_resp,,[],[],[6448],5,1,2025-12-12T09:17:39Z,2025-12-12T09:17:39Z
6449,v0.0.41_openapi_resp,,[],[],[6449],8,1,2025-12-12T09:17:39Z,2025-12-12T09:17:39Z
6450,v0.0.41_openapi_wckey_resp,,[],[],[6450],3,1,2025-12-12T09:17:39Z,2025-12-12T09:17:39Z
6452,v0.0.40_openapi_clusters_resp,,[],[],[6452],6,1,2025-12-12T09:17:39Z,2025-12-12T09:17:39Z
6455,openapi.json,,[],[],[6455],8,2,2025-12-12T09:17:39Z,2025-12-12T09:17:39Z
6456,dbv0.0.39 plugin,,[],[],[6456],3,1,2025-12-12T09:17:39Z,2025-12-12T09:17:39Z
6462,complex,,[],[],[6462],3,1,2025-12-12T09:17:39Z,2025-12-12T09:17:39Z
6463,field modified.components.schema,,"[""Field modified.components.schemas""]",[],[6463],9,1,2025-12-12T09:17:39Z,2025-12-12T09:17:39Z
6464,field.components.schema,,"[""field.components.schemas""]",[],[6464],7,1,2025-12-12T09:17:39Z,2025-12-12T09:17:39Z
6468,deprecation,,"[""Deprecation""]",[],[6468],11,3,2025-12-12T09:17:39Z,2025-12-12T09:17:39Z
6470,dbv0.0.38 plugin,,[],[],[6470],3,1,2025-12-12T09:17:39Z,2025-12-12T09:17:39Z
6477,path.path,,"[""path.paths""]",[],[6477],7,1,2025-12-12T09:17:39Z,2025-12-12T09:17:39Z
6479,path.components.schema,,"[""path.components.schemas""]",[],[6479],27,1,2025-12-12T09:17:39Z,2025-12-12T09:17:39Z
6482,v0.0.39 plugin,,[],[],[6482],3,1,2025-12-12T09:17:39Z,2025-12-12T09:17:39Z
6491,field added.components.schema,,"[""Fields added.components.schemas""]",[],[6491],6,1,2025-12-12T09:17:39Z,2025-12-12T09:17:39Z
6499,components.schema,,"[""components.schemas""]",[],[6499],8,1,2025-12-12T09:17:39Z,2025-12-12T09:17:39Z
6507,missing field,,"[""missing fields""]",[],[6507],4,1,2025-12-12T09:17:39Z,2025-12-12T09:17:39Z
6534,care,,[],[],[6534],5,4,2025-12-12T09:17:39Z,2025-12-12T09:17:39Z
6550,previous path.components.schema,,"[""previous path.components.schemas""]",[],[6550],6,1,2025-12-12T09:17:39Z,2025-12-12T09:17:39Z
6557,prior version,,[],[],[6557],3,2,2025-12-12T09:17:39Z,2025-12-12T09:17:39Z
6572,numerical jobid,,"[""numerical JobIds""]",[],[6572],3,1,2025-12-12T09:17:39Z,2025-12-12T09:17:39Z
6575,input parameter,,[],[],[6575],3,1,2025-12-12T09:17:39Z,2025-12-12T09:17:39Z
6576,parameter.path,,"[""parameter.paths""]",[],[6576],3,1,2025-12-12T09:17:39Z,2025-12-12T09:17:39Z
6582,fields.components.schema,,"[""fields.components.schemas""]",[],[6582],5,1,2025-12-12T09:17:39Z,2025-12-12T09:17:39Z
6613,spec,,[],[],[6613],7,3,2025-12-12T09:17:39Z,2025-12-12T09:17:39Z
6643,state flag,,"[""state flags""]",[],[6643],3,2,2025-12-12T09:17:39Z,2025-12-12T09:17:39Z
6666,local cluster,,[],[],[6666],9,2,2025-12-12T09:17:39Z,2025-12-12T09:17:39Z
6667,scheduling policy,,"[""scheduling policies""]",[],[6667],6,2,2025-12-12T09:17:39Z,2025-12-12T09:17:39Z
6668,origin,,[],[],[6668],3,2,2025-12-12T09:17:39Z,2025-12-12T09:17:39Z
6671,origin cluster,,[],[],[6671],16,1,2025-12-12T09:17:39Z,2025-12-12T09:17:39Z
6672,viable cluster,,[],[],[6672],4,1,2025-12-12T09:17:39Z,2025-12-12T09:17:39Z
6683,federated job id,,"[""Federated Job IDs""]",[],[6683],3,1,2025-12-12T09:17:39Z,2025-12-12T09:17:39Z
6692,script.sh,,[],[],[6692],4,2,2025-12-12T09:17:39Z,2025-12-12T09:17:39Z
6702,viable sibling,,"[""viable siblings""]",[],[6702],3,1,2025-12-12T09:17:39Z,2025-12-12T09:17:39Z
6730,scontrol option,,"[""scontrol options""]",[],[6730],3,1,2025-12-12T09:17:39Z,2025-12-12T09:17:39Z
6737,remote cluster,,[],[],[6737],3,2,2025-12-12T09:17:39Z,2025-12-12T09:17:39Z
6750,multi-cluster configuration,,"[""Multi-Cluster Configuration""]",[],[6750],3,2,2025-12-12T09:17:39Z,2025-12-12T09:17:39Z
6761,inet service mode,,"[""Inet Service Mode""]",[],[6761],3,1,2025-12-12T09:17:39Z,2025-12-12T09:17:39Z
6774,late version,,"[""latest version""]",[],[6774],3,3,2025-12-12T09:17:39Z,2025-12-12T09:17:39Z
6777,plugin life cycle,,"[""Plugin life cycle""]",[],[6777],3,2,2025-12-12T09:17:39Z,2025-12-12T09:17:39Z
6785,slurm major release,,"[""Slurm Major release""]",[],[6785],3,1,2025-12-12T09:17:39Z,2025-12-12T09:17:39Z
6803,slurm rest api,,"[""Slurm REST API""]",[],[6803],3,1,2025-12-12T09:17:39Z,2025-12-12T09:17:39Z
6815,system resource,,[],[],[6815],4,3,2025-12-12T09:17:39Z,2025-12-12T09:17:39Z
6833,relevant slurm daemon,,"[""relevant Slurm daemon""]",[],[6833],3,2,2025-12-12T09:17:39Z,2025-12-12T09:17:39Z
6867,remote license,,"[""Remote licenses""]",[],[6867],6,1,2025-12-12T09:17:39Z,2025-12-12T09:17:39Z
6878,responsibility,,[],[],[6878],4,4,2025-12-12T09:17:39Z,2025-12-12T09:17:39Z
6879,license server,,[],[],[6879],3,1,2025-12-12T09:17:39Z,2025-12-12T09:17:39Z
6886,pdf,,[],[],[6886],6,1,2025-12-12T09:17:39Z,2025-12-12T09:17:39Z
6893,fluid,,[],[],[6893],3,1,2025-12-12T09:17:39Z,2025-12-12T09:17:39Z
6895,matlab@rlm_host,,[],[],[6895],3,1,2025-12-12T09:17:39Z,2025-12-12T09:17:39Z
6900,flexlm,,[],[],[6900],4,1,2025-12-12T09:17:39Z,2025-12-12T09:17:39Z
6901,matlab rlm_host license,,"[""matlab rlm_host License""]",[],[6901],4,1,2025-12-12T09:17:39Z,2025-12-12T09:17:39Z
6905,rlm pdf,,[],[],[6905],3,1,2025-12-12T09:17:39Z,2025-12-12T09:17:39Z
6908,server resource,,[],[],[6908],3,1,2025-12-12T09:17:39Z,2025-12-12T09:17:39Z
6924,foobar@slurmdb,,[],[],[6924],3,1,2025-12-12T09:17:39Z,2025-12-12T09:17:39Z
6925,blackhole,,[],[],[6925],3,1,2025-12-12T09:17:39Z,2025-12-12T09:17:39Z
6960,helper,,"[""helpers""]",[],[6960],3,2,2025-12-12T09:17:39Z,2025-12-12T09:17:39Z
6970,network topology,,[],[],[6970],9,7,2025-12-12T09:17:39Z,2025-12-12T09:17:39Z
7014,cuda_mps_active_thread_percentage,config,"[""CUDA_MPS_ACTIVE_THREAD_PERCENTAGE""]","[""CUDA_MPS_ACTIVE_THREAD_PERCENTAGE""]",[7014],3,2,2025-12-12T09:17:39Z,2025-12-12T09:17:39Z
7016,cuda_visible_device,config,"[""CUDA_VISIBLE_DEVICES""]","[""CUDA_VISIBLE_DEVICES""]",[7016],9,2,2025-12-12T09:17:39Z,2025-12-12T09:17:39Z
7034,resumeprogram,,"[""ResumeProgram""]",[],[7034],14,3,2025-12-12T09:17:39Z,2025-12-12T09:17:39Z
7035,slurm_resume_file,config,"[""SLURM_RESUME_FILE""]","[""SLURM_RESUME_FILE""]",[7035],4,2,2025-12-12T09:17:39Z,2025-12-12T09:17:39Z
7065,nice,,[],[],[7065],3,2,2025-12-12T09:17:39Z,2025-12-12T09:17:39Z
7093,slurm_topology_addr,config,"[""SLURM_TOPOLOGY_ADDR""]","[""SLURM_TOPOLOGY_ADDR""]",[7093],4,2,2025-12-12T09:17:39Z,2025-12-12T09:17:39Z
7094,network switch,,"[""network switches""]",[],[7094],3,2,2025-12-12T09:17:39Z,2025-12-12T09:17:39Z
7103,authentication plugin,,"[""Authentication plugins""]",[],[7103],3,2,2025-12-12T09:17:39Z,2025-12-12T09:17:39Z
7104,debian,,"[""Debian""]",[],[7104],5,3,2025-12-12T09:17:39Z,2025-12-12T09:17:39Z
7133,hostlist function,,"[""hostlist functions""]",[],[7133],3,2,2025-12-12T09:17:39Z,2025-12-12T09:17:39Z
7205,power saving mode,,[],[],[7205],15,1,2025-12-12T09:17:39Z,2025-12-12T09:17:39Z
7206,suspendtime,,"[""SuspendTime""]",[],[7206],13,2,2025-12-12T09:17:39Z,2025-12-12T09:17:39Z
7207,suspendprogram,,"[""SuspendProgram""]",[],[7207],12,2,2025-12-12T09:17:39Z,2025-12-12T09:17:39Z
7208,suspendtimeout,,"[""SuspendTimeout""]",[],[7208],8,1,2025-12-12T09:17:39Z,2025-12-12T09:17:39Z
7209,resumetimeout,,"[""ResumeTimeout""]",[],[7209],9,1,2025-12-12T09:17:39Z,2025-12-12T09:17:39Z
7211,resumerate,,"[""ResumeRate""]",[],[7211],3,1,2025-12-12T09:17:39Z,2025-12-12T09:17:39Z
7212,suspendrate,,"[""SuspendRate""]",[],[7212],3,1,2025-12-12T09:17:39Z,2025-12-12T09:17:39Z
7219,power saving operation,,"[""Power Saving operation""]",[],[7219],3,1,2025-12-12T09:17:39Z,2025-12-12T09:17:39Z
7229,suspendexcnode,,"[""SuspendExcNodes""]",[],[7229],3,1,2025-12-12T09:17:39Z,2025-12-12T09:17:39Z
7230,suspendexcpart,,"[""SuspendExcParts""]",[],[7230],4,1,2025-12-12T09:17:39Z,2025-12-12T09:17:39Z
7233,hostlist expression format,,[],[],[7233],3,1,2025-12-12T09:17:39Z,2025-12-12T09:17:39Z
7243,cloud,,[],[],[7243],14,2,2025-12-12T09:17:39Z,2025-12-12T09:17:39Z
7246,power consumption,,[],[],[7246],3,2,2025-12-12T09:17:39Z,2025-12-12T09:17:39Z
7248,time frame,,[],[],[7248],3,2,2025-12-12T09:17:39Z,2025-12-12T09:17:39Z
7250,node option,,"[""nodes option""]",[],[7250],3,2,2025-12-12T09:17:39Z,2025-12-12T09:17:39Z
7255,cloud node,,"[""cloud nodes""]",[],[7255],6,1,2025-12-12T09:17:39Z,2025-12-12T09:17:39Z
7267,persistence,,[],[],[7267],3,1,2025-12-12T09:17:39Z,2025-12-12T09:17:39Z
7269,node state,,"[""node states""]",[],[7269],7,3,2025-12-12T09:17:39Z,2025-12-12T09:17:39Z
7286,power saving,,[],[],[7286],3,1,2025-12-12T09:17:39Z,2025-12-12T09:17:39Z
7289,additional job,,"[""additional jobs""]",[],[7289],3,2,2025-12-12T09:17:39Z,2025-12-12T09:17:39Z
7292,high time,,"[""highest time""]",[],[7292],3,1,2025-12-12T09:17:39Z,2025-12-12T09:17:39Z
7315,node boot,,[],[],[7315],3,2,2025-12-12T09:17:39Z,2025-12-12T09:17:39Z
7324,nodefeaturesplugin,,"[""NodeFeaturesPlugins""]",[],[7324],4,2,2025-12-12T09:17:39Z,2025-12-12T09:17:39Z
7334,active feature,,"[""active features""]",[],[7334],7,2,2025-12-12T09:17:39Z,2025-12-12T09:17:39Z
7357,scontrol update,,[],[],[7357],3,2,2025-12-12T09:17:39Z,2025-12-12T09:17:39Z
7358,cloud information,,[],[],[7358],4,1,2025-12-12T09:17:39Z,2025-12-12T09:17:39Z
7390,authentication mechanism,,[],[],[7390],3,2,2025-12-12T09:17:39Z,2025-12-12T09:17:39Z
7393,digital signature,,[],[],[7393],3,2,2025-12-12T09:17:39Z,2025-12-12T09:17:39Z
7394,job step credential,,[],[],[7394],3,2,2025-12-12T09:17:39Z,2025-12-12T09:17:39Z
7410,infiniband,,"[""InfiniBand""]",[],[7410],3,3,2025-12-12T09:17:39Z,2025-12-12T09:17:39Z
7420,scheduling decision,,"[""scheduling decisions""]",[],[7420],3,3,2025-12-12T09:17:39Z,2025-12-12T09:17:39Z
7422,serie,,"[""series""]",[],[7422],3,2,2025-12-12T09:17:39Z,2025-12-12T09:17:39Z
7429,compatibility window,,"[""Compatibility Window""]",[],[7429],3,1,2025-12-12T09:17:39Z,2025-12-12T09:17:39Z
7431,pre-release version,,"[""Pre-Release Versions""]",[],[7431],5,1,2025-12-12T09:17:39Z,2025-12-12T09:17:39Z
7433,upgrade procedure,,"[""Upgrade Procedure""]",[],[7433],4,1,2025-12-12T09:17:39Z,2025-12-12T09:17:39Z
7434,preparation,,"[""Preparation""]",[],[7434],3,2,2025-12-12T09:17:39Z,2025-12-12T09:17:39Z
7438,slurm version number,,"[""Slurm version number""]",[],[7438],3,3,2025-12-12T09:17:39Z,2025-12-12T09:17:39Z
7439,major slurm release,,"[""major Slurm release""]",[],[7439],4,2,2025-12-12T09:17:39Z,2025-12-12T09:17:39Z
7441,year,,[],[],[7441],3,3,2025-12-12T09:17:39Z,2025-12-12T09:17:39Z
7442,november,,"[""November""]",[],[7442],3,3,2025-12-12T09:17:39Z,2025-12-12T09:17:39Z
7508,downtime,,"[""Downtime""]",[],[7508],4,1,2025-12-12T09:17:39Z,2025-12-12T09:17:39Z
7599,slurmd node,,"[""slurmd nodes""]",[],[7599],3,2,2025-12-12T09:17:39Z,2025-12-12T09:17:39Z
7627,single key setup,,"[""Single Key Setup""]",[],[7627],3,1,2025-12-12T09:17:39Z,2025-12-12T09:17:39Z
7635,slurm.jwks file,,[],[],[7635],3,1,2025-12-12T09:17:39Z,2025-12-12T09:17:39Z
7659,default key,,[],[],[7659],3,1,2025-12-12T09:17:39Z,2025-12-12T09:17:39Z
7663,ldap,,"[""LDAP""]","[""LDAP""]",[7663],3,2,2025-12-12T09:17:39Z,2025-12-12T09:17:39Z
7668,subsystem,,[],[],[7668],3,2,2025-12-12T09:17:39Z,2025-12-12T09:17:39Z
7685,numa,,"[""NUMA"", ""NUMA mode"", ""NUMA nodes""]","[""NUMA""]","[7685, 7717, 7774]",23,2,2025-12-12T09:17:39Z,2025-12-12T09:17:39Z
7686,mcdram,,"[""MCDRAM"", ""MCDRAM modes""]","[""MCDRAM""]","[7686, 7696]",9,2,2025-12-12T09:17:39Z,2025-12-12T09:17:39Z
7689,sufficient resource,,"[""sufficient resources""]",[],[7689],4,3,2025-12-12T09:17:39Z,2025-12-12T09:17:39Z
7707,hbm,,"[""HBM""]","[""HBM""]",[7707],5,1,2025-12-12T09:17:39Z,2025-12-12T09:17:39Z
7739,dragonfly network,,"[""Dragonfly network""]",[],[7739],3,2,2025-12-12T09:17:39Z,2025-12-12T09:17:39Z
7801,maint,,[],[],[7801],6,1,2025-12-12T09:17:39Z,2025-12-12T09:17:39Z
7802,system maintenance,,[],[],[7802],3,1,2025-12-12T09:17:39Z,2025-12-12T09:17:39Z
7806,root_,,[],[],[7806],5,1,2025-12-12T09:17:39Z,2025-12-12T09:17:39Z
7817,alan,,[],[],[7817],5,1,2025-12-12T09:17:39Z,2025-12-12T09:17:39Z
7818,brenda,,[],[],[7818],9,1,2025-12-12T09:17:39Z,2025-12-12T09:17:39Z
7819,alan_,,[],[],[7819],3,1,2025-12-12T09:17:39Z,2025-12-12T09:17:39Z
7831,foo,,[],[],[7831],3,1,2025-12-12T09:17:39Z,2025-12-12T09:17:39Z
7845,maintenance reservation,,[],[],[7845],4,1,2025-12-12T09:17:39Z,2025-12-12T09:17:39Z
7854,keyword,,[],[],[7854],3,3,2025-12-12T09:17:39Z,2025-12-12T09:17:39Z
7865,foo_,,[],[],[7865],3,1,2025-12-12T09:17:39Z,2025-12-12T09:17:39Z
7900,hierarchical resource,,"[""Hierarchical Resources""]",[],[7900],3,2,2025-12-12T09:17:39Z,2025-12-12T09:17:39Z
7904,aspect,,"[""aspects""]",[],[7904],4,3,2025-12-12T09:17:39Z,2025-12-12T09:17:39Z
7911,resources.yaml file,,[],[],[7911],3,1,2025-12-12T09:17:39Z,2025-12-12T09:17:39Z
7941,step record,,[],[],[7941],3,1,2025-12-12T09:17:39Z,2025-12-12T09:17:39Z
7949,comment string,,"[""Comment String""]",[],[7949],4,1,2025-12-12T09:17:39Z,2025-12-12T09:17:39Z
7967,partition prioritytier,,"[""Partition PriorityTier""]",[],[7967],3,2,2025-12-12T09:17:39Z,2025-12-12T09:17:39Z
7968,prioritytier,,"[""PriorityTier""]",[],[7968],6,2,2025-12-12T09:17:39Z,2025-12-12T09:17:39Z
7970,fair,,"[""Fair""]",[],[7970],4,3,2025-12-12T09:17:39Z,2025-12-12T09:17:39Z
7971,computing resource,,[],[],[7971],7,2,2025-12-12T09:17:39Z,2025-12-12T09:17:39Z
7974,age factor,,"[""age factors""]",[],[7974],13,2,2025-12-12T09:17:39Z,2025-12-12T09:17:39Z
7985,priorityweightpartition,,"[""PriorityWeightPartition""]",[],[7985],3,1,2025-12-12T09:17:39Z,2025-12-12T09:17:39Z
7996,priority factor,,"[""priority factors""]",[],[7996],3,1,2025-12-12T09:17:39Z,2025-12-12T09:17:39Z
8005,association factor,,"[""Association Factor""]",[],[8005],4,1,2025-12-12T09:17:39Z,2025-12-12T09:17:39Z
8006,integer priority,,[],[],[8006],3,1,2025-12-12T09:17:39Z,2025-12-12T09:17:39Z
8007,job size factor,,"[""Job Size Factor""]",[],[8007],7,1,2025-12-12T09:17:39Z,2025-12-12T09:17:39Z
8008,small job,,"[""smaller jobs""]",[],[8008],4,4,2025-12-12T09:17:39Z,2025-12-12T09:17:39Z
8019,partition factor,,"[""Partition Factor""]",[],[8019],4,1,2025-12-12T09:17:39Z,2025-12-12T09:17:39Z
8036,tresbillingweight,,"[""TRESBillingWeights""]",[],[8036],10,3,2025-12-12T09:17:39Z,2025-12-12T09:17:39Z
8038,billable tre,,"[""billable TRES""]",[],[8038],9,2,2025-12-12T09:17:39Z,2025-12-12T09:17:39Z
8040,individual tress,,"[""individual TRESs""]",[],[8040],5,2,2025-12-12T09:17:39Z,2025-12-12T09:17:39Z
8056,decay,,[],[],[8056],8,2,2025-12-12T09:17:39Z,2025-12-12T09:17:39Z
8067,week,,[],[],[8067],4,2,2025-12-12T09:17:39Z,2025-12-12T09:17:39Z
8076,priorityweighttre,,"[""PriorityWeightTRES""]",[],[8076],3,2,2025-12-12T09:17:39Z,2025-12-12T09:17:39Z
8085,global tre,,"[""global TRESs""]",[],[8085],3,2,2025-12-12T09:17:39Z,2025-12-12T09:17:39Z
8106,dimensional toru interconnect,,"[""dimensional torus interconnect""]",[],[8106],3,1,2025-12-12T09:17:39Z,2025-12-12T09:17:39Z
8113,tree topology,,"[""Tree Topology""]",[],[8113],3,1,2025-12-12T09:17:39Z,2025-12-12T09:17:39Z
8114,hierarchical network,,"[""Hierarchical Networks""]",[],[8114],3,1,2025-12-12T09:17:39Z,2025-12-12T09:17:39Z
8116,block topology,,"[""Block Topology""]",[],[8116],4,1,2025-12-12T09:17:39Z,2025-12-12T09:17:39Z
8124,fit algorithm,,[],[],[8124],5,2,2025-12-12T09:17:39Z,2025-12-12T09:17:39Z
8135,switchname,,"[""SwitchName""]",[],[8135],5,1,2025-12-12T09:17:39Z,2025-12-12T09:17:39Z
8148,s0 node,,"[""s0 Nodes""]",[],[8148],3,1,2025-12-12T09:17:39Z,2025-12-12T09:17:39Z
8149,s1 node,,"[""s1 Nodes""]",[],[8149],3,1,2025-12-12T09:17:39Z,2025-12-12T09:17:39Z
8151,s3 node,,"[""s3 Nodes""]",[],[8151],3,1,2025-12-12T09:17:39Z,2025-12-12T09:17:39Z
8165,topology.conf file,,[],[],[8165],3,1,2025-12-12T09:17:39Z,2025-12-12T09:17:39Z
8175,tree plugin,,[],[],[8175],5,2,2025-12-12T09:17:39Z,2025-12-12T09:17:39Z
8232,mps,,"[""MPS"", ""MPS configuration"", ""MPS servers""]","[""MPS""]","[8232, 8332, 8352]",20,1,2025-12-12T09:17:39Z,2025-12-12T09:17:39Z
8233,sharding,,"[""Sharding""]",[],[8233],5,1,2025-12-12T09:17:39Z,2025-12-12T09:17:39Z
8235,grestype,,"[""GresTypes""]",[],[8235],6,1,2025-12-12T09:17:39Z,2025-12-12T09:17:39Z
8240,gres.conf file,,[],[],[8240],11,1,2025-12-12T09:17:39Z,2025-12-12T09:17:39Z
8263,autodetect,,"[""AutoDetect""]",[],[8263],7,2,2025-12-12T09:17:39Z,2025-12-12T09:17:39Z
8269,nvml library,,[],[],[8269],3,1,2025-12-12T09:17:39Z,2025-12-12T09:17:39Z
8270,mig,,"[""MIGs""]",[],[8270],7,1,2025-12-12T09:17:39Z,2025-12-12T09:17:39Z
8280,nvml,,[],[],[8280],5,1,2025-12-12T09:17:39Z,2025-12-12T09:17:39Z
8282,substring,,[],[],[8282],3,1,2025-12-12T09:17:39Z,2025-12-12T09:17:39Z
8293,gpumem,,[],[],[8293],8,2,2025-12-12T09:17:39Z,2025-12-12T09:17:39Z
8294,gpuutil,,[],[],[8294],7,2,2025-12-12T09:17:39Z,2025-12-12T09:17:39Z
8301,pcie-40 gb,,"[""PCIE-40 GB""]",[],[8301],4,1,2025-12-12T09:17:39Z,2025-12-12T09:17:39Z
8302,uuid,,"[""UUID""]","[""UUID""]",[8302],4,1,2025-12-12T09:17:39Z,2025-12-12T09:17:39Z
8317,file parameter,,"[""File parameters""]",[],[8317],3,1,2025-12-12T09:17:39Z,2025-12-12T09:17:39Z
8334,mp resource,,"[""mps resources""]",[],[8334],3,1,2025-12-12T09:17:39Z,2025-12-12T09:17:39Z
8335,count parameter,,"[""Count parameters""]",[],[8335],5,1,2025-12-12T09:17:39Z,2025-12-12T09:17:39Z
8398,shard,,"[""shards""]",[],[8398],10,1,2025-12-12T09:17:39Z,2025-12-12T09:17:39Z
8400,"gpu:2,shard:",,[],[],[8400],3,1,2025-12-12T09:17:39Z,2025-12-12T09:17:39Z
8401,shard configuration,,"[""Shard configuration""]",[],[8401],3,1,2025-12-12T09:17:39Z,2025-12-12T09:17:39Z
8403,shard resource,,"[""shard resources""]",[],[8403],3,1,2025-12-12T09:17:39Z,2025-12-12T09:17:39Z
8404,shard count,,[],[],[8404],3,1,2025-12-12T09:17:39Z,2025-12-12T09:17:39Z
8417,sharing,,[],[],[8417],7,2,2025-12-12T09:17:39Z,2025-12-12T09:17:39Z
8418,srun --oversubscribe option,,[],[],[8418],5,1,2025-12-12T09:17:39Z,2025-12-12T09:17:39Z
8435,nodesjob,,"[""nodesJobs""]",[],[8435],3,1,2025-12-12T09:17:39Z,2025-12-12T09:17:39Z
8445,job memory requirement,,"[""jobs memory requirement""]",[],[8445],4,1,2025-12-12T09:17:39Z,2025-12-12T09:17:39Z
8461,account a,,"[""account A""]",[],[8461],6,1,2025-12-12T09:17:39Z,2025-12-12T09:17:39Z
8464,ssibling,,"[""Ssiblings""]",[],[8464],3,1,2025-12-12T09:17:39Z,2025-12-12T09:17:39Z
8468,processor*second,,"[""processor*seconds""]",[],[8468],3,1,2025-12-12T09:17:39Z,2025-12-12T09:17:39Z
8488,decay factor,,[],[],[8488],4,1,2025-12-12T09:17:39Z,2025-12-12T09:17:39Z
8504,account c,,"[""account C""]",[],[8504],3,1,2025-12-12T09:17:39Z,2025-12-12T09:17:39Z
8505,account b,,"[""account B""]",[],[8505],3,1,2025-12-12T09:17:39Z,2025-12-12T09:17:39Z
8512,ueparent,,"[""UEparent""]",[],[8512],3,1,2025-12-12T09:17:39Z,2025-12-12T09:17:39Z
8513,uachild,,"[""UAchild""]",[],[8513],3,1,2025-12-12T09:17:39Z,2025-12-12T09:17:39Z
8516,child account,,[],[],[8516],3,1,2025-12-12T09:17:39Z,2025-12-12T09:17:39Z
8517,actual usage,,[],[],[8517],7,1,2025-12-12T09:17:39Z,2025-12-12T09:17:39Z
8546,preemptor job,,[],[],[8546],3,1,2025-12-12T09:17:39Z,2025-12-12T09:17:39Z
8552,memory management parameter,,"[""memory management parameters""]",[],[8552],3,1,2025-12-12T09:17:39Z,2025-12-12T09:17:39Z
8553,gracetime,,"[""GraceTime""]",[],[8553],3,2,2025-12-12T09:17:39Z,2025-12-12T09:17:39Z
8557,preemption grace time,,[],[],[8557],3,2,2025-12-12T09:17:39Z,2025-12-12T09:17:39Z
8564,preemptable job,,"[""preemptable jobs""]",[],[8564],3,2,2025-12-12T09:17:39Z,2025-12-12T09:17:39Z
8569,preempted job,,[],[],[8569],5,1,2025-12-12T09:17:39Z,2025-12-12T09:17:39Z
8572,preemptparameter,,"[""PreemptParameters""]",[],[8572],3,1,2025-12-12T09:17:39Z,2025-12-12T09:17:39Z
8598,shadow,,[],[],[8598],4,1,2025-12-12T09:17:39Z,2025-12-12T09:17:39Z
8610,user@n,,[],[],[8610],3,1,2025-12-12T09:17:39Z,2025-12-12T09:17:39Z
8611,hipri,,[],[],[8611],5,1,2025-12-12T09:17:39Z,2025-12-12T09:17:39Z
8616,user r,,"[""user R""]",[],[8616],3,1,2025-12-12T09:17:39Z,2025-12-12T09:17:39Z
8640,vmem,,"[""VMem""]",[],[8640],3,1,2025-12-12T09:17:39Z,2025-12-12T09:17:39Z
8642,billing tre,,"[""Billing TRES""]",[],[8642],7,1,2025-12-12T09:17:39Z,2025-12-12T09:17:39Z
8653,tesla,,[],[],[8653],4,2,2025-12-12T09:17:39Z,2025-12-12T09:17:39Z
8873,window,,[],[],[8873],4,3,2025-12-12T09:17:39Z,2025-12-12T09:17:39Z
8896,slurmctld.log,,[],[],[8896],3,3,2025-12-12T09:17:39Z,2025-12-12T09:17:39Z
8908,oas,,"[""OAS""]","[""OAS""]",[8908],11,1,2025-12-12T09:17:39Z,2025-12-12T09:17:39Z
8909,generate oas,,"[""Generate OAS""]",[],[8909],3,1,2025-12-12T09:17:39Z,2025-12-12T09:17:39Z
9023,age priority,,[],[],[9023],6,1,2025-12-12T09:17:39Z,2025-12-12T09:17:39Z
9027,submission request,,"[""submission requests""]",[],[9027],3,1,2025-12-12T09:17:39Z,2025-12-12T09:17:39Z
9058,maxnode,,"[""MaxNodes""]",[],[9058],3,2,2025-12-12T09:17:39Z,2025-12-12T09:17:39Z
9089,individual socket,,"[""individual sockets""]",[],[9089],3,2,2025-12-12T09:17:39Z,2025-12-12T09:17:39Z
9090,consumable resource type,,[],[],[9090],5,1,2025-12-12T09:17:39Z,2025-12-12T09:17:39Z
9092,logical cpu,,"[""logical CPUs""]",[],[9092],3,1,2025-12-12T09:17:39Z,2025-12-12T09:17:39Z
9093,partition definition,,[],[],[9093],3,1,2025-12-12T09:17:39Z,2025-12-12T09:17:39Z
9094,node definition,,[],[],[9094],3,1,2025-12-12T09:17:39Z,2025-12-12T09:17:39Z
9100,attribute,,"[""attributes""]",[],[9100],5,2,2025-12-12T09:17:39Z,2025-12-12T09:17:39Z
9109,robin fashion,,[],[],[9109],6,1,2025-12-12T09:17:39Z,2025-12-12T09:17:39Z
9114,overcommitment,,[],[],[9114],16,1,2025-12-12T09:17:39Z,2025-12-12T09:17:39Z
9151,nodenamen0n1n,,"[""Nodenamen0n1n""]",[],[9151],8,1,2025-12-12T09:17:39Z,2025-12-12T09:17:39Z
9153,unique cpu,,"[""unique CPUs""]",[],[9153],5,1,2025-12-12T09:17:39Z,2025-12-12T09:17:39Z
9163,node n,,[],[],[9163],4,1,2025-12-12T09:17:39Z,2025-12-12T09:17:39Z
9168,nodenamen,,"[""Nodenamen""]",[],[9168],6,1,2025-12-12T09:17:39Z,2025-12-12T09:17:39Z
9169,socket id,,"[""Socket id""]",[],[9169],6,1,2025-12-12T09:17:39Z,2025-12-12T09:17:39Z
9170,allocated cpus,,"[""Allocated CPUs""]",[],[9170],6,1,2025-12-12T09:17:39Z,2025-12-12T09:17:39Z
9173,block allocation method,,[],[],[9173],4,1,2025-12-12T09:17:39Z,2025-12-12T09:17:39Z
9175,block distribution method,,[],[],[9175],3,1,2025-12-12T09:17:39Z,2025-12-12T09:17:39Z
9177,socket i d,,[],[],[9177],3,1,2025-12-12T09:17:39Z,2025-12-12T09:17:39Z
9178,cyclic distribution method,,[],[],[9178],3,1,2025-12-12T09:17:39Z,2025-12-12T09:17:39Z
9195,default port,,[],[],[9195],3,1,2025-12-12T09:17:39Z,2025-12-12T09:17:39Z
9196,incoming request,,"[""incoming requests""]",[],[9196],5,1,2025-12-12T09:17:39Z,2025-12-12T09:17:39Z
9200,slurmdbd section,,[],[],[9200],3,1,2025-12-12T09:17:39Z,2025-12-12T09:17:39Z
9204,enableipv,,"[""EnableIPv""]",[],[9204],3,1,2025-12-12T09:17:39Z,2025-12-12T09:17:39Z
9205,communicationparameter,,"[""CommunicationParameters""]",[],[9205],3,1,2025-12-12T09:17:39Z,2025-12-12T09:17:39Z
9211,slurmctld section,,[],[],[9211],5,1,2025-12-12T09:17:39Z,2025-12-12T09:17:39Z
9245,dynamic node,,"[""Dynamic nodes""]",[],[9245],5,2,2025-12-12T09:17:39Z,2025-12-12T09:17:39Z
9251,slurmd -z,,"[""slurmd -Z""]",[],[9251],4,1,2025-12-12T09:17:39Z,2025-12-12T09:17:39Z
9260,kubernete,,"[""Kubernetes""]",[],[9260],4,1,2025-12-12T09:17:39Z,2025-12-12T09:17:39Z
9276,time serie,,"[""Time Series""]",[],[9276],5,1,2025-12-12T09:17:39Z,2025-12-12T09:17:39Z
9285,hdf5,,"[""HDF5 file""]",[],[9285],7,1,2025-12-12T09:17:39Z,2025-12-12T09:17:39Z
9290,step file,,"[""step files""]",[],[9290],3,1,2025-12-12T09:17:39Z,2025-12-12T09:17:39Z
9292,acct_gather.conf file,,[],[],[9292],3,1,2025-12-12T09:17:39Z,2025-12-12T09:17:39Z
9300,datum type,,"[""data types""]",[],[9300],4,1,2025-12-12T09:17:39Z,2025-12-12T09:17:39Z
9315,energyipmifrequency,,"[""EnergyIPMIFrequency""]",[],[9315],3,1,2025-12-12T09:17:39Z,2025-12-12T09:17:39Z
9317,ipmi,,"[""IPMI""]","[""IPMI""]",[9317],4,1,2025-12-12T09:17:39Z,2025-12-12T09:17:39Z
9346,task datum,,"[""Task data""]",[],[9346],4,1,2025-12-12T09:17:39Z,2025-12-12T09:17:39Z
9364,data sample,,[],[],[9364],8,1,2025-12-12T09:17:39Z,2025-12-12T09:17:39Z
9366,datum item,,"[""data items""]",[],[9366],4,1,2025-12-12T09:17:39Z,2025-12-12T09:17:39Z
9367,date time,,"[""Date Time""]",[],[9367],4,1,2025-12-12T09:17:39Z,2025-12-12T09:17:39Z
9387,nss_slurm,,[],[],[9387],7,1,2025-12-12T09:17:39Z,2025-12-12T09:17:39Z
9409,tim,,[],[],[9409],4,1,2025-12-12T09:17:39Z,2025-12-12T09:17:39Z
9410,tim wickberg:/home,,"[""Tim Wickberg:/home""]",[],[9410],3,1,2025-12-12T09:17:39Z,2025-12-12T09:17:39Z
9411,tim:/bin,,[],[],[9411],3,1,2025-12-12T09:17:39Z,2025-12-12T09:17:39Z
9412,projecta,,[],[],[9412],3,1,2025-12-12T09:17:39Z,2025-12-12T09:17:39Z
9419,nsswitch.conf,file,[],[],[9419],3,1,2025-12-12T09:17:39Z,2025-12-12T09:17:39Z
9457,job submission parameter,,"[""job submission parameters""]",[],[9457],3,1,2025-12-12T09:17:39Z,2025-12-12T09:17:39Z
9465,char,,[],[],[9465],12,2,2025-12-12T09:17:39Z,2025-12-12T09:17:39Z
9468,no_val/16/,,"[""NO_VAL/16/""]",[],[9468],3,1,2025-12-12T09:17:39Z,2025-12-12T09:17:39Z
9469,nil,,[],[],[9469],4,1,2025-12-12T09:17:39Z,2025-12-12T09:17:39Z
9470,job parameter,,"[""job parameters""]",[],[9470],4,1,2025-12-12T09:17:39Z,2025-12-12T09:17:39Z
9471,global datum structure,,"[""global data structures""]",[],[9471],4,1,2025-12-12T09:17:39Z,2025-12-12T09:17:39Z
9472,job_desc,,[],[],[9472],6,1,2025-12-12T09:17:39Z,2025-12-12T09:17:39Z
9515,plo,,"[""Plo""]",[],[9515],4,1,2025-12-12T09:17:39Z,2025-12-12T09:17:39Z
9516,job_submit_mine,,[],[],[9516],5,1,2025-12-12T09:17:39Z,2025-12-12T09:17:39Z
9568,plugin author,,[],[],[9568],3,1,2025-12-12T09:17:39Z,2025-12-12T09:17:39Z
9604,int32_t,,[],[],[9604],3,1,2025-12-12T09:17:39Z,2025-12-12T09:17:39Z
9605,node_inx,,[],[],[9605],3,1,2025-12-12T09:17:39Z,2025-12-12T09:17:39Z
9608,index pair,,"[""index pairs""]",[],[9608],3,1,2025-12-12T09:17:39Z,2025-12-12T09:17:39Z
9624,uint32_t node_cnt,,[],[],[9624],3,1,2025-12-12T09:17:39Z,2025-12-12T09:17:39Z
9658,special advice,,[],[],[9658],3,1,2025-12-12T09:17:39Z,2025-12-12T09:17:39Z
9661,resource specialization,,"[""Resource Specialization""]",[],[9661],4,1,2025-12-12T09:17:39Z,2025-12-12T09:17:39Z
9668,cpuset,,[],[],[9668],3,1,2025-12-12T09:17:39Z,2025-12-12T09:17:39Z
9677,cgroup v,,[],[],[9677],5,1,2025-12-12T09:17:39Z,2025-12-12T09:17:39Z
9701,freezer controller,,[],[],[9701],3,1,2025-12-12T09:17:39Z,2025-12-12T09:17:39Z
9712,cgroupthere,,"[""cgroupThere""]",[],[9712],3,1,2025-12-12T09:17:39Z,2025-12-12T09:17:39Z
9717,confine job,,"[""Confine jobs""]",[],[9717],3,1,2025-12-12T09:17:39Z,2025-12-12T09:17:39Z
9827,taskpluginparam configuration parameter,,"[""TaskPluginParam configuration parameter""]",[],[9827],3,1,2025-12-12T09:17:39Z,2025-12-12T09:17:39Z
9833,cpubind,,"[""CpuBind""]",[],[9833],7,1,2025-12-12T09:17:39Z,2025-12-12T09:17:39Z
9851,configuration problem,,"[""configuration problems""]",[],[9851],4,1,2025-12-12T09:17:39Z,2025-12-12T09:17:39Z
9856,slurm start,,[],[],[9856],4,1,2025-12-12T09:17:39Z,2025-12-12T09:17:39Z
9909,base state,,"[""base states""]",[],[9909],5,1,2025-12-12T09:17:39Z,2025-12-12T09:17:39Z
