term_id,term_text,term_lemma,length_tokens,freq_total,freq_docs,idf,tf_idf,created_at,updated_at
1,Slurm,slurm,1,21,2,1.5108256237659907,31.727338099085806,2026-01-26T12:31:15Z,2026-01-26T12:31:15Z
2,Accounting records,accounting record,2,4,1,1.916290731874155,7.66516292749662,2026-01-26T12:31:15Z,2026-01-26T12:31:15Z
3,jobs jobs,job job,2,2,2,1.5108256237659907,3.0216512475319814,2026-01-26T12:31:15Z,2026-01-26T12:31:15Z
4,sacct command,sacct command,2,1,1,1.916290731874155,1.916290731874155,2026-01-26T12:31:15Z,2026-01-26T12:31:15Z
5,resource usage,resource usage,2,2,2,1.5108256237659907,3.0216512475319814,2026-01-26T12:31:15Z,2026-01-26T12:31:15Z
6,jobs,job,1,93,4,1.0,93.0,2026-01-26T12:31:15Z,2026-01-26T12:31:15Z
7,load imbalance tasks,load imbalance task,3,1,1,1.916290731874155,1.916290731874155,2026-01-26T12:31:15Z,2026-01-26T12:31:15Z
8,sstat command,sstat command,2,1,1,1.916290731874155,1.916290731874155,2026-01-26T12:31:15Z,2026-01-26T12:31:15Z
9,sreport,sreport,1,3,1,1.916290731874155,5.748872195622465,2026-01-26T12:31:15Z,2026-01-26T12:31:15Z
10,reports,report,1,2,1,1.916290731874155,3.83258146374831,2026-01-26T12:31:15Z,2026-01-26T12:31:15Z
11,time interval,time interval,2,1,1,1.916290731874155,1.916290731874155,2026-01-26T12:31:15Z,2026-01-26T12:31:15Z
12,distinct plugin types,distinct plugin type,3,1,1,1.916290731874155,1.916290731874155,2026-01-26T12:31:15Z,2026-01-26T12:31:15Z
13,resource accounting,resource accounting,2,1,1,1.916290731874155,1.916290731874155,2026-01-26T12:31:15Z,2026-01-26T12:31:15Z
14,Slurm configuration parameters,slurm configuration parameter,3,2,1,1.916290731874155,3.83258146374831,2026-01-26T12:31:15Z,2026-01-26T12:31:15Z
15,plugins,plugin,1,4,1,1.916290731874155,7.66516292749662,2026-01-26T12:31:15Z,2026-01-26T12:31:15Z
16,AccountingStorageType,accountingstoragetype,1,1,1,1.916290731874155,1.916290731874155,2026-01-26T12:31:15Z,2026-01-26T12:31:15Z
17,JobAcctGatherType,jobacctgathertype,1,1,1,1.916290731874155,1.916290731874155,2026-01-26T12:31:15Z,2026-01-26T12:31:15Z
18,mechanism,mechanism,1,1,1,1.916290731874155,1.916290731874155,2026-01-26T12:31:15Z,2026-01-26T12:31:15Z
19,accounting information,accounting information,2,1,1,1.916290731874155,1.916290731874155,2026-01-26T12:31:15Z,2026-01-26T12:31:15Z
20,JobCompType,jobcomptype,1,2,1,1.916290731874155,3.83258146374831,2026-01-26T12:31:15Z,2026-01-26T12:31:15Z
21,job completion information,job completion information,3,1,1,1.916290731874155,1.916290731874155,2026-01-26T12:31:15Z,2026-01-26T12:31:15Z
22,nodes,node,1,25,2,1.5108256237659907,37.77064059414977,2026-01-26T12:31:15Z,2026-01-26T12:31:15Z
23,minimal overhead,minimal overhead,2,1,1,1.916290731874155,1.916290731874155,2026-01-26T12:31:15Z,2026-01-26T12:31:15Z
24,sacct,sacct,1,4,1,1.916290731874155,7.66516292749662,2026-01-26T12:31:15Z,2026-01-26T12:31:15Z
25,information,information,1,23,3,1.2231435513142097,28.132301680226824,2026-01-26T12:31:15Z,2026-01-26T12:31:15Z
26,sreport dependent database,sreport dependent database,3,1,1,1.916290731874155,1.916290731874155,2026-01-26T12:31:15Z,2026-01-26T12:31:15Z
27,jobcomp filetxt,jobcomp filetxt,2,1,1,1.916290731874155,1.916290731874155,2026-01-26T12:31:15Z,2026-01-26T12:31:15Z
28,pathname file,pathname file,2,1,1,1.916290731874155,1.916290731874155,2026-01-26T12:31:15Z,2026-01-26T12:31:15Z
29,logrotate similar tool,logrotate similar tool,3,1,1,1.916290731874155,1.916290731874155,2026-01-26T12:31:15Z,2026-01-26T12:31:15Z
30,log files,log file,2,2,2,1.5108256237659907,3.0216512475319814,2026-01-26T12:31:15Z,2026-01-26T12:31:15Z
31,files,file,1,26,2,1.5108256237659907,39.28146621791576,2026-01-26T12:31:15Z,2026-01-26T12:31:15Z
32,data,datum,1,7,1,1.916290731874155,13.414035123119085,2026-01-26T12:31:15Z,2026-01-26T12:31:15Z
33,data sacct sreport,datum sacct sreport,3,1,1,1.916290731874155,1.916290731874155,2026-01-26T12:31:15Z,2026-01-26T12:31:15Z
34,data intermediate daemon,datum intermediate daemon,3,1,1,1.916290731874155,1.916290731874155,2026-01-26T12:31:15Z,2026-01-26T12:31:15Z
35,security performance,security performance,2,1,1,1.916290731874155,1.916290731874155,2026-01-26T12:31:15Z,2026-01-26T12:31:15Z
36,services,service,1,6,2,1.5108256237659907,9.064953742595945,2026-01-26T12:31:15Z,2026-01-26T12:31:15Z
37,SlurmDBD,slurmdbd,1,16,1,1.916290731874155,30.66065170998648,2026-01-26T12:31:15Z,2026-01-26T12:31:15Z
38,configuration,configuration,1,10,2,1.5108256237659907,15.108256237659907,2026-01-26T12:31:15Z,2026-01-26T12:31:15Z
39,host SlurmDBD,host slurmdbd,2,2,1,1.916290731874155,3.83258146374831,2026-01-26T12:31:15Z,2026-01-26T12:31:15Z
40,MySQL plugin,mysql plugin,2,1,1,1.916290731874155,1.916290731874155,2026-01-26T12:31:15Z,2026-01-26T12:31:15Z
41,database MySQL plugin,database mysql plugin,3,1,1,1.916290731874155,1.916290731874155,2026-01-26T12:31:15Z,2026-01-26T12:31:15Z
42,sacctmgr list cluster,sacctmgr list cluster,3,1,1,1.916290731874155,1.916290731874155,2026-01-26T12:31:15Z,2026-01-26T12:31:15Z
43,cluster,cluster,1,27,3,1.2231435513142097,33.02487588548366,2026-01-26T12:31:15Z,2026-01-26T12:31:15Z
44,cluster snowflake,cluster snowflake,2,2,1,1.916290731874155,3.83258146374831,2026-01-26T12:31:15Z,2026-01-26T12:31:15Z
45,Failure,failure,1,1,1,1.916290731874155,1.916290731874155,2026-01-26T12:31:15Z,2026-01-26T12:31:15Z
46,slurmdbd switch,slurmdbd switch,2,1,1,1.916290731874155,1.916290731874155,2026-01-26T12:31:15Z,2026-01-26T12:31:15Z
47,version Slurm,version slurm,2,1,1,1.916290731874155,1.916290731874155,2026-01-26T12:31:15Z,2026-01-26T12:31:15Z
48,slurmctld,slurmctld,1,5,2,1.5108256237659907,7.554128118829953,2026-01-26T12:31:15Z,2026-01-26T12:31:15Z
49,internal cache SlurmDBD,internal cache slurmdbd,3,1,1,1.916290731874155,1.916290731874155,2026-01-26T12:31:15Z,2026-01-26T12:31:15Z
50,cached data,cached datum,2,1,1,1.916290731874155,1.916290731874155,2026-01-26T12:31:15Z,2026-01-26T12:31:15Z
51,startup,startup,1,1,1,1.916290731874155,1.916290731874155,2026-01-26T12:31:15Z,2026-01-26T12:31:15Z
52,state daemons communicating,state daemon communicating,3,1,1,1.916290731874155,1.916290731874155,2026-01-26T12:31:15Z,2026-01-26T12:31:15Z
53,cache,cache,1,1,1,1.916290731874155,1.916290731874155,2026-01-26T12:31:15Z,2026-01-26T12:31:15Z
54,number,number,1,8,2,1.5108256237659907,12.086604990127926,2026-01-26T12:31:15Z,2026-01-26T12:31:15Z
55,records,record,1,4,1,1.916290731874155,7.66516292749662,2026-01-26T12:31:15Z,2026-01-26T12:31:15Z
56,Infrastructure,infrastructure,1,1,1,1.916290731874155,1.916290731874155,2026-01-26T12:31:15Z,2026-01-26T12:31:15Z
57,Accounting,accounting,1,3,1,1.916290731874155,5.748872195622465,2026-01-26T12:31:15Z,2026-01-26T12:31:15Z
58,user user ID,user user id,3,1,1,1.916290731874155,1.916290731874155,2026-01-26T12:31:15Z,2026-01-26T12:31:15Z
59,user,user,1,20,3,1.2231435513142097,24.462871026284194,2026-01-26T12:31:15Z,2026-01-26T12:31:15Z
60,person computers Authentication,person computer authentication,3,1,1,1.916290731874155,1.916290731874155,2026-01-26T12:31:15Z,2026-01-26T12:31:15Z
61,SlurmDBD users,slurmdbd user,2,1,1,1.916290731874155,1.916290731874155,2026-01-26T12:31:15Z,2026-01-26T12:31:15Z
62,SlurmUser ID clusters,slurmuser id cluster,3,1,1,1.916290731874155,1.916290731874155,2026-01-26T12:31:15Z,2026-01-26T12:31:15Z
63,access accounting records,access accounting record,3,1,1,1.916290731874155,1.916290731874155,2026-01-26T12:31:15Z,2026-01-26T12:31:15Z
64,default lowercase usernames,default lowercase username,3,1,1,1.916290731874155,1.916290731874155,2026-01-26T12:31:15Z,2026-01-26T12:31:15Z
65,Parameters,parameter,1,5,2,1.5108256237659907,7.554128118829953,2026-01-26T12:31:15Z,2026-01-26T12:31:15Z
66,slurmdbd.conf,slurmdbd.conf,1,4,1,1.916290731874155,7.66516292749662,2026-01-26T12:31:15Z,2026-01-26T12:31:15Z
67,usernames uppercase characters,username uppercase character,3,1,1,1.916290731874155,1.916290731874155,2026-01-26T12:31:15Z,2026-01-26T12:31:15Z
68,best,good,1,1,1,1.916290731874155,1.916290731874155,2026-01-26T12:31:15Z,2026-01-26T12:31:15Z
69,security data,security datum,2,1,1,1.916290731874155,1.916290731874155,2026-01-26T12:31:15Z,2026-01-26T12:31:15Z
70,communications SlurmDBD,communication slurmdbd,2,1,1,1.916290731874155,1.916290731874155,2026-01-26T12:31:15Z,2026-01-26T12:31:15Z
71,MUNGE purpose cluster,munge purpose cluster,3,1,1,1.916290731874155,1.916290731874155,2026-01-26T12:31:15Z,2026-01-26T12:31:15Z
72,MUNGE,munge,1,2,1,1.916290731874155,3.83258146374831,2026-01-26T12:31:15Z,2026-01-26T12:31:15Z
73,nodes Slurm,node slurm,2,1,1,1.916290731874155,1.916290731874155,2026-01-26T12:31:15Z,2026-01-26T12:31:15Z
74,machine SlurmDBD,machine slurmdbd,2,1,1,1.916290731874155,1.916290731874155,2026-01-26T12:31:15Z,2026-01-26T12:31:15Z
75,choice,choice,1,1,1,1.916290731874155,1.916290731874155,2026-01-26T12:31:15Z,2026-01-26T12:31:15Z
76,unique key clusters,unique key cluster,3,1,1,1.916290731874155,1.916290731874155,2026-01-26T12:31:15Z,2026-01-26T12:31:15Z
77,MUNGE enhancements,munge enhancement,2,1,1,1.916290731874155,1.916290731874155,2026-01-26T12:31:15Z,2026-01-26T12:31:15Z
78,daemons,daemon,1,7,2,1.5108256237659907,10.575779366361935,2026-01-26T12:31:15Z,2026-01-26T12:31:15Z
79,keys,key,1,1,1,1.916290731874155,1.916290731874155,2026-01-26T12:31:15Z,2026-01-26T12:31:15Z
80,key files,key file,2,1,1,1.916290731874155,1.916290731874155,2026-01-26T12:31:15Z,2026-01-26T12:31:15Z
81,proper key,proper key,2,1,1,1.916290731874155,1.916290731874155,2026-01-26T12:31:15Z,2026-01-26T12:31:15Z
82,--socket,--socket,1,1,1,1.916290731874155,1.916290731874155,2026-01-26T12:31:15Z,2026-01-26T12:31:15Z
83,option,option,1,16,3,1.2231435513142097,19.570296821027355,2026-01-26T12:31:15Z,2026-01-26T12:31:15Z
84,details,detail,1,2,1,1.916290731874155,3.83258146374831,2026-01-26T12:31:15Z,2026-01-26T12:31:15Z
85,authentication module,authentication module,2,1,1,1.916290731874155,1.916290731874155,2026-01-26T12:31:15Z,2026-01-26T12:31:15Z
86,SlurmDBD UIDs users,slurmdbd uid user,3,1,1,1.916290731874155,1.916290731874155,2026-01-26T12:31:15Z,2026-01-26T12:31:15Z
87,DBD,dbd,1,1,1,1.916290731874155,1.916290731874155,2026-01-26T12:31:15Z,2026-01-26T12:31:15Z
88,authentication,authentication,1,2,2,1.5108256237659907,3.0216512475319814,2026-01-26T12:31:15Z,2026-01-26T12:31:15Z
89,accounting tools UID,accounting tool uid,3,1,1,1.916290731874155,1.916290731874155,2026-01-26T12:31:15Z,2026-01-26T12:31:15Z
90,LDAP server,ldap server,2,1,1,1.916290731874155,1.916290731874155,2026-01-26T12:31:15Z,2026-01-26T12:31:15Z
91,Storage Backup Host,storage backup host,3,1,1,1.916290731874155,1.916290731874155,2026-01-26T12:31:15Z,2026-01-26T12:31:15Z
92,backup instance slurmdbd,backup instance slurmdbd,3,1,1,1.916290731874155,1.916290731874155,2026-01-26T12:31:15Z,2026-01-26T12:31:15Z
93,AccountingStorageBackupHost,accountingstoragebackuphost,1,1,1,1.916290731874155,1.916290731874155,2026-01-26T12:31:15Z,2026-01-26T12:31:15Z
94,primary instance slurmdbd,primary instance slurmdbd,3,1,1,1.916290731874155,1.916290731874155,2026-01-26T12:31:15Z,2026-01-26T12:31:15Z
95,Slurm JobComp Configuration,slurm jobcomp configuration,3,1,1,1.916290731874155,1.916290731874155,2026-01-26T12:31:15Z,2026-01-26T12:31:15Z
96,job completion,job completion,2,2,2,1.5108256237659907,3.0216512475319814,2026-01-26T12:31:15Z,2026-01-26T12:31:15Z
97,important parameters,important parameter,2,2,1,1.916290731874155,3.83258146374831,2026-01-26T12:31:15Z,2026-01-26T12:31:15Z
98,JobCompHost,jobcomphost,1,1,1,1.916290731874155,1.916290731874155,2026-01-26T12:31:15Z,2026-01-26T12:31:15Z
99,JobCompLoc,jobcomploc,1,1,1,1.916290731874155,1.916290731874155,2026-01-26T12:31:15Z,2026-01-26T12:31:15Z
100,job completion data,job completion datum,3,1,1,1.916290731874155,1.916290731874155,2026-01-26T12:31:15Z,2026-01-26T12:31:15Z
101,JobCompPass,jobcomppass,1,1,1,1.916290731874155,1.916290731874155,2026-01-26T12:31:15Z,2026-01-26T12:31:15Z
102,database Password user,database password user,3,1,1,1.916290731874155,1.916290731874155,2026-01-26T12:31:15Z,2026-01-26T12:31:15Z
103,database,database,1,10,1,1.916290731874155,19.162907318741553,2026-01-26T12:31:15Z,2026-01-26T12:31:15Z
104,password,password,1,7,2,1.5108256237659907,10.575779366361935,2026-01-26T12:31:15Z,2026-01-26T12:31:15Z
105,JobCompPort,jobcompport,1,1,1,1.916290731874155,1.916290731874155,2026-01-26T12:31:15Z,2026-01-26T12:31:15Z
106,communication,communication,1,2,1,1.916290731874155,3.83258146374831,2026-01-26T12:31:15Z,2026-01-26T12:31:15Z
107,JobCompUser,jobcompuser,1,1,1,1.916290731874155,1.916290731874155,2026-01-26T12:31:15Z,2026-01-26T12:31:15Z
108,JobCompParams,jobcompparam,1,1,1,1.916290731874155,1.916290731874155,2026-01-26T12:31:15Z,2026-01-26T12:31:15Z
109,database AccountingStorageType,database accountingstoragetype,2,1,1,1.916290731874155,1.916290731874155,2026-01-26T12:31:15Z,2026-01-26T12:31:15Z
110,accounting_storage slurmdbd,accounting_storage slurmdbd,2,2,1,1.916290731874155,3.83258146374831,2026-01-26T12:31:15Z,2026-01-26T12:31:15Z
111,creation user entities,creation user entity,3,1,1,1.916290731874155,1.916290731874155,2026-01-26T12:31:15Z,2026-01-26T12:31:15Z
112,associations,association,1,5,1,1.916290731874155,9.581453659370776,2026-01-26T12:31:15Z,2026-01-26T12:31:15Z
113,cluster user account,cluster user account,3,1,1,1.916290731874155,1.916290731874155,2026-01-26T12:31:15Z,2026-01-26T12:31:15Z
114,partition,partition,1,5,2,1.5108256237659907,7.554128118829953,2026-01-26T12:31:15Z,2026-01-26T12:31:15Z
115,MySQL,mysql,1,12,1,1.916290731874155,22.99548878248986,2026-01-26T12:31:15Z,2026-01-26T12:31:15Z
116,preferred database,preferred database,2,1,1,1.916290731874155,1.916290731874155,2026-01-26T12:31:15Z,2026-01-26T12:31:15Z
117,database support,database support,2,1,1,1.916290731874155,1.916290731874155,2026-01-26T12:31:15Z,2026-01-26T12:31:15Z
118,development package database,development package database,3,1,1,1.916290731874155,1.916290731874155,2026-01-26T12:31:15Z,2026-01-26T12:31:15Z
119,system,system,1,2,2,1.5108256237659907,3.0216512475319814,2026-01-26T12:31:15Z,2026-01-26T12:31:15Z
120,MySQL installation rollback,mysql installation rollback,3,1,1,1.916290731874155,1.916290731874155,2026-01-26T12:31:15Z,2026-01-26T12:31:15Z
121,slurm configure script,slurm configure script,3,1,1,1.916290731874155,1.916290731874155,2026-01-26T12:31:15Z,2026-01-26T12:31:15Z
122,libraries headers,library header,2,1,1,1.916290731874155,1.916290731874155,2026-01-26T12:31:15Z,2026-01-26T12:31:15Z
123,slurm build,slurm build,2,1,1,1.916290731874155,1.916290731874155,2026-01-26T12:31:15Z,2026-01-26T12:31:15Z
124,successful configure output,successful configure output,3,1,1,1.916290731874155,1.916290731874155,2026-01-26T12:31:15Z,2026-01-26T12:31:15Z
125,MySQL test program,mysql test program,3,1,1,1.916290731874155,1.916290731874155,2026-01-26T12:31:15Z,2026-01-26T12:31:15Z
126,innodb_buffer_pool_size,innodb_buffer_pool_size,1,3,1,1.916290731874155,5.748872195622465,2026-01-26T12:31:15Z,2026-01-26T12:31:15Z
127,GiB,gib,1,1,1,1.916290731874155,1.916290731874155,2026-01-26T12:31:15Z,2026-01-26T12:31:15Z
128,problems,problem,1,9,2,1.5108256237659907,13.597430613893916,2026-01-26T12:31:15Z,2026-01-26T12:31:15Z
129,large Slurm databases,large slurm database,3,1,1,1.916290731874155,1.916290731874155,2026-01-26T12:31:15Z,2026-01-26T12:31:15Z
130,percent innodb_buffer_pool_size,percent innodb_buffer_pool_size,2,2,1,1.916290731874155,3.83258146374831,2026-01-26T12:31:15Z,2026-01-26T12:31:15Z
131,innodb_log_files_in_group,innodb_log_files_in_group,1,1,1,1.916290731874155,1.916290731874155,2026-01-26T12:31:15Z,2026-01-26T12:31:15Z
132,unnecessary small writes,unnecessary small write,3,1,1,1.916290731874155,1.916290731874155,2026-01-26T12:31:15Z,2026-01-26T12:31:15Z
133,mind,mind,1,1,1,1.916290731874155,1.916290731874155,2026-01-26T12:31:15Z,2026-01-26T12:31:15Z
134,innodb_redo_log_capacity,innodb_redo_log_capacity,1,1,1,1.916290731874155,1.916290731874155,2026-01-26T12:31:15Z,2026-01-26T12:31:15Z
135,MySQL 8.0.,mysql 8.0.,2,1,1,1.916290731874155,1.916290731874155,2026-01-26T12:31:15Z,2026-01-26T12:31:15Z
136,innodb_lock_wait_timeout,innodb_lock_wait_timeout,1,1,1,1.916290731874155,1.916290731874155,2026-01-26T12:31:15Z,2026-01-26T12:31:15Z
137,queries,query,1,5,1,1.916290731874155,9.581453659370776,2026-01-26T12:31:15Z,2026-01-26T12:31:15Z
138,VARIABLES,variable,1,2,1,1.916290731874155,3.83258146374831,2026-01-26T12:31:15Z,2026-01-26T12:31:15Z
139,row set,row set,2,2,1,1.916290731874155,3.83258146374831,2026-01-26T12:31:15Z,2026-01-26T12:31:15Z
140,sec,sec,1,6,1,1.916290731874155,11.49774439124493,2026-01-26T12:31:15Z,2026-01-26T12:31:15Z
141,cat my.cnf,cat my.cnf,2,1,1,1.916290731874155,1.916290731874155,2026-01-26T12:31:15Z,2026-01-26T12:31:15Z
142,mysqld,mysqld,1,1,1,1.916290731874155,1.916290731874155,2026-01-26T12:31:15Z,2026-01-26T12:31:15Z
143,MySQL versions,mysql version,2,1,1,1.916290731874155,1.916290731874155,2026-01-26T12:31:15Z,2026-01-26T12:31:15Z
144,default row format,default row format,3,2,1,1.916290731874155,3.83258146374831,2026-01-26T12:31:15Z,2026-01-26T12:31:15Z
145,COMPACT,compact,1,1,1,1.916290731874155,1.916290731874155,2026-01-26T12:31:15Z,2026-01-26T12:31:15Z
146,issues upgrade,issue upgrade,2,1,1,1.916290731874155,1.916290731874155,2026-01-26T12:31:15Z,2026-01-26T12:31:15Z
147,tables,table,1,18,3,1.2231435513142097,22.016583923655773,2026-01-26T12:31:15Z,2026-01-26T12:31:15Z
148,versions,version,1,1,1,1.916290731874155,1.916290731874155,2026-01-26T12:31:15Z,2026-01-26T12:31:15Z
149,DYNAMIC,dynamic,1,2,1,1.916290731874155,3.83258146374831,2026-01-26T12:31:15Z,2026-01-26T12:31:15Z
150,row format table,row format table,3,1,1,1.916290731874155,1.916290731874155,2026-01-26T12:31:15Z,2026-01-26T12:31:15Z
151,rows,row,1,6,1,1.916290731874155,11.49774439124493,2026-01-26T12:31:15Z,2026-01-26T12:31:15Z
152,pages,page,1,1,1,1.916290731874155,1.916290731874155,2026-01-26T12:31:15Z,2026-01-26T12:31:15Z
153,pages MySQL,page mysql,2,1,1,1.916290731874155,1.916290731874155,2026-01-26T12:31:15Z,2026-01-26T12:31:15Z
154,error creation table,error creation table,3,1,1,1.916290731874155,1.916290731874155,2026-01-26T12:31:15Z,2026-01-26T12:31:15Z
155,row format,row format,2,1,1,1.916290731874155,1.916290731874155,2026-01-26T12:31:15Z,2026-01-26T12:31:15Z
156,database version,database version,2,1,1,1.916290731874155,1.916290731874155,2026-01-26T12:31:15Z,2026-01-26T12:31:15Z
157,InnoDB error,innodb error,2,1,1,1.916290731874155,1.916290731874155,2026-01-26T12:31:15Z,2026-01-26T12:31:15Z
158,upgrade table,upgrade table,2,1,1,1.916290731874155,1.916290731874155,2026-01-26T12:31:15Z,2026-01-26T12:31:15Z
159,time,time,1,7,2,1.5108256237659907,10.575779366361935,2026-01-26T12:31:15Z,2026-01-26T12:31:15Z
160,conversion,conversion,1,1,1,1.916290731874155,1.916290731874155,2026-01-26T12:31:15Z,2026-01-26T12:31:15Z
161,InnoDB,innodb,1,2,1,1.916290731874155,3.83258146374831,2026-01-26T12:31:15Z,2026-01-26T12:31:15Z
162,field table,field table,2,1,1,1.916290731874155,1.916290731874155,2026-01-26T12:31:15Z,2026-01-26T12:31:15Z
163,innodb_default_row_format variable,innodb_default_row_format variable,2,1,1,1.916290731874155,1.916290731874155,2026-01-26T12:31:15Z,2026-01-26T12:31:15Z
164,innodb_default_row_format,innodb_default_row_format,1,2,1,1.916290731874155,3.83258146374831,2026-01-26T12:31:15Z,2026-01-26T12:31:15Z
165,TABLE STATUS db_name,table statu db_name,3,1,1,1.916290731874155,1.916290731874155,2026-01-26T12:31:15Z,2026-01-26T12:31:15Z
166,error message start,error message start,3,1,1,1.916290731874155,1.916290731874155,2026-01-26T12:31:15Z,2026-01-26T12:31:15Z
167,case insensitive collation,case insensitive collation,3,1,1,1.916290731874155,1.916290731874155,2026-01-26T12:31:15Z,2026-01-26T12:31:15Z
168,SELECT default_collation_name,select default_collation_name,2,1,1,1.916290731874155,1.916290731874155,2026-01-26T12:31:15Z,2026-01-26T12:31:15Z
169,simplicity sake,simplicity sake,2,1,1,1.916290731874155,1.916290731874155,2026-01-26T12:31:15Z,2026-01-26T12:31:15Z
170,assumption,assumption,1,2,2,1.5108256237659907,3.0216512475319814,2026-01-26T12:31:15Z,2026-01-26T12:31:15Z
171,storage,storage,1,1,1,1.916290731874155,1.916290731874155,2026-01-26T12:31:15Z,2026-01-26T12:31:15Z
172,minimal security,minimal security,2,1,1,1.916290731874155,1.916290731874155,2026-01-26T12:31:15Z,2026-01-26T12:31:15Z
173,archiving information SlurmDBD,archiving information slurmdbd,3,1,1,1.916290731874155,1.916290731874155,2026-01-26T12:31:15Z,2026-01-26T12:31:15Z
174,separate section,separate section,2,1,1,1.916290731874155,1.916290731874155,2026-01-26T12:31:15Z,2026-01-26T12:31:15Z
175,text file,text file,2,1,1,1.916290731874155,1.916290731874155,2026-01-26T12:31:15Z,2026-01-26T12:31:15Z
176,configuration parameters,configuration parameter,2,2,2,1.5108256237659907,3.0216512475319814,2026-01-26T12:31:15Z,2026-01-26T12:31:15Z
177,AccountingStorage,accountingstorage,1,1,1,1.916290731874155,1.916290731874155,2026-01-26T12:31:15Z,2026-01-26T12:31:15Z
178,AccountingStorageEnforce option,accountingstorageenforce option,2,1,1,1.916290731874155,1.916290731874155,2026-01-26T12:31:15Z,2026-01-26T12:31:15Z
179,comma,comma,1,2,1,1.916290731874155,3.83258146374831,2026-01-26T12:31:15Z,2026-01-26T12:31:15Z
180,list options,list option,2,1,1,1.916290731874155,1.916290731874155,2026-01-26T12:31:15Z,2026-01-26T12:31:15Z
181,valid options comma,valid option comma,3,1,1,1.916290731874155,1.916290731874155,2026-01-26T12:31:15Z,2026-01-26T12:31:15Z
182,combination,combination,1,1,1,1.916290731874155,1.916290731874155,2026-01-26T12:31:15Z,2026-01-26T12:31:15Z
183,jobs association database,job association database,3,1,1,1.916290731874155,1.916290731874155,2026-01-26T12:31:15Z,2026-01-26T12:31:15Z
184,invalid accounts,invalid account,2,1,1,1.916290731874155,1.916290731874155,2026-01-26T12:31:15Z,2026-01-26T12:31:15Z
185,limits,limit,1,5,2,1.5108256237659907,7.554128118829953,2026-01-26T12:31:15Z,2026-01-26T12:31:15Z
186,associations qos,association qos,2,2,1,1.916290731874155,3.83258146374831,2026-01-26T12:31:15Z,2026-01-26T12:31:15Z
187,option associations option,option association option,3,3,1,1.916290731874155,5.748872195622465,2026-01-26T12:31:15Z,2026-01-26T12:31:15Z
188,qos limits,qos limit,2,2,1,1.916290731874155,3.83258146374831,2026-01-26T12:31:15Z,2026-01-26T12:31:15Z
189,qos,qos,1,3,1,1.916290731874155,5.748872195622465,2026-01-26T12:31:15Z,2026-01-26T12:31:15Z
190,access qos,access qos,2,1,1,1.916290731874155,1.916290731874155,2026-01-26T12:31:15Z,2026-01-26T12:31:15Z
191,nojobs job information,nojob job information,3,1,1,1.916290731874155,1.916290731874155,2026-01-26T12:31:15Z,2026-01-26T12:31:15Z
192,nosteps,nostep,1,2,1,1.916290731874155,3.83258146374831,2026-01-26T12:31:15Z,2026-01-26T12:31:15Z
193,step information,step information,2,1,1,1.916290731874155,1.916290731874155,2026-01-26T12:31:15Z,2026-01-26T12:31:15Z
194,utilization,utilization,1,1,1,1.916290731874155,1.916290731874155,2026-01-26T12:31:15Z,2026-01-26T12:31:15Z
195,association database,association database,2,1,1,1.916290731874155,1.916290731874155,2026-01-26T12:31:15Z,2026-01-26T12:31:15Z
196,limits option,limit option,2,1,1,1.916290731874155,1.916290731874155,2026-01-26T12:31:15Z,2026-01-26T12:31:15Z
197,completion,completion,1,1,1,1.916290731874155,1.916290731874155,2026-01-26T12:31:15Z,2026-01-26T12:31:15Z
198,option set jobs,option set job,3,1,1,1.916290731874155,1.916290731874155,2026-01-26T12:31:15Z,2026-01-26T12:31:15Z
199,usage,usage,1,1,1,1.916290731874155,1.916290731874155,2026-01-26T12:31:15Z,2026-01-26T12:31:15Z
200,TRES minutes limit,tre minute limit,3,1,1,1.916290731874155,1.916290731874155,2026-01-26T12:31:15Z,2026-01-26T12:31:15Z
201,limits limits,limit limit,2,1,1,1.916290731874155,1.916290731874155,2026-01-26T12:31:15Z,2026-01-26T12:31:15Z
202,wckeys,wckey,1,2,1,1.916290731874155,3.83258146374831,2026-01-26T12:31:15Z,2026-01-26T12:31:15Z
203,jobs wckey access,job wckey access,3,1,1,1.916290731874155,1.916290731874155,2026-01-26T12:31:15Z,2026-01-26T12:31:15Z
204,TrackWCKey option,trackwckey option,2,1,1,1.916290731874155,1.916290731874155,2026-01-26T12:31:15Z,2026-01-26T12:31:15Z
205,AccountingStorageEnforce,accountingstorageenforce,1,1,1,1.916290731874155,1.916290731874155,2026-01-26T12:31:15Z,2026-01-26T12:31:15Z
206,default behavior jobs,default behavior job,3,1,1,1.916290731874155,1.916290731874155,2026-01-26T12:31:15Z,2026-01-26T12:31:15Z
207,policies,policy,1,2,2,1.5108256237659907,3.0216512475319814,2026-01-26T12:31:15Z,2026-01-26T12:31:15Z
208,Slurm cluster,slurm cluster,2,1,1,1.916290731874155,1.916290731874155,2026-01-26T12:31:15Z,2026-01-26T12:31:15Z
209,list external slurmdbds,list external slurmdbd,3,1,1,1.916290731874155,1.916290731874155,2026-01-26T12:31:15Z,2026-01-26T12:31:15Z
210,port,port,1,3,2,1.5108256237659907,4.532476871297972,2026-01-26T12:31:15Z,2026-01-26T12:31:15Z
211,AccountingStoragePort,accountingstorageport,1,1,1,1.916290731874155,1.916290731874155,2026-01-26T12:31:15Z,2026-01-26T12:31:15Z
212,external slurmdbd,external slurmdbd,2,1,1,1.916290731874155,1.916290731874155,2026-01-26T12:31:15Z,2026-01-26T12:31:15Z
213,external cluster,external cluster,2,1,1,1.916290731874155,1.916290731874155,2026-01-26T12:31:15Z,2026-01-26T12:31:15Z
214,external slurmdbd slurmctld,external slurmdbd slurmctld,3,1,1,1.916290731874155,1.916290731874155,2026-01-26T12:31:15Z,2026-01-26T12:31:15Z
215,address host SlurmDBD,address host slurmdbd,3,1,1,1.916290731874155,1.916290731874155,2026-01-26T12:31:15Z,2026-01-26T12:31:15Z
216,access database,access database,2,2,1,1.916290731874155,3.83258146374831,2026-01-26T12:31:15Z,2026-01-26T12:31:15Z
217,accounting data,accounting datum,2,2,1,1.916290731874155,3.83258146374831,2026-01-26T12:31:15Z,2026-01-26T12:31:15Z
218,MUNGE daemon,munge daemon,2,1,1,1.916290731874155,1.916290731874155,2026-01-26T12:31:15Z,2026-01-26T12:31:15Z
219,authentication cluster,authentication cluster,2,1,1,1.916290731874155,1.916290731874155,2026-01-26T12:31:15Z,2026-01-26T12:31:15Z
220,case AccountingStoragePass,case accountingstoragepass,2,1,1,1.916290731874155,1.916290731874155,2026-01-26T12:31:15Z,2026-01-26T12:31:15Z
221,default value NULL,default value null,3,1,1,1.916290731874155,1.916290731874155,2026-01-26T12:31:15Z,2026-01-26T12:31:15Z
222,ClusterName,clustername,1,1,1,1.916290731874155,1.916290731874155,2026-01-26T12:31:15Z,2026-01-26T12:31:15Z
223,unique Slurm,unique slurm,2,1,1,1.916290731874155,1.916290731874155,2026-01-26T12:31:15Z,2026-01-26T12:31:15Z
224,cluster accounting records,cluster accounting record,3,1,1,1.916290731874155,1.916290731874155,2026-01-26T12:31:15Z,2026-01-26T12:31:15Z
225,TrackWCKey Boolean,trackwckey boolean,2,1,1,1.916290731874155,1.916290731874155,2026-01-26T12:31:15Z,2026-01-26T12:31:15Z
226,Wckey orthogonal,wckey orthogonal,2,1,1,1.916290731874155,1.916290731874155,2026-01-26T12:31:15Z,2026-01-26T12:31:15Z
227,unrelated accounts,unrelated account,2,1,1,1.916290731874155,1.916290731874155,2026-01-26T12:31:15Z,2026-01-26T12:31:15Z
228,SlurmDBD Configuration,slurmdbd configuration,2,1,1,1.916290731874155,1.916290731874155,2026-01-26T12:31:15Z,2026-01-26T12:31:15Z
229,configuration file,configuration file,2,17,2,1.5108256237659907,25.684035604021844,2026-01-26T12:31:15Z,2026-01-26T12:31:15Z
230,file computer SlurmDBD,file computer slurmdbd,3,1,1,1.916290731874155,1.916290731874155,2026-01-26T12:31:15Z,2026-01-26T12:31:15Z
231,readable user,readable user,2,1,1,1.916290731874155,1.916290731874155,2026-01-26T12:31:15Z,2026-01-26T12:31:15Z
232,unauthorized access,unauthorized access,2,1,1,1.916290731874155,1.916290731874155,2026-01-26T12:31:15Z,2026-01-26T12:31:15Z
233,pathname,pathname,1,2,1,1.916290731874155,3.83258146374831,2026-01-26T12:31:15Z,2026-01-26T12:31:15Z
234,socket MUNGE,socket munge,2,1,1,1.916290731874155,1.916290731874155,2026-01-26T12:31:15Z,2026-01-26T12:31:15Z
235,enterprise,enterprise,1,1,1,1.916290731874155,1.916290731874155,2026-01-26T12:31:15Z,2026-01-26T12:31:15Z
236,default MUNGE daemon,default munge daemon,3,1,1,1.916290731874155,1.916290731874155,2026-01-26T12:31:15Z,2026-01-26T12:31:15Z
237,AuthType,authtype,1,1,1,1.916290731874155,1.916290731874155,2026-01-26T12:31:15Z,2026-01-26T12:31:15Z
238,auth munge,auth munge,2,1,1,1.916290731874155,1.916290731874155,2026-01-26T12:31:15Z,2026-01-26T12:31:15Z
239,node domain,node domain,2,1,1,1.916290731874155,1.916290731874155,2026-01-26T12:31:15Z,2026-01-26T12:31:15Z
240,defaults,default,1,11,2,1.5108256237659907,16.619081861425897,2026-01-26T12:31:15Z,2026-01-26T12:31:15Z
241,warning message,warning message,2,2,2,1.5108256237659907,3.0216512475319814,2026-01-26T12:31:15Z,2026-01-26T12:31:15Z
242,work default,work default,2,1,1,1.916290731874155,1.916290731874155,2026-01-26T12:31:15Z,2026-01-26T12:31:15Z
243,system build time,system build time,3,1,1,1.916290731874155,1.916290731874155,2026-01-26T12:31:15Z,2026-01-26T12:31:15Z
244,LogFile,logfile,1,1,1,1.916290731874155,1.916290731874155,2026-01-26T12:31:15Z,2026-01-26T12:31:15Z
245,syslog,syslog,1,1,1,1.916290731874155,1.916290731874155,2026-01-26T12:31:15Z,2026-01-26T12:31:15Z
246,places,place,1,1,1,1.916290731874155,1.916290731874155,2026-01-26T12:31:15Z,2026-01-26T12:31:15Z
247,Slurm plugins,slurm plugin,2,1,1,1.916290731874155,1.916290731874155,2026-01-26T12:31:15Z,2026-01-26T12:31:15Z
248,colon,colon,1,1,1,1.916290731874155,1.916290731874155,2026-01-26T12:31:15Z,2026-01-26T12:31:15Z
249,list directories,list directory,2,1,1,1.916290731874155,1.916290731874155,2026-01-26T12:31:15Z,2026-01-26T12:31:15Z
250,default value prefix,default value prefix,3,1,1,1.916290731874155,1.916290731874155,2026-01-26T12:31:15Z,2026-01-26T12:31:15Z
251,configure time,configure time,2,1,1,1.916290731874155,1.916290731874155,2026-01-26T12:31:15Z,2026-01-26T12:31:15Z
252,lib slurm,lib slurm,2,1,1,1.916290731874155,1.916290731874155,2026-01-26T12:31:15Z,2026-01-26T12:31:15Z
253,machine,machine,1,1,1,1.916290731874155,1.916290731874155,2026-01-26T12:31:15Z,2026-01-26T12:31:15Z
254,default value root,default value root,3,1,1,1.916290731874155,1.916290731874155,2026-01-26T12:31:15Z,2026-01-26T12:31:15Z
255,SlurmUser clusters,slurmuser cluster,2,1,1,1.916290731874155,1.916290731874155,2026-01-26T12:31:15Z,2026-01-26T12:31:15Z
256,SlurmDBD NOTE,slurmdbd note,2,1,1,1.916290731874155,1.916290731874155,2026-01-26T12:31:15Z,2026-01-26T12:31:15Z
257,StorageHost,storagehost,1,1,1,1.916290731874155,1.916290731874155,2026-01-26T12:31:15Z,2026-01-26T12:31:15Z
258,host database,host database,2,1,1,1.916290731874155,1.916290731874155,2026-01-26T12:31:15Z,2026-01-26T12:31:15Z
259,larger systems,large system,2,1,1,1.916290731874155,1.916290731874155,2026-01-26T12:31:15Z,2026-01-26T12:31:15Z
260,database separate machine,database separate machine,3,1,1,1.916290731874155,1.916290731874155,2026-01-26T12:31:15Z,2026-01-26T12:31:15Z
261,StorageLoc,storageloc,1,3,1,1.916290731874155,5.748872195622465,2026-01-26T12:31:15Z,2026-01-26T12:31:15Z
262,database accounting records,database accounting record,3,1,1,1.916290731874155,1.916290731874155,2026-01-26T12:31:15Z,2026-01-26T12:31:15Z
263,StoragePass,storagepass,1,1,1,1.916290731874155,1.916290731874155,2026-01-26T12:31:15Z,2026-01-26T12:31:15Z
264,job accounting data,job accounting datum,3,2,1,1.916290731874155,3.83258146374831,2026-01-26T12:31:15Z,2026-01-26T12:31:15Z
265,StoragePort,storageport,1,1,1,1.916290731874155,1.916290731874155,2026-01-26T12:31:15Z,2026-01-26T12:31:15Z
266,port database,port database,2,1,1,1.916290731874155,1.916290731874155,2026-01-26T12:31:15Z,2026-01-26T12:31:15Z
267,accounting storage mechanism,accounting storage mechanism,3,1,1,1.916290731874155,1.916290731874155,2026-01-26T12:31:15Z,2026-01-26T12:31:15Z
268,accounting_storage mysql,accounting_storage mysql,2,1,1,1.916290731874155,1.916290731874155,2026-01-26T12:31:15Z,2026-01-26T12:31:15Z
269,MySQL MariaDB database,mysql mariadb database,3,1,1,1.916290731874155,1.916290731874155,2026-01-26T12:31:15Z,2026-01-26T12:31:15Z
270,StorageLoc parameter,storageloc parameter,2,1,1,1.916290731874155,1.916290731874155,2026-01-26T12:31:15Z,2026-01-26T12:31:15Z
271,StorageUser,storageuser,1,2,1,1.916290731874155,3.83258146374831,2026-01-26T12:31:15Z,2026-01-26T12:31:15Z
272,MySQL Configuration,mysql configuration,2,1,1,1.916290731874155,1.916290731874155,2026-01-26T12:31:15Z,2026-01-26T12:31:15Z
273,database tables,database table,2,1,1,1.916290731874155,1.916290731874155,2026-01-26T12:31:15Z,2026-01-26T12:31:15Z
274,ticks,tick,1,1,1,1.916290731874155,1.916290731874155,2026-01-26T12:31:15Z,2026-01-26T12:31:15Z
275,root,root,1,6,2,1.5108256237659907,9.064953742595945,2026-01-26T12:31:15Z,2026-01-26T12:31:15Z
276,info,info,1,1,1,1.916290731874155,1.916290731874155,2026-01-26T12:31:15Z,2026-01-26T12:31:15Z
277,grant line,grant line,2,1,1,1.916290731874155,1.916290731874155,2026-01-26T12:31:15Z,2026-01-26T12:31:15Z
278,Live,live,1,1,1,1.916290731874155,1.916290731874155,2026-01-26T12:31:15Z,2026-01-26T12:31:15Z
279,mysql@snowflake mysql,mysql@snowflake mysql,2,1,1,1.916290731874155,1.916290731874155,2026-01-26T12:31:15Z,2026-01-26T12:31:15Z
280,MySQL monitor,mysql monitor,2,1,1,1.916290731874155,1.916290731874155,2026-01-26T12:31:15Z,2026-01-26T12:31:15Z
281,Commands,command,1,45,2,1.5108256237659907,67.98715306946958,2026-01-26T12:31:15Z,2026-01-26T12:31:15Z
282,MySQL connection d,mysql connection d,3,1,1,1.916290731874155,1.916290731874155,2026-01-26T12:31:15Z,2026-01-26T12:31:15Z
283,Server version,server version,2,1,1,1.916290731874155,1.916290731874155,2026-01-26T12:31:15Z,2026-01-26T12:31:15Z
284,Ubuntu,ubuntu,1,1,1,1.916290731874155,1.916290731874155,2026-01-26T12:31:15Z,2026-01-26T12:31:15Z
285,Type,type,1,2,2,1.5108256237659907,3.0216512475319814,2026-01-26T12:31:15Z,2026-01-26T12:31:15Z
286,Type c,type c,2,1,1,1.916290731874155,1.916290731874155,2026-01-26T12:31:15Z,2026-01-26T12:31:15Z
287,buffer,buffer,1,1,1,1.916290731874155,1.916290731874155,2026-01-26T12:31:15Z,2026-01-26T12:31:15Z
288,user slurm'@'localhost,user slurm'@'localhost,2,1,1,1.916290731874155,1.916290731874155,2026-01-26T12:31:15Z,2026-01-26T12:31:15Z
289,slurm_acct_db,slurm_acct_db,1,4,1,1.916290731874155,7.66516292749662,2026-01-26T12:31:15Z,2026-01-26T12:31:15Z
290,system order mysql,system order mysql,3,1,1,1.916290731874155,1.916290731874155,2026-01-26T12:31:15Z,2026-01-26T12:31:15Z
291,slurm'@'system,slurm'@'system,1,2,1,1.916290731874155,3.83258146374831,2026-01-26T12:31:15Z,2026-01-26T12:31:15Z
292,some_pass grant option,some_pass grant option,3,2,1,1.916290731874155,3.83258146374831,2026-01-26T12:31:15Z,2026-01-26T12:31:15Z
293,true case system,true case system,3,1,1,1.916290731874155,1.916290731874155,2026-01-26T12:31:15Z,2026-01-26T12:31:15Z
294,InnoDB support,innodb support,2,1,1,1.916290731874155,1.916290731874155,2026-01-26T12:31:15Z,2026-01-26T12:31:15Z
295,ENGINES,engine,1,1,1,1.916290731874155,1.916290731874155,2026-01-26T12:31:15Z,2026-01-26T12:31:15Z
296,Support,support,1,3,2,1.5108256237659907,4.532476871297972,2026-01-26T12:31:15Z,2026-01-26T12:31:15Z
297,Comment,comment,1,15,2,1.5108256237659907,22.66238435648986,2026-01-26T12:31:15Z,2026-01-26T12:31:15Z
298,Transactions,transaction,1,1,1,1.916290731874155,1.916290731874155,2026-01-26T12:31:15Z,2026-01-26T12:31:15Z
299,Savepoints,savepoint,1,1,1,1.916290731874155,1.916290731874155,2026-01-26T12:31:15Z,2026-01-26T12:31:15Z
300,database slurm_acct_db,database slurm_acct_db,2,1,1,1.916290731874155,1.916290731874155,2026-01-26T12:31:15Z,2026-01-26T12:31:15Z
301,access,access,1,1,1,1.916290731874155,1.916290731874155,2026-01-26T12:31:15Z,2026-01-26T12:31:15Z
302,permission user,permission user,2,1,1,1.916290731874155,1.916290731874155,2026-01-26T12:31:15Z,2026-01-26T12:31:15Z
303,SlurmDBD Slurm daemons,slurmdbd slurm daemon,3,1,1,1.916290731874155,1.916290731874155,2026-01-26T12:31:15Z,2026-01-26T12:31:15Z
304,sbin slurmdbd,sbin slurmdbd,2,1,1,1.916290731874155,1.916290731874155,2026-01-26T12:31:15Z,2026-01-26T12:31:15Z
305,init.d slurmdbd start,init.d slurmdbd start,3,1,1,1.916290731874155,1.916290731874155,2026-01-26T12:31:15Z,2026-01-26T12:31:15Z
306,ps aux,ps aux,2,1,1,1.916290731874155,1.916290731874155,2026-01-26T12:31:15Z,2026-01-26T12:31:15Z
307,grep slurmdbd,grep slurmdbd,2,1,1,1.916290731874155,1.916290731874155,2026-01-26T12:31:15Z,2026-01-26T12:31:15Z
308,SlurmDBD detailed information,slurmdbd detailed information,3,1,1,1.916290731874155,1.916290731874155,2026-01-26T12:31:15Z,2026-01-26T12:31:15Z
309,log,log,1,1,1,1.916290731874155,1.916290731874155,2026-01-26T12:31:15Z,2026-01-26T12:31:15Z
310,SlurmDBD Archive Purge,slurmdbd archive purge,3,1,1,1.916290731874155,1.916290731874155,2026-01-26T12:31:15Z,2026-01-26T12:31:15Z
311,slurm database,slurm database,2,2,1,1.916290731874155,3.83258146374831,2026-01-26T12:31:15Z,2026-01-26T12:31:15Z
312,age Purged data,age purged datum,3,1,1,1.916290731874155,1.916290731874155,2026-01-26T12:31:15Z,2026-01-26T12:31:15Z
313,flat files,flat file,2,1,1,1.916290731874155,1.916290731874155,2026-01-26T12:31:15Z,2026-01-26T12:31:15Z
314,slurmdbd sacctmgr,slurmdbd sacctmgr,2,1,1,1.916290731874155,1.916290731874155,2026-01-26T12:31:15Z,2026-01-26T12:31:15Z
315,plan data retention,plan datum retention,3,1,1,1.916290731874155,1.916290731874155,2026-01-26T12:31:15Z,2026-01-26T12:31:15Z
316,accounting purging,accounting purging,2,1,1,1.916290731874155,1.916290731874155,2026-01-26T12:31:15Z,2026-01-26T12:31:15Z
317,unwieldy size,unwieldy size,2,1,1,1.916290731874155,1.916290731874155,2026-01-26T12:31:15Z,2026-01-26T12:31:15Z
318,purge interval,purge interval,2,1,1,1.916290731874155,1.916290731874155,2026-01-26T12:31:15Z,2026-01-26T12:31:15Z
319,relevant configuration options,relevant configuration option,3,1,1,1.916290731874155,1.916290731874155,2026-01-26T12:31:15Z,2026-01-26T12:31:15Z
320,Archive Purge options,archive purge option,3,1,1,1.916290731874155,1.916290731874155,2026-01-26T12:31:15Z,2026-01-26T12:31:15Z
321,form Archive,form archive,2,1,1,1.916290731874155,1.916290731874155,2026-01-26T12:31:15Z,2026-01-26T12:31:15Z
322,Archive Server,archive server,2,1,1,1.916290731874155,1.916290731874155,2026-01-26T12:31:15Z,2026-01-26T12:31:15Z
323,ongoing access,ongoing access,2,1,1,1.916290731874155,1.916290731874155,2026-01-26T12:31:15Z,2026-01-26T12:31:15Z
324,production database,production database,2,1,1,1.916290731874155,1.916290731874155,2026-01-26T12:31:15Z,2026-01-26T12:31:15Z
325,production server,production server,2,1,1,1.916290731874155,1.916290731874155,2026-01-26T12:31:15Z,2026-01-26T12:31:15Z
326,archive slurmdbd,archive slurmdbd,2,1,1,1.916290731874155,1.916290731874155,2026-01-26T12:31:15Z,2026-01-26T12:31:15Z
327,mysqldump,mysqldump,1,4,1,1.916290731874155,7.66516292749662,2026-01-26T12:31:15Z,2026-01-26T12:31:15Z
328,db_name,db_name,1,2,1,1.916290731874155,3.83258146374831,2026-01-26T12:31:15Z,2026-01-26T12:31:15Z
329,-u,-u,1,2,2,1.5108256237659907,3.0216512475319814,2026-01-26T12:31:15Z,2026-01-26T12:31:15Z
330,-p,-p,1,1,1,1.916290731874155,1.916290731874155,2026-01-26T12:31:15Z,2026-01-26T12:31:15Z
331,information tables,information table,2,1,1,1.916290731874155,1.916290731874155,2026-01-26T12:31:15Z,2026-01-26T12:31:15Z
332,Archive Purge process,archive purge process,3,1,1,1.916290731874155,1.916290731874155,2026-01-26T12:31:15Z,2026-01-26T12:31:15Z
333,slight difference,slight difference,2,1,1,1.916290731874155,1.916290731874155,2026-01-26T12:31:15Z,2026-01-26T12:31:15Z
334,archive files,archive file,2,1,1,1.916290731874155,1.916290731874155,2026-01-26T12:31:15Z,2026-01-26T12:31:15Z
335,gap records,gap record,2,1,1,1.916290731874155,1.916290731874155,2026-01-26T12:31:15Z,2026-01-26T12:31:15Z
336,Tools,tool,1,2,1,1.916290731874155,3.83258146374831,2026-01-26T12:31:15Z,2026-01-26T12:31:15Z
337,data SlurmDBD daemon,datum slurmdbd daemon,3,1,1,1.916290731874155,1.916290731874155,2026-01-26T12:31:15Z,2026-01-26T12:31:15Z
338,entities database,entity database,2,1,1,1.916290731874155,1.916290731874155,2026-01-26T12:31:15Z,2026-01-26T12:31:15Z
339,reports usage,report usage,2,1,1,1.916290731874155,1.916290731874155,2026-01-26T12:31:15Z,2026-01-26T12:31:15Z
340,time period,time period,2,1,1,1.916290731874155,1.916290731874155,2026-01-26T12:31:15Z,2026-01-26T12:31:15Z
341,ability,ability,1,1,1,1.916290731874155,1.916290731874155,2026-01-26T12:31:15Z,2026-01-26T12:31:15Z
342,information sites,information site,2,1,1,1.916290731874155,1.916290731874155,2026-01-26T12:31:15Z,2026-01-26T12:31:15Z
343,additional control information,additional control information,3,1,1,1.916290731874155,1.916290731874155,2026-01-26T12:31:15Z,2026-01-26T12:31:15Z
344,party tools,party tool,2,1,1,1.916290731874155,1.916290731874155,2026-01-26T12:31:15Z,2026-01-26T12:31:15Z
345,Grafana,grafana,1,1,1,1.916290731874155,1.916290731874155,2026-01-26T12:31:15Z,2026-01-26T12:31:15Z
346,Prometheus,prometheu,1,2,1,1.916290731874155,3.83258146374831,2026-01-26T12:31:15Z,2026-01-26T12:31:15Z
347,exporter tool,exporter tool,2,1,1,1.916290731874155,1.916290731874155,2026-01-26T12:31:15Z,2026-01-26T12:31:15Z
348,performance metrics Slurm,performance metric slurm,3,1,1,1.916290731874155,1.916290731874155,2026-01-26T12:31:15Z,2026-01-26T12:31:15Z
349,Database Configuration,database configuration,2,1,1,1.916290731874155,1.916290731874155,2026-01-26T12:31:15Z,2026-01-26T12:31:15Z
350,sacctmgr command,sacctmgr command,2,1,1,1.916290731874155,1.916290731874155,2026-01-26T12:31:15Z,2026-01-26T12:31:15Z
351,order,order,1,1,1,1.916290731874155,1.916290731874155,2026-01-26T12:31:15Z,2026-01-26T12:31:15Z
352,accounting associations,accounting association,2,1,1,1.916290731874155,1.916290731874155,2026-01-26T12:31:15Z,2026-01-26T12:31:15Z
353,accounts,account,1,7,1,1.916290731874155,13.414035123119085,2026-01-26T12:31:15Z,2026-01-26T12:31:15Z
354,snowflake database,snowflake database,2,1,1,1.916290731874155,1.916290731874155,2026-01-26T12:31:15Z,2026-01-26T12:31:15Z
355,line NOTE,line note,2,1,1,1.916290731874155,1.916290731874155,2026-01-26T12:31:15Z,2026-01-26T12:31:15Z
356,cluster database start,cluster database start,3,1,1,1.916290731874155,1.916290731874155,2026-01-26T12:31:15Z,2026-01-26T12:31:15Z
357,addition,addition,1,1,1,1.916290731874155,1.916290731874155,2026-01-26T12:31:15Z,2026-01-26T12:31:15Z
358,Add,add,1,1,1,1.916290731874155,1.916290731874155,2026-01-26T12:31:15Z,2026-01-26T12:31:15Z
359,test,test,1,3,1,1.916290731874155,5.748872195622465,2026-01-26T12:31:15Z,2026-01-26T12:31:15Z
360,sacctmgr,sacctmgr,1,4,1,1.916290731874155,7.66516292749662,2026-01-26T12:31:15Z,2026-01-26T12:31:15Z
361,account test Cluster,account test cluster,3,1,1,1.916290731874155,1.916290731874155,2026-01-26T12:31:15Z,2026-01-26T12:31:15Z
362,snowflake,snowflake,1,1,1,1.916290731874155,1.916290731874155,2026-01-26T12:31:15Z,2026-01-26T12:31:15Z
363,cluster option,cluster option,2,2,1,1.916290731874155,3.83258146374831,2026-01-26T12:31:15Z,2026-01-26T12:31:15Z
364,multiple accounts,multiple account,2,1,1,1.916290731874155,1.916290731874155,2026-01-26T12:31:15Z,2026-01-26T12:31:15Z
365,time comma,time comma,2,1,1,1.916290731874155,1.916290731874155,2026-01-26T12:31:15Z,2026-01-26T12:31:15Z
366,description account organization,description account organization,3,1,1,1.916290731874155,1.916290731874155,2026-01-26T12:31:15Z,2026-01-26T12:31:15Z
367,terms,term,1,1,1,1.916290731874155,1.916290731874155,2026-01-26T12:31:15Z,2026-01-26T12:31:15Z
368,accounting reports,accounting report,2,1,1,1.916290731874155,1.916290731874155,2026-01-26T12:31:15Z,2026-01-26T12:31:15Z
369,hierarchical fashion,hierarchical fashion,2,1,1,1.916290731874155,1.916290731874155,2026-01-26T12:31:15Z,2026-01-26T12:31:15Z
370,hierarchy arbitrary depth,hierarchy arbitrary depth,3,1,1,1.916290731874155,1.916290731874155,2026-01-26T12:31:15Z,2026-01-26T12:31:15Z
371,hierarchy,hierarchy,1,1,1,1.916290731874155,1.916290731874155,2026-01-26T12:31:15Z,2026-01-26T12:31:15Z
372,execute,execute,1,1,1,1.916290731874155,1.916290731874155,2026-01-26T12:31:15Z,2026-01-26T12:31:15Z
373,account science,account science,2,1,1,1.916290731874155,1.916290731874155,2026-01-26T12:31:15Z,2026-01-26T12:31:15Z
374,accounts Organization,account organization,2,1,1,1.916290731874155,1.916290731874155,2026-01-26T12:31:15Z,2026-01-26T12:31:15Z
375,science,science,1,1,1,1.916290731874155,1.916290731874155,2026-01-26T12:31:15Z,2026-01-26T12:31:15Z
376,user da,user da,2,1,1,1.916290731874155,1.916290731874155,2026-01-26T12:31:15Z,2026-01-26T12:31:15Z
377,user brian Account,user brian account,3,2,1,1.916290731874155,3.83258146374831,2026-01-26T12:31:15Z,2026-01-26T12:31:15Z
378,physics,physic,1,2,1,1.916290731874155,3.83258146374831,2026-01-26T12:31:15Z,2026-01-26T12:31:15Z
379,account test accounts,account test account,3,1,1,1.916290731874155,1.916290731874155,2026-01-26T12:31:15Z,2026-01-26T12:31:15Z
380,future attempt,future attempt,2,1,1,1.916290731874155,1.916290731874155,2026-01-26T12:31:15Z,2026-01-26T12:31:15Z
381,Account test default,account test default,3,1,1,1.916290731874155,1.916290731874155,2026-01-26T12:31:15Z,2026-01-26T12:31:15Z
382,job submission command,job submission command,3,2,2,1.5108256237659907,3.0216512475319814,2026-01-26T12:31:15Z,2026-01-26T12:31:15Z
383,specific partitions,specific partition,2,1,1,1.916290731874155,1.916290731874155,2026-01-26T12:31:15Z,2026-01-26T12:31:15Z
384,Account Options,account option,2,1,1,1.916290731874155,1.916290731874155,2026-01-26T12:31:15Z,2026-01-26T12:31:15Z
385,account clusters,account cluster,2,1,1,1.916290731874155,1.916290731874155,2026-01-26T12:31:15Z,2026-01-26T12:31:15Z
386,clusters default,cluster default,2,1,1,1.916290731874155,1.916290731874155,2026-01-26T12:31:15Z,2026-01-26T12:31:15Z
387,Organization,organization,1,1,1,1.916290731874155,1.916290731874155,2026-01-26T12:31:15Z,2026-01-26T12:31:15Z
388,User Options,user option,2,1,1,1.916290731874155,1.916290731874155,2026-01-26T12:31:15Z,2026-01-26T12:31:15Z
389,field,field,1,2,2,1.5108256237659907,3.0216512475319814,2026-01-26T12:31:15Z,2026-01-26T12:31:15Z
390,accounting privileges user,accounting privilege user,3,1,1,1.916290731874155,1.916290731874155,2026-01-26T12:31:15Z,2026-01-26T12:31:15Z
391,Valid options,valid option,2,1,1,1.916290731874155,1.916290731874155,2026-01-26T12:31:15Z,2026-01-26T12:31:15Z
392,Operator,operator,1,1,1,1.916290731874155,1.916290731874155,2026-01-26T12:31:15Z,2026-01-26T12:31:15Z
393,slurmctld users,slurmctld user,2,1,1,1.916290731874155,1.916290731874155,2026-01-26T12:31:15Z,2026-01-26T12:31:15Z
394,creation,creation,1,1,1,1.916290731874155,1.916290731874155,2026-01-26T12:31:15Z,2026-01-26T12:31:15Z
395,NewName,newname,1,1,1,1.916290731874155,1.916290731874155,2026-01-26T12:31:15Z,2026-01-26T12:31:15Z
396,user accounting database,user accounting database,3,1,1,1.916290731874155,1.916290731874155,2026-01-26T12:31:15Z,2026-01-26T12:31:15Z
397,Limit Enforcement,limit enforcement,2,1,1,1.916290731874155,1.916290731874155,2026-01-26T12:31:15Z,2026-01-26T12:31:15Z
398,limits limit enforcement,limit limit enforcement,3,1,1,1.916290731874155,1.916290731874155,2026-01-26T12:31:15Z,2026-01-26T12:31:15Z
399,options AccountingStorageEnforce explanation,option accountingstorageenforce explanation,3,1,1,1.916290731874155,1.916290731874155,2026-01-26T12:31:15Z,2026-01-26T12:31:15Z
400,Resource Limits document,resource limit document,3,1,1,1.916290731874155,1.916290731874155,2026-01-26T12:31:15Z,2026-01-26T12:31:15Z
401,Modifying Entities,modifying entitie,2,1,1,1.916290731874155,1.916290731874155,2026-01-26T12:31:15Z,2026-01-26T12:31:15Z
402,entities,entity,1,4,1,1.916290731874155,7.66516292749662,2026-01-26T12:31:15Z,2026-01-26T12:31:15Z
403,change,change,1,2,2,1.5108256237659907,3.0216512475319814,2026-01-26T12:31:15Z,2026-01-26T12:31:15Z
404,Slurm daemons,slurm daemon,2,1,1,1.916290731874155,1.916290731874155,2026-01-26T12:31:15Z,2026-01-26T12:31:15Z
405,Entities,entitie,1,1,1,1.916290731874155,1.916290731874155,2026-01-26T12:31:15Z,2026-01-26T12:31:15Z
406,user default,user default,2,1,1,1.916290731874155,1.916290731874155,2026-01-26T12:31:15Z,2026-01-26T12:31:15Z
407,cases removed entities,case removed entity,3,1,1,1.916290731874155,1.916290731874155,2026-01-26T12:31:15Z,2026-01-26T12:31:15Z
408,day entity,day entity,2,1,1,1.916290731874155,1.916290731874155,2026-01-26T12:31:15Z,2026-01-26T12:31:15Z
409,typographical errors,typographical error,2,1,1,1.916290731874155,1.916290731874155,2026-01-26T12:31:15Z,2026-01-26T12:31:15Z
410,user associations accounts,user association account,3,1,1,1.916290731874155,1.916290731874155,2026-01-26T12:31:15Z,2026-01-26T12:31:15Z
411,Accounting Interpretation,accounting interpretation,2,1,1,1.916290731874155,1.916290731874155,2026-01-26T12:31:15Z,2026-01-26T12:31:15Z
412,Slurm accounting,slurm accounting,2,2,2,1.5108256237659907,3.0216512475319814,2026-01-26T12:31:15Z,2026-01-26T12:31:15Z
413,parallel computing,parallel computing,2,1,1,1.916290731874155,1.916290731874155,2026-01-26T12:31:15Z,2026-01-26T12:31:15Z
414,reason,reason,1,2,2,1.5108256237659907,3.0216512475319814,2026-01-26T12:31:15Z,2026-01-26T12:31:15Z
415,statistics task level,statistic task level,3,1,1,1.916290731874155,1.916290731874155,2026-01-26T12:31:15Z,2026-01-26T12:31:15Z
416,step job,step job,2,1,1,1.916290731874155,1.916290731874155,2026-01-26T12:31:15Z,2026-01-26T12:31:15Z
417,step parallel tasks,step parallel task,3,1,1,1.916290731874155,1.916290731874155,2026-01-26T12:31:15Z,2026-01-26T12:31:15Z
418,srun -n,srun -n,2,1,1,1.916290731874155,1.916290731874155,2026-01-26T12:31:15Z,2026-01-26T12:31:15Z
419,JobAcctGather plugin,jobacctgather plugin,2,1,1,1.916290731874155,1.916290731874155,2026-01-26T12:31:15Z,2026-01-26T12:31:15Z
420,cpu memory energy,cpu memory energy,3,1,1,1.916290731874155,1.916290731874155,2026-01-26T12:31:15Z,2026-01-26T12:31:15Z
421,interval JobAcctGatherFrequency,interval jobacctgatherfrequency,2,1,1,1.916290731874155,1.916290731874155,2026-01-26T12:31:15Z,2026-01-26T12:31:15Z
422,poll data,poll datum,2,1,1,1.916290731874155,1.916290731874155,2026-01-26T12:31:15Z,2026-01-26T12:31:15Z
423,start end step,start end step,3,1,1,1.916290731874155,1.916290731874155,2026-01-26T12:31:15Z,2026-01-26T12:31:15Z
424,nature metric,nature metric,2,1,1,1.916290731874155,1.916290731874155,2026-01-26T12:31:15Z,2026-01-26T12:31:15Z
425,standalone,standalone,1,1,1,1.916290731874155,1.916290731874155,2026-01-26T12:31:15Z,2026-01-26T12:31:15Z
426,data structure,data structure,2,1,1,1.916290731874155,1.916290731874155,2026-01-26T12:31:15Z,2026-01-26T12:31:15Z
427,TresUsageInTot field,tresusageintot field,2,1,1,1.916290731874155,1.916290731874155,2026-01-26T12:31:15Z,2026-01-26T12:31:15Z
428,tasks,task,1,49,4,1.0,49.0,2026-01-26T12:31:15Z,2026-01-26T12:31:15Z
429,GB memory TresUsageInTot,gb memory tresusageintot,3,1,1,1.916290731874155,1.916290731874155,2026-01-26T12:31:15Z,2026-01-26T12:31:15Z
430,TresUsageInMax,tresusageinmax,1,1,1,1.916290731874155,1.916290731874155,2026-01-26T12:31:15Z,2026-01-26T12:31:15Z
431,maximum memory peak,maximum memory peak,3,1,1,1.916290731874155,1.916290731874155,2026-01-26T12:31:15Z,2026-01-26T12:31:15Z
432,task step,task step,2,1,1,1.916290731874155,1.916290731874155,2026-01-26T12:31:15Z,2026-01-26T12:31:15Z
433,considerations,consideration,1,1,1,1.916290731874155,1.916290731874155,2026-01-26T12:31:15Z,2026-01-26T12:31:15Z
434,account cases,account case,2,1,1,1.916290731874155,1.916290731874155,2026-01-26T12:31:15Z,2026-01-26T12:31:15Z
435,energy consumption,energy consumption,2,1,1,1.916290731874155,1.916290731874155,2026-01-26T12:31:15Z,2026-01-26T12:31:15Z
436,processes node,process node,2,1,1,1.916290731874155,1.916290731874155,2026-01-26T12:31:15Z,2026-01-26T12:31:15Z
437,job data,job datum,2,1,1,1.916290731874155,1.916290731874155,2026-01-26T12:31:15Z,2026-01-26T12:31:15Z
438,case memory TresUsageInTot,case memory tresusageintot,3,1,1,1.916290731874155,1.916290731874155,2026-01-26T12:31:15Z,2026-01-26T12:31:15Z
439,memory indication issue,memory indication issue,3,1,1,1.916290731874155,1.916290731874155,2026-01-26T12:31:15Z,2026-01-26T12:31:15Z
440,time equal MaxRSS,time equal maxrss,3,1,1,1.916290731874155,1.916290731874155,2026-01-26T12:31:15Z,2026-01-26T12:31:15Z
441,step memory peak,step memory peak,3,1,1,1.916290731874155,1.916290731874155,2026-01-26T12:31:15Z,2026-01-26T12:31:15Z
442,Profiling,profiling,1,1,1,1.916290731874155,1.916290731874155,2026-01-26T12:31:15Z,2026-01-26T12:31:15Z
443,HDF5 InfluxDB,hdf5 influxdb,2,1,1,1.916290731874155,1.916290731874155,2026-01-26T12:31:15Z,2026-01-26T12:31:15Z
444,LSF cluster overview,lsf cluster overview,3,2,1,1.916290731874155,3.83258146374831,2026-01-26T12:31:15Z,2026-01-26T12:31:15Z
445,LSF,lsf,1,55,2,1.5108256237659907,83.09540930712949,2026-01-26T12:31:15Z,2026-01-26T12:31:15Z
446,LSF status,lsf statu,2,4,1,1.916290731874155,7.66516292749662,2026-01-26T12:31:15Z,2026-01-26T12:31:15Z
447,LSF jobs,lsf job,2,5,1,1.916290731874155,9.581453659370776,2026-01-26T12:31:15Z,2026-01-26T12:31:15Z
448,LSF problems,lsf problem,2,6,1,1.916290731874155,11.49774439124493,2026-01-26T12:31:15Z,2026-01-26T12:31:15Z
449,common LSF problems,common lsf problem,3,5,1,1.916290731874155,9.581453659370776,2026-01-26T12:31:15Z,2026-01-26T12:31:15Z
450,LSF error messages,lsf error message,3,4,1,1.916290731874155,7.66516292749662,2026-01-26T12:31:15Z,2026-01-26T12:31:15Z
451,solution problem,solution problem,2,2,1,1.916290731874155,3.83258146374831,2026-01-26T12:31:15Z,2026-01-26T12:31:15Z
452,IBM,ibm,1,1,1,1.916290731874155,1.916290731874155,2026-01-26T12:31:15Z,2026-01-26T12:31:15Z
453,LSF terms concepts,lsf term concept,3,2,1,1.916290731874155,3.83258146374831,2026-01-26T12:31:15Z,2026-01-26T12:31:15Z
454,Cluster characteristics,cluster characteristic,2,2,1,1.916290731874155,3.83258146374831,2026-01-26T12:31:15Z,2026-01-26T12:31:15Z
455,networks hosts,network host,2,2,1,1.916290731874155,3.83258146374831,2026-01-26T12:31:15Z,2026-01-26T12:31:15Z
456,LSF configuration,lsf configuration,2,4,1,1.916290731874155,7.66516292749662,2026-01-26T12:31:15Z,2026-01-26T12:31:15Z
457,behavior cluster,behavior cluster,2,2,1,1.916290731874155,3.83258146374831,2026-01-26T12:31:15Z,2026-01-26T12:31:15Z
458,PEND,pend,1,2,1,1.916290731874155,3.83258146374831,2026-01-26T12:31:15Z,2026-01-26T12:31:15Z
459,queue scheduling dispatch,queue scheduling dispatch,3,1,1,1.916290731874155,1.916290731874155,2026-01-26T12:31:15Z,2026-01-26T12:31:15Z
460,RUN,run,1,2,1,1.916290731874155,3.83258146374831,2026-01-26T12:31:15Z,2026-01-26T12:31:15Z
461,host running,host running,2,1,1,1.916290731874155,1.916290731874155,2026-01-26T12:31:15Z,2026-01-26T12:31:15Z
462,exit,exit,1,2,1,1.916290731874155,3.83258146374831,2026-01-26T12:31:15Z,2026-01-26T12:31:15Z
463,nonzero exit,nonzero exit,2,1,1,1.916290731874155,1.916290731874155,2026-01-26T12:31:15Z,2026-01-26T12:31:15Z
464,PSUSP,psusp,1,1,1,1.916290731874155,1.916290731874155,2026-01-26T12:31:15Z,2026-01-26T12:31:15Z
465,USUSP,ususp,1,1,1,1.916290731874155,1.916290731874155,2026-01-26T12:31:15Z,2026-01-26T12:31:15Z
466,SSUSP,ssusp,1,1,1,1.916290731874155,1.916290731874155,2026-01-26T12:31:15Z,2026-01-26T12:31:15Z
467,LSF system,lsf system,2,3,1,1.916290731874155,5.748872195622465,2026-01-26T12:31:15Z,2026-01-26T12:31:15Z
468,Post processing,post processing,2,2,1,1.916290731874155,3.83258146374831,2026-01-26T12:31:15Z,2026-01-26T12:31:15Z
469,errors,error,1,28,1,1.916290731874155,53.65614049247634,2026-01-26T12:31:15Z,2026-01-26T12:31:15Z
470,mbatchd daemon,mbatchd daemon,2,7,1,1.916290731874155,13.414035123119085,2026-01-26T12:31:15Z,2026-01-26T12:31:15Z
471,chunk job queue,chunk job queue,3,1,1,1.916290731874155,1.916290731874155,2026-01-26T12:31:15Z,2026-01-26T12:31:15Z
472,members chunk job,member chunk job,3,1,1,1.916290731874155,1.916290731874155,2026-01-26T12:31:15Z,2026-01-26T12:31:15Z
473,job ZOMBI state,job zombi state,3,1,1,1.916290731874155,1.916290731874155,2026-01-26T12:31:15Z,2026-01-26T12:31:15Z
474,job UNKWN status,job unkwn statu,3,1,1,1.916290731874155,1.916290731874155,2026-01-26T12:31:15Z,2026-01-26T12:31:15Z
475,kill signal LSF,kill signal lsf,3,1,1,1.916290731874155,1.916290731874155,2026-01-26T12:31:15Z,2026-01-26T12:31:15Z
476,instance,instance,1,1,1,1.916290731874155,1.916290731874155,2026-01-26T12:31:15Z,2026-01-26T12:31:15Z
477,bkill command,bkill command,2,2,1,1.916290731874155,3.83258146374831,2026-01-26T12:31:15Z,2026-01-26T12:31:15Z
478,UNKWN job,unkwn job,2,1,1,1.916290731874155,1.916290731874155,2026-01-26T12:31:15Z,2026-01-26T12:31:15Z
479,REMOVE_HUNG_JOBS_FOR parameter,remove_hung_jobs_for parameter,2,1,1,1.916290731874155,1.916290731874155,2026-01-26T12:31:15Z,2026-01-26T12:31:15Z
480,lsb.params file,lsb.param file,2,1,1,1.916290731874155,1.916290731874155,2026-01-26T12:31:15Z,2026-01-26T12:31:15Z
481,REMOVE_HUNG_JOBS_FOR,remove_hung_jobs_for,1,1,1,1.916290731874155,1.916290731874155,2026-01-26T12:31:15Z,2026-01-26T12:31:15Z
482,job LSF,job lsf,2,4,1,1.916290731874155,7.66516292749662,2026-01-26T12:31:15Z,2026-01-26T12:31:15Z
483,bkill,bkill,1,1,1,1.916290731874155,1.916290731874155,2026-01-26T12:31:15Z,2026-01-26T12:31:15Z
484,-r,-r,1,2,1,1.916290731874155,3.83258146374831,2026-01-26T12:31:15Z,2026-01-26T12:31:15Z
485,status ZOMBI state,statu zombi state,3,1,1,1.916290731874155,1.916290731874155,2026-01-26T12:31:15Z,2026-01-26T12:31:15Z
486,job processes,job process,2,1,1,1.916290731874155,1.916290731874155,2026-01-26T12:31:15Z,2026-01-26T12:31:15Z
487,typical cases,typical case,2,1,1,1.916290731874155,1.916290731874155,2026-01-26T12:31:15Z,2026-01-26T12:31:15Z
488,procedure,procedure,1,30,2,1.5108256237659907,45.32476871297972,2026-01-26T12:31:15Z,2026-01-26T12:31:15Z
489,Host,host,1,49,1,1.916290731874155,93.8982458618336,2026-01-26T12:31:15Z,2026-01-26T12:31:15Z
490,host processor,host processor,2,1,1,1.916290731874155,1.916290731874155,2026-01-26T12:31:15Z,2026-01-26T12:31:15Z
491,Multiprocessor hosts,multiprocessor host,2,1,1,1.916290731874155,1.916290731874155,2026-01-26T12:31:15Z,2026-01-26T12:31:15Z
492,parallel jobs,parallel job,2,1,1,1.916290731874155,1.916290731874155,2026-01-26T12:31:15Z,2026-01-26T12:31:15Z
493,group separate machines,group separate machine,3,1,1,1.916290731874155,1.916290731874155,2026-01-26T12:31:15Z,2026-01-26T12:31:15Z
494,cluster queue,cluster queue,2,1,1,1.916290731874155,1.916290731874155,2026-01-26T12:31:15Z,2026-01-26T12:31:15Z
495,job command,job command,2,1,1,1.916290731874155,1.916290731874155,2026-01-26T12:31:15Z,2026-01-26T12:31:15Z
496,LSF schedules controls,lsf schedule control,3,1,1,1.916290731874155,1.916290731874155,2026-01-26T12:31:15Z,2026-01-26T12:31:15Z
497,compute power,compute power,2,1,1,1.916290731874155,1.916290731874155,2026-01-26T12:31:15Z,2026-01-26T12:31:15Z
498,Job files,job file,2,2,1,1.916290731874155,3.83258146374831,2026-01-26T12:31:15Z,2026-01-26T12:31:15Z
499,queue LSF,queue lsf,2,1,1,1.916290731874155,1.916290731874155,2026-01-26T12:31:15Z,2026-01-26T12:31:15Z
500,execution time,execution time,2,2,1,1.916290731874155,3.83258146374831,2026-01-26T12:31:15Z,2026-01-26T12:31:15Z
501,Interactive batch job,interactive batch job,3,1,1,1.916290731874155,1.916290731874155,2026-01-26T12:31:15Z,2026-01-26T12:31:15Z
502,tolerance,tolerance,1,1,1,1.916290731874155,1.916290731874155,2026-01-26T12:31:15Z,2026-01-26T12:31:15Z
503,input output terminal,input output terminal,3,1,1,1.916290731874155,1.916290731874155,2026-01-26T12:31:15Z,2026-01-26T12:31:15Z
504,interactive job message,interactive job message,3,1,1,1.916290731874155,1.916290731874155,2026-01-26T12:31:15Z,2026-01-26T12:31:15Z
505,scheduling,scheduling,1,1,1,1.916290731874155,1.916290731874155,2026-01-26T12:31:15Z,2026-01-26T12:31:15Z
506,Interactive task,interactive task,2,1,1,1.916290731874155,1.916290731874155,2026-01-26T12:31:15Z,2026-01-26T12:31:15Z
507,interactive task command,interactive task command,3,1,1,1.916290731874155,1.916290731874155,2026-01-26T12:31:15Z,2026-01-26T12:31:15Z
508,batch queue,batch queue,2,1,1,1.916290731874155,1.916290731874155,2026-01-26T12:31:15Z,2026-01-26T12:31:15Z
509,resources,resource,1,30,2,1.5108256237659907,45.32476871297972,2026-01-26T12:31:15Z,2026-01-26T12:31:15Z
510,processes,process,1,2,1,1.916290731874155,3.83258146374831,2026-01-26T12:31:15Z,2026-01-26T12:31:15Z
511,load,load,1,3,1,1.916290731874155,5.748872195622465,2026-01-26T12:31:15Z,2026-01-26T12:31:15Z
512,Local task,local task,2,1,1,1.916290731874155,1.916290731874155,2026-01-26T12:31:15Z,2026-01-26T12:31:15Z
513,ls command UNIX,ls command unix,3,1,1,1.916290731874155,1.916290731874155,2026-01-26T12:31:15Z,2026-01-26T12:31:15Z
514,Remote task,remote task,2,1,1,1.916290731874155,1.916290731874155,2026-01-26T12:31:15Z,2026-01-26T12:31:15Z
515,machine cluster,machine cluster,2,1,1,1.916290731874155,1.916290731874155,2026-01-26T12:31:15Z,2026-01-26T12:31:15Z
516,Hosts LSF,host lsf,2,4,1,1.916290731874155,7.66516292749662,2026-01-26T12:31:15Z,2026-01-26T12:31:15Z
517,Host type,host type,2,8,1,1.916290731874155,15.33032585499324,2026-01-26T12:31:15Z,2026-01-26T12:31:15Z
518,computers,computer,1,1,1,1.916290731874155,1.916290731874155,2026-01-26T12:31:15Z,2026-01-26T12:31:15Z
519,Host model,host model,2,2,1,1.916290731874155,3.83258146374831,2026-01-26T12:31:15Z,2026-01-26T12:31:15Z
520,load placement,load placement,2,1,1,1.916290731874155,1.916290731874155,2026-01-26T12:31:15Z,2026-01-26T12:31:15Z
521,calculations,calculation,1,2,1,1.916290731874155,3.83258146374831,2026-01-26T12:31:15Z,2026-01-26T12:31:15Z
522,CPU factor,cpu factor,2,3,1,1.916290731874155,5.748872195622465,2026-01-26T12:31:15Z,2026-01-26T12:31:15Z
523,availability,availability,1,1,1,1.916290731874155,1.916290731874155,2026-01-26T12:31:15Z,2026-01-26T12:31:15Z
524,individual hosts,individual host,2,2,1,1.916290731874155,3.83258146374831,2026-01-26T12:31:15Z,2026-01-26T12:31:15Z
525,configured resources,configured resource,2,1,1,1.916290731874155,1.916290731874155,2026-01-26T12:31:15Z,2026-01-26T12:31:15Z
526,resource availability usage,resource availability usage,3,1,1,1.916290731874155,1.916290731874155,2026-01-26T12:31:15Z,2026-01-26T12:31:15Z
527,LSF system resources,lsf system resource,3,1,1,1.916290731874155,1.916290731874155,2026-01-26T12:31:15Z,2026-01-26T12:31:15Z
528,kinds information,kind information,2,1,1,1.916290731874155,1.916290731874155,2026-01-26T12:31:15Z,2026-01-26T12:31:15Z
529,Total CPU time,total cpu time,3,1,1,1.916290731874155,1.916290731874155,2026-01-26T12:31:15Z,2026-01-26T12:31:15Z
530,processes job,process job,2,1,1,1.916290731874155,1.916290731874155,2026-01-26T12:31:15Z,2026-01-26T12:31:15Z
531,active processes job,active process job,3,1,1,1.916290731874155,1.916290731874155,2026-01-26T12:31:15Z,2026-01-26T12:31:15Z
532,PIM,pim,1,1,1,1.916290731874155,1.916290731874155,2026-01-26T12:31:15Z,2026-01-26T12:31:15Z
533,Load indices,load index,2,7,1,1.916290731874155,13.414035123119085,2026-01-26T12:31:15Z,2026-01-26T12:31:15Z
534,LIM,lim,1,36,1,1.916290731874155,68.98646634746959,2026-01-26T12:31:15Z,2026-01-26T12:31:15Z
535,fixed time intervals,fixed time interval,3,1,1,1.916290731874155,1.916290731874155,2026-01-26T12:31:15Z,2026-01-26T12:31:15Z
536,External load,external load,2,1,1,1.916290731874155,1.916290731874155,2026-01-26T12:31:15Z,2026-01-26T12:31:15Z
537,Defined,defined,1,1,1,1.916290731874155,1.916290731874155,2026-01-26T12:31:15Z,2026-01-26T12:31:15Z
538,LSF administrator,lsf administrator,2,6,1,1.916290731874155,11.49774439124493,2026-01-26T12:31:15Z,2026-01-26T12:31:15Z
539,ELIM,elim,1,10,1,1.916290731874155,19.162907318741553,2026-01-26T12:31:15Z,2026-01-26T12:31:15Z
540,Static resources,static resource,2,3,1,1.916290731874155,5.748872195622465,2026-01-26T12:31:15Z,2026-01-26T12:31:15Z
541,host information,host information,2,1,1,1.916290731874155,1.916290731874155,2026-01-26T12:31:15Z,2026-01-26T12:31:15Z
542,number processors machine,number processor machine,3,1,1,1.916290731874155,1.916290731874155,2026-01-26T12:31:15Z,2026-01-26T12:31:15Z
543,LIM startup time,lim startup time,3,1,1,1.916290731874155,1.916290731874155,2026-01-26T12:31:15Z,2026-01-26T12:31:15Z
544,hosts particular jobs,host particular job,3,1,1,1.916290731874155,1.916290731874155,2026-01-26T12:31:15Z,2026-01-26T12:31:15Z
545,types load thresholds,type load threshold,3,1,1,1.916290731874155,1.916290731874155,2026-01-26T12:31:15Z,2026-01-26T12:31:15Z
546,load threshold,load threshold,2,1,1,1.916290731874155,1.916290731874155,2026-01-26T12:31:15Z,2026-01-26T12:31:15Z
547,load condition,load condition,2,1,1,1.916290731874155,1.916290731874155,2026-01-26T12:31:15Z,2026-01-26T12:31:15Z
548,threshold condition,threshold condition,2,1,1,1.916290731874155,1.916290731874155,2026-01-26T12:31:15Z,2026-01-26T12:31:15Z
549,suspended jobs,suspended job,2,1,1,1.916290731874155,1.916290731874155,2026-01-26T12:31:15Z,2026-01-26T12:31:15Z
550,loadStop load threshold,loadstop load threshold,3,1,1,1.916290731874155,1.916290731874155,2026-01-26T12:31:15Z,2026-01-26T12:31:15Z
551,thresholds,threshold,1,2,1,1.916290731874155,3.83258146374831,2026-01-26T12:31:15Z,2026-01-26T12:31:15Z
552,host thresholds,host threshold,2,1,1,1.916290731874155,1.916290731874155,2026-01-26T12:31:15Z,2026-01-26T12:31:15Z
553,queue job,queue job,2,2,1,1.916290731874155,3.83258146374831,2026-01-26T12:31:15Z,2026-01-26T12:31:15Z
554,decrease load,decrease load,2,1,1,1.916290731874155,1.916290731874155,2026-01-26T12:31:15Z,2026-01-26T12:31:15Z
555,resources job,resource job,2,1,1,1.916290731874155,1.916290731874155,2026-01-26T12:31:15Z,2026-01-26T12:31:15Z
556,Hard soft limits,hard soft limit,3,1,1,1.916290731874155,1.916290731874155,2026-01-26T12:31:15Z,2026-01-26T12:31:15Z
557,Resource limits,resource limit,2,1,1,1.916290731874155,1.916290731874155,2026-01-26T12:31:15Z,2026-01-26T12:31:15Z
558,Resource allocation limits,resource allocation limit,3,1,1,1.916290731874155,1.916290731874155,2026-01-26T12:31:15Z,2026-01-26T12:31:15Z
559,resource consumers,resource consumer,2,1,1,1.916290731874155,1.916290731874155,2026-01-26T12:31:15Z,2026-01-26T12:31:15Z
560,Resource requirements,resource requirement,2,2,1,1.916290731874155,3.83258146374831,2026-01-26T12:31:15Z,2026-01-26T12:31:15Z
561,scheduling conditions,scheduling condition,2,1,1,1.916290731874155,1.916290731874155,2026-01-26T12:31:15Z,2026-01-26T12:31:15Z
562,Cluster administrators,cluster administrator,2,2,1,1.916290731874155,3.83258146374831,2026-01-26T12:31:15Z,2026-01-26T12:31:15Z
563,installation options,installation option,2,1,1,1.916290731874155,1.916290731874155,2026-01-26T12:31:15Z,2026-01-26T12:31:15Z
564,install.config file,install.config file,2,2,1,1.916290731874155,3.83258146374831,2026-01-26T12:31:15Z,2026-01-26T12:31:15Z
565,LSF hosts,lsf host,2,2,1,1.916290731874155,3.83258146374831,2026-01-26T12:31:15Z,2026-01-26T12:31:15Z
566,LSF server hosts,lsf server host,3,3,1,1.916290731874155,5.748872195622465,2026-01-26T12:31:15Z,2026-01-26T12:31:15Z
567,LSF_CONFDIR lsf.cluster.cluster_name file,lsf_confdir lsf.cluster.cluster_name file,3,4,1,1.916290731874155,7.66516292749662,2026-01-26T12:31:15Z,2026-01-26T12:31:15Z
568,LSF client hosts,lsf client host,3,2,1,1.916290731874155,3.83258146374831,2026-01-26T12:31:15Z,2026-01-26T12:31:15Z
569,results job runs,result job run,3,1,1,1.916290731874155,1.916290731874155,2026-01-26T12:31:15Z,2026-01-26T12:31:15Z
570,networks file systems,network file system,3,1,1,1.916290731874155,1.916290731874155,2026-01-26T12:31:15Z,2026-01-26T12:31:15Z
571,file systems,file system,2,2,1,1.916290731874155,3.83258146374831,2026-01-26T12:31:15Z,2026-01-26T12:31:15Z
572,UNIX,unix,1,1,1,1.916290731874155,1.916290731874155,2026-01-26T12:31:15Z,2026-01-26T12:31:15Z
573,UNIX systems LSF,unix system lsf,3,1,1,1.916290731874155,1.916290731874155,2026-01-26T12:31:15Z,2026-01-26T12:31:15Z
574,NFS file systems,nfs file system,3,1,1,1.916290731874155,1.916290731874155,2026-01-26T12:31:15Z,2026-01-26T12:31:15Z
575,demand automount command,demand automount command,3,1,1,1.916290731874155,1.916290731874155,2026-01-26T12:31:15Z,2026-01-26T12:31:15Z
576,demand basis parameters,demand basi parameter,3,1,1,1.916290731874155,1.916290731874155,2026-01-26T12:31:15Z,2026-01-26T12:31:15Z
577,integration,integration,1,2,1,1.916290731874155,3.83258146374831,2026-01-26T12:31:15Z,2026-01-26T12:31:15Z
578,demand basis,demand basi,2,1,1,1.916290731874155,1.916290731874155,2026-01-26T12:31:15Z,2026-01-26T12:31:15Z
579,Windows,window,1,1,1,1.916290731874155,1.916290731874155,2026-01-26T12:31:15Z,2026-01-26T12:31:15Z
580,Windows directories,window directory,2,1,1,1.916290731874155,1.916290731874155,2026-01-26T12:31:15Z,2026-01-26T12:31:15Z
581,LSF files,lsf file,2,1,1,1.916290731874155,1.916290731874155,2026-01-26T12:31:15Z,2026-01-26T12:31:15Z
582,shared directories files,shared directory file,3,1,1,1.916290731874155,1.916290731874155,2026-01-26T12:31:15Z,2026-01-26T12:31:15Z
583,LSF networks,lsf network,2,2,1,1.916290731874155,3.83258146374831,2026-01-26T12:31:15Z,2026-01-26T12:31:15Z
584,file space,file space,2,1,1,1.916290731874155,1.916290731874155,2026-01-26T12:31:15Z,2026-01-26T12:31:15Z
585,networks,network,1,1,1,1.916290731874155,1.916290731874155,2026-01-26T12:31:15Z,2026-01-26T12:31:15Z
586,files hosts,file host,2,1,1,1.916290731874155,1.916290731874155,2026-01-26T12:31:15Z,2026-01-26T12:31:15Z
587,fault tolerance,fault tolerance,2,1,1,1.916290731874155,1.916290731874155,2026-01-26T12:31:15Z,2026-01-26T12:31:15Z
588,directory structures,directory structure,2,2,1,1.916290731874155,3.83258146374831,2026-01-26T12:31:15Z,2026-01-26T12:31:15Z
589,products,product,1,2,1,1.916290731874155,3.83258146374831,2026-01-26T12:31:15Z,2026-01-26T12:31:15Z
590,platforms,platform,1,2,1,1.916290731874155,3.83258146374831,2026-01-26T12:31:15Z,2026-01-26T12:31:15Z
591,UNIX Linux,unix linux,2,2,1,1.916290731874155,3.83258146374831,2026-01-26T12:31:15Z,2026-01-26T12:31:15Z
592,figure,figure,1,4,1,1.916290731874155,7.66516292749662,2026-01-26T12:31:15Z,2026-01-26T12:31:15Z
593,important files,important file,2,1,1,1.916290731874155,1.916290731874155,2026-01-26T12:31:15Z,2026-01-26T12:31:15Z
594,LSF_CONFDIR lsf.conf,lsf_confdir lsf.conf,2,2,1,1.916290731874155,3.83258146374831,2026-01-26T12:31:15Z,2026-01-26T12:31:15Z
595,LSF_CONFDIR lsf.cluster.cluster_name,lsf_confdir lsf.cluster.cluster_name,2,1,1,1.916290731874155,1.916290731874155,2026-01-26T12:31:15Z,2026-01-26T12:31:15Z
596,LSF_CONFDIR,lsf_confdir,1,2,1,1.916290731874155,3.83258146374831,2026-01-26T12:31:15Z,2026-01-26T12:31:15Z
597,product installation,product installation,2,1,1,1.916290731874155,1.916290731874155,2026-01-26T12:31:15Z,2026-01-26T12:31:15Z
598,installation,installation,1,1,1,1.916290731874155,1.916290731874155,2026-01-26T12:31:15Z,2026-01-26T12:31:15Z
599,configuration parameters files,configuration parameter file,3,1,1,1.916290731874155,1.916290731874155,2026-01-26T12:31:15Z,2026-01-26T12:31:15Z
600,site,site,1,1,1,1.916290731874155,1.916290731874155,2026-01-26T12:31:15Z,2026-01-26T12:31:15Z
601,root files,root file,2,1,1,1.916290731874155,1.916290731874155,2026-01-26T12:31:15Z,2026-01-26T12:31:15Z
602,cluster users,cluster user,2,1,1,1.916290731874155,1.916290731874155,2026-01-26T12:31:15Z,2026-01-26T12:31:15Z
603,lsf.conf,lsf.conf,1,2,1,1.916290731874155,3.83258146374831,2026-01-26T12:31:15Z,2026-01-26T12:31:15Z
604,important file LSF,important file lsf,3,1,1,1.916290731874155,1.916290731874155,2026-01-26T12:31:15Z,2026-01-26T12:31:15Z
605,location lsf.conf file,location lsf.conf file,3,1,1,1.916290731874155,1.916290731874155,2026-01-26T12:31:15Z,2026-01-26T12:31:15Z
606,LSF_ENVDIR variable,lsf_envdir variable,2,1,1,1.916290731874155,1.916290731874155,2026-01-26T12:31:15Z,2026-01-26T12:31:15Z
607,default LSF,default lsf,2,2,1,1.916290731874155,3.83258146374831,2026-01-26T12:31:15Z,2026-01-26T12:31:15Z
608,directory,directory,1,9,1,1.916290731874155,17.246616586867397,2026-01-26T12:31:15Z,2026-01-26T12:31:15Z
609,lsf.conf file,lsf.conf file,2,6,2,1.5108256237659907,9.064953742595945,2026-01-26T12:31:15Z,2026-01-26T12:31:15Z
610,LSF_ENVDIR LSF,lsf_envdir lsf,2,1,1,1.916290731874155,1.916290731874155,2026-01-26T12:31:15Z,2026-01-26T12:31:15Z
611,lsf.cluster.cluster_name,lsf.cluster.cluster_name,1,1,1,1.916290731874155,1.916290731874155,2026-01-26T12:31:15Z,2026-01-26T12:31:15Z
612,resources cluster,resource cluster,2,2,1,1.916290731874155,3.83258146374831,2026-01-26T12:31:15Z,2026-01-26T12:31:15Z
613,dictionary,dictionary,1,1,1,1.916290731874155,1.916290731874155,2026-01-26T12:31:15Z,2026-01-26T12:31:15Z
614,keywords cluster,keyword cluster,2,1,1,1.916290731874155,1.916290731874155,2026-01-26T12:31:15Z,2026-01-26T12:31:15Z
615,keywords,keyword,1,3,1,1.916290731874155,5.748872195622465,2026-01-26T12:31:15Z,2026-01-26T12:31:15Z
616,resources host types,resource host type,3,1,1,1.916290731874155,1.916290731874155,2026-01-26T12:31:15Z,2026-01-26T12:31:15Z
617,lsb.queues,lsb.queue,1,1,1,1.916290731874155,1.916290731874155,2026-01-26T12:31:15Z,2026-01-26T12:31:15Z
618,Global configuration files,global configuration file,3,1,1,1.916290731874155,1.916290731874155,2026-01-26T12:31:15Z,2026-01-26T12:31:15Z
619,kernel ego.conf,kernel ego.conf,2,1,1,1.916290731874155,1.916290731874155,2026-01-26T12:31:15Z,2026-01-26T12:31:15Z
620,Keyword definition file,keyword definition file,3,1,1,1.916290731874155,1.916290731874155,2026-01-26T12:31:15Z,2026-01-26T12:31:15Z
621,Cluster configuration file,cluster configuration file,3,1,1,1.916290731874155,1.916290731874155,2026-01-26T12:31:15Z,2026-01-26T12:31:15Z
622,ter1 configdir lsb.us,ter1 configdir lsb.u,3,1,1,1.916290731874155,1.916290731874155,2026-01-26T12:31:15Z,2026-01-26T12:31:15Z
623,Application profiles,application profile,2,1,1,1.916290731874155,1.916290731874155,2026-01-26T12:31:15Z,2026-01-26T12:31:15Z
624,execution requirements,execution requirement,2,1,1,1.916290731874155,1.916290731874155,2026-01-26T12:31:15Z,2026-01-26T12:31:15Z
625,applications resources,application resource,2,1,1,1.916290731874155,1.916290731874155,2026-01-26T12:31:15Z,2026-01-26T12:31:15Z
626,ter1 configdir,ter1 configdir,2,1,1,1.916290731874155,1.916290731874155,2026-01-26T12:31:15Z,2026-01-26T12:31:15Z
627,plicatons,plicaton,1,1,1,1.916290731874155,1.916290731874155,2026-01-26T12:31:15Z,2026-01-26T12:31:15Z
628,Batch events,batch event,2,1,1,1.916290731874155,1.916290731874155,2026-01-26T12:31:15Z,2026-01-26T12:31:15Z
629,Daemon log files,daemon log file,3,1,1,1.916290731874155,1.916290731874155,2026-01-26T12:31:15Z,2026-01-26T12:31:15Z
630,LSF_LOGDIR LSF_CONFDIR lsf.conf,lsf_logdir lsf_confdir lsf.conf,3,1,1,1.916290731874155,1.916290731874155,2026-01-26T12:31:15Z,2026-01-26T12:31:15Z
631,LSF_LOGDIR,lsf_logdir,1,1,1,1.916290731874155,1.916290731874155,2026-01-26T12:31:15Z,2026-01-26T12:31:15Z
632,LSF server,lsf server,2,1,1,1.916290731874155,1.916290731874155,2026-01-26T12:31:15Z,2026-01-26T12:31:15Z
633,Work LSF,work lsf,2,1,1,1.916290731874155,1.916290731874155,2026-01-26T12:31:15Z,2026-01-26T12:31:15Z
634,Start,start,1,1,1,1.916290731874155,1.916290731874155,2026-01-26T12:31:15Z,2026-01-26T12:31:15Z
635,LSF administration,lsf administration,2,6,1,1.916290731874155,11.49774439124493,2026-01-26T12:31:15Z,2026-01-26T12:31:15Z
636,lsadmin badmin,lsadmin badmin,2,3,1,1.916290731874155,5.748872195622465,2026-01-26T12:31:15Z,2026-01-26T12:31:15Z
637,bsub lsrun commands,bsub lsrun command,3,2,1,1.916290731874155,3.83258146374831,2026-01-26T12:31:15Z,2026-01-26T12:31:15Z
638,bjobs,bjob,1,8,1,1.916290731874155,15.33032585499324,2026-01-26T12:31:15Z,2026-01-26T12:31:15Z
639,users hosts queues,user host queue,3,2,1,1.916290731874155,3.83258146374831,2026-01-26T12:31:15Z,2026-01-26T12:31:15Z
640,hosts queues cluster,host queue cluster,3,2,1,1.916290731874155,3.83258146374831,2026-01-26T12:31:15Z,2026-01-26T12:31:15Z
641,Configure LSF startup,configure lsf startup,3,3,1,1.916290731874155,5.748872195622465,2026-01-26T12:31:15Z,2026-01-26T12:31:15Z
642,LSF daemons,lsf daemon,2,19,1,1.916290731874155,36.40952390560895,2026-01-26T12:31:15Z,2026-01-26T12:31:15Z
643,lsadmin command,lsadmin command,2,3,1,1.916290731874155,5.748872195622465,2026-01-26T12:31:15Z,2026-01-26T12:31:15Z
644,operation lim,operation lim,2,1,1,1.916290731874155,1.916290731874155,2026-01-26T12:31:15Z,2026-01-26T12:31:15Z
645,badmin command,badmin command,2,1,1,1.916290731874155,1.916290731874155,2026-01-26T12:31:15Z,2026-01-26T12:31:15Z
646,default root,default root,2,1,1,1.916290731874155,1.916290731874155,2026-01-26T12:31:15Z,2026-01-26T12:31:15Z
647,lsfinstall command,lsfinstall command,2,3,1,1.916290731874155,5.748872195622465,2026-01-26T12:31:15Z,2026-01-26T12:31:15Z
648,root user,root user,2,1,1,1.916290731874155,1.916290731874155,2026-01-26T12:31:15Z,2026-01-26T12:31:15Z
649,Multi user configuration,multi user configuration,3,1,1,1.916290731874155,1.916290731874155,2026-01-26T12:31:15Z,2026-01-26T12:31:15Z
650,jobs cluster,job cluster,2,1,1,1.916290731874155,1.916290731874155,2026-01-26T12:31:15Z,2026-01-26T12:31:15Z
651,lsf.sudoers file,lsf.sudoer file,2,6,1,1.916290731874155,11.49774439124493,2026-01-26T12:31:15Z,2026-01-26T12:31:15Z
652,Single user,single user,2,2,1,1.916290731874155,3.83258146374831,2026-01-26T12:31:15Z,2026-01-26T12:31:15Z
653,lsadmin badmin commands,lsadmin badmin command,3,7,1,1.916290731874155,13.414035123119085,2026-01-26T12:31:15Z,2026-01-26T12:31:15Z
654,cluster lsadmin badmin,cluster lsadmin badmin,3,2,1,1.916290731874155,3.83258146374831,2026-01-26T12:31:15Z,2026-01-26T12:31:15Z
655,shell environment files,shell environment file,3,1,1,1.916290731874155,1.916290731874155,2026-01-26T12:31:15Z,2026-01-26T12:31:15Z
656,LSF environment,lsf environment,2,5,1,1.916290731874155,9.581453659370776,2026-01-26T12:31:15Z,2026-01-26T12:31:15Z
657,csh tcsh shell,csh tcsh shell,3,2,1,1.916290731874155,3.83258146374831,2026-01-26T12:31:15Z,2026-01-26T12:31:15Z
658,source command,source command,2,1,1,1.916290731874155,1.916290731874155,2026-01-26T12:31:15Z,2026-01-26T12:31:15Z
659,source,source,1,2,1,1.916290731874155,3.83258146374831,2026-01-26T12:31:15Z,2026-01-26T12:31:15Z
660,files cshrc.lsf,file cshrc.lsf,2,1,1,1.916290731874155,1.916290731874155,2026-01-26T12:31:15Z,2026-01-26T12:31:15Z
661,installation lsfinstall command,installation lsfinstall command,3,1,1,1.916290731874155,1.916290731874155,2026-01-26T12:31:15Z,2026-01-26T12:31:15Z
662,LSF operating environment,lsf operating environment,3,1,1,1.916290731874155,1.916290731874155,2026-01-26T12:31:15Z,2026-01-26T12:31:15Z
663,primary LSF administrator,primary lsf administrator,3,4,1,1.916290731874155,7.66516292749662,2026-01-26T12:31:15Z,2026-01-26T12:31:15Z
664,LSF management host,lsf management host,3,3,1,1.916290731874155,5.748872195622465,2026-01-26T12:31:15Z,2026-01-26T12:31:15Z
665,steps LSF hosts,step lsf host,3,2,1,1.916290731874155,3.83258146374831,2026-01-26T12:31:15Z,2026-01-26T12:31:15Z
666,LSF cluster,lsf cluster,2,5,2,1.5108256237659907,7.554128118829953,2026-01-26T12:31:15Z,2026-01-26T12:31:15Z
667,bctrld,bctrld,1,5,1,1.916290731874155,9.581453659370776,2026-01-26T12:31:15Z,2026-01-26T12:31:15Z
668,bctrld start,bctrld start,2,2,1,1.916290731874155,3.83258146374831,2026-01-26T12:31:15Z,2026-01-26T12:31:15Z
669,sbd,sbd,1,2,1,1.916290731874155,3.83258146374831,2026-01-26T12:31:15Z,2026-01-26T12:31:15Z
670,LSF commands,lsf command,2,6,1,1.916290731874155,11.49774439124493,2026-01-26T12:31:15Z,2026-01-26T12:31:15Z
671,operations,operation,1,2,1,1.916290731874155,3.83258146374831,2026-01-26T12:31:15Z,2026-01-26T12:31:15Z
672,Select management host,select management host,3,1,1,1.916290731874155,1.916290731874155,2026-01-26T12:31:15Z,2026-01-26T12:31:15Z
673,Exchange initialization information,exchange initialization information,3,1,1,1.916290731874155,1.916290731874155,2026-01-26T12:31:15Z,2026-01-26T12:31:15Z
674,bctrld stop,bctrld stop,2,1,1,1.916290731874155,1.916290731874155,2026-01-26T12:31:15Z,2026-01-26T12:31:15Z
675,Reload,reload,1,1,1,1.916290731874155,1.916290731874155,2026-01-26T12:31:15Z,2026-01-26T12:31:15Z
676,LSF configuration files,lsf configuration file,3,2,1,1.916290731874155,3.83258146374831,2026-01-26T12:31:15Z,2026-01-26T12:31:15Z
677,lsadmin reconfig,lsadmin reconfig,2,4,1,1.916290731874155,7.66516292749662,2026-01-26T12:31:15Z,2026-01-26T12:31:15Z
678,mbatchd,mbatchd,1,5,1,1.916290731874155,9.581453659370776,2026-01-26T12:31:15Z,2026-01-26T12:31:15Z
679,badmin mbdrestart,badmin mbdrestart,2,1,1,1.916290731874155,1.916290731874155,2026-01-26T12:31:15Z,2026-01-26T12:31:15Z
680,lot jobs,lot job,2,2,1,1.916290731874155,3.83258146374831,2026-01-26T12:31:15Z,2026-01-26T12:31:15Z
681,command output,command output,2,3,1,1.916290731874155,5.748872195622465,2026-01-26T12:31:15Z,2026-01-26T12:31:15Z
682,output,output,1,1,1,1.916290731874155,1.916290731874155,2026-01-26T12:31:15Z,2026-01-26T12:31:15Z
683,commands LSF host,command lsf host,3,1,1,1.916290731874155,1.916290731874155,2026-01-26T12:31:15Z,2026-01-26T12:31:15Z
684,operation LSF cluster,operation lsf cluster,3,2,1,1.916290731874155,3.83258146374831,2026-01-26T12:31:15Z,2026-01-26T12:31:15Z
685,LSF daemons lim,lsf daemon lim,3,4,1,1.916290731874155,7.66516292749662,2026-01-26T12:31:15Z,2026-01-26T12:31:15Z
686,lsid command,lsid command,2,5,1,1.916290731874155,9.581453659370776,2026-01-26T12:31:15Z,2026-01-26T12:31:15Z
687,lsload command,lsload command,2,3,1,1.916290731874155,5.748872195622465,2026-01-26T12:31:15Z,2026-01-26T12:31:15Z
688,badmin command controls,badmin command control,3,2,1,1.916290731874155,3.83258146374831,2026-01-26T12:31:15Z,2026-01-26T12:31:15Z
689,bhosts,bhost,1,5,1,1.916290731874155,9.581453659370776,2026-01-26T12:31:15Z,2026-01-26T12:31:15Z
690,bqueues command,bqueue command,2,5,1,1.916290731874155,9.581453659370776,2026-01-26T12:31:15Z,2026-01-26T12:31:15Z
691,status,statu,1,1,1,1.916290731874155,1.916290731874155,2026-01-26T12:31:15Z,2026-01-26T12:31:15Z
692,queues configuration parameters,queue configuration parameter,3,2,1,1.916290731874155,3.83258146374831,2026-01-26T12:31:15Z,2026-01-26T12:31:15Z
693,concepts,concept,1,2,1,1.916290731874155,3.83258146374831,2026-01-26T12:31:15Z,2026-01-26T12:31:15Z
694,lsadmin ckconfig command,lsadmin ckconfig command,3,1,1,1.916290731874155,1.916290731874155,2026-01-26T12:31:15Z,2026-01-26T12:31:15Z
695,messages,message,1,19,1,1.916290731874155,36.40952390560895,2026-01-26T12:31:15Z,2026-01-26T12:31:15Z
696,problems LSF,problem lsf,2,1,1,1.916290731874155,1.916290731874155,2026-01-26T12:31:15Z,2026-01-26T12:31:15Z
697,lsadmin ckconfig,lsadmin ckconfig,2,1,1,1.916290731874155,1.916290731874155,2026-01-26T12:31:15Z,2026-01-26T12:31:15Z
698,-v,-v,1,3,1,1.916290731874155,5.748872195622465,2026-01-26T12:31:15Z,2026-01-26T12:31:15Z
699,Jul,jul,1,2,1,1.916290731874155,3.83258146374831,2026-01-26T12:31:15Z,2026-01-26T12:31:15Z
700,IBM Corp,ibm corp,2,1,1,1.916290731874155,1.916290731874155,2026-01-26T12:31:15Z,2026-01-26T12:31:15Z
701,binary type,binary type,2,1,1,1.916290731874155,1.916290731874155,2026-01-26T12:31:15Z,2026-01-26T12:31:15Z
702,glibc2.,glibc2.,1,2,1,1.916290731874155,3.83258146374831,2026-01-26T12:31:15Z,2026-01-26T12:31:15Z
703,lsf conf lsf.conf,lsf conf lsf.conf,3,1,1,1.916290731874155,1.916290731874155,2026-01-26T12:31:15Z,2026-01-26T12:31:15Z
704,Aug,aug,1,8,1,1.916290731874155,15.33032585499324,2026-01-26T12:31:15Z,2026-01-26T12:31:15Z
705,3.6.0 Master LIM,3.6.0 master lim,3,1,1,1.916290731874155,1.916290731874155,2026-01-26T12:31:15Z,2026-01-26T12:31:15Z
706,EGO_DISABLE_UNRESOLVABLE_HOST mode,ego_disable_unresolvable_host mode,2,1,1,1.916290731874155,1.916290731874155,2026-01-26T12:31:15Z,2026-01-26T12:31:15Z
707,lim -C,lim -c,2,1,1,1.916290731874155,1.916290731874155,2026-01-26T12:31:15Z,2026-01-26T12:31:15Z
708,initEntitlement EGO_AUDIT_MAX_SIZE,initentitlement ego_audit_max_size,2,1,1,1.916290731874155,1.916290731874155,2026-01-26T12:31:15Z,2026-01-26T12:31:15Z
709,initEntitlement EGO_AUDIT_MAX_ROTATE,initentitlement ego_audit_max_rotate,2,1,1,1.916290731874155,1.916290731874155,2026-01-26T12:31:15Z,2026-01-26T12:31:15Z
710,reCheckClass,recheckclass,1,1,1,1.916290731874155,1.916290731874155,2026-01-26T12:31:15Z,2026-01-26T12:31:15Z
711,reset exchIntvl,reset exchintvl,2,1,1,1.916290731874155,1.916290731874155,2026-01-26T12:31:15Z,2026-01-26T12:31:15Z
712,3.6.0 Checking,3.6.0 checking,2,1,1,1.916290731874155,1.916290731874155,2026-01-26T12:31:15Z,2026-01-26T12:31:15Z
713,Hosts section,host section,2,1,1,1.916290731874155,1.916290731874155,2026-01-26T12:31:15Z,2026-01-26T12:31:15Z
714,cluster cluster,cluster cluster,2,1,1,1.916290731874155,1.916290731874155,2026-01-26T12:31:15Z,2026-01-26T12:31:15Z
715,master hosta,master hosta,2,1,1,1.916290731874155,1.916290731874155,2026-01-26T12:31:15Z,2026-01-26T12:31:15Z
716,cshrc.lsf,cshrc.lsf,1,2,1,1.916290731874155,3.83258146374831,2026-01-26T12:31:15Z,2026-01-26T12:31:15Z
717,profile.lsf file,profile.lsf file,2,2,1,1.916290731874155,3.83258146374831,2026-01-26T12:31:15Z,2026-01-26T12:31:15Z
718,environment,environment,1,1,1,1.916290731874155,1.916290731874155,2026-01-26T12:31:15Z,2026-01-26T12:31:15Z
719,output lsload command,output lsload command,3,1,1,1.916290731874155,1.916290731874155,2026-01-26T12:31:15Z,2026-01-26T12:31:15Z
720,line host cluster,line host cluster,3,1,1,1.916290731874155,1.916290731874155,2026-01-26T12:31:15Z,2026-01-26T12:31:15Z
721,lsload,lsload,1,2,1,1.916290731874155,3.83258146374831,2026-01-26T12:31:15Z,2026-01-26T12:31:15Z
722,ut pg ls,ut pg ls,3,1,1,1.916290731874155,1.916290731874155,2026-01-26T12:31:15Z,2026-01-26T12:31:15Z
723,swp mem,swp mem,2,2,1,1.916290731874155,3.83258146374831,2026-01-26T12:31:15Z,2026-01-26T12:31:15Z
724,hosta,hosta,1,8,1,1.916290731874155,15.33032585499324,2026-01-26T12:31:15Z,2026-01-26T12:31:15Z
725,hostc -ok,hostc -ok,2,1,1,1.916290731874155,1.916290731874155,2026-01-26T12:31:15Z,2026-01-26T12:31:15Z
726,hostv unavail,hostv unavail,2,1,1,1.916290731874155,1.916290731874155,2026-01-26T12:31:15Z,2026-01-26T12:31:15Z
727,busy status,busy statu,2,1,1,1.916290731874155,1.916290731874155,2026-01-26T12:31:15Z,2026-01-26T12:31:15Z
728,hosts load index,host load index,3,1,1,1.916290731874155,1.916290731874155,2026-01-26T12:31:15Z,2026-01-26T12:31:15Z
729,lsload command lim,lsload command lim,3,1,1,1.916290731874155,1.916290731874155,2026-01-26T12:31:15Z,2026-01-26T12:31:15Z
730,daemon hosts time,daemon host time,3,1,1,1.916290731874155,1.916290731874155,2026-01-26T12:31:15Z,2026-01-26T12:31:15Z
731,lsid getentitlementinfo,lsid getentitlementinfo,2,1,1,1.916290731874155,1.916290731874155,2026-01-26T12:31:15Z,2026-01-26T12:31:15Z
732,Troubleshooting LSF problems,troubleshooting lsf problem,3,1,1,1.916290731874155,1.916290731874155,2026-01-26T12:31:15Z,2026-01-26T12:31:15Z
733,bparams command,bparam command,2,1,1,1.916290731874155,1.916290731874155,2026-01-26T12:31:15Z,2026-01-26T12:31:15Z
734,bhist command,bhist command,2,2,1,1.916290731874155,3.83258146374831,2026-01-26T12:31:15Z,2026-01-26T12:31:15Z
735,historical information jobs,historical information job,3,2,1,1.916290731874155,3.83258146374831,2026-01-26T12:31:15Z,2026-01-26T12:31:15Z
736,badmin ckconfig command,badmin ckconfig command,3,3,1,1.916290731874155,5.748872195622465,2026-01-26T12:31:15Z,2026-01-26T12:31:15Z
737,detailed information,detailed information,2,1,1,1.916290731874155,1.916290731874155,2026-01-26T12:31:15Z,2026-01-26T12:31:15Z
738,system configuration,system configuration,2,1,1,1.916290731874155,1.916290731874155,2026-01-26T12:31:15Z,2026-01-26T12:31:15Z
739,badmin ckconfig,badmin ckconfig,2,1,1,1.916290731874155,1.916290731874155,2026-01-26T12:31:15Z,2026-01-26T12:31:15Z
740,Dec,dec,1,1,1,1.916290731874155,1.916290731874155,2026-01-26T12:31:15Z,2026-01-26T12:31:15Z
741,minit,minit,1,1,1,1.916290731874155,1.916290731874155,2026-01-26T12:31:15Z,2026-01-26T12:31:15Z
742,LIM cluster,lim cluster,2,1,1,1.916290731874155,1.916290731874155,2026-01-26T12:31:15Z,2026-01-26T12:31:15Z
743,Batch,batch,1,1,1,1.916290731874155,1.916290731874155,2026-01-26T12:31:15Z,2026-01-26T12:31:15Z
744,Checking,checking,1,1,1,1.916290731874155,1.916290731874155,2026-01-26T12:31:15Z,2026-01-26T12:31:15Z
745,cluster information,cluster information,2,1,1,1.916290731874155,1.916290731874155,2026-01-26T12:31:15Z,2026-01-26T12:31:15Z
746,bhosts command,bhost command,2,1,1,1.916290731874155,1.916290731874155,2026-01-26T12:31:15Z,2026-01-26T12:31:15Z
747,users jobs,user job,2,1,1,1.916290731874155,1.916290731874155,2026-01-26T12:31:15Z,2026-01-26T12:31:15Z
748,Total number,total number,2,1,1,1.916290731874155,1.916290731874155,2026-01-26T12:31:15Z,2026-01-26T12:31:15Z
749,job slots,job slot,2,1,1,1.916290731874155,1.916290731874155,2026-01-26T12:31:15Z,2026-01-26T12:31:15Z
750,RSV,rsv,1,2,1,1.916290731874155,3.83258146374831,2026-01-26T12:31:15Z,2026-01-26T12:31:15Z
751,hostb,hostb,1,4,1,1.916290731874155,7.66516292749662,2026-01-26T12:31:15Z,2026-01-26T12:31:15Z
752,hostc,hostc,1,5,1,1.916290731874155,9.581453659370776,2026-01-26T12:31:15Z,2026-01-26T12:31:15Z
753,hostd,hostd,1,2,1,1.916290731874155,3.83258146374831,2026-01-26T12:31:15Z,2026-01-26T12:31:15Z
754,daemon time,daemon time,2,1,1,1.916290731874155,1.916290731874155,2026-01-26T12:31:15Z,2026-01-26T12:31:15Z
755,batch system daemon,batch system daemon,3,1,1,1.916290731874155,1.916290731874155,2026-01-26T12:31:15Z,2026-01-26T12:31:15Z
756,LSF queues,lsf queue,2,3,2,1.5108256237659907,4.532476871297972,2026-01-26T12:31:15Z,2026-01-26T12:31:15Z
757,queue,queue,1,22,2,1.5108256237659907,33.238163722851795,2026-01-26T12:31:15Z,2026-01-26T12:31:15Z
758,dispatch jobs,dispatch job,2,1,1,1.916290731874155,1.916290731874155,2026-01-26T12:31:15Z,2026-01-26T12:31:15Z
759,owners,owner,1,1,1,1.916290731874155,1.916290731874155,2026-01-26T12:31:15Z,2026-01-26T12:31:15Z
760,priority,priority,1,2,1,1.916290731874155,3.83258146374831,2026-01-26T12:31:15Z,2026-01-26T12:31:15Z
761,night,night,1,2,1,1.916290731874155,3.83258146374831,2026-01-26T12:31:15Z,2026-01-26T12:31:15Z
762,license,license,1,10,1,1.916290731874155,19.162907318741553,2026-01-26T12:31:15Z,2026-01-26T12:31:15Z
763,detailed queue information,detailed queue information,3,1,1,1.916290731874155,1.916290731874155,2026-01-26T12:31:15Z,2026-01-26T12:31:15Z
764,bqueues,bqueue,1,2,1,1.916290731874155,3.83258146374831,2026-01-26T12:31:15Z,2026-01-26T12:31:15Z
765,-l,-l,1,5,1,1.916290731874155,9.581453659370776,2026-01-26T12:31:15Z,2026-01-26T12:31:15Z
766,default queue,default queue,2,2,1,1.916290731874155,3.83258146374831,2026-01-26T12:31:15Z,2026-01-26T12:31:15Z
767,PARAMETERS STATISTICS,parameter statistic,2,1,1,1.916290731874155,1.916290731874155,2026-01-26T12:31:15Z,2026-01-26T12:31:15Z
768,Interval host,interval host,2,1,1,1.916290731874155,1.916290731874155,2026-01-26T12:31:15Z,2026-01-26T12:31:15Z
769,SCHEDULING PARAMETERS,scheduling parameter,2,1,1,1.916290731874155,1.916290731874155,2026-01-26T12:31:15Z,2026-01-26T12:31:15Z
770,r1 m,r1 m,2,1,1,1.916290731874155,1.916290731874155,2026-01-26T12:31:15Z,2026-01-26T12:31:15Z
771,kinds information queue,kind information queue,3,1,1,1.916290731874155,1.916290731874155,2026-01-26T12:31:15Z,2026-01-26T12:31:15Z
772,kinds jobs,kind job,2,1,1,1.916290731874155,1.916290731874155,2026-01-26T12:31:15Z,2026-01-26T12:31:15Z
773,Resource usage limits,resource usage limit,3,1,1,1.916290731874155,1.916290731874155,2026-01-26T12:31:15Z,2026-01-26T12:31:15Z
774,Scheduling threshold,scheduling threshold,2,1,1,1.916290731874155,1.916290731874155,2026-01-26T12:31:15Z,2026-01-26T12:31:15Z
775,threshold LSF,threshold lsf,2,1,1,1.916290731874155,1.916290731874155,2026-01-26T12:31:15Z,2026-01-26T12:31:15Z
776,loadStop threshold LSF,loadstop threshold lsf,3,1,1,1.916290731874155,1.916290731874155,2026-01-26T12:31:15Z,2026-01-26T12:31:15Z
777,bparams command,bparams command,2,1,1,1.916290731874155,1.916290731874155,2026-01-26T12:31:15Z,2026-01-26T12:31:15Z
778,basic commands,basic command,2,1,1,1.916290731874155,1.916290731874155,2026-01-26T12:31:15Z,2026-01-26T12:31:15Z
779,bsub,bsub,1,5,1,1.916290731874155,9.581453659370776,2026-01-26T12:31:15Z,2026-01-26T12:31:15Z
780,scheduling policies,scheduling policy,2,1,1,1.916290731874155,1.916290731874155,2026-01-26T12:31:15Z,2026-01-26T12:31:15Z
781,lsrun command,lsrun command,2,3,1,1.916290731874155,5.748872195622465,2026-01-26T12:31:15Z,2026-01-26T12:31:15Z
782,bsub command,bsub command,2,2,1,1.916290731874155,3.83258146374831,2026-01-26T12:31:15Z,2026-01-26T12:31:15Z
783,bresume,bresume,1,2,1,1.916290731874155,3.83258146374831,2026-01-26T12:31:15Z,2026-01-26T12:31:15Z
784,bkill jobs,bkill job,2,2,1,1.916290731874155,3.83258146374831,2026-01-26T12:31:15Z,2026-01-26T12:31:15Z
785,best available host,good available host,3,2,1,1.916290731874155,3.83258146374831,2026-01-26T12:31:15Z,2026-01-26T12:31:15Z
786,task group hosts,task group host,3,2,1,1.916290731874155,3.83258146374831,2026-01-26T12:31:15Z,2026-01-26T12:31:15Z
787,applications LSF,application lsf,2,3,1,1.916290731874155,5.748872195622465,2026-01-26T12:31:15Z,2026-01-26T12:31:15Z
788,submission options,submission option,2,1,1,1.916290731874155,1.916290731874155,2026-01-26T12:31:15Z,2026-01-26T12:31:15Z
789,LSF Job Execution,lsf job execution,3,1,1,1.916290731874155,1.916290731874155,2026-01-26T12:31:15Z,2026-01-26T12:31:15Z
790,LSF Command Reference,lsf command reference,3,1,1,1.916290731874155,1.916290731874155,2026-01-26T12:31:15Z,2026-01-26T12:31:15Z
791,-q,-q,1,6,1,1.916290731874155,11.49774439124493,2026-01-26T12:31:15Z,2026-01-26T12:31:15Z
792,short sleep,short sleep,2,1,1,1.916290731874155,1.916290731874155,2026-01-26T12:31:15Z,2026-01-26T12:31:15Z
793,LSF job output,lsf job output,3,1,1,1.916290731874155,1.916290731874155,2026-01-26T12:31:15Z,2026-01-26T12:31:15Z
794,default job,default job,2,2,1,1.916290731874155,3.83258146374831,2026-01-26T12:31:15Z,2026-01-26T12:31:15Z
795,-e,-e,1,3,1,1.916290731874155,5.748872195622465,2026-01-26T12:31:15Z,2026-01-26T12:31:15Z
796,home directory user,home directory user,3,1,1,1.916290731874155,1.916290731874155,2026-01-26T12:31:15Z,2026-01-26T12:31:15Z
797,-o,-o,1,1,1,1.916290731874155,1.916290731874155,2026-01-26T12:31:15Z,2026-01-26T12:31:15Z
798,J variable,j variable,2,1,1,1.916290731874155,1.916290731874155,2026-01-26T12:31:15Z,2026-01-26T12:31:15Z
799,job ID files,job id file,3,1,1,1.916290731874155,1.916290731874155,2026-01-26T12:31:15Z,2026-01-26T12:31:15Z
800,find job output,find job output,3,1,1,1.916290731874155,1.916290731874155,2026-01-26T12:31:15Z,2026-01-26T12:31:15Z
801,interactive job LSF,interactive job lsf,3,1,1,1.916290731874155,1.916290731874155,2026-01-26T12:31:15Z,2026-01-26T12:31:15Z
802,batch interactive job,batch interactive job,3,2,1,1.916290731874155,3.83258146374831,2026-01-26T12:31:15Z,2026-01-26T12:31:15Z
803,output ls command,output ls command,3,1,1,1.916290731874155,1.916290731874155,2026-01-26T12:31:15Z,2026-01-26T12:31:15Z
804,-Ip,-ip,1,1,1,1.916290731874155,1.916290731874155,2026-01-26T12:31:15Z,2026-01-26T12:31:15Z
805,-Is,-is,1,1,1,1.916290731874155,1.916290731874155,2026-01-26T12:31:15Z,2026-01-26T12:31:15Z
806,status LSF job,statu lsf job,3,1,1,1.916290731874155,1.916290731874155,2026-01-26T12:31:15Z,2026-01-26T12:31:15Z
807,JOB_NAME,job_name,1,4,1,1.916290731874155,7.66516292749662,2026-01-26T12:31:15Z,2026-01-26T12:31:15Z
808,Jun,jun,1,3,1,1.916290731874155,5.748872195622465,2026-01-26T12:31:15Z,2026-01-26T12:31:15Z
809,sleep,sleep,1,2,1,1.916290731874155,3.83258146374831,2026-01-26T12:31:15Z,2026-01-26T12:31:15Z
810,email,email,1,1,1,1.916290731874155,1.916290731874155,2026-01-26T12:31:15Z,2026-01-26T12:31:15Z
811,job ID,job id,2,2,1,1.916290731874155,3.83258146374831,2026-01-26T12:31:15Z,2026-01-26T12:31:15Z
812,status specific job,statu specific job,3,1,1,1.916290731874155,1.916290731874155,2026-01-26T12:31:15Z,2026-01-26T12:31:15Z
813,hosts busy job,host busy job,3,1,1,1.916290731874155,1.916290731874155,2026-01-26T12:31:15Z,2026-01-26T12:31:15Z
814,STAT column,stat column,2,1,1,1.916290731874155,1.916290731874155,2026-01-26T12:31:15Z,2026-01-26T12:31:15Z
815,bstop command,bstop command,2,1,1,1.916290731874155,1.916290731874155,2026-01-26T12:31:15Z,2026-01-26T12:31:15Z
816,running job,running job,2,3,1,1.916290731874155,5.748872195622465,2026-01-26T12:31:15Z,2026-01-26T12:31:15Z
817,bjobs command,bjob command,2,2,1,1.916290731874155,3.83258146374831,2026-01-26T12:31:15Z,2026-01-26T12:31:15Z
818,USUSP status job,ususp statu job,3,1,1,1.916290731874155,1.916290731874155,2026-01-26T12:31:15Z,2026-01-26T12:31:15Z
819,Job owners,job owner,2,2,1,1.916290731874155,3.83258146374831,2026-01-26T12:31:15Z,2026-01-26T12:31:15Z
820,bresume command,bresume command,2,1,1,1.916290731874155,1.916290731874155,2026-01-26T12:31:15Z,2026-01-26T12:31:15Z
821,RUN status job,run statu job,3,1,1,1.916290731874155,1.916290731874155,2026-01-26T12:31:15Z,2026-01-26T12:31:15Z
822,jobs LSF administrators,job lsf administrator,3,1,1,1.916290731874155,1.916290731874155,2026-01-26T12:31:15Z,2026-01-26T12:31:15Z
823,signal specified jobs,signal specified job,3,1,1,1.916290731874155,1.916290731874155,2026-01-26T12:31:15Z,2026-01-26T12:31:15Z
824,command job,command job,2,1,1,1.916290731874155,1.916290731874155,2026-01-26T12:31:15Z,2026-01-26T12:31:15Z
825,find necessary resources,find necessary resource,3,1,1,1.916290731874155,1.916290731874155,2026-01-26T12:31:15Z,2026-01-26T12:31:15Z
826,ls command,ls command,2,1,1,1.916290731874155,1.916290731874155,2026-01-26T12:31:15Z,2026-01-26T12:31:15Z
827,case command,case command,2,1,1,1.916290731874155,1.916290731874155,2026-01-26T12:31:15Z,2026-01-26T12:31:15Z
828,LSF local host,lsf local host,3,1,1,1.916290731874155,1.916290731874155,2026-01-26T12:31:15Z,2026-01-26T12:31:15Z
829,root lsf,root lsf,2,2,1,1.916290731874155,3.83258146374831,2026-01-26T12:31:15Z,2026-01-26T12:31:15Z
830,Oct,oct,1,1,1,1.916290731874155,1.916290731874155,2026-01-26T12:31:15Z,2026-01-26T12:31:15Z
831,drwxr xr,drwxr xr,2,1,1,1.916290731874155,1.916290731874155,2026-01-26T12:31:15Z,2026-01-26T12:31:15Z
832,lsfadmin lsf,lsfadmin lsf,2,1,1,1.916290731874155,1.916290731874155,2026-01-26T12:31:15Z,2026-01-26T12:31:15Z
833,lsbatch,lsbatch,1,1,1,1.916290731874155,1.916290731874155,2026-01-26T12:31:15Z,2026-01-26T12:31:15Z
834,Nov,nov,1,3,1,1.916290731874155,5.748872195622465,2026-01-26T12:31:15Z,2026-01-26T12:31:15Z
835,profile.lsf,profile.lsf,1,1,1,1.916290731874155,1.916290731874155,2026-01-26T12:31:15Z,2026-01-26T12:31:15Z
836,host hosta,host hosta,2,1,1,1.916290731874155,1.916290731874155,2026-01-26T12:31:15Z,2026-01-26T12:31:15Z
837,lsrun -v,lsrun -v,2,1,1,1.916290731874155,1.916290731874155,2026-01-26T12:31:15Z,2026-01-26T12:31:15Z
838,-m,-m,1,2,1,1.916290731874155,3.83258146374831,2026-01-26T12:31:15Z,2026-01-26T12:31:15Z
839,hosta hostname,hosta hostname,2,1,1,1.916290731874155,1.916290731874155,2026-01-26T12:31:15Z,2026-01-26T12:31:15Z
840,Executing hostname hosta,executing hostname hosta,3,1,1,1.916290731874155,1.916290731874155,2026-01-26T12:31:15Z,2026-01-26T12:31:15Z
841,Executing hostname hostb,executing hostname hostb,3,1,1,1.916290731874155,1.916290731874155,2026-01-26T12:31:15Z,2026-01-26T12:31:15Z
842,Executing hostname hostc,executing hostname hostc,3,1,1,1.916290731874155,1.916290731874155,2026-01-26T12:31:15Z,2026-01-26T12:31:15Z
843,Wrapper shell scripts,wrapper shell script,3,1,1,1.916290731874155,1.916290731874155,2026-01-26T12:31:15Z,2026-01-26T12:31:15Z
844,Wrapper binary executables,wrapper binary executable,3,1,1,1.916290731874155,1.916290731874155,2026-01-26T12:31:15Z,2026-01-26T12:31:15Z
845,users simple interface,user simple interface,3,1,1,1.916290731874155,1.916290731874155,2026-01-26T12:31:15Z,2026-01-26T12:31:15Z
846,application,application,1,3,1,1.916290731874155,5.748872195622465,2026-01-26T12:31:15Z,2026-01-26T12:31:15Z
847,abc rename abc,abc rename abc,3,1,1,1.916290731874155,1.916290731874155,2026-01-26T12:31:15Z,2026-01-26T12:31:15Z
848,wrapper script,wrapper script,2,1,1,1.916290731874155,1.916290731874155,2026-01-26T12:31:15Z,2026-01-26T12:31:15Z
849,abc,abc,1,1,1,1.916290731874155,1.916290731874155,2026-01-26T12:31:15Z,2026-01-26T12:31:15Z
850,script,script,1,3,1,1.916290731874155,5.748872195622465,2026-01-26T12:31:15Z,2026-01-26T12:31:15Z
851,job abc_real LSF,job abc_real lsf,3,1,1,1.916290731874155,1.916290731874155,2026-01-26T12:31:15Z,2026-01-26T12:31:15Z
852,options script,option script,2,1,1,1.916290731874155,1.916290731874155,2026-01-26T12:31:15Z,2026-01-26T12:31:15Z
853,Requeue jobs,requeue job,2,1,1,1.916290731874155,1.916290731874155,2026-01-26T12:31:15Z,2026-01-26T12:31:15Z
854,license availability,license availability,2,1,1,1.916290731874155,1.916290731874155,2026-01-26T12:31:15Z,2026-01-26T12:31:15Z
855,Wrapper binary programs,wrapper binary program,3,1,1,1.916290731874155,1.916290731874155,2026-01-26T12:31:15Z,2026-01-26T12:31:15Z
856,wrapper files,wrapper file,2,1,1,1.916290731874155,1.916290731874155,2026-01-26T12:31:15Z,2026-01-26T12:31:15Z
857,facilities,facility,1,1,1,1.916290731874155,1.916290731874155,2026-01-26T12:31:15Z,2026-01-26T12:31:15Z
858,application user interfaces,application user interface,3,2,1,1.916290731874155,3.83258146374831,2026-01-26T12:31:15Z,2026-01-26T12:31:15Z
859,easy job submission,easy job submission,3,1,1,1.916290731874155,1.916290731874155,2026-01-26T12:31:15Z,2026-01-26T12:31:15Z
860,LSF users,lsf user,2,2,1,1.916290731874155,3.83258146374831,2026-01-26T12:31:15Z,2026-01-26T12:31:15Z
861,cshrc.lsf profile.lsf file,cshrc.lsf profile.lsf file,3,2,1,1.916290731874155,3.83258146374831,2026-01-26T12:31:15Z,2026-01-26T12:31:15Z
862,host cluster,host cluster,2,9,1,1.916290731874155,17.246616586867397,2026-01-26T12:31:15Z,2026-01-26T12:31:15Z
863,additional jobs,additional job,2,2,1,1.916290731874155,3.83258146374831,2026-01-26T12:31:15Z,2026-01-26T12:31:15Z
864,references host,reference host,2,2,1,1.916290731874155,3.83258146374831,2026-01-26T12:31:15Z,2026-01-26T12:31:15Z
865,Edit lsb.queues file,edit lsb.queue file,3,2,1,1.916290731874155,3.83258146374831,2026-01-26T12:31:15Z,2026-01-26T12:31:15Z
866,queue definition,queue definition,2,6,1,1.916290731874155,11.49774439124493,2026-01-26T12:31:15Z,2026-01-26T12:31:15Z
867,Edit,edit,1,2,1,1.916290731874155,3.83258146374831,2026-01-26T12:31:15Z,2026-01-26T12:31:15Z
868,LSF environment users,lsf environment user,3,1,1,1.916290731874155,1.916290731874155,2026-01-26T12:31:15Z,2026-01-26T12:31:15Z
869,shell files,shell file,2,1,1,1.916290731874155,1.916290731874155,2026-01-26T12:31:15Z,2026-01-26T12:31:15Z
870,LSF_CONFDIR cshrc.lsf,lsf_confdir cshrc.lsf,2,1,1,1.916290731874155,1.916290731874155,2026-01-26T12:31:15Z,2026-01-26T12:31:15Z
871,LSF_CONFDIR profile.lsf,lsf_confdir profile.lsf,2,1,1,1.916290731874155,1.916290731874155,2026-01-26T12:31:15Z,2026-01-26T12:31:15Z
872,cshrc.lsf file,cshrc.lsf file,2,1,1,1.916290731874155,1.916290731874155,2026-01-26T12:31:15Z,2026-01-26T12:31:15Z
873,file users,file user,2,2,1,1.916290731874155,3.83258146374831,2026-01-26T12:31:15Z,2026-01-26T12:31:15Z
874,line source command,line source command,3,1,1,1.916290731874155,1.916290731874155,2026-01-26T12:31:15Z,2026-01-26T12:31:15Z
875,line,line,1,8,1,1.916290731874155,15.33032585499324,2026-01-26T12:31:15Z,2026-01-26T12:31:15Z
876,line similar,line similar,2,1,1,1.916290731874155,1.916290731874155,2026-01-26T12:31:15Z,2026-01-26T12:31:15Z
877,Linux system,linux system,2,1,1,1.916290731874155,1.916290731874155,2026-01-26T12:31:15Z,2026-01-26T12:31:15Z
878,Kernel,kernel,1,2,1,1.916290731874155,3.83258146374831,2026-01-26T12:31:15Z,2026-01-26T12:31:15Z
879,Distribution packages,distribution package,2,1,1,1.916290731874155,1.916290731874155,2026-01-26T12:31:15Z,2026-01-26T12:31:15Z
880,operating systems,operating system,2,1,1,1.916290731874155,1.916290731874155,2026-01-26T12:31:15Z,2026-01-26T12:31:15Z
881,videos,video,1,1,1,1.916290731874155,1.916290731874155,2026-01-26T12:31:15Z,2026-01-26T12:31:15Z
882,YouTube,youtube,1,1,1,1.916290731874155,1.916290731874155,2026-01-26T12:31:15Z,2026-01-26T12:31:15Z
883,IBM Education Assistant,ibm education assistant,3,1,1,1.916290731874155,1.916290731874155,2026-01-26T12:31:15Z,2026-01-26T12:31:15Z
884,major steps,major step,2,1,1,1.916290731874155,1.916290731874155,2026-01-26T12:31:15Z,2026-01-26T12:31:15Z
885,host types cluster,host type cluster,3,1,1,1.916290731874155,1.916290731874155,2026-01-26T12:31:15Z,2026-01-26T12:31:15Z
886,steps,step,1,14,3,1.2231435513142097,17.124009718398938,2026-01-26T12:31:15Z,2026-01-26T12:31:15Z
887,lsfinstall,lsfinstall,1,1,1,1.916290731874155,1.916290731874155,2026-01-26T12:31:15Z,2026-01-26T12:31:15Z
888,-f,-f,1,1,1,1.916290731874155,1.916290731874155,2026-01-26T12:31:15Z,2026-01-26T12:31:15Z
889,install.config command,install.config command,2,1,1,1.916290731874155,1.916290731874155,2026-01-26T12:31:15Z,2026-01-26T12:31:15Z
890,steps host setup,step host setup,3,1,1,1.916290731874155,1.916290731874155,2026-01-26T12:31:15Z,2026-01-26T12:31:15Z
891,lsf_getting_started.html file,lsf_getting_started.html file,2,1,1,1.916290731874155,1.916290731874155,2026-01-26T12:31:15Z,2026-01-26T12:31:15Z
892,lsfinstall script,lsfinstall script,2,1,1,1.916290731874155,1.916290731874155,2026-01-26T12:31:15Z,2026-01-26T12:31:15Z
893,model type,model type,2,2,1,1.916290731874155,3.83258146374831,2026-01-26T12:31:15Z,2026-01-26T12:31:15Z
894,experience,experience,1,1,1,1.916290731874155,1.916290731874155,2026-01-26T12:31:15Z,2026-01-26T12:31:15Z
895,default hosts,default host,2,1,1,1.916290731874155,1.916290731874155,2026-01-26T12:31:15Z,2026-01-26T12:31:15Z
896,mem RESOURCES REXPRI,mem resource rexpri,3,1,1,1.916290731874155,1.916290731874155,2026-01-26T12:31:15Z,2026-01-26T12:31:15Z
897,SUNSOL,sunsol,1,1,1,1.916290731874155,1.916290731874155,2026-01-26T12:31:15Z,2026-01-26T12:31:15Z
898,LINUX,linux,1,2,2,1.5108256237659907,3.0216512475319814,2026-01-26T12:31:15Z,2026-01-26T12:31:15Z
899,HPPA,hppa,1,1,1,1.916290731874155,1.916290731874155,2026-01-26T12:31:15Z,2026-01-26T12:31:15Z
900,changes LSF_CONFDIR lsf.cluster.cluster_name,change lsf_confdir lsf.cluster.cluster_name,3,1,1,1.916290731874155,1.916290731874155,2026-01-26T12:31:15Z,2026-01-26T12:31:15Z
901,d Reconfigure lim,d reconfigure lim,3,1,1,1.916290731874155,1.916290731874155,2026-01-26T12:31:15Z,2026-01-26T12:31:15Z
902,LIMs hosts,lim host,2,4,1,1.916290731874155,7.66516292749662,2026-01-26T12:31:15Z,2026-01-26T12:31:15Z
903,Restart LIM,restart lim,2,5,1,1.916290731874155,9.581453659370776,2026-01-26T12:31:15Z,2026-01-26T12:31:15Z
904,unrecoverable errors,unrecoverable error,2,12,1,1.916290731874155,22.99548878248986,2026-01-26T12:31:15Z,2026-01-26T12:31:15Z
905,lim hosts lim,lim host lim,3,2,1,1.916290731874155,3.83258146374831,2026-01-26T12:31:15Z,2026-01-26T12:31:15Z
906,reconfiguration exits,reconfiguration exit,2,6,1,1.916290731874155,11.49774439124493,2026-01-26T12:31:15Z,2026-01-26T12:31:15Z
907,e Reconfigure mbatchd,e reconfigure mbatchd,3,1,1,1.916290731874155,1.916290731874155,2026-01-26T12:31:15Z,2026-01-26T12:31:15Z
908,Reconfiguration,reconfiguration,1,7,1,1.916290731874155,13.414035123119085,2026-01-26T12:31:15Z,2026-01-26T12:31:15Z
909,Optional,optional,1,1,1,1.916290731874155,1.916290731874155,2026-01-26T12:31:15Z,2026-01-26T12:31:15Z
910,hostsetup command,hostsetup command,2,2,1,1.916290731874155,3.83258146374831,2026-01-26T12:31:15Z,2026-01-26T12:31:15Z
911,"--boot=""y","--boot=""y",1,1,1,1.916290731874155,1.916290731874155,2026-01-26T12:31:15Z,2026-01-26T12:31:15Z
912,information hostsetup command,information hostsetup command,3,1,1,1.916290731874155,1.916290731874155,2026-01-26T12:31:15Z,2026-01-26T12:31:15Z
913,Command Reference,command reference,2,1,1,1.916290731874155,1.916290731874155,2026-01-26T12:31:15Z,2026-01-26T12:31:15Z
914,Results,result,1,2,1,1.916290731874155,3.83258146374831,2026-01-26T12:31:15Z,2026-01-26T12:31:15Z
915,dynamic host configuration,dynamic host configuration,3,2,1,1.916290731874155,3.83258146374831,2026-01-26T12:31:15Z,2026-01-26T12:31:15Z
916,CAUTION,caution,1,1,1,1.916290731874155,1.916290731874155,2026-01-26T12:31:15Z,2026-01-26T12:31:15Z
917,management host LSF,management host lsf,3,1,1,1.916290731874155,1.916290731874155,2026-01-26T12:31:15Z,2026-01-26T12:31:15Z
918,lsf.cluster.cluster_name file,lsf.cluster.cluster_name file,2,1,1,1.916290731874155,1.916290731874155,2026-01-26T12:31:15Z,2026-01-26T12:31:15Z
919,default management host,default management host,3,1,1,1.916290731874155,1.916290731874155,2026-01-26T12:31:15Z,2026-01-26T12:31:15Z
920,host management host,host management host,3,1,1,1.916290731874155,1.916290731874155,2026-01-26T12:31:15Z,2026-01-26T12:31:15Z
921,LSF host root,lsf host root,3,1,1,1.916290731874155,1.916290731874155,2026-01-26T12:31:15Z,2026-01-26T12:31:15Z
922,badmin hclose,badmin hclose,2,1,1,1.916290731874155,1.916290731874155,2026-01-26T12:31:15Z,2026-01-26T12:31:15Z
923,jobs finish,job finish,2,1,1,1.916290731874155,1.916290731874155,2026-01-26T12:31:15Z,2026-01-26T12:31:15Z
924,lsadmin reconfig command,lsadmin reconfig command,3,2,1,1.916290731874155,3.83258146374831,2026-01-26T12:31:15Z,2026-01-26T12:31:15Z
925,badmin mbdrestart command,badmin mbdrestart command,3,1,1,1.916290731874155,1.916290731874155,2026-01-26T12:31:15Z,2026-01-26T12:31:15Z
926,confirm reconfiguration,confirm reconfiguration,2,1,1,1.916290731874155,1.916290731874155,2026-01-26T12:31:15Z,2026-01-26T12:31:15Z
927,system startup,system startup,2,1,1,1.916290731874155,1.916290731874155,2026-01-26T12:31:15Z,2026-01-26T12:31:15Z
928,automatic LSF startup,automatic lsf startup,3,3,1,1.916290731874155,5.748872195622465,2026-01-26T12:31:15Z,2026-01-26T12:31:15Z
929,administrator host cluster,administrator host cluster,3,1,1,1.916290731874155,1.916290731874155,2026-01-26T12:31:15Z,2026-01-26T12:31:15Z
930,changes lsb.queues file,change lsb.queue file,3,2,1,1.916290731874155,3.83258146374831,2026-01-26T12:31:15Z,2026-01-26T12:31:15Z
931,badmin reconfig command,badmin reconfig command,3,3,1,1.916290731874155,5.748872195622465,2026-01-26T12:31:15Z,2026-01-26T12:31:15Z
932,configuration errors,configuration error,2,3,1,1.916290731874155,5.748872195622465,2026-01-26T12:31:15Z,2026-01-26T12:31:15Z
933,DESCRIPTION,description,1,1,1,1.916290731874155,1.916290731874155,2026-01-26T12:31:15Z,2026-01-26T12:31:15Z
934,job limit queue,job limit queue,3,1,1,1.916290731874155,1.916290731874155,2026-01-26T12:31:15Z,2026-01-26T12:31:15Z
935,job limit processor,job limit processor,3,1,1,1.916290731874155,1.916290731874155,2026-01-26T12:31:15Z,2026-01-26T12:31:15Z
936,queue sure jobs,queue sure job,3,1,1,1.916290731874155,1.916290731874155,2026-01-26T12:31:15Z,2026-01-26T12:31:15Z
937,list,list,1,2,1,1.916290731874155,3.83258146374831,2026-01-26T12:31:15Z,2026-01-26T12:31:15Z
938,jobs queue,job queue,2,4,1,1.916290731874155,7.66516292749662,2026-01-26T12:31:15Z,2026-01-26T12:31:15Z
939,original queue,original queue,2,1,1,1.916290731874155,1.916290731874155,2026-01-26T12:31:15Z,2026-01-26T12:31:15Z
940,lost_and_found queue,lost_and_found queue,2,1,1,1.916290731874155,1.916290731874155,2026-01-26T12:31:15Z,2026-01-26T12:31:15Z
941,user queue administrator,user queue administrator,3,1,1,1.916290731874155,1.916290731874155,2026-01-26T12:31:15Z,2026-01-26T12:31:15Z
942,bswitch,bswitch,1,3,1,1.916290731874155,5.748872195622465,2026-01-26T12:31:15Z,2026-01-26T12:31:15Z
943,jobs regular queue,job regular queue,3,1,1,1.916290731874155,1.916290731874155,2026-01-26T12:31:15Z,2026-01-26T12:31:15Z
944,badmin qclose night,badmin qclose night,3,1,1,1.916290731874155,1.916290731874155,2026-01-26T12:31:15Z,2026-01-26T12:31:15Z
945,Queue night,queue night,2,1,1,1.916290731874155,1.916290731874155,2026-01-26T12:31:15Z,2026-01-26T12:31:15Z
946,job ID number,job id number,3,1,1,1.916290731874155,1.916290731874155,2026-01-26T12:31:15Z,2026-01-26T12:31:15Z
947,job5 Nov,job5 nov,2,1,1,1.916290731874155,1.916290731874155,2026-01-26T12:31:15Z,2026-01-26T12:31:15Z
948,definition queue,definition queue,2,1,1,1.916290731874155,1.916290731874155,2026-01-26T12:31:15Z,2026-01-26T12:31:15Z
949,LSF daemons lsf.sudoers,lsf daemon lsf.sudoer,3,2,1,1.916290731874155,3.83258146374831,2026-01-26T12:31:15Z,2026-01-26T12:31:15Z
950,Configure LSF daemons,configure lsf daemon,3,2,1,1.916290731874155,3.83258146374831,2026-01-26T12:31:15Z,2026-01-26T12:31:15Z
951,LSF UNIX Linux,lsf unix linux,3,1,1,1.916290731874155,1.916290731874155,2026-01-26T12:31:15Z,2026-01-26T12:31:15Z
952,reference,reference,1,1,1,1.916290731874155,1.916290731874155,2026-01-26T12:31:15Z,2026-01-26T12:31:15Z
953,lsf.sudoers,lsf.sudoer,1,2,1,1.916290731874155,3.83258146374831,2026-01-26T12:31:15Z,2026-01-26T12:31:15Z
954,setuid bit,setuid bit,2,1,1,1.916290731874155,1.916290731874155,2026-01-26T12:31:15Z,2026-01-26T12:31:15Z
955,root privileges,root privilege,2,1,1,1.916290731874155,1.916290731874155,2026-01-26T12:31:15Z,2026-01-26T12:31:15Z
956,LSF_STARTUP_USERS LSF_STARTUP_PATH parameters,lsf_startup_user lsf_startup_path parameter,3,1,1,1.916290731874155,1.916290731874155,2026-01-26T12:31:15Z,2026-01-26T12:31:15Z
957,LSF_STARTUP_PATH,lsf_startup_path,1,1,1,1.916290731874155,1.916290731874155,2026-01-26T12:31:15Z,2026-01-26T12:31:15Z
958,LSF_CONFDIR lsf.conf file,lsf_confdir lsf.conf file,3,2,1,1.916290731874155,3.83258146374831,2026-01-26T12:31:15Z,2026-01-26T12:31:15Z
959,readable writable root,readable writable root,3,1,1,1.916290731874155,1.916290731874155,2026-01-26T12:31:15Z,2026-01-26T12:31:15Z
960,-la,-la,1,1,1,1.916290731874155,1.916290731874155,2026-01-26T12:31:15Z,2026-01-26T12:31:15Z
961,--setuid,--setuid,1,3,1,1.916290731874155,5.748872195622465,2026-01-26T12:31:15Z,2026-01-26T12:31:15Z
962,level installation directory,level installation directory,3,1,1,1.916290731874155,1.916290731874155,2026-01-26T12:31:15Z,2026-01-26T12:31:15Z
963,cluster local host,cluster local host,3,1,1,1.916290731874155,1.916290731874155,2026-01-26T12:31:15Z,2026-01-26T12:31:15Z
964,hostsetup,hostsetup,1,1,1,1.916290731874155,1.916290731874155,2026-01-26T12:31:15Z,2026-01-26T12:31:15Z
965,default hostsetup command,default hostsetup command,3,1,1,1.916290731874155,1.916290731874155,2026-01-26T12:31:15Z,2026-01-26T12:31:15Z
966,system PATH,system path,2,1,1,1.916290731874155,1.916290731874155,2026-01-26T12:31:15Z,2026-01-26T12:31:15Z
967,relative path,relative path,2,1,1,1.916290731874155,1.916290731874155,2026-01-26T12:31:15Z,2026-01-26T12:31:15Z
968,path command run,path command run,3,1,1,1.916290731874155,1.916290731874155,2026-01-26T12:31:15Z,2026-01-26T12:31:15Z
969,directory hostsetup command,directory hostsetup command,3,1,1,1.916290731874155,1.916290731874155,2026-01-26T12:31:15Z,2026-01-26T12:31:15Z
970,command case,command case,2,1,1,1.916290731874155,1.916290731874155,2026-01-26T12:31:15Z,2026-01-26T12:31:15Z
971,LSF_TOP/10.1 install directory,lsf_top/10.1 install directory,3,1,1,1.916290731874155,1.916290731874155,2026-01-26T12:31:15Z,2026-01-26T12:31:15Z
972,ntbl_api lstbl_nid swtbl_poe,ntbl_api lstbl_nid swtbl_poe,3,1,1,1.916290731874155,1.916290731874155,2026-01-26T12:31:15Z,2026-01-26T12:31:15Z
973,lsfrestart,lsfrestart,1,1,1,1.916290731874155,1.916290731874155,2026-01-26T12:31:15Z,2026-01-26T12:31:15Z
974,main types resources,main type resource,3,1,1,1.916290731874155,1.916290731874155,2026-01-26T12:31:15Z,2026-01-26T12:31:15Z
975,software licenses,software license,2,3,1,1.916290731874155,5.748872195622465,2026-01-26T12:31:15Z,2026-01-26T12:31:15Z
976,software,software,1,1,1,1.916290731874155,1.916290731874155,2026-01-26T12:31:15Z,2026-01-26T12:31:15Z
977,group LSF hosts,group lsf host,3,1,1,1.916290731874155,1.916290731874155,2026-01-26T12:31:15Z,2026-01-26T12:31:15Z
978,availability resources,availability resource,2,1,1,1.916290731874155,1.916290731874155,2026-01-26T12:31:15Z,2026-01-26T12:31:15Z
979,common application,common application,2,1,1,1.916290731874155,1.916290731874155,2026-01-26T12:31:15Z,2026-01-26T12:31:15Z
980,software application licenses,software application license,3,1,1,1.916290731874155,1.916290731874155,2026-01-26T12:31:15Z,2026-01-26T12:31:15Z
981,licenses LSF,license lsf,2,1,1,1.916290731874155,1.916290731874155,2026-01-26T12:31:15Z,2026-01-26T12:31:15Z
982,application licenses,application license,2,1,1,1.916290731874155,1.916290731874155,2026-01-26T12:31:15Z,2026-01-26T12:31:15Z
983,resources ELIM,resource elim,2,1,1,1.916290731874155,1.916290731874155,2026-01-26T12:31:15Z,2026-01-26T12:31:15Z
984,type resource,type resource,2,1,1,1.916290731874155,1.916290731874155,2026-01-26T12:31:15Z,2026-01-26T12:31:15Z
985,external load indexes,external load index,3,4,1,1.916290731874155,7.66516292749662,2026-01-26T12:31:15Z,2026-01-26T12:31:15Z
986,LSF updates,lsf update,2,2,2,1.5108256237659907,3.0216512475319814,2026-01-26T12:31:15Z,2026-01-26T12:31:15Z
987,indexes,index,1,4,1,1.916290731874155,7.66516292749662,2026-01-26T12:31:15Z,2026-01-26T12:31:15Z
988,program,program,1,1,1,1.916290731874155,1.916290731874155,2026-01-26T12:31:15Z,2026-01-26T12:31:15Z
989,ELIM shell script,elim shell script,3,1,1,1.916290731874155,1.916290731874155,2026-01-26T12:31:15Z,2026-01-26T12:31:15Z
990,binary program,binary program,2,1,1,1.916290731874155,1.916290731874155,2026-01-26T12:31:15Z,2026-01-26T12:31:15Z
991,LSF_SERVERDIR directory,lsf_serverdir directory,2,2,1,1.916290731874155,3.83258146374831,2026-01-26T12:31:15Z,2026-01-26T12:31:15Z
992,lsf.shared file,lsf.shared file,2,8,1,1.916290731874155,15.33032585499324,2026-01-26T12:31:15Z,2026-01-26T12:31:15Z
993,resources software licenses,resource software license,3,1,1,1.916290731874155,1.916290731874155,2026-01-26T12:31:15Z,2026-01-26T12:31:15Z
994,license1 license,license1 license,2,1,1,1.916290731874155,1.916290731874155,2026-01-26T12:31:15Z,2026-01-26T12:31:15Z
995,RESOURCENAME TYPE INTERVAL,resourcename type interval,3,1,1,1.916290731874155,1.916290731874155,2026-01-26T12:31:15Z,2026-01-26T12:31:15Z
996,RELEASE DESCRIPTION Keywords,release description keyword,3,1,1,1.916290731874155,1.916290731874155,2026-01-26T12:31:15Z,2026-01-26T12:31:15Z
997,license1 Numeric,license1 numeric,2,1,1,1.916290731874155,1.916290731874155,2026-01-26T12:31:15Z,2026-01-26T12:31:15Z
998,license2 Numeric,license2 numeric,2,1,1,1.916290731874155,1.916290731874155,2026-01-26T12:31:15Z,2026-01-26T12:31:15Z
999,TYPE parameter,type parameter,2,1,1,1.916290731874155,1.916290731874155,2026-01-26T12:31:15Z,2026-01-26T12:31:15Z
1000,Numeric,numeric,1,1,1,1.916290731874155,1.916290731874155,2026-01-26T12:31:15Z,2026-01-26T12:31:15Z
1001,Boolean,boolean,1,1,1,1.916290731874155,1.916290731874155,2026-01-26T12:31:15Z,2026-01-26T12:31:15Z
1002,String,string,1,1,1,1.916290731874155,1.916290731874155,2026-01-26T12:31:15Z,2026-01-26T12:31:15Z
1003,case resource Numeric,case resource numeric,3,1,1,1.916290731874155,1.916290731874155,2026-01-26T12:31:15Z,2026-01-26T12:31:15Z
1004,INTERVAL parameter specifies,interval parameter specifie,3,1,1,1.916290731874155,1.916290731874155,2026-01-26T12:31:15Z,2026-01-26T12:31:15Z
1005,resources license,resource license,2,1,1,1.916290731874155,1.916290731874155,2026-01-26T12:31:15Z,2026-01-26T12:31:15Z
1006,N INCREASING column,n increasing column,3,1,1,1.916290731874155,1.916290731874155,2026-01-26T12:31:15Z,2026-01-26T12:31:15Z
1007,license resources,license resource,2,2,1,1.916290731874155,3.83258146374831,2026-01-26T12:31:15Z,2026-01-26T12:31:15Z
1008,licenses available load,license available load,3,1,1,1.916290731874155,1.916290731874155,2026-01-26T12:31:15Z,2026-01-26T12:31:15Z
1009,Y RELEASE column,y release column,3,1,1,1.916290731874155,1.916290731874155,2026-01-26T12:31:15Z,2026-01-26T12:31:15Z
1010,resources hosts,resource host,2,1,1,1.916290731874155,1.916290731874155,2026-01-26T12:31:15Z,2026-01-26T12:31:15Z
1011,resources license1 license,resource license1 license,3,2,1,1.916290731874155,3.83258146374831,2026-01-26T12:31:15Z,2026-01-26T12:31:15Z
1012,ResourceMap section,resourcemap section,2,1,1,1.916290731874155,1.916290731874155,2026-01-26T12:31:15Z,2026-01-26T12:31:15Z
1013,mapping,mapping,1,1,1,1.916290731874155,1.916290731874155,2026-01-26T12:31:15Z,2026-01-26T12:31:15Z
1014,ResourceMap,resourcemap,1,2,1,1.916290731874155,3.83258146374831,2026-01-26T12:31:15Z,2026-01-26T12:31:15Z
1015,RESOURCENAME LOCATION,resourcename location,2,1,1,1.916290731874155,1.916290731874155,2026-01-26T12:31:15Z,2026-01-26T12:31:15Z
1016,management host resources,management host resource,3,1,1,1.916290731874155,1.916290731874155,2026-01-26T12:31:15Z,2026-01-26T12:31:15Z
1017,number_indexes,number_indexe,1,1,1,1.916290731874155,1.916290731874155,2026-01-26T12:31:15Z,2026-01-26T12:31:15Z
1018,index_name index_value,index_name index_value,2,1,1,1.916290731874155,1.916290731874155,2026-01-26T12:31:15Z,2026-01-26T12:31:15Z
1019,ELIM program,elim program,2,3,1,1.916290731874155,5.748872195622465,2026-01-26T12:31:15Z,2026-01-26T12:31:15Z
1020,ELIM executable program,elim executable program,3,1,1,1.916290731874155,1.916290731874155,2026-01-26T12:31:15Z,2026-01-26T12:31:15Z
1021,lim daemon,lim daemon,2,2,1,1.916290731874155,3.83258146374831,2026-01-26T12:31:15Z,2026-01-26T12:31:15Z
1022,elim program host,elim program host,3,1,1,1.916290731874155,1.916290731874155,2026-01-26T12:31:15Z,2026-01-26T12:31:15Z
1023,LSF resource,lsf resource,2,1,1,1.916290731874155,1.916290731874155,2026-01-26T12:31:15Z,2026-01-26T12:31:15Z
1024,FLEXlm license server,flexlm license server,3,1,1,1.916290731874155,1.916290731874155,2026-01-26T12:31:15Z,2026-01-26T12:31:15Z
1025,lic,lic,1,1,1,1.916290731874155,1.916290731874155,2026-01-26T12:31:15Z,2026-01-26T12:31:15Z
1026,-c,-c,1,3,2,1.5108256237659907,4.532476871297972,2026-01-26T12:31:15Z,2026-01-26T12:31:15Z
1027,TMPLICS,tmplic,1,1,1,1.916290731874155,1.916290731874155,2026-01-26T12:31:15Z,2026-01-26T12:31:15Z
1028,NUMLIC,numlic,1,1,1,1.916290731874155,1.916290731874155,2026-01-26T12:31:15Z,2026-01-26T12:31:15Z
1029,sign,sign,1,1,1,1.916290731874155,1.916290731874155,2026-01-26T12:31:15Z,2026-01-26T12:31:15Z
1030,LSF following commands,lsf following command,3,1,1,1.916290731874155,1.916290731874155,2026-01-26T12:31:15Z,2026-01-26T12:31:15Z
1031,badmin reconfig,badmin reconfig,2,1,1,1.916290731874155,1.916290731874155,2026-01-26T12:31:15Z,2026-01-26T12:31:15Z
1032,Submit jobs,submit job,2,1,1,1.916290731874155,1.916290731874155,2026-01-26T12:31:15Z,2026-01-26T12:31:15Z
1033,batch job,batch job,2,2,1,1.916290731874155,3.83258146374831,2026-01-26T12:31:15Z,2026-01-26T12:31:15Z
1034,license1 resource,license1 resource,2,1,1,1.916290731874155,1.916290731874155,2026-01-26T12:31:15Z,2026-01-26T12:31:15Z
1035,minute LSF time,minute lsf time,3,1,1,1.916290731874155,1.916290731874155,2026-01-26T12:31:15Z,2026-01-26T12:31:15Z
1036,FLEXlm,flexlm,1,1,1,1.916290731874155,1.916290731874155,2026-01-26T12:31:15Z,2026-01-26T12:31:15Z
1037,parameter queue,parameter queue,2,1,1,1.916290731874155,1.916290731874155,2026-01-26T12:31:15Z,2026-01-26T12:31:15Z
1038,resource requirement string,resource requirement string,3,1,1,1.916290731874155,1.916290731874155,2026-01-26T12:31:15Z,2026-01-26T12:31:15Z
1039,license1 myjob,license1 myjob,2,1,1,1.916290731874155,1.916290731874155,2026-01-26T12:31:15Z,2026-01-26T12:31:15Z
1040,licenses available LSF,license available lsf,3,1,1,1.916290731874155,1.916290731874155,2026-01-26T12:31:15Z,2026-01-26T12:31:15Z
1041,licenses use LSF,license use lsf,3,1,1,1.916290731874155,1.916290731874155,2026-01-26T12:31:15Z,2026-01-26T12:31:15Z
1042,licenses best advantage,license good advantage,3,1,1,1.916290731874155,1.916290731874155,2026-01-26T12:31:15Z,2026-01-26T12:31:15Z
1043,Configuration Reference,configuration reference,2,1,1,1.916290731874155,1.916290731874155,2026-01-26T12:31:15Z,2026-01-26T12:31:15Z
1044,external resources cluster,external resource cluster,3,1,1,1.916290731874155,1.916290731874155,2026-01-26T12:31:15Z,2026-01-26T12:31:15Z
1045,resources External load,resource external load,3,1,1,1.916290731874155,1.916290731874155,2026-01-26T12:31:15Z,2026-01-26T12:31:15Z
1046,IBM Support,ibm support,2,4,1,1.916290731874155,7.66516292749662,2026-01-26T12:31:15Z,2026-01-26T12:31:15Z
1047,error log,error log,2,1,1,1.916290731874155,1.916290731874155,2026-01-26T12:31:15Z,2026-01-26T12:31:15Z
1048,Log messages,log message,2,2,1,1.916290731874155,3.83258146374831,2026-01-26T12:31:15Z,2026-01-26T12:31:15Z
1049,error messages,error message,2,6,1,1.916290731874155,11.49774439124493,2026-01-26T12:31:15Z,2026-01-26T12:31:15Z
1050,error log files,error log file,3,1,1,1.916290731874155,1.916290731874155,2026-01-26T12:31:15Z,2026-01-26T12:31:15Z
1051,LSF error,lsf error,2,2,1,1.916290731874155,3.83258146374831,2026-01-26T12:31:15Z,2026-01-26T12:31:15Z
1052,LSF_LOGDIR parameter lsf.conf,lsf_logdir parameter lsf.conf,3,1,1,1.916290731874155,1.916290731874155,2026-01-26T12:31:15Z,2026-01-26T12:31:15Z
1053,LSF_LOGDIR root,lsf_logdir root,2,1,1,1.916290731874155,1.916290731874155,2026-01-26T12:31:15Z,2026-01-26T12:31:15Z
1054,LSF_LOGDIR error logs,lsf_logdir error log,3,1,1,1.916290731874155,1.916290731874155,2026-01-26T12:31:15Z,2026-01-26T12:31:15Z
1055,lim.log.host_name,lim.log.host_name,1,1,1,1.916290731874155,1.916290731874155,2026-01-26T12:31:15Z,2026-01-26T12:31:15Z
1056,res.log.host_name,res.log.host_name,1,1,1,1.916290731874155,1.916290731874155,2026-01-26T12:31:15Z,2026-01-26T12:31:15Z
1057,pim.log.host_name,pim.log.host_name,1,1,1,1.916290731874155,1.916290731874155,2026-01-26T12:31:15Z,2026-01-26T12:31:15Z
1058,error problems,error problem,2,1,1,1.916290731874155,1.916290731874155,2026-01-26T12:31:15Z,2026-01-26T12:31:15Z
1059,section troubleshooting steps,section troubleshooting step,3,1,1,1.916290731874155,1.916290731874155,2026-01-26T12:31:15Z,2026-01-26T12:31:15Z
1060,situation,situation,1,1,1,1.916290731874155,1.916290731874155,2026-01-26T12:31:15Z,2026-01-26T12:31:15Z
1061,bctrld restart lim,bctrld restart lim,3,1,1,1.916290731874155,1.916290731874155,2026-01-26T12:31:15Z,2026-01-26T12:31:15Z
1062,bctrld restart,bctrld restart,2,1,1,1.916290731874155,1.916290731874155,2026-01-26T12:31:15Z,2026-01-26T12:31:15Z
1063,LSF_MASTER_LIST parameter,lsf_master_list parameter,2,1,1,1.916290731874155,1.916290731874155,2026-01-26T12:31:15Z,2026-01-26T12:31:15Z
1064,error logs hosts,error log host,3,1,1,1.916290731874155,1.916290731874155,2026-01-26T12:31:15Z,2026-01-26T12:31:15Z
1065,lsid file,lsid file,2,1,1,1.916290731874155,1.916290731874155,2026-01-26T12:31:15Z,2026-01-26T12:31:15Z
1066,LSF environment cshrc.lsf,lsf environment cshrc.lsf,3,1,1,1.916290731874155,1.916290731874155,2026-01-26T12:31:15Z,2026-01-26T12:31:15Z
1067,symbolic link,symbolic link,2,2,1,1.916290731874155,3.83258146374831,2026-01-26T12:31:15Z,2026-01-26T12:31:15Z
1068,csrhc.lsf profile.lsf script,csrhc.lsf profile.lsf script,3,1,1,1.916290731874155,1.916290731874155,2026-01-26T12:31:15Z,2026-01-26T12:31:15Z
1069,LSF LIM daemon,lsf lim daemon,3,1,1,1.916290731874155,1.916290731874155,2026-01-26T12:31:15Z,2026-01-26T12:31:15Z
1070,LIM error log,lim error log,3,1,1,1.916290731874155,1.916290731874155,2026-01-26T12:31:15Z,2026-01-26T12:31:15Z
1071,LIM communication,lim communication,2,1,1,1.916290731874155,1.916290731874155,2026-01-26T12:31:15Z,2026-01-26T12:31:15Z
1072,instances LIM,instance lim,2,2,1,1.916290731874155,3.83258146374831,2026-01-26T12:31:15Z,2026-01-26T12:31:15Z
1073,minutes,minute,1,1,1,1.916290731874155,1.916290731874155,2026-01-26T12:31:15Z,2026-01-26T12:31:15Z
1074,client,client,1,2,1,1.916290731874155,3.83258146374831,2026-01-26T12:31:15Z,2026-01-26T12:31:15Z
1075,LIM LSF_SERVER_HOSTS,lim lsf_server_host,2,1,1,1.916290731874155,1.916290731874155,2026-01-26T12:31:15Z,2026-01-26T12:31:15Z
1076,command hosts,command host,2,1,1,1.916290731874155,1.916290731874155,2026-01-26T12:31:15Z,2026-01-26T12:31:15Z
1077,local LIM,local lim,2,1,1,1.916290731874155,1.916290731874155,2026-01-26T12:31:15Z,2026-01-26T12:31:15Z
1078,master LIM,master lim,2,2,1,1.916290731874155,3.83258146374831,2026-01-26T12:31:15Z,2026-01-26T12:31:15Z
1079,LIM error,lim error,2,2,1,1.916290731874155,3.83258146374831,2026-01-26T12:31:15Z,2026-01-26T12:31:15Z
1080,LSF_MASTER_LIST,lsf_master_list,1,1,1,1.916290731874155,1.916290731874155,2026-01-26T12:31:15Z,2026-01-26T12:31:15Z
1081,Management host LIM,management host lim,3,7,1,1.916290731874155,13.414035123119085,2026-01-26T12:31:15Z,2026-01-26T12:31:15Z
1082,lsload lshosts command,lsload lshost command,3,1,1,1.916290731874155,1.916290731874155,2026-01-26T12:31:15Z,2026-01-26T12:31:15Z
1083,loopback IP,loopback ip,2,1,1,1.916290731874155,1.916290731874155,2026-01-26T12:31:15Z,2026-01-26T12:31:15Z
1084,address,address,1,1,1,1.916290731874155,1.916290731874155,2026-01-26T12:31:15Z,2026-01-26T12:31:15Z
1085,LSF client LIM,lsf client lim,3,1,1,1.916290731874155,1.916290731874155,2026-01-26T12:31:15Z,2026-01-26T12:31:15Z
1086,official host,official host,2,1,1,1.916290731874155,1.916290731874155,2026-01-26T12:31:15Z,2026-01-26T12:31:15Z
1087,fact,fact,1,1,1,1.916290731874155,1.916290731874155,2026-01-26T12:31:15Z,2026-01-26T12:31:15Z
1088,localhost myhostname,localhost myhostname,2,1,1,1.916290731874155,1.916290731874155,2026-01-26T12:31:15Z,2026-01-26T12:31:15Z
1089,fe00::0 ipv6 localnet,fe00::0 ipv6 localnet,3,1,1,1.916290731874155,1.916290731874155,2026-01-26T12:31:15Z,2026-01-26T12:31:15Z
1090,ff00::0 ipv6 mcastprefix,ff00::0 ipv6 mcastprefix,3,1,1,1.916290731874155,1.916290731874155,2026-01-26T12:31:15Z,2026-01-26T12:31:15Z
1091,ipv,ipv,1,1,1,1.916290731874155,1.916290731874155,2026-01-26T12:31:15Z,2026-01-26T12:31:15Z
1092,ff02::2 ipv6 allrouters,ff02::2 ipv6 allrouter,3,1,1,1.916290731874155,1.916290731874155,2026-01-26T12:31:15Z,2026-01-26T12:31:15Z
1093,ff02::3 ipv6 allhosts,ff02::3 ipv6 allhost,3,1,1,1.916290731874155,1.916290731874155,2026-01-26T12:31:15Z,2026-01-26T12:31:15Z
1094,User permission,user permission,2,1,1,1.916290731874155,1.916290731874155,2026-01-26T12:31:15Z,2026-01-26T12:31:15Z
1095,remote host,remote host,2,4,1,1.916290731874155,7.66516292749662,2026-01-26T12:31:15Z,2026-01-26T12:31:15Z
1096,user ID user,user id user,3,1,1,1.916290731874155,1.916290731874155,2026-01-26T12:31:15Z,2026-01-26T12:31:15Z
1097,permission,permission,1,1,1,1.916290731874155,1.916290731874155,2026-01-26T12:31:15Z,2026-01-26T12:31:15Z
1098,identification daemon,identification daemon,2,2,1,1.916290731874155,3.83258146374831,2026-01-26T12:31:15Z,2026-01-26T12:31:15Z
1099,root setuid bit,root setuid bit,3,2,1,1.916290731874155,3.83258146374831,2026-01-26T12:31:15Z,2026-01-26T12:31:15Z
1100,chmod,chmod,1,1,1,1.916290731874155,1.916290731874155,2026-01-26T12:31:15Z,2026-01-26T12:31:15Z
1101,filename command,filename command,2,1,1,1.916290731874155,1.916290731874155,2026-01-26T12:31:15Z,2026-01-26T12:31:15Z
1102,nosuid flag,nosuid flag,2,2,1,1.916290731874155,3.83258146374831,2026-01-26T12:31:15Z,2026-01-26T12:31:15Z
1103,hosts.equiv,hosts.equiv,1,1,1,1.916290731874155,1.916290731874155,2026-01-26T12:31:15Z,2026-01-26T12:31:15Z
1104,LSF_USE_HOSTEQUIV,lsf_use_hostequiv,1,1,1,1.916290731874155,1.916290731874155,2026-01-26T12:31:15Z,2026-01-26T12:31:15Z
1105,Windows hosts users,window host user,3,1,1,1.916290731874155,1.916290731874155,2026-01-26T12:31:15Z,2026-01-26T12:31:15Z
1106,characters,character,1,3,1,1.916290731874155,5.748872195622465,2026-01-26T12:31:15Z,2026-01-26T12:31:15Z
1107,file system environment,file system environment,3,1,1,1.916290731874155,1.916290731874155,2026-01-26T12:31:15Z,2026-01-26T12:31:15Z
1108,parameter LSF_MASTER_LIST,parameter lsf_master_list,2,1,1,1.916290731874155,1.916290731874155,2026-01-26T12:31:15Z,2026-01-26T12:31:15Z
1109,lsf.conf file jobs,lsf.conf file job,3,1,1,1.916290731874155,1.916290731874155,2026-01-26T12:31:15Z,2026-01-26T12:31:15Z
1110,correct permissions,correct permission,2,1,1,1.916290731874155,1.916290731874155,2026-01-26T12:31:15Z,2026-01-26T12:31:15Z
1111,parameter LSF,parameter lsf,2,1,1,1.916290731874155,1.916290731874155,2026-01-26T12:31:15Z,2026-01-26T12:31:15Z
1112,system environment,system environment,2,1,1,1.916290731874155,1.916290731874155,2026-01-26T12:31:15Z,2026-01-26T12:31:15Z
1113,Remote execution,remote execution,2,1,1,1.916290731874155,1.916290731874155,2026-01-26T12:31:15Z,2026-01-26T12:31:15Z
1114,uniform file space,uniform file space,3,1,1,1.916290731874155,1.916290731874155,2026-01-26T12:31:15Z,2026-01-26T12:31:15Z
1115,chdir,chdir,1,1,1,1.916290731874155,1.916290731874155,2026-01-26T12:31:15Z,2026-01-26T12:31:15Z
1116,file directory message,file directory message,3,1,1,1.916290731874155,1.916290731874155,2026-01-26T12:31:15Z,2026-01-26T12:31:15Z
1117,current working directory,current working directory,3,2,1,1.916290731874155,3.83258146374831,2026-01-26T12:31:15Z,2026-01-26T12:31:15Z
1118,problems automount,problem automount,2,1,1,1.916290731874155,1.916290731874155,2026-01-26T12:31:15Z,2026-01-26T12:31:15Z
1119,automount maps,automount map,2,1,1,1.916290731874155,1.916290731874155,2026-01-26T12:31:15Z,2026-01-26T12:31:15Z
1120,NIS,nis,1,1,1,1.916290731874155,1.916290731874155,2026-01-26T12:31:15Z,2026-01-26T12:31:15Z
1121,directories remote hosts,directory remote host,3,1,1,1.916290731874155,1.916290731874155,2026-01-26T12:31:15Z,2026-01-26T12:31:15Z
1122,Batch daemons,batch daemon,2,1,1,1.916290731874155,1.916290731874155,2026-01-26T12:31:15Z,2026-01-26T12:31:15Z
1123,errors configuration files,error configuration file,3,1,1,1.916290731874155,1.916290731874155,2026-01-26T12:31:15Z,2026-01-26T12:31:15Z
1124,sbatchd daemon,sbatchd daemon,2,3,1,1.916290731874155,5.748872195622465,2026-01-26T12:31:15Z,2026-01-26T12:31:15Z
1125,LIM communication times,lim communication time,3,1,1,1.916290731874155,1.916290731874155,2026-01-26T12:31:15Z,2026-01-26T12:31:15Z
1126,orphaned job processes,orphaned job process,3,1,1,1.916290731874155,1.916290731874155,2026-01-26T12:31:15Z,2026-01-26T12:31:15Z
1127,process groups,process group,2,4,1,1.916290731874155,7.66516292749662,2026-01-26T12:31:15Z,2026-01-26T12:31:15Z
1128,processes job application,process job application,3,1,1,1.916290731874155,1.916290731874155,2026-01-26T12:31:15Z,2026-01-26T12:31:15Z
1129,parent,parent,1,1,1,1.916290731874155,1.916290731874155,2026-01-26T12:31:15Z,2026-01-26T12:31:15Z
1130,child process group,child process group,3,1,1,1.916290731874155,1.916290731874155,2026-01-26T12:31:15Z,2026-01-26T12:31:15Z
1131,parent process,parent process,2,1,1,1.916290731874155,1.916290731874155,2026-01-26T12:31:15Z,2026-01-26T12:31:15Z
1132,information process,information process,2,1,1,1.916290731874155,1.916290731874155,2026-01-26T12:31:15Z,2026-01-26T12:31:15Z
1133,Linux cgroup memory,linux cgroup memory,3,1,1,1.916290731874155,1.916290731874155,2026-01-26T12:31:15Z,2026-01-26T12:31:15Z
1134,subsystem,subsystem,1,1,1,1.916290731874155,1.916290731874155,2026-01-26T12:31:15Z,2026-01-26T12:31:15Z
1135,job PIM,job pim,2,1,1,1.916290731874155,1.916290731874155,2026-01-26T12:31:15Z,2026-01-26T12:31:15Z
1136,reliable,reliable,1,1,1,1.916290731874155,1.916290731874155,2026-01-26T12:31:15Z,2026-01-26T12:31:15Z
1137,track process,track process,2,1,1,1.916290731874155,1.916290731874155,2026-01-26T12:31:15Z,2026-01-26T12:31:15Z
1138,child processes,child process,2,1,1,1.916290731874155,1.916290731874155,2026-01-26T12:31:15Z,2026-01-26T12:31:15Z
1139,parent process group,parent process group,3,1,1,1.916290731874155,1.916290731874155,2026-01-26T12:31:15Z,2026-01-26T12:31:15Z
1140,unknown host,unknown host,2,2,1,1.916290731874155,3.83258146374831,2026-01-26T12:31:15Z,2026-01-26T12:31:15Z
1141,mbatchd daemon host,mbatchd daemon host,3,1,1,1.916290731874155,1.916290731874155,2026-01-26T12:31:15Z,2026-01-26T12:31:15Z
1142,mbatchd daemon mbatchd,mbatchd daemon mbatchd,3,1,1,1.916290731874155,1.916290731874155,2026-01-26T12:31:15Z,2026-01-26T12:31:15Z
1143,model type UNKNOWN,model type unknown,3,1,1,1.916290731874155,1.916290731874155,2026-01-26T12:31:15Z,2026-01-26T12:31:15Z
1144,host LIM host,host lim host,3,1,1,1.916290731874155,1.916290731874155,2026-01-26T12:31:15Z,2026-01-26T12:31:15Z
1145,action,action,1,1,1,1.916290731874155,1.916290731874155,2026-01-26T12:31:15Z,2026-01-26T12:31:15Z
1146,lshosts,lshost,1,5,1,1.916290731874155,9.581453659370776,2026-01-26T12:31:15Z,2026-01-26T12:31:15Z
1147,hostA UNKNOWN Ultra,hosta unknown ultra,3,1,1,1.916290731874155,1.916290731874155,2026-01-26T12:31:15Z,2026-01-26T12:31:15Z
1148,lim command,lim command,2,1,1,1.916290731874155,1.916290731874155,2026-01-26T12:31:15Z,2026-01-26T12:31:15Z
1149,lim hostA,lim hosta,2,2,1,1.916290731874155,3.83258146374831,2026-01-26T12:31:15Z,2026-01-26T12:31:15Z
1150,EGO,ego,1,2,1,1.916290731874155,3.83258146374831,2026-01-26T12:31:15Z,2026-01-26T12:31:15Z
1151,egosh ego,egosh ego,2,1,1,1.916290731874155,1.916290731874155,2026-01-26T12:31:15Z,2026-01-26T12:31:15Z
1152,LIM multiple hosts,lim multiple host,3,1,1,1.916290731874155,1.916290731874155,2026-01-26T12:31:15Z,2026-01-26T12:31:15Z
1153,host LIM,host lim,2,1,1,1.916290731874155,1.916290731874155,2026-01-26T12:31:15Z,2026-01-26T12:31:15Z
1154,UNIX Linux root,unix linux root,3,1,1,1.916290731874155,1.916290731874155,2026-01-26T12:31:15Z,2026-01-26T12:31:15Z
1155,rsh command hosts,rsh command host,3,1,1,1.916290731874155,1.916290731874155,2026-01-26T12:31:15Z,2026-01-26T12:31:15Z
1156,lshosts command,lshost command,2,1,1,1.916290731874155,1.916290731874155,2026-01-26T12:31:15Z,2026-01-26T12:31:15Z
1157,automatic detection,automatic detection,2,1,1,1.916290731874155,1.916290731874155,2026-01-26T12:31:15Z,2026-01-26T12:31:15Z
1158,host type model,host type model,3,1,1,1.916290731874155,1.916290731874155,2026-01-26T12:31:15Z,2026-01-26T12:31:15Z
1159,host DEFAULT,host default,2,1,1,1.916290731874155,1.916290731874155,2026-01-26T12:31:15Z,2026-01-26T12:31:15Z
1160,binary incompatibility job,binary incompatibility job,3,1,1,1.916290731874155,1.916290731874155,2026-01-26T12:31:15Z,2026-01-26T12:31:15Z
1161,DEFAULT host type,default host type,3,2,1,1.916290731874155,3.83258146374831,2026-01-26T12:31:15Z,2026-01-26T12:31:15Z
1162,DEFAULT lim,default lim,2,1,1,1.916290731874155,1.916290731874155,2026-01-26T12:31:15Z,2026-01-26T12:31:15Z
1163,-t,-t,1,5,1,1.916290731874155,9.581453659370776,2026-01-26T12:31:15Z,2026-01-26T12:31:15Z
1164,DEFAULT type,default type,2,1,1,1.916290731874155,1.916290731874155,2026-01-26T12:31:15Z,2026-01-26T12:31:15Z
1165,hostA DEFAULT DEFAULT,hosta default default,3,1,1,1.916290731874155,1.916290731874155,2026-01-26T12:31:15Z,2026-01-26T12:31:15Z
1166,host CPU factor,host cpu factor,3,1,1,1.916290731874155,1.916290731874155,2026-01-26T12:31:15Z,2026-01-26T12:31:15Z
1167,Linux host,linux host,2,1,1,1.916290731874155,1.916290731874155,2026-01-26T12:31:15Z,2026-01-26T12:31:15Z
1168,AIX host jobs,aix host job,3,1,1,1.916290731874155,1.916290731874155,2026-01-26T12:31:15Z,2026-01-26T12:31:15Z
1169,AIX host,aix host,2,1,1,1.916290731874155,1.916290731874155,2026-01-26T12:31:15Z,2026-01-26T12:31:15Z
1170,host type DEFAULT,host type default,3,1,1,1.916290731874155,1.916290731874155,2026-01-26T12:31:15Z,2026-01-26T12:31:15Z
1171,Host Type NTX,host type ntx,3,1,1,1.916290731874155,1.916290731874155,2026-01-26T12:31:15Z,2026-01-26T12:31:15Z
1172,Total NUMA Nodes,total numa node,3,1,1,1.916290731874155,1.916290731874155,2026-01-26T12:31:15Z,2026-01-26T12:31:15Z
1173,Total Processors,total processor,2,1,1,1.916290731874155,1.916290731874155,2026-01-26T12:31:15Z,2026-01-26T12:31:15Z
1174,Total Cores,total core,2,1,1,1.916290731874155,1.916290731874155,2026-01-26T12:31:15Z,2026-01-26T12:31:15Z
1175,Total Threads,total thread,2,1,1,1.916290731874155,1.916290731874155,2026-01-26T12:31:15Z,2026-01-26T12:31:15Z
1176,Matched Type NTX,matched type ntx,3,1,1,1.916290731874155,1.916290731874155,2026-01-26T12:31:15Z,2026-01-26T12:31:15Z
1177,Architecture,architecture,1,2,1,1.916290731874155,3.83258146374831,2026-01-26T12:31:15Z,2026-01-26T12:31:15Z
1178,HostType section,hosttype section,2,1,1,1.916290731874155,1.916290731874155,2026-01-26T12:31:15Z,2026-01-26T12:31:15Z
1179,HostType,hosttype,1,1,1,1.916290731874155,1.916290731874155,2026-01-26T12:31:15Z,2026-01-26T12:31:15Z
1180,TYPENAME,typename,1,1,1,1.916290731874155,1.916290731874155,2026-01-26T12:31:15Z,2026-01-26T12:31:15Z
1181,CRAYJ,crayj,1,1,1,1.916290731874155,1.916290731874155,2026-01-26T12:31:15Z,2026-01-26T12:31:15Z
1182,NTX,ntx,1,1,1,1.916290731874155,1.916290731874155,2026-01-26T12:31:15Z,2026-01-26T12:31:15Z
1183,HostModel section,hostmodel section,2,1,1,1.916290731874155,1.916290731874155,2026-01-26T12:31:15Z,2026-01-26T12:31:15Z
1184,line limit,line limit,2,1,1,1.916290731874155,1.916290731874155,2026-01-26T12:31:15Z,2026-01-26T12:31:15Z
1185,HostModel,hostmodel,1,1,1,1.916290731874155,1.916290731874155,2026-01-26T12:31:15Z,2026-01-26T12:31:15Z
1186,Intel_EM64 T,intel_em64 t,2,1,1,1.916290731874155,1.916290731874155,2026-01-26T12:31:15Z,2026-01-26T12:31:15Z
1187,changes lsf.shared file,change lsf.shared file,3,1,1,1.916290731874155,1.916290731874155,2026-01-26T12:31:15Z,2026-01-26T12:31:15Z
1188,type model host,type model host,3,1,1,1.916290731874155,1.916290731874155,2026-01-26T12:31:15Z,2026-01-26T12:31:15Z
1189,authentication client eauth,authentication client eauth,3,1,1,1.916290731874155,1.916290731874155,2026-01-26T12:31:15Z,2026-01-26T12:31:15Z
1190,token,token,1,1,1,1.916290731874155,1.916290731874155,2026-01-26T12:31:15Z,2026-01-26T12:31:15Z
1191,timestamp,timestamp,1,1,1,1.916290731874155,1.916290731874155,2026-01-26T12:31:15Z,2026-01-26T12:31:15Z
1192,hosts cluster sync,host cluster sync,3,1,1,1.916290731874155,1.916290731874155,2026-01-26T12:31:15Z,2026-01-26T12:31:15Z
1193,clocks hosts,clock host,2,1,1,1.916290731874155,1.916290731874155,2026-01-26T12:31:15Z,2026-01-26T12:31:15Z
1194,General errors,general error,2,2,1,1.916290731874155,3.83258146374831,2026-01-26T12:31:15Z,2026-01-26T12:31:15Z
1195,file error,file error,2,1,1,1.916290731874155,1.916290731874155,2026-01-26T12:31:15Z,2026-01-26T12:31:15Z
1196,file reason,file reason,2,1,1,1.916290731874155,1.916290731874155,2026-01-26T12:31:15Z,2026-01-26T12:31:15Z
1197,incorrect file permissions,incorrect file permission,3,1,1,1.916290731874155,1.916290731874155,2026-01-26T12:31:15Z,2026-01-26T12:31:15Z
1198,r permission,r permission,2,1,1,1.916290731874155,1.916290731874155,2026-01-26T12:31:15Z,2026-01-26T12:31:15Z
1199,file directory,file directory,2,1,1,1.916290731874155,1.916290731874155,2026-01-26T12:31:15Z,2026-01-26T12:31:15Z
1200,Memory allocation,memory allocation,2,1,1,1.916290731874155,1.916290731874155,2026-01-26T12:31:15Z,2026-01-26T12:31:15Z
1201,swap space,swap space,2,1,1,1.916290731874155,1.916290731874155,2026-01-26T12:31:15Z,2026-01-26T12:31:15Z
1202,smaller programs host,small program host,3,1,1,1.916290731874155,1.916290731874155,2026-01-26T12:31:15Z,2026-01-26T12:31:15Z
1203,error ident,error ident,2,1,1,1.916290731874155,1.916290731874155,2026-01-26T12:31:15Z,2026-01-26T12:31:15Z
1204,services database,service database,2,1,1,1.916290731874155,1.916290731874155,2026-01-26T12:31:15Z,2026-01-26T12:31:15Z
1205,ident tcp,ident tcp,2,1,1,1.916290731874155,1.916290731874155,2026-01-26T12:31:15Z,2026-01-26T12:31:15Z
1206,identd daemon host,identd daemon host,3,2,1,1.916290731874155,3.83258146374831,2026-01-26T12:31:15Z,2026-01-26T12:31:15Z
1207,identd,identd,1,1,1,1.916290731874155,1.916290731874155,2026-01-26T12:31:15Z,2026-01-26T12:31:15Z
1208,inetd.conf identd daemon,inetd.conf identd daemon,3,1,1,1.916290731874155,1.916290731874155,2026-01-26T12:31:15Z,2026-01-26T12:31:15Z
1209,Authentication port mismatch,authentication port mismatch,3,1,1,1.916290731874155,1.916290731874155,2026-01-26T12:31:15Z,2026-01-26T12:31:15Z
1210,request,request,1,4,1,1.916290731874155,7.66516292749662,2026-01-26T12:31:15Z,2026-01-26T12:31:15Z
1211,privileged port request,privileged port request,3,1,1,1.916290731874155,1.916290731874155,2026-01-26T12:31:15Z,2026-01-26T12:31:15Z
1212,LSF binary files,lsf binary file,3,1,1,1.916290731874155,1.916290731874155,2026-01-26T12:31:15Z,2026-01-26T12:31:15Z
1213,ident server,ident server,2,1,1,1.916290731874155,1.916290731874155,2026-01-26T12:31:15Z,2026-01-26T12:31:15Z
1214,files NFS,file nfs,2,1,1,1.916290731874155,1.916290731874155,2026-01-26T12:31:15Z,2026-01-26T12:31:15Z
1215,userok,userok,1,2,1,1.916290731874155,3.83258146374831,2026-01-26T12:31:15Z,2026-01-26T12:31:15Z
1216,username,username,1,2,1,1.916290731874155,3.83258146374831,2026-01-26T12:31:15Z,2026-01-26T12:31:15Z
1217,service request,service request,2,1,1,1.916290731874155,1.916290731874155,2026-01-26T12:31:15Z,2026-01-26T12:31:15Z
1218,LSF_USE_HOSTEQUIV parameter,lsf_use_hostequiv parameter,2,1,1,1.916290731874155,1.916290731874155,2026-01-26T12:31:15Z,2026-01-26T12:31:15Z
1219,lsf.conf file host,lsf.conf file host,3,1,1,1.916290731874155,1.916290731874155,2026-01-26T12:31:15Z,2026-01-26T12:31:15Z
1220,equivalent host,equivalent host,2,1,1,1.916290731874155,1.916290731874155,2026-01-26T12:31:15Z,2026-01-26T12:31:15Z
1221,host.equiv user uid,host.equiv user uid,3,1,1,1.916290731874155,1.916290731874155,2026-01-26T12:31:15Z,2026-01-26T12:31:15Z
1222,rhosts file,rhost file,2,1,1,1.916290731874155,1.916290731874155,2026-01-26T12:31:15Z,2026-01-26T12:31:15Z
1223,exiting,exiting,1,1,1,1.916290731874155,1.916290731874155,2026-01-26T12:31:15Z,2026-01-26T12:31:15Z
1224,initSock LIM service,initsock lim service,3,1,1,1.916290731874155,1.916290731874155,2026-01-26T12:31:15Z,2026-01-26T12:31:15Z
1225,Read LSF Guide,read lsf guide,3,1,1,1.916290731874155,1.916290731874155,2026-01-26T12:31:15Z,2026-01-26T12:31:15Z
1226,serv,serv,1,1,1,1.916290731874155,1.916290731874155,2026-01-26T12:31:15Z,2026-01-26T12:31:15Z
1227,LSF services,lsf service,2,1,1,1.916290731874155,1.916290731874155,2026-01-26T12:31:15Z,2026-01-26T12:31:15Z
1228,init_AcceptSock,init_acceptsock,1,1,1,1.916290731874155,1.916290731874155,2026-01-26T12:31:15Z,2026-01-26T12:31:15Z
1229,daemon socket port,daemon socket port,3,1,1,1.916290731874155,1.916290731874155,2026-01-26T12:31:15Z,2026-01-26T12:31:15Z
1230,init_ServSock,init_servsock,1,1,1,1.916290731874155,1.916290731874155,2026-01-26T12:31:15Z,2026-01-26T12:31:15Z
1231,socket port,socket port,2,1,1,1.916290731874155,1.916290731874155,2026-01-26T12:31:15Z,2026-01-26T12:31:15Z
1232,RES,res,1,3,1,1.916290731874155,5.748872195622465,2026-01-26T12:31:15Z,2026-01-26T12:31:15Z
1233,errors specific files,error specific file,3,1,1,1.916290731874155,1.916290731874155,2026-01-26T12:31:15Z,2026-01-26T12:31:15Z
1234,section,section,1,5,1,1.916290731874155,9.581453659370776,2026-01-26T12:31:15Z,2026-01-26T12:31:15Z
1235,unrecognized section,unrecognized section,2,1,1,1.916290731874155,1.916290731874155,2026-01-26T12:31:15Z,2026-01-26T12:31:15Z
1236,section line,section line,2,1,1,1.916290731874155,1.916290731874155,2026-01-26T12:31:15Z,2026-01-26T12:31:15Z
1237,line section,line section,2,1,1,1.916290731874155,1.916290731874155,2026-01-26T12:31:15Z,2026-01-26T12:31:15Z
1238,list keywords,list keyword,2,1,1,1.916290731874155,1.916290731874155,2026-01-26T12:31:15Z,2026-01-26T12:31:15Z
1239,keys section section,key section section,3,1,1,1.916290731874155,1.916290731874155,2026-01-26T12:31:15Z,2026-01-26T12:31:15Z
1240,number keywords error,number keyword error,3,1,1,1.916290731874155,1.916290731874155,2026-01-26T12:31:15Z,2026-01-26T12:31:15Z
1241,column,column,1,1,1,1.916290731874155,1.916290731874155,2026-01-26T12:31:15Z,2026-01-26T12:31:15Z
1242,file HostModel section,file hostmodel section,3,1,1,1.916290731874155,1.916290731874155,2026-01-26T12:31:15Z,2026-01-26T12:31:15Z
1243,file Resource,file resource,2,1,1,1.916290731874155,1.916290731874155,2026-01-26T12:31:15Z,2026-01-26T12:31:15Z
1244,file HostType section,file hosttype section,3,1,1,1.916290731874155,1.916290731874155,2026-01-26T12:31:15Z,2026-01-26T12:31:15Z
1245,resource load index,resource load index,3,1,1,1.916290731874155,1.916290731874155,2026-01-26T12:31:15Z,2026-01-26T12:31:15Z
1246,definition,definition,1,1,1,1.916290731874155,1.916290731874155,2026-01-26T12:31:15Z,2026-01-26T12:31:15Z
1247,model,model,1,1,1,1.916290731874155,1.916290731874155,2026-01-26T12:31:15Z,2026-01-26T12:31:15Z
1248,maximum,maximum,1,1,1,1.916290731874155,1.916290731874155,2026-01-26T12:31:15Z,2026-01-26T12:31:15Z
1249,section resource,section resource,2,1,1,1.916290731874155,1.916290731874155,2026-01-26T12:31:15Z,2026-01-26T12:31:15Z
1250,maximum length resource,maximum length resource,3,1,1,1.916290731874155,1.916290731874155,2026-01-26T12:31:15Z,2026-01-26T12:31:15Z
1251,shorter resource,short resource,2,1,1,1.916290731874155,1.916290731874155,2026-01-26T12:31:15Z,2026-01-26T12:31:15Z
1252,letters digits,letter digit,2,1,1,1.916290731874155,1.916290731874155,2026-01-26T12:31:15Z,2026-01-26T12:31:15Z
1253,LIM messages,lim message,2,1,1,1.916290731874155,1.916290731874155,2026-01-26T12:31:15Z,2026-01-26T12:31:15Z
1254,myhostname,myhostname,1,1,1,1.916290731874155,1.916290731874155,2026-01-26T12:31:15Z,2026-01-26T12:31:15Z
1255,function,function,1,2,1,1.916290731874155,3.83258146374831,2026-01-26T12:31:15Z,2026-01-26T12:31:15Z
1256,host request,host request,2,1,1,1.916290731874155,1.916290731874155,2026-01-26T12:31:15Z,2026-01-26T12:31:15Z
1257,information problem,information problem,2,1,1,1.916290731874155,1.916290731874155,2026-01-26T12:31:15Z,2026-01-26T12:31:15Z
1258,Sender,sender,1,1,1,1.916290731874155,1.916290731874155,2026-01-26T12:31:15Z,2026-01-26T12:31:15Z
1259,config,config,1,2,1,1.916290731874155,3.83258146374831,2026-01-26T12:31:15Z,2026-01-26T12:31:15Z
1260,inconsistent configuration information,inconsistent configuration information,3,1,1,1.916290731874155,1.916290731874155,2026-01-26T12:31:15Z,2026-01-26T12:31:15Z
1261,configuration information,configuration information,2,1,1,1.916290731874155,1.916290731874155,2026-01-26T12:31:15Z,2026-01-26T12:31:15Z
1262,load client host,load client host,3,1,1,1.916290731874155,1.916290731874155,2026-01-26T12:31:15Z,2026-01-26T12:31:15Z
1263,client host,client host,2,2,1,1.916290731874155,3.83258146374831,2026-01-26T12:31:15Z,2026-01-26T12:31:15Z
1264,command client host,command client host,3,1,1,1.916290731874155,1.916290731874155,2026-01-26T12:31:15Z,2026-01-26T12:31:15Z
1265,Unknown index,unknown index,2,1,1,1.916290731874155,1.916290731874155,2026-01-26T12:31:15Z,2026-01-26T12:31:15Z
1266,ELIM place,elim place,2,1,1,1.916290731874155,1.916290731874155,2026-01-26T12:31:15Z,2026-01-26T12:31:15Z
1267,getusr,getusr,1,1,1,1.916290731874155,1.916290731874155,2026-01-26T12:31:15Z,2026-01-26T12:31:15Z
1268,RES messages,res message,2,1,1,1.916290731874155,1.916290731874155,2026-01-26T12:31:15Z,2026-01-26T12:31:15Z
1269,doacceptconn,doacceptconn,1,2,1,1.916290731874155,3.83258146374831,2026-01-26T12:31:15Z,2026-01-26T12:31:15Z
1270,doacceptconn User,doacceptconn user,2,1,1,1.916290731874155,1.916290731874155,2026-01-26T12:31:15Z,2026-01-26T12:31:15Z
1271,uid,uid,1,2,1,1.916290731874155,3.83258146374831,2026-01-26T12:31:15Z,2026-01-26T12:31:15Z
1272,RES host,res host,2,1,1,1.916290731874155,1.916290731874155,2026-01-26T12:31:15Z,2026-01-26T12:31:15Z
1273,bad user,bad user,2,1,1,1.916290731874155,1.916290731874155,2026-01-26T12:31:15Z,2026-01-26T12:31:15Z
1274,authRequest Submitter,authrequ submitter,2,1,1,1.916290731874155,1.916290731874155,2026-01-26T12:31:15Z,2026-01-26T12:31:15Z
1275,lname,lname,1,1,1,1.916290731874155,1.916290731874155,2026-01-26T12:31:15Z,2026-01-26T12:31:15Z
1276,remote execution permission,remote execution permission,3,1,1,1.916290731874155,1.916290731874155,2026-01-26T12:31:15Z,2026-01-26T12:31:15Z
1277,root job submission,root job submission,3,1,1,1.916290731874155,1.916290731874155,2026-01-26T12:31:15Z,2026-01-26T12:31:15Z
1278,job LSF_ROOT_REX,job lsf_root_rex,2,1,1,1.916290731874155,1.916290731874155,2026-01-26T12:31:15Z,2026-01-26T12:31:15Z
1279,resControl operation permission,rescontrol operation permission,3,1,1,1.916290731874155,1.916290731874155,2026-01-26T12:31:15Z,2026-01-26T12:31:15Z
1280,LSF_ROOT_REX parameter,lsf_root_rex parameter,2,1,1,1.916290731874155,1.916290731874155,2026-01-26T12:31:15Z,2026-01-26T12:31:15Z
1281,restart request,restart request,2,1,1,1.916290731874155,1.916290731874155,2026-01-26T12:31:15Z,2026-01-26T12:31:15Z
1282,find file respath,find file respath,3,1,1,1.916290731874155,1.916290731874155,2026-01-26T12:31:15Z,2026-01-26T12:31:15Z
1283,respath,respath,1,1,1,1.916290731874155,1.916290731874155,2026-01-26T12:31:15Z,2026-01-26T12:31:15Z
1284,RES binary,res binary,2,1,1,1.916290731874155,1.916290731874155,2026-01-26T12:31:15Z,2026-01-26T12:31:15Z
1285,execution permission,execution permission,2,1,1,1.916290731874155,1.916290731874155,2026-01-26T12:31:15Z,2026-01-26T12:31:15Z
1286,mbatchd sbatchd messages,mbatchd sbatchd message,3,1,1,1.916290731874155,1.916290731874155,2026-01-26T12:31:15Z,2026-01-26T12:31:15Z
1287,mbatchd sbatchd daemons,mbatchd sbatchd daemon,3,1,1,1.916290731874155,1.916290731874155,2026-01-26T12:31:15Z,2026-01-26T12:31:15Z
1288,renewJob Job,renewjob job,2,1,1,1.916290731874155,1.916290731874155,2026-01-26T12:31:15Z,2026-01-26T12:31:15Z
1289,runnable job,runnable job,2,1,1,1.916290731874155,1.916290731874155,2026-01-26T12:31:15Z,2026-01-26T12:31:15Z
1290,AFS directory,afs directory,2,1,1,1.916290731874155,1.916290731874155,2026-01-26T12:31:15Z,2026-01-26T12:31:15Z
1291,setup,setup,1,1,1,1.916290731874155,1.916290731874155,2026-01-26T12:31:15Z,2026-01-26T12:31:15Z
1292,logJobInfo,logjobinfo,1,1,1,1.916290731874155,1.916290731874155,2026-01-26T12:31:15Z,2026-01-26T12:31:15Z
1293,logdir info jobfile,logdir info jobfile,3,1,1,1.916290731874155,1.916290731874155,2026-01-26T12:31:15Z,2026-01-26T12:31:15Z
1294,data,data,1,1,1,1.916290731874155,1.916290731874155,2026-01-26T12:31:15Z,2026-01-26T12:31:15Z
1295,xdrpos,xdrpo,1,1,1,1.916290731874155,1.916290731874155,2026-01-26T12:31:15Z,2026-01-26T12:31:15Z
1296,rmLogJobInfo Job,rmlogjobinfo job,2,1,1,1.916290731874155,1.916290731874155,2026-01-26T12:31:15Z,2026-01-26T12:31:15Z
1297,info jobfile,info jobfile,2,1,1,1.916290731874155,1.916290731874155,2026-01-26T12:31:15Z,2026-01-26T12:31:15Z
1298,Destination queue,destination queue,2,1,1,1.916290731874155,1.916290731874155,2026-01-26T12:31:15Z,2026-01-26T12:31:15Z
1299,lost_and_found,lost_and_found,1,2,1,1.916290731874155,3.83258146374831,2026-01-26T12:31:15Z,2026-01-26T12:31:15Z
1300,queue queue,queue queue,2,1,1,1.916290731874155,1.916290731874155,2026-01-26T12:31:15Z,2026-01-26T12:31:15Z
1301,JobId,jobid,1,1,1,1.916290731874155,1.916290731874155,2026-01-26T12:31:15Z,2026-01-26T12:31:15Z
1302,event log,event log,2,1,1,1.916290731874155,1.916290731874155,2026-01-26T12:31:15Z,2026-01-26T12:31:15Z
1303,host host,host host,2,1,1,1.916290731874155,1.916290731874155,2026-01-26T12:31:15Z,2026-01-26T12:31:15Z
1304,mbatchd configuration file,mbatchd configuration file,3,1,1,1.916290731874155,1.916290731874155,2026-01-26T12:31:15Z,2026-01-26T12:31:15Z
1305,badmin reconfigcommand,badmin reconfigcommand,2,1,1,1.916290731874155,1.916290731874155,2026-01-26T12:31:15Z,2026-01-26T12:31:15Z
1306,LSF command messages,lsf command message,3,1,1,1.916290731874155,1.916290731874155,2026-01-26T12:31:15Z,2026-01-26T12:31:15Z
1307,User programs,user program,2,1,1,1.916290731874155,1.916290731874155,2026-01-26T12:31:15Z,2026-01-26T12:31:15Z
1308,LIM API,lim api,2,1,1,1.916290731874155,1.916290731874155,2026-01-26T12:31:15Z,2026-01-26T12:31:15Z
1309,configuration changes,configuration change,2,1,1,1.916290731874155,1.916290731874155,2026-01-26T12:31:15Z,2026-01-26T12:31:15Z
1310,resources binary upgrade,resource binary upgrade,3,1,1,1.916290731874155,1.916290731874155,2026-01-26T12:31:15Z,2026-01-26T12:31:15Z
1311,times LSF,time lsf,2,1,1,1.916290731874155,1.916290731874155,2026-01-26T12:31:15Z,2026-01-26T12:31:15Z
1312,retry,retry,1,1,1,1.916290731874155,1.916290731874155,2026-01-26T12:31:15Z,2026-01-26T12:31:15Z
1313,LSF_LIM_API_NTRIES parameter,lsf_lim_api_ntrie parameter,2,1,1,1.916290731874155,1.916290731874155,2026-01-26T12:31:15Z,2026-01-26T12:31:15Z
1314,retry error message,retry error message,3,1,1,1.916290731874155,1.916290731874155,2026-01-26T12:31:15Z,2026-01-26T12:31:15Z
1315,LSB_API_VERBOSE,lsb_api_verbose,1,1,1,1.916290731874155,1.916290731874155,2026-01-26T12:31:15Z,2026-01-26T12:31:15Z
1316,N parameter,n parameter,2,1,1,1.916290731874155,1.916290731874155,2026-01-26T12:31:15Z,2026-01-26T12:31:15Z
1317,command client messages,command client message,3,1,1,1.916290731874155,1.916290731874155,2026-01-26T12:31:15Z,2026-01-26T12:31:15Z
1318,connection,connection,1,2,1,1.916290731874155,3.83258146374831,2026-01-26T12:31:15Z,2026-01-26T12:31:15Z
1319,connect system times,connect system time,3,1,1,1.916290731874155,1.916290731874155,2026-01-26T12:31:15Z,2026-01-26T12:31:15Z
1320,mbatchd daemon process,mbatchd daemon process,3,1,1,1.916290731874155,1.916290731874155,2026-01-26T12:31:15Z,2026-01-26T12:31:15Z
1321,LSB_MBD_PORT LSB_QUERY_PORTLSF,lsb_mbd_port lsb_query_portlsf,2,1,1,1.916290731874155,1.916290731874155,2026-01-26T12:31:15Z,2026-01-26T12:31:15Z
1322,bjobs displays,bjob display,2,1,1,1.916290731874155,1.916290731874155,2026-01-26T12:31:15Z,2026-01-26T12:31:15Z
1323,Socket error client,socket error client,3,1,1,1.916290731874155,1.916290731874155,2026-01-26T12:31:15Z,2026-01-26T12:31:15Z
1324,connect system,connect system,2,1,1,1.916290731874155,1.916290731874155,2026-01-26T12:31:15Z,2026-01-26T12:31:15Z
1325,Internal library error,internal library error,3,2,1,1.916290731874155,3.83258146374831,2026-01-26T12:31:15Z,2026-01-26T12:31:15Z
1326,handshake message,handshake message,2,1,1,1.916290731874155,1.916290731874155,2026-01-26T12:31:15Z,2026-01-26T12:31:15Z
1327,EGO command messages,ego command message,3,1,1,1.916290731874155,1.916290731874155,2026-01-26T12:31:15Z,2026-01-26T12:31:15Z
1328,egosh command administrator,egosh command administrator,3,1,1,1.916290731874155,1.916290731874155,2026-01-26T12:31:15Z,2026-01-26T12:31:15Z
1329,egosh command,egosh command,2,1,1,1.916290731874155,1.916290731874155,2026-01-26T12:31:15Z,2026-01-26T12:31:15Z
1330,ego.conf file,ego.conf file,2,1,1,1.916290731874155,1.916290731874155,2026-01-26T12:31:15Z,2026-01-26T12:31:15Z
1331,Download,download,1,1,1,1.916290731874155,1.916290731874155,2026-01-26T12:31:15Z,2026-01-26T12:31:15Z
1332,cluster cluster administrator,cluster cluster administrator,3,1,1,1.916290731874155,1.916290731874155,2026-01-26T12:31:15Z,2026-01-26T12:31:15Z
1333,Copying,copying,1,1,1,1.916290731874155,1.916290731874155,2026-01-26T12:31:15Z,2026-01-26T12:31:15Z
1334,Note LSF,note lsf,2,1,1,1.916290731874155,1.916290731874155,2026-01-26T12:31:15Z,2026-01-26T12:31:15Z
1335,ego.cluster ego.shared files,ego.cluster ego.shared file,3,1,1,1.916290731874155,1.916290731874155,2026-01-26T12:31:15Z,2026-01-26T12:31:15Z
1336,configuration file paths,configuration file path,3,1,1,1.916290731874155,1.916290731874155,2026-01-26T12:31:15Z,2026-01-26T12:31:15Z
1337,lsf.conf file LSF_ENVDIR_old,lsf.conf file lsf_envdir_old,3,1,1,1.916290731874155,1.916290731874155,2026-01-26T12:31:15Z,2026-01-26T12:31:15Z
1338,lsf.conf file LSF_ENVDIR_new,lsf.conf file lsf_envdir_new,3,1,1,1.916290731874155,1.916290731874155,2026-01-26T12:31:15Z,2026-01-26T12:31:15Z
1339,LSF_ENVDIR_new\passwd.lsfuser,lsf_envdir_new\passwd.lsfuser,1,1,1,1.916290731874155,1.916290731874155,2026-01-26T12:31:15Z,2026-01-26T12:31:15Z
1340,Copy LSB_SHAREDIR_old\cluster_name,copy lsb_sharedir_old\cluster_name,2,1,1,1.916290731874155,1.916290731874155,2026-01-26T12:31:15Z,2026-01-26T12:31:15Z
1341,EGO_CONFDIR_old\*.xml,ego_confdir_old\*.xml,1,1,1,1.916290731874155,1.916290731874155,2026-01-26T12:31:15Z,2026-01-26T12:31:15Z
1342,EGO_CONFDIR_old\passwd.ego EGO_CONFDIR_new\passwd.ego,ego_confdir_old\passwd.ego ego_confdir_new\passwd.ego,2,1,1,1.916290731874155,1.916290731874155,2026-01-26T12:31:15Z,2026-01-26T12:31:15Z
1343,EGO_WORKDIR_old EGO_WORKDIR_new,ego_workdir_old ego_workdir_new,2,1,1,1.916290731874155,1.916290731874155,2026-01-26T12:31:15Z,2026-01-26T12:31:15Z
1344,original cluster,original cluster,2,1,1,1.916290731874155,1.916290731874155,2026-01-26T12:31:15Z,2026-01-26T12:31:15Z
1345,badmin,badmin,1,1,1,1.916290731874155,1.916290731874155,2026-01-26T12:31:15Z,2026-01-26T12:31:15Z
1346,work new cluster,work new cluster,3,1,1,1.916290731874155,1.916290731874155,2026-01-26T12:31:15Z,2026-01-26T12:31:15Z
1347,Run monitor,run monitor,2,1,1,1.916290731874155,1.916290731874155,2026-01-26T12:31:15Z,2026-01-26T12:31:15Z
1348,IBM Spectrum LSF,ibm spectrum lsf,3,1,1,1.916290731874155,1.916290731874155,2026-01-26T12:31:15Z,2026-01-26T12:31:15Z
1349,Working jobs,working job,2,1,1,1.916290731874155,1.916290731874155,2026-01-26T12:31:15Z,2026-01-26T12:31:15Z
1350,Monitoring jobs,monitoring job,2,1,1,1.916290731874155,1.916290731874155,2026-01-26T12:31:15Z,2026-01-26T12:31:15Z
1351,Overview,overview,1,1,1,1.916290731874155,1.916290731874155,2026-01-26T12:31:15Z,2026-01-26T12:31:15Z
1352,purpose guide,purpose guide,2,1,1,1.916290731874155,1.916290731874155,2026-01-26T12:31:15Z,2026-01-26T12:31:15Z
1353,Slurm users administrators,slurm user administrator,3,1,1,1.916290731874155,1.916290731874155,2026-01-26T12:31:15Z,2026-01-26T12:31:15Z
1354,configuration options,configuration option,2,1,1,1.916290731874155,1.916290731874155,2026-01-26T12:31:15Z,2026-01-26T12:31:15Z
1355,command lines,command line,2,7,1,1.916290731874155,13.414035123119085,2026-01-26T12:31:15Z,2026-01-26T12:31:15Z
1356,Selection Nodes,selection node,2,2,1,1.916290731874155,3.83258146374831,2026-01-26T12:31:15Z,2026-01-26T12:31:15Z
1357,Allocation CPUs,allocation cpu,2,2,1,1.916290731874155,3.83258146374831,2026-01-26T12:31:15Z,2026-01-26T12:31:15Z
1358,Distribution Tasks,distribution task,2,2,1,1.916290731874155,3.83258146374831,2026-01-26T12:31:15Z,2026-01-26T12:31:15Z
1359,job job step,job job step,3,1,1,1.916290731874155,1.916290731874155,2026-01-26T12:31:15Z,2026-01-26T12:31:15Z
1360,Node selection,node selection,2,1,1,1.916290731874155,1.916290731874155,2026-01-26T12:31:15Z,2026-01-26T12:31:15Z
1361,allocation CPUs Step,allocation cpu step,3,1,1,1.916290731874155,1.916290731874155,2026-01-26T12:31:15Z,2026-01-26T12:31:15Z
1362,job step,job step,2,3,1,1.916290731874155,5.748872195622465,2026-01-26T12:31:15Z,2026-01-26T12:31:15Z
1363,SelectType,selecttype,1,3,1,1.916290731874155,5.748872195622465,2026-01-26T12:31:15Z,2026-01-26T12:31:15Z
1364,nodes consumable resources,node consumable resource,3,1,1,1.916290731874155,1.916290731874155,2026-01-26T12:31:15Z,2026-01-26T12:31:15Z
1365,consumable resource type,consumable resource type,3,3,1,1.916290731874155,5.748872195622465,2026-01-26T12:31:15Z,2026-01-26T12:31:15Z
1366,SelectTypeParameters,selecttypeparameter,1,3,1,1.916290731874155,5.748872195622465,2026-01-26T12:31:15Z,2026-01-26T12:31:15Z
1367,slurmctld select plugin,slurmctld select plugin,3,2,1,1.916290731874155,3.83258146374831,2026-01-26T12:31:15Z,2026-01-26T12:31:15Z
1368,slurm.conf options,slurm.conf option,2,8,1,1.916290731874155,15.33032585499324,2026-01-26T12:31:15Z,2026-01-26T12:31:15Z
1369,NodeName,nodename,1,2,1,1.916290731874155,3.83258146374831,2026-01-26T12:31:15Z,2026-01-26T12:31:15Z
1370,PartitionName,partitionname,1,3,1,1.916290731874155,5.748872195622465,2026-01-26T12:31:15Z,2026-01-26T12:31:15Z
1371,parameters partition definition,parameter partition definition,3,2,1,1.916290731874155,3.83258146374831,2026-01-26T12:31:15Z,2026-01-26T12:31:15Z
1372,Nodes OverSubscribe MaxNodes,node oversubscribe maxnode,3,2,1,1.916290731874155,3.83258146374831,2026-01-26T12:31:15Z,2026-01-26T12:31:15Z
1373,information node definition,information node definition,3,2,1,1.916290731874155,3.83258146374831,2026-01-26T12:31:15Z,2026-01-26T12:31:15Z
1374,SelectTypeselect linear,selecttypeselect linear,2,2,1,1.916290731874155,3.83258146374831,2026-01-26T12:31:15Z,2026-01-26T12:31:15Z
1375,CR_CPU_Memory,cr_cpu_memory,1,2,1,1.916290731874155,3.83258146374831,2026-01-26T12:31:15Z,2026-01-26T12:31:15Z
1376,CR_Core,cr_core,1,2,1,1.916290731874155,3.83258146374831,2026-01-26T12:31:15Z,2026-01-26T12:31:15Z
1377,CR_Core_Memory,cr_core_memory,1,2,1,1.916290731874155,3.83258146374831,2026-01-26T12:31:15Z,2026-01-26T12:31:15Z
1378,CR_Socket,cr_socket,1,2,1,1.916290731874155,3.83258146374831,2026-01-26T12:31:15Z,2026-01-26T12:31:15Z
1379,CR_Socket_Memory,cr_socket_memory,1,2,1,1.916290731874155,3.83258146374831,2026-01-26T12:31:15Z,2026-01-26T12:31:15Z
1380,node selection nodes,node selection node,3,4,1,1.916290731874155,7.66516292749662,2026-01-26T12:31:15Z,2026-01-26T12:31:15Z
1381,attributes,attribute,1,2,1,1.916290731874155,3.83258146374831,2026-01-26T12:31:15Z,2026-01-26T12:31:15Z
1382,cores,core,1,5,1,1.916290731874155,9.581453659370776,2026-01-26T12:31:15Z,2026-01-26T12:31:15Z
1383,number cores socket,number core socket,3,2,1,1.916290731874155,3.83258146374831,2026-01-26T12:31:15Z,2026-01-26T12:31:15Z
1384,number CPUs,number cpu,2,3,1,1.916290731874155,5.748872195622465,2026-01-26T12:31:15Z,2026-01-26T12:31:15Z
1385,node file,node file,2,2,1,1.916290731874155,3.83258146374831,2026-01-26T12:31:15Z,2026-01-26T12:31:15Z
1386,list specific nodes,list specific node,3,2,1,1.916290731874155,3.83258146374831,2026-01-26T12:31:15Z,2026-01-26T12:31:15Z
1387,job salloc,job salloc,2,2,1,1.916290731874155,3.83258146374831,2026-01-26T12:31:15Z,2026-01-26T12:31:15Z
1388,--hintcompute_bound,--hintcompute_bound,1,2,1,1.916290731874155,3.83258146374831,2026-01-26T12:31:15Z,2026-01-26T12:31:15Z
1389,--mincpus,--mincpu,1,2,1,1.916290731874155,3.83258146374831,2026-01-26T12:31:15Z,2026-01-26T12:31:15Z
1390,minimum number CPUs,minimum number cpu,3,2,1,1.916290731874155,3.83258146374831,2026-01-26T12:31:15Z,2026-01-26T12:31:15Z
1391,number tasks,number task,2,3,1,1.916290731874155,5.748872195622465,2026-01-26T12:31:15Z,2026-01-26T12:31:15Z
1392,CPU allocation,cpu allocation,2,1,1,1.916290731874155,1.916290731874155,2026-01-26T12:31:15Z,2026-01-26T12:31:15Z
1393,job step SelectType,job step selecttype,3,1,1,1.916290731874155,1.916290731874155,2026-01-26T12:31:15Z,2026-01-26T12:31:15Z
1394,CPUs node node,cpu node node,3,1,1,1.916290731874155,1.916290731874155,2026-01-26T12:31:15Z,2026-01-26T12:31:15Z
1395,choice allocation methods,choice allocation method,3,1,1,1.916290731874155,1.916290731874155,2026-01-26T12:31:15Z,2026-01-26T12:31:15Z
1396,specific CPUs,specific cpu,2,1,1,1.916290731874155,1.916290731874155,2026-01-26T12:31:15Z,2026-01-26T12:31:15Z
1397,Step 2slurm.conf,step 2slurm.conf,2,1,1,1.916290731874155,1.916290731874155,2026-01-26T12:31:15Z,2026-01-26T12:31:15Z
1398,parameterPossible valuesDescription,parameterpossible valuesdescription,2,2,1,1.916290731874155,3.83258146374831,2026-01-26T12:31:15Z,2026-01-26T12:31:15Z
1399,--distribution,--distribution,1,9,1,1.916290731874155,17.246616586867397,2026-01-26T12:31:15Z,2026-01-26T12:31:15Z
1400,arbitrary,arbitrary,1,2,1,1.916290731874155,3.83258146374831,2026-01-26T12:31:15Z,2026-01-26T12:31:15Z
1401,distribution,distribution,1,3,1,1.916290731874155,5.748872195622465,2026-01-26T12:31:15Z,2026-01-26T12:31:15Z
1402,nodes jobs,node job,2,2,1,1.916290731874155,3.83258146374831,2026-01-26T12:31:15Z,2026-01-26T12:31:15Z
1403,tasks nodes,task node,2,5,1,1.916290731874155,9.581453659370776,2026-01-26T12:31:15Z,2026-01-26T12:31:15Z
1404,job step Step,job step step,3,1,1,1.916290731874155,1.916290731874155,2026-01-26T12:31:15Z,2026-01-26T12:31:15Z
1405,node task,node task,2,2,1,1.916290731874155,3.83258146374831,2026-01-26T12:31:15Z,2026-01-26T12:31:15Z
1406,job number tasks,job number task,3,1,1,1.916290731874155,1.916290731874155,2026-01-26T12:31:15Z,2026-01-26T12:31:15Z
1407,resource sharing,resource sharing,2,1,1,1.916290731874155,1.916290731874155,2026-01-26T12:31:15Z,2026-01-26T12:31:15Z
1408,tasks job step,task job step,3,1,1,1.916290731874155,1.916290731874155,2026-01-26T12:31:15Z,2026-01-26T12:31:15Z
1409,MaxTasksPerNode,maxtaskspernode,1,1,1,1.916290731874155,1.916290731874155,2026-01-26T12:31:15Z,2026-01-26T12:31:15Z
1410,single node,single node,2,2,1,1.916290731874155,3.83258146374831,2026-01-26T12:31:15Z,2026-01-26T12:31:15Z
1411,sequence tasks,sequence task,2,2,1,1.916290731874155,3.83258146374831,2026-01-26T12:31:15Z,2026-01-26T12:31:15Z
1412,node sequence distribution,node sequence distribution,3,1,1,1.916290731874155,1.916290731874155,2026-01-26T12:31:15Z,2026-01-26T12:31:15Z
1413,maximum number tasks,maximum number task,3,2,1,1.916290731874155,3.83258146374831,2026-01-26T12:31:15Z,2026-01-26T12:31:15Z
1414,socket,socket,1,10,1,1.916290731874155,19.162907318741553,2026-01-26T12:31:15Z,2026-01-26T12:31:15Z
1415,optional Step,optional step,2,1,1,1.916290731874155,1.916290731874155,2026-01-26T12:31:15Z,2026-01-26T12:31:15Z
1416,subset,subset,1,1,1,1.916290731874155,1.916290731874155,2026-01-26T12:31:15Z,2026-01-26T12:31:15Z
1417,CPUs node task,cpu node task,3,1,1,1.916290731874155,1.916290731874155,2026-01-26T12:31:15Z,2026-01-26T12:31:15Z
1418,slurmd task plugin,slurmd task plugin,3,1,1,1.916290731874155,1.916290731874155,2026-01-26T12:31:15Z,2026-01-26T12:31:15Z
1419,TaskPlugintask,taskplugintask,1,1,1,1.916290731874155,1.916290731874155,2026-01-26T12:31:15Z,2026-01-26T12:31:15Z
1420,task affinity,task affinity,2,5,1,1.916290731874155,9.581453659370776,2026-01-26T12:31:15Z,2026-01-26T12:31:15Z
1421,task cgroupControls step,task cgroupcontrol step,3,1,1,1.916290731874155,1.916290731874155,2026-01-26T12:31:15Z,2026-01-26T12:31:15Z
1422,cgroup.conf options,cgroup.conf option,2,2,1,1.916290731874155,3.83258146374831,2026-01-26T12:31:15Z,2026-01-26T12:31:15Z
1423,ConstrainCoresyes,constraincoresyes,1,1,1,1.916290731874155,1.916290731874155,2026-01-26T12:31:15Z,2026-01-26T12:31:15Z
1424,noControls jobs,nocontrol job,2,1,1,1.916290731874155,1.916290731874155,2026-01-26T12:31:15Z,2026-01-26T12:31:15Z
1425,CPUs,cpu,1,27,1,1.916290731874155,51.73984976060219,2026-01-26T12:31:15Z,2026-01-26T12:31:15Z
1426,tasks CPUs,task cpu,2,2,1,1.916290731874155,3.83258146374831,2026-01-26T12:31:15Z,2026-01-26T12:31:15Z
1427,form CPU task,form cpu task,3,1,1,1.916290731874155,1.916290731874155,2026-01-26T12:31:15Z,2026-01-26T12:31:15Z
1428,plugin tasks,plugin task,2,1,1,1.916290731874155,1.916290731874155,2026-01-26T12:31:15Z,2026-01-26T12:31:15Z
1429,CPUs node,cpu node,2,5,1,1.916290731874155,9.581453659370776,2026-01-26T12:31:15Z,2026-01-26T12:31:15Z
1430,consumable resources,consumable resource,2,2,1,1.916290731874155,3.83258146374831,2026-01-26T12:31:15Z,2026-01-26T12:31:15Z
1431,performance,performance,1,1,1,1.916290731874155,1.916290731874155,2026-01-26T12:31:15Z,2026-01-26T12:31:15Z
1432,easy,easy,1,1,1,1.916290731874155,1.916290731874155,2026-01-26T12:31:15Z,2026-01-26T12:31:15Z
1433,commands options,command option,2,1,1,1.916290731874155,1.916290731874155,2026-01-26T12:31:15Z,2026-01-26T12:31:15Z
1434,Command OptionInformation,command optioninformation,2,1,1,1.916290731874155,1.916290731874155,2026-01-26T12:31:15Z,2026-01-26T12:31:15Z
1435,scontrol job option,scontrol job option,3,1,1,1.916290731874155,1.916290731874155,2026-01-26T12:31:15Z,2026-01-26T12:31:15Z
1436,--detailsThis,--detailsthis,1,1,1,1.916290731874155,1.916290731874155,2026-01-26T12:31:15Z,2026-01-26T12:31:15Z
1437,list nodes,list node,2,1,1,1.916290731874155,1.916290731874155,2026-01-26T12:31:15Z,2026-01-26T12:31:15Z
1438,job CPU ids,job cpu ids,3,1,1,1.916290731874155,1.916290731874155,2026-01-26T12:31:15Z,2026-01-26T12:31:15Z
1439,job node,job node,2,1,1,1.916290731874155,1.916290731874155,2026-01-26T12:31:15Z,2026-01-26T12:31:15Z
1440,CPU ids,cpu ids,2,15,1,1.916290731874155,28.744360978112326,2026-01-26T12:31:15Z,2026-01-26T12:31:15Z
1441,/proc cpuinfo,/proc cpuinfo,2,1,1,1.916290731874155,1.916290731874155,2026-01-26T12:31:15Z,2026-01-26T12:31:15Z
1442,Linux command,linux command,2,1,1,1.916290731874155,1.916290731874155,2026-01-26T12:31:15Z,2026-01-26T12:31:15Z
1443,grep,grep,1,1,1,1.916290731874155,1.916290731874155,2026-01-26T12:31:15Z,2026-01-26T12:31:15Z
1444,task command,task command,2,1,1,1.916290731874155,1.916290731874155,2026-01-26T12:31:15Z,2026-01-26T12:31:15Z
1445,list CPU ids,list cpu ids,3,1,1,1.916290731874155,1.916290731874155,2026-01-26T12:31:15Z,2026-01-26T12:31:15Z
1446,Note CPU Numbering,note cpu numbering,3,1,1,1.916290731874155,1.916290731874155,2026-01-26T12:31:15Z,2026-01-26T12:31:15Z
1447,node definitions slurm.conf,node definition slurm.conf,3,1,1,1.916290731874155,1.916290731874155,2026-01-26T12:31:15Z,2026-01-26T12:31:15Z
1448,reason Slurm,reason slurm,2,1,1,1.916290731874155,1.916290731874155,2026-01-26T12:31:15Z,2026-01-26T12:31:15Z
1449,Accounting limits,accounting limit,2,1,1,1.916290731874155,1.916290731874155,2026-01-26T12:31:15Z,2026-01-26T12:31:15Z
1450,CPU Management,cpu management,2,1,1,1.916290731874155,1.916290731874155,2026-01-26T12:31:15Z,2026-01-26T12:31:15Z
1451,scenarios,scenario,1,1,1,1.916290731874155,1.916290731874155,2026-01-26T12:31:15Z,2026-01-26T12:31:15Z
1452,CPU resources Slurm,cpu resource slurm,3,1,1,1.916290731874155,1.916290731874155,2026-01-26T12:31:15Z,2026-01-26T12:31:15Z
1453,State,state,1,1,1,1.916290731874155,1.916290731874155,2026-01-26T12:31:15Z,2026-01-26T12:31:15Z
1454,IDLE,idle,1,1,1,1.916290731874155,1.916290731874155,2026-01-26T12:31:15Z,2026-01-26T12:31:15Z
1455,hypernode Nodes,hypernode node,2,1,1,1.916290731874155,1.916290731874155,2026-01-26T12:31:15Z,2026-01-26T12:31:15Z
1456,n3 State,n3 state,2,1,1,1.916290731874155,1.916290731874155,2026-01-26T12:31:15Z,2026-01-26T12:31:15Z
1457,cons_tres plugin,cons_tre plugin,2,1,1,1.916290731874155,1.916290731874155,2026-01-26T12:31:15Z,2026-01-26T12:31:15Z
1458,Allocation nodes,allocation node,2,2,1,1.916290731874155,3.83258146374831,2026-01-26T12:31:15Z,2026-01-26T12:31:15Z
1459,minimum nodes job,minimum node job,3,1,1,1.916290731874155,1.916290731874155,2026-01-26T12:31:15Z,2026-01-26T12:31:15Z
1460,select linear,select linear,2,1,1,1.916290731874155,1.916290731874155,2026-01-26T12:31:15Z,2026-01-26T12:31:15Z
1461,srun,srun,1,4,1,1.916290731874155,7.66516292749662,2026-01-26T12:31:15Z,2026-01-26T12:31:15Z
1462,--nodes=2,--nodes=2,1,1,1,1.916290731874155,1.916290731874155,2026-01-26T12:31:15Z,2026-01-26T12:31:15Z
1463,allocation units nodes,allocation unit node,3,1,1,1.916290731874155,1.916290731874155,2026-01-26T12:31:15Z,2026-01-26T12:31:15Z
1464,srun option,srun option,2,4,1,1.916290731874155,7.66516292749662,2026-01-26T12:31:15Z,2026-01-26T12:31:15Z
1465,CPUs task overcommitment,cpu task overcommitment,3,8,1,1.916290731874155,15.33032585499324,2026-01-26T12:31:15Z,2026-01-26T12:31:15Z
1466,--ntasks=2,--ntasks=2,1,3,1,1.916290731874155,5.748872195622465,2026-01-26T12:31:15Z,2026-01-26T12:31:15Z
1467,SelectType configuration options,selecttype configuration option,3,1,1,1.916290731874155,1.916290731874155,2026-01-26T12:31:15Z,2026-01-26T12:31:15Z
1468,cores consumable resources,core consumable resource,3,1,1,1.916290731874155,1.916290731874155,2026-01-26T12:31:15Z,2026-01-26T12:31:15Z
1469,--nodes=1,--nodes=1,1,2,1,1.916290731874155,3.83258146374831,2026-01-26T12:31:15Z,2026-01-26T12:31:15Z
1470,job single node,job single node,3,2,1,1.916290731874155,3.83258146374831,2026-01-26T12:31:15Z,2026-01-26T12:31:15Z
1471,pattern allocation job,pattern allocation job,3,3,1,1.916290731874155,5.748872195622465,2026-01-26T12:31:15Z,2026-01-26T12:31:15Z
1472,Nodenamen0n1n,nodenamen0n1n,1,8,1,1.916290731874155,15.33032585499324,2026-01-26T12:31:15Z,2026-01-26T12:31:15Z
1473,nodes default partition,node default partition,3,3,1,1.916290731874155,5.748872195622465,2026-01-26T12:31:15Z,2026-01-26T12:31:15Z
1474,conditions job,condition job,2,5,1,1.916290731874155,9.581453659370776,2026-01-26T12:31:15Z,2026-01-26T12:31:15Z
1475,unique CPUs task,unique cpu task,3,5,1,1.916290731874155,9.581453659370776,2026-01-26T12:31:15Z,2026-01-26T12:31:15Z
1476,conditions Slurm,condition slurm,2,4,1,1.916290731874155,7.66516292749662,2026-01-26T12:31:15Z,2026-01-26T12:31:15Z
1477,allocation job,allocation job,2,1,1,1.916290731874155,1.916290731874155,2026-01-26T12:31:15Z,2026-01-26T12:31:15Z
1478,job order,job order,2,1,1,1.916290731874155,1.916290731874155,2026-01-26T12:31:15Z,2026-01-26T12:31:15Z
1479,fragmentation,fragmentation,1,1,1,1.916290731874155,1.916290731874155,2026-01-26T12:31:15Z,2026-01-26T12:31:15Z
1480,unallocated CPUs cluster,unallocated cpu cluster,3,1,1,1.916290731874155,1.916290731874155,2026-01-26T12:31:15Z,2026-01-26T12:31:15Z
1481,--ntasks=12,--ntasks=12,1,1,1,1.916290731874155,1.916290731874155,2026-01-26T12:31:15Z,2026-01-26T12:31:15Z
1482,configuration option CR_CORE_DEFAULT_DIST_BLOCK,configuration option cr_core_default_dist_block,3,1,1,1.916290731874155,1.916290731874155,2026-01-26T12:31:15Z,2026-01-26T12:31:15Z
1483,combination methods,combination method,2,1,1,1.916290731874155,1.916290731874155,2026-01-26T12:31:15Z,2026-01-26T12:31:15Z
1484,number nodes,number node,2,1,1,1.916290731874155,1.916290731874155,2026-01-26T12:31:15Z,2026-01-26T12:31:15Z
1485,nodes sockets,node socket,2,1,1,1.916290731874155,1.916290731874155,2026-01-26T12:31:15Z,2026-01-26T12:31:15Z
1486,cyclic,cyclic,1,1,1,1.916290731874155,1.916290731874155,2026-01-26T12:31:15Z,2026-01-26T12:31:15Z
1487,--ntasks=6,--ntasks=6,1,4,1,1.916290731874155,7.66516292749662,2026-01-26T12:31:15Z,2026-01-26T12:31:15Z
1488,cyclic option,cyclic option,2,1,1,1.916290731874155,1.916290731874155,2026-01-26T12:31:15Z,2026-01-26T12:31:15Z
1489,nodes partition,node partition,2,2,1,1.916290731874155,3.83258146374831,2026-01-26T12:31:15Z,2026-01-26T12:31:15Z
1490,CPUs second node,cpu second node,3,1,1,1.916290731874155,1.916290731874155,2026-01-26T12:31:15Z,2026-01-26T12:31:15Z
1491,--ntasks=20,--ntasks=20,1,1,1,1.916290731874155,1.916290731874155,2026-01-26T12:31:15Z,2026-01-26T12:31:15Z
1492,--overcommit,--overcommit,1,1,1,1.916290731874155,1.916290731874155,2026-01-26T12:31:15Z,2026-01-26T12:31:15Z
1493,CPUs tasks,cpu task,2,3,1,1.916290731874155,5.748872195622465,2026-01-26T12:31:15Z,2026-01-26T12:31:15Z
1494,tasks job overcommitment,task job overcommitment,3,1,1,1.916290731874155,1.916290731874155,2026-01-26T12:31:15Z,2026-01-26T12:31:15Z
1495,--nodelist,--nodelist,1,3,1,1.916290731874155,5.748872195622465,2026-01-26T12:31:15Z,2026-01-26T12:31:15Z
1496,--oversubscribe,--oversubscribe,1,2,1,1.916290731874155,3.83258146374831,2026-01-26T12:31:15Z,2026-01-26T12:31:15Z
1497,n0 srun options,n0 srun option,3,1,1,1.916290731874155,1.916290731874155,2026-01-26T12:31:15Z,2026-01-26T12:31:15Z
1498,jobs node n,job node n,3,2,1,1.916290731874155,3.83258146374831,2026-01-26T12:31:15Z,2026-01-26T12:31:15Z
1499,OverSubscribe,oversubscribe,1,1,1,1.916290731874155,1.916290731874155,2026-01-26T12:31:15Z,2026-01-26T12:31:15Z
1500,option partition definition,option partition definition,3,1,1,1.916290731874155,1.916290731874155,2026-01-26T12:31:15Z,2026-01-26T12:31:15Z
1501,thread core,thread core,2,2,1,1.916290731874155,3.83258146374831,2026-01-26T12:31:15Z,2026-01-26T12:31:15Z
1502,tasks overcommitment,task overcommitment,2,5,1,1.916290731874155,9.581453659370776,2026-01-26T12:31:15Z,2026-01-26T12:31:15Z
1503,select cons_tres,select cons_tre,2,1,1,1.916290731874155,1.916290731874155,2026-01-26T12:31:15Z,2026-01-26T12:31:15Z
1504,CR_CPU,cr_cpu,1,1,1,1.916290731874155,1.916290731874155,2026-01-26T12:31:15Z,2026-01-26T12:31:15Z
1505,--partition,--partition,1,1,1,1.916290731874155,1.916290731874155,2026-01-26T12:31:15Z,2026-01-26T12:31:15Z
1506,hypernode,hypernode,1,1,1,1.916290731874155,1.916290731874155,2026-01-26T12:31:15Z,2026-01-26T12:31:15Z
1507,--ntasks=8,--ntasks=8,1,1,1,1.916290731874155,1.916290731874155,2026-01-26T12:31:15Z,2026-01-26T12:31:15Z
1508,--hint,--hint,1,1,1,1.916290731874155,1.916290731874155,2026-01-26T12:31:15Z,2026-01-26T12:31:15Z
1509,nomultithread,nomultithread,1,1,1,1.916290731874155,1.916290731874155,2026-01-26T12:31:15Z,2026-01-26T12:31:15Z
1510,CR_CPU configuration option,cr_cpu configuration option,3,1,1,1.916290731874155,1.916290731874155,2026-01-26T12:31:15Z,2026-01-26T12:31:15Z
1511,allocation thread core,allocation thread core,3,1,1,1.916290731874155,1.916290731874155,2026-01-26T12:31:15Z,2026-01-26T12:31:15Z
1512,thread core job,thread core job,3,1,1,1.916290731874155,1.916290731874155,2026-01-26T12:31:15Z,2026-01-26T12:31:15Z
1513,Nodenamen,nodenamen,1,6,1,1.916290731874155,11.49774439124493,2026-01-26T12:31:15Z,2026-01-26T12:31:15Z
1514,Socket id,socket id,2,6,1,1.916290731874155,11.49774439124493,2026-01-26T12:31:15Z,2026-01-26T12:31:15Z
1515,Number Allocated CPUs,number allocated cpus,3,6,1,1.916290731874155,11.49774439124493,2026-01-26T12:31:15Z,2026-01-26T12:31:15Z
1516,CPUs socket,cpu socket,2,8,1,1.916290731874155,15.33032585499324,2026-01-26T12:31:15Z,2026-01-26T12:31:15Z
1517,pattern allocation distribution,pattern allocation distribution,3,7,1,1.916290731874155,13.414035123119085,2026-01-26T12:31:15Z,2026-01-26T12:31:15Z
1518,CPU d,cpu d,2,2,1,1.916290731874155,3.83258146374831,2026-01-26T12:31:15Z,2026-01-26T12:31:15Z
1519,Binding Tasks,binding task,2,5,1,1.916290731874155,9.581453659370776,2026-01-26T12:31:15Z,2026-01-26T12:31:15Z
1520,Case,case,1,3,1,1.916290731874155,5.748872195622465,2026-01-26T12:31:15Z,2026-01-26T12:31:15Z
1521,Task ids,task ids,2,3,1,1.916290731874155,5.748872195622465,2026-01-26T12:31:15Z,2026-01-26T12:31:15Z
1522,block distribution method,block distribution method,3,1,1,1.916290731874155,1.916290731874155,2026-01-26T12:31:15Z,2026-01-26T12:31:15Z
1523,block block,block block,2,1,1,1.916290731874155,1.916290731874155,2026-01-26T12:31:15Z,2026-01-26T12:31:15Z
1524,CPUs sockets task,cpu socket task,3,2,1,1.916290731874155,3.83258146374831,2026-01-26T12:31:15Z,2026-01-26T12:31:15Z
1525,socket d,socket d,2,3,1,1.916290731874155,5.748872195622465,2026-01-26T12:31:15Z,2026-01-26T12:31:15Z
1526,task d,task d,2,5,1,1.916290731874155,9.581453659370776,2026-01-26T12:31:15Z,2026-01-26T12:31:15Z
1527,cyclic distribution method,cyclic distribution method,3,1,1,1.916290731874155,1.916290731874155,2026-01-26T12:31:15Z,2026-01-26T12:31:15Z
1528,block cyclic,block cyclic,2,1,1,1.916290731874155,1.916290731874155,2026-01-26T12:31:15Z,2026-01-26T12:31:15Z
1529,allocation distribution,allocation distribution,2,1,1,1.916290731874155,1.916290731874155,2026-01-26T12:31:15Z,2026-01-26T12:31:15Z
1530,distribution tasks CPU,distribution task cpu,3,1,1,1.916290731874155,1.916290731874155,2026-01-26T12:31:15Z,2026-01-26T12:31:15Z
1531,--ntasks=18,--ntasks=18,1,1,1,1.916290731874155,1.916290731874155,2026-01-26T12:31:15Z,2026-01-26T12:31:15Z
1532,node n,node n,2,2,1,1.916290731874155,3.83258146374831,2026-01-26T12:31:15Z,2026-01-26T12:31:15Z
1533,job default partition,job default partition,3,1,1,1.916290731874155,1.916290731874155,2026-01-26T12:31:15Z,2026-01-26T12:31:15Z
1534,performance job,performance job,2,1,1,1.916290731874155,1.916290731874155,2026-01-26T12:31:15Z,2026-01-26T12:31:15Z
1535,TaskPlugin,taskplugin,1,3,1,1.916290731874155,5.748872195622465,2026-01-26T12:31:15Z,2026-01-26T12:31:15Z
1536,--ntasks=3,--ntasks=3,1,1,1,1.916290731874155,1.916290731874155,2026-01-26T12:31:15Z,2026-01-26T12:31:15Z
1537,performance job user,performance job user,3,1,1,1.916290731874155,1.916290731874155,2026-01-26T12:31:15Z,2026-01-26T12:31:15Z
1538,Number Allocated,number allocated,2,1,1,1.916290731874155,1.916290731874155,2026-01-26T12:31:15Z,2026-01-26T12:31:15Z
1539,task cgroup,task cgroup,2,2,1,1.916290731874155,3.83258146374831,2026-01-26T12:31:15Z,2026-01-26T12:31:15Z
1540,ConstrainCores,constraincore,1,1,1,1.916290731874155,1.916290731874155,2026-01-26T12:31:15Z,2026-01-26T12:31:15Z
1541,task cgroup plugin,task cgroup plugin,3,2,1,1.916290731874155,3.83258146374831,2026-01-26T12:31:15Z,2026-01-26T12:31:15Z
1542,block method,block method,2,1,1,1.916290731874155,1.916290731874155,2026-01-26T12:31:15Z,2026-01-26T12:31:15Z
1543,cores nodes,core node,2,1,1,1.916290731874155,1.916290731874155,2026-01-26T12:31:15Z,2026-01-26T12:31:15Z
1544,tasks cores cpu,task core cpu,3,1,1,1.916290731874155,1.916290731874155,2026-01-26T12:31:15Z,2026-01-26T12:31:15Z
1545,task access,task access,2,1,1,1.916290731874155,1.916290731874155,2026-01-26T12:31:15Z,2026-01-26T12:31:15Z
1546,Task id,task id,2,1,1,1.916290731874155,1.916290731874155,2026-01-26T12:31:15Z,2026-01-26T12:31:15Z
1547,January,january,1,1,1,1.916290731874155,1.916290731874155,2026-01-26T12:31:15Z,2026-01-26T12:31:15Z
