term_id,term,canonical,scheduler,ontology_role,category,dul_bucket,is_hpc_domain,definition,aliases_json,raw_json,freq_total
1,Slurm,slurm,slurm,individual,scheduler,information_object,1,Slurm is a popular open-source job scheduler for high-performance computing (HPC) clusters.,[],"{
  ""term"": ""Slurm"",
  ""canonical"": ""Slurm"",
  ""is_hpc_domain"": true,
  ""scheduler"": ""slurm"",
  ""category"": ""scheduler"",
  ""ontology_role"": ""individual"",
  ""dul_bucket"": ""information_object"",
  ""definition"": ""Slurm is a popular open-source job scheduler for high-performance computing (HPC) clusters."",
  ""aliases"": []
}",7
3,sacct,sacct,slurm,individual,command,information_object,1,"sacct is a Slurm command used to report resource usage for running or terminated jobs, including individual tasks, and generate reports based on all jobs executed in a particular time interval.","[""sacct command""]","{
  ""term"": ""sacct"",
  ""canonical"": ""sacct"",
  ""is_hpc_domain"": true,
  ""scheduler"": ""slurm"",
  ""category"": ""command"",
  ""ontology_role"": ""individual"",
  ""dul_bucket"": ""information_object"",
  ""definition"": ""sacct is a Slurm command used to report resource usage for running or terminated jobs, including individual tasks, and generate reports based on all jobs executed in a particular time interval."",
  ""aliases"": [""sacct command""]
}",4
4,sstat,sstat,slurm,individual,command,event,1,"sstat is a Slurm command used to status only currently running jobs, providing information about load imbalance between tasks.","[""sstat command""]","{
  ""term"": ""sstat"",
  ""canonical"": ""sstat"",
  ""is_hpc_domain"": true,
  ""scheduler"": ""slurm"",
  ""category"": ""command"",
  ""ontology_role"": ""individual"",
  ""dul_bucket"": ""event"",
  ""definition"": ""sstat is a Slurm command used to status only currently running jobs, providing information about load imbalance between tasks."",
  ""aliases"": [""sstat command""]
}",2
5,sreport,sreport,slurm,individual,command,information_object,1,sreport is a Slurm command used to generate reports based on all jobs executed in a particular time interval.,"[""sreport command""]","{
  ""term"": ""sreport"",
  ""canonical"": ""sreport"",
  ""is_hpc_domain"": true,
  ""scheduler"": ""slurm"",
  ""category"": ""command"",
  ""ontology_role"": ""individual"",
  ""dul_bucket"": ""information_object"",
  ""definition"": ""sreport is a Slurm command used to generate reports based on all jobs executed in a particular time interval."",
  ""aliases"": [""sreport command""]
}",4
6,SlurmDBD,slurmdbd,slurm,datatype_property,config_param,description,1,SlurmDBD is a plugin type in Slurm for resource accounting that stores job and job step information in a database.,[],"{
  ""term"": ""SlurmDBD"",
  ""canonical"": ""SlurmDBD"",
  ""is_hpc_domain"": true,
  ""scheduler"": ""slurm"",
  ""category"": ""config_param"",
  ""ontology_role"": ""datatype_property"",
  ""dul_bucket"": ""description"",
  ""definition"": ""SlurmDBD is a plugin type in Slurm for resource accounting that stores job and job step information in a database."",
  ""aliases"": []
}",11
7,text file,text file,slurm,unknown,log_or_state_path,information_object,1,A text file is a format for storing accounting information for jobs and job steps executed on Slurm.,[],"{
  ""term"": ""text file"",
  ""canonical"": ""text file"",
  ""is_hpc_domain"": true,
  ""scheduler"": ""slurm"",
  ""category"": ""log_or_state_path"",
  ""ontology_role"": ""object"",
  ""dul_bucket"": ""information_object"",
  ""definition"": ""A text file is a format for storing accounting information for jobs and job steps executed on Slurm."",
  ""aliases"": []
}",2
8,database,database,slurm,datatype_property,config_param,description,1,"Database refers to the storage of accounting information for Slurm jobs, configurable through AccountingStorageType.",[],"{
  ""term"": ""database"",
  ""canonical"": ""Database"",
  ""is_hpc_domain"": true,
  ""scheduler"": ""slurm"",
  ""category"": ""config_param"",
  ""ontology_role"": ""datatype_property"",
  ""dul_bucket"": ""description"",
  ""definition"": ""Database refers to the storage of accounting information for Slurm jobs, configurable through AccountingStorageType."",
  ""aliases"": []
}",5
13,slurm.conf,slurm.conf,slurm,individual,config_file,information_object,1,"slurm.conf is Slurm’s main configuration file defining cluster and scheduling settings, including accounting plugin parameters.",[],"{
  ""term"": ""slurm.conf"",
  ""canonical"": ""slurm.conf"",
  ""is_hpc_domain"": true,
  ""scheduler"": ""slurm"",
  ""category"": ""config_file"",
  ""ontology_role"": ""individual"",
  ""dul_bucket"": ""information_object"",
  ""definition"": ""slurm.conf is Slurm’s main configuration file defining cluster and scheduling settings, including accounting plugin parameters."",
  ""aliases"": []
}",14
14,AccountingStorageType,accountingstoragetype,slurm,datatype_property,config_param,description,1,AccountingStorageType configures the accounting storage backend used by Slurm.,[],"{
  ""term"": ""AccountingStorageType"",
  ""canonical"": ""AccountingStorageType"",
  ""is_hpc_domain"": true,
  ""scheduler"": ""slurm"",
  ""category"": ""config_param"",
  ""ontology_role"": ""datatype_property"",
  ""dul_bucket"": ""description"",
  ""definition"": ""AccountingStorageType configures the accounting storage backend used by Slurm."",
  ""aliases"": []
}",4
15,JobAcctGatherType,jobacctgathertype,slurm,datatype_property,config_param,description,1,JobAcctGatherType is a Slurm configuration parameter that determines the mechanism used to collect accounting information for jobs.,[],"{
  ""term"": ""JobAcctGatherType"",
  ""canonical"": ""JobAcctGatherType"",
  ""is_hpc_domain"": true,
  ""scheduler"": ""slurm"",
  ""category"": ""config_param"",
  ""ontology_role"": ""datatype_property"",
  ""dul_bucket"": ""description"",
  ""definition"": ""JobAcctGatherType is a Slurm configuration parameter that determines the mechanism used to collect accounting information for jobs."",
  ""aliases"": []
}",2
16,JobCompType,jobcomptype,slurm,datatype_property,config_param,description,1,JobCompType is a Slurm configuration parameter that controls how job completion information is recorded.,[],"{
  ""term"": ""JobCompType"",
  ""canonical"": ""JobCompType"",
  ""is_hpc_domain"": true,
  ""scheduler"": ""slurm"",
  ""category"": ""config_param"",
  ""ontology_role"": ""datatype_property"",
  ""dul_bucket"": ""description"",
  ""definition"": ""JobCompType is a Slurm configuration parameter that controls how job completion information is recorded."",
  ""aliases"": []
}",3
23,MySQL,mysql,unknown,datatype_property,config_param,description,1,MySQL is a database management system used for storing job completion information in Slurm.,[],"{
  ""term"": ""MySQL"",
  ""canonical"": ""MySQL"",
  ""is_hpc_domain"": true,
  ""scheduler"": ""unknown"",
  ""category"": ""config_param"",
  ""ontology_role"": ""datatype_property"",
  ""dul_bucket"": ""description"",
  ""definition"": ""MySQL is a database management system used for storing job completion information in Slurm."",
  ""aliases"": []
}",5
27,sacctmgr,sacctmgr,slurm,individual,command,information_object,1,"sacctmgr is a Slurm command used to manage accounting data, such as job completion information, stored in text files or databases.","[""sacctmgr command""]","{
  ""term"": ""sacctmgr"",
  ""canonical"": ""sacctmgr"",
  ""is_hpc_domain"": true,
  ""scheduler"": ""slurm"",
  ""category"": ""command"",
  ""ontology_role"": ""individual"",
  ""dul_bucket"": ""information_object"",
  ""definition"": ""sacctmgr is a Slurm command used to manage accounting data, such as job completion information, stored in text files or databases."",
  ""aliases"": [""sacctmgr command""]
}",10
30,JobCompLoc,jobcomploc,slurm,datatype_property,config_param,description,1,"JobCompLoc is a Slurm configuration parameter that specifies the location where job completion information is stored, such as a text file or a database.",[],"{
  ""term"": ""JobCompLoc"",
  ""canonical"": ""JobCompLoc"",
  ""is_hpc_domain"": true,
  ""scheduler"": ""slurm"",
  ""category"": ""config_param"",
  ""ontology_role"": ""datatype_property"",
  ""dul_bucket"": ""description"",
  ""definition"": ""JobCompLoc is a Slurm configuration parameter that specifies the location where job completion information is stored, such as a text file or a database."",
  ""aliases"": []
}",2
32,slurmctld,slurmctld,slurm,individual,other_hpc,event,1,"slurmctld is the Slurm Control Daemon that manages job submission, scheduling, and execution.",[],"{
  ""term"": ""slurmctld"",
  ""canonical"": ""slurmctld"",
  ""is_hpc_domain"": true,
  ""scheduler"": ""slurm"",
  ""category"": ""other_hpc"",
  ""ontology_role"": ""individual"",
  ""dul_bucket"": ""event"",
  ""definition"": ""slurmctld is the Slurm Control Daemon that manages job submission, scheduling, and execution."",
  ""aliases"": []
}",10
35,Slurm Database Daemon,slurmdbd,slurm,individual,other_hpc,description,1,"SlurmDBD is a daemon that provides an intermediate service for storing accounting information from Slurm, improving security and performance.",[],"{
  ""term"": ""Slurm Database Daemon"",
  ""canonical"": ""SlurmDBD"",
  ""is_hpc_domain"": true,
  ""scheduler"": ""slurm"",
  ""category"": ""other_hpc"",
  ""ontology_role"": ""individual"",
  ""dul_bucket"": ""description"",
  ""definition"": ""SlurmDBD is a daemon that provides an intermediate service for storing accounting information from Slurm, improving security and performance."",
  ""aliases"": []
}",2
43,Slurm plugins,slurm plugins,slurm,class,other_hpc,description,1,"Slurm plugins are software components that extend Slurm's functionality, providing services such as authentication and database use.",[],"{
  ""term"": ""Slurm plugins"",
  ""canonical"": ""Slurm Plugins"",
  ""is_hpc_domain"": true,
  ""scheduler"": ""slurm"",
  ""category"": ""other_hpc"",
  ""ontology_role"": ""class"",
  ""dul_bucket"": ""description"",
  ""definition"": ""Slurm plugins are software components that extend Slurm's functionality, providing services such as authentication and database use."",
  ""aliases"": []
}",2
44,authentication,authentication,slurm,class,other_hpc,description,1,"Authentication refers to the process of verifying the identity of users, jobs, and resources in a Slurm cluster, using SlurmDBD for secure and fast authentication services.",[],"{
  ""term"": ""authentication"",
  ""canonical"": ""Authentication"",
  ""is_hpc_domain"": true,
  ""scheduler"": ""slurm"",
  ""category"": ""other_hpc"",
  ""ontology_role"": ""class"",
  ""dul_bucket"": ""description"",
  ""definition"": ""Authentication refers to the process of verifying the identity of users, jobs, and resources in a Slurm cluster, using SlurmDBD for secure and fast authentication services."",
  ""aliases"": []
}",2
51,sacctmgr add cluster,sacctmgr add cluster,slurm,individual,command,event,1,sacctmgr add cluster is a Slurm command used to add a new cluster to the Slurm Database Daemon (SlurmDBD).,[],"{
  ""term"": ""sacctmgr add cluster"",
  ""canonical"": ""sacctmgr add cluster"",
  ""is_hpc_domain"": true,
  ""scheduler"": ""slurm"",
  ""category"": ""command"",
  ""ontology_role"": ""individual"",
  ""dul_bucket"": ""event"",
  ""definition"": ""sacctmgr add cluster is a Slurm command used to add a new cluster to the Slurm Database Daemon (SlurmDBD)."",
  ""aliases"": []
}",2
52,snowflake,slurmdbd,slurm,individual,other_hpc,description,1,snowflake (SlurmDBD) is a Slurm component that provides a database service for storing job and accounting information.,[],"{
  ""term"": ""snowflake"",
  ""canonical"": ""SlurmDBD"",
  ""is_hpc_domain"": true,
  ""scheduler"": ""slurm"",
  ""category"": ""other_hpc"",
  ""ontology_role"": ""individual"",
  ""dul_bucket"": ""description"",
  ""definition"": ""snowflake (SlurmDBD) is a Slurm component that provides a database service for storing job and accounting information."",
  ""aliases"": []
}",4
63,Accounting,accounting,slurm,class,other_hpc,description,1,"Accounting in the context of Slurm refers to the collection, storage, and management of job and resource usage data.",[],"{
  ""term"": ""Accounting"",
  ""canonical"": ""Accounting"",
  ""is_hpc_domain"": true,
  ""scheduler"": ""slurm"",
  ""category"": ""other_hpc"",
  ""ontology_role"": ""class"",
  ""dul_bucket"": ""description"",
  ""definition"": ""Accounting in the context of Slurm refers to the collection, storage, and management of job and resource usage data."",
  ""aliases"": []
}",2
66,SlurmUser,slurmuser,slurm,individual,user_role,information_object,1,SlurmUser refers to a user whose name and ID must be consistent across all clusters for proper authentication and data security when using SlurmDBD.,[],"{
  ""term"": ""SlurmUser"",
  ""canonical"": ""SlurmUser"",
  ""is_hpc_domain"": true,
  ""scheduler"": ""slurm"",
  ""category"": ""user_role"",
  ""ontology_role"": ""individual"",
  ""dul_bucket"": ""information_object"",
  ""definition"": ""SlurmUser refers to a user whose name and ID must be consistent across all clusters for proper authentication and data security when using SlurmDBD."",
  ""aliases"": []
}",2
68,limits,limits,slurm,datatype_property,config_param,description,1,"In Slurm, limits refer to constraints on user naming and IDs to ensure consistency across multiple clusters for security and authentication purposes.",[],"{
  ""term"": ""limits"",
  ""canonical"": ""limits"",
  ""is_hpc_domain"": true,
  ""scheduler"": ""slurm"",
  ""category"": ""config_param"",
  ""ontology_role"": ""datatype_property"",
  ""dul_bucket"": ""description"",
  ""definition"": ""In Slurm, limits refer to constraints on user naming and IDs to ensure consistency across multiple clusters for security and authentication purposes."",
  ""aliases"": []
}",3
70,MUNGE,munge,slurm,datatype_property,config_param,description,1,MUNGE is an authentication method used for securing communications with the SlurmDBD.,[],"{
  ""term"": ""MUNGE"",
  ""canonical"": ""MUNGE"",
  ""is_hpc_domain"": true,
  ""scheduler"": ""slurm"",
  ""category"": ""config_param"",
  ""ontology_role"": ""datatype_property"",
  ""dul_bucket"": ""description"",
  ""definition"": ""MUNGE is an authentication method used for securing communications with the SlurmDBD."",
  ""aliases"": []
}",4
73,slurmdbd.conf,slurmdbd.conf,slurm,individual,config_file,information_object,1,"slurmdbd.conf is the configuration file for the SlurmDBD, which collects data from multiple clusters in a single location. It contains settings for user naming, authentication, and MUNGE configuration.",[],"{
  ""term"": ""slurmdbd.conf"",
  ""canonical"": ""slurmdbd.conf"",
  ""is_hpc_domain"": true,
  ""scheduler"": ""slurm"",
  ""category"": ""config_file"",
  ""ontology_role"": ""individual"",
  ""dul_bucket"": ""information_object"",
  ""definition"": ""slurmdbd.conf is the configuration file for the SlurmDBD, which collects data from multiple clusters in a single location. It contains settings for user naming, authentication, and MUNGE configuration."",
  ""aliases"": []
}",5
75,passwd file,passwd file,slurm,individual,config_file,information_object,1,The passwd file is a configuration file used by SlurmDBD to maintain usernames and IDs consistently across multiple clusters for authentication and accounting purposes.,[],"{
  ""term"": ""passwd file"",
  ""canonical"": ""passwd file"",
  ""is_hpc_domain"": true,
  ""scheduler"": ""slurm"",
  ""category"": ""config_file"",
  ""ontology_role"": ""individual"",
  ""dul_bucket"": ""information_object"",
  ""definition"": ""The passwd file is a configuration file used by SlurmDBD to maintain usernames and IDs consistently across multiple clusters for authentication and accounting purposes."",
  ""aliases"": []
}",2
87,slurmdbd,slurmdbd,slurm,individual,config_file,information_object,1,slurmdbd is the Slurm database daemon responsible for managing job accounting data.,[],"{
  ""term"": ""slurmdbd"",
  ""canonical"": ""slurmdbd"",
  ""is_hpc_domain"": true,
  ""scheduler"": ""slurm"",
  ""category"": ""config_file"",
  ""ontology_role"": ""individual"",
  ""dul_bucket"": ""information_object"",
  ""definition"": ""slurmdbd is the Slurm database daemon responsible for managing job accounting data."",
  ""aliases"": []
}",4
107,accounting_storage/slurmdbd,accounting_storage/slurmdbd,slurm,datatype_property,config_param,description,1,"accounting_storage/slurmdbd is a Slurm configuration parameter for setting the accounting storage backend to SlurmDBD, which communicates with a MySQL or MariaDB database.",[],"{
  ""term"": ""accounting_storage/slurmdbd"",
  ""canonical"": ""accounting_storage/slurmdbd"",
  ""is_hpc_domain"": true,
  ""scheduler"": ""slurm"",
  ""category"": ""config_param"",
  ""ontology_role"": ""datatype_property"",
  ""dul_bucket"": ""description"",
  ""definition"": ""accounting_storage/slurmdbd is a Slurm configuration parameter for setting the accounting storage backend to SlurmDBD, which communicates with a MySQL or MariaDB database."",
  ""aliases"": []
}",2
108,associations,associations,slurm,class,other_hpc,description,1,"In Slurm, associations are user entities consisting of the cluster, a user, account, and optionally a partition, used for accounting purposes.",[],"{
  ""term"": ""associations"",
  ""canonical"": ""associations"",
  ""is_hpc_domain"": true,
  ""scheduler"": ""slurm"",
  ""category"": ""other_hpc"",
  ""ontology_role"": ""class"",
  ""dul_bucket"": ""description"",
  ""definition"": ""In Slurm, associations are user entities consisting of the cluster, a user, account, and optionally a partition, used for accounting purposes."",
  ""aliases"": []
}",4
109,cluster,cluster,slurm,class,other_hpc,object,1,A cluster is a collection of interconnected compute nodes managed by a scheduler like Slurm.,[],"{
  ""term"": ""cluster"",
  ""canonical"": ""Cluster"",
  ""is_hpc_domain"": true,
  ""scheduler"": ""slurm"",
  ""category"": ""other_hpc"",
  ""ontology_role"": ""class"",
  ""dul_bucket"": ""object"",
  ""definition"": ""A cluster is a collection of interconnected compute nodes managed by a scheduler like Slurm."",
  ""aliases"": []
}",16
110,user,user,slurm,individual,user_role,information_object,1,"In Slurm, a user is an entity associated with a cluster, account, and optionally a partition. This user is used for database communication and job completion plugin connections.",[],"{
  ""term"": ""user"",
  ""canonical"": ""User"",
  ""is_hpc_domain"": true,
  ""scheduler"": ""slurm"",
  ""category"": ""user_role"",
  ""ontology_role"": ""individual"",
  ""dul_bucket"": ""information_object"",
  ""definition"": ""In Slurm, a user is an entity associated with a cluster, account, and optionally a partition. This user is used for database communication and job completion plugin connections."",
  ""aliases"": []
}",5
111,account,account,slurm,individual,user_role,information_object,1,"An account is a user entity in Slurm that consists of a cluster, user, and optionally a partition.",[],"{
  ""term"": ""account"",
  ""canonical"": ""account"",
  ""is_hpc_domain"": true,
  ""scheduler"": ""slurm"",
  ""category"": ""user_role"",
  ""ontology_role"": ""individual"",
  ""dul_bucket"": ""information_object"",
  ""definition"": ""An account is a user entity in Slurm that consists of a cluster, user, and optionally a partition."",
  ""aliases"": []
}",4
112,partition,partition,slurm,class,queue_or_partition,object,1,"A partition is a logical grouping of compute nodes that defines scheduling and resource policies, and can be associated with a user, account, and optionally a partition in Slurm.",[],"{
  ""term"": ""partition"",
  ""canonical"": ""Partition"",
  ""is_hpc_domain"": true,
  ""scheduler"": ""slurm"",
  ""category"": ""queue_or_partition"",
  ""ontology_role"": ""class"",
  ""dul_bucket"": ""object"",
  ""definition"": ""A partition is a logical grouping of compute nodes that defines scheduling and resource policies, and can be associated with a user, account, and optionally a partition in Slurm."",
  ""aliases"": []
}",7
114,MariaDB,mariadb,both,class,resource,object,1,MariaDB is a popular open-source relational database management system used for Slurm Accounting Storage.,[],"{
  ""term"": ""MariaDB"",
  ""canonical"": ""MariaDB"",
  ""is_hpc_domain"": true,
  ""scheduler"": ""both"",
  ""category"": ""resource"",
  ""ontology_role"": ""class"",
  ""dul_bucket"": ""object"",
  ""definition"": ""MariaDB is a popular open-source relational database management system used for Slurm Accounting Storage."",
  ""aliases"": []
}",3
115,InnoDB,innodb,slurm,datatype_property,resource,description,1,InnoDB is the storage engine used by MySQL or MariaDB in Slurm for making rollbacks possible.,[],"{
  ""term"": ""InnoDB"",
  ""canonical"": ""InnoDB"",
  ""is_hpc_domain"": true,
  ""scheduler"": ""slurm"",
  ""category"": ""resource"",
  ""ontology_role"": ""datatype_property"",
  ""dul_bucket"": ""description"",
  ""definition"": ""InnoDB is the storage engine used by MySQL or MariaDB in Slurm for making rollbacks possible."",
  ""aliases"": []
}",4
128,innodb_buffer_pool_size,innodb_buffer_pool_size,slurm,datatype_property,config_param,description,1,innodb_buffer_pool_size is a MySQL configuration parameter that Slurm uses to determine the size of the InnoDB buffer pool. It should be set between 5 and 50 percent of the available memory on the SQL server.,[],"{
  ""term"": ""innodb_buffer_pool_size"",
  ""canonical"": ""innodb_buffer_pool_size"",
  ""is_hpc_domain"": true,
  ""scheduler"": ""slurm"",
  ""category"": ""config_param"",
  ""ontology_role"": ""datatype_property"",
  ""dul_bucket"": ""description"",
  ""definition"": ""innodb_buffer_pool_size is a MySQL configuration parameter that Slurm uses to determine the size of the InnoDB buffer pool. It should be set between 5 and 50 percent of the available memory on the SQL server."",
  ""aliases"": []
}",2
129,available memory,available memory,slurm,datatype_property,resource,description,1,Available memory refers to the amount of memory that can be allocated for Slurm's MySQL installation.,[],"{
  ""term"": ""available memory"",
  ""canonical"": ""available memory"",
  ""is_hpc_domain"": true,
  ""scheduler"": ""slurm"",
  ""category"": ""resource"",
  ""ontology_role"": ""datatype_property"",
  ""dul_bucket"": ""description"",
  ""definition"": ""Available memory refers to the amount of memory that can be allocated for Slurm's MySQL installation."",
  ""aliases"": []
}",2
131,innodb_log_file_size,innodb_log_file_size,slurm,datatype_property,config_param,description,1,innodb_log_file_size is a MySQL configuration parameter that defines the size of the InnoDB redo log files. It is used by Slurm to ensure rollback functionality.,[],"{
  ""term"": ""innodb_log_file_size"",
  ""canonical"": ""innodb_log_file_size"",
  ""is_hpc_domain"": true,
  ""scheduler"": ""slurm"",
  ""category"": ""config_param"",
  ""ontology_role"": ""datatype_property"",
  ""dul_bucket"": ""description"",
  ""definition"": ""innodb_log_file_size is a MySQL configuration parameter that defines the size of the InnoDB redo log files. It is used by Slurm to ensure rollback functionality."",
  ""aliases"": []
}",2
136,innodb_lock_wait_timeout,innodb_lock_wait_timeout,slurm,datatype_property,config_param,description,1,innodb_lock_wait_timeout is a MySQL configuration parameter used by Slurm to set the maximum time a query can wait for a lock before it times out.,[],"{
  ""term"": ""innodb_lock_wait_timeout"",
  ""canonical"": ""innodb_lock_wait_timeout"",
  ""is_hpc_domain"": true,
  ""scheduler"": ""slurm"",
  ""category"": ""config_param"",
  ""ontology_role"": ""datatype_property"",
  ""dul_bucket"": ""description"",
  ""definition"": ""innodb_lock_wait_timeout is a MySQL configuration parameter used by Slurm to set the maximum time a query can wait for a lock before it times out."",
  ""aliases"": []
}",2
137,AccountingStoreFlags,accountingstoreflags,slurm,datatype_property,config_param,description,1,"AccountingStoreFlags is a Slurm configuration parameter that specifies the flags for the AccountingStore, affecting MySQL/MariaDB server settings.",[],"{
  ""term"": ""AccountingStoreFlags"",
  ""canonical"": ""AccountingStoreFlags"",
  ""is_hpc_domain"": true,
  ""scheduler"": ""slurm"",
  ""category"": ""config_param"",
  ""ontology_role"": ""datatype_property"",
  ""dul_bucket"": ""description"",
  ""definition"": ""AccountingStoreFlags is a Slurm configuration parameter that specifies the flags for the AccountingStore, affecting MySQL/MariaDB server settings."",
  ""aliases"": []
}",2
140,max_script_size,max_script_size,slurm,datatype_property,config_param,description,1,max_script_size is a Slurm configuration parameter that sets the maximum size for job scripts when using AccountingStoreFlags=job_script.,[],"{
  ""term"": ""max_script_size"",
  ""canonical"": ""max_script_size"",
  ""is_hpc_domain"": true,
  ""scheduler"": ""slurm"",
  ""category"": ""config_param"",
  ""ontology_role"": ""datatype_property"",
  ""dul_bucket"": ""description"",
  ""definition"": ""max_script_size is a Slurm configuration parameter that sets the maximum size for job scripts when using AccountingStoreFlags=job_script."",
  ""aliases"": []
}",2
149,innodb_default_row_format,innodb_default_row_format,unknown,datatype_property,non_domain,description,0,innodb_default_row_format is a MySQL configuration parameter that defines the default row format for InnoDB tables.,[],"{
  ""term"": ""innodb_default_row_format"",
  ""canonical"": ""innodb_default_row_format"",
  ""is_hpc_domain"": false,
  ""scheduler"": ""unknown"",
  ""category"": ""config_param"",
  ""ontology_role"": ""datatype_property"",
  ""dul_bucket"": ""description"",
  ""definition"": ""innodb_default_row_format is a MySQL configuration parameter that defines the default row format for InnoDB tables."",
  ""aliases"": []
}",2
163,dynamic,dynamic,slurm,datatype_property,config_param,description,1,"In the context of Slurm, 'dynamic' refers to a variable value that can change dynamically, such as innodb_default_row_format.",[],"{
  ""term"": ""dynamic"",
  ""canonical"": ""dynamic"",
  ""is_hpc_domain"": true,
  ""scheduler"": ""slurm"",
  ""category"": ""config_param"",
  ""ontology_role"": ""datatype_property"",
  ""dul_bucket"": ""description"",
  ""definition"": ""In the context of Slurm, 'dynamic' refers to a variable value that can change dynamically, such as innodb_default_row_format."",
  ""aliases"": []
}",2
165,db_name,db_name,slurm,datatype_property,config_param,description,1,db_name is the name of the Slurm database (StorageLoc) set in slurmdbd.conf.,[],"{
  ""term"": ""db_name"",
  ""canonical"": ""db_name"",
  ""is_hpc_domain"": true,
  ""scheduler"": ""slurm"",
  ""category"": ""config_param"",
  ""ontology_role"": ""datatype_property"",
  ""dul_bucket"": ""description"",
  ""definition"": ""db_name is the name of the Slurm database (StorageLoc) set in slurmdbd.conf."",
  ""aliases"": []
}",2
173,AccountingStorageEnforce,accountingstorageenforce,slurm,datatype_property,config_param,description,1,"AccountingStorageEnforce is a Slurm configuration parameter that enforces options for accounting storage, such as preventing users from running jobs if their association is not in the database or enforcing limits set on associations and QoS.",[],"{
  ""term"": ""AccountingStorageEnforce"",
  ""canonical"": ""AccountingStorageEnforce"",
  ""is_hpc_domain"": true,
  ""scheduler"": ""slurm"",
  ""category"": ""config_param"",
  ""ontology_role"": ""datatype_property"",
  ""dul_bucket"": ""description"",
  ""definition"": ""AccountingStorageEnforce is a Slurm configuration parameter that enforces options for accounting storage, such as preventing users from running jobs if their association is not in the database or enforcing limits set on associations and QoS."",
  ""aliases"": []
}",4
176,qos,qos,slurm,datatype_property,config_param,description,1,qos is a Slurm configuration parameter that defines limits for associations and QoS (Quality of Service) in the SlurmDBD.,[],"{
  ""term"": ""qos"",
  ""canonical"": ""QoS"",
  ""is_hpc_domain"": true,
  ""scheduler"": ""slurm"",
  ""category"": ""config_param"",
  ""ontology_role"": ""datatype_property"",
  ""dul_bucket"": ""description"",
  ""definition"": ""qos is a Slurm configuration parameter that defines limits for associations and QoS (Quality of Service) in the SlurmDBD."",
  ""aliases"": []
}",2
177,nojobs,nojobs,slurm,datatype_property,config_param,description,1,nojobs is a Slurm configuration parameter that prevents job information from being stored in accounting.,[],"{
  ""term"": ""nojobs"",
  ""canonical"": ""nojobs"",
  ""is_hpc_domain"": true,
  ""scheduler"": ""slurm"",
  ""category"": ""config_param"",
  ""ontology_role"": ""datatype_property"",
  ""dul_bucket"": ""description"",
  ""definition"": ""nojobs is a Slurm configuration parameter that prevents job information from being stored in accounting."",
  ""aliases"": []
}",2
187,wckeys,wckeys,slurm,datatype_property,config_param,description,1,wckeys is a Slurm configuration parameter that prevents users from running jobs under a wckey they don't have access to.,[],"{
  ""term"": ""wckeys"",
  ""canonical"": ""wckeys"",
  ""is_hpc_domain"": true,
  ""scheduler"": ""slurm"",
  ""category"": ""config_param"",
  ""ontology_role"": ""datatype_property"",
  ""dul_bucket"": ""description"",
  ""definition"": ""wckeys is a Slurm configuration parameter that prevents users from running jobs under a wckey they don't have access to."",
  ""aliases"": []
}",2
188,wckey,wckey,slurm,class,user_role,description,1,wckey is a Slurm user role that restricts job submission to specific workload-charging keys.,[],"{
  ""term"": ""wckey"",
  ""canonical"": ""wckey"",
  ""is_hpc_domain"": true,
  ""scheduler"": ""slurm"",
  ""category"": ""user_role"",
  ""ontology_role"": ""class"",
  ""dul_bucket"": ""description"",
  ""definition"": ""wckey is a Slurm user role that restricts job submission to specific workload-charging keys."",
  ""aliases"": []
}",2
191,TrackWCKey,trackwckey,slurm,datatype_property,option_flag,description,1,"TrackWCKey is an option flag in Slurm that prevents users from running jobs under a wckey they don't have access to, and automatically sets the 'associations' option.",[],"{
  ""term"": ""TrackWCKey"",
  ""canonical"": ""TrackWCKey"",
  ""is_hpc_domain"": true,
  ""scheduler"": ""slurm"",
  ""category"": ""option_flag"",
  ""ontology_role"": ""datatype_property"",
  ""dul_bucket"": ""description"",
  ""definition"": ""TrackWCKey is an option flag in Slurm that prevents users from running jobs under a wckey they don't have access to, and automatically sets the 'associations' option."",
  ""aliases"": []
}",2
200,port,port,slurm,datatype_property,config_param,description,1,"In Slurm, a port is a communication endpoint used for inter-cluster communication and MUNGE authentication.",[],"{
  ""term"": ""port"",
  ""canonical"": ""port"",
  ""is_hpc_domain"": true,
  ""scheduler"": ""slurm"",
  ""category"": ""config_param"",
  ""ontology_role"": ""datatype_property"",
  ""dul_bucket"": ""description"",
  ""definition"": ""In Slurm, a port is a communication endpoint used for inter-cluster communication and MUNGE authentication."",
  ""aliases"": []
}",3
201,AccountingStoragePort,accountingstorageport,slurm,datatype_property,config_param,description,1,AccountingStoragePort is a configuration parameter specifying the port used for communication between clusters registered with the external slurmdbd.,[],"{
  ""term"": ""AccountingStoragePort"",
  ""canonical"": ""AccountingStoragePort"",
  ""is_hpc_domain"": true,
  ""scheduler"": ""slurm"",
  ""category"": ""config_param"",
  ""ontology_role"": ""datatype_property"",
  ""dul_bucket"": ""description"",
  ""definition"": ""AccountingStoragePort is a configuration parameter specifying the port used for communication between clusters registered with the external slurmdbd."",
  ""aliases"": []
}",3
219,AuthInfo,authinfo,slurm,datatype_property,config_param,description,1,AuthInfo is a SlurmDBD configuration parameter that specifies the pathname of the named socket used by MUNGE for enterprise-wide authentication.,[],"{
  ""term"": ""AuthInfo"",
  ""canonical"": ""AuthInfo"",
  ""is_hpc_domain"": true,
  ""scheduler"": ""slurm"",
  ""category"": ""config_param"",
  ""ontology_role"": ""datatype_property"",
  ""dul_bucket"": ""description"",
  ""definition"": ""AuthInfo is a SlurmDBD configuration parameter that specifies the pathname of the named socket used by MUNGE for enterprise-wide authentication."",
  ""aliases"": []
}",2
237,default value,default value,slurm,datatype_property,config_param,description,1,Default value refers to the predefined value for certain Slurm configuration parameters when no explicit value is provided.,[],"{
  ""term"": ""default value"",
  ""canonical"": ""default value"",
  ""is_hpc_domain"": true,
  ""scheduler"": ""slurm"",
  ""category"": ""config_param"",
  ""ontology_role"": ""datatype_property"",
  ""dul_bucket"": ""description"",
  ""definition"": ""Default value refers to the predefined value for certain Slurm configuration parameters when no explicit value is provided."",
  ""aliases"": []
}",2
238,configure time,configure_time,slurm,datatype_property,config_param,description,1,configure time refers to the point in time when Slurm configuration parameters are set during system build or modification.,[],"{
  ""term"": ""configure time"",
  ""canonical"": ""configure_time"",
  ""is_hpc_domain"": true,
  ""scheduler"": ""slurm"",
  ""category"": ""config_param"",
  ""ontology_role"": ""datatype_property"",
  ""dul_bucket"": ""description"",
  ""definition"": ""configure time refers to the point in time when Slurm configuration parameters are set during system build or modification."",
  ""aliases"": []
}",2
244,StorageHost,storagehost,slurm,datatype_property,config_param,description,1,StorageHost is a Slurm configuration parameter that defines the host where the database is running to store job accounting data.,[],"{
  ""term"": ""StorageHost"",
  ""canonical"": ""StorageHost"",
  ""is_hpc_domain"": true,
  ""scheduler"": ""slurm"",
  ""category"": ""config_param"",
  ""ontology_role"": ""datatype_property"",
  ""dul_bucket"": ""description"",
  ""definition"": ""StorageHost is a Slurm configuration parameter that defines the host where the database is running to store job accounting data."",
  ""aliases"": []
}",2
245,StorageLoc,storageloc,slurm,datatype_property,config_param,description,1,StorageLoc is a Slurm configuration parameter that specifies the name of the database where accounting records are written.,[],"{
  ""term"": ""StorageLoc"",
  ""canonical"": ""StorageLoc"",
  ""is_hpc_domain"": true,
  ""scheduler"": ""slurm"",
  ""category"": ""config_param"",
  ""ontology_role"": ""datatype_property"",
  ""dul_bucket"": ""description"",
  ""definition"": ""StorageLoc is a Slurm configuration parameter that specifies the name of the database where accounting records are written."",
  ""aliases"": []
}",2
249,slurm_acct_db,slurm_acct_db,slurm,datatype_property,config_param,description,1,slurm_acct_db is a configuration parameter for Slurm that defines the name of the database where accounting records are written.,[],"{
  ""term"": ""slurm_acct_db"",
  ""canonical"": ""slurm_acct_db"",
  ""is_hpc_domain"": true,
  ""scheduler"": ""slurm"",
  ""category"": ""config_param"",
  ""ontology_role"": ""datatype_property"",
  ""dul_bucket"": ""description"",
  ""definition"": ""slurm_acct_db is a configuration parameter for Slurm that defines the name of the database where accounting records are written."",
  ""aliases"": []
}",3
253,root,root,slurm,individual,user_role,description,1,"In Slurm, 'root' is the default user for the slurmdbd daemon, but it is recommended to use a non-root user for security purposes. This user must exist on the machine executing the Slurm Database Daemon and have the same UID as the hosts on which slurmctld execute.",[],"{
  ""term"": ""root"",
  ""canonical"": ""root"",
  ""is_hpc_domain"": true,
  ""scheduler"": ""slurm"",
  ""category"": ""user_role"",
  ""ontology_role"": ""individual"",
  ""dul_bucket"": ""description"",
  ""definition"": ""In Slurm, 'root' is the default user for the slurmdbd daemon, but it is recommended to use a non-root user for security purposes. This user must exist on the machine executing the Slurm Database Daemon and have the same UID as the hosts on which slurmctld execute."",
  ""aliases"": []
}",6
254,AdminLevel,adminlevel,slurm,datatype_property,user_role,description,1,"AdminLevel is a Slurm configuration parameter that defines the user name for the slurmdbd daemon, which should be different from root for security purposes.",[],"{
  ""term"": ""AdminLevel"",
  ""canonical"": ""AdminLevel"",
  ""is_hpc_domain"": true,
  ""scheduler"": ""slurm"",
  ""category"": ""user_role"",
  ""ontology_role"": ""datatype_property"",
  ""dul_bucket"": ""description"",
  ""definition"": ""AdminLevel is a Slurm configuration parameter that defines the user name for the slurmdbd daemon, which should be different from root for security purposes."",
  ""aliases"": []
}",3
255,Admin,admin,slurm,individual,user_role,description,1,Admin refers to the user that the Slurm Database Daemon (slurmdbd) executes as. This user should exist on the machine executing the Slurm Database Daemon and have the same UID as the hosts on which slurmctld execute.,[],"{
  ""term"": ""Admin"",
  ""canonical"": ""Admin"",
  ""is_hpc_domain"": true,
  ""scheduler"": ""slurm"",
  ""category"": ""user_role"",
  ""ontology_role"": ""individual"",
  ""dul_bucket"": ""description"",
  ""definition"": ""Admin refers to the user that the Slurm Database Daemon (slurmdbd) executes as. This user should exist on the machine executing the Slurm Database Daemon and have the same UID as the hosts on which slurmctld execute."",
  ""aliases"": []
}",2
278,localhost,localhost,unknown,individual,non_domain,information_object,0,localhost is a hostname representing the current machine or computer.,[],"{
  ""term"": ""localhost"",
  ""canonical"": ""localhost"",
  ""is_hpc_domain"": false,
  ""scheduler"": ""unknown"",
  ""category"": ""non_domain"",
  ""ontology_role"": ""individual"",
  ""dul_bucket"": ""information_object"",
  ""definition"": ""localhost is a hostname representing the current machine or computer."",
  ""aliases"": []
}",3
279,system0,system0,unknown,drop,non_domain,unknown,0,Not a domain term; 'system0' is a hostname or system identifier in a database context.,[],"{
  ""term"": ""system0"",
  ""canonical"": ""system0"",
  ""is_hpc_domain"": false,
  ""scheduler"": ""unknown"",
  ""category"": ""non_domain"",
  ""ontology_role"": ""drop"",
  ""dul_bucket"": ""unknown"",
  ""definition"": ""Not a domain term; 'system0' is a hostname or system identifier in a database context."",
  ""aliases"": []
}",2
280,grant,grant,unknown,individual,non_domain,event,0,GRANT is a MySQL command used to grant privileges to a user for specific database objects.,[],"{
  ""term"": ""grant"",
  ""canonical"": ""GRANT"",
  ""is_hpc_domain"": false,
  ""scheduler"": ""unknown"",
  ""category"": ""command"",
  ""ontology_role"": ""individual"",
  ""dul_bucket"": ""event"",
  ""definition"": ""GRANT is a MySQL command used to grant privileges to a user for specific database objects."",
  ""aliases"": []
}",2
285,slurm,slurm,slurm,class,other_hpc,object,1,SLURM is a popular open-source job scheduler for High Performance Computing (HPC) systems.,[],"{
  ""term"": ""slurm"",
  ""canonical"": ""SLURM"",
  ""is_hpc_domain"": true,
  ""scheduler"": ""slurm"",
  ""category"": ""other_hpc"",
  ""ontology_role"": ""class"",
  ""dul_bucket"": ""object"",
  ""definition"": ""SLURM is a popular open-source job scheduler for High Performance Computing (HPC) systems."",
  ""aliases"": []
}",2
312,Association,association,slurm,datatype_property,config_param,description,1,"Association refers to a database entry in Slurm that contains user associations, which are necessary for correctly displaying archived information.",[],"{
  ""term"": ""Association"",
  ""canonical"": ""Association"",
  ""is_hpc_domain"": true,
  ""scheduler"": ""slurm"",
  ""category"": ""config_param"",
  ""ontology_role"": ""datatype_property"",
  ""dul_bucket"": ""description"",
  ""definition"": ""Association refers to a database entry in Slurm that contains user associations, which are necessary for correctly displaying archived information."",
  ""aliases"": []
}",2
314,TRES,tres,slurm,datatype_property,resource,description,1,"TRES (Total Resource Estimates) is a set of resource estimates for a job, including CPU, memory, and other requirements, used in Slurm scheduling.",[],"{
  ""term"": ""TRES"",
  ""canonical"": ""TRES"",
  ""is_hpc_domain"": true,
  ""scheduler"": ""slurm"",
  ""category"": ""resource"",
  ""ontology_role"": ""datatype_property"",
  ""dul_bucket"": ""description"",
  ""definition"": ""TRES (Total Resource Estimates) is a set of resource estimates for a job, including CPU, memory, and other requirements, used in Slurm scheduling."",
  ""aliases"": []
}",2
325,accounts,accounts,slurm,class,user_role,description,1,"Accounts represent user roles in Slurm, used for managing database entries and permissions for archive servers.",[],"{
  ""term"": ""accounts"",
  ""canonical"": ""Accounts"",
  ""is_hpc_domain"": true,
  ""scheduler"": ""slurm"",
  ""category"": ""user_role"",
  ""ontology_role"": ""class"",
  ""dul_bucket"": ""description"",
  ""definition"": ""Accounts represent user roles in Slurm, used for managing database entries and permissions for archive servers."",
  ""aliases"": []
}",2
326,user associations,userassociations,slurm,datatype_property,config_param,description,1,"User associations refer to the database entries that need to match the production server for correct archived information display. These entries include Association, QOS, and TRES information.",[],"{
  ""term"": ""user associations"",
  ""canonical"": ""UserAssociations"",
  ""is_hpc_domain"": true,
  ""scheduler"": ""slurm"",
  ""category"": ""config_param"",
  ""ontology_role"": ""datatype_property"",
  ""dul_bucket"": ""description"",
  ""definition"": ""User associations refer to the database entries that need to match the production server for correct archived information display. These entries include Association, QOS, and TRES information."",
  ""aliases"": []
}",2
335,InfluxDB,influxdb,unknown,individual,other_hpc,information_object,1,"InfluxDB is a time-series database used for collecting and analyzing performance metrics from various systems, including HPC clusters. It can be used with tools like Grafana to create dashboards.",[],"{
  ""term"": ""InfluxDB"",
  ""canonical"": ""InfluxDB"",
  ""is_hpc_domain"": true,
  ""scheduler"": ""unknown"",
  ""category"": ""other_hpc"",
  ""ontology_role"": ""individual"",
  ""dul_bucket"": ""information_object"",
  ""definition"": ""InfluxDB is a time-series database used for collecting and analyzing performance metrics from various systems, including HPC clusters. It can be used with tools like Grafana to create dashboards."",
  ""aliases"": []
}",3
347,Description,description,both,drop,non_domain,unknown,0,Not a domain term; this is a general term used in the context of providing additional information.,[],"{
  ""term"": ""Description"",
  ""canonical"": ""Description"",
  ""is_hpc_domain"": true,
  ""scheduler"": ""both"",
  ""category"": ""non_domain"",
  ""ontology_role"": ""drop"",
  ""dul_bucket"": ""unknown"",
  ""definition"": ""Not a domain term; this is a general term used in the context of providing additional information."",
  ""aliases"": []
}",2
348,Organization,organization,unknown,class,user_role,description,1,"Organization is a user role in the context of HPC clusters, used to group accounts and manage accounting records.",[],"{
  ""term"": ""Organization"",
  ""canonical"": ""Organization"",
  ""is_hpc_domain"": true,
  ""scheduler"": ""unknown"",
  ""category"": ""user_role"",
  ""ontology_role"": ""class"",
  ""dul_bucket"": ""description"",
  ""definition"": ""Organization is a user role in the context of HPC clusters, used to group accounts and manage accounting records."",
  ""aliases"": []
}",2
350,chemistry,chemistry,unknown,drop,non_domain,unknown,0,Not a domain term; this is a scientific field mentioned in the context.,[],"{
  ""term"": ""chemistry"",
  ""canonical"": ""Chemistry"",
  ""is_hpc_domain"": true,
  ""scheduler"": ""unknown"",
  ""category"": ""non_domain"",
  ""ontology_role"": ""drop"",
  ""dul_bucket"": ""unknown"",
  ""definition"": ""Not a domain term; this is a scientific field mentioned in the context."",
  ""aliases"": []
}",2
351,physics,physics,unknown,drop,non_domain,unknown,0,Not a domain term; 'physics' is a scientific field mentioned in the context of user accounts in the HPC system.,[],"{
  ""term"": ""physics"",
  ""canonical"": ""Physics"",
  ""is_hpc_domain"": true,
  ""scheduler"": ""unknown"",
  ""category"": ""non_domain"",
  ""ontology_role"": ""drop"",
  ""dul_bucket"": ""unknown"",
  ""definition"": ""Not a domain term; 'physics' is a scientific field mentioned in the context of user accounts in the HPC system."",
  ""aliases"": []
}",3
352,science,science,unknown,class,non_domain,description,0,"Science is a broad domain that includes various fields of study. In the context of HPC, it can refer to the scientific research conducted using high-performance computing resources.",[],"{
  ""term"": ""science"",
  ""canonical"": ""Science"",
  ""is_hpc_domain"": true,
  ""scheduler"": ""unknown"",
  ""category"": ""non_domain"",
  ""ontology_role"": ""class"",
  ""dul_bucket"": ""description"",
  ""definition"": ""Science is a broad domain that includes various fields of study. In the context of HPC, it can refer to the scientific research conducted using high-performance computing resources."",
  ""aliases"": []
}",2
355,parent,parent,lsf,datatype_property,config_param,description,1,"In LSF, the 'parent' parameter is used to create a hierarchy of accounts, where an account can be a child of another account.",[],"{
  ""term"": ""parent"",
  ""canonical"": ""Parent"",
  ""is_hpc_domain"": true,
  ""scheduler"": ""lsf"",
  ""category"": ""config_param"",
  ""ontology_role"": ""datatype_property"",
  ""dul_bucket"": ""description"",
  ""definition"": ""In LSF, the 'parent' parameter is used to create a hierarchy of accounts, where an account can be a child of another account."",
  ""aliases"": []
}",2
364,brian,brian,lsf,individual,user_role,information_object,1,brian is a user in the LSF scheduler context.,[],"{
  ""term"": ""brian"",
  ""canonical"": ""brian"",
  ""is_hpc_domain"": true,
  ""scheduler"": ""lsf"",
  ""category"": ""user_role"",
  ""ontology_role"": ""individual"",
  ""dul_bucket"": ""information_object"",
  ""definition"": ""brian is a user in the LSF scheduler context."",
  ""aliases"": []
}",2
365,DefaultAccount,defaultaccount,lsf,individual,user_role,information_object,1,"DefaultAccount is a user role in LSF that defines the default account for a user when submitting jobs, if not specified in the job submission command.",[],"{
  ""term"": ""DefaultAccount"",
  ""canonical"": ""DefaultAccount"",
  ""is_hpc_domain"": true,
  ""scheduler"": ""lsf"",
  ""category"": ""user_role"",
  ""ontology_role"": ""individual"",
  ""dul_bucket"": ""information_object"",
  ""definition"": ""DefaultAccount is a user role in LSF that defines the default account for a user when submitting jobs, if not specified in the job submission command."",
  ""aliases"": []
}",2
368,Account,account,lsf,class,user_role,object,1,An Account in LSF represents a user or group of users with specific permissions to access and manage resources.,[],"{
  ""term"": ""Account"",
  ""canonical"": ""Account"",
  ""is_hpc_domain"": true,
  ""scheduler"": ""lsf"",
  ""category"": ""user_role"",
  ""ontology_role"": ""class"",
  ""dul_bucket"": ""object"",
  ""definition"": ""An Account in LSF represents a user or group of users with specific permissions to access and manage resources."",
  ""aliases"": []
}",2
385,Partition,partition,both,class,queue_or_partition,object,1,A partition is a logical grouping of compute nodes that defines scheduling and resource policies.,[],"{
  ""term"": ""Partition"",
  ""canonical"": ""Partition"",
  ""is_hpc_domain"": true,
  ""scheduler"": ""both"",
  ""category"": ""queue_or_partition"",
  ""ontology_role"": ""class"",
  ""dul_bucket"": ""object"",
  ""definition"": ""A partition is a logical grouping of compute nodes that defines scheduling and resource policies."",
  ""aliases"": []
}",2
389,modify,modify,slurm,object_property,command,event,1,The 'modify' command is used to update existing entities in the Slurm accounting database.,[],"{
  ""term"": ""modify"",
  ""canonical"": ""modify"",
  ""is_hpc_domain"": true,
  ""scheduler"": ""slurm"",
  ""category"": ""command"",
  ""ontology_role"": ""object_property"",
  ""dul_bucket"": ""event"",
  ""definition"": ""The 'modify' command is used to update existing entities in the Slurm accounting database."",
  ""aliases"": []
}",2
390,entity,entity,both,class,other_hpc,description,1,"In the context of HPC schedulers, an entity refers to a database object (user, account, etc.) managed by the accounting system.",[],"{
  ""term"": ""entity"",
  ""canonical"": ""Entity"",
  ""is_hpc_domain"": true,
  ""scheduler"": ""both"",
  ""category"": ""other_hpc"",
  ""ontology_role"": ""class"",
  ""dul_bucket"": ""description"",
  ""definition"": ""In the context of HPC schedulers, an entity refers to a database object (user, account, etc.) managed by the accounting system."",
  ""aliases"": []
}",2
391,options,options,both,datatype_property,command,description,1,"Options refer to various command-line arguments or SQL-like keywords used to modify or manage entities in HPC systems, such as users, accounts, and jobs.",[],"{
  ""term"": ""options"",
  ""canonical"": ""Options"",
  ""is_hpc_domain"": true,
  ""scheduler"": ""both"",
  ""category"": ""command"",
  ""ontology_role"": ""datatype_property"",
  ""dul_bucket"": ""description"",
  ""definition"": ""Options refer to various command-line arguments or SQL-like keywords used to modify or manage entities in HPC systems, such as users, accounts, and jobs."",
  ""aliases"": []
}",3
415,task,task,slurm,class,other_hpc,event,1,"A task is a set of user processes that run in a step, which is part of a job in Slurm. It is used for gathering statistics at a task level.",[],"{
  ""term"": ""task"",
  ""canonical"": ""Task"",
  ""is_hpc_domain"": true,
  ""scheduler"": ""slurm"",
  ""category"": ""other_hpc"",
  ""ontology_role"": ""class"",
  ""dul_bucket"": ""event"",
  ""definition"": ""A task is a set of user processes that run in a step, which is part of a job in Slurm. It is used for gathering statistics at a task level."",
  ""aliases"": []
}",4
416,user processes,userprocesses,slurm,class,resource,object,1,"User processes are a set of processes run by a user in a step of a job, gathered and monitored by Slurm for resource usage statistics.",[],"{
  ""term"": ""user processes"",
  ""canonical"": ""UserProcesses"",
  ""is_hpc_domain"": true,
  ""scheduler"": ""slurm"",
  ""category"": ""resource"",
  ""ontology_role"": ""class"",
  ""dul_bucket"": ""object"",
  ""definition"": ""User processes are a set of processes run by a user in a step of a job, gathered and monitored by Slurm for resource usage statistics."",
  ""aliases"": []
}",2
418,job,job,slurm,class,other_hpc,event,1,"A job in SLURM is a unit of work with multiple tasks, each consisting of user processes. It gathers statistics at a task level, including CPU, memory, energy, etc., and stores the aggregated or calculated values.",[],"{
  ""term"": ""job"",
  ""canonical"": ""Job"",
  ""is_hpc_domain"": true,
  ""scheduler"": ""slurm"",
  ""category"": ""other_hpc"",
  ""ontology_role"": ""class"",
  ""dul_bucket"": ""event"",
  ""definition"": ""A job in SLURM is a unit of work with multiple tasks, each consisting of user processes. It gathers statistics at a task level, including CPU, memory, energy, etc., and stores the aggregated or calculated values."",
  ""aliases"": []
}",6
419,srun,srun,slurm,individual,command,information_object,1,srun is a Slurm command used to launch parallel tasks within a job.,"[""srun command""]","{
  ""term"": ""srun"",
  ""canonical"": ""srun"",
  ""is_hpc_domain"": true,
  ""scheduler"": ""slurm"",
  ""category"": ""command"",
  ""ontology_role"": ""individual"",
  ""dul_bucket"": ""information_object"",
  ""definition"": ""srun is a Slurm command used to launch parallel tasks within a job."",
  ""aliases"": [""srun command""]
}",12
429,TresUsageInTot,tresusageintot,slurm,datatype_property,resource,description,1,"TresUsageInTot is a metric gathered by the JobAcctGather plugin in Slurm, representing the sum of gathered metrics of all tasks for a specific resource (e.g., memory, energy, etc.).",[],"{
  ""term"": ""TresUsageInTot"",
  ""canonical"": ""TresUsageInTot"",
  ""is_hpc_domain"": true,
  ""scheduler"": ""slurm"",
  ""category"": ""resource"",
  ""ontology_role"": ""datatype_property"",
  ""dul_bucket"": ""description"",
  ""definition"": ""TresUsageInTot is a metric gathered by the JobAcctGather plugin in Slurm, representing the sum of gathered metrics of all tasks for a specific resource (e.g., memory, energy, etc.)."",
  ""aliases"": []
}",2
430,TresUsageInMax,tresusageinmax,slurm,datatype_property,resource,description,1,"TresUsageInMax is a metric that records the maximum resource usage (e.g., memory, CPU, energy) peak seen by any task in a step of a job in Slurm.",[],"{
  ""term"": ""TresUsageInMax"",
  ""canonical"": ""TresUsageInMax"",
  ""is_hpc_domain"": true,
  ""scheduler"": ""slurm"",
  ""category"": ""resource"",
  ""ontology_role"": ""datatype_property"",
  ""dul_bucket"": ""description"",
  ""definition"": ""TresUsageInMax is a metric that records the maximum resource usage (e.g., memory, CPU, energy) peak seen by any task in a step of a job in Slurm."",
  ""aliases"": []
}",2
434,MaxRSS,maxrss,slurm,datatype_property,resource,description,1,MaxRSS is a metric that records the maximum memory peak seen by any task of a step in a Slurm job.,[],"{
  ""term"": ""MaxRSS"",
  ""canonical"": ""MaxRSS"",
  ""is_hpc_domain"": true,
  ""scheduler"": ""slurm"",
  ""category"": ""resource"",
  ""ontology_role"": ""datatype_property"",
  ""dul_bucket"": ""description"",
  ""definition"": ""MaxRSS is a metric that records the maximum memory peak seen by any task of a step in a Slurm job."",
  ""aliases"": []
}",2
438,node,computenode,slurm,class,resource,object,1,A node in the context of Slurm is a physical or virtual machine that provides resources for job execution and gathers statistics at a task level.,"[""compute node""]","{
  ""term"": ""node"",
  ""canonical"": ""ComputeNode"",
  ""is_hpc_domain"": true,
  ""scheduler"": ""slurm"",
  ""category"": ""resource"",
  ""ontology_role"": ""class"",
  ""dul_bucket"": ""object"",
  ""definition"": ""A node in the context of Slurm is a physical or virtual machine that provides resources for job execution and gathers statistics at a task level."",
  ""aliases"": [""compute node""]
}",6
447,HDF5,hdf5,unknown,drop,non_domain,unknown,0,"HDF5 is a data model, library, and file format for storing and managing data in a hierarchical manner. It is often used for data visualization and analysis in HPC environments.",[],"{
  ""term"": ""HDF5"",
  ""canonical"": ""HDF5"",
  ""is_hpc_domain"": true,
  ""scheduler"": ""unknown"",
  ""category"": ""non_domain"",
  ""ontology_role"": ""drop"",
  ""dul_bucket"": ""unknown"",
  ""definition"": ""HDF5 is a data model, library, and file format for storing and managing data in a hierarchical manner. It is often used for data visualization and analysis in HPC environments."",
  ""aliases"": []
}",2
449,accounting data,accounting_data,both,unknown,log_or_state_path,description,1,"Accounting data is the resource consumption data collected during job execution, stored in a database for later analysis and comparison.",[],"{
  ""term"": ""accounting data"",
  ""canonical"": ""accounting_data"",
  ""is_hpc_domain"": true,
  ""scheduler"": ""both"",
  ""category"": ""log_or_state_path"",
  ""ontology_role"": ""information_object"",
  ""dul_bucket"": ""description"",
  ""definition"": ""Accounting data is the resource consumption data collected during job execution, stored in a database for later analysis and comparison."",
  ""aliases"": []
}",2
457,IBM Spectrum LSF,ibm spectrum lsf,lsf,individual,scheduler,information_object,1,IBM Spectrum LSF is a job scheduler used for managing various types of workloads and cluster operations.,[],"{
  ""term"": ""IBM Spectrum LSF"",
  ""canonical"": ""IBM Spectrum LSF"",
  ""is_hpc_domain"": true,
  ""scheduler"": ""lsf"",
  ""category"": ""scheduler"",
  ""ontology_role"": ""individual"",
  ""dul_bucket"": ""information_object"",
  ""definition"": ""IBM Spectrum LSF is a job scheduler used for managing various types of workloads and cluster operations."",
  ""aliases"": []
}",8
458,administrator,administrator,lsf,individual,user_role,description,1,"An administrator is a user role responsible for managing IBM Spectrum LSF clusters, including workload, cluster operations, and troubleshooting.",[],"{
  ""term"": ""administrator"",
  ""canonical"": ""Administrator"",
  ""is_hpc_domain"": true,
  ""scheduler"": ""lsf"",
  ""category"": ""user_role"",
  ""ontology_role"": ""individual"",
  ""dul_bucket"": ""description"",
  ""definition"": ""An administrator is a user role responsible for managing IBM Spectrum LSF clusters, including workload, cluster operations, and troubleshooting."",
  ""aliases"": []
}",2
463,configuration files,configuration files,lsf,class,config_file,description,1,Configuration files are important files used to modify the behavior of an IBM Spectrum LSF cluster.,[],"{
  ""term"": ""configuration files"",
  ""canonical"": ""configuration files"",
  ""is_hpc_domain"": true,
  ""scheduler"": ""lsf"",
  ""category"": ""config_file"",
  ""ontology_role"": ""class"",
  ""dul_bucket"": ""description"",
  ""definition"": ""Configuration files are important files used to modify the behavior of an IBM Spectrum LSF cluster."",
  ""aliases"": []
}",9
464,LSF daemons,lsf daemons,lsf,class,other_hpc,description,1,"LSF daemons are processes that manage various aspects of IBM Spectrum LSF, including workload, cluster operations, and job states.",[],"{
  ""term"": ""LSF daemons"",
  ""canonical"": ""LSF Daemons"",
  ""is_hpc_domain"": true,
  ""scheduler"": ""lsf"",
  ""category"": ""other_hpc"",
  ""ontology_role"": ""class"",
  ""dul_bucket"": ""description"",
  ""definition"": ""LSF daemons are processes that manage various aspects of IBM Spectrum LSF, including workload, cluster operations, and job states."",
  ""aliases"": []
}",7
468,troubleshooting,troubleshooting,lsf,class,other_hpc,description,1,"Troubleshooting refers to the process of identifying and resolving issues with IBM Spectrum LSF, including common problems and understanding error messages.",[],"{
  ""term"": ""troubleshooting"",
  ""canonical"": ""troubleshooting"",
  ""is_hpc_domain"": true,
  ""scheduler"": ""lsf"",
  ""category"": ""other_hpc"",
  ""ontology_role"": ""class"",
  ""dul_bucket"": ""description"",
  ""definition"": ""Troubleshooting refers to the process of identifying and resolving issues with IBM Spectrum LSF, including common problems and understanding error messages."",
  ""aliases"": []
}",2
470,IBM Support,ibm support,lsf,individual,user_role,description,1,"IBM Support is a user role providing assistance for managing IBM Spectrum LSF, troubleshooting common problems, and understanding error messages.",[],"{
  ""term"": ""IBM Support"",
  ""canonical"": ""IBM Support"",
  ""is_hpc_domain"": true,
  ""scheduler"": ""lsf"",
  ""category"": ""user_role"",
  ""ontology_role"": ""individual"",
  ""dul_bucket"": ""description"",
  ""definition"": ""IBM Support is a user role providing assistance for managing IBM Spectrum LSF, troubleshooting common problems, and understanding error messages."",
  ""aliases"": []
}",3
471,cluster characteristics,clustercharacteristics,lsf,class,config_param,description,1,"Cluster characteristics refer to essential information about an IBM Spectrum LSF cluster, including the cluster name, administrators, and host definitions.",[],"{
  ""term"": ""cluster characteristics"",
  ""canonical"": ""ClusterCharacteristics"",
  ""is_hpc_domain"": true,
  ""scheduler"": ""lsf"",
  ""category"": ""config_param"",
  ""ontology_role"": ""class"",
  ""dul_bucket"": ""description"",
  ""definition"": ""Cluster characteristics refer to essential information about an IBM Spectrum LSF cluster, including the cluster name, administrators, and host definitions."",
  ""aliases"": []
}",2
472,cluster name,clustername,lsf,individual,queue_or_partition,information_object,1,"The cluster name is a unique identifier for an IBM Spectrum LSF cluster, used to manage and administer the cluster.",[],"{
  ""term"": ""cluster name"",
  ""canonical"": ""ClusterName"",
  ""is_hpc_domain"": true,
  ""scheduler"": ""lsf"",
  ""category"": ""queue_or_partition"",
  ""ontology_role"": ""individual"",
  ""dul_bucket"": ""information_object"",
  ""definition"": ""The cluster name is a unique identifier for an IBM Spectrum LSF cluster, used to manage and administer the cluster."",
  ""aliases"": []
}",4
473,cluster administrators,clusteradministrators,lsf,class,user_role,description,1,"Cluster administrators are users responsible for managing IBM Spectrum LSF clusters, including configuring, starting/stopping daemons, troubleshooting, and submitting jobs.",[],"{
  ""term"": ""cluster administrators"",
  ""canonical"": ""ClusterAdministrators"",
  ""is_hpc_domain"": true,
  ""scheduler"": ""lsf"",
  ""category"": ""user_role"",
  ""ontology_role"": ""class"",
  ""dul_bucket"": ""description"",
  ""definition"": ""Cluster administrators are users responsible for managing IBM Spectrum LSF clusters, including configuring, starting/stopping daemons, troubleshooting, and submitting jobs."",
  ""aliases"": []
}",2
475,file systems,filesystems,lsf,class,resource,object,1,File systems are shared storage resources used by IBM Spectrum LSF for managing various workloads and cluster operations.,[],"{
  ""term"": ""file systems"",
  ""canonical"": ""FileSystems"",
  ""is_hpc_domain"": true,
  ""scheduler"": ""lsf"",
  ""category"": ""resource"",
  ""ontology_role"": ""class"",
  ""dul_bucket"": ""object"",
  ""definition"": ""File systems are shared storage resources used by IBM Spectrum LSF for managing various workloads and cluster operations."",
  ""aliases"": []
}",2
476,directories,directories,lsf,class,other_hpc,object,1,Directories are important locations for LSF configuration files and job storage. They are essential for managing LSF clusters and jobs.,[],"{
  ""term"": ""directories"",
  ""canonical"": ""Directories"",
  ""is_hpc_domain"": true,
  ""scheduler"": ""lsf"",
  ""category"": ""config_file | log_or_state_path"",
  ""ontology_role"": ""class"",
  ""dul_bucket"": ""object"",
  ""definition"": ""Directories are important locations for LSF configuration files and job storage. They are essential for managing LSF clusters and jobs."",
  ""aliases"": []
}",2
477,files,files,lsf,class,other_hpc,object,1,Files refer to important LSF directories and configuration files used for managing IBM Spectrum LSF clusters.,[],"{
  ""term"": ""files"",
  ""canonical"": ""files"",
  ""is_hpc_domain"": true,
  ""scheduler"": ""lsf"",
  ""category"": ""config_file | log_or_state_path"",
  ""ontology_role"": ""class"",
  ""dul_bucket"": ""object"",
  ""definition"": ""Files refer to important LSF directories and configuration files used for managing IBM Spectrum LSF clusters."",
  ""aliases"": []
}",3
479,job states,jobstates,lsf,class,job_state,description,1,IBM Spectrum LSF jobs have several states that represent their current execution status.,[],"{
  ""term"": ""job states"",
  ""canonical"": ""JobStates"",
  ""is_hpc_domain"": true,
  ""scheduler"": ""lsf"",
  ""category"": ""job_state"",
  ""ontology_role"": ""class"",
  ""dul_bucket"": ""description"",
  ""definition"": ""IBM Spectrum LSF jobs have several states that represent their current execution status."",
  ""aliases"": []
}",2
482,PEND,pend,lsf,individual,job_state,event,1,PEND is a job state in IBM LSF indicating that a job is waiting in a queue for scheduling and dispatch.,[],"{
  ""term"": ""PEND"",
  ""canonical"": ""PEND"",
  ""is_hpc_domain"": true,
  ""scheduler"": ""lsf"",
  ""category"": ""job_state"",
  ""ontology_role"": ""individual"",
  ""dul_bucket"": ""event"",
  ""definition"": ""PEND is a job state in IBM LSF indicating that a job is waiting in a queue for scheduling and dispatch."",
  ""aliases"": []
}",3
483,RUN,run,lsf,individual,job_state,event,1,RUN indicates that a job is dispatched to a host and currently running.,[],"{
  ""term"": ""RUN"",
  ""canonical"": ""RUN"",
  ""is_hpc_domain"": true,
  ""scheduler"": ""lsf"",
  ""category"": ""job_state"",
  ""ontology_role"": ""individual"",
  ""dul_bucket"": ""event"",
  ""definition"": ""RUN indicates that a job is dispatched to a host and currently running."",
  ""aliases"": []
}",3
486,USUSP,ususp,lsf,individual,job_state,event,1,USUSP indicates that a job is suspended by the user in IBM LSF.,[],"{
  ""term"": ""USUSP"",
  ""canonical"": ""USUSP"",
  ""is_hpc_domain"": true,
  ""scheduler"": ""lsf"",
  ""category"": ""job_state"",
  ""ontology_role"": ""individual"",
  ""dul_bucket"": ""event"",
  ""definition"": ""USUSP indicates that a job is suspended by the user in IBM LSF."",
  ""aliases"": []
}",3
487,SSUSP,ssusp,lsf,individual,job_state,event,1,SSUSP indicates that an IBM LSF job is suspended by the LSF system.,[],"{
  ""term"": ""SSUSP"",
  ""canonical"": ""SSUSP"",
  ""is_hpc_domain"": true,
  ""scheduler"": ""lsf"",
  ""category"": ""job_state"",
  ""ontology_role"": ""individual"",
  ""dul_bucket"": ""event"",
  ""definition"": ""SSUSP indicates that an IBM LSF job is suspended by the LSF system."",
  ""aliases"": []
}",2
491,mbatchd,mbatchd,lsf,class,other_hpc,description,1,mbatchd is the daemon responsible for managing IBM LSF jobs.,[],"{
  ""term"": ""mbatchd"",
  ""canonical"": ""mbatchd"",
  ""is_hpc_domain"": true,
  ""scheduler"": ""lsf"",
  ""category"": ""other_hpc"",
  ""ontology_role"": ""class"",
  ""dul_bucket"": ""description"",
  ""definition"": ""mbatchd is the daemon responsible for managing IBM LSF jobs."",
  ""aliases"": []
}",9
492,sbatchd,sbatchd,lsf,individual,other_hpc,information_object,1,sbatchd is the daemon responsible for managing and scheduling jobs in IBM LSF.,[],"{
  ""term"": ""sbatchd"",
  ""canonical"": ""sbatchd"",
  ""is_hpc_domain"": true,
  ""scheduler"": ""lsf"",
  ""category"": ""daemon"",
  ""ontology_role"": ""individual"",
  ""dul_bucket"": ""information_object"",
  ""definition"": ""sbatchd is the daemon responsible for managing and scheduling jobs in IBM LSF."",
  ""aliases"": []
}",6
495,re-runnable job,rerunnablejob,lsf,individual,job_state,event,1,A re-runnable job is a job in the ZOMBI state that can be requeued when the execution host becomes available.,[],"{
  ""term"": ""re-runnable job"",
  ""canonical"": ""ReRunnableJob"",
  ""is_hpc_domain"": true,
  ""scheduler"": ""lsf"",
  ""category"": ""job_state"",
  ""ontology_role"": ""individual"",
  ""dul_bucket"": ""event"",
  ""definition"": ""A re-runnable job is a job in the ZOMBI state that can be requeued when the execution host becomes available."",
  ""aliases"": []
}",2
500,bkill,bkill,lsf,individual,command,event,1,"bkill is an LSF command used to force remove a job from the system, changing its state to ZOMBI before killing the job processes.","[""bkill command""]","{
  ""term"": ""bkill"",
  ""canonical"": ""bkill"",
  ""is_hpc_domain"": true,
  ""scheduler"": ""lsf"",
  ""category"": ""command"",
  ""ontology_role"": ""individual"",
  ""dul_bucket"": ""event"",
  ""definition"": ""bkill is an LSF command used to force remove a job from the system, changing its state to ZOMBI before killing the job processes."",
  ""aliases"": [""bkill command""]
}",3
502,execution host,execution_host,lsf,class,resource,object,1,An execution host is an individual computer in an LSF cluster where a job is running.,[],"{
  ""term"": ""execution host"",
  ""canonical"": ""execution_host"",
  ""is_hpc_domain"": true,
  ""scheduler"": ""lsf"",
  ""category"": ""resource"",
  ""ontology_role"": ""class"",
  ""dul_bucket"": ""object"",
  ""definition"": ""An execution host is an individual computer in an LSF cluster where a job is running."",
  ""aliases"": []
}",2
503,mbatchd daemon,mbatchd,lsf,individual,other_hpc,description,1,The mbatchd daemon is a component of IBM LSF responsible for managing job states and interacting with the sbatchd daemon to kill jobs.,[],"{
  ""term"": ""mbatchd daemon"",
  ""canonical"": ""mbatchd"",
  ""is_hpc_domain"": true,
  ""scheduler"": ""lsf"",
  ""category"": ""other_hpc"",
  ""ontology_role"": ""individual"",
  ""dul_bucket"": ""description"",
  ""definition"": ""The mbatchd daemon is a component of IBM LSF responsible for managing job states and interacting with the sbatchd daemon to kill jobs."",
  ""aliases"": []
}",5
507,sbatchd daemon,sbatchd,slurm,individual,other_hpc,event,1,The sbatchd daemon is a Slurm component responsible for managing and executing jobs on compute nodes.,[],"{
  ""term"": ""sbatchd daemon"",
  ""canonical"": ""sbatchd"",
  ""is_hpc_domain"": true,
  ""scheduler"": ""slurm"",
  ""category"": ""other_hpc"",
  ""ontology_role"": ""individual"",
  ""dul_bucket"": ""event"",
  ""definition"": ""The sbatchd daemon is a Slurm component responsible for managing and executing jobs on compute nodes."",
  ""aliases"": []
}",2
520,LSF,lsf,lsf,class,command,information_object,1,"LSF is a job scheduler system used to manage and execute jobs on HPC systems. It schedules, controls, and tracks jobs using the bsub command.","[""Load Sharing Facility""]","{
  ""term"": ""LSF"",
  ""canonical"": ""LSF"",
  ""is_hpc_domain"": true,
  ""scheduler"": ""lsf"",
  ""category"": ""command"",
  ""ontology_role"": ""class"",
  ""dul_bucket"": ""information_object"",
  ""definition"": ""LSF is a job scheduler system used to manage and execute jobs on HPC systems. It schedules, controls, and tracks jobs using the bsub command."",
  ""aliases"": [""Load Sharing Facility""]
}",28
522,bsub,bsub,lsf,individual,command,information_object,1,bsub is an LSF command used to submit a job for execution in the LSF system.,"[""bsub command""]","{
  ""term"": ""bsub"",
  ""canonical"": ""bsub"",
  ""is_hpc_domain"": true,
  ""scheduler"": ""lsf"",
  ""category"": ""command"",
  ""ontology_role"": ""individual"",
  ""dul_bucket"": ""information_object"",
  ""definition"": ""bsub is an LSF command used to submit a job for execution in the LSF system."",
  ""aliases"": [""bsub command""]
}",10
523,bash,bash,lsf,individual,command,information_object,1,"bash is a command used in LSF to submit a job script for execution, which is a Bourne shell script on UNIX.","[""bash command""]","{
  ""term"": ""bash"",
  ""canonical"": ""bash"",
  ""is_hpc_domain"": true,
  ""scheduler"": ""lsf"",
  ""category"": ""command"",
  ""ontology_role"": ""individual"",
  ""dul_bucket"": ""information_object"",
  ""definition"": ""bash is a command used in LSF to submit a job script for execution, which is a Bourne shell script on UNIX."",
  ""aliases"": [""bash command""]
}",2
525,Windows,windows,lsf,object_property,other_hpc,description,1,"Windows is the operating system for the job file in LSF, which is a batch file processed at execution time.",[],"{
  ""term"": ""Windows"",
  ""canonical"": ""Windows"",
  ""is_hpc_domain"": true,
  ""scheduler"": ""lsf"",
  ""category"": ""other_hpc"",
  ""ontology_role"": ""object_property"",
  ""dul_bucket"": ""description"",
  ""definition"": ""Windows is the operating system for the job file in LSF, which is a batch file processed at execution time."",
  ""aliases"": []
}",2
530,scheduling policies,schedulingpolicies,lsf,class,other_hpc,description,1,"Scheduling policies define how LSF schedules, controls, and tracks jobs according to configured policies.",[],"{
  ""term"": ""scheduling policies"",
  ""canonical"": ""SchedulingPolicies"",
  ""is_hpc_domain"": true,
  ""scheduler"": ""lsf"",
  ""category"": ""other_hpc"",
  ""ontology_role"": ""class"",
  ""dul_bucket"": ""description"",
  ""definition"": ""Scheduling policies define how LSF schedules, controls, and tracks jobs according to configured policies."",
  ""aliases"": []
}",2
531,fault tolerance,fault tolerance,lsf,object_property,other_hpc,description,1,Fault tolerance is a feature of LSF that allows jobs to continue executing even when errors or failures occur.,[],"{
  ""term"": ""fault tolerance"",
  ""canonical"": ""fault tolerance"",
  ""is_hpc_domain"": true,
  ""scheduler"": ""lsf"",
  ""category"": ""other_hpc"",
  ""ontology_role"": ""object_property"",
  ""dul_bucket"": ""description"",
  ""definition"": ""Fault tolerance is a feature of LSF that allows jobs to continue executing even when errors or failures occur."",
  ""aliases"": []
}",2
533,queue,queue,lsf,class,queue_or_partition,object,1,"In LSF, a queue is a logical grouping of jobs that defines scheduling policies and holds job files until conditions are right for execution.",[],"{
  ""term"": ""queue"",
  ""canonical"": ""Queue"",
  ""is_hpc_domain"": true,
  ""scheduler"": ""lsf"",
  ""category"": ""queue_or_partition"",
  ""ontology_role"": ""class"",
  ""dul_bucket"": ""object"",
  ""definition"": ""In LSF, a queue is a logical grouping of jobs that defines scheduling policies and holds job files until conditions are right for execution."",
  ""aliases"": []
}",7
534,UNIX,unix,lsf,class,other_hpc,description,1,"UNIX is an operating system used for running LSF jobs, which are units of work submitted to the scheduler for execution.",[],"{
  ""term"": ""UNIX"",
  ""canonical"": ""UNIX"",
  ""is_hpc_domain"": true,
  ""scheduler"": ""lsf"",
  ""category"": ""other_hpc"",
  ""ontology_role"": ""class"",
  ""dul_bucket"": ""description"",
  ""definition"": ""UNIX is an operating system used for running LSF jobs, which are units of work submitted to the scheduler for execution."",
  ""aliases"": []
}",7
548,application,application,lsf,class,other_hpc,object,1,"An application is a command or group of cooperating processes that can be run locally or remotely on an LSF cluster, with resource requirements and host selection based on load.",[],"{
  ""term"": ""application"",
  ""canonical"": ""Application"",
  ""is_hpc_domain"": true,
  ""scheduler"": ""lsf"",
  ""category"": ""other_hpc"",
  ""ontology_role"": ""class"",
  ""dul_bucket"": ""object"",
  ""definition"": ""An application is a command or group of cooperating processes that can be run locally or remotely on an LSF cluster, with resource requirements and host selection based on load."",
  ""aliases"": []
}",2
551,host types,hosttypes,lsf,class,resource,object,1,Host types in LSF are a classification of hosts based on their operating system and CPU architecture. They help in resource selection for tasks.,[],"{
  ""term"": ""host types"",
  ""canonical"": ""HostTypes"",
  ""is_hpc_domain"": true,
  ""scheduler"": ""lsf"",
  ""category"": ""resource"",
  ""ontology_role"": ""class"",
  ""dul_bucket"": ""object"",
  ""definition"": ""Host types in LSF are a classification of hosts based on their operating system and CPU architecture. They help in resource selection for tasks."",
  ""aliases"": []
}",2
555,Intel_EM64T,intel_em64t,lsf,datatype_property,resource,description,1,"Intel_EM64T is a host model in LSF, representing a specific CPU architecture.",[],"{
  ""term"": ""Intel_EM64T"",
  ""canonical"": ""Intel_EM64T"",
  ""is_hpc_domain"": true,
  ""scheduler"": ""lsf"",
  ""category"": ""resource"",
  ""ontology_role"": ""datatype_property"",
  ""dul_bucket"": ""description"",
  ""definition"": ""Intel_EM64T is a host model in LSF, representing a specific CPU architecture."",
  ""aliases"": []
}",2
556,host type,hosttype,lsf,class,resource,object,1,"In LSF, a host type is the combination of operating system and host CPU architecture, used to categorize hosts with the same characteristics.",[],"{
  ""term"": ""host type"",
  ""canonical"": ""HostType"",
  ""is_hpc_domain"": true,
  ""scheduler"": ""lsf"",
  ""category"": ""resource"",
  ""ontology_role"": ""class"",
  ""dul_bucket"": ""object"",
  ""definition"": ""In LSF, a host type is the combination of operating system and host CPU architecture, used to categorize hosts with the same characteristics."",
  ""aliases"": []
}",5
557,operating system,operatingsystem,lsf,datatype_property,resource,description,1,Operating system refers to the software that manages computer hardware resources and provides common services for computer programs.,[],"{
  ""term"": ""operating system"",
  ""canonical"": ""OperatingSystem"",
  ""is_hpc_domain"": true,
  ""scheduler"": ""lsf"",
  ""category"": ""resource"",
  ""ontology_role"": ""datatype_property"",
  ""dul_bucket"": ""description"",
  ""definition"": ""Operating system refers to the software that manages computer hardware resources and provides common services for computer programs."",
  ""aliases"": []
}",2
580,Linux,linux,lsf,class,other_hpc,object,1,"Linux is an open-source operating system used on computers in HPC clusters. In the context of LSF, it is the host operating system that requires specific binary files and has a host model used for load and placement calculations.",[],"{
  ""term"": ""Linux"",
  ""canonical"": ""Linux"",
  ""is_hpc_domain"": true,
  ""scheduler"": ""lsf"",
  ""category"": ""other_hpc"",
  ""ontology_role"": ""class"",
  ""dul_bucket"": ""object"",
  ""definition"": ""Linux is an open-source operating system used on computers in HPC clusters. In the context of LSF, it is the host operating system that requires specific binary files and has a host model used for load and placement calculations."",
  ""aliases"": []
}",4
581,PIM,parallel resource manager interface (pim),lsf,class,other_hpc,description,1,PIM (Parallel Resource Manager Interface) is a component in LSF that collects job-level resource usage on UNIX and Linux systems.,[],"{
  ""term"": ""PIM"",
  ""canonical"": ""Parallel Resource Manager Interface (PIM)"",
  ""is_hpc_domain"": true,
  ""scheduler"": ""lsf"",
  ""category"": ""other_hpc"",
  ""ontology_role"": ""class"",
  ""dul_bucket"": ""description"",
  ""definition"": ""PIM (Parallel Resource Manager Interface) is a component in LSF that collects job-level resource usage on UNIX and Linux systems."",
  ""aliases"": []
}",2
583,load thresholds,load_thresholds,lsf,datatype_property,config_param,description,1,Load thresholds are LSF configuration parameters that define resource limits and load balancing for jobs.,[],"{
  ""term"": ""load thresholds"",
  ""canonical"": ""load_thresholds"",
  ""is_hpc_domain"": true,
  ""scheduler"": ""lsf"",
  ""category"": ""config_param"",
  ""ontology_role"": ""datatype_property"",
  ""dul_bucket"": ""description"",
  ""definition"": ""Load thresholds are LSF configuration parameters that define resource limits and load balancing for jobs."",
  ""aliases"": []
}",2
589,LIM,lim,lsf,individual,config_param,description,1,"LIM (Load Information Manager) is a component in LSF that manages load indices, which measure the availability of resources on hosts in the cluster. It updates load indices at fixed intervals and uses them to schedule jobs based on load thresholds.",[],"{
  ""term"": ""LIM"",
  ""canonical"": ""LIM"",
  ""is_hpc_domain"": true,
  ""scheduler"": ""lsf"",
  ""category"": ""config_param"",
  ""ontology_role"": ""individual"",
  ""dul_bucket"": ""description"",
  ""definition"": ""LIM (Load Information Manager) is a component in LSF that manages load indices, which measure the availability of resources on hosts in the cluster. It updates load indices at fixed intervals and uses them to schedule jobs based on load thresholds."",
  ""aliases"": []
}",9
592,hosts,hosts,lsf,class,resource,object,1,"Hosts are physical or virtual machines in an LSF cluster, providing resources for job execution. They have static and dynamic resources, and load indices are used to manage their availability.",[],"{
  ""term"": ""hosts"",
  ""canonical"": ""Hosts"",
  ""is_hpc_domain"": true,
  ""scheduler"": ""lsf"",
  ""category"": ""resource"",
  ""ontology_role"": ""class"",
  ""dul_bucket"": ""object"",
  ""definition"": ""Hosts are physical or virtual machines in an LSF cluster, providing resources for job execution. They have static and dynamic resources, and load indices are used to manage their availability."",
  ""aliases"": []
}",4
605,pending jobs,pendingjobs,lsf,class,job_state,event,1,Pending jobs are jobs waiting to be scheduled and executed on available resources in an LSF cluster.,[],"{
  ""term"": ""pending jobs"",
  ""canonical"": ""PendingJobs"",
  ""is_hpc_domain"": true,
  ""scheduler"": ""lsf"",
  ""category"": ""job_state"",
  ""ontology_role"": ""class"",
  ""dul_bucket"": ""event"",
  ""definition"": ""Pending jobs are jobs waiting to be scheduled and executed on available resources in an LSF cluster."",
  ""aliases"": []
}",3
607,loadStop,loadstop,lsf,datatype_property,config_param,description,1,loadStop is a load threshold in LSF that determines when running jobs can be suspended.,[],"{
  ""term"": ""loadStop"",
  ""canonical"": ""loadStop"",
  ""is_hpc_domain"": true,
  ""scheduler"": ""lsf"",
  ""category"": ""config_param"",
  ""ontology_role"": ""datatype_property"",
  ""dul_bucket"": ""description"",
  ""definition"": ""loadStop is a load threshold in LSF that determines when running jobs can be suspended."",
  ""aliases"": []
}",2
610,host,host,both,class,resource,object,1,"A host is a physical or virtual machine that provides resources for job execution in HPC systems. It can have load levels, resource limits, and requirements.",[],"{
  ""term"": ""host"",
  ""canonical"": ""Host"",
  ""is_hpc_domain"": true,
  ""scheduler"": ""both"",
  ""category"": ""resource"",
  ""ontology_role"": ""class"",
  ""dul_bucket"": ""object"",
  ""definition"": ""A host is a physical or virtual machine that provides resources for job execution in HPC systems. It can have load levels, resource limits, and requirements."",
  ""aliases"": []
}",7
612,load index,load_index,both,datatype_property,resource,description,1,"A load index is a metric used to determine the load level on a host, which affects job scheduling. It can increase or decrease with load, and is compared to threshold values for scheduling decisions.",[],"{
  ""term"": ""load index"",
  ""canonical"": ""load_index"",
  ""is_hpc_domain"": true,
  ""scheduler"": ""both"",
  ""category"": ""resource"",
  ""ontology_role"": ""datatype_property"",
  ""dul_bucket"": ""description"",
  ""definition"": ""A load index is a metric used to determine the load level on a host, which affects job scheduling. It can increase or decrease with load, and is compared to threshold values for scheduling decisions."",
  ""aliases"": []
}",2
624,candidate hosts,candidatehosts,lsf,class,resource,object,1,Candidate hosts are the hosts that match the resource requirements specified with the bsub -R command option in LSF and are considered for job scheduling.,[],"{
  ""term"": ""candidate hosts"",
  ""canonical"": ""CandidateHosts"",
  ""is_hpc_domain"": true,
  ""scheduler"": ""lsf"",
  ""category"": ""resource"",
  ""ontology_role"": ""class"",
  ""dul_bucket"": ""object"",
  ""definition"": ""Candidate hosts are the hosts that match the resource requirements specified with the bsub -R command option in LSF and are considered for job scheduling."",
  ""aliases"": []
}",2
626,scheduling conditions,schedulingconditions,both,class,other_hpc,description,1,"Scheduling conditions define the criteria for job scheduling, including load thresholds, resource limits, and resource requirements.",[],"{
  ""term"": ""scheduling conditions"",
  ""canonical"": ""SchedulingConditions"",
  ""is_hpc_domain"": true,
  ""scheduler"": ""both"",
  ""category"": ""other_hpc"",
  ""ontology_role"": ""class"",
  ""dul_bucket"": ""description"",
  ""definition"": ""Scheduling conditions define the criteria for job scheduling, including load thresholds, resource limits, and resource requirements."",
  ""aliases"": []
}",2
636,lsfinstall,lsfinstall,lsf,individual,command,information_object,1,"lsfinstall is a command used to install LSF (IBM LSF) on a cluster, configuring cluster characteristics such as name, administrators, and hosts.",[],"{
  ""term"": ""lsfinstall"",
  ""canonical"": ""lsfinstall"",
  ""is_hpc_domain"": true,
  ""scheduler"": ""lsf"",
  ""category"": ""command"",
  ""ontology_role"": ""individual"",
  ""dul_bucket"": ""information_object"",
  ""definition"": ""lsfinstall is a command used to install LSF (IBM LSF) on a cluster, configuring cluster characteristics such as name, administrators, and hosts."",
  ""aliases"": []
}",6
637,install.config,install.config,lsf,individual,config_file,information_object,1,"install.config is a configuration file used during the installation of IBM LSF, specifying cluster characteristics, administrators, and host definitions.",[],"{
  ""term"": ""install.config"",
  ""canonical"": ""install.config"",
  ""is_hpc_domain"": true,
  ""scheduler"": ""lsf"",
  ""category"": ""config_file"",
  ""ontology_role"": ""individual"",
  ""dul_bucket"": ""information_object"",
  ""definition"": ""install.config is a configuration file used during the installation of IBM LSF, specifying cluster characteristics, administrators, and host definitions."",
  ""aliases"": []
}",4
638,LSF_CONFDIR,lsf_confdir,lsf,individual,other_hpc,information_object,1,"LSF_CONFDIR is the directory containing LSF configuration files, including cluster name, administrators, hosts, and file systems.",[],"{
  ""term"": ""LSF_CONFDIR"",
  ""canonical"": ""LSF_CONFDIR"",
  ""is_hpc_domain"": true,
  ""scheduler"": ""lsf"",
  ""category"": ""config_dir"",
  ""ontology_role"": ""individual"",
  ""dul_bucket"": ""information_object"",
  ""definition"": ""LSF_CONFDIR is the directory containing LSF configuration files, including cluster name, administrators, hosts, and file systems."",
  ""aliases"": []
}",8
639,lsf.cluster.cluster_name,lsf.cluster.cluster_name,lsf,datatype_property,config_param,description,1,lsf.cluster.cluster_name is a configuration parameter that specifies the name of an LSF cluster.,[],"{
  ""term"": ""lsf.cluster.cluster_name"",
  ""canonical"": ""lsf.cluster.cluster_name"",
  ""is_hpc_domain"": true,
  ""scheduler"": ""lsf"",
  ""category"": ""config_param"",
  ""ontology_role"": ""datatype_property"",
  ""dul_bucket"": ""description"",
  ""definition"": ""lsf.cluster.cluster_name is a configuration parameter that specifies the name of an LSF cluster."",
  ""aliases"": []
}",11
640,Hosts,hosts,lsf,class,resource,object,1,"Hosts are the physical or virtual machines in an LSF cluster, defined in the LSF_CONFDIR/lsf.cluster.cluster_name file. They provide resources for job execution.",[],"{
  ""term"": ""Hosts"",
  ""canonical"": ""Hosts"",
  ""is_hpc_domain"": true,
  ""scheduler"": ""lsf"",
  ""category"": ""resource"",
  ""ontology_role"": ""class"",
  ""dul_bucket"": ""object"",
  ""definition"": ""Hosts are the physical or virtual machines in an LSF cluster, defined in the LSF_CONFDIR/lsf.cluster.cluster_name file. They provide resources for job execution."",
  ""aliases"": []
}",2
647,batch job,batchjob,lsf,class,other_hpc,event,1,A batch job is a unit of work submitted to the LSF scheduler for execution on allocated compute resources.,[],"{
  ""term"": ""batch job"",
  ""canonical"": ""BatchJob"",
  ""is_hpc_domain"": true,
  ""scheduler"": ""lsf"",
  ""category"": ""other_hpc"",
  ""ontology_role"": ""class"",
  ""dul_bucket"": ""event"",
  ""definition"": ""A batch job is a unit of work submitted to the LSF scheduler for execution on allocated compute resources."",
  ""aliases"": []
}",2
673,lsf.conf,lsf.conf,lsf,individual,config_file,information_object,1,"lsf.conf is the most important configuration file for IBM LSF, used to modify the behavior of an LSF cluster.",[],"{
  ""term"": ""lsf.conf"",
  ""canonical"": ""lsf.conf"",
  ""is_hpc_domain"": true,
  ""scheduler"": ""lsf"",
  ""category"": ""config_file"",
  ""ontology_role"": ""individual"",
  ""dul_bucket"": ""information_object"",
  ""definition"": ""lsf.conf is the most important configuration file for IBM LSF, used to modify the behavior of an LSF cluster."",
  ""aliases"": []
}",18
675,lsf.shared,lsf.shared,lsf,individual,config_file,information_object,1,lsf.shared is an important LSF configuration file that defines shared settings for the cluster.,[],"{
  ""term"": ""lsf.shared"",
  ""canonical"": ""lsf.shared"",
  ""is_hpc_domain"": true,
  ""scheduler"": ""lsf"",
  ""category"": ""config_file"",
  ""ontology_role"": ""individual"",
  ""dul_bucket"": ""information_object"",
  ""definition"": ""lsf.shared is an important LSF configuration file that defines shared settings for the cluster."",
  ""aliases"": []
}",15
676,LSB_CONFDIR,lsb_confdir,lsf,individual,other_hpc,description,1,LSB_CONFDIR is a directory containing important configuration files for the IBM LSF scheduler.,[],"{
  ""term"": ""LSB_CONFDIR"",
  ""canonical"": ""LSB_CONFDIR"",
  ""is_hpc_domain"": true,
  ""scheduler"": ""lsf"",
  ""category"": ""config_dir"",
  ""ontology_role"": ""individual"",
  ""dul_bucket"": ""description"",
  ""definition"": ""LSB_CONFDIR is a directory containing important configuration files for the IBM LSF scheduler."",
  ""aliases"": []
}",5
677,cluster_name,cluster_name,lsf,individual,config_file,information_object,1,cluster_name is a configuration file in LSF that specifies the name of the LSF cluster.,[],"{
  ""term"": ""cluster_name"",
  ""canonical"": ""cluster_name"",
  ""is_hpc_domain"": true,
  ""scheduler"": ""lsf"",
  ""category"": ""config_file"",
  ""ontology_role"": ""individual"",
  ""dul_bucket"": ""information_object"",
  ""definition"": ""cluster_name is a configuration file in LSF that specifies the name of the LSF cluster."",
  ""aliases"": []
}",6
678,lsb.queues,lsb.queues,lsf,individual,config_file,information_object,1,lsb.queues is an LSF configuration file that defines queue structures for job scheduling.,[],"{
  ""term"": ""lsb.queues"",
  ""canonical"": ""lsb.queues"",
  ""is_hpc_domain"": true,
  ""scheduler"": ""lsf"",
  ""category"": ""config_file"",
  ""ontology_role"": ""individual"",
  ""dul_bucket"": ""information_object"",
  ""definition"": ""lsb.queues is an LSF configuration file that defines queue structures for job scheduling."",
  ""aliases"": []
}",12
682,primary LSF administrator,primarylsfadministrator,lsf,individual,user_role,description,1,"The primary LSF administrator is the user responsible for configuring and managing the LSF scheduler, owning important configuration files and having read access for all cluster users.",[],"{
  ""term"": ""primary LSF administrator"",
  ""canonical"": ""PrimaryLSFAdministrator"",
  ""is_hpc_domain"": true,
  ""scheduler"": ""lsf"",
  ""category"": ""user_role"",
  ""ontology_role"": ""individual"",
  ""dul_bucket"": ""description"",
  ""definition"": ""The primary LSF administrator is the user responsible for configuring and managing the LSF scheduler, owning important configuration files and having read access for all cluster users."",
  ""aliases"": []
}",6
683,cluster users,cluster_users,lsf,class,user_role,object,1,Cluster users are the users who have access to and can manage resources in an LSF cluster.,[],"{
  ""term"": ""cluster users"",
  ""canonical"": ""cluster_users"",
  ""is_hpc_domain"": true,
  ""scheduler"": ""lsf"",
  ""category"": ""user_role"",
  ""ontology_role"": ""class"",
  ""dul_bucket"": ""object"",
  ""definition"": ""Cluster users are the users who have access to and can manage resources in an LSF cluster."",
  ""aliases"": []
}",2
686,LSF_ENVDIR,lsf_envdir,lsf,datatype_property,config_param,description,1,LSF_ENVDIR is a configuration parameter that defines the location of the lsf.conf file in LSF.,[],"{
  ""term"": ""LSF_ENVDIR"",
  ""canonical"": ""LSF_ENVDIR"",
  ""is_hpc_domain"": true,
  ""scheduler"": ""lsf"",
  ""category"": ""config_param"",
  ""ontology_role"": ""datatype_property"",
  ""dul_bucket"": ""description"",
  ""definition"": ""LSF_ENVDIR is a configuration parameter that defines the location of the lsf.conf file in LSF."",
  ""aliases"": []
}",5
694,LSF administrators,lsf administrators,lsf,individual,user_role,information_object,1,"LSF administrators are users responsible for managing and configuring the LSF scheduler, including setting up configuration files, defining cluster resources, and managing shared resources.",[],"{
  ""term"": ""LSF administrators"",
  ""canonical"": ""LSF Administrators"",
  ""is_hpc_domain"": true,
  ""scheduler"": ""lsf"",
  ""category"": ""user_role"",
  ""ontology_role"": ""individual"",
  ""dul_bucket"": ""information_object"",
  ""definition"": ""LSF administrators are users responsible for managing and configuring the LSF scheduler, including setting up configuration files, defining cluster resources, and managing shared resources."",
  ""aliases"": []
}",3
695,shared resources,sharedresources,lsf,class,resource,object,1,"Shared resources refer to resources (e.g., libraries, directories) that are accessible by multiple users or jobs in an LSF cluster.",[],"{
  ""term"": ""shared resources"",
  ""canonical"": ""SharedResources"",
  ""is_hpc_domain"": true,
  ""scheduler"": ""lsf"",
  ""category"": ""resource"",
  ""ontology_role"": ""class"",
  ""dul_bucket"": ""object"",
  ""definition"": ""Shared resources refer to resources (e.g., libraries, directories) that are accessible by multiple users or jobs in an LSF cluster."",
  ""aliases"": []
}",2
705,cluster1,cluster1,lsf,individual,queue_or_partition,object,1,"cluster1 is an IBM LSF cluster, defined by its configuration files and log directories.",[],"{
  ""term"": ""cluster1"",
  ""canonical"": ""cluster1"",
  ""is_hpc_domain"": true,
  ""scheduler"": ""lsf"",
  ""category"": ""queue_or_partition"",
  ""ontology_role"": ""individual"",
  ""dul_bucket"": ""object"",
  ""definition"": ""cluster1 is an IBM LSF cluster, defined by its configuration files and log directories."",
  ""aliases"": []
}",2
706,ego.conf,ego.conf,lsf,individual,config_file,information_object,1,"ego.conf is a configuration file for LSF cluster, defining hosts, administrators, and location of site-defined shared resources.",[],"{
  ""term"": ""ego.conf"",
  ""canonical"": ""ego.conf"",
  ""is_hpc_domain"": true,
  ""scheduler"": ""lsf"",
  ""category"": ""config_file"",
  ""ontology_role"": ""individual"",
  ""dul_bucket"": ""information_object"",
  ""definition"": ""ego.conf is a configuration file for LSF cluster, defining hosts, administrators, and location of site-defined shared resources."",
  ""aliases"": []
}",3
710,lsbatch,lsbatch,lsf,individual,command,information_object,1,lsbatch is a command used in IBM LSF to submit batch jobs to the scheduler.,"[""lsbatch command""]","{
  ""term"": ""lsbatch"",
  ""canonical"": ""lsbatch"",
  ""is_hpc_domain"": true,
  ""scheduler"": ""lsf"",
  ""category"": ""command"",
  ""ontology_role"": ""individual"",
  ""dul_bucket"": ""information_object"",
  ""definition"": ""lsbatch is a command used in IBM LSF to submit batch jobs to the scheduler."",
  ""aliases"": [""lsbatch command""]
}",2
713,lsb.events,lsb.events,lsf,individual,log_or_state_path,event,1,lsb.events is a log file in LSF that records batch events.,[],"{
  ""term"": ""lsb.events"",
  ""canonical"": ""lsb.events"",
  ""is_hpc_domain"": true,
  ""scheduler"": ""lsf"",
  ""category"": ""log_or_state_path"",
  ""ontology_role"": ""individual"",
  ""dul_bucket"": ""event"",
  ""definition"": ""lsb.events is a log file in LSF that records batch events."",
  ""aliases"": []
}",2
715,LSF_LOGDIR,lsf_logdir,lsf,individual,log_or_state_path,information_object,1,LSF_LOGDIR is a directory path in LSF configuration files where daemon log files are stored.,[],"{
  ""term"": ""LSF_LOGDIR"",
  ""canonical"": ""LSF_LOGDIR"",
  ""is_hpc_domain"": true,
  ""scheduler"": ""lsf"",
  ""category"": ""log_or_state_path"",
  ""ontology_role"": ""individual"",
  ""dul_bucket"": ""information_object"",
  ""definition"": ""LSF_LOGDIR is a directory path in LSF configuration files where daemon log files are stored."",
  ""aliases"": []
}",3
722,lsadmin,lsadmin,lsf,individual,command,information_object,1,"lsadmin is an LSF command used for starting, stopping, and reconfiguring LSF daemons.","[""lsadmin command""]","{
  ""term"": ""lsadmin"",
  ""canonical"": ""lsadmin"",
  ""is_hpc_domain"": true,
  ""scheduler"": ""lsf"",
  ""category"": ""command"",
  ""ontology_role"": ""individual"",
  ""dul_bucket"": ""information_object"",
  ""definition"": ""lsadmin is an LSF command used for starting, stopping, and reconfiguring LSF daemons."",
  ""aliases"": [""lsadmin command""]
}",15
723,badmin,badmin,lsf,individual,command,information_object,1,"badmin is an LSF administration command used to start and stop LSF daemons, and configure cluster properties.",[],"{
  ""term"": ""badmin"",
  ""canonical"": ""badmin"",
  ""is_hpc_domain"": true,
  ""scheduler"": ""lsf"",
  ""category"": ""command"",
  ""ontology_role"": ""individual"",
  ""dul_bucket"": ""information_object"",
  ""definition"": ""badmin is an LSF administration command used to start and stop LSF daemons, and configure cluster properties."",
  ""aliases"": []
}",20
725,lsrun,lsrun,lsf,individual,command,information_object,1,lsrun is an LSF command used to submit and manage batch jobs.,"[""lsrun command""]","{
  ""term"": ""lsrun"",
  ""canonical"": ""lsrun"",
  ""is_hpc_domain"": true,
  ""scheduler"": ""lsf"",
  ""category"": ""command"",
  ""ontology_role"": ""individual"",
  ""dul_bucket"": ""information_object"",
  ""definition"": ""lsrun is an LSF command used to submit and manage batch jobs."",
  ""aliases"": [""lsrun command""]
}",4
726,bjobs,bjobs,lsf,individual,command,information_object,1,bjobs is an LSF command used to view the status of submitted jobs.,"[""bjobs command""]","{
  ""term"": ""bjobs"",
  ""canonical"": ""bjobs"",
  ""is_hpc_domain"": true,
  ""scheduler"": ""lsf"",
  ""category"": ""command"",
  ""ontology_role"": ""individual"",
  ""dul_bucket"": ""information_object"",
  ""definition"": ""bjobs is an LSF command used to view the status of submitted jobs."",
  ""aliases"": [""bjobs command""]
}",7
727,bstop,bstop,lsf,individual,command,event,1,bstop is an LSF command used to stop a running job.,"[""bstop command""]","{
  ""term"": ""bstop"",
  ""canonical"": ""bstop"",
  ""is_hpc_domain"": true,
  ""scheduler"": ""lsf"",
  ""category"": ""command"",
  ""ontology_role"": ""individual"",
  ""dul_bucket"": ""event"",
  ""definition"": ""bstop is an LSF command used to stop a running job."",
  ""aliases"": [""bstop command""]
}",3
728,bresume,bresume,lsf,individual,command,event,1,bresume is an LSF command used to resume a suspended job.,"[""b resume""]","{
  ""term"": ""bresume"",
  ""canonical"": ""bresume"",
  ""is_hpc_domain"": true,
  ""scheduler"": ""lsf"",
  ""category"": ""command"",
  ""ontology_role"": ""individual"",
  ""dul_bucket"": ""event"",
  ""definition"": ""bresume is an LSF command used to resume a suspended job."",
  ""aliases"": [""b resume""]
}",3
729,lsf.sudoers,lsf.sudoers,lsf,individual,config_file,information_object,1,lsf.sudoers is a configuration file used in LSF to grant LSF administrators the ability to start and stop LSF daemons.,[],"{
  ""term"": ""lsf.sudoers"",
  ""canonical"": ""lsf.sudoers"",
  ""is_hpc_domain"": true,
  ""scheduler"": ""lsf"",
  ""category"": ""config_file"",
  ""ontology_role"": ""individual"",
  ""dul_bucket"": ""information_object"",
  ""definition"": ""lsf.sudoers is a configuration file used in LSF to grant LSF administrators the ability to start and stop LSF daemons."",
  ""aliases"": []
}",5
734,lsadmin command,lsadmin,lsf,individual,command,information_object,1,"lsadmin is an LSF command used by administrators to start, stop, and configure LSF daemons.","[""lsadmin command""]","{
  ""term"": ""lsadmin command"",
  ""canonical"": ""lsadmin"",
  ""is_hpc_domain"": true,
  ""scheduler"": ""lsf"",
  ""category"": ""command"",
  ""ontology_role"": ""individual"",
  ""dul_bucket"": ""information_object"",
  ""definition"": ""lsadmin is an LSF command used by administrators to start, stop, and configure LSF daemons."",
  ""aliases"": [""lsadmin command""]
}",3
735,badmin command,badmin,lsf,individual,command,information_object,1,"badmin is an LSF administration command used to start, stop, and reconfigure LSF daemons.","[""badmin command""]","{
  ""term"": ""badmin command"",
  ""canonical"": ""badmin"",
  ""is_hpc_domain"": true,
  ""scheduler"": ""lsf"",
  ""category"": ""command"",
  ""ontology_role"": ""individual"",
  ""dul_bucket"": ""information_object"",
  ""definition"": ""badmin is an LSF administration command used to start, stop, and reconfigure LSF daemons."",
  ""aliases"": [""badmin command""]
}",2
746,Troubleshooting LSF problems,troubleshooting lsf problems,lsf,class,other_hpc,description,1,"Troubleshooting LSF problems refers to the process of configuring, starting, stopping, and managing LSF daemons, software licenses, and shared resources.",[],"{
  ""term"": ""Troubleshooting LSF problems"",
  ""canonical"": ""Troubleshooting LSF Problems"",
  ""is_hpc_domain"": true,
  ""scheduler"": ""lsf"",
  ""category"": ""other_hpc"",
  ""ontology_role"": ""class"",
  ""dul_bucket"": ""description"",
  ""definition"": ""Troubleshooting LSF problems refers to the process of configuring, starting, stopping, and managing LSF daemons, software licenses, and shared resources."",
  ""aliases"": []
}",7
754,cshrc.lsf,cshrc.lsf,lsf,individual,config_file,information_object,1,cshrc.lsf is a configuration file used to set up the LSF execution environment for the csh or tcsh shell.,[],"{
  ""term"": ""cshrc.lsf"",
  ""canonical"": ""cshrc.lsf"",
  ""is_hpc_domain"": true,
  ""scheduler"": ""lsf"",
  ""category"": ""config_file"",
  ""ontology_role"": ""individual"",
  ""dul_bucket"": ""information_object"",
  ""definition"": ""cshrc.lsf is a configuration file used to set up the LSF execution environment for the csh or tcsh shell."",
  ""aliases"": []
}",6
755,profile.lsf,profile.lsf,lsf,individual,config_file,information_object,1,profile.lsf is a configuration file used to set up the LSF execution environment.,[],"{
  ""term"": ""profile.lsf"",
  ""canonical"": ""profile.lsf"",
  ""is_hpc_domain"": true,
  ""scheduler"": ""lsf"",
  ""category"": ""config_file"",
  ""ontology_role"": ""individual"",
  ""dul_bucket"": ""information_object"",
  ""definition"": ""profile.lsf is a configuration file used to set up the LSF execution environment."",
  ""aliases"": []
}",4
756,LSF_TOP,lsf_top,lsf,individual,config_file,information_object,1,"LSF_TOP is the directory containing LSF configuration files, such as cshrc.lsf and profile.lsf, used to set up the LSF execution environment.",[],"{
  ""term"": ""LSF_TOP"",
  ""canonical"": ""LSF_TOP"",
  ""is_hpc_domain"": true,
  ""scheduler"": ""lsf"",
  ""category"": ""config_file"",
  ""ontology_role"": ""individual"",
  ""dul_bucket"": ""information_object"",
  ""definition"": ""LSF_TOP is the directory containing LSF configuration files, such as cshrc.lsf and profile.lsf, used to set up the LSF execution environment."",
  ""aliases"": []
}",3
766,bctrld,bctrld,lsf,individual,command,information_object,1,"bctrld is a command used to start, stop, and reconfigure the LSF daemons in an LSF cluster.",[],"{
  ""term"": ""bctrld"",
  ""canonical"": ""bctrld"",
  ""is_hpc_domain"": true,
  ""scheduler"": ""lsf"",
  ""category"": ""command"",
  ""ontology_role"": ""individual"",
  ""dul_bucket"": ""information_object"",
  ""definition"": ""bctrld is a command used to start, stop, and reconfigure the LSF daemons in an LSF cluster."",
  ""aliases"": []
}",5
767,start,start,lsf,individual,command,information_object,1,"The 'start' command is used to initiate the LSF cluster, starting the LSF daemons.",[],"{
  ""term"": ""start"",
  ""canonical"": ""start"",
  ""is_hpc_domain"": true,
  ""scheduler"": ""lsf"",
  ""category"": ""command"",
  ""ontology_role"": ""individual"",
  ""dul_bucket"": ""information_object"",
  ""definition"": ""The 'start' command is used to initiate the LSF cluster, starting the LSF daemons."",
  ""aliases"": []
}",2
769,lim,lim,lsf,individual,command,information_object,1,lim is a command used in LSF to start the LSF daemon responsible for managing the cluster.,[],"{
  ""term"": ""lim"",
  ""canonical"": ""lim"",
  ""is_hpc_domain"": true,
  ""scheduler"": ""lsf"",
  ""category"": ""command"",
  ""ontology_role"": ""individual"",
  ""dul_bucket"": ""information_object"",
  ""definition"": ""lim is a command used in LSF to start the LSF daemon responsible for managing the cluster."",
  ""aliases"": []
}",13
770,res,res,lsf,individual,command,information_object,1,The 'res' command is used in LSF to start or stop the resource management daemon.,[],"{
  ""term"": ""res"",
  ""canonical"": ""res"",
  ""is_hpc_domain"": true,
  ""scheduler"": ""lsf"",
  ""category"": ""command"",
  ""ontology_role"": ""individual"",
  ""dul_bucket"": ""information_object"",
  ""definition"": ""The 'res' command is used in LSF to start or stop the resource management daemon."",
  ""aliases"": []
}",6
771,sbd,sbd,lsf,individual,command,information_object,1,sbd is an LSF command used to start the LSF daemon responsible for managing job submission and dependency handling.,[],"{
  ""term"": ""sbd"",
  ""canonical"": ""sbd"",
  ""is_hpc_domain"": true,
  ""scheduler"": ""lsf"",
  ""category"": ""command"",
  ""ontology_role"": ""individual"",
  ""dul_bucket"": ""information_object"",
  ""definition"": ""sbd is an LSF command used to start the LSF daemon responsible for managing job submission and dependency handling."",
  ""aliases"": []
}",3
773,daemons,lsf daemons,lsf,class,other_hpc,event,1,"LSF Daemons are background processes that manage and control the LSF cluster, including the lim, res, and sbd daemons.",[],"{
  ""term"": ""daemons"",
  ""canonical"": ""LSF Daemons"",
  ""is_hpc_domain"": true,
  ""scheduler"": ""lsf"",
  ""category"": ""other_hpc"",
  ""ontology_role"": ""class"",
  ""dul_bucket"": ""event"",
  ""definition"": ""LSF Daemons are background processes that manage and control the LSF cluster, including the lim, res, and sbd daemons."",
  ""aliases"": []
}",3
774,LSF server host,lsf server host,lsf,class,resource,object,1,"An LSF server host is a machine running LSF daemons, such as bctrld, sbd, and res, to manage and execute jobs.",[],"{
  ""term"": ""LSF server host"",
  ""canonical"": ""LSF Server Host"",
  ""is_hpc_domain"": true,
  ""scheduler"": ""lsf"",
  ""category"": ""resource"",
  ""ontology_role"": ""class"",
  ""dul_bucket"": ""object"",
  ""definition"": ""An LSF server host is a machine running LSF daemons, such as bctrld, sbd, and res, to manage and execute jobs."",
  ""aliases"": []
}",3
778,LSF cluster,lsf cluster,lsf,class,other_hpc,object,1,An LSF cluster is a collection of LSF server hosts that work together to manage and execute jobs.,[],"{
  ""term"": ""LSF cluster"",
  ""canonical"": ""LSF Cluster"",
  ""is_hpc_domain"": true,
  ""scheduler"": ""lsf"",
  ""category"": ""other_hpc"",
  ""ontology_role"": ""class"",
  ""dul_bucket"": ""object"",
  ""definition"": ""An LSF cluster is a collection of LSF server hosts that work together to manage and execute jobs."",
  ""aliases"": []
}",2
783,reconfig,reconfig,lsf,individual,command,event,1,"The 'reconfig' command is used to reload modified LSF configuration files and restart LSF daemons, such as lim and mbatchd.",[],"{
  ""term"": ""reconfig"",
  ""canonical"": ""reconfig"",
  ""is_hpc_domain"": true,
  ""scheduler"": ""lsf"",
  ""category"": ""command"",
  ""ontology_role"": ""individual"",
  ""dul_bucket"": ""event"",
  ""definition"": ""The 'reconfig' command is used to reload modified LSF configuration files and restart LSF daemons, such as lim and mbatchd."",
  ""aliases"": []
}",4
785,mbdrestart,mbdrestart,lsf,individual,command,event,1,mbdrestart is an LSF command used to reload modified LSF configuration files and restart the mbatchd daemon.,[],"{
  ""term"": ""mbdrestart"",
  ""canonical"": ""mbdrestart"",
  ""is_hpc_domain"": true,
  ""scheduler"": ""lsf"",
  ""category"": ""command"",
  ""ontology_role"": ""individual"",
  ""dul_bucket"": ""event"",
  ""definition"": ""mbdrestart is an LSF command used to reload modified LSF configuration files and restart the mbatchd daemon."",
  ""aliases"": []
}",2
793,lsid command,lsid command,lsf,individual,command,information_object,1,The lsid command is an LSF command used for administering the LSF daemons and checking the LSF environment.,"[""lsid""]","{
  ""term"": ""lsid command"",
  ""canonical"": ""lsid command"",
  ""is_hpc_domain"": true,
  ""scheduler"": ""lsf"",
  ""category"": ""command"",
  ""ontology_role"": ""individual"",
  ""dul_bucket"": ""information_object"",
  ""definition"": ""The lsid command is an LSF command used for administering the LSF daemons and checking the LSF environment."",
  ""aliases"": [""lsid""]
}",2
794,lsload command,lsload command,lsf,individual,command,information_object,1,The lsload command is an LSF command used to check the current load levels of the cluster.,"[""lsload""]","{
  ""term"": ""lsload command"",
  ""canonical"": ""lsload command"",
  ""is_hpc_domain"": true,
  ""scheduler"": ""lsf"",
  ""category"": ""command"",
  ""ontology_role"": ""individual"",
  ""dul_bucket"": ""information_object"",
  ""definition"": ""The lsload command is an LSF command used to check the current load levels of the cluster."",
  ""aliases"": [""lsload""]
}",2
798,bhosts,bhosts,lsf,individual,command,information_object,1,bhosts is an LSF command used to check the status of the LSF batch workload system.,"[""bhosts command""]","{
  ""term"": ""bhosts"",
  ""canonical"": ""bhosts"",
  ""is_hpc_domain"": true,
  ""scheduler"": ""lsf"",
  ""category"": ""command"",
  ""ontology_role"": ""individual"",
  ""dul_bucket"": ""information_object"",
  ""definition"": ""bhosts is an LSF command used to check the status of the LSF batch workload system."",
  ""aliases"": [""bhosts command""]
}",3
799,bqueues,bqueues,lsf,class,queue_or_partition,object,1,bqueues is a command used in LSF to display the status of available queues and their configuration parameters.,[],"{
  ""term"": ""bqueues"",
  ""canonical"": ""bqueues"",
  ""is_hpc_domain"": true,
  ""scheduler"": ""lsf"",
  ""category"": ""queue_or_partition"",
  ""ontology_role"": ""class"",
  ""dul_bucket"": ""object"",
  ""definition"": ""bqueues is a command used in LSF to display the status of available queues and their configuration parameters."",
  ""aliases"": []
}",4
804,lsadmin ckconfig,lsadmin ckconfig,lsf,individual,command,information_object,1,lsadmin ckconfig is a command used to check the LSF configuration files.,[],"{
  ""term"": ""lsadmin ckconfig"",
  ""canonical"": ""lsadmin ckconfig"",
  ""is_hpc_domain"": true,
  ""scheduler"": ""lsf"",
  ""category"": ""command"",
  ""ontology_role"": ""individual"",
  ""dul_bucket"": ""information_object"",
  ""definition"": ""lsadmin ckconfig is a command used to check the LSF configuration files."",
  ""aliases"": []
}",2
813,EGO_AUDIT_MAX_SIZE,ego_audit_max_size,lsf,datatype_property,config_param,description,1,EGO_AUDIT_MAX_SIZE is a configuration parameter in LSF that sets the maximum size for audit logs.,[],"{
  ""term"": ""EGO_AUDIT_MAX_SIZE"",
  ""canonical"": ""EGO_AUDIT_MAX_SIZE"",
  ""is_hpc_domain"": true,
  ""scheduler"": ""lsf"",
  ""category"": ""config_param"",
  ""ontology_role"": ""datatype_property"",
  ""dul_bucket"": ""description"",
  ""definition"": ""EGO_AUDIT_MAX_SIZE is a configuration parameter in LSF that sets the maximum size for audit logs."",
  ""aliases"": []
}",2
821,lsid,lsid,lsf,individual,command,information_object,1,"lsid is a command used in IBM LSF to check the LSF environment setup, display the current LSF version, cluster name, and host name of the management host.","[""lsf status command""]","{
  ""term"": ""lsid"",
  ""canonical"": ""lsid"",
  ""is_hpc_domain"": true,
  ""scheduler"": ""lsf"",
  ""category"": ""command"",
  ""ontology_role"": ""individual"",
  ""dul_bucket"": ""information_object"",
  ""definition"": ""lsid is a command used in IBM LSF to check the LSF environment setup, display the current LSF version, cluster name, and host name of the management host."",
  ""aliases"": [""lsf status command""]
}",3
822,lsload,lsload,lsf,individual,command,information_object,1,lsload is an IBM LSF command used to display the current load levels of the cluster.,[],"{
  ""term"": ""lsload"",
  ""canonical"": ""lsload"",
  ""is_hpc_domain"": true,
  ""scheduler"": ""lsf"",
  ""category"": ""command"",
  ""ontology_role"": ""individual"",
  ""dul_bucket"": ""information_object"",
  ""definition"": ""lsload is an IBM LSF command used to display the current load levels of the cluster."",
  ""aliases"": []
}",4
832,hosta,hosta,lsf,individual,resource,object,1,hosta is a specific compute node in an LSF cluster.,[],"{
  ""term"": ""hosta"",
  ""canonical"": ""hosta"",
  ""is_hpc_domain"": true,
  ""scheduler"": ""lsf"",
  ""category"": ""resource"",
  ""ontology_role"": ""individual"",
  ""dul_bucket"": ""object"",
  ""definition"": ""hosta is a specific compute node in an LSF cluster."",
  ""aliases"": []
}",5
835,proﬁle.lsf,profile.lsf,lsf,individual,config_file,information_object,1,proﬁle.lsf is a configuration file used to set up the environment for the IBM LSF scheduler.,[],"{
  ""term"": ""proﬁle.lsf"",
  ""canonical"": ""profile.lsf"",
  ""is_hpc_domain"": true,
  ""scheduler"": ""lsf"",
  ""category"": ""config_file"",
  ""ontology_role"": ""individual"",
  ""dul_bucket"": ""information_object"",
  ""definition"": ""proﬁle.lsf is a configuration file used to set up the environment for the IBM LSF scheduler."",
  ""aliases"": []
}",3
838,HOST_NAME,host_name,lsf,datatype_property,resource,information_object,1,HOST_NAME is a property representing the name of a compute node in an LSF cluster.,[],"{
  ""term"": ""HOST_NAME"",
  ""canonical"": ""HOST_NAME"",
  ""is_hpc_domain"": true,
  ""scheduler"": ""lsf"",
  ""category"": ""resource"",
  ""ontology_role"": ""datatype_property"",
  ""dul_bucket"": ""information_object"",
  ""definition"": ""HOST_NAME is a property representing the name of a compute node in an LSF cluster."",
  ""aliases"": []
}",5
840,tmp,tmp,lsf,datatype_property,resource,description,1,"In LSF, 'tmp' is a column in the lsload command output representing the temporary space usage on each host.",[],"{
  ""term"": ""tmp"",
  ""canonical"": ""tmp"",
  ""is_hpc_domain"": true,
  ""scheduler"": ""lsf"",
  ""category"": ""resource"",
  ""ontology_role"": ""datatype_property"",
  ""dul_bucket"": ""description"",
  ""definition"": ""In LSF, 'tmp' is a column in the lsload command output representing the temporary space usage on each host."",
  ""aliases"": []
}",2
841,swp,swap,lsf,datatype_property,resource,description,1,SWAP refers to the amount of swap memory available on a host in an LSF cluster.,[],"{
  ""term"": ""swp"",
  ""canonical"": ""SWAP"",
  ""is_hpc_domain"": true,
  ""scheduler"": ""lsf"",
  ""category"": ""resource"",
  ""ontology_role"": ""datatype_property"",
  ""dul_bucket"": ""description"",
  ""definition"": ""SWAP refers to the amount of swap memory available on a host in an LSF cluster."",
  ""aliases"": []
}",2
842,mem,memory,lsf,datatype_property,resource,description,1,"In LSF, mem refers to the memory resource available on a compute node.",[],"{
  ""term"": ""mem"",
  ""canonical"": ""Memory"",
  ""is_hpc_domain"": true,
  ""scheduler"": ""lsf"",
  ""category"": ""resource"",
  ""ontology_role"": ""datatype_property"",
  ""dul_bucket"": ""description"",
  ""definition"": ""In LSF, mem refers to the memory resource available on a compute node."",
  ""aliases"": []
}",3
848,bhist,bhist,lsf,individual,command,information_object,1,bhist is an LSF command used to display historical information about jobs.,[],"{
  ""term"": ""bhist"",
  ""canonical"": ""bhist"",
  ""is_hpc_domain"": true,
  ""scheduler"": ""lsf"",
  ""category"": ""command"",
  ""ontology_role"": ""individual"",
  ""dul_bucket"": ""information_object"",
  ""definition"": ""bhist is an LSF command used to display historical information about jobs."",
  ""aliases"": []
}",2
850,badmin ckconﬁg,badmin ckconfig,lsf,individual,command,information_object,1,badmin ckconfig is an LSF command used to check the LSF batch system configuration files.,[],"{
  ""term"": ""badmin ckconfig"",
  ""canonical"": ""badmin ckconfig"",
  ""is_hpc_domain"": true,
  ""scheduler"": ""lsf"",
  ""category"": ""command"",
  ""ontology_role"": ""individual"",
  ""dul_bucket"": ""information_object"",
  ""definition"": ""badmin ckconfig is an LSF command used to check the LSF batch system configuration files."",
  ""aliases"": []
}",2
855,ckconfig,ckconfig,lsf,individual,other_hpc,information_object,1,ckconfig is a command used to check the configuration of an LSF batch workload system.,[],"{
  ""term"": ""ckconfig"",
  ""canonical"": ""ckconfig"",
  ""is_hpc_domain"": true,
  ""scheduler"": ""lsf"",
  ""category"": ""config_command"",
  ""ontology_role"": ""individual"",
  ""dul_bucket"": ""information_object"",
  ""definition"": ""ckconfig is a command used to check the configuration of an LSF batch workload system."",
  ""aliases"": []
}",2
874,STATUS,status,lsf,class,job_state,description,1,"In LSF, the status of a queue, which can be Open:Active, Open:Inact, etc., indicating whether it accepts and dispatches jobs.",[],"{
  ""term"": ""STATUS"",
  ""canonical"": ""STATUS"",
  ""is_hpc_domain"": true,
  ""scheduler"": ""lsf"",
  ""category"": ""job_state"",
  ""ontology_role"": ""class"",
  ""dul_bucket"": ""description"",
  ""definition"": ""In LSF, the status of a queue, which can be Open:Active, Open:Inact, etc., indicating whether it accepts and dispatches jobs."",
  ""aliases"": []
}",2
883,QUEUE_NAME,queuename,lsf,class,queue_or_partition,object,1,QUEUE_NAME refers to a logical grouping of jobs in LSF with different priorities and scheduling policies. It is identified by the bqueues command.,[],"{
  ""term"": ""QUEUE_NAME"",
  ""canonical"": ""QueueName"",
  ""is_hpc_domain"": true,
  ""scheduler"": ""lsf"",
  ""category"": ""queue_or_partition"",
  ""ontology_role"": ""class"",
  ""dul_bucket"": ""object"",
  ""definition"": ""QUEUE_NAME refers to a logical grouping of jobs in LSF with different priorities and scheduling policies. It is identified by the bqueues command."",
  ""aliases"": []
}",3
885,normal,normal,lsf,individual,queue_or_partition,object,1,"The 'normal' queue in LSF is a default queue for low priority jobs, running only if hosts are lightly loaded.",[],"{
  ""term"": ""normal"",
  ""canonical"": ""normal"",
  ""is_hpc_domain"": true,
  ""scheduler"": ""lsf"",
  ""category"": ""queue_or_partition"",
  ""ontology_role"": ""individual"",
  ""dul_bucket"": ""object"",
  ""definition"": ""The 'normal' queue in LSF is a default queue for low priority jobs, running only if hosts are lightly loaded."",
  ""aliases"": []
}",3
898,lsgrun,lsgrun,lsf,individual,command,information_object,1,lsgrun is an LSF command used to run a task on a group of hosts.,"[""lsgrun command""]","{
  ""term"": ""lsgrun"",
  ""canonical"": ""lsgrun"",
  ""is_hpc_domain"": true,
  ""scheduler"": ""lsf"",
  ""category"": ""command"",
  ""ontology_role"": ""individual"",
  ""dul_bucket"": ""information_object"",
  ""definition"": ""lsgrun is an LSF command used to run a task on a group of hosts."",
  ""aliases"": [""lsgrun command""]
}",3
903,lim daemon,lim_daemon,lsf,object_property,resource,description,1,"The lim daemon is a component of LSF that gathers system load information, which is used by the lsrun command to run interactive tasks on the best available host.",[],"{
  ""term"": ""lim daemon"",
  ""canonical"": ""lim_daemon"",
  ""is_hpc_domain"": true,
  ""scheduler"": ""lsf"",
  ""category"": ""resource"",
  ""ontology_role"": ""object_property"",
  ""dul_bucket"": ""description"",
  ""definition"": ""The lim daemon is a component of LSF that gathers system load information, which is used by the lsrun command to run interactive tasks on the best available host."",
  ""aliases"": []
}",3
907,job ID,job_id,lsf,individual,job_state,event,1,"A unique identifier assigned to a job by the LSF scheduler, used to track and manage job status.",[],"{
  ""term"": ""job ID"",
  ""canonical"": ""job_id"",
  ""is_hpc_domain"": true,
  ""scheduler"": ""lsf"",
  ""category"": ""job_state"",
  ""ontology_role"": ""individual"",
  ""dul_bucket"": ""event"",
  ""definition"": ""A unique identifier assigned to a job by the LSF scheduler, used to track and manage job status."",
  ""aliases"": []
}",3
909,job submission options,jobsubmissionoptions,lsf,class,command,description,1,"Job submission options refer to the various commands and parameters used to submit jobs to the LSF scheduler, including bsub, lsrun, bjobs, bstop, bresume, and bkill.",[],"{
  ""term"": ""job submission options"",
  ""canonical"": ""JobSubmissionOptions"",
  ""is_hpc_domain"": true,
  ""scheduler"": ""lsf"",
  ""category"": ""command"",
  ""ontology_role"": ""class"",
  ""dul_bucket"": ""description"",
  ""definition"": ""Job submission options refer to the various commands and parameters used to submit jobs to the LSF scheduler, including bsub, lsrun, bjobs, bstop, bresume, and bkill."",
  ""aliases"": []
}",2
922,email,email,lsf,object_property,user_role,event,1,"Email is a means of communication for job status updates, including job reports and error messages, in LSF.",[],"{
  ""term"": ""email"",
  ""canonical"": ""email"",
  ""is_hpc_domain"": true,
  ""scheduler"": ""lsf"",
  ""category"": ""user_role"",
  ""ontology_role"": ""object_property"",
  ""dul_bucket"": ""event"",
  ""definition"": ""Email is a means of communication for job status updates, including job reports and error messages, in LSF."",
  ""aliases"": []
}",2
931,user1,user1,lsf,individual,user_role,information_object,1,user1 is a user account that submits jobs to the LSF scheduler.,[],"{
  ""term"": ""user1"",
  ""canonical"": ""user1"",
  ""is_hpc_domain"": true,
  ""scheduler"": ""lsf"",
  ""category"": ""user_role"",
  ""ontology_role"": ""individual"",
  ""dul_bucket"": ""information_object"",
  ""definition"": ""user1 is a user account that submits jobs to the LSF scheduler."",
  ""aliases"": []
}",2
938,JOBID,jobid,lsf,individual,job_state,event,1,"JOBID is a unique identifier for an LSF job, used to monitor its status and output.",[],"{
  ""term"": ""JOBID"",
  ""canonical"": ""JOBID"",
  ""is_hpc_domain"": true,
  ""scheduler"": ""lsf"",
  ""category"": ""job_state"",
  ""ontology_role"": ""individual"",
  ""dul_bucket"": ""event"",
  ""definition"": ""JOBID is a unique identifier for an LSF job, used to monitor its status and output."",
  ""aliases"": []
}",2
939,USER,user,lsf,individual,user_role,information_object,1,"In LSF, USER refers to the user who submits a job or interacts with the scheduler.",[],"{
  ""term"": ""USER"",
  ""canonical"": ""USER"",
  ""is_hpc_domain"": true,
  ""scheduler"": ""lsf"",
  ""category"": ""user_role"",
  ""ontology_role"": ""individual"",
  ""dul_bucket"": ""information_object"",
  ""definition"": ""In LSF, USER refers to the user who submits a job or interacts with the scheduler."",
  ""aliases"": []
}",2
942,FROM_HOST,from_host,lsf,individual,log_or_state_path,information_object,1,FROM_HOST is a field in the bjobs command output that shows the host where the job was submitted.,[],"{
  ""term"": ""FROM_HOST"",
  ""canonical"": ""FROM_HOST"",
  ""is_hpc_domain"": true,
  ""scheduler"": ""lsf"",
  ""category"": ""log_or_state_path"",
  ""ontology_role"": ""individual"",
  ""dul_bucket"": ""information_object"",
  ""definition"": ""FROM_HOST is a field in the bjobs command output that shows the host where the job was submitted."",
  ""aliases"": []
}",2
943,JOB_NAME,job_name,lsf,individual,job_state,event,1,"JOB_NAME refers to the name of a job in LSF, which can be used to identify and monitor the job's status.",[],"{
  ""term"": ""JOB_NAME"",
  ""canonical"": ""JOB_NAME"",
  ""is_hpc_domain"": true,
  ""scheduler"": ""lsf"",
  ""category"": ""job_state"",
  ""ontology_role"": ""individual"",
  ""dul_bucket"": ""event"",
  ""definition"": ""JOB_NAME refers to the name of a job in LSF, which can be used to identify and monitor the job's status."",
  ""aliases"": []
}",2
944,SUBMIT_TIME,submit_time,lsf,datatype_property,job_state,event,1,SUBMIT_TIME is the timestamp when an LSF job was submitted.,[],"{
  ""term"": ""SUBMIT_TIME"",
  ""canonical"": ""SUBMIT_TIME"",
  ""is_hpc_domain"": true,
  ""scheduler"": ""lsf"",
  ""category"": ""job_state"",
  ""ontology_role"": ""datatype_property"",
  ""dul_bucket"": ""event"",
  ""definition"": ""SUBMIT_TIME is the timestamp when an LSF job was submitted."",
  ""aliases"": []
}",2
956,Job,job,lsf,class,other_hpc,event,1,"A Job is a unit of work submitted to the LSF scheduler for execution on allocated compute resources. It can be controlled using commands like bstop, bresume, and bkill.",[],"{
  ""term"": ""Job"",
  ""canonical"": ""Job"",
  ""is_hpc_domain"": true,
  ""scheduler"": ""lsf"",
  ""category"": ""other_hpc"",
  ""ontology_role"": ""class"",
  ""dul_bucket"": ""event"",
  ""definition"": ""A Job is a unit of work submitted to the LSF scheduler for execution on allocated compute resources. It can be controlled using commands like bstop, bresume, and bkill."",
  ""aliases"": []
}",2
960,hostb,hostb,lsf,individual,resource,object,1,hostb is a specific host resource managed by LSF.,[],"{
  ""term"": ""hostb"",
  ""canonical"": ""hostb"",
  ""is_hpc_domain"": true,
  ""scheduler"": ""lsf"",
  ""category"": ""resource"",
  ""ontology_role"": ""individual"",
  ""dul_bucket"": ""object"",
  ""definition"": ""hostb is a specific host resource managed by LSF."",
  ""aliases"": []
}",3
961,sleep,sleep,lsf,individual,command,information_object,1,sleep is an LSF command used to suspend a running job temporarily.,"[""sleep command""]","{
  ""term"": ""sleep"",
  ""canonical"": ""sleep"",
  ""is_hpc_domain"": true,
  ""scheduler"": ""lsf"",
  ""category"": ""command"",
  ""ontology_role"": ""individual"",
  ""dul_bucket"": ""information_object"",
  ""definition"": ""sleep is an LSF command used to suspend a running job temporarily."",
  ""aliases"": [""sleep command""]
}",2
978,hostc,hostc,lsf,individual,resource,object,1,hostc is a specific host mentioned as an example in the context of running commands on remote hosts using LSF.,[],"{
  ""term"": ""hostc"",
  ""canonical"": ""hostc"",
  ""is_hpc_domain"": true,
  ""scheduler"": ""lsf"",
  ""category"": ""resource"",
  ""ontology_role"": ""individual"",
  ""dul_bucket"": ""object"",
  ""definition"": ""hostc is a specific host mentioned as an example in the context of running commands on remote hosts using LSF."",
  ""aliases"": []
}",3
984,rusage,rusage,lsf,datatype_property,config_param,description,1,"rusage is a configuration parameter used in LSF to specify resource usage for jobs, such as CPU, memory, and license requirements.",[],"{
  ""term"": ""rusage"",
  ""canonical"": ""rusage"",
  ""is_hpc_domain"": true,
  ""scheduler"": ""lsf"",
  ""category"": ""config_param"",
  ""ontology_role"": ""datatype_property"",
  ""dul_bucket"": ""description"",
  ""definition"": ""rusage is a configuration parameter used in LSF to specify resource usage for jobs, such as CPU, memory, and license requirements."",
  ""aliases"": []
}",3
999,queues,queues,lsf,class,queue_or_partition,object,1,Queues are logical groupings of compute nodes used to schedule jobs in LSF. They define scheduling and resource policies.,[],"{
  ""term"": ""queues"",
  ""canonical"": ""Queues"",
  ""is_hpc_domain"": true,
  ""scheduler"": ""lsf"",
  ""category"": ""queue_or_partition"",
  ""ontology_role"": ""class"",
  ""dul_bucket"": ""object"",
  ""definition"": ""Queues are logical groupings of compute nodes used to schedule jobs in LSF. They define scheduling and resource policies."",
  ""aliases"": []
}",2
1018,IBM Passport Advantage,ibm passport advantage,lsf,drop,non_domain,unknown,0,"IBM Passport Advantage is a software licensing program, not directly related to HPC scheduling, but it provides distribution packages for LSF.",[],"{
  ""term"": ""IBM Passport Advantage"",
  ""canonical"": ""IBM Passport Advantage"",
  ""is_hpc_domain"": true,
  ""scheduler"": ""lsf"",
  ""category"": ""non_domain"",
  ""ontology_role"": ""drop"",
  ""dul_bucket"": ""unknown"",
  ""definition"": ""IBM Passport Advantage is a software licensing program, not directly related to HPC scheduling, but it provides distribution packages for LSF."",
  ""aliases"": []
}",2
1020,YouTube,youtube,unknown,drop,non_domain,unknown,0,"YouTube is a video-sharing platform, not related to High Performance Computing.",[],"{
  ""term"": ""YouTube"",
  ""canonical"": ""YouTube"",
  ""is_hpc_domain"": false,
  ""scheduler"": ""unknown"",
  ""category"": ""non_domain"",
  ""ontology_role"": ""drop"",
  ""dul_bucket"": ""unknown"",
  ""definition"": ""YouTube is a video-sharing platform, not related to High Performance Computing."",
  ""aliases"": []
}",2
1021,IBM Education Assistant,ibm education assistant,lsf,individual,other_hpc,description,1,IBM Education Assistant is a resource providing tutorials and guidance for setting up and using IBM LSF.,[],"{
  ""term"": ""IBM Education Assistant"",
  ""canonical"": ""IBM Education Assistant"",
  ""is_hpc_domain"": true,
  ""scheduler"": ""lsf"",
  ""category"": ""other_hpc"",
  ""ontology_role"": ""individual"",
  ""dul_bucket"": ""description"",
  ""definition"": ""IBM Education Assistant is a resource providing tutorials and guidance for setting up and using IBM LSF."",
  ""aliases"": []
}",2
1040,Host,host,lsf,individual,config_param,information_object,1,A Host is a physical or virtual machine that is added to an IBM LSF cluster and its information is stored in the lsf.cluster.cluster_name file.,[],"{
  ""term"": ""Host"",
  ""canonical"": ""Host"",
  ""is_hpc_domain"": true,
  ""scheduler"": ""lsf"",
  ""category"": ""config_param"",
  ""ontology_role"": ""individual"",
  ""dul_bucket"": ""information_object"",
  ""definition"": ""A Host is a physical or virtual machine that is added to an IBM LSF cluster and its information is stored in the lsf.cluster.cluster_name file."",
  ""aliases"": []
}",5
1044,model,model,lsf,datatype_property,config_param,description,1,"In the context of IBM LSF, model refers to the hardware or software configuration of a host, which can be specified during host setup.",[],"{
  ""term"": ""model"",
  ""canonical"": ""model"",
  ""is_hpc_domain"": true,
  ""scheduler"": ""lsf"",
  ""category"": ""config_param"",
  ""ontology_role"": ""datatype_property"",
  ""dul_bucket"": ""description"",
  ""definition"": ""In the context of IBM LSF, model refers to the hardware or software configuration of a host, which can be specified during host setup."",
  ""aliases"": []
}",4
1045,type,type,lsf,datatype_property,config_param,description,1,"In IBM LSF, the 'type' is a configuration parameter used to specify the type of a host in the lsf.cluster.cluster_name file.",[],"{
  ""term"": ""type"",
  ""canonical"": ""type"",
  ""is_hpc_domain"": true,
  ""scheduler"": ""lsf"",
  ""category"": ""config_param"",
  ""ontology_role"": ""datatype_property"",
  ""dul_bucket"": ""description"",
  ""definition"": ""In IBM LSF, the 'type' is a configuration parameter used to specify the type of a host in the lsf.cluster.cluster_name file."",
  ""aliases"": []
}",4
1054,server,server,lsf,class,resource,object,1,"In LSF, a server is a host that provides resources for job execution.",[],"{
  ""term"": ""server"",
  ""canonical"": ""server"",
  ""is_hpc_domain"": true,
  ""scheduler"": ""lsf"",
  ""category"": ""resource"",
  ""ontology_role"": ""class"",
  ""dul_bucket"": ""object"",
  ""definition"": ""In LSF, a server is a host that provides resources for job execution."",
  ""aliases"": []
}",3
1070,restart LIM,restart lim,lsf,individual,command,event,1,restart LIM is a command used to restart the Load Leveler Manager (LIM) on an LSF cluster.,[],"{
  ""term"": ""restart LIM"",
  ""canonical"": ""restart LIM"",
  ""is_hpc_domain"": true,
  ""scheduler"": ""lsf"",
  ""category"": ""command"",
  ""ontology_role"": ""individual"",
  ""dul_bucket"": ""event"",
  ""definition"": ""restart LIM is a command used to restart the Load Leveler Manager (LIM) on an LSF cluster."",
  ""aliases"": []
}",2
1076,reconﬁg,reconﬁg,lsf,individual,command,event,1,"The lsadmin reconﬁg command checks for configuration errors in LSF and, if no unrecoverable errors are found, prompts the user to confirm and reconfigure the system. The badmin reconﬁg command serves a similar purpose.","[""reconﬁgure""]","{
  ""term"": ""reconﬁg"",
  ""canonical"": ""reconﬁg"",
  ""is_hpc_domain"": true,
  ""scheduler"": ""lsf"",
  ""category"": ""command"",
  ""ontology_role"": ""individual"",
  ""dul_bucket"": ""event"",
  ""definition"": ""The lsadmin reconﬁg command checks for configuration errors in LSF and, if no unrecoverable errors are found, prompts the user to confirm and reconfigure the system. The badmin reconﬁg command serves a similar purpose."",
  ""aliases"": [""reconﬁgure""]
}",5
1078,unrecoverable errors,unrecoverable_errors,lsf,individual,job_state,event,1,unrecoverable errors refer to configuration issues that prevent the successful execution of the lsadmin or badmin reconﬁg commands in LSF.,[],"{
  ""term"": ""unrecoverable errors"",
  ""canonical"": ""unrecoverable_errors"",
  ""is_hpc_domain"": true,
  ""scheduler"": ""lsf"",
  ""category"": ""job_state"",
  ""ontology_role"": ""individual"",
  ""dul_bucket"": ""event"",
  ""definition"": ""unrecoverable errors refer to configuration issues that prevent the successful execution of the lsadmin or badmin reconﬁg commands in LSF."",
  ""aliases"": []
}",3
1082,reconﬁguration,reconﬁguration,lsf,individual,command,event,1,"The lsadmin and badmin reconﬁg commands are used to check for configuration errors in IBM LSF. If no unrecoverable errors are found, the user is asked to conﬁrm reconﬁguration.",[],"{
  ""term"": ""reconﬁguration"",
  ""canonical"": ""reconﬁguration"",
  ""is_hpc_domain"": true,
  ""scheduler"": ""lsf"",
  ""category"": ""command"",
  ""ontology_role"": ""individual"",
  ""dul_bucket"": ""event"",
  ""definition"": ""The lsadmin and badmin reconﬁg commands are used to check for configuration errors in IBM LSF. If no unrecoverable errors are found, the user is asked to conﬁrm reconﬁguration."",
  ""aliases"": []
}",2
1086,hostsetup,hostsetup,lsf,individual,command,information_object,1,hostsetup is a command used in IBM LSF to set up a new host during installation.,"[""hostsetup command""]","{
  ""term"": ""hostsetup"",
  ""canonical"": ""hostsetup"",
  ""is_hPC_domain"": true,
  ""scheduler"": ""lsf"",
  ""category"": ""command"",
  ""ontology_role"": ""individual"",
  ""dul_bucket"": ""information_object"",
  ""definition"": ""hostsetup is a command used in IBM LSF to set up a new host during installation."",
  ""aliases"": [""hostsetup command""]
}",3
1090,--top,--top,lsf,individual,command,information_object,1,The --top option in IBM LSF is used to specify the installation directory for LSF components during host setup.,[],"{
  ""term"": ""--top"",
  ""canonical"": ""--top"",
  ""is_hpc_domain"": true,
  ""scheduler"": ""lsf"",
  ""category"": ""command"",
  ""ontology_role"": ""individual"",
  ""dul_bucket"": ""information_object"",
  ""definition"": ""The --top option in IBM LSF is used to specify the installation directory for LSF components during host setup."",
  ""aliases"": []
}",2
1097,lshosts,lshosts,lsf,individual,command,information_object,1,lshosts is an IBM LSF command used to verify changes made to the LSF cluster after configuration or host setup.,"[""lshosts command""]","{
  ""term"": ""lshosts"",
  ""canonical"": ""lshosts"",
  ""is_hpc_domain"": true,
  ""scheduler"": ""lsf"",
  ""category"": ""command"",
  ""ontology_role"": ""individual"",
  ""dul_bucket"": ""information_object"",
  ""definition"": ""lshosts is an IBM LSF command used to verify changes made to the LSF cluster after configuration or host setup."",
  ""aliases"": [""lshosts command""]
}",5
1099,Cluster Management and Operations,cluster management and operations,lsf,class,other_hpc,description,1,"Cluster Management and Operations refers to the process of configuring, maintaining, and managing an HPC cluster, as demonstrated in the provided context for IBM LSF.",[],"{
  ""term"": ""Cluster Management and Operations"",
  ""canonical"": ""Cluster Management and Operations"",
  ""is_hpc_domain"": true,
  ""scheduler"": ""lsf"",
  ""category"": ""other_hpc"",
  ""ontology_role"": ""class"",
  ""dul_bucket"": ""description"",
  ""definition"": ""Cluster Management and Operations refers to the process of configuring, maintaining, and managing an HPC cluster, as demonstrated in the provided context for IBM LSF."",
  ""aliases"": []
}",2
1101,host model,host_model,lsf,datatype_property,config_param,description,1,host model is a configuration parameter in IBM LSF that defines the type of host being set up.,[],"{
  ""term"": ""host model"",
  ""canonical"": ""host_model"",
  ""is_hpc_domain"": true,
  ""scheduler"": ""lsf"",
  ""category"": ""config_param"",
  ""ontology_role"": ""datatype_property"",
  ""dul_bucket"": ""description"",
  ""definition"": ""host model is a configuration parameter in IBM LSF that defines the type of host being set up."",
  ""aliases"": []
}",2
1105,DEFAULT,default,lsf,datatype_property,config_param,description,1,"In IBM LSF, DEFAULT refers to an unspecified host type or host model that needs to be configured.",[],"{
  ""term"": ""DEFAULT"",
  ""canonical"": ""DEFAULT"",
  ""is_hpc_domain"": true,
  ""scheduler"": ""lsf"",
  ""category"": ""config_param"",
  ""ontology_role"": ""datatype_property"",
  ""dul_bucket"": ""description"",
  ""definition"": ""In IBM LSF, DEFAULT refers to an unspecified host type or host model that needs to be configured."",
  ""aliases"": []
}",2
1112,management host,managementhost,lsf,individual,other_hpc,description,1,A management host is a specific host in IBM Spectrum LSF that manages the cluster and its resources.,[],"{
  ""term"": ""management host"",
  ""canonical"": ""ManagementHost"",
  ""is_hpc_domain"": true,
  ""scheduler"": ""lsf"",
  ""category"": ""other_hpc"",
  ""ontology_role"": ""individual"",
  ""dul_bucket"": ""description"",
  ""definition"": ""A management host is a specific host in IBM Spectrum LSF that manages the cluster and its resources."",
  ""aliases"": []
}",2
1116,configuration errors,configuration errors,lsf,drop,non_domain,event,0,"Configuration errors refer to issues encountered while configuring IBM LSF, such as host type or model problems.",[],"{
  ""term"": ""configuration errors"",
  ""canonical"": ""configuration errors"",
  ""is_hpc_domain"": true,
  ""scheduler"": ""lsf"",
  ""category"": ""non_domain"",
  ""ontology_role"": ""drop"",
  ""dul_bucket"": ""event"",
  ""definition"": ""Configuration errors refer to issues encountered while configuring IBM LSF, such as host type or model problems."",
  ""aliases"": []
}",2
1119,running jobs,runningjobs,lsf,class,job_state,event,1,Running jobs are jobs that are currently executing on allocated compute resources in IBM Spectrum LSF.,[],"{
  ""term"": ""running jobs"",
  ""canonical"": ""RunningJobs"",
  ""is_hpc_domain"": true,
  ""scheduler"": ""lsf"",
  ""category"": ""job_state"",
  ""ontology_role"": ""class"",
  ""dul_bucket"": ""event"",
  ""definition"": ""Running jobs are jobs that are currently executing on allocated compute resources in IBM Spectrum LSF."",
  ""aliases"": []
}",3
1120,lsf.cluster,lsf.cluster,lsf,individual,config_file,information_object,1,lsf.cluster is the configuration file in IBM LSF that defines the cluster's hosts and their properties.,[],"{
  ""term"": ""lsf.cluster"",
  ""canonical"": ""lsf.cluster"",
  ""is_hpc_domain"": true,
  ""scheduler"": ""lsf"",
  ""category"": ""config_file"",
  ""ontology_role"": ""individual"",
  ""dul_bucket"": ""information_object"",
  ""definition"": ""lsf.cluster is the configuration file in IBM LSF that defines the cluster's hosts and their properties."",
  ""aliases"": []
}",5
1127,lsb.hosts,lsb.hosts,lsf,individual,config_file,information_object,1,lsb.hosts is a configuration file in LSF where hosts are defined and managed.,[],"{
  ""term"": ""lsb.hosts"",
  ""canonical"": ""lsb.hosts"",
  ""is_hpc_domain"": true,
  ""scheduler"": ""lsf"",
  ""category"": ""config_file"",
  ""ontology_role"": ""individual"",
  ""dul_bucket"": ""information_object"",
  ""definition"": ""lsb.hosts is a configuration file in LSF where hosts are defined and managed."",
  ""aliases"": []
}",3
1133,checking configuration files,checking configuration files,lsf,individual,command,event,1,checking configuration files is a command used to verify the integrity of LSF configuration files during host removal.,[],"{
  ""term"": ""checking configuration files"",
  ""canonical"": ""checking configuration files"",
  ""is_hpc_domain"": true,
  ""scheduler"": ""lsf"",
  ""category"": ""command"",
  ""ontology_role"": ""individual"",
  ""dul_bucket"": ""event"",
  ""definition"": ""checking configuration files is a command used to verify the integrity of LSF configuration files during host removal."",
  ""aliases"": []
}",3
1151,lsf_admin,lsf_admin,lsf,individual,user_role,description,1,"lsf_admin is a user role responsible for managing and maintaining IBM LSF daemons, including configuration, restarting, and troubleshooting.",[],"{
  ""term"": ""lsf_admin"",
  ""canonical"": ""lsf_admin"",
  ""is_hpc_domain"": true,
  ""scheduler"": ""lsf"",
  ""category"": ""user_role"",
  ""ontology_role"": ""individual"",
  ""dul_bucket"": ""description"",
  ""definition"": ""lsf_admin is a user role responsible for managing and maintaining IBM LSF daemons, including configuration, restarting, and troubleshooting."",
  ""aliases"": []
}",2
1163,conﬁgdir,configuration directory,lsf,individual,other_hpc,description,1,conﬁgdir is the directory containing LSF configuration files.,[],"{
  ""term"": ""conﬁgdir"",
  ""canonical"": ""configuration directory"",
  ""is_hpc_domain"": true,
  ""scheduler"": ""lsf"",
  ""category"": ""config_dir"",
  ""ontology_role"": ""individual"",
  ""dul_bucket"": ""description"",
  ""definition"": ""conﬁgdir is the directory containing LSF configuration files."",
  ""aliases"": []
}",2
1164,lsb.queues file,lsb.queues file,lsf,individual,config_file,information_object,1,The lsb.queues file is an IBM LSF configuration file used to define queues and their properties.,[],"{
  ""term"": ""lsb.queues file"",
  ""canonical"": ""lsb.queues file"",
  ""is_hpc_domain"": true,
  ""scheduler"": ""lsf"",
  ""category"": ""config_file"",
  ""ontology_role"": ""individual"",
  ""dul_bucket"": ""information_object"",
  ""definition"": ""The lsb.queues file is an IBM LSF configuration file used to define queues and their properties."",
  ""aliases"": []
}",2
1177,Command Reference,command reference,lsf,class,other_hpc,description,1,Command Reference is a documentation resource that provides information about LSF commands.,[],"{
  ""term"": ""Command Reference"",
  ""canonical"": ""Command Reference"",
  ""is_hpc_domain"": true,
  ""scheduler"": ""lsf"",
  ""category"": ""other_hpc"",
  ""ontology_role"": ""class"",
  ""dul_bucket"": ""description"",
  ""definition"": ""Command Reference is a documentation resource that provides information about LSF commands."",
  ""aliases"": []
}",2
1192,bswitch,bswitch,lsf,individual,command,event,1,"bswitch is an LSF command used to switch jobs between queues, such as moving pending or running jobs from a queue to another queue.",[],"{
  ""term"": ""bswitch"",
  ""canonical"": ""bswitch"",
  ""is_hpc_domain"": true,
  ""scheduler"": ""lsf"",
  ""category"": ""command"",
  ""ontology_role"": ""individual"",
  ""dul_bucket"": ""event"",
  ""definition"": ""bswitch is an LSF command used to switch jobs between queues, such as moving pending or running jobs from a queue to another queue."",
  ""aliases"": []
}",2
1202,night,night,lsf,individual,queue_or_partition,object,1,"In IBM LSF, 'night' is a queue or partition name used for scheduling jobs.",[],"{
  ""term"": ""night"",
  ""canonical"": ""night"",
  ""is_hpc_domain"": true,
  ""scheduler"": ""lsf"",
  ""category"": ""queue_or_partition"",
  ""ontology_role"": ""individual"",
  ""dul_bucket"": ""object"",
  ""definition"": ""In IBM LSF, 'night' is a queue or partition name used for scheduling jobs."",
  ""aliases"": []
}",2
1206,Queue,queue,lsf,class,queue_or_partition,object,1,"A queue is a logical grouping of jobs in LSF, with specific scheduling policies and resource allocation.",[],"{
  ""term"": ""Queue"",
  ""canonical"": ""Queue"",
  ""is_hpc_domain"": true,
  ""scheduler"": ""lsf"",
  ""category"": ""queue_or_partition"",
  ""ontology_role"": ""class"",
  ""dul_bucket"": ""object"",
  ""definition"": ""A queue is a logical grouping of jobs in LSF, with specific scheduling policies and resource allocation."",
  ""aliases"": []
}",2
1228,lsf.sudoers file,lsf.sudoers,lsf,individual,config_file,information_object,1,The lsf.sudoers file is a configuration file used in IBM LSF to grant LSF administrators the ability to start and stop LSF daemons.,[],"{
  ""term"": ""lsf.sudoers file"",
  ""canonical"": ""lsf.sudoers"",
  ""is_hpc_domain"": true,
  ""scheduler"": ""lsf"",
  ""category"": ""config_file"",
  ""ontology_role"": ""individual"",
  ""dul_bucket"": ""information_object"",
  ""definition"": ""The lsf.sudoers file is a configuration file used in IBM LSF to grant LSF administrators the ability to start and stop LSF daemons."",
  ""aliases"": []
}",2
1245,setuid bit,setuid bit,lsf,datatype_property,config_param,description,1,"The setuid bit is a Unix permission that allows a program to run with the privileges of the owner of the file, even if it is run by an unprivileged user. In the context of LSF, it is used to allow LSF administrators to start and stop LSF daemons with root privileges.",[],"{
  ""term"": ""setuid bit"",
  ""canonical"": ""setuid bit"",
  ""is_hpc_domain"": true,
  ""scheduler"": ""lsf"",
  ""category"": ""config_param"",
  ""ontology_role"": ""datatype_property"",
  ""dul_bucket"": ""description"",
  ""definition"": ""The setuid bit is a Unix permission that allows a program to run with the privileges of the owner of the file, even if it is run by an unprivileged user. In the context of LSF, it is used to allow LSF administrators to start and stop LSF daemons with root privileges."",
  ""aliases"": []
}",2
1265,egosh,egosh,lsf,individual,command,information_object,1,egosh is an LSF command used to set the set-user-ID mode bit for specific LSF executable files.,[],"{
  ""term"": ""egosh"",
  ""canonical"": ""egosh"",
  ""is_hpc_domain"": true,
  ""scheduler"": ""lsf"",
  ""category"": ""command"",
  ""ontology_role"": ""individual"",
  ""dul_bucket"": ""information_object"",
  ""definition"": ""egosh is an LSF command used to set the set-user-ID mode bit for specific LSF executable files."",
  ""aliases"": []
}",3
1277,software licenses,software licenses,lsf,datatype_property,config_param,description,1,"Software licenses are dynamic shared resources managed by LSF, including nodelocked and networked floating licenses.",[],"{
  ""term"": ""software licenses"",
  ""canonical"": ""software licenses"",
  ""is_hpc_domain"": true,
  ""scheduler"": ""lsf"",
  ""category"": ""config_param"",
  ""ontology_role"": ""datatype_property"",
  ""dul_bucket"": ""description"",
  ""definition"": ""Software licenses are dynamic shared resources managed by LSF, including nodelocked and networked floating licenses."",
  ""aliases"": []
}",2
1278,dynamic shared resources,dynamicsharedresources,lsf,class,resource,object,1,"Dynamic shared resources are resources managed as dynamic load indexes available for a group of hosts in an LSF cluster, such as networked floating software licenses and shared file systems.",[],"{
  ""term"": ""dynamic shared resources"",
  ""canonical"": ""DynamicSharedResources"",
  ""is_hpc_domain"": true,
  ""scheduler"": ""lsf"",
  ""category"": ""resource"",
  ""ontology_role"": ""class"",
  ""dul_bucket"": ""object"",
  ""definition"": ""Dynamic shared resources are resources managed as dynamic load indexes available for a group of hosts in an LSF cluster, such as networked floating software licenses and shared file systems."",
  ""aliases"": []
}",2
1295,Resource,resource,lsf,class,resource,object,1,"In LSF, a Resource is a shared entity, such as software licenses, managed by the scheduler for host selection and job execution. Resources are dynamic and optimally used to manage costly and critical resources.",[],"{
  ""term"": ""Resource"",
  ""canonical"": ""Resource"",
  ""is_hpc_domain"": true,
  ""scheduler"": ""lsf"",
  ""category"": ""resource"",
  ""ontology_role"": ""class"",
  ""dul_bucket"": ""object"",
  ""definition"": ""In LSF, a Resource is a shared entity, such as software licenses, managed by the scheduler for host selection and job execution. Resources are dynamic and optimally used to manage costly and critical resources."",
  ""aliases"": []
}",3
1297,ELIM,elim,lsf,individual,config_file,information_object,1,"ELIM is a program used by LSF to update load indexes of dynamic shared resources, such as software licenses.",[],"{
  ""term"": ""ELIM"",
  ""canonical"": ""ELIM"",
  ""is_hpc_domain"": true,
  ""scheduler"": ""lsf"",
  ""category"": ""config_file"",
  ""ontology_role"": ""individual"",
  ""dul_bucket"": ""information_object"",
  ""definition"": ""ELIM is a program used by LSF to update load indexes of dynamic shared resources, such as software licenses."",
  ""aliases"": []
}",6
1301,LSF_SERVERDIR,lsf_serverdir,lsf,individual,config_file,information_object,1,LSF_SERVERDIR is the directory where the External Load Information Manager (ELIM) is located for IBM LSF.,[],"{
  ""term"": ""LSF_SERVERDIR"",
  ""canonical"": ""LSF_SERVERDIR"",
  ""is_hpc_domain"": true,
  ""scheduler"": ""lsf"",
  ""category"": ""config_file"",
  ""ontology_role"": ""individual"",
  ""dul_bucket"": ""information_object"",
  ""definition"": ""LSF_SERVERDIR is the directory where the External Load Information Manager (ELIM) is located for IBM LSF."",
  ""aliases"": []
}",3
1302,misc/examples,misc/examples,lsf,unknown,other_hpc,description,1,misc/examples is a directory containing examples of External Load Information Manager (ELIM) scripts for IBM LSF.,[],"{
  ""term"": ""misc/examples"",
  ""canonical"": ""misc/examples"",
  ""is_hpc_domain"": true,
  ""scheduler"": ""lsf"",
  ""category"": ""other_hpc"",
  ""ontology_role"": ""object"",
  ""dul_bucket"": ""description"",
  ""definition"": ""misc/examples is a directory containing examples of External Load Information Manager (ELIM) scripts for IBM LSF."",
  ""aliases"": []
}",2
1308,license1,license1,lsf,individual,config_param,information_object,1,license1 is a dynamic shared resource for software licenses defined in the lsf.shared file for LSF scheduler.,[],"{
  ""term"": ""license1"",
  ""canonical"": ""license1"",
  ""is_hpc_domain"": true,
  ""scheduler"": ""lsf"",
  ""category"": ""config_param"",
  ""ontology_role"": ""individual"",
  ""dul_bucket"": ""information_object"",
  ""definition"": ""license1 is a dynamic shared resource for software licenses defined in the lsf.shared file for LSF scheduler."",
  ""aliases"": []
}",2
1309,license2,license2,lsf,individual,config_param,description,1,license2 is a dynamic shared resource for software licenses defined in the lsf.shared file for LSF scheduler.,[],"{
  ""term"": ""license2"",
  ""canonical"": ""license2"",
  ""is_hpc_domain"": true,
  ""scheduler"": ""lsf"",
  ""category"": ""config_param"",
  ""ontology_role"": ""individual"",
  ""dul_bucket"": ""description"",
  ""definition"": ""license2 is a dynamic shared resource for software licenses defined in the lsf.shared file for LSF scheduler."",
  ""aliases"": []
}",2
1311,RESOURCENAME,resourcename,lsf,class,resource,object,1,"RESOURCENAME is a named resource in LSF used for dynamic shared resources, such as software licenses.",[],"{
  ""term"": ""RESOURCENAME"",
  ""canonical"": ""RESOURCENAME"",
  ""is_hpc_domain"": true,
  ""scheduler"": ""lsf"",
  ""category"": ""resource"",
  ""ontology_role"": ""class"",
  ""dul_bucket"": ""object"",
  ""definition"": ""RESOURCENAME is a named resource in LSF used for dynamic shared resources, such as software licenses."",
  ""aliases"": []
}",2
1323,LOCATION,location,lsf,datatype_property,config_param,description,1,LOCATION is a configuration parameter in LSF that specifies the location of resources or files.,[],"{
  ""term"": ""LOCATION"",
  ""canonical"": ""LOCATION"",
  ""is_hpc_domain"": true,
  ""scheduler"": ""lsf"",
  ""category"": ""config_param"",
  ""ontology_role"": ""datatype_property"",
  ""dul_bucket"": ""description"",
  ""definition"": ""LOCATION is a configuration parameter in LSF that specifies the location of resources or files."",
  ""aliases"": []
}",2
1339,NUMLIC,num_lic,lsf,datatype_property,config_param,description,1,NUMLIC is a configuration parameter in LSF that defines the number of dynamic shared resources.,[],"{
  ""term"": ""NUMLIC"",
  ""canonical"": ""NUM_LIC"",
  ""is_hpc_domain"": true,
  ""scheduler"": ""lsf"",
  ""category"": ""config_param"",
  ""ontology_role"": ""datatype_property"",
  ""dul_bucket"": ""description"",
  ""definition"": ""NUMLIC is a configuration parameter in LSF that defines the number of dynamic shared resources."",
  ""aliases"": []
}",2
1340,FLEXlm,flexlm,lsf,class,other_hpc,description,1,FLEXlm is a software license manager used by IBM LSF to control access to dynamic shared resources.,[],"{
  ""term"": ""FLEXlm"",
  ""canonical"": ""FLEXlm"",
  ""is_hpc_domain"": true,
  ""scheduler"": ""lsf"",
  ""category"": ""other_hpc"",
  ""ontology_role"": ""class"",
  ""dul_bucket"": ""description"",
  ""definition"": ""FLEXlm is a software license manager used by IBM LSF to control access to dynamic shared resources."",
  ""aliases"": []
}",2
1342,sed,sed,lsf,individual,command,information_object,1,"sed is a command used in LSF to manipulate text in a script, as shown in the example ELIM program.",[],"{
  ""term"": ""sed"",
  ""canonical"": ""sed"",
  ""is_hpc_domain"": true,
  ""scheduler"": ""lsf"",
  ""category"": ""command"",
  ""ontology_role"": ""individual"",
  ""dul_bucket"": ""information_object"",
  ""definition"": ""sed is a command used in LSF to manipulate text in a script, as shown in the example ELIM program."",
  ""aliases"": []
}",2
1401,LSF_MASTER_LIST,lsf_master_list,lsf,datatype_property,config_param,description,1,LSF_MASTER_LIST is a configuration parameter that defines the list of hosts where the LSF master daemons are running.,[],"{
  ""term"": ""LSF_MASTER_LIST"",
  ""canonical"": ""LSF_MASTER_LIST"",
  ""is_hpc_domain"": true,
  ""scheduler"": ""lsf"",
  ""category"": ""config_param"",
  ""ontology_role"": ""datatype_property"",
  ""dul_bucket"": ""description"",
  ""definition"": ""LSF_MASTER_LIST is a configuration parameter that defines the list of hosts where the LSF master daemons are running."",
  ""aliases"": []
}",3
1412,symbolic link,symbolic link,lsf,object_property,config_file,description,1,"A symbolic link is a file that points to another file or directory, used to establish a reference to the original file or directory in LSF configuration.",[],"{
  ""term"": ""symbolic link"",
  ""canonical"": ""symbolic link"",
  ""is_hpc_domain"": true,
  ""scheduler"": ""lsf"",
  ""category"": ""config_file"",
  ""ontology_role"": ""object_property"",
  ""dul_bucket"": ""description"",
  ""definition"": ""A symbolic link is a file that points to another file or directory, used to establish a reference to the original file or directory in LSF configuration."",
  ""aliases"": []
}",2
1415,LIM dies quietly,lim dies quietly,lsf,individual,log_or_state_path,event,1,LIM dies quietly refers to a situation where the LSF LIM daemon exits unexpectedly. It is a potential issue that requires checking for errors in the LIM configuration files.,[],"{
  ""term"": ""LIM dies quietly"",
  ""canonical"": ""LIM dies quietly"",
  ""is_hpc_domain"": true,
  ""scheduler"": ""lsf"",
  ""category"": ""log_or_state_path"",
  ""ontology_role"": ""individual"",
  ""dul_bucket"": ""event"",
  ""definition"": ""LIM dies quietly refers to a situation where the LSF LIM daemon exits unexpectedly. It is a potential issue that requires checking for errors in the LIM configuration files."",
  ""aliases"": []
}",2
1430,management host LIM,managementhostlim,lsf,individual,other_hpc,event,1,The management host LIM is a specific instance of LIM that manages the LSF cluster. It is responsible for scheduling and managing jobs.,[],"{
  ""term"": ""management host LIM"",
  ""canonical"": ""ManagementHostLIM"",
  ""is_hpc_domain"": true,
  ""scheduler"": ""lsf"",
  ""category"": ""other_hpc"",
  ""ontology_role"": ""individual"",
  ""dul_bucket"": ""event"",
  ""definition"": ""The management host LIM is a specific instance of LIM that manages the LSF cluster. It is responsible for scheduling and managing jobs."",
  ""aliases"": []
}",3
1431,/etc/hosts,/etc/hosts,lsf,individual,config_file,information_object,1,"/etc/hosts is a system configuration file that maps hostnames to IP addresses on Linux systems. In the context of LSF, it can cause issues if the management host LIM is configured with the host name that is assigned to the loopback IP address.",[],"{
  ""term"": ""/etc/hosts"",
  ""canonical"": ""/etc/hosts"",
  ""is_hpc_domain"": true,
  ""scheduler"": ""lsf"",
  ""category"": ""config_file"",
  ""ontology_role"": ""individual"",
  ""dul_bucket"": ""information_object"",
  ""definition"": ""/etc/hosts is a system configuration file that maps hostnames to IP addresses on Linux systems. In the context of LSF, it can cause issues if the management host LIM is configured with the host name that is assigned to the loopback IP address."",
  ""aliases"": []
}",3
1444,User permission denied,user permission denied,lsf,individual,user_role,event,1,User permission denied is an error message that occurs when a remote host cannot securely determine the user ID of the user requesting remote execution.,[],"{
  ""term"": ""User permission denied"",
  ""canonical"": ""User permission denied"",
  ""is_hpc_domain"": true,
  ""scheduler"": ""lsf"",
  ""category"": ""user_role"",
  ""ontology_role"": ""individual"",
  ""dul_bucket"": ""event"",
  ""definition"": ""User permission denied is an error message that occurs when a remote host cannot securely determine the user ID of the user requesting remote execution."",
  ""aliases"": []
}",2
1446,LSF_AUTH,lsf_auth,lsf,datatype_property,config_param,description,1,LSF_AUTH is a configuration parameter in IBM LSF that controls user identification for remote execution.,[],"{
  ""term"": ""LSF_AUTH"",
  ""canonical"": ""LSF_AUTH"",
  ""is_hpc_domain"": true,
  ""scheduler"": ""lsf"",
  ""category"": ""config_param"",
  ""ontology_role"": ""datatype_property"",
  ""dul_bucket"": ""description"",
  ""definition"": ""LSF_AUTH is a configuration parameter in IBM LSF that controls user identification for remote execution."",
  ""aliases"": []
}",2
1455,LSF_USE_HOSTEQUIV,lsf_use_hostequiv,lsf,datatype_property,config_param,description,1,"LSF_USE_HOSTEQUIV is a configuration parameter in LSF that helps resolve inconsistencies in host names between a name server, /etc/hosts, and /etc/hosts.equiv. It is used to check the client host name in the /etc/hosts.equiv file or the HOME/.rhosts file on the destination host.",[],"{
  ""term"": ""LSF_USE_HOSTEQUIV"",
  ""canonical"": ""LSF_USE_HOSTEQUIV"",
  ""is_hpc_domain"": true,
  ""scheduler"": ""lsf"",
  ""category"": ""config_param"",
  ""ontology_role"": ""datatype_property"",
  ""dul_bucket"": ""description"",
  ""definition"": ""LSF_USE_HOSTEQUIV is a configuration parameter in LSF that helps resolve inconsistencies in host names between a name server, /etc/hosts, and /etc/hosts.equiv. It is used to check the client host name in the /etc/hosts.equiv file or the HOME/.rhosts file on the destination host."",
  ""aliases"": []
}",2
1467,NIS,nis (network information service),lsf,datatype_property,config_param,description,1,"NIS is a service used for managing automount maps, which helps resolve inconsistencies in file name spaces when running commands remotely in LSF.",[],"{
  ""term"": ""NIS"",
  ""canonical"": ""NIS (Network Information Service)"",
  ""is_hpc_domain"": true,
  ""scheduler"": ""lsf"",
  ""category"": ""config_param"",
  ""ontology_role"": ""datatype_property"",
  ""dul_bucket"": ""description"",
  ""definition"": ""NIS is a service used for managing automount maps, which helps resolve inconsistencies in file name spaces when running commands remotely in LSF."",
  ""aliases"": []
}",2
1486,Management host LIM is down,management host lim down,lsf,individual,log_or_state_path,event,1,"Management host LIM being down indicates an issue with the LSF management host, which may cause problems with the sbatchd and mbatchd daemons.",[],"{
  ""term"": ""Management host LIM is down"",
  ""canonical"": ""Management host LIM down"",
  ""is_hpc_domain"": true,
  ""scheduler"": ""lsf"",
  ""category"": ""log_or_state_path"",
  ""ontology_role"": ""individual"",
  ""dul_bucket"": ""event"",
  ""definition"": ""Management host LIM being down indicates an issue with the LSF management host, which may cause problems with the sbatchd and mbatchd daemons."",
  ""aliases"": []
}",2
1531,cpuf,cpuf,lsf,datatype_property,resource,description,1,cpuf is a property representing the CPU type or model in an LSF cluster.,[],"{
  ""term"": ""cpuf"",
  ""canonical"": ""cpuf"",
  ""is_hpc_domain"": true,
  ""scheduler"": ""lsf"",
  ""category"": ""resource"",
  ""ontology_role"": ""datatype_property"",
  ""dul_bucket"": ""description"",
  ""definition"": ""cpuf is a property representing the CPU type or model in an LSF cluster."",
  ""aliases"": []
}",3
1532,ncpus,ncpus,lsf,datatype_property,resource,description,1,ncpus refers to the number of CPU cores available on a host in the LSF cluster.,[],"{
  ""term"": ""ncpus"",
  ""canonical"": ""ncpus"",
  ""is_hpc_domain"": true,
  ""scheduler"": ""lsf"",
  ""category"": ""resource"",
  ""ontology_role"": ""datatype_property"",
  ""dul_bucket"": ""description"",
  ""definition"": ""ncpus refers to the number of CPU cores available on a host in the LSF cluster."",
  ""aliases"": []
}",3
1533,maxmem,maxmem,lsf,datatype_property,config_param,description,1,maxmem is a configuration parameter in LSF that specifies the maximum memory available for a host.,[],"{
  ""term"": ""maxmem"",
  ""canonical"": ""maxmem"",
  ""is_hpc_domain"": true,
  ""scheduler"": ""lsf"",
  ""category"": ""config_param"",
  ""ontology_role"": ""datatype_property"",
  ""dul_bucket"": ""description"",
  ""definition"": ""maxmem is a configuration parameter in LSF that specifies the maximum memory available for a host."",
  ""aliases"": []
}",3
1534,maxswp,maxswp,lsf,datatype_property,config_param,description,1,maxswp is a configuration parameter for LSF that defines the maximum amount of swap space available on a host.,[],"{
  ""term"": ""maxswp"",
  ""canonical"": ""maxswp"",
  ""is_hpc_domain"": true,
  ""scheduler"": ""lsf"",
  ""category"": ""config_param"",
  ""ontology_role"": ""datatype_property"",
  ""dul_bucket"": ""description"",
  ""definition"": ""maxswp is a configuration parameter for LSF that defines the maximum amount of swap space available on a host."",
  ""aliases"": []
}",3
1544,RESOURCES,resources,lsf,class,resource,object,1,"RESOURCES refers to the hardware and software capabilities of a compute node in an LSF cluster, such as CPU, memory, and model.",[],"{
  ""term"": ""RESOURCES"",
  ""canonical"": ""Resources"",
  ""is_hpc_domain"": true,
  ""scheduler"": ""lsf"",
  ""category"": ""resource"",
  ""ontology_role"": ""class"",
  ""dul_bucket"": ""object"",
  ""definition"": ""RESOURCES refers to the hardware and software capabilities of a compute node in an LSF cluster, such as CPU, memory, and model."",
  ""aliases"": []
}",2
1560,binary incompatibility,binary_incompatibility,lsf,unknown,other_hpc,event,1,"Binary incompatibility refers to a situation where a job from a DEFAULT host type can be migrated to another DEFAULT host type in an LSF cluster, potentially causing issues due to differences in binary executables.",[],"{
  ""term"": ""binary incompatibility"",
  ""canonical"": ""binary_incompatibility"",
  ""is_hpc_domain"": true,
  ""scheduler"": ""lsf"",
  ""category"": ""other_hpc"",
  ""ontology_role"": ""description"",
  ""dul_bucket"": ""event"",
  ""definition"": ""Binary incompatibility refers to a situation where a job from a DEFAULT host type can be migrated to another DEFAULT host type in an LSF cluster, potentially causing issues due to differences in binary executables."",
  ""aliases"": []
}",2
1578,Host Type,hosttype,lsf,datatype_property,resource,description,1,Host Type is a configuration parameter in LSF that defines the default host model or type. It can cause inefficiency or binary incompatibility if not properly set.,[],"{
  ""term"": ""Host Type"",
  ""canonical"": ""HostType"",
  ""is_hpc_domain"": true,
  ""scheduler"": ""lsf"",
  ""category"": ""resource"",
  ""ontology_role"": ""datatype_property"",
  ""dul_bucket"": ""description"",
  ""definition"": ""Host Type is a configuration parameter in LSF that defines the default host model or type. It can cause inefficiency or binary incompatibility if not properly set."",
  ""aliases"": []
}",2
1579,Host Architecture,host architecture,lsf,datatype_property,resource,description,1,"Host Architecture refers to the default host type or model in IBM LSF, which can affect job performance and compatibility.",[],"{
  ""term"": ""Host Architecture"",
  ""canonical"": ""Host Architecture"",
  ""is_hpc_domain"": true,
  ""scheduler"": ""lsf"",
  ""category"": ""resource"",
  ""ontology_role"": ""datatype_property"",
  ""dul_bucket"": ""description"",
  ""definition"": ""Host Architecture refers to the default host type or model in IBM LSF, which can affect job performance and compatibility."",
  ""aliases"": []
}",2
1580,Total NUMA Nodes,total numa nodes,lsf,individual,resource,information_object,1,Total NUMA Nodes refers to the number of NUMA (Non-Uniform Memory Access) nodes on an LSF compute node.,[],"{
  ""term"": ""Total NUMA Nodes"",
  ""canonical"": ""Total NUMA Nodes"",
  ""is_hpc_domain"": true,
  ""scheduler"": ""lsf"",
  ""category"": ""resource"",
  ""ontology_role"": ""individual"",
  ""dul_bucket"": ""information_object"",
  ""definition"": ""Total NUMA Nodes refers to the number of NUMA (Non-Uniform Memory Access) nodes on an LSF compute node."",
  ""aliases"": []
}",2
1581,Total Processors,total processors,lsf,individual,resource,information_object,1,Total Processors refers to the total number of processors available on a host in LSF.,[],"{
  ""term"": ""Total Processors"",
  ""canonical"": ""Total Processors"",
  ""is_hpc_domain"": true,
  ""scheduler"": ""lsf"",
  ""category"": ""resource"",
  ""ontology_role"": ""individual"",
  ""dul_bucket"": ""information_object"",
  ""definition"": ""Total Processors refers to the total number of processors available on a host in LSF."",
  ""aliases"": []
}",2
1582,Total Cores,total cores,lsf,datatype_property,resource,information_object,1,Total Cores is a resource property indicating the total number of cores available on an LSF compute node.,[],"{
  ""term"": ""Total Cores"",
  ""canonical"": ""Total Cores"",
  ""is_hpc_domain"": true,
  ""scheduler"": ""lsf"",
  ""category"": ""resource"",
  ""ontology_role"": ""datatype_property"",
  ""dul_bucket"": ""information_object"",
  ""definition"": ""Total Cores is a resource property indicating the total number of cores available on an LSF compute node."",
  ""aliases"": []
}",2
1583,Total Threads,totalthreads,lsf,datatype_property,resource,description,1,Total Threads is a resource property that represents the total number of threads available on an LSF compute node.,[],"{
  ""term"": ""Total Threads"",
  ""canonical"": ""TotalThreads"",
  ""is_hpc_domain"": true,
  ""scheduler"": ""lsf"",
  ""category"": ""resource"",
  ""ontology_role"": ""datatype_property"",
  ""dul_bucket"": ""description"",
  ""definition"": ""Total Threads is a resource property that represents the total number of threads available on an LSF compute node."",
  ""aliases"": []
}",2
1584,Matched Type,matched type,lsf,individual,resource,object,1,"Matched Type is the identified host type or model in LSF, which determines the CPU architecture and other resource characteristics.",[],"{
  ""term"": ""Matched Type"",
  ""canonical"": ""Matched Type"",
  ""is_hpc_domain"": true,
  ""scheduler"": ""lsf"",
  ""category"": ""resource"",
  ""ontology_role"": ""individual"",
  ""dul_bucket"": ""object"",
  ""definition"": ""Matched Type is the identified host type or model in LSF, which determines the CPU architecture and other resource characteristics."",
  ""aliases"": []
}",2
1585,Matched Architecture,matched architecture,lsf,individual,resource,object,1,Matched Architecture is the identified host architecture for an LSF compute node.,[],"{
  ""term"": ""Matched Architecture"",
  ""canonical"": ""Matched Architecture"",
  ""is_hpc_domain"": true,
  ""scheduler"": ""lsf"",
  ""category"": ""resource"",
  ""ontology_role"": ""individual"",
  ""dul_bucket"": ""object"",
  ""definition"": ""Matched Architecture is the identified host architecture for an LSF compute node."",
  ""aliases"": []
}",2
1586,Matched Model,matched model,lsf,individual,resource,object,1,"Matched Model is the identified hardware model of a compute node in IBM LSF, determined through automatic detection or configuration.",[],"{
  ""term"": ""Matched Model"",
  ""canonical"": ""Matched Model"",
  ""is_hpc_domain"": true,
  ""scheduler"": ""lsf"",
  ""category"": ""resource"",
  ""ontology_role"": ""individual"",
  ""dul_bucket"": ""object"",
  ""definition"": ""Matched Model is the identified hardware model of a compute node in IBM LSF, determined through automatic detection or configuration."",
  ""aliases"": []
}",2
1587,CPU Factor,cpu factor,lsf,datatype_property,config_param,description,1,CPU Factor is a configuration parameter in IBM LSF that defines the efficiency of CPU usage for a host model.,[],"{
  ""term"": ""CPU Factor"",
  ""canonical"": ""CPU Factor"",
  ""is_hpc_domain"": true,
  ""scheduler"": ""lsf"",
  ""category"": ""config_param"",
  ""ontology_role"": ""datatype_property"",
  ""dul_bucket"": ""description"",
  ""definition"": ""CPU Factor is a configuration parameter in IBM LSF that defines the efficiency of CPU usage for a host model."",
  ""aliases"": []
}",2
1603,HostType,hosttype,lsf,datatype_property,config_param,description,1,HostType is a configuration parameter in IBM LSF that defines the type of a host.,[],"{
  ""term"": ""HostType"",
  ""canonical"": ""HostType"",
  ""is_hpc_domain"": true,
  ""scheduler"": ""lsf"",
  ""category"": ""config_param"",
  ""ontology_role"": ""datatype_property"",
  ""dul_bucket"": ""description"",
  ""definition"": ""HostType is a configuration parameter in IBM LSF that defines the type of a host."",
  ""aliases"": []
}",3
1606,HostModel,hostmodel,lsf,datatype_property,config_param,description,1,HostModel is a configuration parameter in IBM LSF that defines the host architecture and CPU factor.,[],"{
  ""term"": ""HostModel"",
  ""canonical"": ""HostModel"",
  ""is_hpc_domain"": true,
  ""scheduler"": ""lsf"",
  ""category"": ""config_param"",
  ""ontology_role"": ""datatype_property"",
  ""dul_bucket"": ""description"",
  ""definition"": ""HostModel is a configuration parameter in IBM LSF that defines the host architecture and CPU factor."",
  ""aliases"": []
}",3
1626,error,error,lsf,individual,log_or_state_path,event,1,"Error refers to a problem or failure in the execution of HPC commands or daemons, as indicated by LSF error messages.",[],"{
  ""term"": ""error"",
  ""canonical"": ""Error"",
  ""is_hpc_domain"": true,
  ""scheduler"": ""lsf"",
  ""category"": ""log_or_state_path"",
  ""ontology_role"": ""individual"",
  ""dul_bucket"": ""event"",
  ""definition"": ""Error refers to a problem or failure in the execution of HPC commands or daemons, as indicated by LSF error messages."",
  ""aliases"": []
}",2
1638,auth_user,auth_user,lsf,individual,user_role,description,1,auth_user refers to a user role in LSF that requires authentication for certain commands.,[],"{
  ""term"": ""auth_user"",
  ""canonical"": ""auth_user"",
  ""is_hpc_domain"": true,
  ""scheduler"": ""lsf"",
  ""category"": ""user_role"",
  ""ontology_role"": ""individual"",
  ""dul_bucket"": ""description"",
  ""definition"": ""auth_user refers to a user role in LSF that requires authentication for certain commands."",
  ""aliases"": []
}",2
1658,LSF Guide,lsf guide,lsf,individual,other_hpc,description,1,"The LSF Guide is a documentation resource for IBM LSF users, providing information on troubleshooting and configuration.",[],"{
  ""term"": ""LSF Guide"",
  ""canonical"": ""LSF Guide"",
  ""is_hpc_domain"": true,
  ""scheduler"": ""lsf"",
  ""category"": ""other_hpc"",
  ""ontology_role"": ""individual"",
  ""dul_bucket"": ""description"",
  ""definition"": ""The LSF Guide is a documentation resource for IBM LSF users, providing information on troubleshooting and configuration."",
  ""aliases"": []
}",2
1663,daemon,daemon,lsf,class,other_hpc,event,1,"In LSF, a daemon is a background process that manages various system tasks, such as job scheduling and resource management.",[],"{
  ""term"": ""daemon"",
  ""canonical"": ""daemon"",
  ""is_hpc_domain"": true,
  ""scheduler"": ""lsf"",
  ""category"": ""other_hpc"",
  ""ontology_role"": ""class"",
  ""dul_bucket"": ""event"",
  ""definition"": ""In LSF, a daemon is a background process that manages various system tasks, such as job scheduling and resource management."",
  ""aliases"": []
}",2
1664,RES,res,lsf,individual,other_hpc,event,1,RES is an LSF daemon that may be responsible for specific LSF services. Error messages indicate that it is already running or there are configuration issues.,[],"{
  ""term"": ""RES"",
  ""canonical"": ""RES"",
  ""is_hpc_domain"": true,
  ""scheduler"": ""lsf"",
  ""category"": ""other_hpc"",
  ""ontology_role"": ""individual"",
  ""dul_bucket"": ""event"",
  ""definition"": ""RES is an LSF daemon that may be responsible for specific LSF services. Error messages indicate that it is already running or there are configuration issues."",
  ""aliases"": []
}",2
1690,illegal character,illegal character,lsf,drop,non_domain,unknown,0,Not a domain term; refers to an error message about an illegal character in an LSF configuration file.,[],"{
  ""term"": ""illegal character"",
  ""canonical"": ""illegal character"",
  ""is_hpc_domain"": true,
  ""scheduler"": ""lsf"",
  ""category"": ""non_domain"",
  ""ontology_role"": ""drop"",
  ""dul_bucket"": ""unknown"",
  ""definition"": ""Not a domain term; refers to an error message about an illegal character in an LSF configuration file."",
  ""aliases"": []
}",2
1698,request,request,lsf,individual,log_or_state_path,event,1,"In the context of IBM LSF, a request refers to a message sent by a client host to the LSF daemon, which may indicate a job submission, configuration update, or other action.",[],"{
  ""term"": ""request"",
  ""canonical"": ""Request"",
  ""is_hpc_domain"": true,
  ""scheduler"": ""lsf"",
  ""category"": ""log_or_state_path"",
  ""ontology_role"": ""individual"",
  ""dul_bucket"": ""event"",
  ""definition"": ""In the context of IBM LSF, a request refers to a message sent by a client host to the LSF daemon, which may indicate a job submission, configuration update, or other action."",
  ""aliases"": []
}",2
1711,saveIndx,saveindx,lsf,datatype_property,config_param,description,1,saveIndx is a configuration parameter in LSF for defining external load index names.,[],"{
  ""term"": ""saveIndx"",
  ""canonical"": ""saveIndx"",
  ""is_hpc_domain"": true,
  ""scheduler"": ""lsf"",
  ""category"": ""config_param"",
  ""ontology_role"": ""datatype_property"",
  ""dul_bucket"": ""description"",
  ""definition"": ""saveIndx is a configuration parameter in LSF for defining external load index names."",
  ""aliases"": []
}",2
1734,jobId,jobid,lsf,datatype_property,job_state,information_object,1,jobId is a unique identifier for a job in the IBM LSF scheduler.,[],"{
  ""term"": ""jobId"",
  ""canonical"": ""jobId"",
  ""is_hpc_domain"": true,
  ""scheduler"": ""lsf"",
  ""category"": ""job_state"",
  ""ontology_role"": ""datatype_property"",
  ""dul_bucket"": ""information_object"",
  ""definition"": ""jobId is a unique identifier for a job in the IBM LSF scheduler."",
  ""aliases"": []
}",2
1735,renewJob,renewjob,lsf,individual,command,event,1,The renewJob command is used in IBM LSF to reconfigure the LIM and resubmit a re-runnable job.,[],"{
  ""term"": ""renewJob"",
  ""canonical"": ""renewJob"",
  ""is_hpc_domain"": true,
  ""scheduler"": ""lsf"",
  ""category"": ""command"",
  ""ontology_role"": ""individual"",
  ""dul_bucket"": ""event"",
  ""definition"": ""The renewJob command is used in IBM LSF to reconfigure the LIM and resubmit a re-runnable job."",
  ""aliases"": []
}",2
1759,LSF_LIM_API_NTRIES,lsf_lim_api_ntries,lsf,datatype_property,config_param,description,1,LSF_LIM_API_NTRIES is a configuration parameter that defines the number of times LSF commands retry to communicate with the LIM API while it is not available.,[],"{
  ""term"": ""LSF_LIM_API_NTRIES"",
  ""canonical"": ""LSF_LIM_API_NTRIES"",
  ""is_hpc_domain"": true,
  ""scheduler"": ""lsf"",
  ""category"": ""config_param"",
  ""ontology_role"": ""datatype_property"",
  ""dul_bucket"": ""description"",
  ""definition"": ""LSF_LIM_API_NTRIES is a configuration parameter that defines the number of times LSF commands retry to communicate with the LIM API while it is not available."",
  ""aliases"": []
}",2
1763,EGO,ego,lsf,class,other_hpc,description,1,EGO is a daemon in LSF (Load Sharing Facility) that is related to job management.,[],"{
  ""term"": ""EGO"",
  ""canonical"": ""EGO"",
  ""is_hpc_domain"": true,
  ""scheduler"": ""lsf"",
  ""category"": ""other_hpc"",
  ""ontology_role"": ""class"",
  ""dul_bucket"": ""description"",
  ""definition"": ""EGO is a daemon in LSF (Load Sharing Facility) that is related to job management."",
  ""aliases"": []
}",3
1785,socket,socket,lsf,drop,non_domain,unknown,0,"In this context, socket refers to a communication endpoint between the client and the LSF mbatchd daemon.",[],"{
  ""term"": ""socket"",
  ""canonical"": ""socket"",
  ""is_hpc_domain"": true,
  ""scheduler"": ""lsf"",
  ""category"": ""non_domain"",
  ""ontology_role"": ""drop"",
  ""dul_bucket"": ""unknown"",
  ""definition"": ""In this context, socket refers to a communication endpoint between the client and the LSF mbatchd daemon."",
  ""aliases"": []
}",6
1797,LSF_ENABLE_EGO,lsf_enable_ego,lsf,datatype_property,config_param,description,1,LSF_ENABLE_EGO is a configuration parameter in LSF that determines whether the EGO (Environment Management System) is enabled or not.,[],"{
  ""term"": ""LSF_ENABLE_EGO"",
  ""canonical"": ""LSF_ENABLE_EGO"",
  ""is_hpc_domain"": true,
  ""scheduler"": ""lsf"",
  ""category"": ""config_param"",
  ""ontology_role"": ""datatype_property"",
  ""dul_bucket"": ""description"",
  ""definition"": ""LSF_ENABLE_EGO is a configuration parameter in LSF that determines whether the EGO (Environment Management System) is enabled or not."",
  ""aliases"": []
}",2
1800,vemkd daemon,vemkd,lsf,individual,other_hpc,event,1,The vemkd daemon is a component of IBM LSF responsible for managing job submission and execution.,[],"{
  ""term"": ""vemkd daemon"",
  ""canonical"": ""vemkd"",
  ""is_hpc_domain"": true,
  ""scheduler"": ""lsf"",
  ""category"": ""other_hpc"",
  ""ontology_role"": ""individual"",
  ""dul_bucket"": ""event"",
  ""definition"": ""The vemkd daemon is a component of IBM LSF responsible for managing job submission and execution."",
  ""aliases"": []
}",2
1819,configdir,configdir,lsf,individual,config_file,information_object,1,configdir is a directory containing LSF batch configuration files.,[],"{
  ""term"": ""configdir"",
  ""canonical"": ""configdir"",
  ""is_hpc_domain"": true,
  ""scheduler"": ""lsf"",
  ""category"": ""config_file"",
  ""ontology_role"": ""individual"",
  ""dul_bucket"": ""information_object"",
  ""definition"": ""configdir is a directory containing LSF batch configuration files."",
  ""aliases"": []
}",2
1846,jobs,jobs,lsf,class,other_hpc,event,1,Jobs represent units of work submitted to IBM Spectrum LSF for execution on allocated compute resources.,[],"{
  ""term"": ""jobs"",
  ""canonical"": ""Jobs"",
  ""is_hpc_domain"": true,
  ""scheduler"": ""lsf"",
  ""category"": ""other_hpc"",
  ""ontology_role"": ""class"",
  ""dul_bucket"": ""event"",
  ""definition"": ""Jobs represent units of work submitted to IBM Spectrum LSF for execution on allocated compute resources."",
  ""aliases"": []
}",2
1862,select plugin,select plugin,slurm,object_property,command,description,1,"The select plugin is a Slurm command used in the node selection process, which determines the set of nodes from which CPU resources are allocated to a job or job step.",[],"{
  ""term"": ""select plugin"",
  ""canonical"": ""select plugin"",
  ""is_hpc_domain"": true,
  ""scheduler"": ""slurm"",
  ""category"": ""command"",
  ""ontology_role"": ""object_property"",
  ""dul_bucket"": ""description"",
  ""definition"": ""The select plugin is a Slurm command used in the node selection process, which determines the set of nodes from which CPU resources are allocated to a job or job step."",
  ""aliases"": []
}",2
1863,SelectType,selecttype,slurm,datatype_property,config_param,description,1,SelectType is a Slurm configuration parameter that determines how CPU resources are allocated from selected nodes for a job or job step.,[],"{
  ""term"": ""SelectType"",
  ""canonical"": ""SelectType"",
  ""is_hpc_domain"": true,
  ""scheduler"": ""slurm"",
  ""category"": ""config_param"",
  ""ontology_role"": ""datatype_property"",
  ""dul_bucket"": ""description"",
  ""definition"": ""SelectType is a Slurm configuration parameter that determines how CPU resources are allocated from selected nodes for a job or job step."",
  ""aliases"": []
}",10
1864,select/linear,select/linear,slurm,datatype_property,option_flag,description,1,select/linear is a Slurm option for CPU Management that allocates all resources on the selected nodes to a job or step.,[],"{
  ""term"": ""select/linear"",
  ""canonical"": ""select/linear"",
  ""is_hpc_domain"": true,
  ""scheduler"": ""slurm"",
  ""category"": ""option_flag"",
  ""ontology_role"": ""datatype_property"",
  ""dul_bucket"": ""description"",
  ""definition"": ""select/linear is a Slurm option for CPU Management that allocates all resources on the selected nodes to a job or step."",
  ""aliases"": []
}",2
1866,SelectTypeParameters,selecttypeparameters,slurm,datatype_property,config_param,description,1,SelectTypeParameters defines the consumable resource type for CPU allocation in Slurm when SelectType is set to select/cons_tres.,[],"{
  ""term"": ""SelectTypeParameters"",
  ""canonical"": ""SelectTypeParameters"",
  ""is_hpc_domain"": true,
  ""scheduler"": ""slurm"",
  ""category"": ""config_param"",
  ""ontology_role"": ""datatype_property"",
  ""dul_bucket"": ""description"",
  ""definition"": ""SelectTypeParameters defines the consumable resource type for CPU allocation in Slurm when SelectType is set to select/cons_tres."",
  ""aliases"": []
}",7
1868,NodeName,nodename,slurm,datatype_property,config_param,description,1,"NodeName is a Slurm configuration parameter that defines a node, including its CPU resources.",[],"{
  ""term"": ""NodeName"",
  ""canonical"": ""NodeName"",
  ""is_hpc_domain"": true,
  ""scheduler"": ""slurm"",
  ""category"": ""config_param"",
  ""ontology_role"": ""datatype_property"",
  ""dul_bucket"": ""description"",
  ""definition"": ""NodeName is a Slurm configuration parameter that defines a node, including its CPU resources."",
  ""aliases"": []
}",2
1869,PartitionName,partitionname,slurm,individual,queue_or_partition,object,1,PartitionName is a parameter in Slurm configuration defining a logical grouping of compute nodes.,[],"{
  ""term"": ""PartitionName"",
  ""canonical"": ""PartitionName"",
  ""is_hpc_domain"": true,
  ""scheduler"": ""slurm"",
  ""category"": ""queue_or_partition"",
  ""ontology_role"": ""individual"",
  ""dul_bucket"": ""object"",
  ""definition"": ""PartitionName is a parameter in Slurm configuration defining a logical grouping of compute nodes."",
  ""aliases"": []
}",3
1872,Nodes,nodes,both,class,resource,object,1,Nodes are physical or virtual machines that provide resources for job execution in HPC systems. They can be selected and configured based on various parameters.,[],"{
  ""term"": ""Nodes"",
  ""canonical"": ""Nodes"",
  ""is_hpc_domain"": true,
  ""scheduler"": ""both"",
  ""category"": ""resource"",
  ""ontology_role"": ""class"",
  ""dul_bucket"": ""object"",
  ""definition"": ""Nodes are physical or virtual machines that provide resources for job execution in HPC systems. They can be selected and configured based on various parameters."",
  ""aliases"": []
}",3
1873,OverSubscribe,oversubscribe,slurm,datatype_property,config_param,description,1,OverSubscribe is a Slurm partition configuration parameter that defines the policy for allocating more jobs than the available compute nodes.,[],"{
  ""term"": ""OverSubscribe"",
  ""canonical"": ""OverSubscribe"",
  ""is_hpc_domain"": true,
  ""scheduler"": ""slurm"",
  ""category"": ""config_param"",
  ""ontology_role"": ""datatype_property"",
  ""dul_bucket"": ""description"",
  ""definition"": ""OverSubscribe is a Slurm partition configuration parameter that defines the policy for allocating more jobs than the available compute nodes."",
  ""aliases"": []
}",5
1874,MaxNodes,maxnodes,slurm,datatype_property,config_param,description,1,MaxNodes is a Slurm configuration parameter that defines the maximum number of nodes in a partition.,[],"{
  ""term"": ""MaxNodes"",
  ""canonical"": ""MaxNodes"",
  ""is_hpc_domain"": true,
  ""scheduler"": ""slurm"",
  ""category"": ""config_param"",
  ""ontology_role"": ""datatype_property"",
  ""dul_bucket"": ""description"",
  ""definition"": ""MaxNodes is a Slurm configuration parameter that defines the maximum number of nodes in a partition."",
  ""aliases"": []
}",2
1875,SlurmdParameters,slurmdparameters,slurm,class,config_param,description,1,"SlurmdParameters is a configuration parameter class that defines the parameters of a partition, including node selection, CPU resource allocation, and additional options.",[],"{
  ""term"": ""SlurmdParameters"",
  ""canonical"": ""SlurmdParameters"",
  ""is_hpc_domain"": true,
  ""scheduler"": ""slurm"",
  ""category"": ""config_param"",
  ""ontology_role"": ""class"",
  ""dul_bucket"": ""description"",
  ""definition"": ""SlurmdParameters is a configuration parameter class that defines the parameters of a partition, including node selection, CPU resource allocation, and additional options."",
  ""aliases"": []
}",3
1876,config_overrides,config_overrides,slurm,datatype_property,config_param,description,1,"config_overrides is a parameter in Slurm configuration that allows for customization of partition definitions, including CPU resource allocation and node selection options.",[],"{
  ""term"": ""config_overrides"",
  ""canonical"": ""config_overrides"",
  ""is_hpc_domain"": true,
  ""scheduler"": ""slurm"",
  ""category"": ""config_param"",
  ""ontology_role"": ""datatype_property"",
  ""dul_bucket"": ""description"",
  ""definition"": ""config_overrides is a parameter in Slurm configuration that allows for customization of partition definitions, including CPU resource allocation and node selection options."",
  ""aliases"": []
}",3
1879,CR_CPU,cr_cpu,slurm,datatype_property,config_param,description,1,CR_CPU defines the consumable resource type for CPU resources in Slurm and controls other aspects of CPU resource allocation by the select plugin.,[],"{
  ""term"": ""CR_CPU"",
  ""canonical"": ""CR_CPU"",
  ""is_hpc_domain"": true,
  ""scheduler"": ""slurm"",
  ""category"": ""config_param"",
  ""ontology_role"": ""datatype_property"",
  ""dul_bucket"": ""description"",
  ""definition"": ""CR_CPU defines the consumable resource type for CPU resources in Slurm and controls other aspects of CPU resource allocation by the select plugin."",
  ""aliases"": []
}",3
1880,CR_CPU_Memory,cr_cpu_memory,slurm,datatype_property,config_param,description,1,CR_CPU_Memory is a parameter used in Slurm to define the consumable resource type for CPU memory allocation.,[],"{
  ""term"": ""CR_CPU_Memory"",
  ""canonical"": ""CR_CPU_Memory"",
  ""is_hpc_domain"": true,
  ""scheduler"": ""slurm"",
  ""category"": ""config_param"",
  ""ontology_role"": ""datatype_property"",
  ""dul_bucket"": ""description"",
  ""definition"": ""CR_CPU_Memory is a parameter used in Slurm to define the consumable resource type for CPU memory allocation."",
  ""aliases"": []
}",2
1881,CR_Core,cr_core,slurm,datatype_property,config_param,description,1,"CR_Core defines the consumable resource type for CPU resources in Slurm, controlling other aspects of CPU resource allocation by the select plugin.",[],"{
  ""term"": ""CR_Core"",
  ""canonical"": ""CR_Core"",
  ""is_hpc_domain"": true,
  ""scheduler"": ""slurm"",
  ""category"": ""config_param"",
  ""ontology_role"": ""datatype_property"",
  ""dul_bucket"": ""description"",
  ""definition"": ""CR_Core defines the consumable resource type for CPU resources in Slurm, controlling other aspects of CPU resource allocation by the select plugin."",
  ""aliases"": []
}",5
1882,CR_Core_Memory,cr_core_memory,slurm,datatype_property,config_param,description,1,"CR_Core_Memory is a parameter used in Slurm to define the consumable resource type for memory in a partition, controlling other aspects of memory allocation by the select plugin.",[],"{
  ""term"": ""CR_Core_Memory"",
  ""canonical"": ""CR_Core_Memory"",
  ""is_hpc_domain"": true,
  ""scheduler"": ""slurm"",
  ""category"": ""config_param"",
  ""ontology_role"": ""datatype_property"",
  ""dul_bucket"": ""description"",
  ""definition"": ""CR_Core_Memory is a parameter used in Slurm to define the consumable resource type for memory in a partition, controlling other aspects of memory allocation by the select plugin."",
  ""aliases"": []
}",2
1883,CR_Socket,cr_socket,slurm,datatype_property,config_param,description,1,CR_Socket is a parameter in Slurm configuration that defines the consumable resource type for CPU sockets.,[],"{
  ""term"": ""CR_Socket"",
  ""canonical"": ""CR_Socket"",
  ""is_hpc_domain"": true,
  ""scheduler"": ""slurm"",
  ""category"": ""config_param"",
  ""ontology_role"": ""datatype_property"",
  ""dul_bucket"": ""description"",
  ""definition"": ""CR_Socket is a parameter in Slurm configuration that defines the consumable resource type for CPU sockets."",
  ""aliases"": []
}",2
1884,CR_Socket_Memory,cr_socket_memory,slurm,datatype_property,config_param,description,1,CR_Socket_Memory is a parameter used in Slurm to define the consumable resource type for CPU memory allocation.,[],"{
  ""term"": ""CR_Socket_Memory"",
  ""canonical"": ""CR_Socket_Memory"",
  ""is_hpc_domain"": true,
  ""scheduler"": ""slurm"",
  ""category"": ""config_param"",
  ""ontology_role"": ""datatype_property"",
  ""dul_bucket"": ""description"",
  ""definition"": ""CR_Socket_Memory is a parameter used in Slurm to define the consumable resource type for CPU memory allocation."",
  ""aliases"": []
}",2
1886,salloc,salloc,slurm,individual,command,information_object,1,salloc is a Slurm command used to define a partition and allocate resources for job submission.,"[""salloc command""]","{
  ""term"": ""salloc"",
  ""canonical"": ""salloc"",
  ""is_hpc_domain"": true,
  ""scheduler"": ""slurm"",
  ""category"": ""command"",
  ""ontology_role"": ""individual"",
  ""dul_bucket"": ""information_object"",
  ""definition"": ""salloc is a Slurm command used to define a partition and allocate resources for job submission."",
  ""aliases"": [""salloc command""]
}",2
1887,sbatch,sbatch,slurm,individual,command,information_object,1,"sbatch is a Slurm command used to submit a batch job script to the scheduler, with options for controlling job and resource allocation.","[""sbatch command""]","{
  ""term"": ""sbatch"",
  ""canonical"": ""sbatch"",
  ""is_hpc_domain"": true,
  ""scheduler"": ""slurm"",
  ""category"": ""command"",
  ""ontology_role"": ""individual"",
  ""dul_bucket"": ""information_object"",
  ""definition"": ""sbatch is a Slurm command used to submit a batch job script to the scheduler, with options for controlling job and resource allocation."",
  ""aliases"": [""sbatch command""]
}",2
1888,--extra-node-info,--extra-node-info,slurm,datatype_property,config_param,description,1,"The --extra-node-info option in Slurm defines parameters for partition configuration, affecting node selection and CPU resource allocation.",[],"{
  ""term"": ""--extra-node-info"",
  ""canonical"": ""--extra-node-info"",
  ""is_hpc_domain"": true,
  ""scheduler"": ""slurm"",
  ""category"": ""config_param"",
  ""ontology_role"": ""datatype_property"",
  ""dul_bucket"": ""description"",
  ""definition"": ""The --extra-node-info option in Slurm defines parameters for partition configuration, affecting node selection and CPU resource allocation."",
  ""aliases"": []
}",2
1889,--constraint,--constraint,slurm,datatype_property,config_param,description,1,The --constraint option in Slurm is used to restrict node selection based on specified attributes.,[],"{
  ""term"": ""--constraint"",
  ""canonical"": ""--constraint"",
  ""is_hpc_domain"": true,
  ""scheduler"": ""slurm"",
  ""category"": ""config_param"",
  ""ontology_role"": ""datatype_property"",
  ""dul_bucket"": ""description"",
  ""definition"": ""The --constraint option in Slurm is used to restrict node selection based on specified attributes."",
  ""aliases"": []
}",2
1890,--contiguous,--contiguous,slurm,object_property,option_flag,description,1,The --contiguous option in Slurm restricts node selection to contiguous nodes.,[],"{
  ""term"": ""--contiguous"",
  ""canonical"": ""--contiguous"",
  ""is_hpc_domain"": true,
  ""scheduler"": ""slurm"",
  ""category"": ""option_flag"",
  ""ontology_role"": ""object_property"",
  ""dul_bucket"": ""description"",
  ""definition"": ""The --contiguous option in Slurm restricts node selection to contiguous nodes."",
  ""aliases"": []
}",2
1891,--cores-per-socket,--cores-per-socket,slurm,datatype_property,config_param,description,1,The --cores-per-socket parameter in Slurm configuration defines the minimum number of cores per socket for node selection.,[],"{
  ""term"": ""--cores-per-socket"",
  ""canonical"": ""--cores-per-socket"",
  ""is_hpc_domain"": true,
  ""scheduler"": ""slurm"",
  ""category"": ""config_param"",
  ""ontology_role"": ""datatype_property"",
  ""dul_bucket"": ""description"",
  ""definition"": ""The --cores-per-socket parameter in Slurm configuration defines the minimum number of cores per socket for node selection."",
  ""aliases"": []
}",2
1892,--cpus-per-task,--cpus-per-task,slurm,datatype_property,config_param,description,1,The --cpus-per-task option in Slurm defines the number of CPUs allocated per task.,[],"{
  ""term"": ""--cpus-per-task"",
  ""canonical"": ""--cpus-per-task"",
  ""is_hpc_domain"": true,
  ""scheduler"": ""slurm"",
  ""category"": ""config_param"",
  ""ontology_role"": ""datatype_property"",
  ""dul_bucket"": ""description"",
  ""definition"": ""The --cpus-per-task option in Slurm defines the number of CPUs allocated per task."",
  ""aliases"": []
}",7
1893,--exclusive,--exclusive,slurm,object_property,option_flag,description,1,The --exclusive option in Slurm defines a partition and prevents sharing of allocated nodes with other jobs.,[],"{
  ""term"": ""--exclusive"",
  ""canonical"": ""--exclusive"",
  ""is_hpc_domain"": true,
  ""scheduler"": ""slurm"",
  ""category"": ""option_flag"",
  ""ontology_role"": ""object_property"",
  ""dul_bucket"": ""description"",
  ""definition"": ""The --exclusive option in Slurm defines a partition and prevents sharing of allocated nodes with other jobs."",
  ""aliases"": []
}",2
1894,--nodefile,--nodefile,slurm,datatype_property,config_file,description,1,The --nodefile option in Slurm is used to define a partition by providing a list of specific nodes for job selection.,[],"{
  ""term"": ""--nodefile"",
  ""canonical"": ""--nodefile"",
  ""is_hpc_domain"": true,
  ""scheduler"": ""slurm"",
  ""category"": ""config_file"",
  ""ontology_role"": ""datatype_property"",
  ""dul_bucket"": ""description"",
  ""definition"": ""The --nodefile option in Slurm is used to define a partition by providing a list of specific nodes for job selection."",
  ""aliases"": []
}",2
1895,--hint,--hint,slurm,datatype_property,config_param,description,1,The --hint parameter in Slurm defines additional controls on CPU resource allocation by the select plugin.,[],"{
  ""term"": ""--hint"",
  ""canonical"": ""--hint"",
  ""is_hpc_domain"": true,
  ""scheduler"": ""slurm"",
  ""category"": ""config_param"",
  ""ontology_role"": ""datatype_property"",
  ""dul_bucket"": ""description"",
  ""definition"": ""The --hint parameter in Slurm defines additional controls on CPU resource allocation by the select plugin."",
  ""aliases"": []
}",3
1896,--mincpus,--mincpus,slurm,datatype_property,config_param,description,1,The --mincpus option in Slurm defines the minimum number of CPUs allocated per node.,[],"{
  ""term"": ""--mincpus"",
  ""canonical"": ""--mincpus"",
  ""is_hpc_domain"": true,
  ""scheduler"": ""slurm"",
  ""category"": ""config_param"",
  ""ontology_role"": ""datatype_property"",
  ""dul_bucket"": ""description"",
  ""definition"": ""The --mincpus option in Slurm defines the minimum number of CPUs allocated per node."",
  ""aliases"": []
}",2
1897,--nodes,--nodes,slurm,datatype_property,config_param,description,1,The --nodes parameter defines a partition in Slurm by controlling the minimum and maximum number of nodes allocated to a job.,[],"{
  ""term"": ""--nodes"",
  ""canonical"": ""--nodes"",
  ""is_hpc_domain"": true,
  ""scheduler"": ""slurm"",
  ""category"": ""config_param"",
  ""ontology_role"": ""datatype_property"",
  ""dul_bucket"": ""description"",
  ""definition"": ""The --nodes parameter defines a partition in Slurm by controlling the minimum and maximum number of nodes allocated to a job."",
  ""aliases"": []
}",8
1899,cons_tres,cons_tres,slurm,datatype_property,config_param,description,1,cons_tres is a SelectType in Slurm that uses block and cyclic allocation methods for CPU resources.,[],"{
  ""term"": ""cons_tres"",
  ""canonical"": ""cons_tres"",
  ""is_hpc_domain"": true,
  ""scheduler"": ""slurm"",
  ""category"": ""config_param"",
  ""ontology_role"": ""datatype_property"",
  ""dul_bucket"": ""description"",
  ""definition"": ""cons_tres is a SelectType in Slurm that uses block and cyclic allocation methods for CPU resources."",
  ""aliases"": []
}",2
1909,cores,cores,slurm,datatype_property,resource,description,1,"In Slurm, cores refer to the number of processing units available on a compute node.",[],"{
  ""term"": ""cores"",
  ""canonical"": ""cores"",
  ""is_hpc_domain"": true,
  ""scheduler"": ""slurm"",
  ""category"": ""resource"",
  ""ontology_role"": ""datatype_property"",
  ""dul_bucket"": ""description"",
  ""definition"": ""In Slurm, cores refer to the number of processing units available on a compute node."",
  ""aliases"": []
}",3
1912,logical CPUs,logical cpus,slurm,datatype_property,resource,description,1,"Logical CPUs represent the number of processing units available for job execution on a node, as defined in the slurm.conf file.",[],"{
  ""term"": ""logical CPUs"",
  ""canonical"": ""logical CPUs"",
  ""is_hpc_domain"": true,
  ""scheduler"": ""slurm"",
  ""category"": ""resource"",
  ""ontology_role"": ""datatype_property"",
  ""dul_bucket"": ""description"",
  ""definition"": ""Logical CPUs represent the number of processing units available for job execution on a node, as defined in the slurm.conf file."",
  ""aliases"": []
}",2
1934,--distribution,--distribution,slurm,object_property,option_flag,description,1,The --distribution option in Slurm controls the distribution of tasks to nodes during job execution.,[],"{
  ""term"": ""--distribution"",
  ""canonical"": ""--distribution"",
  ""is_hpc_domain"": true,
  ""scheduler"": ""slurm"",
  ""category"": ""option_flag"",
  ""ontology_role"": ""object_property"",
  ""dul_bucket"": ""description"",
  ""definition"": ""The --distribution option in Slurm controls the distribution of tasks to nodes during job execution."",
  ""aliases"": []
}",6
1940,--ntasks,--ntasks,slurm,datatype_property,config_param,description,1,--ntasks is a Slurm configuration parameter that controls the number of tasks to be created for a job.,[],"{
  ""term"": ""--ntasks"",
  ""canonical"": ""--ntasks"",
  ""is_hpc_domain"": true,
  ""scheduler"": ""slurm"",
  ""category"": ""config_param"",
  ""ontology_role"": ""datatype_property"",
  ""dul_bucket"": ""description"",
  ""definition"": ""--ntasks is a Slurm configuration parameter that controls the number of tasks to be created for a job."",
  ""aliases"": []
}",8
1941,--ntasks-per-core,--ntasks-per-core,slurm,datatype_property,config_param,description,1,The --ntasks-per-core parameter in Slurm configures the number of tasks allocated per core for a job.,[],"{
  ""term"": ""--ntasks-per-core"",
  ""canonical"": ""--ntasks-per-core"",
  ""is_hpc_domain"": true,
  ""scheduler"": ""slurm"",
  ""category"": ""config_param"",
  ""ontology_role"": ""datatype_property"",
  ""dul_bucket"": ""description"",
  ""definition"": ""The --ntasks-per-core parameter in Slurm configures the number of tasks allocated per core for a job."",
  ""aliases"": []
}",2
1943,Step 3,step 3,slurm,individual,other_hpc,event,1,Step 3 in Slurm job scheduling refers to the distribution of tasks to the selected nodes for execution.,[],"{
  ""term"": ""Step 3"",
  ""canonical"": ""Step 3"",
  ""is_hpc_domain"": true,
  ""scheduler"": ""slurm"",
  ""category"": ""other_hpc"",
  ""ontology_role"": ""individual"",
  ""dul_bucket"": ""event"",
  ""definition"": ""Step 3 in Slurm job scheduling refers to the distribution of tasks to the selected nodes for execution."",
  ""aliases"": []
}",2
1952,cyclic,cyclic,slurm,datatype_property,option_flag,description,1,"The 'cyclic' option in Slurm's srun, salloc, and sbatch command line options controls the sequence in which tasks are distributed to allocated CPUs within a node for task affinity or binding.",[],"{
  ""term"": ""cyclic"",
  ""canonical"": ""cyclic"",
  ""is_hpc_domain"": true,
  ""scheduler"": ""slurm"",
  ""category"": ""option_flag"",
  ""ontology_role"": ""datatype_property"",
  ""dul_bucket"": ""description"",
  ""definition"": ""The 'cyclic' option in Slurm's srun, salloc, and sbatch command line options controls the sequence in which tasks are distributed to allocated CPUs within a node for task affinity or binding."",
  ""aliases"": []
}",4
1957,--ntasks-per-node,--ntasks-per-node,slurm,datatype_property,config_param,description,1,Controls the maximum number of tasks that a job step can spawn on a single node.,[],"{
  ""term"": ""--ntasks-per-node"",
  ""canonical"": ""--ntasks-per-node"",
  ""is_hpc_domain"": true,
  ""scheduler"": ""slurm"",
  ""category"": ""config_param"",
  ""ontology_role"": ""datatype_property"",
  ""dul_bucket"": ""description"",
  ""definition"": ""Controls the maximum number of tasks that a job step can spawn on a single node."",
  ""aliases"": []
}",3
1961,cgroup.conf,cgroup.conf,slurm,individual,config_file,information_object,1,cgroup.conf is a Slurm configuration file that controls the maximum number of tasks that a job step can spawn on a single node and other task affinity or task/CPU binding options.,[],"{
  ""term"": ""cgroup.conf"",
  ""canonical"": ""cgroup.conf"",
  ""is_hpc_domain"": true,
  ""scheduler"": ""slurm"",
  ""category"": ""config_file"",
  ""ontology_role"": ""individual"",
  ""dul_bucket"": ""information_object"",
  ""definition"": ""cgroup.conf is a Slurm configuration file that controls the maximum number of tasks that a job step can spawn on a single node and other task affinity or task/CPU binding options."",
  ""aliases"": []
}",2
1962,ConstrainCores,constraincores,slurm,datatype_property,config_param,description,1,ConstrainCores is a Slurm configuration parameter that controls whether jobs are constrained to their allocated CPUs.,[],"{
  ""term"": ""ConstrainCores"",
  ""canonical"": ""ConstrainCores"",
  ""is_hpc_domain"": true,
  ""scheduler"": ""slurm"",
  ""category"": ""config_param"",
  ""ontology_role"": ""datatype_property"",
  ""dul_bucket"": ""description"",
  ""definition"": ""ConstrainCores is a Slurm configuration parameter that controls whether jobs are constrained to their allocated CPUs."",
  ""aliases"": []
}",2
1963,--cpu-bind,--cpu-bind,slurm,datatype_property,option_flag,description,1,The --cpu-bind option in Slurm controls the binding of tasks to CPUs within a node.,[],"{
  ""term"": ""--cpu-bind"",
  ""canonical"": ""--cpu-bind"",
  ""is_hpc_domain"": true,
  ""scheduler"": ""slurm"",
  ""category"": ""option_flag"",
  ""ontology_role"": ""datatype_property"",
  ""dul_bucket"": ""description"",
  ""definition"": ""The --cpu-bind option in Slurm controls the binding of tasks to CPUs within a node."",
  ""aliases"": []
}",4
1964,task affinity,task_affinity,slurm,datatype_property,option_flag,description,1,"Task affinity refers to the control of the maximum number of tasks that a job step can spawn on a single node, as well as the distribution and binding of tasks to CPUs within a node.",[],"{
  ""term"": ""task affinity"",
  ""canonical"": ""task_affinity"",
  ""is_hpc_domain"": true,
  ""scheduler"": ""slurm"",
  ""category"": ""option_flag"",
  ""ontology_role"": ""datatype_property"",
  ""dul_bucket"": ""description"",
  ""definition"": ""Task affinity refers to the control of the maximum number of tasks that a job step can spawn on a single node, as well as the distribution and binding of tasks to CPUs within a node."",
  ""aliases"": []
}",3
1984,cpu-bind,cpu-bind,slurm,datatype_property,option_flag,description,1,"cpu-bind is an option used in Slurm to bind tasks to specific CPUs, preventing them from using CPUs allocated to other jobs.",[],"{
  ""term"": ""cpu-bind"",
  ""canonical"": ""cpu-bind"",
  ""is_hpc_domain"": true,
  ""scheduler"": ""slurm"",
  ""category"": ""option_flag"",
  ""ontology_role"": ""datatype_property"",
  ""dul_bucket"": ""description"",
  ""definition"": ""cpu-bind is an option used in Slurm to bind tasks to specific CPUs, preventing them from using CPUs allocated to other jobs."",
  ""aliases"": []
}",2
2008,tasks,tasks,slurm,class,resource,object,1,"In Slurm, tasks represent the number of CPU or CPU+memory units requested for a job. They can be allocated as whole nodes or individual cores.",[],"{
  ""term"": ""tasks"",
  ""canonical"": ""tasks"",
  ""is_hpc_domain"": true,
  ""scheduler"": ""slurm"",
  ""category"": ""resource"",
  ""ontology_role"": ""class"",
  ""dul_bucket"": ""object"",
  ""definition"": ""In Slurm, tasks represent the number of CPU or CPU+memory units requested for a job. They can be allocated as whole nodes or individual cores."",
  ""aliases"": []
}",4
2010,consumable resources,consumableresources,slurm,class,resource,object,1,"Consumable resources refer to the CPU cores allocated for job execution in a High Performance Computing (HPC) environment, such as Slurm.",[],"{
  ""term"": ""consumable resources"",
  ""canonical"": ""ConsumableResources"",
  ""is_hpc_domain"": true,
  ""scheduler"": ""slurm"",
  ""category"": ""resource"",
  ""ontology_role"": ""class"",
  ""dul_bucket"": ""object"",
  ""definition"": ""Consumable resources refer to the CPU cores allocated for job execution in a High Performance Computing (HPC) environment, such as Slurm."",
  ""aliases"": []
}",3
2012,CPUs,cpus,slurm,class,resource,object,1,"CPUs represent the central processing units in a compute node, which are consumable resources for executing jobs in HPC systems.",[],"{
  ""term"": ""CPUs"",
  ""canonical"": ""CPUs"",
  ""is_hpc_domain"": true,
  ""scheduler"": ""slurm"",
  ""category"": ""resource"",
  ""ontology_role"": ""class"",
  ""dul_bucket"": ""object"",
  ""definition"": ""CPUs represent the central processing units in a compute node, which are consumable resources for executing jobs in HPC systems."",
  ""aliases"": []
}",4
2016,default partition,defaultpartition,slurm,class,queue_or_partition,object,1,The default partition is a logical grouping of compute nodes used as the default queue for job submissions when no partition is specified.,[],"{
  ""term"": ""default partition"",
  ""canonical"": ""DefaultPartition"",
  ""is_hpc_domain"": true,
  ""scheduler"": ""slurm"",
  ""category"": ""queue_or_partition"",
  ""ontology_role"": ""class"",
  ""dul_bucket"": ""object"",
  ""definition"": ""The default partition is a logical grouping of compute nodes used as the default queue for job submissions when no partition is specified."",
  ""aliases"": []
}",5
2021,allocation,allocation,slurm,class,resource,object,1,"Allocation refers to the process of assigning computational resources, such as CPUs, to a job in an HPC system.",[],"{
  ""term"": ""allocation"",
  ""canonical"": ""Allocation"",
  ""is_hpc_domain"": true,
  ""scheduler"": ""slurm"",
  ""category"": ""resource"",
  ""ontology_role"": ""class"",
  ""dul_bucket"": ""object"",
  ""definition"": ""Allocation refers to the process of assigning computational resources, such as CPUs, to a job in an HPC system."",
  ""aliases"": []
}",4
2026,CR_CORE_DEFAULT_DIST_BLOCK,cr_core_default_dist_block,slurm,datatype_property,config_param,description,1,CR_CORE_DEFAULT_DIST_BLOCK is a Slurm configuration parameter that sets the default allocation method within a node to block for minimizing resource fragmentation.,[],"{
  ""term"": ""CR_CORE_DEFAULT_DIST_BLOCK"",
  ""canonical"": ""CR_CORE_DEFAULT_DIST_BLOCK"",
  ""is_hpc_domain"": true,
  ""scheduler"": ""slurm"",
  ""category"": ""config_param"",
  ""ontology_role"": ""datatype_property"",
  ""dul_bucket"": ""description"",
  ""definition"": ""CR_CORE_DEFAULT_DIST_BLOCK is a Slurm configuration parameter that sets the default allocation method within a node to block for minimizing resource fragmentation."",
  ""aliases"": []
}",4
2028,block,block,slurm,datatype_property,resource,description,1,"In Slurm, block is a resource allocation method that minimizes the number of nodes used for a job, minimizing resource fragmentation.",[],"{
  ""term"": ""block"",
  ""canonical"": ""block"",
  ""is_hpc_domain"": true,
  ""scheduler"": ""slurm"",
  ""category"": ""resource"",
  ""ontology_role"": ""datatype_property"",
  ""dul_bucket"": ""description"",
  ""definition"": ""In Slurm, block is a resource allocation method that minimizes the number of nodes used for a job, minimizing resource fragmentation."",
  ""aliases"": []
}",3
2038,distribution,distribution,slurm,datatype_property,option_flag,description,1,Distribution is a Slurm option that specifies how tasks are allocated and distributed across nodes.,[],"{
  ""term"": ""distribution"",
  ""canonical"": ""distribution"",
  ""is_hpc_domain"": true,
  ""scheduler"": ""slurm"",
  ""category"": ""option_flag"",
  ""ontology_role"": ""datatype_property"",
  ""dul_bucket"": ""description"",
  ""definition"": ""Distribution is a Slurm option that specifies how tasks are allocated and distributed across nodes."",
  ""aliases"": []
}",5
2056,--oversubscribe,--oversubscribe,both,object_property,option_flag,event,1,"The --oversubscribe option allows jobs to run with more tasks than the available CPUs, distributing tasks across nodes and sharing resources.",[],"{
  ""term"": ""--oversubscribe"",
  ""canonical"": ""--oversubscribe"",
  ""is_hpc_domain"": true,
  ""scheduler"": ""both"",
  ""category"": ""option_flag"",
  ""ontology_role"": ""object_property"",
  ""dul_bucket"": ""event"",
  ""definition"": ""The --oversubscribe option allows jobs to run with more tasks than the available CPUs, distributing tasks across nodes and sharing resources."",
  ""aliases"": []
}",2
2060,allocated CPUs,allocated cpus,both,datatype_property,resource,description,1,The number of CPUs allocated to a job or task on a compute node.,[],"{
  ""term"": ""allocated CPUs"",
  ""canonical"": ""allocated CPUs"",
  ""is_hpc_domain"": true,
  ""scheduler"": ""both"",
  ""category"": ""resource"",
  ""ontology_role"": ""datatype_property"",
  ""dul_bucket"": ""description"",
  ""definition"": ""The number of CPUs allocated to a job or task on a compute node."",
  ""aliases"": []
}",3
2079,CPU id,cpu_id,slurm,datatype_property,resource,object,1,CPU id refers to the unique identifier of a CPU core in a compute node.,[],"{
  ""term"": ""CPU id"",
  ""canonical"": ""CPU_id"",
  ""is_hpc_domain"": true,
  ""scheduler"": ""slurm"",
  ""category"": ""resource"",
  ""ontology_role"": ""datatype_property"",
  ""dul_bucket"": ""object"",
  ""definition"": ""CPU id refers to the unique identifier of a CPU core in a compute node."",
  ""aliases"": []
}",2
2088,socket binding,socket_binding,slurm,object_property,option_flag,description,1,socket binding is an option used in Slurm to allocate tasks to specific sockets on a compute node.,[],"{
  ""term"": ""socket binding"",
  ""canonical"": ""socket_binding"",
  ""is_hpc_domain"": true,
  ""scheduler"": ""slurm"",
  ""category"": ""option_flag"",
  ""ontology_role"": ""object_property"",
  ""dul_bucket"": ""description"",
  ""definition"": ""socket binding is an option used in Slurm to allocate tasks to specific sockets on a compute node."",
  ""aliases"": []
}",2
2089,socket id,socket_id,slurm,individual,resource,object,1,"A socket ID is a unique identifier for a physical or logical socket on a compute node, which contains multiple CPU cores.",[],"{
  ""term"": ""socket id"",
  ""canonical"": ""socket_id"",
  ""is_hpc_domain"": true,
  ""scheduler"": ""slurm"",
  ""category"": ""resource"",
  ""ontology_role"": ""individual"",
  ""dul_bucket"": ""object"",
  ""definition"": ""A socket ID is a unique identifier for a physical or logical socket on a compute node, which contains multiple CPU cores."",
  ""aliases"": []
}",2
2093,Socket id,socket id,slurm,datatype_property,resource,description,1,Socket id refers to a physical socket on a compute node where CPUs are located.,[],"{
  ""term"": ""Socket id"",
  ""canonical"": ""Socket id"",
  ""is_hpc_domain"": true,
  ""scheduler"": ""slurm"",
  ""category"": ""resource"",
  ""ontology_role"": ""datatype_property"",
  ""dul_bucket"": ""description"",
  ""definition"": ""Socket id refers to a physical socket on a compute node where CPUs are located."",
  ""aliases"": []
}",2
2095,Allocated CPU ids,allocated cpu ids,slurm,individual,resource,object,1,Allocated CPU ids represent the specific CPU cores assigned to a job for execution.,[],"{
  ""term"": ""Allocated CPU ids"",
  ""canonical"": ""Allocated CPU ids"",
  ""is_hpc_domain"": true,
  ""scheduler"": ""slurm"",
  ""category"": ""resource"",
  ""ontology_role"": ""individual"",
  ""dul_bucket"": ""object"",
  ""definition"": ""Allocated CPU ids represent the specific CPU cores assigned to a job for execution."",
  ""aliases"": []
}",2
2096,Binding of Tasks to CPUs,binding of tasks to cpus,slurm,class,other_hpc,event,1,"Binding of Tasks to CPUs refers to the allocation and distribution of CPU resources for tasks in a job, with socket binding applied to each task.",[],"{
  ""term"": ""Binding of Tasks to CPUs"",
  ""canonical"": ""Binding of Tasks to CPUs"",
  ""is_hpc_domain"": true,
  ""scheduler"": ""slurm"",
  ""category"": ""other_hpc"",
  ""ontology_role"": ""class"",
  ""dul_bucket"": ""event"",
  ""definition"": ""Binding of Tasks to CPUs refers to the allocation and distribution of CPU resources for tasks in a job, with socket binding applied to each task."",
  ""aliases"": []
}",2
2111,binding,binding,slurm,datatype_property,other_hpc,description,1,"Binding refers to the allocation and distribution of CPU resources for tasks in a job, with options for socket binding in Slurm.",[],"{
  ""term"": ""binding"",
  ""canonical"": ""binding"",
  ""is_hpc_domain"": true,
  ""scheduler"": ""slurm"",
  ""category"": ""other_hpc"",
  ""ontology_role"": ""datatype_property"",
  ""dul_bucket"": ""description"",
  ""definition"": ""Binding refers to the allocation and distribution of CPU resources for tasks in a job, with options for socket binding in Slurm."",
  ""aliases"": []
}",3
2144,TaskPlugin,taskplugin,slurm,object_property,option_flag,description,1,"TaskPlugin is an option flag in Slurm used to enable task affinity for optimizing the performance of multi-task, multi-thread jobs.",[],"{
  ""term"": ""TaskPlugin"",
  ""canonical"": ""TaskPlugin"",
  ""is_hpc_domain"": true,
  ""scheduler"": ""slurm"",
  ""category"": ""option_flag"",
  ""ontology_role"": ""object_property"",
  ""dul_bucket"": ""description"",
  ""definition"": ""TaskPlugin is an option flag in Slurm used to enable task affinity for optimizing the performance of multi-task, multi-thread jobs."",
  ""aliases"": []
}",2
2179,task/affinity,task/affinity,slurm,object_property,option_flag,description,1,task/affinity is an option for the task/cgroup plugin in Slurm that allows binding tasks to specific CPUs for better control over task distribution.,[],"{
  ""term"": ""task/affinity"",
  ""canonical"": ""task/affinity"",
  ""is_hpc_domain"": true,
  ""scheduler"": ""slurm"",
  ""category"": ""option_flag"",
  ""ontology_role"": ""object_property"",
  ""dul_bucket"": ""description"",
  ""definition"": ""task/affinity is an option for the task/cgroup plugin in Slurm that allows binding tasks to specific CPUs for better control over task distribution."",
  ""aliases"": []
}",2
