child,parent,method,evidence
0x02 job group,job group,seed,head_match
0x02 job group,group,seed,head_match
ability host,host,seed,head_match
ability queue,queue,seed,head_match
absolute priority scheduling,scheduling,seed,head_match
access control,control,seed,head_match
access guarantee sla,sla,seed,head_match
access job,job,seed,head_match
access lsf cluster,cluster,seed,head_match
access lsf cluster,lsf cluster,seed,head_match
access lsf environment,environment,seed,head_match
access lsf environment,lsf environment,seed,head_match
access resource,resource,seed,head_match
accessibility feature,feature,seed,head_match
accessibility feature lsf,feature lsf,seed,head_match
accessible execution host,host,seed,head_match
accessible execution host,execution host,seed,head_match
accessible host,host,seed,head_match
accessible host cluster,cluster,seed,head_match
accessible host cluster,host cluster,seed,head_match
accessible local cluster,cluster,seed,head_match
accessible local cluster,local cluster,seed,head_match
account resource,resource,seed,head_match
account user1 cluster,cluster,seed,head_match
accounting entry task,task,seed,head_match
accounting information task,task,seed,head_match
accounting job event,event,seed,head_match
action definition,definition,seed,head_match
action job,job,seed,head_match
action object keyword,keyword,seed,head_match
active event log,event log,seed,head_match
active job,job,seed,head_match
active process job,job,seed,head_match
active project,project,seed,head_match
active reservation,reservation,seed,head_match
activity queue,queue,seed,head_match
add ldap provider,provider,seed,head_match
addition default field,field,seed,head_match
addition installer,installer,seed,head_match
addition job,job,seed,head_match
addition lsf cluster,cluster,seed,head_match
addition lsf cluster,lsf cluster,seed,head_match
addition transfer job,job,seed,head_match
addition transfer job,transfer job,seed,head_match
additional allocation,allocation,seed,head_match
additional functionality formula,formula,seed,head_match
additional host,host,seed,head_match
additional information job,job,seed,head_match
additional information job,information job,seed,head_match
additional job,job,seed,head_match
additional resource,resource,seed,head_match
additional resource job,job,seed,head_match
additional restriction,restriction,seed,head_match
additional task,task,seed,head_match
administrative tool,tool,seed,head_match
advance reservation,reservation,seed,head_match
advance reservation cluster,cluster,seed,head_match
advance reservation enhancement,enhancement,seed,head_match
advance reservation host,host,seed,head_match
advance reservation job,job,seed,head_match
advance reservation job,reservation job,seed,head_match
advance reservation license,license,seed,head_match
advance reservation policy,policy,seed,head_match
affected job,job,seed,head_match
affinity job cpuset,cpuset,seed,head_match
affinity requirement lsf,requirement lsf,seed,head_match
affinity resource requirement,requirement,seed,head_match
affinity resource requirement,resource requirement,seed,head_match
affinity scheduling,scheduling,seed,head_match
afs environment,environment,seed,head_match
afs volume,volume,seed,head_match
agent host,host,seed,head_match
alarm action,action,seed,head_match
alia host,host,seed,head_match
alloc_flag keyword,keyword,seed,head_match
allocation configuration feature,feature,seed,head_match
allocation license share,share,seed,head_match
allocation plan,plan,seed,head_match
allocation queue,queue,seed,head_match
allocation request,request,seed,head_match
allocation task,task,seed,head_match
alphabetical order,order,seed,head_match
alternative resource,resource,seed,head_match
amazon web service,service,seed,head_match
amazon web service,web service,seed,head_match
amd gpu,gpu,seed,head_match
amd gpu lsf,gpu lsf,seed,head_match
apache hadoop integration,integration,seed,head_match
apache spark integration,integration,seed,head_match
api compatibility,compatibility,seed,head_match
app application job,job,seed,head_match
applicable command,command,seed,head_match
applicable job,job,seed,head_match
application app,app,seed,head_match
application application,application,seed,head_match
application cluster,cluster,seed,head_match
application framework,framework,seed,head_match
application level checkpoint,checkpoint,seed,head_match
application level checkpointing,checkpointing,seed,head_match
application level command,command,seed,head_match
application level host,host,seed,head_match
application level lsb application,application,seed,head_match
application level lsb application,lsb application,seed,head_match
application license,license,seed,head_match
application limit definition,limit definition,seed,head_match
application limit definition,definition,seed,head_match
application performance,performance,seed,head_match
application profile,profile,seed,head_match
application profile job,job,seed,head_match
application profile level,level,seed,head_match
application profile lsb application,application,seed,head_match
application profile lsb application,lsb application,seed,head_match
application profile queue,queue,seed,head_match
application queue,queue,seed,head_match
application queue job,job,seed,head_match
application queue job,queue job,seed,head_match
application resource,resource,seed,head_match
application section,section,seed,head_match
apptainer container job,job,seed,head_match
apptainer container job,container job,seed,head_match
appz feature,feature,seed,head_match
aps calculation,calculation,seed,head_match
aps multiple queue,queue,seed,head_match
aps queue,queue,seed,head_match
area job,job,seed,head_match
argument event program,program,seed,head_match
array dependency,dependency,seed,head_match
array dependency array,array,seed,head_match
array element,element,seed,head_match
array job,job,seed,head_match
array job element,element,seed,head_match
aspect lsf behavior,behavior,seed,head_match
assign share,share,seed,head_match
attempt job,job,seed,head_match
attribute affinity scheduling,scheduling,seed,head_match
attribute affinity scheduling,affinity scheduling,seed,head_match
attribute cluster,cluster,seed,head_match
attribute definition,definition,seed,head_match
attribute description section,section,seed,head_match
attribute section,section,seed,head_match
authentication cluster,cluster,seed,head_match
authentication operation,operation,seed,head_match
authorization request,request,seed,head_match
automatic configuration change,configuration change,seed,head_match
automatic job,job,seed,head_match
automatic job migration,migration,seed,head_match
automatic job queue,queue,seed,head_match
automatic job queue,job queue,seed,head_match
automatic job rerun,rerun,seed,head_match
automatic lsf startup,startup,seed,head_match
automatic lsf startup,lsf startup,seed,head_match
automatic workload,workload,seed,head_match
autoresizable job,job,seed,head_match
availability environment,environment,seed,head_match
aw ec2 instance,instance,seed,head_match
aw instance,instance,seed,head_match
awareness remote cluster,cluster,seed,head_match
awareness remote cluster,remote cluster,seed,head_match
aws component,component,seed,head_match
aws documentation reference,reference,seed,head_match
aws resource provider,provider,seed,head_match
aws resource provider,resource provider,seed,head_match
aws spot instance,instance,seed,head_match
awshost resource,resource,seed,head_match
azure cyclecloud,cyclecloud,seed,head_match
azure cyclecloud cluster,cluster,seed,head_match
azure instance,instance,seed,head_match
azure provider,provider,seed,head_match
azure resource,resource,seed,head_match
azure resource lsf,resource lsf,seed,head_match
azurehost resource,resource,seed,head_match
b job,job,seed,head_match
b lsf shared,lsf shared,seed,head_match
b lsf shared,shared,seed,head_match
bacct bhist command,command,seed,head_match
backfill job,job,seed,head_match
backfill policy,policy,seed,head_match
backfill queue,queue,seed,head_match
backfill reservable resource,resource,seed,head_match
backfill scheduling,scheduling,seed,head_match
backfill scheduling queue,queue,seed,head_match
bad good index,index,seed,head_match
bad problem,problem,seed,head_match
balanced allocation,allocation,seed,head_match
balanced slot allocation,allocation,seed,head_match
balanced slot allocation,slot allocation,seed,head_match
basic command,command,seed,head_match
basic information job,job,seed,head_match
basic information job,information job,seed,head_match
basic lsf command,command,seed,head_match
basic lsf scheduling,scheduling,seed,head_match
batch daemon,daemon,seed,head_match
batch interactive job,job,seed,head_match
batch job,job,seed,head_match
batch job completion,job completion,seed,head_match
batch job task,job task,seed,head_match
batch job task,task,seed,head_match
batch query command,command,seed,head_match
batch queue,queue,seed,head_match
batch resource,resource,seed,head_match
batch server host,host,seed,head_match
batch server host,server host,seed,head_match
bcluster app,app,seed,head_match
bdata cache,cache,seed,head_match
bdata connection,connection,seed,head_match
behavior change effect,effect,seed,head_match
behavior change effect,change effect,seed,head_match
behavior cluster,cluster,seed,head_match
behavior job,job,seed,head_match
behavior lsf job,job,seed,head_match
behavior lsf job,lsf job,seed,head_match
bhost host,host,seed,head_match
billing cycle,cycle,seed,head_match
binary program,program,seed,head_match
bit compute host,host,seed,head_match
bjob bacct command,command,seed,head_match
bjob bhist command,command,seed,head_match
bjob plan,plan,seed,head_match
bjob rusage resource,resource,seed,head_match
black hole job,job,seed,head_match
bladmin subcommand,subcommand,seed,head_match
blaunch framework,framework,seed,head_match
blaunch job,job,seed,head_match
blcollect daemon,daemon,seed,head_match
bld collector,collector,seed,head_match
bld daemon,daemon,seed,head_match
bld daemon collector,collector,seed,head_match
blocking mode,mode,seed,head_match
blstat command output,output,seed,head_match
boolean resource,resource,seed,head_match
borrowing disabled queue,queue,seed,head_match
bourne shell,shell,seed,head_match
bqueue field,field,seed,head_match
bqueue option output,output,seed,head_match
bre queue,queue,seed,head_match
brun job,job,seed,head_match
bsd license,license,seed,head_match
bstage attempt,attempt,seed,head_match
bstop job,job,seed,head_match
bsub lsrun command,command,seed,head_match
bsub p,p,seed,head_match
bswitch target queue,queue,seed,head_match
build environment,environment,seed,head_match
building lsf api,lsf api,seed,head_match
burden dns server,server,seed,head_match
buser bugroup command,command,seed,head_match
busy lim,lim,seed,head_match
c program,program,seed,head_match
candidate host,host,seed,head_match
candidate queue,queue,seed,head_match
case lsf job,job,seed,head_match
case lsf job,lsf job,seed,head_match
case task,task,seed,head_match
cento stream,stream,seed,head_match
cgroup feature,feature,seed,head_match
cgroup job step,step,seed,head_match
cgroup memory subsystem,subsystem,seed,head_match
cgroup subsystem,subsystem,seed,head_match
chance job,job,seed,head_match
change effect,effect,seed,head_match
change feature,feature,seed,head_match
change job,job,seed,head_match
change lsf behavior,behavior,seed,head_match
change lsf system,system,seed,head_match
change lsf system,lsf system,seed,head_match
change lsf version,version,seed,head_match
character cluster,cluster,seed,head_match
chargeback fair share,fair share,seed,head_match
chargeback fair share,share,seed,head_match
cheap template,template,seed,head_match
checkpoint job,job,seed,head_match
checkpoint multicluster job,job,seed,head_match
checkpoint multicluster job,multicluster job,seed,head_match
checkpointable condition,condition,seed,head_match
checkpointable job,job,seed,head_match
checkpointable rerunnable job,job,seed,head_match
checkpointed job,job,seed,head_match
checkview function,function,seed,head_match
child cluster,cluster,seed,head_match
child group,group,seed,head_match
child job,job,seed,head_match
child job dependency,job dependency,seed,head_match
child job dependency,dependency,seed,head_match
child job group,job group,seed,head_match
child job group,group,seed,head_match
child job job,job,seed,head_match
child job job,job job,seed,head_match
child mbatchd,mbatchd,seed,head_match
child process,process,seed,head_match
child queue,queue,seed,head_match
child sbatchd job,job,seed,head_match
chkpnt special action,action,seed,head_match
chunk job,job,seed,head_match
chunk job member,member,seed,head_match
chunk job queue,queue,seed,head_match
chunk job queue,job queue,seed,head_match
class job,job,seed,head_match
clean period job,job,seed,head_match
clean period job,period job,seed,head_match
client host,host,seed,head_match
client ipv6 host,host,seed,head_match
client request,request,seed,head_match
close project hierarchy,hierarchy,seed,head_match
closed advance reservation,reservation,seed,head_match
closed advance reservation,advance reservation,seed,head_match
closed host,host,seed,head_match
closed queue,queue,seed,head_match
closed_busy host,host,seed,head_match
cloud lsf cluster,cluster,seed,head_match
cloud lsf cluster,lsf cluster,seed,head_match
cloud resource,resource,seed,head_match
cluster allocation cluster,cluster,seed,head_match
cluster bld daemon,daemon,seed,head_match
cluster cluster section,section,seed,head_match
cluster control job,job,seed,head_match
cluster distribution cluster,cluster,seed,head_match
cluster dmd daemon,daemon,seed,head_match
cluster dynamic allocation,allocation,seed,head_match
cluster false request,request,seed,head_match
cluster feature,feature,seed,head_match
cluster gpd cluster,cluster,seed,head_match
cluster host,host,seed,head_match
cluster interactive allocation,allocation,seed,head_match
cluster job,job,seed,head_match
cluster license project,project,seed,head_match
cluster license project,license project,seed,head_match
cluster license scheduler,scheduler,seed,head_match
cluster license scheduler,license scheduler,seed,head_match
cluster lim,lim,seed,head_match
cluster local cluster,cluster,seed,head_match
cluster local cluster,local cluster,seed,head_match
cluster lsf host,host,seed,head_match
cluster lsf host,lsf host,seed,head_match
cluster lsf version,version,seed,head_match
cluster management host,host,seed,head_match
cluster management host,management host,seed,head_match
cluster mode,mode,seed,head_match
cluster multicluster environment,environment,seed,head_match
cluster problem,problem,seed,head_match
cluster project,project,seed,head_match
cluster queue,queue,seed,head_match
cluster resource,resource,seed,head_match
cluster section,section,seed,head_match
cluster section lsf,section lsf,seed,head_match
cluster section lsf shared,lsf shared,seed,head_match
cluster section lsf shared,shared,seed,head_match
cluster section structure,structure,seed,head_match
cluster security,security,seed,head_match
cluster startup performance,performance,seed,head_match
cluster1 host11 host,host,seed,head_match
cluster1 interactive task,task,seed,head_match
cluster1 interactive task,interactive task,seed,head_match
clusteradmin section,section,seed,head_match
clusterwide operation,operation,seed,head_match
cmd keyword,keyword,seed,head_match
collection job,job,seed,head_match
collector service domain,service domain,seed,head_match
collector service domain,domain,seed,head_match
column host cluster,cluster,seed,head_match
column host cluster,host cluster,seed,head_match
combination consumer,consumer,seed,head_match
command application profile,application profile,seed,head_match
command application profile,profile,seed,head_match
command behavior job,job,seed,head_match
command command line,command line,seed,head_match
command different action,action,seed,head_match
command job script,script,seed,head_match
command level,level,seed,head_match
command lsb queue,queue,seed,head_match
command lsb queue,lsb queue,seed,head_match
command option output,output,seed,head_match
command policy,policy,seed,head_match
command root,root,seed,head_match
command specified group,group,seed,head_match
command submission cluster,cluster,seed,head_match
command submission cluster,submission cluster,seed,head_match
communication cluster,cluster,seed,head_match
comparison test,test,seed,head_match
compatibility early version,version,seed,head_match
compatible lsf simulator,lsf simulator,seed,head_match
compatible lsf simulator,simulator,seed,head_match
complete hostsetup usage,usage,seed,head_match
completion job,job,seed,head_match
completion lsf job,job,seed,head_match
completion lsf job,lsf job,seed,head_match
component task,task,seed,head_match
compound resource,resource,seed,head_match
compound resource requirement,requirement,seed,head_match
compound resource requirement,resource requirement,seed,head_match
compound term,term,seed,head_match
compute host,host,seed,head_match
compute instance,instance,seed,head_match
compute mode,mode,seed,head_match
compute node,node,seed,head_match
compute resource,resource,seed,head_match
compute unit preference,preference,seed,head_match
compute unit requirement,requirement,seed,head_match
computeunit section lsb host,host,seed,head_match
concept lsf simulator,lsf simulator,seed,head_match
concept lsf simulator,simulator,seed,head_match
concurrent job query,query,seed,head_match
condition execution,execution,seed,head_match
condition host,host,seed,head_match
condition job,job,seed,head_match
configurable job,job,seed,head_match
configuration application profile,application profile,seed,head_match
configuration application profile,profile,seed,head_match
configuration cluster,cluster,seed,head_match
configuration correct reconfiguration,reconfiguration,seed,head_match
configuration feature section,section,seed,head_match
configuration feature section,feature section,seed,head_match
configuration host,host,seed,head_match
configuration job,job,seed,head_match
configuration license project,project,seed,head_match
configuration license project,license project,seed,head_match
configuration mig host,host,seed,head_match
configuration order pool,pool,seed,head_match
configuration overview,overview,seed,head_match
configuration parameter effect,effect,seed,head_match
configuration parameter environment,environment,seed,head_match
configuration processor,processor,seed,head_match
configuration queue,queue,seed,head_match
configuration reference,reference,seed,head_match
configure application,application,seed,head_match
configure cluster mode,mode,seed,head_match
configure dispatch,dispatch,seed,head_match
configure fair share,fair share,seed,head_match
configure fair share,share,seed,head_match
configure feature group,group,seed,head_match
configure feature group,feature group,seed,head_match
configure host resource,resource,seed,head_match
configure information lsf shared,lsf shared,seed,head_match
configure information lsf shared,shared,seed,head_match
configure integration package,package,seed,head_match
configure integration package,integration package,seed,head_match
configure license,license,seed,head_match
configure lsf daemon,daemon,seed,head_match
configure lsf daemon,lsf daemon,seed,head_match
configure lsf ego,lsf ego,seed,head_match
configure lsf startup,startup,seed,head_match
configure lsf startup,lsf startup,seed,head_match
configure pool,pool,seed,head_match
configure project,project,seed,head_match
configure resource consumer,consumer,seed,head_match
configure window server,server,seed,head_match
configured resource,resource,seed,head_match
configuring container lsf,container lsf,seed,head_match
configuring license scheduler,scheduler,seed,head_match
configuring license scheduler,license scheduler,seed,head_match
configuring lsf cluster,cluster,seed,head_match
configuring lsf cluster,lsf cluster,seed,head_match
conflict job,job,seed,head_match
connection gpu,gpu,seed,head_match
connector host,host,seed,head_match
consumable resource,resource,seed,head_match
consumable resource resource,resource,seed,head_match
consumable resource resource,resource resource,seed,head_match
container blaunch authentication,authentication,seed,head_match
container common job,job,seed,head_match
container job,job,seed,head_match
continuous range node,node,seed,head_match
control group job,job,seed,head_match
control group job,group job,seed,head_match
control individual job,job,seed,head_match
control job execution,execution,seed,head_match
control job execution,job execution,seed,head_match
control order,order,seed,head_match
control parallel job,job,seed,head_match
control parallel job,parallel job,seed,head_match
core cgroup,cgroup,seed,head_match
core numa node,node,seed,head_match
core process,process,seed,head_match
core socket,socket,seed,head_match
core task job,job,seed,head_match
core task job,task job,seed,head_match
count job slot,slot,seed,head_match
count job slot,job slot,seed,head_match
cpu host,host,seed,head_match
cpu intensive task,task,seed,head_match
cpu job,job,seed,head_match
cpu list lsb.host,host,seed,head_match
cray environment,environment,seed,head_match
cray linux integration,integration,seed,head_match
craylinux vnode gpu,gpu,seed,head_match
creator advance reservation,reservation,seed,head_match
creator advance reservation,advance reservation,seed,head_match
cron job,job,seed,head_match
cs boolean resource,resource,seed,head_match
cs boolean resource,boolean resource,seed,head_match
csh interactive shell,shell,seed,head_match
csm integration,integration,seed,head_match
csm integration package,package,seed,head_match
csm integration package,integration package,seed,head_match
csm job,job,seed,head_match
csm reference,reference,seed,head_match
csm subsystem,subsystem,seed,head_match
current job,job,seed,head_match
current job resource,resource,seed,head_match
current performance,performance,seed,head_match
current resource,resource,seed,head_match
current service,service,seed,head_match
custom job,job,seed,head_match
custom job control,control,seed,head_match
custom mail program,program,seed,head_match
custom program,program,seed,head_match
custom resource,resource,seed,head_match
custom script,script,seed,head_match
customize output,output,seed,head_match
cwd feature,feature,seed,head_match
d p2 p,p,seed,head_match
daemon change effect,effect,seed,head_match
daemon change effect,change effect,seed,head_match
daemon cluster,cluster,seed,head_match
daemon dynamic host,host,seed,head_match
daemon dynamic host,dynamic host,seed,head_match
daemon operation,operation,seed,head_match
daemon performance problem,problem,seed,head_match
daemon process,process,seed,head_match
data collection,collection,seed,head_match
data provenance tool,tool,seed,head_match
data requirement job,job,seed,head_match
data requirement job,requirement job,seed,head_match
data size query,query,seed,head_match
data tag,tag,seed,head_match
data tag tag,tag,seed,head_match
data transfer,transfer,seed,head_match
data transfer job,job,seed,head_match
data transfer job,transfer job,seed,head_match
data transfer node,node,seed,head_match
data transfer node,transfer node,seed,head_match
data transfer tool,tool,seed,head_match
datum cache,cache,seed,head_match
datum cluster job,job,seed,head_match
datum cluster job,cluster job,seed,head_match
datum collection,collection,seed,head_match
datum datum job,job,seed,head_match
datum datum job,datum job,seed,head_match
datum group,group,seed,head_match
datum host,host,seed,head_match
datum job,job,seed,head_match
datum job completion,job completion,seed,head_match
datum job queue,queue,seed,head_match
datum job queue,job queue,seed,head_match
datum lsf explorer,lsf explorer,seed,head_match
datum lsf explorer,explorer,seed,head_match
datum provenance environment,environment,seed,head_match
datum specification,specification,seed,head_match
datum transfer,transfer,seed,head_match
datum transfer host,host,seed,head_match
datum transfer job,job,seed,head_match
datum transfer job,transfer job,seed,head_match
datum transfer node,node,seed,head_match
datum transfer node,transfer node,seed,head_match
datum transfer queue,queue,seed,head_match
datum transfer queue,transfer queue,seed,head_match
dce security service,service,seed,head_match
dcgm daemon,daemon,seed,head_match
dcgm feature lsf,feature lsf,seed,head_match
dchost resource,resource,seed,head_match
deactivate lsf queue,queue,seed,head_match
deactivate queue,queue,seed,head_match
deadlock signal action,action,seed,head_match
decision mbatchd,mbatchd,seed,head_match
decision queue,queue,seed,head_match
dedicated host,host,seed,head_match
dedicated host request,request,seed,head_match
dedicated thread,thread,seed,head_match
default configuration template,template,seed,head_match
default configuration template,configuration template,seed,head_match
default_user_group default_user_group group,group,seed,head_match
define boolean resource,resource,seed,head_match
define boolean resource,boolean resource,seed,head_match
define lsf system,system,seed,head_match
define lsf system,lsf system,seed,head_match
define resource,resource,seed,head_match
define section feature,feature,seed,head_match
defined lsf system,system,seed,head_match
defined lsf system,lsf system,seed,head_match
defined queue,queue,seed,head_match
defined resource_name function,function,seed,head_match
delete job group,job group,seed,head_match
delete job group,group,seed,head_match
demand aw instance,instance,seed,head_match
demand cluster,cluster,seed,head_match
demand instance,instance,seed,head_match
demand license project,project,seed,head_match
demand license project,license project,seed,head_match
demand policy,policy,seed,head_match
demand project,project,seed,head_match
demand project cluster,cluster,seed,head_match
demand request,request,seed,head_match
dependency condition,condition,seed,head_match
dependency condition job,job,seed,head_match
dependency condition job,condition job,seed,head_match
dependency job,job,seed,head_match
dependency satisfied job,job,seed,head_match
dependent job,job,seed,head_match
deploy apache hadoop,apache hadoop,seed,head_match
deprecated feature lsf,feature lsf,seed,head_match
detail job,job,seed,head_match
detailed application,application,seed,head_match
detailed host reason,reason,seed,head_match
detailed information group,group,seed,head_match
detailed information job,job,seed,head_match
detailed information job,information job,seed,head_match
device cgroup,cgroup,seed,head_match
dhcp client,client,seed,head_match
disk partition volume,volume,seed,head_match
dispatch job,job,seed,head_match
dispatch window host,host,seed,head_match
dispatch window queue,queue,seed,head_match
display customize output,output,seed,head_match
display entry,entry,seed,head_match
display environment,environment,seed,head_match
display event,event,seed,head_match
display job,job,seed,head_match
display project group,group,seed,head_match
display project group,project group,seed,head_match
display statu application,application,seed,head_match
display terminal job,job,seed,head_match
distributepolicy section lsf,section lsf,seed,head_match
distribution cluster,cluster,seed,head_match
distribution job,job,seed,head_match
distribution policy,policy,seed,head_match
distribution policy license,license,seed,head_match
dmd daemon,daemon,seed,head_match
dmd daemon candidate,candidate,seed,head_match
dns domain,domain,seed,head_match
dns nis server,server,seed,head_match
dns server,server,seed,head_match
docker container,container,seed,head_match
docker engine,engine,seed,head_match
docker environment lsf,environment lsf,seed,head_match
docker job,job,seed,head_match
dockerapp application profile,application profile,seed,head_match
dockerapp application profile,profile,seed,head_match
dockerq queue,queue,seed,head_match
domain license collector,collector,seed,head_match
domain license feature,feature,seed,head_match
domain license feature,license feature,seed,head_match
dual stack host,host,seed,head_match
duplicate event,event,seed,head_match
duplicate host,host,seed,head_match
duration condition,condition,seed,head_match
duration keyword,keyword,seed,head_match
duration task application,application,seed,head_match
dynamic cluster,cluster,seed,head_match
dynamic external resource,resource,seed,head_match
dynamic external resource,external resource,seed,head_match
dynamic host,host,seed,head_match
dynamic host host,host,seed,head_match
dynamic host installation,installation,seed,head_match
dynamic library,library,seed,head_match
dynamic lsf host,host,seed,head_match
dynamic lsf host,lsf host,seed,head_match
dynamic mic scheduling,scheduling,seed,head_match
dynamic mig scheduling,scheduling,seed,head_match
dynamic numeric resource,resource,seed,head_match
dynamic priority calculation,calculation,seed,head_match
dynamic resource,resource,seed,head_match
dynamic resource lsf,resource lsf,seed,head_match
dynamic server host,host,seed,head_match
dynamic server host,server host,seed,head_match
dynamic share,share,seed,head_match
dynamic sharing,sharing,seed,head_match
e job,job,seed,head_match
eadmin action,action,seed,head_match
early job,job,seed,head_match
eas feature,feature,seed,head_match
ec2 instance,instance,seed,head_match
echkpnt application,application,seed,head_match
echkpnt interface job,job,seed,head_match
ed application,application,seed,head_match
edit lsb queue,queue,seed,head_match
edit lsb queue,lsb queue,seed,head_match
efa network interface,interface,seed,head_match
effect ebrokerd daemon,daemon,seed,head_match
effect job,job,seed,head_match
effective license project,project,seed,head_match
effective license project,license project,seed,head_match
efficient event,event,seed,head_match
ego cluster,cluster,seed,head_match
ego component,component,seed,head_match
ego component overview,overview,seed,head_match
ego consumer,consumer,seed,head_match
ego consumer policy,policy,seed,head_match
ego lsf cluster,cluster,seed,head_match
ego lsf cluster,lsf cluster,seed,head_match
ego lsf daemon,daemon,seed,head_match
ego lsf daemon,lsf daemon,seed,head_match
ego service,service,seed,head_match
element array,array,seed,head_match
element job array,array,seed,head_match
element job array,job array,seed,head_match
element topology,topology,seed,head_match
elif expression,expression,seed,head_match
eligible host,host,seed,head_match
elim executable elim,elim,seed,head_match
elim executable host,host,seed,head_match
elim license resource,resource,seed,head_match
elim lsf license,license,seed,head_match
elim shell script,script,seed,head_match
email job,job,seed,head_match
email lsf client,client,seed,head_match
email notification,notification,seed,head_match
email notification job,job,seed,head_match
enable ego cluster,cluster,seed,head_match
enable multicluster queue,queue,seed,head_match
enable queue preference,preference,seed,head_match
enabling plan,plan,seed,head_match
encryption software tool,tool,seed,head_match
energy aware scheduling,scheduling,seed,head_match
energy policy,policy,seed,head_match
enhanced scheduler,scheduler,seed,head_match
enroot container job,job,seed,head_match
enroot container job,container job,seed,head_match
enroot job,job,seed,head_match
enterprise application,application,seed,head_match
entire cluster,cluster,seed,head_match
entire compute unit,compute unit,seed,head_match
entire host,host,seed,head_match
entire job,job,seed,head_match
entire lifecycle job,job,seed,head_match
entire lsf cluster,cluster,seed,head_match
entire lsf cluster,lsf cluster,seed,head_match
entire socket,socket,seed,head_match
entry keyword,keyword,seed,head_match
environment job,job,seed,head_match
equal share,share,seed,head_match
equal sharing,sharing,seed,head_match
erestart interface,interface,seed,head_match
erroneous job,job,seed,head_match
error message job,job,seed,head_match
error message job,message job,seed,head_match
estimation section,section,seed,head_match
esub application,application,seed,head_match
esub job,job,seed,head_match
eswitch program,program,seed,head_match
evenly distribution policy,policy,seed,head_match
evenly distribution policy,distribution policy,seed,head_match
event lsb event,event,seed,head_match
event lsb event,lsb event,seed,head_match
event lsf event,event,seed,head_match
event lsf event,lsf event,seed,head_match
exact group,group,seed,head_match
exception execution cluster,cluster,seed,head_match
exception execution cluster,execution cluster,seed,head_match
exception handler job,job,seed,head_match
exceptional condition job,job,seed,head_match
exceptional condition job,condition job,seed,head_match
exceptional host,host,seed,head_match
exclusive compute unit,compute unit,seed,head_match
exclusive job,job,seed,head_match
exclusive process gpu,gpu,seed,head_match
exclusive queue,queue,seed,head_match
exclusive resource,resource,seed,head_match
exclusive resource definition,definition,seed,head_match
exclusive resource template,template,seed,head_match
exclusive scheduling,scheduling,seed,head_match
exclusive_process gpu host,host,seed,head_match
exclusive_process gpu host,gpu host,seed,head_match
exclusive_process mode,mode,seed,head_match
execution cluster,cluster,seed,head_match
execution cluster job,job,seed,head_match
execution cluster job,cluster job,seed,head_match
execution domain,domain,seed,head_match
execution driver script,script,seed,head_match
execution environment,environment,seed,head_match
execution graph,graph,seed,head_match
execution host,host,seed,head_match
execution host candidate,candidate,seed,head_match
execution host job,job,seed,head_match
execution host job,host job,seed,head_match
execution host pam,pam,seed,head_match
execution node,node,seed,head_match
execution operation,operation,seed,head_match
execution parallel job,job,seed,head_match
execution parallel job,parallel job,seed,head_match
execution process,process,seed,head_match
execution queue,queue,seed,head_match
execution system node,node,seed,head_match
execution time function,function,seed,head_match
existence tag,tag,seed,head_match
exit code script,script,seed,head_match
experiment graph,graph,seed,head_match
experiment lsf simulation,simulation,seed,head_match
explicit select section,section,seed,head_match
explorer lsf explorer,lsf explorer,seed,head_match
explorer lsf explorer,explorer,seed,head_match
expression expression,expression,seed,head_match
extension jsdl specification,specification,seed,head_match
extensive cluster,cluster,seed,head_match
external authentication behavior,behavior,seed,head_match
external authentication feature,feature,seed,head_match
external client,client,seed,head_match
external host,host,seed,head_match
external host group,group,seed,head_match
external host group,host group,seed,head_match
external job,job,seed,head_match
external resource,resource,seed,head_match
external resource lsf,resource lsf,seed,head_match
external script,script,seed,head_match
external static resource,resource,seed,head_match
external static resource,static resource,seed,head_match
extra task,task,seed,head_match
failover host,host,seed,head_match
failure mosquitto daemon,daemon,seed,head_match
fair access resource,resource,seed,head_match
fair share,share,seed,head_match
fair share algorithm,algorithm,seed,head_match
fair share group,group,seed,head_match
fair share job,job,seed,head_match
fair share policy,policy,seed,head_match
fair share pool,pool,seed,head_match
fair share queue,queue,seed,head_match
fair share scheduler,scheduler,seed,head_match
fair share scheduling,scheduling,seed,head_match
fair share tree,tree,seed,head_match
fair sharing,sharing,seed,head_match
fair usage cluster,cluster,seed,head_match
fair usage cluster,usage cluster,seed,head_match
false request,request,seed,head_match
familiar totalview software,software,seed,head_match
fast host,host,seed,head_match
fast host cluster,cluster,seed,head_match
fast host cluster,host cluster,seed,head_match
fcf scheduling,scheduling,seed,head_match
fcfs order,order,seed,head_match
fcfs policy,policy,seed,head_match
fcfs scheduling,scheduling,seed,head_match
fcfs scheduling policy,scheduling policy,seed,head_match
fcfs scheduling policy,policy,seed,head_match
feature cluster,cluster,seed,head_match
feature configuration template,template,seed,head_match
feature configuration template,configuration template,seed,head_match
feature definition,definition,seed,head_match
feature group,group,seed,head_match
feature job,job,seed,head_match
feature job process,process,seed,head_match
feature job process,job process,seed,head_match
feature lsf explorer,lsf explorer,seed,head_match
feature lsf explorer,explorer,seed,head_match
feature name feature_list,feature_list,seed,head_match
feature section,section,seed,head_match
feature specified feature,feature,seed,head_match
featuregroup section,section,seed,head_match
field name order,order,seed,head_match
field specific section,section,seed,head_match
final queue job,job,seed,head_match
final queue job,queue job,seed,head_match
final resource requirement,requirement,seed,head_match
final resource requirement,resource requirement,seed,head_match
final result,result,seed,head_match
fix installer,installer,seed,head_match
fixe bug,bug,seed,head_match
fixed resource,resource,seed,head_match
fleet request,request,seed,head_match
flexibility task,task,seed,head_match
flexlm flexnet,flexnet,seed,head_match
flexnet license,license,seed,head_match
flow job queue,queue,seed,head_match
flow job queue,job queue,seed,head_match
fod cluster,cluster,seed,head_match
folder datum requirement,requirement,seed,head_match
format lsf_confdir host,host,seed,head_match
format structure,structure,seed,head_match
forwarded cluster,cluster,seed,head_match
forwarded job,job,seed,head_match
forwarding attempt job,job,seed,head_match
forwarding model,model,seed,head_match
fpga resource,resource,seed,head_match
fragmentation cluster,cluster,seed,head_match
future version,version,seed,head_match
generic interface,interface,seed,head_match
global fair share,fair share,seed,head_match
global fair share,share,seed,head_match
global limit scheduling,scheduling,seed,head_match
global parameter section,section,seed,head_match
global parameter section,parameter section,seed,head_match
global policy daemon,daemon,seed,head_match
global requirement,requirement,seed,head_match
global resource,resource,seed,head_match
global resource allocation,allocation,seed,head_match
global resource allocation,resource allocation,seed,head_match
global resource collection,collection,seed,head_match
global resource resource,resource,seed,head_match
global resource resource,resource resource,seed,head_match
global setting definition,definition,seed,head_match
global share account,account,seed,head_match
global share account,share account,seed,head_match
global solari container,container,seed,head_match
global_res_static global_res_dynamic resource,resource,seed,head_match
gmodel keyword,keyword,seed,head_match
good available host,host,seed,head_match
good host,host,seed,head_match
good queue,queue,seed,head_match
good resource,resource,seed,head_match
google cloud,cloud,seed,head_match
gpd cluster,cluster,seed,head_match
gpd cluster cluster,cluster,seed,head_match
gpfsio function,function,seed,head_match
gpu application,application,seed,head_match
gpu enhancement,enhancement,seed,head_match
gpu feature,feature,seed,head_match
gpu flow,flow,seed,head_match
gpu host,host,seed,head_match
gpu id host,host,seed,head_match
gpu information cluster,cluster,seed,head_match
gpu job,job,seed,head_match
gpu job device,device,seed,head_match
gpu job gpu,gpu,seed,head_match
gpu lsf cluster,cluster,seed,head_match
gpu lsf cluster,lsf cluster,seed,head_match
gpu lsf distribute,distribute,seed,head_match
gpu nvlink connection,connection,seed,head_match
gpu resource,resource,seed,head_match
gpu running job,job,seed,head_match
gpu running job,running job,seed,head_match
gpu separate gpu,gpu,seed,head_match
gpu statu job,job,seed,head_match
gpu syntax,syntax,seed,head_match
gpu topology host,host,seed,head_match
gpu vendor,vendor,seed,head_match
granularity compute unit,compute unit,seed,head_match
grid lsf ego,lsf ego,seed,head_match
group computer host,host,seed,head_match
group group,group,seed,head_match
group hierarchy,hierarchy,seed,head_match
group host,host,seed,head_match
group job,job,seed,head_match
group license feature,feature,seed,head_match
group license feature,license feature,seed,head_match
group lsf host,host,seed,head_match
group lsf host,lsf host,seed,head_match
group member,member,seed,head_match
group project,project,seed,head_match
group scheduler,scheduler,seed,head_match
group separate machine,machine,seed,head_match
group subgroup,subgroup,seed,head_match
group subject sla,sla,seed,head_match
group1 group,group,seed,head_match
group2 project,project,seed,head_match
group_name host,host,seed,head_match
groupa groupb groupc,groupc,seed,head_match
groupa project,project,seed,head_match
groupd groupc,groupc,seed,head_match
gsla pool,pool,seed,head_match
gtile keyword,keyword,seed,head_match
guarantee goal,goal,seed,head_match
guarantee host,host,seed,head_match
guarantee policy,policy,seed,head_match
guarantee pool,pool,seed,head_match
guarantee pool host,host,seed,head_match
guarantee sla,sla,seed,head_match
guaranteedresourcepool section,section,seed,head_match
hadoop application,application,seed,head_match
hadoop cluster,cluster,seed,head_match
hard processor,processor,seed,head_match
hardware configuration change,configuration change,seed,head_match
hardware resource,resource,seed,head_match
hardware topology,topology,seed,head_match
head queue,queue,seed,head_match
healthy gpu,gpu,seed,head_match
helper host,host,seed,head_match
hierarchical fair share,fair share,seed,head_match
hierarchical fair share,share,seed,head_match
hierarchical group,group,seed,head_match
hierarchical group member,member,seed,head_match
hierarchical group member,group member,seed,head_match
hierarchical group structure,structure,seed,head_match
hierarchical project,project,seed,head_match
hierarchical project group,group,seed,head_match
hierarchical project group,project group,seed,head_match
hierarchical relationship project,project,seed,head_match
hierarchical structure,structure,seed,head_match
hierarchy fair share,fair share,seed,head_match
hierarchy fair share,share,seed,head_match
hierarchy job,job,seed,head_match
hierarchy queue,queue,seed,head_match
high availability,availability,seed,head_match
high level tool,tool,seed,head_match
high priority job,job,seed,head_match
high priority queue,queue,seed,head_match
high throughput environment,environment,seed,head_match
high_io_policy high_io_queue cluster,cluster,seed,head_match
highio org cluster,cluster,seed,head_match
highpriority@cluster,cluster,seed,head_match
historical information job,job,seed,head_match
historical information job,information job,seed,head_match
history job,job,seed,head_match
history queue,queue,seed,head_match
horizontal format,format,seed,head_match
host advance reservation,reservation,seed,head_match
host advance reservation,advance reservation,seed,head_match
host available policy,policy,seed,head_match
host busy job,job,seed,head_match
host cloud,cloud,seed,head_match
host cluster,cluster,seed,head_match
host cluster lsf,cluster lsf,seed,head_match
host cluster scheduler,scheduler,seed,head_match
host compute unit,compute unit,seed,head_match
host dispatch,dispatch,seed,head_match
host exclusive resource,resource,seed,head_match
host execution,execution,seed,head_match
host execution cluster,cluster,seed,head_match
host execution cluster,execution cluster,seed,head_match
host feature,feature,seed,head_match
host format,format,seed,head_match
host group,group,seed,head_match
host group host,host,seed,head_match
host group host,group host,seed,head_match
host group lsf,group lsf,seed,head_match
host group member,member,seed,head_match
host group member,group member,seed,head_match
host host cluster,cluster,seed,head_match
host host cluster,host cluster,seed,head_match
host host group,group,seed,head_match
host host group,host group,seed,head_match
host host model,model,seed,head_match
host host model,host model,seed,head_match
host host partition,partition,seed,head_match
host hpc integration,integration,seed,head_match
host information lsf cluster cluster_name,lsf cluster cluster_name,seed,head_match
host instance,instance,seed,head_match
host job,job,seed,head_match
host job scheduling,scheduling,seed,head_match
host level,level,seed,head_match
host license,license,seed,head_match
host lim host,host,seed,head_match
host limit definition,limit definition,seed,head_match
host limit definition,definition,seed,head_match
host list host,host,seed,head_match
host local cluster,cluster,seed,head_match
host local cluster,local cluster,seed,head_match
host lsf cloud,cloud,seed,head_match
host lsf cluster,cluster,seed,head_match
host lsf cluster,lsf cluster,seed,head_match
host lsf cluster cluster_name,lsf cluster cluster_name,seed,head_match
host lsf server,server,seed,head_match
host lsf system,system,seed,head_match
host lsf system,lsf system,seed,head_match
host machine,machine,seed,head_match
host management host,host,seed,head_match
host management host,management host,seed,head_match
host model,model,seed,head_match
host order,order,seed,head_match
host parallel job,job,seed,head_match
host parallel job,parallel job,seed,head_match
host particular job,job,seed,head_match
host partition,partition,seed,head_match
host partition host,host,seed,head_match
host partition lsb host,host,seed,head_match
host pool,pool,seed,head_match
host preference,preference,seed,head_match
host process,process,seed,head_match
host processor,processor,seed,head_match
host provider,provider,seed,head_match
host queue,queue,seed,head_match
host queue cluster,cluster,seed,head_match
host queue cluster,queue cluster,seed,head_match
host queue definition,definition,seed,head_match
host queue project,project,seed,head_match
host reclaim request,request,seed,head_match
host remote cluster,cluster,seed,head_match
host remote cluster,remote cluster,seed,head_match
host requirement,requirement,seed,head_match
host reservation,reservation,seed,head_match
host resource,resource,seed,head_match
host resource provider,provider,seed,head_match
host resource provider,resource provider,seed,head_match
host section,section,seed,head_match
host section lsf,section lsf,seed,head_match
host static host,host,seed,head_match
host terminal service,service,seed,head_match
host topology,topology,seed,head_match
host type level,level,seed,head_match
host unavail,unavail,seed,head_match
host1 host,host,seed,head_match
host12 available job,job,seed,head_match
host_group r,r,seed,head_match
hostexport section,section,seed,head_match
hostgroup section,section,seed,head_match
hostmodel section,section,seed,head_match
hostmodel section lsf shared,lsf shared,seed,head_match
hostmodel section lsf shared,shared,seed,head_match
hostpartition section,section,seed,head_match
hostpartition section lsb host,host,seed,head_match
hosttype section,section,seed,head_match
hosttype section lsf shared,lsf shared,seed,head_match
hosttype section lsf shared,shared,seed,head_match
hpc application,application,seed,head_match
hpc cluster,cluster,seed,head_match
hpc feature,feature,seed,head_match
http http server,server,seed,head_match
hung job,job,seed,head_match
hwloc library,library,seed,head_match
hwloc package,package,seed,head_match
ia host,host,seed,head_match
ibm cloud account,account,seed,head_match
ibm lsf_cognitive_v,lsf_cognitive_v,seed,head_match
ibm poe job,job,seed,head_match
ibm prediction work,work,seed,head_match
id closed host,host,seed,head_match
identd daemon host,host,seed,head_match
identification daemon,daemon,seed,head_match
idle job,job,seed,head_match
idle machine,machine,seed,head_match
idle queue,queue,seed,head_match
idle resource,resource,seed,head_match
import instance request,request,seed,head_match
important resource,resource,seed,head_match
incoming remote section,section,seed,head_match
inconsistent behavior,behavior,seed,head_match
increase allocation,allocation,seed,head_match
independent gpu instance,instance,seed,head_match
index host,host,seed,head_match
individual cluster,cluster,seed,head_match
individual feature section,section,seed,head_match
individual feature section,feature section,seed,head_match
individual interface,interface,seed,head_match
individual job,job,seed,head_match
individual lsf host,host,seed,head_match
individual lsf host,lsf host,seed,head_match
individual process,process,seed,head_match
individual queue lsb queue,queue,seed,head_match
individual queue lsb queue,lsb queue,seed,head_match
ineligible job,job,seed,head_match
infinit queue,queue,seed,head_match
information advance reservation,reservation,seed,head_match
information advance reservation,advance reservation,seed,head_match
information cache,cache,seed,head_match
information cluster,cluster,seed,head_match
information distribution license,license,seed,head_match
information feature,feature,seed,head_match
information global resource,resource,seed,head_match
information global resource,global resource,seed,head_match
information gpu host,host,seed,head_match
information gpu host,gpu host,seed,head_match
information guarantee host,host,seed,head_match
information host,host,seed,head_match
information job,job,seed,head_match
information job array,array,seed,head_match
information job array,job array,seed,head_match
information job process,process,seed,head_match
information job process,job process,seed,head_match
information license,license,seed,head_match
information license feature,feature,seed,head_match
information license feature,license feature,seed,head_match
information lsf job,job,seed,head_match
information lsf job,lsf job,seed,head_match
information lsf predictor,lsf predictor,seed,head_match
information lsf resource,resource,seed,head_match
information lsf resource,lsf resource,seed,head_match
information mbatchd,mbatchd,seed,head_match
information predefined format,format,seed,head_match
information profile placement,placement,seed,head_match
information remote cluster,cluster,seed,head_match
information remote cluster,remote cluster,seed,head_match
information resource,resource,seed,head_match
information resource usage,usage,seed,head_match
information resource usage,resource usage,seed,head_match
information specific license,license,seed,head_match
information task,task,seed,head_match
information troubleshooting,troubleshooting,seed,head_match
information unfinished job,job,seed,head_match
information unrecognized cluster,cluster,seed,head_match
initial resource allocation,allocation,seed,head_match
initial resource allocation,resource allocation,seed,head_match
input output,output,seed,head_match
input output job,job,seed,head_match
installation following step,step,seed,head_match
installation package,package,seed,head_match
installation step,step,seed,head_match
installer script package,package,seed,head_match
instance amazon instance,instance,seed,head_match
instance aws,aws,seed,head_match
instance cluster,cluster,seed,head_match
instance instance,instance,seed,head_match
instance job,job,seed,head_match
instance lsf configuration,configuration,seed,head_match
instance lsf configuration,lsf configuration,seed,head_match
instance lsf daemon,daemon,seed,head_match
instance lsf daemon,lsf daemon,seed,head_match
instance microsoft azure,azure,seed,head_match
instance property template,template,seed,head_match
instance resource,resource,seed,head_match
instance startup,startup,seed,head_match
instance template,template,seed,head_match
integration advance reservation,reservation,seed,head_match
integration advance reservation,advance reservation,seed,head_match
integration package,package,seed,head_match
intensive job,job,seed,head_match
intensive resource,resource,seed,head_match
interaction scheduling policy,scheduling policy,seed,head_match
interaction scheduling policy,policy,seed,head_match
interactive batch job,job,seed,head_match
interactive batch job,batch job,seed,head_match
interactive installer,installer,seed,head_match
interactive queue,queue,seed,head_match
interactive remote task,task,seed,head_match
interactive shell application,application,seed,head_match
interactive task,task,seed,head_match
interactive taskman job,job,seed,head_match
interactive taskman job,taskman job,seed,head_match
interactive unix application,application,seed,head_match
internal job container,container,seed,head_match
internal job container,job container,seed,head_match
interruptible backfill,backfill,seed,head_match
interruptible backfill queue,queue,seed,head_match
interruptible backfill queue,backfill queue,seed,head_match
interruptible backfill scheduling,scheduling,seed,head_match
interruptible backfill scheduling,backfill scheduling,seed,head_match
invalid element,element,seed,head_match
ipv6 client host,host,seed,head_match
ipv6 client host,client host,seed,head_match
item job,job,seed,head_match
item lsf simulator,lsf simulator,seed,head_match
item lsf simulator,simulator,seed,head_match
jg job group,job group,seed,head_match
jg job group,group,seed,head_match
job action,action,seed,head_match
job allocation,allocation,seed,head_match
job application,application,seed,head_match
job application profile,application profile,seed,head_match
job application profile,profile,seed,head_match
job aps queue,queue,seed,head_match
job array,array,seed,head_match
job array element,element,seed,head_match
job array group,group,seed,head_match
job backfill job,job,seed,head_match
job backfill queue,queue,seed,head_match
job backfill queue,backfill queue,seed,head_match
job blaunch job,job,seed,head_match
job candidate,candidate,seed,head_match
job certain restriction,restriction,seed,head_match
job checkpoint,checkpoint,seed,head_match
job cluster,cluster,seed,head_match
job cluster resource,resource,seed,head_match
job container,container,seed,head_match
job control,control,seed,head_match
job control action,action,seed,head_match
job csm integration,integration,seed,head_match
job dependency,dependency,seed,head_match
job dependency expression,expression,seed,head_match
job dependency job,job,seed,head_match
job dependency scheduling,scheduling,seed,head_match
job different host,host,seed,head_match
job different queue,queue,seed,head_match
job dispatch,dispatch,seed,head_match
job dispatch order,order,seed,head_match
job docker container,container,seed,head_match
job eligibility dispatch,dispatch,seed,head_match
job eligible scheduling,scheduling,seed,head_match
job enroot container,container,seed,head_match
job environment lsf,environment lsf,seed,head_match
job event,event,seed,head_match
job event field,field,seed,head_match
job exception queue,queue,seed,head_match
job execution,execution,seed,head_match
job execution cluster,cluster,seed,head_match
job execution cluster,execution cluster,seed,head_match
job execution environment,environment,seed,head_match
job execution environment,execution environment,seed,head_match
job execution host,host,seed,head_match
job execution host,execution host,seed,head_match
job fair share,fair share,seed,head_match
job fair share,share,seed,head_match
job fcfs queue,queue,seed,head_match
job flow,flow,seed,head_match
job forwarding model,model,seed,head_match
job function,function,seed,head_match
job gpu,gpu,seed,head_match
job group,group,seed,head_match
job group hierarchy,hierarchy,seed,head_match
job group hierarchy,group hierarchy,seed,head_match
job group job,job,seed,head_match
job group job,group job,seed,head_match
job group resource,resource,seed,head_match
job groupc groupc,groupc,seed,head_match
job head queue,queue,seed,head_match
job host host,host,seed,head_match
job host slot,slot,seed,head_match
job important criterion,criterion,seed,head_match
job ineligible scheduling,scheduling,seed,head_match
job information cache,cache,seed,head_match
job information cache,information cache,seed,head_match
job information lsf,information lsf,seed,head_match
job information security,security,seed,head_match
job interactive task,task,seed,head_match
job interactive task,interactive task,seed,head_match
job job,job,seed,head_match
job job array,array,seed,head_match
job job array,job array,seed,head_match
job job group,job group,seed,head_match
job job group,group,seed,head_match
job job job,job,seed,head_match
job job job,job job,seed,head_match
job level host,host,seed,head_match
job license,license,seed,head_match
job limit processor,processor,seed,head_match
job local cluster,cluster,seed,head_match
job local cluster,local cluster,seed,head_match
job local queue,queue,seed,head_match
job lost_and_found queue,queue,seed,head_match
job lsb event,event,seed,head_match
job lsb event,lsb event,seed,head_match
job lsf cluster,cluster,seed,head_match
job lsf cluster,lsf cluster,seed,head_match
job lsf feature,feature,seed,head_match
job lsf host,host,seed,head_match
job lsf host,lsf host,seed,head_match
job lsf job,job,seed,head_match
job lsf job,lsf job,seed,head_match
job lsf system,system,seed,head_match
job lsf system,lsf system,seed,head_match
job migration,migration,seed,head_match
job migration feature,feature,seed,head_match
job new job,job,seed,head_match
job notification,notification,seed,head_match
job numa node,node,seed,head_match
job order,order,seed,head_match
job output job,job,seed,head_match
job overrun job,job,seed,head_match
job pack feature,feature,seed,head_match
job particular shell,shell,seed,head_match
job partition,partition,seed,head_match
job placement,placement,seed,head_match
job plan,plan,seed,head_match
job plan job,job,seed,head_match
job podman container,container,seed,head_match
job preemptable queue,queue,seed,head_match
job prioritization policy,policy,seed,head_match
job priority behavior,behavior,seed,head_match
job process,process,seed,head_match
job producer job,job,seed,head_match
job queue,queue,seed,head_match
job queue cluster,cluster,seed,head_match
job queue cluster,queue cluster,seed,head_match
job queue host,host,seed,head_match
job queue job,job,seed,head_match
job queue job,queue job,seed,head_match
job queue queue,queue,seed,head_match
job queue2 cluster,cluster,seed,head_match
job regular queue,queue,seed,head_match
job remote cluster,cluster,seed,head_match
job remote cluster,remote cluster,seed,head_match
job request,request,seed,head_match
job request cluster,cluster,seed,head_match
job requirement lsf,requirement lsf,seed,head_match
job requirement site,site,seed,head_match
job rerun,rerun,seed,head_match
job rerun host,host,seed,head_match
job reservation,reservation,seed,head_match
job reserve,reserve,seed,head_match
job reserve slot,slot,seed,head_match
job resize event,event,seed,head_match
job resource,resource,seed,head_match
job resource allocation,allocation,seed,head_match
job resource allocation,resource allocation,seed,head_match
job resource lsf,resource lsf,seed,head_match
job resume request,request,seed,head_match
job scheduling,scheduling,seed,head_match
job scheduling behavior,behavior,seed,head_match
job scheduling dispatch,dispatch,seed,head_match
job scheduling execution,execution,seed,head_match
job scheduling policy,scheduling policy,seed,head_match
job scheduling policy,policy,seed,head_match
job service,service,seed,head_match
job service class,service class,seed,head_match
job service class,class,seed,head_match
job session,session,seed,head_match
job single processor,processor,seed,head_match
job slot,slot,seed,head_match
job slot job,job,seed,head_match
job slot job,slot job,seed,head_match
job specific queue,queue,seed,head_match
job specific resource,resource,seed,head_match
job specified group,group,seed,head_match
job specified queue,queue,seed,head_match
job submission cluster,cluster,seed,head_match
job submission cluster,submission cluster,seed,head_match
job submission environment,environment,seed,head_match
job submission execution,execution,seed,head_match
job submission host,host,seed,head_match
job submission job,job,seed,head_match
job submission request,request,seed,head_match
job submission script,script,seed,head_match
job switch request,request,seed,head_match
job task,task,seed,head_match
job task lsf,task lsf,seed,head_match
job transfer queue,queue,seed,head_match
job transfer queue,transfer queue,seed,head_match
job transfer script,script,seed,head_match
job unavailable cluster,cluster,seed,head_match
job underrun job,job,seed,head_match
job unix host,host,seed,head_match
job unix host,unix host,seed,head_match
job wait job,job,seed,head_match
job warning action,action,seed,head_match
job_control lsb.queue,queue,seed,head_match
job_control lsb.queue,lsb queue,seed,head_match
job_finish2 lsf event,event,seed,head_match
job_finish2 lsf event,lsf event,seed,head_match
job_stat_exit state reason,reason,seed,head_match
job_stat_pend state reason,reason,seed,head_match
job_switch event,event,seed,head_match
job_switch2 event log,event log,seed,head_match
joba job,job,seed,head_match
jobid parent,parent,seed,head_match
jobinfo cache,cache,seed,head_match
jobvm resource,resource,seed,head_match
json object,object,seed,head_match
k checkpoint,checkpoint,seed,head_match
keepalived multiple daemon,daemon,seed,head_match
kerberos authentication,authentication,seed,head_match
key lsf daemon,daemon,seed,head_match
key lsf daemon,lsf daemon,seed,head_match
kind information lsf,information lsf,seed,head_match
lack resource,resource,seed,head_match
lan feature,feature,seed,head_match
lan service domain,service domain,seed,head_match
lan service domain,domain,seed,head_match
large cluster,cluster,seed,head_match
large cluster cluster,cluster,seed,head_match
large datum transfer,datum transfer,seed,head_match
large datum transfer,transfer,seed,head_match
large job,job,seed,head_match
large job array,array,seed,head_match
large job array,job array,seed,head_match
large job start,job start,seed,head_match
large license,license,seed,head_match
large number job,job,seed,head_match
large number queue,queue,seed,head_match
large parallel job,job,seed,head_match
large parallel job,parallel job,seed,head_match
large resource,resource,seed,head_match
launch instance template,template,seed,head_match
launch node,node,seed,head_match
launch specification,specification,seed,head_match
launch template,template,seed,head_match
lc2_dyn_host log class,class,seed,head_match
ldap provider,provider,seed,head_match
ldap server,server,seed,head_match
learn daemon process,process,seed,head_match
learn daemon process,daemon process,seed,head_match
level hierarchical group,group,seed,head_match
level hierarchical group,hierarchical group,seed,head_match
level host preference,preference,seed,head_match
level job group,job group,seed,head_match
level job group,group,seed,head_match
level lsf policy,policy,seed,head_match
level preference,preference,seed,head_match
level requirement,requirement,seed,head_match
level root job,job,seed,head_match
level share account,account,seed,head_match
level share account,share account,seed,head_match
level share assignment,assignment,seed,head_match
level topology,topology,seed,head_match
libtirpc package,package,seed,head_match
licence application,application,seed,head_match
license allocation,allocation,seed,head_match
license available job,job,seed,head_match
license checkout simulation,simulation,seed,head_match
license cluster,cluster,seed,head_match
license collection,collection,seed,head_match
license collector,collector,seed,head_match
license collector daemon,daemon,seed,head_match
license distribution policy,policy,seed,head_match
license distribution policy,distribution policy,seed,head_match
license dynamic resource,resource,seed,head_match
license feature,feature,seed,head_match
license feature cluster,cluster,seed,head_match
license flexnet,flexnet,seed,head_match
license information license,license,seed,head_match
license interactive task,task,seed,head_match
license interactive task,interactive task,seed,head_match
license job,job,seed,head_match
license license server,server,seed,head_match
license license server,license server,seed,head_match
license lsf cluster,cluster,seed,head_match
license lsf cluster,lsf cluster,seed,head_match
license lsf job,job,seed,head_match
license lsf job,lsf job,seed,head_match
license lsf workload,workload,seed,head_match
license ownership sharing,sharing,seed,head_match
license project,project,seed,head_match
license project feature,feature,seed,head_match
license request,request,seed,head_match
license requirement,requirement,seed,head_match
license reservation,reservation,seed,head_match
license resource,resource,seed,head_match
license scheduler,scheduler,seed,head_match
license scheduler host,host,seed,head_match
license scheduler license,license,seed,head_match
license scheduler project,project,seed,head_match
license server,server,seed,head_match
license server collector,collector,seed,head_match
license service domain,service domain,seed,head_match
license service domain,domain,seed,head_match
license specific feature,feature,seed,head_match
license term,term,seed,head_match
lim daemon host,host,seed,head_match
lim host,host,seed,head_match
lim host lim,lim,seed,head_match
lim local host,host,seed,head_match
lim local host,local host,seed,head_match
lim log host,host,seed,head_match
lim res daemon,daemon,seed,head_match
lim res daemon,res daemon,seed,head_match
limit backfill scheduling,scheduling,seed,head_match
limit backfill scheduling,backfill scheduling,seed,head_match
limit format,format,seed,head_match
limit host group,group,seed,head_match
limit host group,host group,seed,head_match
limit limit section,section,seed,head_match
limit limit section,limit section,seed,head_match
limit policy,policy,seed,head_match
limit project,project,seed,head_match
limit queue,queue,seed,head_match
limit section,section,seed,head_match
limit section format,format,seed,head_match
limit section format,section format,seed,head_match
limit section lsb resource,resource,seed,head_match
limit section structure,structure,seed,head_match
limit session,session,seed,head_match
limit submission cluster,cluster,seed,head_match
limit submission cluster,submission cluster,seed,head_match
line host cluster,cluster,seed,head_match
line host cluster,host cluster,seed,head_match
line limit section,section,seed,head_match
line limit section,limit section,seed,head_match
linux cgroup,cgroup,seed,head_match
linux cgroup cpuset,cpuset,seed,head_match
linux cgroup device,device,seed,head_match
linux cgroup job,job,seed,head_match
linux cluster,cluster,seed,head_match
linux compute node,node,seed,head_match
linux compute node,compute node,seed,head_match
linux host,host,seed,head_match
linux installation guide,guide,seed,head_match
linux kernel,kernel,seed,head_match
linux kernel module,module,seed,head_match
linux pam,pam,seed,head_match
linux pam service,service,seed,head_match
linux4 18 package,package,seed,head_match
list boolean resource,resource,seed,head_match
list boolean resource,boolean resource,seed,head_match
list default queue,queue,seed,head_match
list default queue,default queue,seed,head_match
list host,host,seed,head_match
list member,member,seed,head_match
list resource provider,provider,seed,head_match
list resource provider,resource provider,seed,head_match
live reconfiguration,reconfiguration,seed,head_match
live reconfiguration request,request,seed,head_match
load condition,condition,seed,head_match
load index,index,seed,head_match
load information lim,lim,seed,head_match
load job,job,seed,head_match
load management host,host,seed,head_match
load management host,management host,seed,head_match
loan policy,policy,seed,head_match
local account,account,seed,head_match
local cluster,cluster,seed,head_match
local helper service,service,seed,head_match
local host,host,seed,head_match
local job,job,seed,head_match
local lim,lim,seed,head_match
local policy,policy,seed,head_match
local queue,queue,seed,head_match
local remote cluster,cluster,seed,head_match
local remote cluster,remote cluster,seed,head_match
local resource,resource,seed,head_match
local share account,account,seed,head_match
local share account,share account,seed,head_match
local task,task,seed,head_match
local_file submission host,host,seed,head_match
locked host,host,seed,head_match
log class,class,seed,head_match
log instance,instance,seed,head_match
log task,task,seed,head_match
logical expression,expression,seed,head_match
logical partition,partition,seed,head_match
login session,session,seed,head_match
long format,format,seed,head_match
long job,job,seed,head_match
long scheduling session,session,seed,head_match
lost_and_found queue,queue,seed,head_match
lot job,job,seed,head_match
lp3 project,project,seed,head_match
ls resource,resource,seed,head_match
lsadmin badmin command,command,seed,head_match
lsb application,application,seed,head_match
lsb event,event,seed,head_match
lsb module,module,seed,head_match
lsb param lsb queue,queue,seed,head_match
lsb param lsb queue,lsb queue,seed,head_match
lsb queue,queue,seed,head_match
lsb queue lsb application,application,seed,head_match
lsb queue lsb application,lsb application,seed,head_match
lsb stream,stream,seed,head_match
lsb_docker_place_holder keyword,keyword,seed,head_match
lsb_sub_parm_file esub process,process,seed,head_match
lsf acl feature,feature,seed,head_match
lsf action,action,seed,head_match
lsf advanced edition,edition,seed,head_match
lsf afs integration,integration,seed,head_match
lsf aix partition,partition,seed,head_match
lsf apache hadoop,apache hadoop,seed,head_match
lsf api library,library,seed,head_match
lsf api reference,reference,seed,head_match
lsf application,application,seed,head_match
lsf authentication,authentication,seed,head_match
lsf aws,aws,seed,head_match
lsf batch system,system,seed,head_match
lsf blaunch framework,framework,seed,head_match
lsf cgroup,cgroup,seed,head_match
lsf client,client,seed,head_match
lsf client host,host,seed,head_match
lsf client host,client host,seed,head_match
lsf client lim,lim,seed,head_match
lsf client server,server,seed,head_match
lsf cluster,cluster,seed,head_match
lsf cluster cluster,cluster,seed,head_match
lsf cluster cluster_name remotecluster section,section,seed,head_match
lsf cluster cluster_name server host,host,seed,head_match
lsf cluster cluster_name server host,server host,seed,head_match
lsf cluster cluster_namefile installation,installation,seed,head_match
lsf cluster clustername host model,model,seed,head_match
lsf cluster clustername host model,host model,seed,head_match
lsf cluster component,component,seed,head_match
lsf cluster configuration,configuration,seed,head_match
lsf cluster environment,environment,seed,head_match
lsf cluster host,host,seed,head_match
lsf cluster job,job,seed,head_match
lsf cluster job,cluster job,seed,head_match
lsf cluster overview,overview,seed,head_match
lsf command,command,seed,head_match
lsf command application,application,seed,head_match
lsf command configuration,configuration,seed,head_match
lsf command daemon,daemon,seed,head_match
lsf command reference,reference,seed,head_match
lsf compute unit,compute unit,seed,head_match
lsf configuration,configuration,seed,head_match
lsf configuration reference,reference,seed,head_match
lsf control job,job,seed,head_match
lsf daemon,daemon,seed,head_match
lsf daemon authentication,authentication,seed,head_match
lsf daemon configuration,configuration,seed,head_match
lsf daemon daemon,daemon,seed,head_match
lsf daemon host,host,seed,head_match
lsf daemon instance,instance,seed,head_match
lsf daemon queue,queue,seed,head_match
lsf database,database,seed,head_match
lsf datamanag configuration,configuration,seed,head_match
lsf datamanag parameter section,section,seed,head_match
lsf datamanag parameter section,parameter section,seed,head_match
lsf datum cluster,cluster,seed,head_match
lsf default behavior,behavior,seed,head_match
lsf default installation,installation,seed,head_match
lsf detect event,event,seed,head_match
lsf dispatch job,job,seed,head_match
lsf distribute,distribute,seed,head_match
lsf domain,domain,seed,head_match
lsf dynamic host,host,seed,head_match
lsf dynamic host,dynamic host,seed,head_match
lsf elim,elim,seed,head_match
lsf environment,environment,seed,head_match
lsf event,event,seed,head_match
lsf exclude host,host,seed,head_match
lsf execution,execution,seed,head_match
lsf execution domain,domain,seed,head_match
lsf execution environment,environment,seed,head_match
lsf execution environment,execution environment,seed,head_match
lsf explorer,explorer,seed,head_match
lsf extension element,element,seed,head_match
lsf factor,factor,seed,head_match
lsf family product,product,seed,head_match
lsf following command,command,seed,head_match
lsf global policy,policy,seed,head_match
lsf gpu job,job,seed,head_match
lsf gpu job,gpu job,seed,head_match
lsf group host,host,seed,head_match
lsf group host,group host,seed,head_match
lsf group member,member,seed,head_match
lsf group member,group member,seed,head_match
lsf host,host,seed,head_match
lsf host cluster,cluster,seed,head_match
lsf host cluster,host cluster,seed,head_match
lsf host group,group,seed,head_match
lsf host group,host group,seed,head_match
lsf hpc service,service,seed,head_match
lsf identifie host,host,seed,head_match
lsf installation,installation,seed,head_match
lsf installation cluster,cluster,seed,head_match
lsf instance,instance,seed,head_match
lsf integration,integration,seed,head_match
lsf integration clearcase,clearcase,seed,head_match
lsf integration container,container,seed,head_match
lsf integration package,package,seed,head_match
lsf integration package,integration package,seed,head_match
lsf interactive tool,tool,seed,head_match
lsf job,job,seed,head_match
lsf job clearcase,clearcase,seed,head_match
lsf job container,container,seed,head_match
lsf job container,job container,seed,head_match
lsf job dependency,job dependency,seed,head_match
lsf job dependency,dependency,seed,head_match
lsf job execution,execution,seed,head_match
lsf job execution,job execution,seed,head_match
lsf job job,job,seed,head_match
lsf job job,job job,seed,head_match
lsf job output,output,seed,head_match
lsf job process,process,seed,head_match
lsf job process,job process,seed,head_match
lsf job queue,queue,seed,head_match
lsf job queue,job queue,seed,head_match
lsf job scheduler,scheduler,seed,head_match
lsf job session,session,seed,head_match
lsf job slot,slot,seed,head_match
lsf job slot,job slot,seed,head_match
lsf job totalview,totalview,seed,head_match
lsf job_control configuration,configuration,seed,head_match
lsf kerbero integration,integration,seed,head_match
lsf kerbero server,server,seed,head_match
lsf kill queue,queue,seed,head_match
lsf kubernete integration,integration,seed,head_match
lsf ldap environment,environment,seed,head_match
lsf library,library,seed,head_match
lsf license,license,seed,head_match
lsf license scheduler,scheduler,seed,head_match
lsf license scheduler,license scheduler,seed,head_match
lsf log event,event,seed,head_match
lsf lsf daemon,daemon,seed,head_match
lsf lsf daemon,lsf daemon,seed,head_match
lsf lsf job,job,seed,head_match
lsf lsf job,lsf job,seed,head_match
lsf man page,man page,seed,head_match
lsf management host,host,seed,head_match
lsf management host,management host,seed,head_match
lsf master host,host,seed,head_match
lsf method,method,seed,head_match
lsf mixed cluster,cluster,seed,head_match
lsf multicluster job,job,seed,head_match
lsf multicluster job,multicluster job,seed,head_match
lsf new daemon,daemon,seed,head_match
lsf new host,host,seed,head_match
lsf nis integration,integration,seed,head_match
lsf operating environment,environment,seed,head_match
lsf package,package,seed,head_match
lsf pam,pam,seed,head_match
lsf parameter reconfiguration,reconfiguration,seed,head_match
lsf pe integration,integration,seed,head_match
lsf performance,performance,seed,head_match
lsf performance enhancement,enhancement,seed,head_match
lsf plan,plan,seed,head_match
lsf policy,policy,seed,head_match
lsf predictor service,service,seed,head_match
lsf preemption action,action,seed,head_match
lsf problem,problem,seed,head_match
lsf process,process,seed,head_match
lsf product,product,seed,head_match
lsf production environment,environment,seed,head_match
lsf project,project,seed,head_match
lsf query client,client,seed,head_match
lsf queue,queue,seed,head_match
lsf reference,reference,seed,head_match
lsf reject request,request,seed,head_match
lsf res daemon,daemon,seed,head_match
lsf res daemon,res daemon,seed,head_match
lsf reserve,reserve,seed,head_match
lsf resource,resource,seed,head_match
lsf resource requirement,requirement,seed,head_match
lsf resource requirement,resource requirement,seed,head_match
lsf resource usage,usage,seed,head_match
lsf resource usage,resource usage,seed,head_match
lsf run script,script,seed,head_match
lsf schedule control,control,seed,head_match
lsf scheduler,scheduler,seed,head_match
lsf scheduling,scheduling,seed,head_match
lsf scheduling policy,scheduling policy,seed,head_match
lsf scheduling policy,policy,seed,head_match
lsf security,security,seed,head_match
lsf security configuration,configuration,seed,head_match
lsf security model,model,seed,head_match
lsf server,server,seed,head_match
lsf server host,host,seed,head_match
lsf server host,server host,seed,head_match
lsf service,service,seed,head_match
lsf service class,service class,seed,head_match
lsf service class,class,seed,head_match
lsf session,session,seed,head_match
lsf session scheduler,scheduler,seed,head_match
lsf shared,shared,seed,head_match
lsf shared configuration,configuration,seed,head_match
lsf shared resource section,section,seed,head_match
lsf short job,job,seed,head_match
lsf simulator,simulator,seed,head_match
lsf simulator service,service,seed,head_match
lsf slot,slot,seed,head_match
lsf software,software,seed,head_match
lsf sshd daemon,daemon,seed,head_match
lsf standard edition,edition,seed,head_match
lsf startup,startup,seed,head_match
lsf startup script,script,seed,head_match
lsf support container,container,seed,head_match
lsf sure cluster,cluster,seed,head_match
lsf system,system,seed,head_match
lsf system resource,resource,seed,head_match
lsf system service,service,seed,head_match
lsf task,task,seed,head_match
lsf taskman job,job,seed,head_match
lsf taskman job,taskman job,seed,head_match
lsf totalview,totalview,seed,head_match
lsf transfer,transfer,seed,head_match
lsf unix,unix,seed,head_match
lsf way job,job,seed,head_match
lsf web service,service,seed,head_match
lsf web service,web service,seed,head_match
lsf window job,job,seed,head_match
lsf workload,workload,seed,head_match
lsf workload license,license,seed,head_match
lsf_bind_job affinity scheduling,scheduling,seed,head_match
lsf_bind_job affinity scheduling,affinity scheduling,seed,head_match
lsf_debug_re change effect,effect,seed,head_match
lsf_debug_re change effect,change effect,seed,head_match
lsf_envdir host,host,seed,head_match
lsf_lic_sched_host cluster,cluster,seed,head_match
lsf_lic_sched_host failover candidate,candidate,seed,head_match
lsf_lic_sched_host parameter function,function,seed,head_match
lsf_linux_cgroup_acct track process,process,seed,head_match
lsf_logdir lsf system,system,seed,head_match
lsf_logdir lsf system,lsf system,seed,head_match
lsf_mandir man page,man page,seed,head_match
lsf_mq_broker_host lsf version,version,seed,head_match
lsf_resource management host,host,seed,head_match
lsf_resource management host,management host,seed,head_match
lsf_resource server host,host,seed,head_match
lsf_resource server host,server host,seed,head_match
lsf_serverdir esub.fluent job,job,seed,head_match
lsf_version resource_connector azure,azure,seed,head_match
lsf_version resource_connector cyclecloud,cyclecloud,seed,head_match
lsf_version resource_connector policy,policy,seed,head_match
lsfadmin job,job,seed,head_match
lsfbeat energy service,service,seed,head_match
lsfbeat service,service,seed,head_match
lsfhost host cluster,cluster,seed,head_match
lsfhost host cluster,host cluster,seed,head_match
lsfinstall compatible cluster,cluster,seed,head_match
lsfproxyd daemon request,request,seed,head_match
lsfproxyd host host,host,seed,head_match
lsfproxyd request request,request,seed,head_match
lsmake tool,tool,seed,head_match
lsreghost window service,service,seed,head_match
lsreghost window service,window service,seed,head_match
lts kernel,kernel,seed,head_match
machine cluster,cluster,seed,head_match
machine model,model,seed,head_match
mail job,job,seed,head_match
mail message job,job,seed,head_match
mail message job,message job,seed,head_match
major task,task,seed,head_match
malicious host,host,seed,head_match
manage application profile,application profile,seed,head_match
manage application profile,profile,seed,head_match
management application,application,seed,head_match
management batch daemon,daemon,seed,head_match
management batch daemon,batch daemon,seed,head_match
management candidate,candidate,seed,head_match
management candidate host,host,seed,head_match
management candidate host,candidate host,seed,head_match
management host,host,seed,head_match
management host cluster,cluster,seed,head_match
management host cluster,host cluster,seed,head_match
management host instance,instance,seed,head_match
management host lim,lim,seed,head_match
management host requirement,requirement,seed,head_match
management node,node,seed,head_match
management_host host group,group,seed,head_match
management_host host group,host group,seed,head_match
mandatory esub job,job,seed,head_match
mandatory eswitch program,program,seed,head_match
mandatory job,job,seed,head_match
manual request job,job,seed,head_match
manual step,step,seed,head_match
map external resource,resource,seed,head_match
map external resource,external resource,seed,head_match
mark program,program,seed,head_match
master lim,lim,seed,head_match
matching host,host,seed,head_match
maximum resource,resource,seed,head_match
mb accumulate job,job,seed,head_match
mb host job,job,seed,head_match
mb host job,host job,seed,head_match
mb job,job,seed,head_match
mbatchd attempt,attempt,seed,head_match
mbatchd change effect,effect,seed,head_match
mbatchd change effect,change effect,seed,head_match
mbatchd daemon,daemon,seed,head_match
mbatchd daemon cluster,cluster,seed,head_match
mbatchd daemon performance,performance,seed,head_match
mbatchd daemon process,process,seed,head_match
mbatchd daemon process,daemon process,seed,head_match
mbatchd daemon startup,startup,seed,head_match
mbatchd job submission,job submission,seed,head_match
mbatchd management host,host,seed,head_match
mbatchd management host,management host,seed,head_match
mbatchd query command,command,seed,head_match
mbatchd restart reconfiguration,reconfiguration,seed,head_match
mbatchd startup,startup,seed,head_match
mbschd evaluate job,job,seed,head_match
mc cluster,cluster,seed,head_match
mem swp resource,resource,seed,head_match
member chunk job,job,seed,head_match
member group,group,seed,head_match
member hierarchical group,group,seed,head_match
member hierarchical group,hierarchical group,seed,head_match
member lsf cluster,cluster,seed,head_match
member lsf cluster,lsf cluster,seed,head_match
member subgroup,subgroup,seed,head_match
membership compute unit,compute unit,seed,head_match
memory cluster lsf,cluster lsf,seed,head_match
memory host,host,seed,head_match
memory reservation,reservation,seed,head_match
merged result,result,seed,head_match
message datum job,job,seed,head_match
message datum job,datum job,seed,head_match
message interactive job,job,seed,head_match
message job,job,seed,head_match
method application level,level,seed,head_match
method cluster level,level,seed,head_match
method consumable resource,resource,seed,head_match
microsoft azure cyclecloud,cyclecloud,seed,head_match
microsoft azure provider,provider,seed,head_match
mig function,function,seed,head_match
mig host,host,seed,head_match
mig job,job,seed,head_match
migrating job,job,seed,head_match
minimum slot allocation,allocation,seed,head_match
minimum slot allocation,slot allocation,seed,head_match
mixed cluster,cluster,seed,head_match
mixed cluster lsf,cluster lsf,seed,head_match
mode gpu job,job,seed,head_match
mode gpu job,gpu job,seed,head_match
model cluster,cluster,seed,head_match
model job,job,seed,head_match
model lsf predictor,lsf predictor,seed,head_match
model overview,overview,seed,head_match
modification script,script,seed,head_match
monitoring job,job,seed,head_match
mpi application,application,seed,head_match
mpi job,job,seed,head_match
mpi task,task,seed,head_match
mps daemon gpu,gpu,seed,head_match
mps job,job,seed,head_match
mps server,server,seed,head_match
mst resource,resource,seed,head_match
mtab ssh command,command,seed,head_match
multi tenancy environment,environment,seed,head_match
multicluster connection,connection,seed,head_match
multicluster environment,environment,seed,head_match
multicluster information cache,cache,seed,head_match
multicluster information cache,information cache,seed,head_match
multicluster job,job,seed,head_match
multicluster job task,job task,seed,head_match
multicluster job task,task,seed,head_match
multicluster lsf daemon,daemon,seed,head_match
multicluster lsf daemon,lsf daemon,seed,head_match
multiprocessor host,host,seed,head_match
multithread batch query,query,seed,head_match
mxj r,r,seed,head_match
n job slot,slot,seed,head_match
n job slot,job slot,seed,head_match
n resource,resource,seed,head_match
network connection,connection,seed,head_match
network host,host,seed,head_match
network traffic resource,resource,seed,head_match
nice job,job,seed,head_match
night queue,queue,seed,head_match
nis database,database,seed,head_match
node group,group,seed,head_match
node job,job,seed,head_match
node job allocation,allocation,seed,head_match
normal advance reservation,reservation,seed,head_match
normal advance reservation,advance reservation,seed,head_match
normal job,job,seed,head_match
normal lsf job,job,seed,head_match
normal lsf job,lsf job,seed,head_match
normal night,night,seed,head_match
normal queue,queue,seed,head_match
notation host,host,seed,head_match
notification request,request,seed,head_match
notification server,server,seed,head_match
null device,device,seed,head_match
number host condition,condition,seed,head_match
number resource pool,pool,seed,head_match
numeric resource,resource,seed,head_match
numeric resource host,host,seed,head_match
numeric resource lsf,resource lsf,seed,head_match
numeric string resource,resource,seed,head_match
nvidia docker job,job,seed,head_match
nvidia docker job,docker job,seed,head_match
nvidia gpu,gpu,seed,head_match
nvidia gpu lsf,gpu lsf,seed,head_match
o node,node,seed,head_match
open advance reservation,reservation,seed,head_match
open advance reservation,advance reservation,seed,head_match
open reservation,reservation,seed,head_match
openmp thread,thread,seed,head_match
openstack provider,provider,seed,head_match
operating environment installation,installation,seed,head_match
operating system lsf,system lsf,seed,head_match
operation lsf cluster,cluster,seed,head_match
operation lsf cluster,lsf cluster,seed,head_match
operation lsf daemon,daemon,seed,head_match
operation lsf daemon,lsf daemon,seed,head_match
operation lsf unix,unix,seed,head_match
optimal performance,performance,seed,head_match
option application,application,seed,head_match
option cu section,section,seed,head_match
option feature feature_list,feature_list,seed,head_match
option feature group,group,seed,head_match
option feature group,feature group,seed,head_match
option following field,field,seed,head_match
option transfer job,job,seed,head_match
option transfer job,transfer job,seed,head_match
optional docker job,job,seed,head_match
optional docker job,docker job,seed,head_match
optional remotedatamanager section,section,seed,head_match
optional vertical format,format,seed,head_match
order candidate host,host,seed,head_match
order candidate host,candidate host,seed,head_match
order dispatch,dispatch,seed,head_match
order keyword,keyword,seed,head_match
order lsf attempt,attempt,seed,head_match
order project,project,seed,head_match
order queue,queue,seed,head_match
order section,section,seed,head_match
ordering section,section,seed,head_match
original cluster,cluster,seed,head_match
original host,host,seed,head_match
original installation package,package,seed,head_match
original installation package,installation package,seed,head_match
original lsf daemon,daemon,seed,head_match
original lsf daemon,lsf daemon,seed,head_match
original lsf environment,environment,seed,head_match
original lsf environment,lsf environment,seed,head_match
original queue,queue,seed,head_match
original reservation,reservation,seed,head_match
outgoing remote section,section,seed,head_match
output default format,format,seed,head_match
output field,field,seed,head_match
output gpu,gpu,seed,head_match
output host,host,seed,head_match
output json format,format,seed,head_match
output specific field,field,seed,head_match
output table,table,seed,head_match
output terminal,terminal,seed,head_match
output unfinished job,job,seed,head_match
overloading host,host,seed,head_match
overuse license,license,seed,head_match
ownership member,member,seed,head_match
p project,project,seed,head_match
p1 project,project,seed,head_match
p4 project,project,seed,head_match
pack scheduling,scheduling,seed,head_match
package pool,pool,seed,head_match
pam job,job,seed,head_match
pam session,session,seed,head_match
parallel application,application,seed,head_match
parallel batch job,job,seed,head_match
parallel batch job,batch job,seed,head_match
parallel fair share,fair share,seed,head_match
parallel fair share,share,seed,head_match
parallel interactive job,job,seed,head_match
parallel job,job,seed,head_match
parallel job cluster,cluster,seed,head_match
parallel job job,job,seed,head_match
parallel job job,job job,seed,head_match
parallel job script,script,seed,head_match
parallel task,task,seed,head_match
parameter calculation,calculation,seed,head_match
parameter dockerq queue,queue,seed,head_match
parameter feature section,section,seed,head_match
parameter feature section,feature section,seed,head_match
parameter parameter section,section,seed,head_match
parameter parameter section,parameter section,seed,head_match
parameter section,section,seed,head_match
parameter section structure,structure,seed,head_match
parent child set,set,seed,head_match
parent job,job,seed,head_match
parent lim,lim,seed,head_match
parent mbatchd daemon,daemon,seed,head_match
parent mbatchd daemon,mbatchd daemon,seed,head_match
parent process,process,seed,head_match
parent queue,queue,seed,head_match
partition compute unit,compute unit,seed,head_match
password authentication,authentication,seed,head_match
pattern job,job,seed,head_match
pct logic,logic,seed,head_match
pe network requirement,requirement,seed,head_match
peak scheduling,scheduling,seed,head_match
peeked job,job,seed,head_match
pend job host,host,seed,head_match
pending finished job,job,seed,head_match
pending job,job,seed,head_match
per_user queue per_queue,queue per_queue,seed,head_match
performance cluster,cluster,seed,head_match
performance lsf daemon,daemon,seed,head_match
performance lsf daemon,lsf daemon,seed,head_match
performance lsf system,system,seed,head_match
performance lsf system,lsf system,seed,head_match
performance metric,metric,seed,head_match
performance metric collection,collection,seed,head_match
performance reason,reason,seed,head_match
period job,job,seed,head_match
periodic checkpointing,checkpointing,seed,head_match
permission checkpoint,checkpoint,seed,head_match
pg tmp resource,resource,seed,head_match
physical processor,processor,seed,head_match
pipeline table,table,seed,head_match
placement group,group,seed,head_match
placement job,job,seed,head_match
placement task,task,seed,head_match
plan installation,installation,seed,head_match
plan job,job,seed,head_match
podman container engine,engine,seed,head_match
podman container job,job,seed,head_match
podman container job,container job,seed,head_match
podman installation package,package,seed,head_match
podman installation package,installation package,seed,head_match
podman integration,integration,seed,head_match
podman job,job,seed,head_match
poe job,job,seed,head_match
policy global resource,resource,seed,head_match
policy global resource,global resource,seed,head_match
policy license,license,seed,head_match
policy remote cluster,cluster,seed,head_match
policy remote cluster,remote cluster,seed,head_match
policy task,task,seed,head_match
pool host,host,seed,head_match
pool job,job,seed,head_match
pool queue,queue,seed,head_match
pool res_select host,host,seed,head_match
pool sla job,job,seed,head_match
position new queue,queue,seed,head_match
position original queue,queue,seed,head_match
post execution,execution,seed,head_match
post execution processing,execution processing,seed,head_match
post script,script,seed,head_match
potential demand project,project,seed,head_match
power control action,action,seed,head_match
power management feature,feature,seed,head_match
power management policy,policy,seed,head_match
power policy,policy,seed,head_match
powerful management host,host,seed,head_match
powerful management host,management host,seed,head_match
powerpolicy section,section,seed,head_match
powerpolicy section lsb resource,resource,seed,head_match
pre emptable job,job,seed,head_match
pre execution,execution,seed,head_match
pre execution processing,execution processing,seed,head_match
preemptable resource,resource,seed,head_match
preempted instance,instance,seed,head_match
preempted job,job,seed,head_match
preemptible vm instance,instance,seed,head_match
preemption mechanism,mechanism,seed,head_match
preemption p,p,seed,head_match
preemption parallel job,job,seed,head_match
preemption parallel job,parallel job,seed,head_match
preemption project,project,seed,head_match
preemptive queue,queue,seed,head_match
preemptive scheduling,scheduling,seed,head_match
preference host,host,seed,head_match
preference job,job,seed,head_match
preferred memory node,node,seed,head_match
presence resource,resource,seed,head_match
previous cache,cache,seed,head_match
previous lsf behavior,behavior,seed,head_match
previous step,step,seed,head_match
pricing demand instance,instance,seed,head_match
primary management host,host,seed,head_match
primary management host,management host,seed,head_match
priority calculation,calculation,seed,head_match
priority calculation formula,formula,seed,head_match
priority different queue,queue,seed,head_match
priority gpu job,job,seed,head_match
priority gpu job,gpu job,seed,head_match
priority job,job,seed,head_match
priority parent,parent,seed,head_match
priority policy,policy,seed,head_match
priority queue,queue,seed,head_match
priority queue cluster,cluster,seed,head_match
priority queue cluster,queue cluster,seed,head_match
priority queue job,job,seed,head_match
priority queue job,queue job,seed,head_match
priority submission queue,queue,seed,head_match
priority value template,template,seed,head_match
priority work,work,seed,head_match
privileged subcommand,subcommand,seed,head_match
problem bug,bug,seed,head_match
problem cluster daemon,daemon,seed,head_match
procedure site,site,seed,head_match
process group,group,seed,head_match
process host,host,seed,head_match
process parallel job,job,seed,head_match
process parallel job,parallel job,seed,head_match
processor core thread,thread,seed,head_match
processor linux environment,environment,seed,head_match
processor multiprocessor host,host,seed,head_match
processor reservation,reservation,seed,head_match
production cluster,cluster,seed,head_match
project bsub p,p,seed,head_match
project cluster,cluster,seed,head_match
project group,group,seed,head_match
project group hierarchy,hierarchy,seed,head_match
project group hierarchy,group hierarchy,seed,head_match
project hierarchy,hierarchy,seed,head_match
project license,license,seed,head_match
project limit definition,limit definition,seed,head_match
project limit definition,definition,seed,head_match
project mode,mode,seed,head_match
project mode cluster,cluster,seed,head_match
project mode job,job,seed,head_match
project mode project,project,seed,head_match
project p,p,seed,head_match
project project,project,seed,head_match
project section,section,seed,head_match
project specification,specification,seed,head_match
project task,task,seed,head_match
projectgroup section,section,seed,head_match
projectgroup section structure,structure,seed,head_match
property service class,service class,seed,head_match
property service class,class,seed,head_match
provider instance,instance,seed,head_match
provisioning result,result,seed,head_match
pseudo terminal,terminal,seed,head_match
pseudo terminal job,job,seed,head_match
purpose policy,policy,seed,head_match
python interface,interface,seed,head_match
python script,script,seed,head_match
qualifying job,job,seed,head_match
quantity resource,resource,seed,head_match
query process,process,seed,head_match
query scheduling,scheduling,seed,head_match
query source troubleshooting,troubleshooting,seed,head_match
query syntax,syntax,seed,head_match
queue application level,level,seed,head_match
queue b job,job,seed,head_match
queue cluster,cluster,seed,head_match
queue datum transfer,datum transfer,seed,head_match
queue datum transfer,transfer,seed,head_match
queue definition,definition,seed,head_match
queue definition lsb queue,queue,seed,head_match
queue definition lsb queue,lsb queue,seed,head_match
queue dispatch,dispatch,seed,head_match
queue fair share,fair share,seed,head_match
queue fair share,share,seed,head_match
queue job,job,seed,head_match
queue job queue,queue,seed,head_match
queue job queue,job queue,seed,head_match
queue level host,host,seed,head_match
queue level lsb queue,queue,seed,head_match
queue level lsb queue,lsb queue,seed,head_match
queue level requirement,requirement,seed,head_match
queue limit definition,limit definition,seed,head_match
queue limit definition,definition,seed,head_match
queue night,night,seed,head_match
queue parent queue,queue,seed,head_match
queue policy,policy,seed,head_match
queue pool,pool,seed,head_match
queue pool job,job,seed,head_match
queue queue,queue,seed,head_match
queue queue per_queue,queue per_queue,seed,head_match
queue requirement,requirement,seed,head_match
queue rest job,job,seed,head_match
queue scheduling dispatch,dispatch,seed,head_match
queue share account,account,seed,head_match
queue share account,share account,seed,head_match
queue signal,signal,seed,head_match
queue single queue,queue,seed,head_match
queue sure job,job,seed,head_match
queue system lsf,system lsf,seed,head_match
queue1@cluster,cluster,seed,head_match
queue2 queue,queue,seed,head_match
r_rangelsf cluster cluster,cluster,seed,head_match
range field,field,seed,head_match
read job index,index,seed,head_match
read lsf guide,guide,seed,head_match
real host,host,seed,head_match
reason feature,feature,seed,head_match
reason host,host,seed,head_match
receive job queue,queue,seed,head_match
receive job queue,job queue,seed,head_match
receive queue,queue,seed,head_match
receiving queue,queue,seed,head_match
reclaimed host,host,seed,head_match
record cache,cache,seed,head_match
record field,field,seed,head_match
record lsf version,version,seed,head_match
redundant license server,server,seed,head_match
redundant license server,license server,seed,head_match
reference host,host,seed,head_match
reference lsf environment,environment,seed,head_match
reference lsf environment,lsf environment,seed,head_match
registration request host,host,seed,head_match
regular host,host,seed,head_match
regular job,job,seed,head_match
regular lsf job,job,seed,head_match
regular lsf job,lsf job,seed,head_match
remote azure service,service,seed,head_match
remote batch job,job,seed,head_match
remote batch job,batch job,seed,head_match
remote cluster,cluster,seed,head_match
remote cluster job,job,seed,head_match
remote cluster job,cluster job,seed,head_match
remote cluster lsf,cluster lsf,seed,head_match
remote execution cluster,cluster,seed,head_match
remote execution cluster,execution cluster,seed,head_match
remote execution request,request,seed,head_match
remote job,job,seed,head_match
remote job host,host,seed,head_match
remote job queue,queue,seed,head_match
remote job queue,job queue,seed,head_match
remote job result,result,seed,head_match
remote license,license,seed,head_match
remote license server,server,seed,head_match
remote license server,license server,seed,head_match
remote management host,host,seed,head_match
remote management host,management host,seed,head_match
remote queue,queue,seed,head_match
remote reservation,reservation,seed,head_match
remote server,server,seed,head_match
remote task,task,seed,head_match
remote_file execution host,host,seed,head_match
remote_file execution host,execution host,seed,head_match
remotecluster list lsf cluster cluster_name,lsf cluster cluster_name,seed,head_match
remotecluster section,section,seed,head_match
remotecluster section lsf cluster cluster_name,lsf cluster cluster_name,seed,head_match
remotedatamanager section,section,seed,head_match
remotedatamanager section format,format,seed,head_match
remotedatamanager section format,section format,seed,head_match
repository job,job,seed,head_match
repository server,server,seed,head_match
request power policy,policy,seed,head_match
request queue,queue,seed,head_match
requeue job,job,seed,head_match
required define share,share,seed,head_match
requirement cluster,cluster,seed,head_match
requirement expression,expression,seed,head_match
requirement job,job,seed,head_match
requirement parallel job,job,seed,head_match
requirement parallel job,parallel job,seed,head_match
requirement rusage expression,expression,seed,head_match
requirement site,site,seed,head_match
requirement task job,job,seed,head_match
requirement task job,task job,seed,head_match
rerun job,job,seed,head_match
rerunnable application profile,application profile,seed,head_match
rerunnable application profile,profile,seed,head_match
rerunnable job,job,seed,head_match
rerunnable queue,queue,seed,head_match
res daemon,daemon,seed,head_match
res process,process,seed,head_match
res service lsfd sbd service,service,seed,head_match
res submission host,host,seed,head_match
res task,task,seed,head_match
rescheduled job,job,seed,head_match
reservation active job,job,seed,head_match
reservation backfill,backfill,seed,head_match
reservation compute unit,compute unit,seed,head_match
reservation execution cluster,cluster,seed,head_match
reservation execution cluster,execution cluster,seed,head_match
reservation job,job,seed,head_match
reservation job start,job start,seed,head_match
reservation mechanism,mechanism,seed,head_match
reservation policy,policy,seed,head_match
reservationusage section,section,seed,head_match
reservationusage section lsb resource,resource,seed,head_match
reservationusage section lsf,section lsf,seed,head_match
reserve processor,processor,seed,head_match
reserve resource,resource,seed,head_match
reserved job slot,slot,seed,head_match
reserved job slot,job slot,seed,head_match
reserved license,license,seed,head_match
reserving license,license,seed,head_match
resizable job,job,seed,head_match
resizable job job,job,seed,head_match
resizable job job,job job,seed,head_match
resize allocation request,request,seed,head_match
resize notification,notification,seed,head_match
resize release request,request,seed,head_match
resize request,request,seed,head_match
resizing job,job,seed,head_match
resource allocation,allocation,seed,head_match
resource allocation plan,plan,seed,head_match
resource availability,availability,seed,head_match
resource availability usage,usage,seed,head_match
resource available cluster,cluster,seed,head_match
resource available consumer,consumer,seed,head_match
resource characteristic host,host,seed,head_match
resource cluster,cluster,seed,head_match
resource cluster queue,queue,seed,head_match
resource configuration lsb resource,resource,seed,head_match
resource connector enhancement,enhancement,seed,head_match
resource connector feature,feature,seed,head_match
resource connector host,host,seed,head_match
resource connector template,template,seed,head_match
resource consumer,consumer,seed,head_match
resource definition host,host,seed,head_match
resource definition lsf cluster cluster_name,lsf cluster cluster_name,seed,head_match
resource elim,elim,seed,head_match
resource evaluation host,host,seed,head_match
resource exclusive host,host,seed,head_match
resource execution cluster,cluster,seed,head_match
resource execution cluster,execution cluster,seed,head_match
resource generic term,term,seed,head_match
resource group,group,seed,head_match
resource group job,job,seed,head_match
resource group job,group job,seed,head_match
resource host,host,seed,head_match
resource idle order,order,seed,head_match
resource intensive job,job,seed,head_match
resource job,job,seed,head_match
resource job order,order,seed,head_match
resource leasing model,model,seed,head_match
resource license1 license,license,seed,head_match
resource limit behavior,behavior,seed,head_match
resource limit policy,policy,seed,head_match
resource limit resource,resource,seed,head_match
resource lsf api,lsf api,seed,head_match
resource lsf cluster,cluster,seed,head_match
resource lsf cluster,lsf cluster,seed,head_match
resource lsf job,job,seed,head_match
resource lsf job,lsf job,seed,head_match
resource lsf product,product,seed,head_match
resource lsf resource,resource,seed,head_match
resource lsf resource,lsf resource,seed,head_match
resource management allocation,allocation,seed,head_match
resource method reserve,reserve,seed,head_match
resource order,order,seed,head_match
resource plan,plan,seed,head_match
resource policy,policy,seed,head_match
resource pool,pool,seed,head_match
resource possible order,order,seed,head_match
resource provider,provider,seed,head_match
resource provider instance,instance,seed,head_match
resource request,request,seed,head_match
resource requirement expression,expression,seed,head_match
resource requirement job,job,seed,head_match
resource requirement job,requirement job,seed,head_match
resource requirement lsf,requirement lsf,seed,head_match
resource requirement queue,queue,seed,head_match
resource requirement r,r,seed,head_match
resource requirement section,section,seed,head_match
resource requirement task,task,seed,head_match
resource requirement term,term,seed,head_match
resource reservation,reservation,seed,head_match
resource reservation backfill,backfill,seed,head_match
resource reservation job,job,seed,head_match
resource reservation job,reservation job,seed,head_match
resource resizable job,job,seed,head_match
resource resource,resource,seed,head_match
resource runtime environment,environment,seed,head_match
resource section,section,seed,head_match
resource section lsf,section lsf,seed,head_match
resource section lsf shared,lsf shared,seed,head_match
resource section lsf shared,shared,seed,head_match
resource section structure,structure,seed,head_match
resource sharing,sharing,seed,head_match
resource sharing cluster,cluster,seed,head_match
resource spark application,application,seed,head_match
resource static resource,resource,seed,head_match
resource static resource,static resource,seed,head_match
resource task,task,seed,head_match
resource usage,usage,seed,head_match
resource usage cluster,cluster,seed,head_match
resource usage cluster,usage cluster,seed,head_match
resource usage job,job,seed,head_match
resource usage section,section,seed,head_match
resource usage task,task,seed,head_match
resourcemap section,section,seed,head_match
resourcemap section lsf,section lsf,seed,head_match
resourcemap section lsf cluster cluster_name,lsf cluster cluster_name,seed,head_match
resourcemap section structure,structure,seed,head_match
resourcereservation section,section,seed,head_match
resrsv_limit job,job,seed,head_match
rest cluster,cluster,seed,head_match
rest fcfs scheduling,scheduling,seed,head_match
restart lsf cluster,cluster,seed,head_match
restart lsf cluster,lsf cluster,seed,head_match
restart reconfiguration,reconfiguration,seed,head_match
result job,job,seed,head_match
resume action,action,seed,head_match
resume job,job,seed,head_match
resuming job,job,seed,head_match
reversed slot,slot,seed,head_match
risk_group root group,group,seed,head_match
rlm server,server,seed,head_match
root account,account,seed,head_match
root group,group,seed,head_match
root host,host,seed,head_match
root stage process,process,seed,head_match
rslsf cluster cluster,cluster,seed,head_match
rule limit section,section,seed,head_match
rule limit section,limit section,seed,head_match
run limit reservation,reservation,seed,head_match
runaway job job,job,seed,head_match
runaway job job,job job,seed,head_match
runnable job,job,seed,head_match
runnable queue,queue,seed,head_match
running cluster,cluster,seed,head_match
running job,job,seed,head_match
running job host,host,seed,head_match
running job job,job,seed,head_match
running job job,job job,seed,head_match
running workload,workload,seed,head_match
runtime normalization host,host,seed,head_match
rusage definition,definition,seed,head_match
rusage job,job,seed,head_match
samecu keyword,keyword,seed,head_match
samehost keyword,keyword,seed,head_match
sbatchd daemon,daemon,seed,head_match
sbatchd host,host,seed,head_match
sbatchd host job,job,seed,head_match
sbatchd host job,host job,seed,head_match
sbatchd management host,host,seed,head_match
sbatchd management host,management host,seed,head_match
sbatchd mbatchd,mbatchd,seed,head_match
scheduler lsf cluster,cluster,seed,head_match
scheduler lsf cluster,lsf cluster,seed,head_match
scheduler performance metric,metric,seed,head_match
scheduler thread,thread,seed,head_match
scheduling algorithm,algorithm,seed,head_match
scheduling condition,condition,seed,head_match
scheduling cycle,cycle,seed,head_match
scheduling decision mbatchd,mbatchd,seed,head_match
scheduling docker job,job,seed,head_match
scheduling docker job,docker job,seed,head_match
scheduling feature,feature,seed,head_match
scheduling job,job,seed,head_match
scheduling reservation,reservation,seed,head_match
scheduling session job,job,seed,head_match
scope license usage,usage,seed,head_match
script script,script,seed,head_match
section format,format,seed,head_match
section lsf cluster cluster_name,lsf cluster cluster_name,seed,head_match
section resource,resource,seed,head_match
security cluster,cluster,seed,head_match
security group,group,seed,head_match
security group lsf,group lsf,seed,head_match
security lsf cluster,cluster,seed,head_match
security lsf cluster,lsf cluster,seed,head_match
security mechanism,mechanism,seed,head_match
security requirement,requirement,seed,head_match
security requirement cluster,cluster,seed,head_match
select host reservation,reservation,seed,head_match
select section,section,seed,head_match
selection criterion,criterion,seed,head_match
selection queue,queue,seed,head_match
selection section,section,seed,head_match
send job queue,queue,seed,head_match
send job queue,job queue,seed,head_match
separate job group,job group,seed,head_match
separate job group,group,seed,head_match
separate pag task,task,seed,head_match
separate site,site,seed,head_match
sequential job,job,seed,head_match
sequential parallel job,job,seed,head_match
sequential parallel job,parallel job,seed,head_match
serial job,job,seed,head_match
serie job,job,seed,head_match
server batch daemon,daemon,seed,head_match
server batch daemon,batch daemon,seed,head_match
server domain,domain,seed,head_match
server host,host,seed,head_match
server host cluster,cluster,seed,head_match
server host cluster,host cluster,seed,head_match
server host compatibility,compatibility,seed,head_match
server host lim,lim,seed,head_match
service class,class,seed,head_match
service class job,job,seed,head_match
service class section,section,seed,head_match
service class sla,sla,seed,head_match
service component,component,seed,head_match
service domain,domain,seed,head_match
service domain definition,definition,seed,head_match
service domain job,job,seed,head_match
service host,host,seed,head_match
service request,request,seed,head_match
service scheduling cycle,cycle,seed,head_match
service server,server,seed,head_match
servicedomain section,section,seed,head_match
servicedomain section structure,structure,seed,head_match
servicedomain1 project,project,seed,head_match
session interactive job,job,seed,head_match
set candidate job,job,seed,head_match
set host,host,seed,head_match
set job,job,seed,head_match
setting set action,action,seed,head_match
setuid program,program,seed,head_match
setup lsf service,service,seed,head_match
setup overview,overview,seed,head_match
share account,account,seed,head_match
share assignment,assignment,seed,head_match
share cluster,cluster,seed,head_match
share feature,feature,seed,head_match
share group member,member,seed,head_match
share group member,group member,seed,head_match
share job,job,seed,head_match
share license,license,seed,head_match
share lsf script,script,seed,head_match
share ownership group,group,seed,head_match
share queue,queue,seed,head_match
share resource queue,queue,seed,head_match
share total license,license,seed,head_match
share tree,tree,seed,head_match
shared license,license,seed,head_match
shared resource,resource,seed,head_match
sharedir lsf_cognitive_v,lsf_cognitive_v,seed,head_match
shell environment,environment,seed,head_match
shell job,job,seed,head_match
shell process,process,seed,head_match
shell script,script,seed,head_match
shell script script,script,seed,head_match
shifter container,container,seed,head_match
shifter container job,job,seed,head_match
shifter container job,container job,seed,head_match
shifter job,job,seed,head_match
short model,model,seed,head_match
short resource,resource,seed,head_match
shortened format,format,seed,head_match
signal action,action,seed,head_match
signal job,job,seed,head_match
signal request,request,seed,head_match
signal sequence process,process,seed,head_match
signal specified job,job,seed,head_match
similar function,function,seed,head_match
simple parallel job,job,seed,head_match
simple parallel job,parallel job,seed,head_match
simple resource requirement,requirement,seed,head_match
simple resource requirement,resource requirement,seed,head_match
simple shell,shell,seed,head_match
simple test application,application,seed,head_match
simple work flow,flow,seed,head_match
simulation output,output,seed,head_match
simulation queue test,test,seed,head_match
single batch job,job,seed,head_match
single batch job,batch job,seed,head_match
single cache,cache,seed,head_match
single cluster,cluster,seed,head_match
single entry,entry,seed,head_match
single host,host,seed,head_match
single host job,job,seed,head_match
single host job,host job,seed,head_match
single job,job,seed,head_match
single lsf cluster,cluster,seed,head_match
single lsf cluster,lsf cluster,seed,head_match
single lsf job,job,seed,head_match
single lsf job,lsf job,seed,head_match
single partition,partition,seed,head_match
single service domain,service domain,seed,head_match
single service domain,domain,seed,head_match
single slot host,host,seed,head_match
singularity container job,job,seed,head_match
singularity container job,container job,seed,head_match
singularity job,job,seed,head_match
site application,application,seed,head_match
site job,job,seed,head_match
site policy,policy,seed,head_match
sizable job,job,seed,head_match
sizable job behavior,behavior,seed,head_match
sla goal,goal,seed,head_match
sla job,job,seed,head_match
sla scheduling policy,scheduling policy,seed,head_match
sla scheduling policy,policy,seed,head_match
sla service class,service class,seed,head_match
sla service class,class,seed,head_match
slot allocation,allocation,seed,head_match
slot allocation queue,queue,seed,head_match
slot block job,job,seed,head_match
slot cluster,cluster,seed,head_match
slot compound resource,resource,seed,head_match
slot job,job,seed,head_match
slot job host,host,seed,head_match
slot job queue,queue,seed,head_match
slot job queue,job queue,seed,head_match
slot pool queue,queue,seed,head_match
slot processor,processor,seed,head_match
slot reserving job,job,seed,head_match
slot resource,resource,seed,head_match
slot subsequent term,term,seed,head_match
slot task lsf,task lsf,seed,head_match
sndjobs_to job,job,seed,head_match
socket socket,socket,seed,head_match
software function,function,seed,head_match
software hardware resource,resource,seed,head_match
software license,license,seed,head_match
solari container lsf,container lsf,seed,head_match
source lsf environment,environment,seed,head_match
source lsf environment,lsf environment,seed,head_match
span section,section,seed,head_match
special consideration job,job,seed,head_match
special resource,resource,seed,head_match
specifie job,job,seed,head_match
specifie policy,policy,seed,head_match
specifie queue,queue,seed,head_match
specifie service domain,service domain,seed,head_match
specifie service domain,domain,seed,head_match
specifie template,template,seed,head_match
specifie type policy,policy,seed,head_match
spectrum lsf consumer,consumer,seed,head_match
spectrum lsf job,job,seed,head_match
spectrum lsf job,lsf job,seed,head_match
spot instance,instance,seed,head_match
spot instance request,request,seed,head_match
srcluster cluster,cluster,seed,head_match
ssd resource,resource,seed,head_match
ssh client,client,seed,head_match
ssh daemon,daemon,seed,head_match
ssh secure method,method,seed,head_match
ssusp job,job,seed,head_match
stage requirement,requirement,seed,head_match
staging area cache,cache,seed,head_match
staging area job,job,seed,head_match
standalone cluster,cluster,seed,head_match
standard installer,installer,seed,head_match
standard installer package,package,seed,head_match
standard logic,logic,seed,head_match
standard lsf host,host,seed,head_match
standard lsf host,lsf host,seed,head_match
standard output,output,seed,head_match
start job,job,seed,head_match
starter command line,command line,seed,head_match
starter script,script,seed,head_match
state condition,condition,seed,head_match
state job host,host,seed,head_match
state scheduler,scheduler,seed,head_match
static cpuset,cpuset,seed,head_match
static host,host,seed,head_match
static index,index,seed,head_match
static mig scheduling,scheduling,seed,head_match
static resource,resource,seed,head_match
statistic compute unit,compute unit,seed,head_match
statistic task,task,seed,head_match
statu cluster,cluster,seed,head_match
statu host,host,seed,head_match
statu lsf job,job,seed,head_match
statu lsf job,lsf job,seed,head_match
statu specific job,job,seed,head_match
statu unavail,unavail,seed,head_match
step lsf host,host,seed,head_match
step lsf host,lsf host,seed,head_match
storage lsf simulator,lsf simulator,seed,head_match
storage lsf simulator,simulator,seed,head_match
storage network connection,connection,seed,head_match
strict syntax,syntax,seed,head_match
string resource,resource,seed,head_match
string resource template,template,seed,head_match
structure section,section,seed,head_match
structure topology,topology,seed,head_match
subcommand usage section,section,seed,head_match
submission cluster,cluster,seed,head_match
submission cluster scheduler,scheduler,seed,head_match
submission environment,environment,seed,head_match
submission execution cluster,cluster,seed,head_match
submission execution cluster,execution cluster,seed,head_match
submission execution host,host,seed,head_match
submission execution host,execution host,seed,head_match
submission parallel job,job,seed,head_match
submission parallel job,parallel job,seed,head_match
submission performance job,job,seed,head_match
submission queue,queue,seed,head_match
submit control,control,seed,head_match
subnet agent host,host,seed,head_match
subnet instance,instance,seed,head_match
subsequent allocation,allocation,seed,head_match
subsequent cloud instance,instance,seed,head_match
subsequent job,job,seed,head_match
subsequent step,step,seed,head_match
subsequent term,term,seed,head_match
subset server host,host,seed,head_match
subset server host,server host,seed,head_match
successful signal,signal,seed,head_match
suitable host,host,seed,head_match
summary information job,job,seed,head_match
summary information job,information job,seed,head_match
support lsf installer,installer,seed,head_match
suspend action,action,seed,head_match
suspend unfinished job,job,seed,head_match
suspended job,job,seed,head_match
suspending condition,condition,seed,head_match
switch job,job,seed,head_match
switch request,request,seed,head_match
symbolic link cache,cache,seed,head_match
synchronous execution,execution,seed,head_match
system account,account,seed,head_match
system default queue,queue,seed,head_match
system default queue,default queue,seed,head_match
system event,event,seed,head_match
system installation,installation,seed,head_match
system level,level,seed,head_match
system lsf session,session,seed,head_match
system orphan job,job,seed,head_match
system requirement,requirement,seed,head_match
system requirement compatibility,compatibility,seed,head_match
system vendor,vendor,seed,head_match
systemunix host,host,seed,head_match
tag group,group,seed,head_match
target queue,queue,seed,head_match
task allocation,allocation,seed,head_match
task array task,task,seed,head_match
task container,container,seed,head_match
task environment,environment,seed,head_match
task execution,execution,seed,head_match
task execution host,host,seed,head_match
task execution host,execution host,seed,head_match
task geometry specification,specification,seed,head_match
task group host,host,seed,head_match
task group host,group host,seed,head_match
task job,job,seed,head_match
task multiple host,host,seed,head_match
task remote host,host,seed,head_match
task reservation,reservation,seed,head_match
task running job,job,seed,head_match
task running job,running job,seed,head_match
task slot job,job,seed,head_match
task slot job,slot job,seed,head_match
task specified host,host,seed,head_match
task task,task,seed,head_match
taskman job,job,seed,head_match
taskman task,task,seed,head_match
template alphabetical order,order,seed,head_match
template cluster,cluster,seed,head_match
template list object,object,seed,head_match
term_cpulimit job,job,seed,head_match
terminate action,action,seed,head_match
terminatelsf checkpoint job,job,seed,head_match
test communication cluster,cluster,seed,head_match
test job,job,seed,head_match
throughput calculation,calculation,seed,head_match
time daemon,daemon,seed,head_match
time event,event,seed,head_match
time expression,expression,seed,head_match
time host,host,seed,head_match
time job submission,job submission,seed,head_match
time limit set,set,seed,head_match
time lsf attempt,attempt,seed,head_match
time period job,job,seed,head_match
time period job,period job,seed,head_match
time period reservation,reservation,seed,head_match
time policy,policy,seed,head_match
time reservation,reservation,seed,head_match
time time reservation,reservation,seed,head_match
time window reservation,reservation,seed,head_match
token client,client,seed,head_match
token cluster allocation,allocation,seed,head_match
token feature,feature,seed,head_match
token group,group,seed,head_match
token project,project,seed,head_match
token usage,usage,seed,head_match
topology host,host,seed,head_match
topology local host,host,seed,head_match
topology local host,local host,seed,head_match
traditional hpc environment,environment,seed,head_match
traditional lsf job,job,seed,head_match
traditional lsf job,lsf job,seed,head_match
traffic management host,host,seed,head_match
traffic management host,management host,seed,head_match
traffic queue,queue,seed,head_match
transfer job,job,seed,head_match
transfer node,node,seed,head_match
transfer queue,queue,seed,head_match
transfer tool,tool,seed,head_match
tree node,node,seed,head_match
tree root,root,seed,head_match
tsjobhelper window service,service,seed,head_match
tsjobhelper window service,window service,seed,head_match
tstp signal job,job,seed,head_match
tune cpu factor,factor,seed,head_match
tune lim,lim,seed,head_match
type account,account,seed,head_match
type advance reservation,reservation,seed,head_match
type advance reservation,advance reservation,seed,head_match
type application,application,seed,head_match
type cluster,cluster,seed,head_match
type compute unit,compute unit,seed,head_match
type event,event,seed,head_match
type fair share,fair share,seed,head_match
type fair share,share,seed,head_match
type host,host,seed,head_match
type job,job,seed,head_match
type license,license,seed,head_match
type lsf host,host,seed,head_match
type lsf host,lsf host,seed,head_match
type resource,resource,seed,head_match
typically pool,pool,seed,head_match
unavailable dynamic host,host,seed,head_match
unavailable dynamic host,dynamic host,seed,head_match
unavailable host,host,seed,head_match
unavailable job,job,seed,head_match
unchanged cluster,cluster,seed,head_match
underlying structure,structure,seed,head_match
underrun job,job,seed,head_match
unexpected behavior,behavior,seed,head_match
unique template,template,seed,head_match
unit cluster,cluster,seed,head_match
unit job submission,job submission,seed,head_match
unit order,order,seed,head_match
unit resource,resource,seed,head_match
unit synopsy resource,resource,seed,head_match
unit work,work,seed,head_match
unix account,account,seed,head_match
unix cluster,cluster,seed,head_match
unix command,command,seed,head_match
unix command line,command line,seed,head_match
unix host,host,seed,head_match
unix job,job,seed,head_match
unix linux host,host,seed,head_match
unix system lsf,system lsf,seed,head_match
unix window cluster,cluster,seed,head_match
unknown host,host,seed,head_match
unknown license requirement,requirement,seed,head_match
unlisted host,host,seed,head_match
unreach statu host,host,seed,head_match
unrecognized cluster,cluster,seed,head_match
unused license,license,seed,head_match
unused license application,application,seed,head_match
update lsf configuration,configuration,seed,head_match
update lsf configuration,lsf configuration,seed,head_match
upgrade installation,installation,seed,head_match
urg signal,signal,seed,head_match
urgent job,job,seed,head_match
usage cluster,cluster,seed,head_match
usage host,host,seed,head_match
usage r,r,seed,head_match
usergroup section,section,seed,head_match
utilization cluster,cluster,seed,head_match
valid application profile,application profile,seed,head_match
valid application profile,profile,seed,head_match
valid lsf host,host,seed,head_match
valid lsf host,lsf host,seed,head_match
valid provider,provider,seed,head_match
valid server host,host,seed,head_match
valid server host,server host,seed,head_match
valid tag,tag,seed,head_match
valid template,template,seed,head_match
validation request,request,seed,head_match
value entry,entry,seed,head_match
verification license scheduler,scheduler,seed,head_match
verification license scheduler,license scheduler,seed,head_match
verilog resource,resource,seed,head_match
version information lsf,information lsf,seed,head_match
version predictor service,service,seed,head_match
vertical format,format,seed,head_match
vertical tabular format,format,seed,head_match
view job output,output,seed,head_match
virtual instance,instance,seed,head_match
virtual machine,machine,seed,head_match
virtual machine instance,instance,seed,head_match
virtual server instance,instance,seed,head_match
vm instance,instance,seed,head_match
wan license server,server,seed,head_match
wan license server,license server,seed,head_match
wan service domain,service domain,seed,head_match
wan service domain,domain,seed,head_match
watchdog feature,feature,seed,head_match
web service,service,seed,head_match
wildcard array index,index,seed,head_match
window cluster,cluster,seed,head_match
window command,command,seed,head_match
window compute node,node,seed,head_match
window compute node,compute node,seed,head_match
window domain,domain,seed,head_match
window installation guide,guide,seed,head_match
window job,job,seed,head_match
window service,service,seed,head_match
window suspending condition,condition,seed,head_match
window unix host,host,seed,head_match
window unix host,unix host,seed,head_match
wlm ln host,host,seed,head_match
work job,job,seed,head_match
working job,job,seed,head_match
workload host,host,seed,head_match
workload mbatchd daemon,daemon,seed,head_match
workload mbatchd daemon,mbatchd daemon,seed,head_match
workload output mode,mode,seed,head_match
workload performance,performance,seed,head_match
workload snapshot function,function,seed,head_match
wrapper script,script,seed,head_match
x connection,connection,seed,head_match
x enabled application,application,seed,head_match
x job,job,seed,head_match
x server,server,seed,head_match
x server host,host,seed,head_match
x server host,server host,seed,head_match
x session,session,seed,head_match
xeon phi resource,resource,seed,head_match
y job,job,seed,head_match
y jsm daemon,daemon,seed,head_match
y parameter section,section,seed,head_match
y parameter section,parameter section,seed,head_match
zone instance,instance,seed,head_match
job group risk_group,job group,"embed_expand(k=5,min_cos=0.75)",seed=jg job group;sim=1.000
group job,job group,"embed_expand(k=5,min_cos=0.75)",seed=jg job group;sim=1.000
group subject sla,group,"embed_expand(k=5,min_cos=0.75)",seed=group group;sim=1.000
hierarchical group member,group,"embed_expand(k=5,min_cos=0.75)",seed=group group;sim=1.000
group member,group,"embed_expand(k=5,min_cos=0.75)",seed=group group;sim=1.000
option following field,group,"embed_expand(k=5,min_cos=0.75)",seed=option feature group;sim=0.999
elim executable host,group,"embed_expand(k=5,min_cos=0.75)",seed=external host group;sim=0.999
order candidate host,group,"embed_expand(k=5,min_cos=0.75)",seed=external host group;sim=0.999
job group risk_group,group,"embed_expand(k=5,min_cos=0.75)",seed=job job group;sim=1.000
group job,group,"embed_expand(k=5,min_cos=0.75)",seed=job job group;sim=1.000
group host,group,"embed_expand(k=5,min_cos=0.75)",seed=host group;sim=1.000
host group member,group,"embed_expand(k=5,min_cos=0.75)",seed=host group;sim=1.000
good host,group,"embed_expand(k=5,min_cos=0.75)",seed=host group;sim=0.999
resource availability,group,"embed_expand(k=5,min_cos=0.75)",seed=resource group;sim=0.999
dynamic host host,group,"embed_expand(k=5,min_cos=0.75)",seed=host host group;sim=0.999
unavailable host,group,"embed_expand(k=5,min_cos=0.75)",seed=host host group;sim=0.999
management host,group,"embed_expand(k=5,min_cos=0.75)",seed=host host group;sim=0.999
powerful management host,group,"embed_expand(k=5,min_cos=0.75)",seed=host host group;sim=0.999
root stage process,group,"embed_expand(k=5,min_cos=0.75)",seed=root group;sim=0.999
share group member,group,"embed_expand(k=5,min_cos=0.75)",seed=fair share group;sim=1.000
fair share policy,group,"embed_expand(k=5,min_cos=0.75)",seed=fair share group;sim=0.999
group project,group,"embed_expand(k=5,min_cos=0.75)",seed=project group;sim=1.000
child process,group,"embed_expand(k=5,min_cos=0.75)",seed=process group;sim=0.999
process,group,"embed_expand(k=5,min_cos=0.75)",seed=process group;sim=0.999
exclusive process gpu,group,"embed_expand(k=5,min_cos=0.75)",seed=process group;sim=0.999
individual lsf host,group,"embed_expand(k=5,min_cos=0.75)",seed=lsf host group;sim=1.000
valid lsf host,group,"embed_expand(k=5,min_cos=0.75)",seed=lsf host group;sim=1.000
lsf client host,group,"embed_expand(k=5,min_cos=0.75)",seed=lsf host group;sim=1.000
lsf dynamic host,group,"embed_expand(k=5,min_cos=0.75)",seed=lsf host group;sim=0.999
host statu,host,"embed_expand(k=5,min_cos=0.75)",seed=connector host;sim=1.000
host level,host,"embed_expand(k=5,min_cos=0.75)",seed=additional host;sim=0.999
host compute unit,host,"embed_expand(k=5,min_cos=0.75)",seed=additional host;sim=0.999
host alia,host,"embed_expand(k=5,min_cos=0.75)",seed=topology host;sim=1.000
host selection,host,"embed_expand(k=5,min_cos=0.75)",seed=condition host;sim=0.999
host parallel job,host,"embed_expand(k=5,min_cos=0.75)",seed=job submission host;sim=1.000
server host lim,host,"embed_expand(k=5,min_cos=0.75)",seed=server host;sim=0.999
server host cluster,host,"embed_expand(k=5,min_cos=0.75)",seed=server host;sim=0.999
host host model,host,"embed_expand(k=5,min_cos=0.75)",seed=host management host;sim=0.999
master host advance,host,"embed_expand(k=5,min_cos=0.75)",seed=client host;sim=0.999
host resource provider,host,"embed_expand(k=5,min_cos=0.75)",seed=resource host;sim=1.000
host factory,host,"embed_expand(k=5,min_cos=0.75)",seed=suitable host;sim=1.000
lsf host cluster,host,"embed_expand(k=5,min_cos=0.75)",seed=lsf cluster host;sim=1.000
lsf cluster,host,"embed_expand(k=5,min_cos=0.75)",seed=lsf cluster host;sim=0.999
cluster lsf,host,"embed_expand(k=5,min_cos=0.75)",seed=lsf cluster host;sim=0.999
management host lim,host,"embed_expand(k=5,min_cos=0.75)",seed=mbatchd management host;sim=0.999
management host management,host,"embed_expand(k=5,min_cos=0.75)",seed=mbatchd management host;sim=0.999
host cluster,host,"embed_expand(k=5,min_cos=0.75)",seed=cluster host;sim=1.000
case lsf,host,"embed_expand(k=5,min_cos=0.75)",seed=batch server host;sim=0.998
host network,host,"embed_expand(k=5,min_cos=0.75)",seed=output host;sim=0.999
task host sequence,host,"embed_expand(k=5,min_cos=0.75)",seed=task specified host;sim=1.000
execution host job,host,"embed_expand(k=5,min_cos=0.75)",seed=job execution host;sim=1.000
host particular job,host,"embed_expand(k=5,min_cos=0.75)",seed=job execution host;sim=0.999
host host group,host,"embed_expand(k=5,min_cos=0.75)",seed=dynamic host host;sim=0.999
host job,host,"embed_expand(k=5,min_cos=0.75)",seed=job rerun host;sim=1.000
number host condition,host,"embed_expand(k=5,min_cos=0.75)",seed=task execution host;sim=0.999
execution host candidate,host,"embed_expand(k=5,min_cos=0.75)",seed=submission execution host;sim=1.000
host power,host,"embed_expand(k=5,min_cos=0.75)",seed=statu host;sim=1.000
host remote cluster,host,"embed_expand(k=5,min_cos=0.75)",seed=root host;sim=0.999
host local cluster,host,"embed_expand(k=5,min_cos=0.75)",seed=root host;sim=0.999
lsf host group,host,"embed_expand(k=5,min_cos=0.75)",seed=individual lsf host;sim=1.000
management host instance,host,"embed_expand(k=5,min_cos=0.75)",seed=lim local host;sim=0.999
host model,host,"embed_expand(k=5,min_cos=0.75)",seed=type host;sim=0.999
host instance,host,"embed_expand(k=5,min_cos=0.75)",seed=service host;sim=0.999
resource management,host,"embed_expand(k=5,min_cos=0.75)",seed=numeric resource host;sim=0.999
host order,host,"embed_expand(k=5,min_cos=0.75)",seed=local host;sim=1.000
host group,host,"embed_expand(k=5,min_cos=0.75)",seed=group host;sim=1.000
host group member,host,"embed_expand(k=5,min_cos=0.75)",seed=group host;sim=1.000
host execution,host,"embed_expand(k=5,min_cos=0.75)",seed=execution host;sim=1.000
queue job,queue,"embed_expand(k=5,min_cos=0.75)",seed=job aps queue;sim=1.000
queue high priority,queue,"embed_expand(k=5,min_cos=0.75)",seed=priority queue;sim=1.000
queue application level,queue,"embed_expand(k=5,min_cos=0.75)",seed=application profile queue;sim=1.000
resource sharing cluster,queue,"embed_expand(k=5,min_cos=0.75)",seed=resource cluster queue;sim=0.999
queue bsub,queue,"embed_expand(k=5,min_cos=0.75)",seed=interactive queue;sim=0.999
scheduling session job,scheduling,"embed_expand(k=5,min_cos=0.75)",seed=job ineligible scheduling;sim=1.000
scheduling docker job,scheduling,"embed_expand(k=5,min_cos=0.75)",seed=job ineligible scheduling;sim=1.000
scheduling cycle,scheduling,"embed_expand(k=5,min_cos=0.75)",seed=backfill scheduling;sim=1.000
limit policy,scheduling,"embed_expand(k=5,min_cos=0.75)",seed=global limit scheduling;sim=0.999
long scheduling session,scheduling,"embed_expand(k=5,min_cos=0.75)",seed=absolute priority scheduling;sim=0.999
fcfs scheduling policy,scheduling,"embed_expand(k=5,min_cos=0.75)",seed=absolute priority scheduling;sim=0.999
dynamic sharing,scheduling,"embed_expand(k=5,min_cos=0.75)",seed=dynamic mig scheduling;sim=0.999
fair share policy,scheduling,"embed_expand(k=5,min_cos=0.75)",seed=fair share scheduling;sim=0.999
parallel fair share,scheduling,"embed_expand(k=5,min_cos=0.75)",seed=fair share scheduling;sim=0.999
affinity scheduling dash,scheduling,"embed_expand(k=5,min_cos=0.75)",seed=affinity scheduling;sim=1.000
scheduling condition,scheduling,"embed_expand(k=5,min_cos=0.75)",seed=affinity scheduling;sim=0.999
job control action,control,"embed_expand(k=5,min_cos=0.75)",seed=job control;sim=1.000
individual job,control,"embed_expand(k=5,min_cos=0.75)",seed=job control;sim=0.999
lsf scheduling policy,control,"embed_expand(k=5,min_cos=0.75)",seed=lsf schedule control;sim=0.999
configure lsf startup,control,"embed_expand(k=5,min_cos=0.75)",seed=lsf schedule control;sim=0.999
reservation access,control,"embed_expand(k=5,min_cos=0.75)",seed=access control;sim=0.998
group,sla,"embed_expand(k=5,min_cos=0.75)",seed=group subject sla;sim=1.000
hierarchical group member,sla,"embed_expand(k=5,min_cos=0.75)",seed=group subject sla;sim=1.000
group member,sla,"embed_expand(k=5,min_cos=0.75)",seed=group subject sla;sim=1.000
project group,sla,"embed_expand(k=5,min_cos=0.75)",seed=group subject sla;sim=1.000
group project,sla,"embed_expand(k=5,min_cos=0.75)",seed=group subject sla;sim=1.000
service,sla,"embed_expand(k=5,min_cos=0.75)",seed=service class sla;sim=1.000
lsreghost window service,sla,"embed_expand(k=5,min_cos=0.75)",seed=service class sla;sim=1.000
service class,sla,"embed_expand(k=5,min_cos=0.75)",seed=service class sla;sim=1.000
service class parenthesi,sla,"embed_expand(k=5,min_cos=0.75)",seed=service class sla;sim=1.000
job array,job,"embed_expand(k=5,min_cos=0.75)",seed=resizing job;sim=1.000
job information cache,job,"embed_expand(k=5,min_cos=0.75)",seed=detailed information job;sim=1.000
job array element,job,"embed_expand(k=5,min_cos=0.75)",seed=chunk job;sim=1.000
slot job host,job,"embed_expand(k=5,min_cos=0.75)",seed=host parallel job;sim=1.000
job level host,job,"embed_expand(k=5,min_cos=0.75)",seed=host parallel job;sim=1.000
job submission host,job,"embed_expand(k=5,min_cos=0.75)",seed=host parallel job;sim=1.000
large job array,job,"embed_expand(k=5,min_cos=0.75)",seed=large parallel job;sim=1.000
job order,job,"embed_expand(k=5,min_cos=0.75)",seed=data transfer job;sim=0.999
remote job result,job,"embed_expand(k=5,min_cos=0.75)",seed=result job;sim=0.999
job submission execution,job,"embed_expand(k=5,min_cos=0.75)",seed=remote job;sim=0.999
job request,job,"embed_expand(k=5,min_cos=0.75)",seed=remote job;sim=0.999
job slot,job,"embed_expand(k=5,min_cos=0.75)",seed=slot job;sim=1.000
job forwarding model,job,"embed_expand(k=5,min_cos=0.75)",seed=type job;sim=0.999
job execution environment,job,"embed_expand(k=5,min_cos=0.75)",seed=environment job;sim=1.000
job submission environment,job,"embed_expand(k=5,min_cos=0.75)",seed=environment job;sim=0.999
job scheduling,job,"embed_expand(k=5,min_cos=0.75)",seed=requirement job;sim=1.000
exclusive job requeue,job,"embed_expand(k=5,min_cos=0.75)",seed=feature job;sim=1.000
job dispatch,job,"embed_expand(k=5,min_cos=0.75)",seed=dispatch job;sim=1.000
job scheduling dispatch,job,"embed_expand(k=5,min_cos=0.75)",seed=dispatch job;sim=0.999
job cluster,job,"embed_expand(k=5,min_cos=0.75)",seed=cluster job;sim=1.000
job event,job,"embed_expand(k=5,min_cos=0.75)",seed=running job;sim=1.000
job resize event,job,"embed_expand(k=5,min_cos=0.75)",seed=running job;sim=1.000
job task,job,"embed_expand(k=5,min_cos=0.75)",seed=task job;sim=1.000
multicluster job task,job,"embed_expand(k=5,min_cos=0.75)",seed=task job;sim=1.000
job dependency evaluation,job,"embed_expand(k=5,min_cos=0.75)",seed=pool job;sim=1.000
job execution host,job,"embed_expand(k=5,min_cos=0.75)",seed=execution host job;sim=1.000
job idle exception,job,"embed_expand(k=5,min_cos=0.75)",seed=idle job;sim=1.000
sizable job lsf,job,"embed_expand(k=5,min_cos=0.75)",seed=lsf job;sim=1.000
lsf job jsdl,job,"embed_expand(k=5,min_cos=0.75)",seed=lsf job;sim=1.000
docker job lsf,job,"embed_expand(k=5,min_cos=0.75)",seed=lsf job;sim=1.000
removal job lsf,job,"embed_expand(k=5,min_cos=0.75)",seed=lsf job;sim=1.000
job group,job,"embed_expand(k=5,min_cos=0.75)",seed=group job;sim=1.000
job group risk_group,job,"embed_expand(k=5,min_cos=0.75)",seed=group job;sim=1.000
job lsf cluster,job,"embed_expand(k=5,min_cos=0.75)",seed=lsf cluster job;sim=1.000
job host lsf,job,"embed_expand(k=5,min_cos=0.75)",seed=lsf cluster job;sim=0.999
job lsf system,job,"embed_expand(k=5,min_cos=0.75)",seed=lsf cluster job;sim=0.999
job execution,job,"embed_expand(k=5,min_cos=0.75)",seed=job new job;sim=0.999
job particular shell,job,"embed_expand(k=5,min_cos=0.75)",seed=shell job;sim=1.000
standard job prioritization,job,"embed_expand(k=5,min_cos=0.75)",seed=shell job;sim=0.999
parallel job script,job,"embed_expand(k=5,min_cos=0.75)",seed=shell job;sim=0.999
job transfer script,job,"embed_expand(k=5,min_cos=0.75)",seed=shell job;sim=0.999
job plan,job,"embed_expand(k=5,min_cos=0.75)",seed=plan job;sim=1.000
job license,job,"embed_expand(k=5,min_cos=0.75)",seed=license job;sim=1.000
job submission,job,"embed_expand(k=5,min_cos=0.75)",seed=access job;sim=0.999
job email,job,"embed_expand(k=5,min_cos=0.75)",seed=email notification job;sim=1.000
job error,job,"embed_expand(k=5,min_cos=0.75)",seed=message job;sim=0.999
job control message,job,"embed_expand(k=5,min_cos=0.75)",seed=message job;sim=0.999
job important criterion,job,"embed_expand(k=5,min_cos=0.75)",seed=container common job;sim=0.999
job great token,job,"embed_expand(k=5,min_cos=0.75)",seed=configuration job;sim=0.999
job application profile,job,"embed_expand(k=5,min_cos=0.75)",seed=application profile job;sim=1.000
job application,job,"embed_expand(k=5,min_cos=0.75)",seed=application profile job;sim=1.000
job dependency scheduling,job,"embed_expand(k=5,min_cos=0.75)",seed=scheduling docker job;sim=1.000
job allocation,job,"embed_expand(k=5,min_cos=0.75)",seed=distribution job;sim=0.999
job scheduling execution,job,"embed_expand(k=5,min_cos=0.75)",seed=current job;sim=0.999
job start,job,"embed_expand(k=5,min_cos=0.75)",seed=start job;sim=1.000
job management,job,"embed_expand(k=5,min_cos=0.75)",seed=change job;sim=0.999
feature job process,job,"embed_expand(k=5,min_cos=0.75)",seed=process parallel job;sim=1.000
child job group,job,"embed_expand(k=5,min_cos=0.75)",seed=process parallel job;sim=0.999
cluster mode,cluster,"embed_expand(k=5,min_cos=0.75)",seed=local cluster;sim=0.999
cluster master statu,cluster,"embed_expand(k=5,min_cos=0.75)",seed=local cluster;sim=0.999
remote cluster job,cluster,"embed_expand(k=5,min_cos=0.75)",seed=job submission cluster;sim=1.000
execution cluster job,cluster,"embed_expand(k=5,min_cos=0.75)",seed=job submission cluster;sim=0.999
cluster security,cluster,"embed_expand(k=5,min_cos=0.75)",seed=slot cluster;sim=0.999
cluster license project,cluster,"embed_expand(k=5,min_cos=0.75)",seed=license cluster;sim=1.000
resource management,cluster,"embed_expand(k=5,min_cos=0.75)",seed=resource sharing cluster;sim=0.998
cluster management host,cluster,"embed_expand(k=5,min_cos=0.75)",seed=server host cluster;sim=0.999
server host,cluster,"embed_expand(k=5,min_cos=0.75)",seed=server host cluster;sim=0.999
cluster lsf,cluster,"embed_expand(k=5,min_cos=0.75)",seed=lsf cluster;sim=1.000
lsf cluster host,cluster,"embed_expand(k=5,min_cos=0.75)",seed=lsf cluster;sim=0.999
cluster host,cluster,"embed_expand(k=5,min_cos=0.75)",seed=host cluster;sim=1.000
valid lsf host,cluster,"embed_expand(k=5,min_cos=0.75)",seed=host cluster;sim=0.998
daemon change effect,cluster,"embed_expand(k=5,min_cos=0.75)",seed=mbatchd daemon cluster;sim=0.999
mbatchd daemon,cluster,"embed_expand(k=5,min_cos=0.75)",seed=mbatchd daemon cluster;sim=0.999
lsf cluster job,cluster,"embed_expand(k=5,min_cos=0.75)",seed=job lsf cluster;sim=1.000
job host lsf,cluster,"embed_expand(k=5,min_cos=0.75)",seed=job lsf cluster;sim=0.999
job lsf system,cluster,"embed_expand(k=5,min_cos=0.75)",seed=job lsf cluster;sim=0.999
lsf job,cluster,"embed_expand(k=5,min_cos=0.75)",seed=job lsf cluster;sim=0.999
cluster ego,cluster,"embed_expand(k=5,min_cos=0.75)",seed=demand project cluster;sim=0.999
lsf host,cluster,"embed_expand(k=5,min_cos=0.75)",seed=lsf host cluster;sim=0.999
cluster job,cluster,"embed_expand(k=5,min_cos=0.75)",seed=job cluster;sim=1.000
lsf resource usage,cluster,"embed_expand(k=5,min_cos=0.75)",seed=resource cluster;sim=0.998
lsf cluster environment,cluster,"embed_expand(k=5,min_cos=0.75)",seed=lsf sure cluster;sim=1.000
lsf cluster configuration,cluster,"embed_expand(k=5,min_cos=0.75)",seed=lsf sure cluster;sim=0.999
lsf cluster job,lsf cluster,"embed_expand(k=5,min_cos=0.75)",seed=job lsf cluster;sim=1.000
job host lsf,lsf cluster,"embed_expand(k=5,min_cos=0.75)",seed=job lsf cluster;sim=0.999
job lsf system,lsf cluster,"embed_expand(k=5,min_cos=0.75)",seed=job lsf cluster;sim=0.999
lsf job,lsf cluster,"embed_expand(k=5,min_cos=0.75)",seed=job lsf cluster;sim=0.999
execution driver script,environment,"embed_expand(k=5,min_cos=0.75)",seed=execution environment;sim=0.999
execution operation,environment,"embed_expand(k=5,min_cos=0.75)",seed=execution environment;sim=0.999
lsf installation,environment,"embed_expand(k=5,min_cos=0.75)",seed=lsf environment;sim=0.999
list boolean resource,environment,"embed_expand(k=5,min_cos=0.75)",seed=resource runtime environment;sim=0.999
list resource provider,environment,"embed_expand(k=5,min_cos=0.75)",seed=resource runtime environment;sim=0.999
resource requirement section,environment,"embed_expand(k=5,min_cos=0.75)",seed=resource runtime environment;sim=0.999
time job submission,environment,"embed_expand(k=5,min_cos=0.75)",seed=job submission environment;sim=0.999
remote job result,environment,"embed_expand(k=5,min_cos=0.75)",seed=job submission environment;sim=0.999
environment job,environment,"embed_expand(k=5,min_cos=0.75)",seed=job execution environment;sim=1.000
job scheduling execution,environment,"embed_expand(k=5,min_cos=0.75)",seed=job execution environment;sim=0.999
lsf sure cluster,environment,"embed_expand(k=5,min_cos=0.75)",seed=lsf cluster environment;sim=1.000
job resource lsf,resource,"embed_expand(k=5,min_cos=0.75)",seed=batch resource;sim=0.998
resource provider instance,resource,"embed_expand(k=5,min_cos=0.75)",seed=instance resource;sim=1.000
numeric resource host,resource,"embed_expand(k=5,min_cos=0.75)",seed=type resource;sim=0.998
resource lsf,resource,"embed_expand(k=5,min_cos=0.75)",seed=lsf resource;sim=1.000
resource usage,resource,"embed_expand(k=5,min_cos=0.75)",seed=slot resource;sim=0.999
resource resource_name,resource,"embed_expand(k=5,min_cos=0.75)",seed=hardware resource;sim=1.000
resource consumer,resource,"embed_expand(k=5,min_cos=0.75)",seed=ssd resource;sim=1.000
resource host,resource,"embed_expand(k=5,min_cos=0.75)",seed=host resource;sim=1.000
fcfs scheduling policy,feature,"embed_expand(k=5,min_cos=0.75)",seed=scheduling feature;sim=1.000
allocation request,feature,"embed_expand(k=5,min_cos=0.75)",seed=allocation configuration feature;sim=0.999
external authentication behavior,feature,"embed_expand(k=5,min_cos=0.75)",seed=external authentication feature;sim=1.000
external executable,feature,"embed_expand(k=5,min_cos=0.75)",seed=external authentication feature;sim=0.999
task remote host,execution host,"embed_expand(k=5,min_cos=0.75)",seed=task execution host;sim=0.999
task group host,execution host,"embed_expand(k=5,min_cos=0.75)",seed=task execution host;sim=0.999
number host condition,execution host,"embed_expand(k=5,min_cos=0.75)",seed=task execution host;sim=0.999
task multiple host,execution host,"embed_expand(k=5,min_cos=0.75)",seed=task execution host;sim=0.999
execution host candidate,execution host,"embed_expand(k=5,min_cos=0.75)",seed=submission execution host;sim=1.000
execution host job,execution host,"embed_expand(k=5,min_cos=0.75)",seed=job execution host;sim=1.000
host parallel job,execution host,"embed_expand(k=5,min_cos=0.75)",seed=job execution host;sim=0.999
host particular job,execution host,"embed_expand(k=5,min_cos=0.75)",seed=job execution host;sim=0.999
host remote cluster,host cluster,"embed_expand(k=5,min_cos=0.75)",seed=line host cluster;sim=1.000
host local cluster,host cluster,"embed_expand(k=5,min_cos=0.75)",seed=line host cluster;sim=0.999
host queue cluster,host cluster,"embed_expand(k=5,min_cos=0.75)",seed=line host cluster;sim=0.999
cluster management host,host cluster,"embed_expand(k=5,min_cos=0.75)",seed=server host cluster;sim=0.999
server host,host cluster,"embed_expand(k=5,min_cos=0.75)",seed=server host cluster;sim=0.999
lsf cluster host,host cluster,"embed_expand(k=5,min_cos=0.75)",seed=lsf host cluster;sim=1.000
lsf cluster,host cluster,"embed_expand(k=5,min_cos=0.75)",seed=lsf host cluster;sim=0.999
cluster lsf,host cluster,"embed_expand(k=5,min_cos=0.75)",seed=lsf host cluster;sim=0.999
lsf host,host cluster,"embed_expand(k=5,min_cos=0.75)",seed=lsf host cluster;sim=0.999
remote cluster job,local cluster,"embed_expand(k=5,min_cos=0.75)",seed=job local cluster;sim=1.000
execution cluster job,local cluster,"embed_expand(k=5,min_cos=0.75)",seed=job local cluster;sim=0.999
host remote cluster,local cluster,"embed_expand(k=5,min_cos=0.75)",seed=host local cluster;sim=1.000
line host cluster,local cluster,"embed_expand(k=5,min_cos=0.75)",seed=host local cluster;sim=0.999
type cluster,local cluster,"embed_expand(k=5,min_cos=0.75)",seed=host local cluster;sim=0.999
demand project cluster,local cluster,"embed_expand(k=5,min_cos=0.75)",seed=cluster local cluster;sim=0.999
task geometry,task,"embed_expand(k=5,min_cos=0.75)",seed=task task;sim=1.000
task job,task,"embed_expand(k=5,min_cos=0.75)",seed=multicluster job task;sim=1.000
platform lsf,event,"embed_expand(k=5,min_cos=0.75)",seed=job_finish2 lsf event;sim=0.999
time reservation display,event,"embed_expand(k=5,min_cos=0.75)",seed=display event;sim=0.999
event generation,event,"embed_expand(k=5,min_cos=0.75)",seed=job_switch event;sim=1.000
limit policy,definition,"embed_expand(k=5,min_cos=0.75)",seed=project limit definition;sim=0.999
limit queue,definition,"embed_expand(k=5,min_cos=0.75)",seed=queue limit definition;sim=0.999
order queue,definition,"embed_expand(k=5,min_cos=0.75)",seed=queue definition;sim=0.999
feature,definition,"embed_expand(k=5,min_cos=0.75)",seed=feature definition;sim=0.999
gpu feature,definition,"embed_expand(k=5,min_cos=0.75)",seed=feature definition;sim=0.999
watchdog feature,definition,"embed_expand(k=5,min_cos=0.75)",seed=feature definition;sim=0.999
field name order,keyword,"embed_expand(k=5,min_cos=0.75)",seed=order keyword;sim=0.999
query,event log,"embed_expand(k=5,min_cos=0.75)",seed=active event log;sim=0.996
host queue cluster,project,"embed_expand(k=5,min_cos=0.75)",seed=host queue project;sim=0.999
group,project,"embed_expand(k=5,min_cos=0.75)",seed=group project;sim=1.000
group subject sla,project,"embed_expand(k=5,min_cos=0.75)",seed=group project;sim=1.000
hierarchical group member,project,"embed_expand(k=5,min_cos=0.75)",seed=group project;sim=1.000
group member,project,"embed_expand(k=5,min_cos=0.75)",seed=group project;sim=1.000
project group,project,"embed_expand(k=5,min_cos=0.75)",seed=group project;sim=1.000
license feature,project,"embed_expand(k=5,min_cos=0.75)",seed=demand license project;sim=0.999
configure,project,"embed_expand(k=5,min_cos=0.75)",seed=configure project;sim=1.000
select product list,project,"embed_expand(k=5,min_cos=0.75)",seed=configure project;sim=0.998
license cluster,project,"embed_expand(k=5,min_cos=0.75)",seed=cluster license project;sim=1.000
requirement cluster,project,"embed_expand(k=5,min_cos=0.75)",seed=cluster license project;sim=0.999
submission cluster,project,"embed_expand(k=5,min_cos=0.75)",seed=cluster license project;sim=0.998
license,project,"embed_expand(k=5,min_cos=0.75)",seed=license scheduler project;sim=1.000
license scheduler,project,"embed_expand(k=5,min_cos=0.75)",seed=license scheduler project;sim=1.000
lsf fix pack,project,"embed_expand(k=5,min_cos=0.75)",seed=lsf project;sim=1.000
amd gpu lsf,project,"embed_expand(k=5,min_cos=0.75)",seed=lsf project;sim=1.000
nvidia gpu lsf,project,"embed_expand(k=5,min_cos=0.75)",seed=lsf project;sim=1.000
cluster,project,"embed_expand(k=5,min_cos=0.75)",seed=cluster project;sim=1.000
window cluster,project,"embed_expand(k=5,min_cos=0.75)",seed=cluster project;sim=1.000
cluster gpd cluster,project,"embed_expand(k=5,min_cos=0.75)",seed=cluster project;sim=1.000
srcluster cluster,project,"embed_expand(k=5,min_cos=0.75)",seed=cluster project;sim=1.000
token feature,project,"embed_expand(k=5,min_cos=0.75)",seed=token project;sim=0.999
license,reservation,"embed_expand(k=5,min_cos=0.75)",seed=license reservation;sim=1.000
license project,reservation,"embed_expand(k=5,min_cos=0.75)",seed=license reservation;sim=1.000
time window,reservation,"embed_expand(k=5,min_cos=0.75)",seed=time time reservation;sim=1.000
processor,reservation,"embed_expand(k=5,min_cos=0.75)",seed=processor reservation;sim=1.000
physical processor,reservation,"embed_expand(k=5,min_cos=0.75)",seed=processor reservation;sim=1.000
processor unit,reservation,"embed_expand(k=5,min_cos=0.75)",seed=processor reservation;sim=0.999
processor binding,reservation,"embed_expand(k=5,min_cos=0.75)",seed=processor reservation;sim=0.999
host statu,reservation,"embed_expand(k=5,min_cos=0.75)",seed=host reservation;sim=1.000
host alia,reservation,"embed_expand(k=5,min_cos=0.75)",seed=host reservation;sim=1.000
mig host,reservation,"embed_expand(k=5,min_cos=0.75)",seed=host reservation;sim=1.000
lot job,reservation,"embed_expand(k=5,min_cos=0.75)",seed=job reservation;sim=1.000
job array element,reservation,"embed_expand(k=5,min_cos=0.75)",seed=job reservation;sim=1.000
checkpointable job,reservation,"embed_expand(k=5,min_cos=0.75)",seed=job reservation;sim=1.000
scheduling cycle,reservation,"embed_expand(k=5,min_cos=0.75)",seed=scheduling reservation;sim=1.000
pack scheduling,reservation,"embed_expand(k=5,min_cos=0.75)",seed=scheduling reservation;sim=1.000
scheduling,reservation,"embed_expand(k=5,min_cos=0.75)",seed=scheduling reservation;sim=1.000
remote,reservation,"embed_expand(k=5,min_cos=0.75)",seed=remote reservation;sim=1.000
topology host,reservation,"embed_expand(k=5,min_cos=0.75)",seed=host advance reservation;sim=1.000
multiprocessor host,reservation,"embed_expand(k=5,min_cos=0.75)",seed=host advance reservation;sim=1.000
resource pool,reservation,"embed_expand(k=5,min_cos=0.75)",seed=resource reservation;sim=1.000
compound resource,reservation,"embed_expand(k=5,min_cos=0.75)",seed=resource reservation;sim=1.000
alternative resource,reservation,"embed_expand(k=5,min_cos=0.75)",seed=resource reservation;sim=1.000
boolean resource,reservation,"embed_expand(k=5,min_cos=0.75)",seed=resource reservation;sim=1.000
active ownership,reservation,"embed_expand(k=5,min_cos=0.75)",seed=open advance reservation;sim=0.998
host factory,provider,"embed_expand(k=5,min_cos=0.75)",seed=host provider;sim=1.000
host alia,provider,"embed_expand(k=5,min_cos=0.75)",seed=host provider;sim=1.000
host power,provider,"embed_expand(k=5,min_cos=0.75)",seed=host provider;sim=1.000
list boolean resource,provider,"embed_expand(k=5,min_cos=0.75)",seed=list resource provider;sim=1.000
resource request,provider,"embed_expand(k=5,min_cos=0.75)",seed=list resource provider;sim=0.999
resource pool,provider,"embed_expand(k=5,min_cos=0.75)",seed=aws resource provider;sim=1.000
compound resource,provider,"embed_expand(k=5,min_cos=0.75)",seed=aws resource provider;sim=1.000
alternative resource,provider,"embed_expand(k=5,min_cos=0.75)",seed=aws resource provider;sim=1.000
boolean resource,provider,"embed_expand(k=5,min_cos=0.75)",seed=aws resource provider;sim=1.000
valid tag,provider,"embed_expand(k=5,min_cos=0.75)",seed=valid provider;sim=1.000
resource connector host,provider,"embed_expand(k=5,min_cos=0.75)",seed=host resource provider;sim=1.000
dynamic host,provider,"embed_expand(k=5,min_cos=0.75)",seed=host resource provider;sim=0.998
unit output specific,field,"embed_expand(k=5,min_cos=0.75)",seed=output specific field;sim=1.000
output json format,field,"embed_expand(k=5,min_cos=0.75)",seed=output field;sim=0.999
option feature group,field,"embed_expand(k=5,min_cos=0.75)",seed=option following field;sim=0.999
datum job,transfer job,"embed_expand(k=5,min_cos=0.75)",seed=datum transfer job;sim=1.000
job order,transfer job,"embed_expand(k=5,min_cos=0.75)",seed=data transfer job;sim=0.999
affinity resource requirement,allocation,"embed_expand(k=5,min_cos=0.75)",seed=resource management allocation;sim=0.999
task group host,allocation,"embed_expand(k=5,min_cos=0.75)",seed=resource management allocation;sim=0.998
task remote host,allocation,"embed_expand(k=5,min_cos=0.75)",seed=resource management allocation;sim=0.998
core numa node,allocation,"embed_expand(k=5,min_cos=0.75)",seed=task allocation;sim=0.998
resource method reserve,allocation,"embed_expand(k=5,min_cos=0.75)",seed=global resource allocation;sim=0.999
distribution job,allocation,"embed_expand(k=5,min_cos=0.75)",seed=job allocation;sim=0.999
requirement task job,allocation,"embed_expand(k=5,min_cos=0.75)",seed=job allocation;sim=0.999
allocation planner,allocation,"embed_expand(k=5,min_cos=0.75)",seed=balanced allocation;sim=1.000
allocation strategy,allocation,"embed_expand(k=5,min_cos=0.75)",seed=balanced allocation;sim=1.000
license token distribution,allocation,"embed_expand(k=5,min_cos=0.75)",seed=license allocation;sim=0.999
license distribution policy,allocation,"embed_expand(k=5,min_cos=0.75)",seed=license allocation;sim=0.999
job information cache,information job,"embed_expand(k=5,min_cos=0.75)",seed=detailed information job;sim=1.000
resource pool,enhancement,"embed_expand(k=5,min_cos=0.75)",seed=resource connector enhancement;sim=1.000
compound resource,enhancement,"embed_expand(k=5,min_cos=0.75)",seed=resource connector enhancement;sim=1.000
alternative resource,enhancement,"embed_expand(k=5,min_cos=0.75)",seed=resource connector enhancement;sim=1.000
lot job,reservation job,"embed_expand(k=5,min_cos=0.75)",seed=advance reservation job;sim=1.000
job array element,reservation job,"embed_expand(k=5,min_cos=0.75)",seed=advance reservation job;sim=1.000
checkpointable job,reservation job,"embed_expand(k=5,min_cos=0.75)",seed=advance reservation job;sim=1.000
lsf license scheduler,license,"embed_expand(k=5,min_cos=0.75)",seed=lsf license;sim=1.000
requirement lsf,license,"embed_expand(k=5,min_cos=0.75)",seed=lsf license;sim=0.999
enable lsf,license,"embed_expand(k=5,min_cos=0.75)",seed=lsf license;sim=0.998
license project,license,"embed_expand(k=5,min_cos=0.75)",seed=license scheduler license;sim=1.000
license scheduler,license,"embed_expand(k=5,min_cos=0.75)",seed=license scheduler license;sim=1.000
license license server,license,"embed_expand(k=5,min_cos=0.75)",seed=share total license;sim=0.999
license server,license,"embed_expand(k=5,min_cos=0.75)",seed=share total license;sim=0.998
remote license server,license,"embed_expand(k=5,min_cos=0.75)",seed=share total license;sim=0.998
license requirement,license,"embed_expand(k=5,min_cos=0.75)",seed=application license;sim=0.999
license request,license,"embed_expand(k=5,min_cos=0.75)",seed=application license;sim=0.999
license feature,license,"embed_expand(k=5,min_cos=0.75)",seed=shared license;sim=0.999
fair share scheduling,license,"embed_expand(k=5,min_cos=0.75)",seed=share license;sim=0.999
fair share policy,license,"embed_expand(k=5,min_cos=0.75)",seed=share license;sim=0.998
parallel fair share,license,"embed_expand(k=5,min_cos=0.75)",seed=share license;sim=0.998
license job,license,"embed_expand(k=5,min_cos=0.75)",seed=job license;sim=1.000
requirement job,license,"embed_expand(k=5,min_cos=0.75)",seed=job license;sim=0.999
license ownership sharing,license,"embed_expand(k=5,min_cos=0.75)",seed=configure license;sim=0.999
unknown license requirement,license,"embed_expand(k=5,min_cos=0.75)",seed=remote license;sim=0.999
type resource,license,"embed_expand(k=5,min_cos=0.75)",seed=type license;sim=0.998
limit end limit,policy,"embed_expand(k=5,min_cos=0.75)",seed=limit policy;sim=0.999
gpack policy sort,policy,"embed_expand(k=5,min_cos=0.75)",seed=fcfs policy;sim=1.000
distribution policy violation,policy,"embed_expand(k=5,min_cos=0.75)",seed=distribution policy;sim=1.000
distribution policy parenthesi,policy,"embed_expand(k=5,min_cos=0.75)",seed=distribution policy;sim=1.000
site,policy,"embed_expand(k=5,min_cos=0.75)",seed=site policy;sim=0.999
site specific,policy,"embed_expand(k=5,min_cos=0.75)",seed=site policy;sim=0.999
management candidate,policy,"embed_expand(k=5,min_cos=0.75)",seed=power management policy;sim=0.999
management application,policy,"embed_expand(k=5,min_cos=0.75)",seed=power management policy;sim=0.998
policy remote cluster,policy,"embed_expand(k=5,min_cos=0.75)",seed=power management policy;sim=0.998
resize release request,policy,"embed_expand(k=5,min_cos=0.75)",seed=request power policy;sim=0.999
signal request,policy,"embed_expand(k=5,min_cos=0.75)",seed=request power policy;sim=0.999
license token distribution,policy,"embed_expand(k=5,min_cos=0.75)",seed=license distribution policy;sim=1.000
resource method reserve,policy,"embed_expand(k=5,min_cos=0.75)",seed=license distribution policy;sim=0.999
license allocation,policy,"embed_expand(k=5,min_cos=0.75)",seed=license distribution policy;sim=0.999
job scheduling dispatch,policy,"embed_expand(k=5,min_cos=0.75)",seed=job scheduling policy;sim=1.000
job scheduling,policy,"embed_expand(k=5,min_cos=0.75)",seed=job scheduling policy;sim=1.000
scheduling session job,policy,"embed_expand(k=5,min_cos=0.75)",seed=job scheduling policy;sim=1.000
configure lsf startup,policy,"embed_expand(k=5,min_cos=0.75)",seed=lsf scheduling policy;sim=0.999
lsf integration package,policy,"embed_expand(k=5,min_cos=0.75)",seed=lsf scheduling policy;sim=0.999
parallel fair share,policy,"embed_expand(k=5,min_cos=0.75)",seed=fair share policy;sim=1.000
fair share scheduling,policy,"embed_expand(k=5,min_cos=0.75)",seed=fair share policy;sim=0.999
order queue,policy,"embed_expand(k=5,min_cos=0.75)",seed=queue policy;sim=0.999
scheduling feature,policy,"embed_expand(k=5,min_cos=0.75)",seed=fcfs scheduling policy;sim=1.000
resource limit behavior,policy,"embed_expand(k=5,min_cos=0.75)",seed=resource limit policy;sim=1.000
linux cgroup device,cpuset,"embed_expand(k=5,min_cos=0.75)",seed=linux cgroup cpuset;sim=1.000
linux cgroup,cpuset,"embed_expand(k=5,min_cos=0.75)",seed=linux cgroup cpuset;sim=1.000
linux x,cpuset,"embed_expand(k=5,min_cos=0.75)",seed=linux cgroup cpuset;sim=0.999
linux kernel,cpuset,"embed_expand(k=5,min_cos=0.75)",seed=linux cgroup cpuset;sim=0.999
job affinity,cpuset,"embed_expand(k=5,min_cos=0.75)",seed=affinity job cpuset;sim=1.000
cgroup job step,cpuset,"embed_expand(k=5,min_cos=0.75)",seed=affinity job cpuset;sim=0.999
system requirement compatibility,requirement lsf,"embed_expand(k=5,min_cos=0.75)",seed=affinity requirement lsf;sim=0.999
system requirement,requirement lsf,"embed_expand(k=5,min_cos=0.75)",seed=affinity requirement lsf;sim=0.999
requirement detail,requirement,"embed_expand(k=5,min_cos=0.75)",seed=compute unit requirement;sim=0.999
requirement site,requirement,"embed_expand(k=5,min_cos=0.75)",seed=compute unit requirement;sim=0.999
license request,requirement,"embed_expand(k=5,min_cos=0.75)",seed=unknown license requirement;sim=0.999
information license feature,requirement,"embed_expand(k=5,min_cos=0.75)",seed=unknown license requirement;sim=0.999
maximum resource,requirement,"embed_expand(k=5,min_cos=0.75)",seed=affinity resource requirement;sim=0.999
resource requirement term,requirement,"embed_expand(k=5,min_cos=0.75)",seed=simple resource requirement;sim=1.000
system requirement compatibility,requirement,"embed_expand(k=5,min_cos=0.75)",seed=system requirement;sim=1.000
resource requirement expression,requirement,"embed_expand(k=5,min_cos=0.75)",seed=compound resource requirement;sim=1.000
shared license,requirement,"embed_expand(k=5,min_cos=0.75)",seed=license requirement;sim=0.999
maximum resource,resource requirement,"embed_expand(k=5,min_cos=0.75)",seed=affinity resource requirement;sim=0.999
resource requirement term,resource requirement,"embed_expand(k=5,min_cos=0.75)",seed=simple resource requirement;sim=1.000
resource requirement expression,resource requirement,"embed_expand(k=5,min_cos=0.75)",seed=compound resource requirement;sim=1.000
afs,volume,"embed_expand(k=5,min_cos=0.75)",seed=afs volume;sim=1.000
site policy,volume,"embed_expand(k=5,min_cos=0.75)",seed=afs volume;sim=0.998
site specific,volume,"embed_expand(k=5,min_cos=0.75)",seed=afs volume;sim=0.998
signal,action,"embed_expand(k=5,min_cos=0.75)",seed=deadlock signal action;sim=1.000
job control,action,"embed_expand(k=5,min_cos=0.75)",seed=job control action;sim=1.000
individual job,action,"embed_expand(k=5,min_cos=0.75)",seed=job control action;sim=0.999
control,action,"embed_expand(k=5,min_cos=0.75)",seed=power control action;sim=1.000
access control,action,"embed_expand(k=5,min_cos=0.75)",seed=power control action;sim=0.998
suspend,action,"embed_expand(k=5,min_cos=0.75)",seed=suspend action;sim=1.000
linux cgroup job,action,"embed_expand(k=5,min_cos=0.75)",seed=suspend action;sim=0.999
large parallel job,action,"embed_expand(k=5,min_cos=0.75)",seed=suspend action;sim=0.999
resume,action,"embed_expand(k=5,min_cos=0.75)",seed=resume action;sim=1.000
long scheduling session,action,"embed_expand(k=5,min_cos=0.75)",seed=resume action;sim=0.998
parallel job job,action,"embed_expand(k=5,min_cos=0.75)",seed=job warning action;sim=0.999
job slot job,action,"embed_expand(k=5,min_cos=0.75)",seed=job warning action;sim=0.999
lot job,action,"embed_expand(k=5,min_cos=0.75)",seed=job action;sim=1.000
job array element,action,"embed_expand(k=5,min_cos=0.75)",seed=job action;sim=1.000
checkpointable job,action,"embed_expand(k=5,min_cos=0.75)",seed=job action;sim=1.000
share assignment,share,"embed_expand(k=5,min_cos=0.75)",seed=hierarchical fair share;sim=1.000
resource connector host,share,"embed_expand(k=5,min_cos=0.75)",seed=type fair share;sim=0.997
host resource provider,share,"embed_expand(k=5,min_cos=0.75)",seed=type fair share;sim=0.997
fair share policy,share,"embed_expand(k=5,min_cos=0.75)",seed=parallel fair share;sim=1.000
plan job,plan,"embed_expand(k=5,min_cos=0.75)",seed=job plan;sim=1.000
feature job,plan,"embed_expand(k=5,min_cos=0.75)",seed=job plan;sim=0.999
resource availability,plan,"embed_expand(k=5,min_cos=0.75)",seed=resource plan;sim=1.000
allocation request,plan,"embed_expand(k=5,min_cos=0.75)",seed=allocation plan;sim=0.999
resize allocation request,plan,"embed_expand(k=5,min_cos=0.75)",seed=allocation plan;sim=0.999
allocation plan,request,"embed_expand(k=5,min_cos=0.75)",seed=resize allocation request;sim=0.999
job switch,request,"embed_expand(k=5,min_cos=0.75)",seed=job switch request;sim=0.999
request power policy,request,"embed_expand(k=5,min_cos=0.75)",seed=signal request;sim=0.999
live reconfiguration,request,"embed_expand(k=5,min_cos=0.75)",seed=live reconfiguration request;sim=0.999
reconfiguration,request,"embed_expand(k=5,min_cos=0.75)",seed=live reconfiguration request;sim=0.999
license feature,request,"embed_expand(k=5,min_cos=0.75)",seed=license request;sim=0.999
shared license,request,"embed_expand(k=5,min_cos=0.75)",seed=license request;sim=0.999
time job submission,request,"embed_expand(k=5,min_cos=0.75)",seed=job submission request;sim=1.000
field order occurrence,order,"embed_expand(k=5,min_cos=0.75)",seed=alphabetical order;sim=0.999
job scheduling dispatch,order,"embed_expand(k=5,min_cos=0.75)",seed=job dispatch order;sim=1.000
job scheduling policy,order,"embed_expand(k=5,min_cos=0.75)",seed=job dispatch order;sim=0.999
local job,order,"embed_expand(k=5,min_cos=0.75)",seed=job dispatch order;sim=0.999
local host,order,"embed_expand(k=5,min_cos=0.75)",seed=host order;sim=1.000
order keyword,order,"embed_expand(k=5,min_cos=0.75)",seed=field name order;sim=0.999
feature name feature_list,order,"embed_expand(k=5,min_cos=0.75)",seed=field name order;sim=0.999
current performance,service,"embed_expand(k=5,min_cos=0.75)",seed=current service;sim=0.999
property service class,service,"embed_expand(k=5,min_cos=0.75)",seed=current service;sim=0.999
service class,service,"embed_expand(k=5,min_cos=0.75)",seed=tsjobhelper window service;sim=1.000
service class parenthesi,service,"embed_expand(k=5,min_cos=0.75)",seed=tsjobhelper window service;sim=1.000
linux kernel,service,"embed_expand(k=5,min_cos=0.75)",seed=linux pam service;sim=0.999
linux x,service,"embed_expand(k=5,min_cos=0.75)",seed=linux pam service;sim=0.999
collector service domain,service,"embed_expand(k=5,min_cos=0.75)",seed=local helper service;sim=0.999
service domain,service,"embed_expand(k=5,min_cos=0.75)",seed=local helper service;sim=0.999
lsf service,web service,"embed_expand(k=5,min_cos=0.75)",seed=lsf web service;sim=1.000
lsf predictor service,web service,"embed_expand(k=5,min_cos=0.75)",seed=lsf web service;sim=1.000
setup lsf service,web service,"embed_expand(k=5,min_cos=0.75)",seed=lsf web service;sim=1.000
lsf simulator service,web service,"embed_expand(k=5,min_cos=0.75)",seed=lsf web service;sim=1.000
process,gpu,"embed_expand(k=5,min_cos=0.75)",seed=exclusive process gpu;sim=1.000
process group,gpu,"embed_expand(k=5,min_cos=0.75)",seed=exclusive process gpu;sim=0.999
signal request,gpu,"embed_expand(k=5,min_cos=0.75)",seed=gpu separate gpu;sim=0.998
lot job,gpu,"embed_expand(k=5,min_cos=0.75)",seed=job gpu;sim=1.000
job array element,gpu,"embed_expand(k=5,min_cos=0.75)",seed=job gpu;sim=1.000
checkpointable job,gpu,"embed_expand(k=5,min_cos=0.75)",seed=job gpu;sim=1.000
daemon,gpu,"embed_expand(k=5,min_cos=0.75)",seed=mps daemon gpu;sim=1.000
dmd daemon,gpu,"embed_expand(k=5,min_cos=0.75)",seed=mps daemon gpu;sim=1.000
lsf fix pack,gpu lsf,"embed_expand(k=5,min_cos=0.75)",seed=amd gpu lsf;sim=1.000
lsf leverage,gpu lsf,"embed_expand(k=5,min_cos=0.75)",seed=amd gpu lsf;sim=1.000
lsf explorer,gpu lsf,"embed_expand(k=5,min_cos=0.75)",seed=amd gpu lsf;sim=1.000
integration package,integration,"embed_expand(k=5,min_cos=0.75)",seed=csm integration;sim=0.999
csm integration package,integration,"embed_expand(k=5,min_cos=0.75)",seed=csm integration;sim=0.999
system requirement,compatibility,"embed_expand(k=5,min_cos=0.75)",seed=system requirement compatibility;sim=1.000
application,app,"embed_expand(k=5,min_cos=0.75)",seed=application app;sim=1.000
enterprise application,app,"embed_expand(k=5,min_cos=0.75)",seed=application app;sim=1.000
application userb,app,"embed_expand(k=5,min_cos=0.75)",seed=application app;sim=1.000
application profile,app,"embed_expand(k=5,min_cos=0.75)",seed=application app;sim=1.000
management candidate,application,"embed_expand(k=5,min_cos=0.75)",seed=management application;sim=0.999
power management policy,application,"embed_expand(k=5,min_cos=0.75)",seed=management application;sim=0.998
single slot host,application,"embed_expand(k=5,min_cos=0.75)",seed=management application;sim=0.998
application profile level,application,"embed_expand(k=5,min_cos=0.75)",seed=interactive shell application;sim=0.999
application level checkpointing,application,"embed_expand(k=5,min_cos=0.75)",seed=parallel application;sim=0.999
application userb,application,"embed_expand(k=5,min_cos=0.75)",seed=mpi application;sim=1.000
application profile,application,"embed_expand(k=5,min_cos=0.75)",seed=mpi application;sim=1.000
application app,application,"embed_expand(k=5,min_cos=0.75)",seed=mpi application;sim=1.000
job application profile,application,"embed_expand(k=5,min_cos=0.75)",seed=job application;sim=1.000
app application job,application,"embed_expand(k=5,min_cos=0.75)",seed=job application;sim=1.000
application profile job,application,"embed_expand(k=5,min_cos=0.75)",seed=job application;sim=1.000
application,framework,"embed_expand(k=5,min_cos=0.75)",seed=application framework;sim=1.000
enterprise application,framework,"embed_expand(k=5,min_cos=0.75)",seed=application framework;sim=1.000
application userb,framework,"embed_expand(k=5,min_cos=0.75)",seed=application framework;sim=1.000
application profile,framework,"embed_expand(k=5,min_cos=0.75)",seed=application framework;sim=1.000
application app,framework,"embed_expand(k=5,min_cos=0.75)",seed=application framework;sim=1.000
permission,checkpoint,"embed_expand(k=5,min_cos=0.75)",seed=permission checkpoint;sim=1.000
lot job,checkpoint,"embed_expand(k=5,min_cos=0.75)",seed=job checkpoint;sim=1.000
multicluster job,checkpoint,"embed_expand(k=5,min_cos=0.75)",seed=job checkpoint;sim=1.000
gpu job,checkpoint,"embed_expand(k=5,min_cos=0.75)",seed=job checkpoint;sim=1.000
application profile level,checkpointing,"embed_expand(k=5,min_cos=0.75)",seed=application level checkpointing;sim=1.000
site application,checkpointing,"embed_expand(k=5,min_cos=0.75)",seed=application level checkpointing;sim=0.999
limit policy,limit definition,"embed_expand(k=5,min_cos=0.75)",seed=project limit definition;sim=0.999
limit queue,limit definition,"embed_expand(k=5,min_cos=0.75)",seed=queue limit definition;sim=0.999
current service,performance,"embed_expand(k=5,min_cos=0.75)",seed=current performance;sim=0.999
performance lsf,performance,"embed_expand(k=5,min_cos=0.75)",seed=lsf performance;sim=1.000
lsf family product,performance,"embed_expand(k=5,min_cos=0.75)",seed=lsf performance;sim=1.000
enable lsf,performance,"embed_expand(k=5,min_cos=0.75)",seed=lsf performance;sim=0.999
performance scalability,performance,"embed_expand(k=5,min_cos=0.75)",seed=optimal performance;sim=1.000
performance reason,performance,"embed_expand(k=5,min_cos=0.75)",seed=optimal performance;sim=0.999
performance metric,performance,"embed_expand(k=5,min_cos=0.75)",seed=optimal performance;sim=0.999
application,profile,"embed_expand(k=5,min_cos=0.75)",seed=application profile;sim=1.000
enterprise application,profile,"embed_expand(k=5,min_cos=0.75)",seed=application profile;sim=1.000
application userb,profile,"embed_expand(k=5,min_cos=0.75)",seed=application profile;sim=1.000
application app,profile,"embed_expand(k=5,min_cos=0.75)",seed=application profile;sim=1.000
application profile level,profile,"embed_expand(k=5,min_cos=0.75)",seed=configuration application profile;sim=0.999
application level checkpointing,profile,"embed_expand(k=5,min_cos=0.75)",seed=configuration application profile;sim=0.999
app application job,profile,"embed_expand(k=5,min_cos=0.75)",seed=job application profile;sim=1.000
job application,profile,"embed_expand(k=5,min_cos=0.75)",seed=job application profile;sim=1.000
application profile job,profile,"embed_expand(k=5,min_cos=0.75)",seed=job application profile;sim=1.000
application level checkpointing,level,"embed_expand(k=5,min_cos=0.75)",seed=application profile level;sim=1.000
site application,level,"embed_expand(k=5,min_cos=0.75)",seed=application profile level;sim=0.999
good host,level,"embed_expand(k=5,min_cos=0.75)",seed=host level;sim=1.000
host processor,level,"embed_expand(k=5,min_cos=0.75)",seed=host level;sim=0.999
job specific queue,queue job,"embed_expand(k=5,min_cos=0.75)",seed=priority queue job;sim=1.000
slot job queue,queue job,"embed_expand(k=5,min_cos=0.75)",seed=priority queue job;sim=1.000
job lost_and_found queue,queue job,"embed_expand(k=5,min_cos=0.75)",seed=priority queue job;sim=1.000
job queue,queue job,"embed_expand(k=5,min_cos=0.75)",seed=final queue job;sim=1.000
job aps queue,queue job,"embed_expand(k=5,min_cos=0.75)",seed=final queue job;sim=1.000
chunk job queue,queue job,"embed_expand(k=5,min_cos=0.75)",seed=final queue job;sim=1.000
job specified queue,queue job,"embed_expand(k=5,min_cos=0.75)",seed=final queue job;sim=1.000
list boolean resource,section,"embed_expand(k=5,min_cos=0.75)",seed=resource section;sim=0.999
list resource provider,section,"embed_expand(k=5,min_cos=0.75)",seed=resource section;sim=0.999
information global resource,section,"embed_expand(k=5,min_cos=0.75)",seed=resource requirement section;sim=0.999
select product list,section,"embed_expand(k=5,min_cos=0.75)",seed=select section;sim=0.998
network host,section,"embed_expand(k=5,min_cos=0.75)",seed=host section;sim=0.999
host network,section,"embed_expand(k=5,min_cos=0.75)",seed=host section;sim=0.999
cluster local cluster,section,"embed_expand(k=5,min_cos=0.75)",seed=cluster section;sim=0.998
information cluster,section,"embed_expand(k=5,min_cos=0.75)",seed=cluster section;sim=0.998
gpu information cluster,section,"embed_expand(k=5,min_cos=0.75)",seed=cluster section;sim=0.998
lot job,container job,"embed_expand(k=5,min_cos=0.75)",seed=singularity container job;sim=1.000
multicluster job,container job,"embed_expand(k=5,min_cos=0.75)",seed=singularity container job;sim=1.000
job array element,container job,"embed_expand(k=5,min_cos=0.75)",seed=singularity container job;sim=1.000
gpu job,container job,"embed_expand(k=5,min_cos=0.75)",seed=podman container job;sim=1.000
calculation demand,calculation,"embed_expand(k=5,min_cos=0.75)",seed=aps calculation;sim=0.999
calculation dynamic priority,calculation,"embed_expand(k=5,min_cos=0.75)",seed=aps calculation;sim=0.998
elim shell script,program,"embed_expand(k=5,min_cos=0.75)",seed=binary program;sim=0.999
external executable,program,"embed_expand(k=5,min_cos=0.75)",seed=binary program;sim=0.999
external script,program,"embed_expand(k=5,min_cos=0.75)",seed=custom mail program;sim=0.998
lot job,dependency,"embed_expand(k=5,min_cos=0.75)",seed=job dependency;sim=1.000
job array element,dependency,"embed_expand(k=5,min_cos=0.75)",seed=job dependency;sim=1.000
checkpointable job,dependency,"embed_expand(k=5,min_cos=0.75)",seed=job dependency;sim=1.000
large job,array,"embed_expand(k=5,min_cos=0.75)",seed=large job array;sim=1.000
large parallel job,array,"embed_expand(k=5,min_cos=0.75)",seed=large job array;sim=1.000
parallel job,array,"embed_expand(k=5,min_cos=0.75)",seed=large job array;sim=0.999
lot job,array,"embed_expand(k=5,min_cos=0.75)",seed=job array;sim=1.000
multicluster job,array,"embed_expand(k=5,min_cos=0.75)",seed=job array;sim=1.000
checkpointable job,array,"embed_expand(k=5,min_cos=0.75)",seed=job array;sim=1.000
job array element,array,"embed_expand(k=5,min_cos=0.75)",seed=job job array;sim=1.000
lot job,element,"embed_expand(k=5,min_cos=0.75)",seed=job array element;sim=1.000
checkpointable job,element,"embed_expand(k=5,min_cos=0.75)",seed=job array element;sim=1.000
sequential job,element,"embed_expand(k=5,min_cos=0.75)",seed=job array element;sim=1.000
behavior lsf,behavior,"embed_expand(k=5,min_cos=0.75)",seed=aspect lsf behavior;sim=1.000
lsf package,behavior,"embed_expand(k=5,min_cos=0.75)",seed=aspect lsf behavior;sim=0.999
resource limit policy,behavior,"embed_expand(k=5,min_cos=0.75)",seed=resource limit behavior;sim=1.000
lsf scheduling policy,behavior,"embed_expand(k=5,min_cos=0.75)",seed=lsf default behavior;sim=0.999
configure lsf startup,behavior,"embed_expand(k=5,min_cos=0.75)",seed=lsf default behavior;sim=0.999
lsf select,behavior,"embed_expand(k=5,min_cos=0.75)",seed=lsf default behavior;sim=0.999
external authentication feature,behavior,"embed_expand(k=5,min_cos=0.75)",seed=external authentication behavior;sim=1.000
external executable,behavior,"embed_expand(k=5,min_cos=0.75)",seed=external authentication behavior;sim=0.999
mbatchd daemon startup,operation,"embed_expand(k=5,min_cos=0.75)",seed=daemon operation;sim=0.999
global policy daemon,operation,"embed_expand(k=5,min_cos=0.75)",seed=daemon operation;sim=0.999
workload mbatchd daemon,operation,"embed_expand(k=5,min_cos=0.75)",seed=daemon operation;sim=0.999
execution time function,operation,"embed_expand(k=5,min_cos=0.75)",seed=execution operation;sim=0.999
automatic job rerun,migration,"embed_expand(k=5,min_cos=0.75)",seed=automatic job migration;sim=1.000
feature job,migration,"embed_expand(k=5,min_cos=0.75)",seed=automatic job migration;sim=0.999
regular job,migration,"embed_expand(k=5,min_cos=0.75)",seed=job migration;sim=1.000
array job,migration,"embed_expand(k=5,min_cos=0.75)",seed=job migration;sim=1.000
cron job,migration,"embed_expand(k=5,min_cos=0.75)",seed=job migration;sim=1.000
job array,migration,"embed_expand(k=5,min_cos=0.75)",seed=job migration;sim=1.000
job lost_and_found queue,job queue,"embed_expand(k=5,min_cos=0.75)",seed=slot job queue;sim=1.000
job specific queue,job queue,"embed_expand(k=5,min_cos=0.75)",seed=slot job queue;sim=1.000
job local queue,job queue,"embed_expand(k=5,min_cos=0.75)",seed=send job queue;sim=1.000
job transfer queue,job queue,"embed_expand(k=5,min_cos=0.75)",seed=send job queue;sim=1.000
queue job,job queue,"embed_expand(k=5,min_cos=0.75)",seed=flow job queue;sim=1.000
job aps queue,job queue,"embed_expand(k=5,min_cos=0.75)",seed=flow job queue;sim=1.000
job specified queue,job queue,"embed_expand(k=5,min_cos=0.75)",seed=flow job queue;sim=1.000
job backfill queue,job queue,"embed_expand(k=5,min_cos=0.75)",seed=chunk job queue;sim=1.000
regular job,rerun,"embed_expand(k=5,min_cos=0.75)",seed=job rerun;sim=1.000
array job,rerun,"embed_expand(k=5,min_cos=0.75)",seed=job rerun;sim=1.000
cron job,rerun,"embed_expand(k=5,min_cos=0.75)",seed=job rerun;sim=1.000
job array,rerun,"embed_expand(k=5,min_cos=0.75)",seed=job rerun;sim=1.000
automatic job migration,rerun,"embed_expand(k=5,min_cos=0.75)",seed=automatic job rerun;sim=1.000
feature job,rerun,"embed_expand(k=5,min_cos=0.75)",seed=automatic job rerun;sim=0.999
lsf feature ego,startup,"embed_expand(k=5,min_cos=0.75)",seed=automatic lsf startup;sim=0.999
lsf integration package,startup,"embed_expand(k=5,min_cos=0.75)",seed=automatic lsf startup;sim=0.999
automatic configuration change,startup,"embed_expand(k=5,min_cos=0.75)",seed=instance startup;sim=0.999
feature name feature_list,startup,"embed_expand(k=5,min_cos=0.75)",seed=instance startup;sim=0.999
lsf scheduling policy,startup,"embed_expand(k=5,min_cos=0.75)",seed=configure lsf startup;sim=0.999
workload mbatchd daemon,startup,"embed_expand(k=5,min_cos=0.75)",seed=mbatchd daemon startup;sim=1.000
mbatchd change effect,startup,"embed_expand(k=5,min_cos=0.75)",seed=mbatchd startup;sim=0.999
lsf scheduling policy,lsf startup,"embed_expand(k=5,min_cos=0.75)",seed=configure lsf startup;sim=0.999
lsf feature ego,lsf startup,"embed_expand(k=5,min_cos=0.75)",seed=configure lsf startup;sim=0.999
lsf integration package,lsf startup,"embed_expand(k=5,min_cos=0.75)",seed=automatic lsf startup;sim=0.999
feature lsf,workload,"embed_expand(k=5,min_cos=0.75)",seed=lsf workload;sim=0.999
local host,instance,"embed_expand(k=5,min_cos=0.75)",seed=host instance;sim=0.999
reason host,instance,"embed_expand(k=5,min_cos=0.75)",seed=host instance;sim=0.999
machine,instance,"embed_expand(k=5,min_cos=0.75)",seed=virtual machine instance;sim=0.999
virtual machine,instance,"embed_expand(k=5,min_cos=0.75)",seed=virtual machine instance;sim=0.999
launch instance template,instance,"embed_expand(k=5,min_cos=0.75)",seed=virtual machine instance;sim=0.999
instance template,instance,"embed_expand(k=5,min_cos=0.75)",seed=aws spot instance;sim=1.000
resource availability,instance,"embed_expand(k=5,min_cos=0.75)",seed=resource provider instance;sim=1.000
resource plan,instance,"embed_expand(k=5,min_cos=0.75)",seed=resource provider instance;sim=0.999
management candidate host,instance,"embed_expand(k=5,min_cos=0.75)",seed=management host instance;sim=1.000
management host selection,instance,"embed_expand(k=5,min_cos=0.75)",seed=management host instance;sim=0.999
x server,instance,"embed_expand(k=5,min_cos=0.75)",seed=virtual server instance;sim=0.999
remote server,instance,"embed_expand(k=5,min_cos=0.75)",seed=virtual server instance;sim=0.999
instance lsf,instance,"embed_expand(k=5,min_cos=0.75)",seed=lsf instance;sim=1.000
platform lsf,instance,"embed_expand(k=5,min_cos=0.75)",seed=lsf instance;sim=1.000
remote cluster job,remote cluster,"embed_expand(k=5,min_cos=0.75)",seed=job remote cluster;sim=1.000
execution cluster job,remote cluster,"embed_expand(k=5,min_cos=0.75)",seed=job remote cluster;sim=0.999
submission execution cluster,remote cluster,"embed_expand(k=5,min_cos=0.75)",seed=policy remote cluster;sim=0.999
remote execution cluster,remote cluster,"embed_expand(k=5,min_cos=0.75)",seed=policy remote cluster;sim=0.999
single cluster,remote cluster,"embed_expand(k=5,min_cos=0.75)",seed=policy remote cluster;sim=0.999
host local cluster,remote cluster,"embed_expand(k=5,min_cos=0.75)",seed=host remote cluster;sim=1.000
line host cluster,remote cluster,"embed_expand(k=5,min_cos=0.75)",seed=host remote cluster;sim=1.000
server host cluster,remote cluster,"embed_expand(k=5,min_cos=0.75)",seed=host remote cluster;sim=0.999
service,component,"embed_expand(k=5,min_cos=0.75)",seed=service component;sim=1.000
lsreghost window service,component,"embed_expand(k=5,min_cos=0.75)",seed=service component;sim=1.000
service class,component,"embed_expand(k=5,min_cos=0.75)",seed=service component;sim=1.000
service class parenthesi,component,"embed_expand(k=5,min_cos=0.75)",seed=service component;sim=1.000
automatic configuration change,reference,"embed_expand(k=5,min_cos=0.75)",seed=configuration reference;sim=0.999
configuration change,reference,"embed_expand(k=5,min_cos=0.75)",seed=configuration reference;sim=0.999
list boolean resource,resource provider,"embed_expand(k=5,min_cos=0.75)",seed=list resource provider;sim=1.000
resource request,resource provider,"embed_expand(k=5,min_cos=0.75)",seed=list resource provider;sim=0.999
resource pool,resource provider,"embed_expand(k=5,min_cos=0.75)",seed=aws resource provider;sim=1.000
compound resource,resource provider,"embed_expand(k=5,min_cos=0.75)",seed=aws resource provider;sim=1.000
alternative resource,resource provider,"embed_expand(k=5,min_cos=0.75)",seed=aws resource provider;sim=1.000
boolean resource,resource provider,"embed_expand(k=5,min_cos=0.75)",seed=aws resource provider;sim=1.000
resource connector host,resource provider,"embed_expand(k=5,min_cos=0.75)",seed=host resource provider;sim=1.000
dynamic host,resource provider,"embed_expand(k=5,min_cos=0.75)",seed=host resource provider;sim=0.998
reason feature,cyclecloud,"embed_expand(k=5,min_cos=0.75)",seed=microsoft azure cyclecloud;sim=0.998
index list comma,index,"embed_expand(k=5,min_cos=0.75)",seed=static index;sim=0.999
problem datum locality,problem,"embed_expand(k=5,min_cos=0.75)",seed=bad problem;sim=0.998
troubleshooting,problem,"embed_expand(k=5,min_cos=0.75)",seed=bad problem;sim=0.997
lsf error,problem,"embed_expand(k=5,min_cos=0.75)",seed=lsf problem;sim=0.998
lsf api,problem,"embed_expand(k=5,min_cos=0.75)",seed=lsf problem;sim=0.998
change lsf,problem,"embed_expand(k=5,min_cos=0.75)",seed=lsf problem;sim=0.998
mps daemon gpu,daemon,"embed_expand(k=5,min_cos=0.75)",seed=bld daemon;sim=1.000
lsf instance,daemon,"embed_expand(k=5,min_cos=0.75)",seed=key lsf daemon;sim=0.999
instance lsf,daemon,"embed_expand(k=5,min_cos=0.75)",seed=key lsf daemon;sim=0.999
mbatchd daemon startup,daemon,"embed_expand(k=5,min_cos=0.75)",seed=workload mbatchd daemon;sim=1.000
batch server host,daemon,"embed_expand(k=5,min_cos=0.75)",seed=server batch daemon;sim=0.998
daemon change effect,daemon,"embed_expand(k=5,min_cos=0.75)",seed=server batch daemon;sim=0.998
daemon communication,daemon,"embed_expand(k=5,min_cos=0.75)",seed=global policy daemon;sim=0.999
lsf cluster,daemon,"embed_expand(k=5,min_cos=0.75)",seed=lsf daemon;sim=0.998
mbatchd daemon cluster,daemon,"embed_expand(k=5,min_cos=0.75)",seed=mbatchd daemon;sim=0.999
task job,job task,"embed_expand(k=5,min_cos=0.75)",seed=multicluster job task;sim=1.000
case lsf,server host,"embed_expand(k=5,min_cos=0.75)",seed=batch server host;sim=0.998
local host,server host,"embed_expand(k=5,min_cos=0.75)",seed=x server host;sim=0.999
lsf client host,server host,"embed_expand(k=5,min_cos=0.75)",seed=lsf server host;sim=0.999
valid lsf host,server host,"embed_expand(k=5,min_cos=0.75)",seed=lsf server host;sim=0.999
lsf management host,server host,"embed_expand(k=5,min_cos=0.75)",seed=lsf server host;sim=0.999
individual lsf host,server host,"embed_expand(k=5,min_cos=0.75)",seed=lsf server host;sim=0.999
datum transfer,cache,"embed_expand(k=5,min_cos=0.75)",seed=datum cache;sim=0.999
cache bstage,cache,"embed_expand(k=5,min_cos=0.75)",seed=bdata cache;sim=1.000
broken symbolic link,cache,"embed_expand(k=5,min_cos=0.75)",seed=symbolic link cache;sim=1.000
single unit,cache,"embed_expand(k=5,min_cos=0.75)",seed=single cache;sim=0.999
cgroup memory subsystem,cache,"embed_expand(k=5,min_cos=0.75)",seed=single cache;sim=0.999
detailed information job,cache,"embed_expand(k=5,min_cos=0.75)",seed=job information cache;sim=1.000
efa network interface,connection,"embed_expand(k=5,min_cos=0.75)",seed=network connection;sim=0.999
network architecture,connection,"embed_expand(k=5,min_cos=0.75)",seed=network connection;sim=0.999
workload mbatchd daemon,effect,"embed_expand(k=5,min_cos=0.75)",seed=mbatchd change effect;sim=0.999
mbatchd startup,effect,"embed_expand(k=5,min_cos=0.75)",seed=mbatchd change effect;sim=0.999
mbatchd daemon cluster,effect,"embed_expand(k=5,min_cos=0.75)",seed=daemon change effect;sim=0.999
sbatchd daemon,effect,"embed_expand(k=5,min_cos=0.75)",seed=daemon change effect;sim=0.999
daemon operation,effect,"embed_expand(k=5,min_cos=0.75)",seed=daemon change effect;sim=0.998
mbatchd daemon cluster,change effect,"embed_expand(k=5,min_cos=0.75)",seed=daemon change effect;sim=0.999
sbatchd daemon,change effect,"embed_expand(k=5,min_cos=0.75)",seed=daemon change effect;sim=0.999
daemon operation,change effect,"embed_expand(k=5,min_cos=0.75)",seed=daemon change effect;sim=0.998
workload mbatchd daemon,change effect,"embed_expand(k=5,min_cos=0.75)",seed=mbatchd change effect;sim=0.999
mbatchd startup,change effect,"embed_expand(k=5,min_cos=0.75)",seed=mbatchd change effect;sim=0.999
pack scheduling,cycle,"embed_expand(k=5,min_cos=0.75)",seed=scheduling cycle;sim=1.000
scheduling,cycle,"embed_expand(k=5,min_cos=0.75)",seed=scheduling cycle;sim=1.000
energy aware scheduling,cycle,"embed_expand(k=5,min_cos=0.75)",seed=scheduling cycle;sim=1.000
license project,collector,"embed_expand(k=5,min_cos=0.75)",seed=license collector;sim=1.000
license scheduler,collector,"embed_expand(k=5,min_cos=0.75)",seed=license collector;sim=1.000
license scheduler license,collector,"embed_expand(k=5,min_cos=0.75)",seed=license collector;sim=1.000
production cluster,mode,"embed_expand(k=5,min_cos=0.75)",seed=cluster mode;sim=1.000
local cluster,mode,"embed_expand(k=5,min_cos=0.75)",seed=cluster mode;sim=0.999
cluster master statu,mode,"embed_expand(k=5,min_cos=0.75)",seed=cluster mode;sim=0.999
output field,output,"embed_expand(k=5,min_cos=0.75)",seed=standard output;sim=0.999
output json format,output,"embed_expand(k=5,min_cos=0.75)",seed=standard output;sim=0.999
shell job,shell,"embed_expand(k=5,min_cos=0.75)",seed=job particular shell;sim=1.000
time job submission,shell,"embed_expand(k=5,min_cos=0.75)",seed=job particular shell;sim=0.999
virtual server instance,server,"embed_expand(k=5,min_cos=0.75)",seed=remote server;sim=0.999
remote license,server,"embed_expand(k=5,min_cos=0.75)",seed=remote license server;sim=0.999
parameter setting lsf,server,"embed_expand(k=5,min_cos=0.75)",seed=lsf server;sim=0.999
lsf server host,server,"embed_expand(k=5,min_cos=0.75)",seed=lsf server;sim=0.999
share total license,server,"embed_expand(k=5,min_cos=0.75)",seed=license server;sim=0.998
software license,server,"embed_expand(k=5,min_cos=0.75)",seed=license license server;sim=0.999
mbatchd management host,lim,"embed_expand(k=5,min_cos=0.75)",seed=management host lim;sim=0.999
lim host,lim,"embed_expand(k=5,min_cos=0.75)",seed=management host lim;sim=0.999
management host management,lim,"embed_expand(k=5,min_cos=0.75)",seed=management host lim;sim=0.999
server host,lim,"embed_expand(k=5,min_cos=0.75)",seed=server host lim;sim=0.999
lim local host,lim,"embed_expand(k=5,min_cos=0.75)",seed=server host lim;sim=0.999
sbatchd host,lim,"embed_expand(k=5,min_cos=0.75)",seed=server host lim;sim=0.999
lim log,lim,"embed_expand(k=5,min_cos=0.75)",seed=tune lim;sim=0.998
token usage,step,"embed_expand(k=5,min_cos=0.75)",seed=installation step;sim=0.998
job affinity,step,"embed_expand(k=5,min_cos=0.75)",seed=cgroup job step;sim=0.999
affinity job cpuset,step,"embed_expand(k=5,min_cos=0.75)",seed=cgroup job step;sim=0.999
cgroup,subsystem,"embed_expand(k=5,min_cos=0.75)",seed=cgroup subsystem;sim=1.000
linux cgroup,subsystem,"embed_expand(k=5,min_cos=0.75)",seed=cgroup subsystem;sim=0.999
lsf job,system,"embed_expand(k=5,min_cos=0.75)",seed=job lsf system;sim=0.999
sizable job lsf,system,"embed_expand(k=5,min_cos=0.75)",seed=job lsf system;sim=0.999
lsf job jsdl,system,"embed_expand(k=5,min_cos=0.75)",seed=job lsf system;sim=0.999
system lsf,system,"embed_expand(k=5,min_cos=0.75)",seed=lsf system;sim=1.000
change lsf,system,"embed_expand(k=5,min_cos=0.75)",seed=lsf system;sim=0.999
lsf job,lsf system,"embed_expand(k=5,min_cos=0.75)",seed=job lsf system;sim=0.999
sizable job lsf,lsf system,"embed_expand(k=5,min_cos=0.75)",seed=job lsf system;sim=0.999
lsf job jsdl,lsf system,"embed_expand(k=5,min_cos=0.75)",seed=job lsf system;sim=0.999
early version lsf,version,"embed_expand(k=5,min_cos=0.75)",seed=change lsf version;sim=0.999
future version lsf,version,"embed_expand(k=5,min_cos=0.75)",seed=change lsf version;sim=0.999
update lsf configuration,version,"embed_expand(k=5,min_cos=0.75)",seed=record lsf version;sim=0.999
configure lsf startup,version,"embed_expand(k=5,min_cos=0.75)",seed=record lsf version;sim=0.999
share,fair share,"embed_expand(k=5,min_cos=0.75)",seed=hierarchical fair share;sim=1.000
share assignment,fair share,"embed_expand(k=5,min_cos=0.75)",seed=hierarchical fair share;sim=1.000
resource connector host,fair share,"embed_expand(k=5,min_cos=0.75)",seed=type fair share;sim=0.997
host resource provider,fair share,"embed_expand(k=5,min_cos=0.75)",seed=type fair share;sim=0.997
fair share policy,fair share,"embed_expand(k=5,min_cos=0.75)",seed=parallel fair share;sim=1.000
virtual machine instance,template,"embed_expand(k=5,min_cos=0.75)",seed=launch instance template;sim=0.999
instance,template,"embed_expand(k=5,min_cos=0.75)",seed=launch instance template;sim=0.999
aw ec2 instance,template,"embed_expand(k=5,min_cos=0.75)",seed=launch instance template;sim=0.999
resource pool,template,"embed_expand(k=5,min_cos=0.75)",seed=resource connector template;sim=1.000
compound resource,template,"embed_expand(k=5,min_cos=0.75)",seed=resource connector template;sim=1.000
alternative resource,template,"embed_expand(k=5,min_cos=0.75)",seed=resource connector template;sim=1.000
boolean resource,template,"embed_expand(k=5,min_cos=0.75)",seed=resource connector template;sim=1.000
virtual instance,template,"embed_expand(k=5,min_cos=0.75)",seed=instance template;sim=1.000
processor binding,condition,"embed_expand(k=5,min_cos=0.75)",seed=suspending condition;sim=0.998
affinity scheduling,condition,"embed_expand(k=5,min_cos=0.75)",seed=scheduling condition;sim=0.999
affinity scheduling dash,condition,"embed_expand(k=5,min_cos=0.75)",seed=scheduling condition;sim=0.999
lot job,job job,"embed_expand(k=5,min_cos=0.75)",seed=runaway job job;sim=1.000
job array element,job job,"embed_expand(k=5,min_cos=0.75)",seed=runaway job job;sim=1.000
checkpointable job,job job,"embed_expand(k=5,min_cos=0.75)",seed=runaway job job;sim=1.000
job slot job,job job,"embed_expand(k=5,min_cos=0.75)",seed=parallel job job;sim=1.000
job dependency evaluation,job job,"embed_expand(k=5,min_cos=0.75)",seed=job job job;sim=1.000
parallel job lsf,process,"embed_expand(k=5,min_cos=0.75)",seed=lsf job process;sim=0.999
job submission lsf,process,"embed_expand(k=5,min_cos=0.75)",seed=lsf job process;sim=0.999
root group,process,"embed_expand(k=5,min_cos=0.75)",seed=root stage process;sim=0.999
process group,process,"embed_expand(k=5,min_cos=0.75)",seed=res process;sim=0.999
process parallel job,process,"embed_expand(k=5,min_cos=0.75)",seed=feature job process;sim=1.000
lsf schedule,process,"embed_expand(k=5,min_cos=0.75)",seed=lsf process;sim=0.999
platform lsf,process,"embed_expand(k=5,min_cos=0.75)",seed=lsf process;sim=0.999
mbatchd daemon startup,process,"embed_expand(k=5,min_cos=0.75)",seed=daemon process;sim=0.998
global policy daemon,process,"embed_expand(k=5,min_cos=0.75)",seed=daemon process;sim=0.998
lot job,member,"embed_expand(k=5,min_cos=0.75)",seed=chunk job member;sim=1.000
job array element,member,"embed_expand(k=5,min_cos=0.75)",seed=chunk job member;sim=1.000
checkpointable job,member,"embed_expand(k=5,min_cos=0.75)",seed=chunk job member;sim=1.000
fair share group,member,"embed_expand(k=5,min_cos=0.75)",seed=share group member;sim=1.000
fair share policy,member,"embed_expand(k=5,min_cos=0.75)",seed=share group member;sim=0.999
group,member,"embed_expand(k=5,min_cos=0.75)",seed=hierarchical group member;sim=1.000
group subject sla,member,"embed_expand(k=5,min_cos=0.75)",seed=hierarchical group member;sim=1.000
project group,member,"embed_expand(k=5,min_cos=0.75)",seed=hierarchical group member;sim=1.000
group project,member,"embed_expand(k=5,min_cos=0.75)",seed=hierarchical group member;sim=1.000
json list,member,"embed_expand(k=5,min_cos=0.75)",seed=list member;sim=1.000
template list object,member,"embed_expand(k=5,min_cos=0.75)",seed=list member;sim=1.000
host group,member,"embed_expand(k=5,min_cos=0.75)",seed=host group member;sim=1.000
group host,member,"embed_expand(k=5,min_cos=0.75)",seed=host group member;sim=1.000
good host,member,"embed_expand(k=5,min_cos=0.75)",seed=host group member;sim=0.999
security group,hierarchy,"embed_expand(k=5,min_cos=0.75)",seed=group hierarchy;sim=0.999
child group,hierarchy,"embed_expand(k=5,min_cos=0.75)",seed=group hierarchy;sim=0.999
feature group,hierarchy,"embed_expand(k=5,min_cos=0.75)",seed=group hierarchy;sim=0.999
sh ksh bash,hierarchy,"embed_expand(k=5,min_cos=0.75)",seed=project hierarchy;sim=0.996
site specific,hierarchy,"embed_expand(k=5,min_cos=0.75)",seed=project hierarchy;sim=0.996
child job group,hierarchy,"embed_expand(k=5,min_cos=0.75)",seed=job group hierarchy;sim=1.000
delete job group,hierarchy,"embed_expand(k=5,min_cos=0.75)",seed=job group hierarchy;sim=1.000
mig host,advance reservation,"embed_expand(k=5,min_cos=0.75)",seed=host advance reservation;sim=1.000
topology host,advance reservation,"embed_expand(k=5,min_cos=0.75)",seed=host advance reservation;sim=1.000
multiprocessor host,advance reservation,"embed_expand(k=5,min_cos=0.75)",seed=host advance reservation;sim=1.000
open reservation,advance reservation,"embed_expand(k=5,min_cos=0.75)",seed=open advance reservation;sim=1.000
active ownership,advance reservation,"embed_expand(k=5,min_cos=0.75)",seed=open advance reservation;sim=0.998
license feature,license project,"embed_expand(k=5,min_cos=0.75)",seed=demand license project;sim=0.999
license cluster,license project,"embed_expand(k=5,min_cos=0.75)",seed=cluster license project;sim=1.000
requirement cluster,license project,"embed_expand(k=5,min_cos=0.75)",seed=cluster license project;sim=0.999
submission cluster,license project,"embed_expand(k=5,min_cos=0.75)",seed=cluster license project;sim=0.998
lsf license,scheduler,"embed_expand(k=5,min_cos=0.75)",seed=lsf license scheduler;sim=1.000
requirement lsf,scheduler,"embed_expand(k=5,min_cos=0.75)",seed=lsf license scheduler;sim=0.999
enable lsf,scheduler,"embed_expand(k=5,min_cos=0.75)",seed=lsf license scheduler;sim=0.998
amd gpu lsf,scheduler,"embed_expand(k=5,min_cos=0.75)",seed=lsf scheduler;sim=1.000
nvidia gpu lsf,scheduler,"embed_expand(k=5,min_cos=0.75)",seed=lsf scheduler;sim=1.000
license project,scheduler,"embed_expand(k=5,min_cos=0.75)",seed=configuring license scheduler;sim=1.000
license scheduler license,scheduler,"embed_expand(k=5,min_cos=0.75)",seed=configuring license scheduler;sim=1.000
submission cluster,scheduler,"embed_expand(k=5,min_cos=0.75)",seed=submission cluster scheduler;sim=1.000
local cluster,scheduler,"embed_expand(k=5,min_cos=0.75)",seed=submission cluster scheduler;sim=0.999
license,scheduler,"embed_expand(k=5,min_cos=0.75)",seed=license scheduler;sim=1.000
lsf fix pack,scheduler,"embed_expand(k=5,min_cos=0.75)",seed=lsf session scheduler;sim=1.000
lsf license,license scheduler,"embed_expand(k=5,min_cos=0.75)",seed=lsf license scheduler;sim=1.000
requirement lsf,license scheduler,"embed_expand(k=5,min_cos=0.75)",seed=lsf license scheduler;sim=0.999
enable lsf,license scheduler,"embed_expand(k=5,min_cos=0.75)",seed=lsf license scheduler;sim=0.998
license project,license scheduler,"embed_expand(k=5,min_cos=0.75)",seed=configuring license scheduler;sim=1.000
license scheduler license,license scheduler,"embed_expand(k=5,min_cos=0.75)",seed=configuring license scheduler;sim=1.000
lsf client host,lsf host,"embed_expand(k=5,min_cos=0.75)",seed=valid lsf host;sim=1.000
lsf host group,lsf host,"embed_expand(k=5,min_cos=0.75)",seed=valid lsf host;sim=1.000
lsf dynamic host,lsf host,"embed_expand(k=5,min_cos=0.75)",seed=valid lsf host;sim=0.999
host lim host,management host,"embed_expand(k=5,min_cos=0.75)",seed=host management host;sim=0.999
host host model,management host,"embed_expand(k=5,min_cos=0.75)",seed=host management host;sim=0.999
management host lim,management host,"embed_expand(k=5,min_cos=0.75)",seed=mbatchd management host;sim=0.999
sbatchd host,management host,"embed_expand(k=5,min_cos=0.75)",seed=mbatchd management host;sim=0.999
management host management,management host,"embed_expand(k=5,min_cos=0.75)",seed=mbatchd management host;sim=0.999
management candidate host,management host,"embed_expand(k=5,min_cos=0.75)",seed=mbatchd management host;sim=0.999
valid lsf host,management host,"embed_expand(k=5,min_cos=0.75)",seed=lsf management host;sim=0.999
individual lsf host,management host,"embed_expand(k=5,min_cos=0.75)",seed=lsf management host;sim=0.999
lsf client host,management host,"embed_expand(k=5,min_cos=0.75)",seed=lsf management host;sim=0.999
lsf server host,management host,"embed_expand(k=5,min_cos=0.75)",seed=lsf management host;sim=0.999
server host cluster,management host,"embed_expand(k=5,min_cos=0.75)",seed=cluster management host;sim=0.999
host remote cluster,management host,"embed_expand(k=5,min_cos=0.75)",seed=cluster management host;sim=0.999
unix linux,structure,"embed_expand(k=5,min_cos=0.75)",seed=hierarchical structure;sim=0.998
linux kernel,structure,"embed_expand(k=5,min_cos=0.75)",seed=hierarchical structure;sim=0.998
linux cluster,structure,"embed_expand(k=5,min_cos=0.75)",seed=cluster section structure;sim=0.999
cluster mode,security,"embed_expand(k=5,min_cos=0.75)",seed=cluster security;sim=0.999
local cluster,security,"embed_expand(k=5,min_cos=0.75)",seed=cluster security;sim=0.999
license request,service domain,"embed_expand(k=5,min_cos=0.75)",seed=license service domain;sim=0.999
domain uppercase letter,domain,"embed_expand(k=5,min_cos=0.75)",seed=dns domain;sim=1.000
domain uppercase,domain,"embed_expand(k=5,min_cos=0.75)",seed=dns domain;sim=1.000
license request,domain,"embed_expand(k=5,min_cos=0.75)",seed=license service domain;sim=0.999
execution processing,domain,"embed_expand(k=5,min_cos=0.75)",seed=execution domain;sim=0.999
pre execution processing,domain,"embed_expand(k=5,min_cos=0.75)",seed=execution domain;sim=0.999
post execution processing,domain,"embed_expand(k=5,min_cos=0.75)",seed=execution domain;sim=0.999
resource provider,consumer,"embed_expand(k=5,min_cos=0.75)",seed=resource consumer;sim=1.000
resource pool,consumer,"embed_expand(k=5,min_cos=0.75)",seed=resource consumer;sim=1.000
application profile level,application profile,"embed_expand(k=5,min_cos=0.75)",seed=configuration application profile;sim=0.999
application level checkpointing,application profile,"embed_expand(k=5,min_cos=0.75)",seed=configuration application profile;sim=0.999
app application job,application profile,"embed_expand(k=5,min_cos=0.75)",seed=job application profile;sim=1.000
job application,application profile,"embed_expand(k=5,min_cos=0.75)",seed=job application profile;sim=1.000
application profile job,application profile,"embed_expand(k=5,min_cos=0.75)",seed=job application profile;sim=1.000
execution time function,script,"embed_expand(k=5,min_cos=0.75)",seed=execution driver script;sim=0.999
shell,script,"embed_expand(k=5,min_cos=0.75)",seed=shell script;sim=0.999
time job submission,script,"embed_expand(k=5,min_cos=0.75)",seed=parallel job script;sim=0.999
external executable,script,"embed_expand(k=5,min_cos=0.75)",seed=external script;sim=0.999
job local cluster,submission cluster,"embed_expand(k=5,min_cos=0.75)",seed=job submission cluster;sim=1.000
job remote cluster,submission cluster,"embed_expand(k=5,min_cos=0.75)",seed=job submission cluster;sim=1.000
gpu health lsf,simulator,"embed_expand(k=5,min_cos=0.75)",seed=lsf simulator;sim=1.000
amd gpu lsf,simulator,"embed_expand(k=5,min_cos=0.75)",seed=lsf simulator;sim=1.000
lsf explorer,simulator,"embed_expand(k=5,min_cos=0.75)",seed=lsf simulator;sim=1.000
resource availability,usage,"embed_expand(k=5,min_cos=0.75)",seed=resource usage;sim=0.999
symbol usage string,usage,"embed_expand(k=5,min_cos=0.75)",seed=complete hostsetup usage;sim=0.999
resource cluster,usage,"embed_expand(k=5,min_cos=0.75)",seed=lsf resource usage;sim=0.998
simple resource requirement,term,"embed_expand(k=5,min_cos=0.75)",seed=resource requirement term;sim=1.000
term compound,term,"embed_expand(k=5,min_cos=0.75)",seed=compound term;sim=1.000
core socket,node,"embed_expand(k=5,min_cos=0.75)",seed=core numa node;sim=0.999
task allocation,node,"embed_expand(k=5,min_cos=0.75)",seed=core numa node;sim=0.998
additional task,node,"embed_expand(k=5,min_cos=0.75)",seed=launch node;sim=0.998
host statu,preference,"embed_expand(k=5,min_cos=0.75)",seed=host preference;sim=1.000
closed host,preference,"embed_expand(k=5,min_cos=0.75)",seed=host preference;sim=1.000
mig host,preference,"embed_expand(k=5,min_cos=0.75)",seed=host preference;sim=1.000
parallel batch job,query,"embed_expand(k=5,min_cos=0.75)",seed=multithread batch query;sim=0.999
batch interactive job,query,"embed_expand(k=5,min_cos=0.75)",seed=multithread batch query;sim=0.998
interactive batch job,query,"embed_expand(k=5,min_cos=0.75)",seed=multithread batch query;sim=0.998
job_finish2 lsf event,execution,"embed_expand(k=5,min_cos=0.75)",seed=lsf execution;sim=0.999
lsf event,execution,"embed_expand(k=5,min_cos=0.75)",seed=lsf execution;sim=0.999
behavior lsf,execution,"embed_expand(k=5,min_cos=0.75)",seed=lsf execution;sim=0.999
aspect lsf behavior,execution,"embed_expand(k=5,min_cos=0.75)",seed=lsf execution;sim=0.999
job scheduling,execution,"embed_expand(k=5,min_cos=0.75)",seed=job scheduling execution;sim=0.999
execution host,execution,"embed_expand(k=5,min_cos=0.75)",seed=host execution;sim=1.000
unavailable host,execution,"embed_expand(k=5,min_cos=0.75)",seed=host execution;sim=0.999
session interactive job,execution,"embed_expand(k=5,min_cos=0.75)",seed=job execution;sim=0.999
job submission environment,execution,"embed_expand(k=5,min_cos=0.75)",seed=job submission execution;sim=0.999
remote job,execution,"embed_expand(k=5,min_cos=0.75)",seed=job submission execution;sim=0.999
reconfiguration exit,reconfiguration,"embed_expand(k=5,min_cos=0.75)",seed=live reconfiguration;sim=0.999
reconfiguration real time,reconfiguration,"embed_expand(k=5,min_cos=0.75)",seed=live reconfiguration;sim=0.999
child mbatchd,reconfiguration,"embed_expand(k=5,min_cos=0.75)",seed=mbatchd restart reconfiguration;sim=0.999
order section,feature section,"embed_expand(k=5,min_cos=0.75)",seed=individual feature section;sim=0.999
hosttype section,feature section,"embed_expand(k=5,min_cos=0.75)",seed=individual feature section;sim=0.999
parameter parameter section,feature section,"embed_expand(k=5,min_cos=0.75)",seed=parameter feature section;sim=0.999
parameter section,feature section,"embed_expand(k=5,min_cos=0.75)",seed=parameter feature section;sim=0.999
global parameter section,feature section,"embed_expand(k=5,min_cos=0.75)",seed=parameter feature section;sim=0.999
resource method reserve,pool,"embed_expand(k=5,min_cos=0.75)",seed=number resource pool;sim=0.998
resource allocation,pool,"embed_expand(k=5,min_cos=0.75)",seed=number resource pool;sim=0.998
host statu,pool,"embed_expand(k=5,min_cos=0.75)",seed=host pool;sim=1.000
host alia,pool,"embed_expand(k=5,min_cos=0.75)",seed=host pool;sim=1.000
mig host,pool,"embed_expand(k=5,min_cos=0.75)",seed=host pool;sim=1.000
resource provider,pool,"embed_expand(k=5,min_cos=0.75)",seed=resource pool;sim=1.000
feature name feature_list,overview,"embed_expand(k=5,min_cos=0.75)",seed=setup overview;sim=0.998
host level,processor,"embed_expand(k=5,min_cos=0.75)",seed=host processor;sim=0.999
local host,processor,"embed_expand(k=5,min_cos=0.75)",seed=host processor;sim=0.999
processor reservation,processor,"embed_expand(k=5,min_cos=0.75)",seed=physical processor;sim=1.000
processor unit,processor,"embed_expand(k=5,min_cos=0.75)",seed=physical processor;sim=0.999
processor binding,processor,"embed_expand(k=5,min_cos=0.75)",seed=physical processor;sim=0.999
dispatch job,dispatch,"embed_expand(k=5,min_cos=0.75)",seed=job dispatch;sim=1.000
candidate host,dispatch,"embed_expand(k=5,min_cos=0.75)",seed=host dispatch;sim=0.999
good host,dispatch,"embed_expand(k=5,min_cos=0.75)",seed=host dispatch;sim=0.999
dispatch window,dispatch,"embed_expand(k=5,min_cos=0.75)",seed=order dispatch;sim=0.999
job scheduling,dispatch,"embed_expand(k=5,min_cos=0.75)",seed=job scheduling dispatch;sim=1.000
scheduling session job,dispatch,"embed_expand(k=5,min_cos=0.75)",seed=job scheduling dispatch;sim=1.000
scheduling docker job,dispatch,"embed_expand(k=5,min_cos=0.75)",seed=job scheduling dispatch;sim=1.000
queue requirement,dispatch,"embed_expand(k=5,min_cos=0.75)",seed=queue dispatch;sim=0.999
configure application,dispatch,"embed_expand(k=5,min_cos=0.75)",seed=configure dispatch;sim=0.999
option following field,feature group,"embed_expand(k=5,min_cos=0.75)",seed=option feature group;sim=0.999
lsf feature ego,package,"embed_expand(k=5,min_cos=0.75)",seed=lsf integration package;sim=0.999
lsf scheduling policy,package,"embed_expand(k=5,min_cos=0.75)",seed=lsf integration package;sim=0.999
automatic lsf startup,package,"embed_expand(k=5,min_cos=0.75)",seed=lsf integration package;sim=0.999
behavior lsf,package,"embed_expand(k=5,min_cos=0.75)",seed=lsf package;sim=0.999
aspect lsf behavior,package,"embed_expand(k=5,min_cos=0.75)",seed=lsf package;sim=0.999
csm integration,package,"embed_expand(k=5,min_cos=0.75)",seed=integration package;sim=0.999
integration,package,"embed_expand(k=5,min_cos=0.75)",seed=integration package;sim=0.999
jsdl standard schema,package,"embed_expand(k=5,min_cos=0.75)",seed=standard installer package;sim=0.999
shell script,package,"embed_expand(k=5,min_cos=0.75)",seed=installer script package;sim=0.999
plan installation,package,"embed_expand(k=5,min_cos=0.75)",seed=installation package;sim=0.999
lsf feature ego,integration package,"embed_expand(k=5,min_cos=0.75)",seed=lsf integration package;sim=0.999
lsf scheduling policy,integration package,"embed_expand(k=5,min_cos=0.75)",seed=lsf integration package;sim=0.999
automatic lsf startup,integration package,"embed_expand(k=5,min_cos=0.75)",seed=lsf integration package;sim=0.999
csm integration,integration package,"embed_expand(k=5,min_cos=0.75)",seed=csm integration package;sim=0.999
integration,integration package,"embed_expand(k=5,min_cos=0.75)",seed=csm integration package;sim=0.999
lsf instance,lsf daemon,"embed_expand(k=5,min_cos=0.75)",seed=key lsf daemon;sim=0.999
instance lsf,lsf daemon,"embed_expand(k=5,min_cos=0.75)",seed=key lsf daemon;sim=0.999
gpu resource,resource resource,"embed_expand(k=5,min_cos=0.75)",seed=global resource resource;sim=1.000
global resource,resource resource,"embed_expand(k=5,min_cos=0.75)",seed=global resource resource;sim=1.000
authentication authorization,authentication,"embed_expand(k=5,min_cos=0.75)",seed=kerberos authentication;sim=1.000
job job group,group job,"embed_expand(k=5,min_cos=0.75)",seed=job group job;sim=1.000
jg job group,group job,"embed_expand(k=5,min_cos=0.75)",seed=job group job;sim=1.000
slot job host,parallel job,"embed_expand(k=5,min_cos=0.75)",seed=host parallel job;sim=1.000
job level host,parallel job,"embed_expand(k=5,min_cos=0.75)",seed=host parallel job;sim=1.000
job submission host,parallel job,"embed_expand(k=5,min_cos=0.75)",seed=host parallel job;sim=1.000
parallel job job,parallel job,"embed_expand(k=5,min_cos=0.75)",seed=preemption parallel job;sim=1.000
feature job process,parallel job,"embed_expand(k=5,min_cos=0.75)",seed=process parallel job;sim=1.000
child job group,parallel job,"embed_expand(k=5,min_cos=0.75)",seed=process parallel job;sim=0.999
large job array,parallel job,"embed_expand(k=5,min_cos=0.75)",seed=large parallel job;sim=1.000
large job,parallel job,"embed_expand(k=5,min_cos=0.75)",seed=large parallel job;sim=1.000
linux cgroup device,cgroup,"embed_expand(k=5,min_cos=0.75)",seed=linux cgroup;sim=1.000
linux cgroup cpuset,cgroup,"embed_expand(k=5,min_cos=0.75)",seed=linux cgroup;sim=1.000
linux x,cgroup,"embed_expand(k=5,min_cos=0.75)",seed=linux cgroup;sim=0.999
linux kernel,cgroup,"embed_expand(k=5,min_cos=0.75)",seed=linux cgroup;sim=0.999
core numa node,socket,"embed_expand(k=5,min_cos=0.75)",seed=core socket;sim=0.999
distribution job,task job,"embed_expand(k=5,min_cos=0.75)",seed=requirement task job;sim=0.999
job allocation,task job,"embed_expand(k=5,min_cos=0.75)",seed=requirement task job;sim=0.999
slot job,slot,"embed_expand(k=5,min_cos=0.75)",seed=count job slot;sim=1.000
slot job,job slot,"embed_expand(k=5,min_cos=0.75)",seed=count job slot;sim=1.000
list resource provider,boolean resource,"embed_expand(k=5,min_cos=0.75)",seed=list boolean resource;sim=1.000
resource request,boolean resource,"embed_expand(k=5,min_cos=0.75)",seed=list boolean resource;sim=0.999
individual lsf host,dynamic host,"embed_expand(k=5,min_cos=0.75)",seed=lsf dynamic host;sim=1.000
valid lsf host,dynamic host,"embed_expand(k=5,min_cos=0.75)",seed=lsf dynamic host;sim=0.999
lsf host group,dynamic host,"embed_expand(k=5,min_cos=0.75)",seed=lsf dynamic host;sim=0.999
lsf client host,dynamic host,"embed_expand(k=5,min_cos=0.75)",seed=lsf dynamic host;sim=0.999
good available host,dynamic host,"embed_expand(k=5,min_cos=0.75)",seed=unavailable dynamic host;sim=0.999
performance metric,collection,"embed_expand(k=5,min_cos=0.75)",seed=performance metric collection;sim=1.000
performance,collection,"embed_expand(k=5,min_cos=0.75)",seed=performance metric collection;sim=0.999
performance scalability,collection,"embed_expand(k=5,min_cos=0.75)",seed=performance metric collection;sim=0.999
optimal performance,collection,"embed_expand(k=5,min_cos=0.75)",seed=performance metric collection;sim=0.999
datum staging,collection,"embed_expand(k=5,min_cos=0.75)",seed=datum collection;sim=1.000
datum specification,collection,"embed_expand(k=5,min_cos=0.75)",seed=datum collection;sim=1.000
resource usage job,requirement job,"embed_expand(k=5,min_cos=0.75)",seed=resource requirement job;sim=1.000
valid provider,tag,"embed_expand(k=5,min_cos=0.75)",seed=valid tag;sim=1.000
datum cache,transfer,"embed_expand(k=5,min_cos=0.75)",seed=datum transfer;sim=0.999
transfer tool,transfer,"embed_expand(k=5,min_cos=0.75)",seed=data transfer;sim=0.999
data transfer tool,transfer,"embed_expand(k=5,min_cos=0.75)",seed=data transfer;sim=0.999
launch node,transfer node,"embed_expand(k=5,min_cos=0.75)",seed=data transfer node;sim=0.999
job lsf cluster,cluster job,"embed_expand(k=5,min_cos=0.75)",seed=lsf cluster job;sim=1.000
job host lsf,cluster job,"embed_expand(k=5,min_cos=0.75)",seed=lsf cluster job;sim=0.999
job lsf system,cluster job,"embed_expand(k=5,min_cos=0.75)",seed=lsf cluster job;sim=0.999
lsf job,cluster job,"embed_expand(k=5,min_cos=0.75)",seed=lsf cluster job;sim=0.999
job cluster,cluster job,"embed_expand(k=5,min_cos=0.75)",seed=execution cluster job;sim=0.999
job control message,datum job,"embed_expand(k=5,min_cos=0.75)",seed=message datum job;sim=0.999
lsf fix pack,explorer,"embed_expand(k=5,min_cos=0.75)",seed=lsf explorer;sim=1.000
lsf leverage,explorer,"embed_expand(k=5,min_cos=0.75)",seed=lsf explorer;sim=1.000
amd gpu lsf,explorer,"embed_expand(k=5,min_cos=0.75)",seed=lsf explorer;sim=1.000
nvidia gpu lsf,explorer,"embed_expand(k=5,min_cos=0.75)",seed=lsf explorer;sim=1.000
datum staging,specification,"embed_expand(k=5,min_cos=0.75)",seed=datum specification;sim=1.000
datum collection,specification,"embed_expand(k=5,min_cos=0.75)",seed=datum specification;sim=1.000
job lost_and_found queue,transfer queue,"embed_expand(k=5,min_cos=0.75)",seed=job transfer queue;sim=1.000
job specific queue,transfer queue,"embed_expand(k=5,min_cos=0.75)",seed=job transfer queue;sim=1.000
slot job queue,transfer queue,"embed_expand(k=5,min_cos=0.75)",seed=job transfer queue;sim=1.000
job local queue,transfer queue,"embed_expand(k=5,min_cos=0.75)",seed=job transfer queue;sim=1.000
external executable,client,"embed_expand(k=5,min_cos=0.75)",seed=external client;sim=0.999
external authentication feature,client,"embed_expand(k=5,min_cos=0.75)",seed=external client;sim=0.999
external authentication behavior,client,"embed_expand(k=5,min_cos=0.75)",seed=external client;sim=0.999
feature lsf,client,"embed_expand(k=5,min_cos=0.75)",seed=lsf client;sim=0.999
power management policy,candidate,"embed_expand(k=5,min_cos=0.75)",seed=management candidate;sim=0.999
management application,candidate,"embed_expand(k=5,min_cos=0.75)",seed=management candidate;sim=0.999
policy remote cluster,candidate,"embed_expand(k=5,min_cos=0.75)",seed=management candidate;sim=0.998
single slot host,candidate,"embed_expand(k=5,min_cos=0.75)",seed=management candidate;sim=0.998
submission execution host,candidate,"embed_expand(k=5,min_cos=0.75)",seed=execution host candidate;sim=1.000
suspend unfinished job,candidate,"embed_expand(k=5,min_cos=0.75)",seed=job candidate;sim=1.000
parallel job job,candidate,"embed_expand(k=5,min_cos=0.75)",seed=job candidate;sim=0.999
lot job,container,"embed_expand(k=5,min_cos=0.75)",seed=job container;sim=1.000
multicluster job,container,"embed_expand(k=5,min_cos=0.75)",seed=job container;sim=1.000
job array element,container,"embed_expand(k=5,min_cos=0.75)",seed=job container;sim=1.000
lsf gpu support,container,"embed_expand(k=5,min_cos=0.75)",seed=lsf support container;sim=1.000
lsf family product,container,"embed_expand(k=5,min_cos=0.75)",seed=lsf support container;sim=0.998
early version lsf,container,"embed_expand(k=5,min_cos=0.75)",seed=lsf support container;sim=0.998
job plan,container,"embed_expand(k=5,min_cos=0.75)",seed=internal job container;sim=0.999
plan job,container,"embed_expand(k=5,min_cos=0.75)",seed=internal job container;sim=0.999
child job,container,"embed_expand(k=5,min_cos=0.75)",seed=internal job container;sim=0.999
external static resource,external resource,"embed_expand(k=5,min_cos=0.75)",seed=dynamic external resource;sim=1.000
dynamic resource,external resource,"embed_expand(k=5,min_cos=0.75)",seed=dynamic external resource;sim=0.999
behavior lsf,installation,"embed_expand(k=5,min_cos=0.75)",seed=lsf installation;sim=0.999
aspect lsf behavior,installation,"embed_expand(k=5,min_cos=0.75)",seed=lsf installation;sim=0.999
installation package,installation,"embed_expand(k=5,min_cos=0.75)",seed=upgrade installation;sim=0.999
processor binding,sharing,"embed_expand(k=5,min_cos=0.75)",seed=fair sharing;sim=0.998
license feature,sharing,"embed_expand(k=5,min_cos=0.75)",seed=license ownership sharing;sim=0.999
maximum resource,sharing,"embed_expand(k=5,min_cos=0.75)",seed=resource sharing;sim=0.999
unit resource,sharing,"embed_expand(k=5,min_cos=0.75)",seed=resource sharing;sim=0.999
dynamic mig scheduling,sharing,"embed_expand(k=5,min_cos=0.75)",seed=dynamic sharing;sim=0.999
calculation dynamic priority,sharing,"embed_expand(k=5,min_cos=0.75)",seed=dynamic sharing;sim=0.999
network connection,interface,"embed_expand(k=5,min_cos=0.75)",seed=efa network interface;sim=0.999
network architecture,interface,"embed_expand(k=5,min_cos=0.75)",seed=efa network interface;sim=0.999
large job,job array,"embed_expand(k=5,min_cos=0.75)",seed=large job array;sim=1.000
large parallel job,job array,"embed_expand(k=5,min_cos=0.75)",seed=large job array;sim=1.000
parallel job,job array,"embed_expand(k=5,min_cos=0.75)",seed=large job array;sim=0.999
lot job,job array,"embed_expand(k=5,min_cos=0.75)",seed=element job array;sim=1.000
job array element,job array,"embed_expand(k=5,min_cos=0.75)",seed=element job array;sim=1.000
checkpointable job,job array,"embed_expand(k=5,min_cos=0.75)",seed=element job array;sim=1.000
host statu,topology,"embed_expand(k=5,min_cos=0.75)",seed=host topology;sim=1.000
closed host,topology,"embed_expand(k=5,min_cos=0.75)",seed=host topology;sim=1.000
host alia,topology,"embed_expand(k=5,min_cos=0.75)",seed=host topology;sim=1.000
mig host,topology,"embed_expand(k=5,min_cos=0.75)",seed=host topology;sim=1.000
host power,topology,"embed_expand(k=5,min_cos=0.75)",seed=host topology;sim=1.000
compound resource requirement,expression,"embed_expand(k=5,min_cos=0.75)",seed=resource requirement expression;sim=1.000
lot job,expression,"embed_expand(k=5,min_cos=0.75)",seed=job dependency expression;sim=1.000
job array element,expression,"embed_expand(k=5,min_cos=0.75)",seed=job dependency expression;sim=1.000
checkpointable job,expression,"embed_expand(k=5,min_cos=0.75)",seed=job dependency expression;sim=1.000
time window reservation,expression,"embed_expand(k=5,min_cos=0.75)",seed=time expression;sim=1.000
time window,expression,"embed_expand(k=5,min_cos=0.75)",seed=time expression;sim=1.000
requirement,expression,"embed_expand(k=5,min_cos=0.75)",seed=requirement rusage expression;sim=1.000
stage requirement,expression,"embed_expand(k=5,min_cos=0.75)",seed=requirement rusage expression;sim=1.000
cgroup memory subsystem,notification,"embed_expand(k=5,min_cos=0.75)",seed=email notification;sim=0.998
host attribute,compute unit,"embed_expand(k=5,min_cos=0.75)",seed=host compute unit;sim=0.999
host instance,compute unit,"embed_expand(k=5,min_cos=0.75)",seed=host compute unit;sim=0.999
license token distribution,distribution policy,"embed_expand(k=5,min_cos=0.75)",seed=license distribution policy;sim=1.000
resource method reserve,distribution policy,"embed_expand(k=5,min_cos=0.75)",seed=license distribution policy;sim=0.999
license allocation,distribution policy,"embed_expand(k=5,min_cos=0.75)",seed=license distribution policy;sim=0.999
platform lsf,lsf event,"embed_expand(k=5,min_cos=0.75)",seed=job_finish2 lsf event;sim=0.999
remote cluster,execution cluster,"embed_expand(k=5,min_cos=0.75)",seed=remote execution cluster;sim=0.999
policy remote cluster,execution cluster,"embed_expand(k=5,min_cos=0.75)",seed=remote execution cluster;sim=0.999
remote cluster job,execution cluster,"embed_expand(k=5,min_cos=0.75)",seed=remote execution cluster;sim=0.999
submission cluster,execution cluster,"embed_expand(k=5,min_cos=0.75)",seed=submission execution cluster;sim=0.999
job execution host,host job,"embed_expand(k=5,min_cos=0.75)",seed=execution host job;sim=1.000
host parallel job,host job,"embed_expand(k=5,min_cos=0.75)",seed=execution host job;sim=0.999
host particular job,host job,"embed_expand(k=5,min_cos=0.75)",seed=execution host job;sim=0.999
linux arm,pam,"embed_expand(k=5,min_cos=0.75)",seed=linux pam;sim=1.000
linux ppc64le,pam,"embed_expand(k=5,min_cos=0.75)",seed=linux pam;sim=1.000
unix linux,pam,"embed_expand(k=5,min_cos=0.75)",seed=linux pam;sim=0.999
elim executable host,host group,"embed_expand(k=5,min_cos=0.75)",seed=external host group;sim=0.999
order candidate host,host group,"embed_expand(k=5,min_cos=0.75)",seed=external host group;sim=0.999
dynamic host host,host group,"embed_expand(k=5,min_cos=0.75)",seed=host host group;sim=0.999
unavailable host,host group,"embed_expand(k=5,min_cos=0.75)",seed=host host group;sim=0.999
management host,host group,"embed_expand(k=5,min_cos=0.75)",seed=host host group;sim=0.999
powerful management host,host group,"embed_expand(k=5,min_cos=0.75)",seed=host host group;sim=0.999
individual lsf host,host group,"embed_expand(k=5,min_cos=0.75)",seed=lsf host group;sim=1.000
valid lsf host,host group,"embed_expand(k=5,min_cos=0.75)",seed=lsf host group;sim=1.000
lsf client host,host group,"embed_expand(k=5,min_cos=0.75)",seed=lsf host group;sim=1.000
lsf dynamic host,host group,"embed_expand(k=5,min_cos=0.75)",seed=lsf host group;sim=0.999
external resource,static resource,"embed_expand(k=5,min_cos=0.75)",seed=external static resource;sim=1.000
dynamic external resource,static resource,"embed_expand(k=5,min_cos=0.75)",seed=external static resource;sim=1.000
job scheduling dispatch,scheduling policy,"embed_expand(k=5,min_cos=0.75)",seed=job scheduling policy;sim=1.000
job scheduling,scheduling policy,"embed_expand(k=5,min_cos=0.75)",seed=job scheduling policy;sim=1.000
scheduling session job,scheduling policy,"embed_expand(k=5,min_cos=0.75)",seed=job scheduling policy;sim=1.000
scheduling feature,scheduling policy,"embed_expand(k=5,min_cos=0.75)",seed=fcfs scheduling policy;sim=1.000
configure lsf startup,scheduling policy,"embed_expand(k=5,min_cos=0.75)",seed=lsf scheduling policy;sim=0.999
lsf integration package,scheduling policy,"embed_expand(k=5,min_cos=0.75)",seed=lsf scheduling policy;sim=0.999
parallel job lsf,job process,"embed_expand(k=5,min_cos=0.75)",seed=lsf job process;sim=0.999
job submission lsf,job process,"embed_expand(k=5,min_cos=0.75)",seed=lsf job process;sim=0.999
process parallel job,job process,"embed_expand(k=5,min_cos=0.75)",seed=feature job process;sim=1.000
field name order,feature_list,"embed_expand(k=5,min_cos=0.75)",seed=feature name feature_list;sim=0.999
scheduling feature,feature_list,"embed_expand(k=5,min_cos=0.75)",seed=feature name feature_list;sim=0.999
remote job,result,"embed_expand(k=5,min_cos=0.75)",seed=remote job result;sim=1.000
result job,result,"embed_expand(k=5,min_cos=0.75)",seed=remote job result;sim=0.999
time job submission,result,"embed_expand(k=5,min_cos=0.75)",seed=remote job result;sim=0.999
type host,model,"embed_expand(k=5,min_cos=0.75)",seed=host model;sim=0.999
type job,model,"embed_expand(k=5,min_cos=0.75)",seed=job forwarding model;sim=0.999
job submission host,model,"embed_expand(k=5,min_cos=0.75)",seed=job forwarding model;sim=0.998
job level host,model,"embed_expand(k=5,min_cos=0.75)",seed=job forwarding model;sim=0.998
host management host,model,"embed_expand(k=5,min_cos=0.75)",seed=host host model;sim=0.999
parameter feature section,parameter section,"embed_expand(k=5,min_cos=0.75)",seed=parameter parameter section;sim=0.999
resource management allocation,resource allocation,"embed_expand(k=5,min_cos=0.75)",seed=job resource allocation;sim=0.998
resource method reserve,resource allocation,"embed_expand(k=5,min_cos=0.75)",seed=job resource allocation;sim=0.998
license allocation,resource allocation,"embed_expand(k=5,min_cos=0.75)",seed=global resource allocation;sim=0.998
array job,flow,"embed_expand(k=5,min_cos=0.75)",seed=job flow;sim=1.000
job array,flow,"embed_expand(k=5,min_cos=0.75)",seed=job flow;sim=1.000
applicable job,flow,"embed_expand(k=5,min_cos=0.75)",seed=job flow;sim=1.000
linux cgroup,device,"embed_expand(k=5,min_cos=0.75)",seed=linux cgroup device;sim=1.000
linux cgroup cpuset,device,"embed_expand(k=5,min_cos=0.75)",seed=linux cgroup device;sim=1.000
linux x,device,"embed_expand(k=5,min_cos=0.75)",seed=linux cgroup device;sim=0.999
linux kernel,device,"embed_expand(k=5,min_cos=0.75)",seed=linux cgroup device;sim=0.999
lot job,device,"embed_expand(k=5,min_cos=0.75)",seed=gpu job device;sim=1.000
job array element,device,"embed_expand(k=5,min_cos=0.75)",seed=gpu job device;sim=1.000
checkpointable job,device,"embed_expand(k=5,min_cos=0.75)",seed=gpu job device;sim=1.000
query,syntax,"embed_expand(k=5,min_cos=0.75)",seed=query syntax;sim=1.000
data size query,syntax,"embed_expand(k=5,min_cos=0.75)",seed=query syntax;sim=0.999
virtual machine instance,machine,"embed_expand(k=5,min_cos=0.75)",seed=virtual machine;sim=0.999
datum source location,machine,"embed_expand(k=5,min_cos=0.75)",seed=virtual machine;sim=0.998
host group,group member,"embed_expand(k=5,min_cos=0.75)",seed=host group member;sim=1.000
group host,group member,"embed_expand(k=5,min_cos=0.75)",seed=host group member;sim=1.000
good host,group member,"embed_expand(k=5,min_cos=0.75)",seed=host group member;sim=0.999
group,group member,"embed_expand(k=5,min_cos=0.75)",seed=hierarchical group member;sim=1.000
group subject sla,group member,"embed_expand(k=5,min_cos=0.75)",seed=hierarchical group member;sim=1.000
project group,group member,"embed_expand(k=5,min_cos=0.75)",seed=hierarchical group member;sim=1.000
group project,group member,"embed_expand(k=5,min_cos=0.75)",seed=hierarchical group member;sim=1.000
fair share group,group member,"embed_expand(k=5,min_cos=0.75)",seed=share group member;sim=1.000
fair share policy,group member,"embed_expand(k=5,min_cos=0.75)",seed=share group member;sim=0.999
resource plan,availability,"embed_expand(k=5,min_cos=0.75)",seed=resource availability;sim=1.000
virtual machine instance,availability,"embed_expand(k=5,min_cos=0.75)",seed=high availability;sim=0.998
demand instance,availability,"embed_expand(k=5,min_cos=0.75)",seed=high availability;sim=0.998
unit output specific,format,"embed_expand(k=5,min_cos=0.75)",seed=output default format;sim=0.999
output specific field,format,"embed_expand(k=5,min_cos=0.75)",seed=output default format;sim=0.999
host order,format,"embed_expand(k=5,min_cos=0.75)",seed=host format;sim=0.999
output field,format,"embed_expand(k=5,min_cos=0.75)",seed=output json format;sim=0.999
task remote host,group host,"embed_expand(k=5,min_cos=0.75)",seed=task group host;sim=1.000
task multiple host,group host,"embed_expand(k=5,min_cos=0.75)",seed=task group host;sim=0.999
task host sequence,group host,"embed_expand(k=5,min_cos=0.75)",seed=task group host;sim=0.999
task execution host,group host,"embed_expand(k=5,min_cos=0.75)",seed=task group host;sim=0.999
host management host,host model,"embed_expand(k=5,min_cos=0.75)",seed=host host model;sim=0.999
type host,host model,"embed_expand(k=5,min_cos=0.75)",seed=host host model;sim=0.999
host partition host,partition,"embed_expand(k=5,min_cos=0.75)",seed=host host partition;sim=1.000
host queue,queue cluster,"embed_expand(k=5,min_cos=0.75)",seed=host queue cluster;sim=0.999
performance metric,r,"embed_expand(k=5,min_cos=0.75)",seed=mxj r;sim=0.998
performance metric collection,r,"embed_expand(k=5,min_cos=0.75)",seed=mxj r;sim=0.998
resource cluster,resource usage,"embed_expand(k=5,min_cos=0.75)",seed=lsf resource usage;sim=0.998
instance,aws,"embed_expand(k=5,min_cos=0.75)",seed=instance aws;sim=1.000
aw ec2 instance,aws,"embed_expand(k=5,min_cos=0.75)",seed=instance aws;sim=1.000
instance template,aws,"embed_expand(k=5,min_cos=0.75)",seed=instance aws;sim=1.000
lsf sure cluster,configuration,"embed_expand(k=5,min_cos=0.75)",seed=lsf cluster configuration;sim=0.999
lsf scheduling policy,configuration,"embed_expand(k=5,min_cos=0.75)",seed=update lsf configuration;sim=0.999
record lsf version,configuration,"embed_expand(k=5,min_cos=0.75)",seed=update lsf configuration;sim=0.999
configure lsf startup,configuration,"embed_expand(k=5,min_cos=0.75)",seed=update lsf configuration;sim=0.999
lsf performance,configuration,"embed_expand(k=5,min_cos=0.75)",seed=lsf configuration;sim=0.999
performance lsf,configuration,"embed_expand(k=5,min_cos=0.75)",seed=lsf configuration;sim=0.999
lsf scheduling policy,lsf configuration,"embed_expand(k=5,min_cos=0.75)",seed=update lsf configuration;sim=0.999
record lsf version,lsf configuration,"embed_expand(k=5,min_cos=0.75)",seed=update lsf configuration;sim=0.999
configure lsf startup,lsf configuration,"embed_expand(k=5,min_cos=0.75)",seed=update lsf configuration;sim=0.999
batch interactive job,batch job,"embed_expand(k=5,min_cos=0.75)",seed=single batch job;sim=0.999
job plan,job container,"embed_expand(k=5,min_cos=0.75)",seed=internal job container;sim=0.999
plan job,job container,"embed_expand(k=5,min_cos=0.75)",seed=internal job container;sim=0.999
child job,job container,"embed_expand(k=5,min_cos=0.75)",seed=internal job container;sim=0.999
resource pool,backfill,"embed_expand(k=5,min_cos=0.75)",seed=resource reservation backfill;sim=1.000
compound resource,backfill,"embed_expand(k=5,min_cos=0.75)",seed=resource reservation backfill;sim=1.000
alternative resource,backfill,"embed_expand(k=5,min_cos=0.75)",seed=resource reservation backfill;sim=1.000
boolean resource,backfill,"embed_expand(k=5,min_cos=0.75)",seed=resource reservation backfill;sim=1.000
queue queue,backfill queue,"embed_expand(k=5,min_cos=0.75)",seed=interruptible backfill queue;sim=1.000
original queue,backfill queue,"embed_expand(k=5,min_cos=0.75)",seed=interruptible backfill queue;sim=1.000
queue job,backfill queue,"embed_expand(k=5,min_cos=0.75)",seed=job backfill queue;sim=1.000
job queue,backfill queue,"embed_expand(k=5,min_cos=0.75)",seed=job backfill queue;sim=1.000
job aps queue,backfill queue,"embed_expand(k=5,min_cos=0.75)",seed=job backfill queue;sim=1.000
chunk job queue,backfill queue,"embed_expand(k=5,min_cos=0.75)",seed=job backfill queue;sim=1.000
job specified queue,backfill queue,"embed_expand(k=5,min_cos=0.75)",seed=job backfill queue;sim=1.000
order candidate host,client host,"embed_expand(k=5,min_cos=0.75)",seed=ipv6 client host;sim=0.999
valid lsf host,client host,"embed_expand(k=5,min_cos=0.75)",seed=lsf client host;sim=1.000
individual lsf host,client host,"embed_expand(k=5,min_cos=0.75)",seed=lsf client host;sim=1.000
lsf host group,client host,"embed_expand(k=5,min_cos=0.75)",seed=lsf client host;sim=1.000
environment job,execution environment,"embed_expand(k=5,min_cos=0.75)",seed=job execution environment;sim=1.000
job scheduling execution,execution environment,"embed_expand(k=5,min_cos=0.75)",seed=job execution environment;sim=0.999
level job group,group hierarchy,"embed_expand(k=5,min_cos=0.75)",seed=job group hierarchy;sim=1.000
result job,criterion,"embed_expand(k=5,min_cos=0.75)",seed=job important criterion;sim=0.999
job submission execution,criterion,"embed_expand(k=5,min_cos=0.75)",seed=job important criterion;sim=0.999
detailed information job,information cache,"embed_expand(k=5,min_cos=0.75)",seed=job information cache;sim=1.000
job scheduling policy,site,"embed_expand(k=5,min_cos=0.75)",seed=job requirement site;sim=0.999
requirement job,site,"embed_expand(k=5,min_cos=0.75)",seed=job requirement site;sim=0.999
security requirement,site,"embed_expand(k=5,min_cos=0.75)",seed=requirement site;sim=0.999
level requirement,site,"embed_expand(k=5,min_cos=0.75)",seed=requirement site;sim=0.999
pe network requirement,site,"embed_expand(k=5,min_cos=0.75)",seed=requirement site;sim=0.999
requirement,site,"embed_expand(k=5,min_cos=0.75)",seed=requirement site;sim=0.999
license distribution policy,reserve,"embed_expand(k=5,min_cos=0.75)",seed=resource method reserve;sim=0.999
license token distribution,reserve,"embed_expand(k=5,min_cos=0.75)",seed=resource method reserve;sim=0.999
resource allocation,reserve,"embed_expand(k=5,min_cos=0.75)",seed=resource method reserve;sim=0.999
current service,service class,"embed_expand(k=5,min_cos=0.75)",seed=property service class;sim=0.999
local helper service,service class,"embed_expand(k=5,min_cos=0.75)",seed=property service class;sim=0.999
service class job,service class,"embed_expand(k=5,min_cos=0.75)",seed=job service class;sim=1.000
service,class,"embed_expand(k=5,min_cos=0.75)",seed=service class;sim=1.000
lsreghost window service,class,"embed_expand(k=5,min_cos=0.75)",seed=service class;sim=1.000
service class parenthesi,class,"embed_expand(k=5,min_cos=0.75)",seed=service class;sim=1.000
current service,class,"embed_expand(k=5,min_cos=0.75)",seed=property service class;sim=0.999
local helper service,class,"embed_expand(k=5,min_cos=0.75)",seed=property service class;sim=0.999
log message,class,"embed_expand(k=5,min_cos=0.75)",seed=log class;sim=0.999
service class job,class,"embed_expand(k=5,min_cos=0.75)",seed=job service class;sim=1.000
linux x,session,"embed_expand(k=5,min_cos=0.75)",seed=x session;sim=0.998
sh ksh bash,session,"embed_expand(k=5,min_cos=0.75)",seed=x session;sim=0.998
fcfs scheduling policy,session,"embed_expand(k=5,min_cos=0.75)",seed=long scheduling session;sim=0.999
scheduling feature,session,"embed_expand(k=5,min_cos=0.75)",seed=long scheduling session;sim=0.999
lot job,session,"embed_expand(k=5,min_cos=0.75)",seed=job session;sim=1.000
multicluster job,session,"embed_expand(k=5,min_cos=0.75)",seed=job session;sim=1.000
gpu job,session,"embed_expand(k=5,min_cos=0.75)",seed=job session;sim=1.000
parallel job job,slot job,"embed_expand(k=5,min_cos=0.75)",seed=job slot job;sim=1.000
parent child set,parent,"embed_expand(k=5,min_cos=0.75)",seed=jobid parent;sim=0.999
json list,object,"embed_expand(k=5,min_cos=0.75)",seed=template list object;sim=1.000
fair share,assignment,"embed_expand(k=5,min_cos=0.75)",seed=share assignment;sim=1.000
share,assignment,"embed_expand(k=5,min_cos=0.75)",seed=share assignment;sim=1.000
hierarchical fair share,assignment,"embed_expand(k=5,min_cos=0.75)",seed=share assignment;sim=1.000
remote license,license server,"embed_expand(k=5,min_cos=0.75)",seed=remote license server;sim=0.999
remote server,license server,"embed_expand(k=5,min_cos=0.75)",seed=remote license server;sim=0.999
software license,license server,"embed_expand(k=5,min_cos=0.75)",seed=license license server;sim=0.999
management host instance,local host,"embed_expand(k=5,min_cos=0.75)",seed=lim local host;sim=0.999
node,compute node,"embed_expand(k=5,min_cos=0.75)",seed=window compute node;sim=1.000
o node,compute node,"embed_expand(k=5,min_cos=0.75)",seed=window compute node;sim=1.000
linux x,kernel,"embed_expand(k=5,min_cos=0.75)",seed=linux kernel;sim=0.999
early version lsf,edition,"embed_expand(k=5,min_cos=0.75)",seed=lsf standard edition;sim=1.000
future version lsf,edition,"embed_expand(k=5,min_cos=0.75)",seed=lsf standard edition;sim=1.000
lsf performance,product,"embed_expand(k=5,min_cos=0.75)",seed=lsf family product;sim=1.000
performance lsf,product,"embed_expand(k=5,min_cos=0.75)",seed=lsf family product;sim=1.000
early version lsf,product,"embed_expand(k=5,min_cos=0.75)",seed=lsf family product;sim=1.000
priority job,gpu job,"embed_expand(k=5,min_cos=0.75)",seed=priority gpu job;sim=1.000
high priority job,gpu job,"embed_expand(k=5,min_cos=0.75)",seed=priority gpu job;sim=1.000
service,window service,"embed_expand(k=5,min_cos=0.75)",seed=tsjobhelper window service;sim=1.000
service class,window service,"embed_expand(k=5,min_cos=0.75)",seed=tsjobhelper window service;sim=1.000
service class parenthesi,window service,"embed_expand(k=5,min_cos=0.75)",seed=tsjobhelper window service;sim=1.000
key lsf daemon,batch daemon,"embed_expand(k=5,min_cos=0.75)",seed=server batch daemon;sim=0.998
batch server host,batch daemon,"embed_expand(k=5,min_cos=0.75)",seed=server batch daemon;sim=0.998
daemon change effect,batch daemon,"embed_expand(k=5,min_cos=0.75)",seed=server batch daemon;sim=0.998
management host instance,candidate host,"embed_expand(k=5,min_cos=0.75)",seed=management candidate host;sim=1.000
ipv6 client host,candidate host,"embed_expand(k=5,min_cos=0.75)",seed=order candidate host;sim=0.999
job submission request,job submission,"embed_expand(k=5,min_cos=0.75)",seed=time job submission;sim=1.000
job scheduling,docker job,"embed_expand(k=5,min_cos=0.75)",seed=scheduling docker job;sim=1.000
scheduling session job,docker job,"embed_expand(k=5,min_cos=0.75)",seed=scheduling docker job;sim=1.000
job dependency scheduling,docker job,"embed_expand(k=5,min_cos=0.75)",seed=scheduling docker job;sim=1.000
lot job,docker job,"embed_expand(k=5,min_cos=0.75)",seed=nvidia docker job;sim=1.000
multicluster job,docker job,"embed_expand(k=5,min_cos=0.75)",seed=nvidia docker job;sim=1.000
job array element,docker job,"embed_expand(k=5,min_cos=0.75)",seed=nvidia docker job;sim=1.000
platform lsf,system lsf,"embed_expand(k=5,min_cos=0.75)",seed=operating system lsf;sim=0.999
unit output specific,table,"embed_expand(k=5,min_cos=0.75)",seed=output table;sim=0.999
output json format,table,"embed_expand(k=5,min_cos=0.75)",seed=output table;sim=0.999
jobid parent,set,"embed_expand(k=5,min_cos=0.75)",seed=parent child set;sim=0.999
option feature group,set,"embed_expand(k=5,min_cos=0.75)",seed=parent child set;sim=0.999
mbatchd daemon startup,mbatchd daemon,"embed_expand(k=5,min_cos=0.75)",seed=workload mbatchd daemon;sim=1.000
performance metric collection,metric,"embed_expand(k=5,min_cos=0.75)",seed=performance metric;sim=1.000
performance,metric,"embed_expand(k=5,min_cos=0.75)",seed=performance metric;sim=0.999
performance scalability,metric,"embed_expand(k=5,min_cos=0.75)",seed=performance metric;sim=0.999
optimal performance,metric,"embed_expand(k=5,min_cos=0.75)",seed=performance metric;sim=0.999
execution domain,execution processing,"embed_expand(k=5,min_cos=0.75)",seed=pre execution processing;sim=0.999
queue policy,signal,"embed_expand(k=5,min_cos=0.75)",seed=queue signal;sim=0.999
server,shared resource,hearst,"For example, in a cluster in which each host
has a local disk but can also access a disk on a ﬁle server, the disk on the ﬁle server is a shared resource, and the local disk is a host-based resource."
